kind,path,dataset,method,budget,seed,backend,gain_rank_correlation,root_agreement,top5_overlap,train_seconds
split_fidelity,adult\distribution_matching\budget_10\seed_0\split_fidelity.json,adult,distribution_matching,budget_10,seed_0,xgboost,0.34012468517507044,0.0,0.2,0.023429200000464334
split_fidelity,adult\distribution_matching\budget_10\seed_1\split_fidelity.json,adult,distribution_matching,budget_10,seed_1,xgboost,0.2878552772865146,0.0,0.0,0.027578499999435735
split_fidelity,adult\distribution_matching\budget_10\seed_2\split_fidelity.json,adult,distribution_matching,budget_10,seed_2,xgboost,0.0762700382876571,0.0,0.0,0.02473199999985809
split_fidelity,adult\distribution_matching\budget_100\seed_0\split_fidelity.json,adult,distribution_matching,budget_100,seed_0,xgboost,0.297520186947965,0.0,0.2,0.03156519999993179
split_fidelity,adult\distribution_matching\budget_100\seed_1\split_fidelity.json,adult,distribution_matching,budget_100,seed_1,xgboost,0.33912812241066864,0.0,0.0,0.032373699999880046
split_fidelity,adult\distribution_matching\budget_100\seed_2\split_fidelity.json,adult,distribution_matching,budget_100,seed_2,xgboost,0.3867600220184377,0.0,0.2,0.035265099999378435
split_fidelity,adult\distribution_matching\budget_25\seed_0\split_fidelity.json,adult,distribution_matching,budget_25,seed_0,xgboost,0.35470933256852527,0.0,0.0,0.027626900000541355
split_fidelity,adult\distribution_matching\budget_25\seed_1\split_fidelity.json,adult,distribution_matching,budget_25,seed_1,xgboost,0.06032765886452394,0.0,0.2,0.02703529999962484
split_fidelity,adult\distribution_matching\budget_25\seed_2\split_fidelity.json,adult,distribution_matching,budget_25,seed_2,xgboost,0.2197684529552611,0.0,0.0,0.028690300000562274
split_fidelity,adult\distribution_matching\budget_50\seed_0\split_fidelity.json,adult,distribution_matching,budget_50,seed_0,xgboost,0.21373330361906448,0.0,0.0,0.03009120000024268
split_fidelity,adult\distribution_matching\budget_50\seed_1\split_fidelity.json,adult,distribution_matching,budget_50,seed_1,xgboost,0.4367056903477087,0.0,0.2,0.029644100000041362
split_fidelity,adult\distribution_matching\budget_50\seed_2\split_fidelity.json,adult,distribution_matching,budget_50,seed_2,xgboost,0.19366335441071478,0.0,0.0,0.02746119999937946
split_fidelity,adult\full_data\budget_10\seed_0\split_fidelity.json,adult,full_data,budget_10,seed_0,xgboost,0.9999999999999999,1.0,1.0,0.23761749999994208
split_fidelity,adult\full_data\budget_10\seed_1\split_fidelity.json,adult,full_data,budget_10,seed_1,xgboost,0.9282003710575139,0.0,0.2,0.23110329999963142
split_fidelity,adult\full_data\budget_10\seed_2\split_fidelity.json,adult,full_data,budget_10,seed_2,xgboost,0.9659862824884817,0.0,0.2,0.22005179999996471
split_fidelity,adult\full_data\budget_100\seed_0\split_fidelity.json,adult,full_data,budget_100,seed_0,xgboost,0.9999999999999999,1.0,1.0,0.21248990000003687
split_fidelity,adult\full_data\budget_100\seed_1\split_fidelity.json,adult,full_data,budget_100,seed_1,xgboost,0.9282003710575139,0.0,0.2,0.22357730000021547
split_fidelity,adult\full_data\budget_100\seed_2\split_fidelity.json,adult,full_data,budget_100,seed_2,xgboost,0.9659862824884817,0.0,0.2,0.22265840000000026
split_fidelity,adult\full_data\budget_25\seed_0\split_fidelity.json,adult,full_data,budget_25,seed_0,xgboost,0.9999999999999999,1.0,1.0,0.23152789999949164
split_fidelity,adult\full_data\budget_25\seed_1\split_fidelity.json,adult,full_data,budget_25,seed_1,xgboost,0.9282003710575139,0.0,0.2,0.23099420000016835
split_fidelity,adult\full_data\budget_25\seed_2\split_fidelity.json,adult,full_data,budget_25,seed_2,xgboost,0.9659862824884817,0.0,0.2,0.23699589999978343
split_fidelity,adult\full_data\budget_50\seed_0\split_fidelity.json,adult,full_data,budget_50,seed_0,xgboost,0.9999999999999999,1.0,1.0,0.24052070000016101
split_fidelity,adult\full_data\budget_50\seed_1\split_fidelity.json,adult,full_data,budget_50,seed_1,xgboost,0.9282003710575139,0.0,0.2,0.23826180000014574
split_fidelity,adult\full_data\budget_50\seed_2\split_fidelity.json,adult,full_data,budget_50,seed_2,xgboost,0.9659862824884817,0.0,0.2,0.24034089999986463
split_fidelity,adult\gaindistill\budget_10\seed_0\split_fidelity.json,adult,gaindistill,budget_10,seed_0,xgboost,-0.263718842451914,1.0,0.2,0.01922149999973044
split_fidelity,adult\gaindistill\budget_10\seed_1\split_fidelity.json,adult,gaindistill,budget_10,seed_1,xgboost,-0.09353799154874214,0.0,0.0,0.021212199999354198
split_fidelity,adult\gaindistill\budget_10\seed_2\split_fidelity.json,adult,gaindistill,budget_10,seed_2,xgboost,0.022660173401580223,0.0,0.0,0.0225244000002931
split_fidelity,adult\gaindistill\budget_100\seed_0\split_fidelity.json,adult,gaindistill,budget_100,seed_0,xgboost,0.15990285835594026,1.0,0.2,0.027152399999977206
split_fidelity,adult\gaindistill\budget_100\seed_1\split_fidelity.json,adult,gaindistill,budget_100,seed_1,xgboost,-0.03635545493624933,0.0,0.2,0.03000490000067657
split_fidelity,adult\gaindistill\budget_100\seed_2\split_fidelity.json,adult,gaindistill,budget_100,seed_2,xgboost,-0.31106889024151396,0.0,0.4,0.03102149999995163
split_fidelity,adult\gaindistill\budget_25\seed_0\split_fidelity.json,adult,gaindistill,budget_25,seed_0,xgboost,0.10469390538066296,1.0,0.2,0.026949600000079954
split_fidelity,adult\gaindistill\budget_25\seed_1\split_fidelity.json,adult,gaindistill,budget_25,seed_1,xgboost,-0.1598043759097142,0.0,0.2,0.030498500000248896
split_fidelity,adult\gaindistill\budget_25\seed_2\split_fidelity.json,adult,gaindistill,budget_25,seed_2,xgboost,0.28877414571650756,0.0,0.2,0.024232499999925494
split_fidelity,adult\gaindistill\budget_50\seed_0\split_fidelity.json,adult,gaindistill,budget_50,seed_0,xgboost,-0.17462986665628277,1.0,0.2,0.03377219999947556
split_fidelity,adult\gaindistill\budget_50\seed_1\split_fidelity.json,adult,gaindistill,budget_50,seed_1,xgboost,0.34932249125855747,0.0,0.0,0.03573380000034376
split_fidelity,adult\gaindistill\budget_50\seed_2\split_fidelity.json,adult,gaindistill,budget_50,seed_2,xgboost,-0.2897610703166235,0.0,0.0,0.027094099999885657
split_fidelity,adult\gaindistill_anchor\budget_25\seed_0\split_fidelity.json,adult,gaindistill_anchor,budget_25,seed_0,xgboost,0.41099732563313196,0.0,0.4,0.025041099997906713
split_fidelity,adult\gaindistill_anchor\budget_25\seed_1\split_fidelity.json,adult,gaindistill_anchor,budget_25,seed_1,xgboost,0.2302099231493059,0.0,0.0,0.023743900001136353
split_fidelity,adult\gaindistill_anchor\budget_25\seed_2\split_fidelity.json,adult,gaindistill_anchor,budget_25,seed_2,xgboost,0.3121592633306144,0.0,0.0,0.01828630000090925
split_fidelity,adult\gaindistill_anchor\budget_50\seed_0\split_fidelity.json,adult,gaindistill_anchor,budget_50,seed_0,xgboost,0.31731293914591446,0.0,0.0,0.025132099999609636
split_fidelity,adult\gaindistill_anchor\budget_50\seed_1\split_fidelity.json,adult,gaindistill_anchor,budget_50,seed_1,xgboost,0.2012778252738801,0.0,0.2,0.020538400000077672
split_fidelity,adult\gaindistill_anchor\budget_50\seed_2\split_fidelity.json,adult,gaindistill_anchor,budget_50,seed_2,xgboost,0.24479435453962453,0.0,0.2,0.01894700000048033
split_fidelity,adult\gaindistill_full\budget_25\seed_0\split_fidelity.json,adult,gaindistill_full,budget_25,seed_0,xgboost,0.41099732563313196,0.0,0.4,0.02963369999997667
split_fidelity,adult\gaindistill_full\budget_25\seed_1\split_fidelity.json,adult,gaindistill_full,budget_25,seed_1,xgboost,0.2302099231493059,0.0,0.0,0.027879100000063772
split_fidelity,adult\gaindistill_full\budget_25\seed_2\split_fidelity.json,adult,gaindistill_full,budget_25,seed_2,xgboost,0.3121592633306144,0.0,0.0,0.027498200000991346
split_fidelity,adult\gaindistill_full\budget_50\seed_0\split_fidelity.json,adult,gaindistill_full,budget_50,seed_0,xgboost,0.31731293914591446,0.0,0.0,0.028074500000002445
split_fidelity,adult\gaindistill_full\budget_50\seed_1\split_fidelity.json,adult,gaindistill_full,budget_50,seed_1,xgboost,0.2012778252738801,0.0,0.2,0.028866299999208422
split_fidelity,adult\gaindistill_full\budget_50\seed_2\split_fidelity.json,adult,gaindistill_full,budget_50,seed_2,xgboost,0.24479435453962453,0.0,0.2,0.026536299999861512
split_fidelity,adult\gaindistill_hybrid\budget_10\seed_0\split_fidelity.json,adult,gaindistill_hybrid,budget_10,seed_0,xgboost,0.3279250721249386,0.0,0.0,0.037575799999103765
split_fidelity,adult\gaindistill_hybrid\budget_10\seed_1\split_fidelity.json,adult,gaindistill_hybrid,budget_10,seed_1,xgboost,0.31533480229442845,0.0,0.0,0.03737890000047628
split_fidelity,adult\gaindistill_hybrid\budget_10\seed_2\split_fidelity.json,adult,gaindistill_hybrid,budget_10,seed_2,xgboost,0.2107111203008409,0.0,0.2,0.05841350000082457
split_fidelity,adult\gaindistill_hybrid\budget_100\seed_0\split_fidelity.json,adult,gaindistill_hybrid,budget_100,seed_0,xgboost,0.2560855871572462,0.0,0.2,0.05926329999965674
split_fidelity,adult\gaindistill_hybrid\budget_100\seed_1\split_fidelity.json,adult,gaindistill_hybrid,budget_100,seed_1,xgboost,0.48550852360026764,1.0,0.2,0.0623314999993454
split_fidelity,adult\gaindistill_hybrid\budget_100\seed_2\split_fidelity.json,adult,gaindistill_hybrid,budget_100,seed_2,xgboost,0.5352249576107674,0.0,0.4,0.06071390000033716
split_fidelity,adult\gaindistill_hybrid\budget_25\seed_0\split_fidelity.json,adult,gaindistill_hybrid,budget_25,seed_0,xgboost,0.08985067412645163,0.0,0.0,0.0722319000014977
split_fidelity,adult\gaindistill_hybrid\budget_25\seed_1\split_fidelity.json,adult,gaindistill_hybrid,budget_25,seed_1,xgboost,0.3259057233804611,0.0,0.0,0.04463039999973262
split_fidelity,adult\gaindistill_hybrid\budget_25\seed_2\split_fidelity.json,adult,gaindistill_hybrid,budget_25,seed_2,xgboost,0.17964052135816175,0.0,0.2,0.057759200000873534
split_fidelity,adult\gaindistill_hybrid\budget_50\seed_0\split_fidelity.json,adult,gaindistill_hybrid,budget_50,seed_0,xgboost,0.2255404203786126,0.0,0.0,0.07828449999942677
split_fidelity,adult\gaindistill_hybrid\budget_50\seed_1\split_fidelity.json,adult,gaindistill_hybrid,budget_50,seed_1,xgboost,0.47269601359229335,0.0,0.4,0.089737199999945
split_fidelity,adult\gaindistill_hybrid\budget_50\seed_2\split_fidelity.json,adult,gaindistill_hybrid,budget_50,seed_2,xgboost,0.4380901650731351,0.0,0.2,0.05658439999933762
split_fidelity,adult\gaindistill_path_hybrid\budget_10\seed_0\split_fidelity.json,adult,gaindistill_path_hybrid,budget_10,seed_0,xgboost,0.314257465775679,0.0,0.0,0.033368200000040815
split_fidelity,adult\gaindistill_path_hybrid\budget_10\seed_1\split_fidelity.json,adult,gaindistill_path_hybrid,budget_10,seed_1,xgboost,0.27917944043075094,0.0,0.2,0.02462030000060622
split_fidelity,adult\gaindistill_path_hybrid\budget_10\seed_2\split_fidelity.json,adult,gaindistill_path_hybrid,budget_10,seed_2,xgboost,0.15507070167214732,0.0,0.0,0.028445300000385032
split_fidelity,adult\gaindistill_path_hybrid\budget_100\seed_0\split_fidelity.json,adult,gaindistill_path_hybrid,budget_100,seed_0,xgboost,0.3759587368658533,0.0,0.2,0.04281690000061644
split_fidelity,adult\gaindistill_path_hybrid\budget_100\seed_1\split_fidelity.json,adult,gaindistill_path_hybrid,budget_100,seed_1,xgboost,0.5009910358435696,0.0,0.0,0.0395117999996728
split_fidelity,adult\gaindistill_path_hybrid\budget_100\seed_2\split_fidelity.json,adult,gaindistill_path_hybrid,budget_100,seed_2,xgboost,0.5371799166720655,0.0,0.4,0.04685989999961748
split_fidelity,adult\gaindistill_path_hybrid\budget_25\seed_0\split_fidelity.json,adult,gaindistill_path_hybrid,budget_25,seed_0,xgboost,0.34236273438041276,0.0,0.0,0.03216380000048957
split_fidelity,adult\gaindistill_path_hybrid\budget_25\seed_1\split_fidelity.json,adult,gaindistill_path_hybrid,budget_25,seed_1,xgboost,0.4964052583509893,0.0,0.2,0.03137889999925392
split_fidelity,adult\gaindistill_path_hybrid\budget_25\seed_2\split_fidelity.json,adult,gaindistill_path_hybrid,budget_25,seed_2,xgboost,0.22272135700524426,0.0,0.0,0.03015400000003865
split_fidelity,adult\gaindistill_path_hybrid\budget_50\seed_0\split_fidelity.json,adult,gaindistill_path_hybrid,budget_50,seed_0,xgboost,0.26461709137509365,0.0,0.0,0.10330509999948845
split_fidelity,adult\gaindistill_path_hybrid\budget_50\seed_1\split_fidelity.json,adult,gaindistill_path_hybrid,budget_50,seed_1,xgboost,0.409887568214015,0.0,0.0,0.04097440000077768
split_fidelity,adult\gaindistill_path_hybrid\budget_50\seed_2\split_fidelity.json,adult,gaindistill_path_hybrid,budget_50,seed_2,xgboost,0.3689676002697299,0.0,0.2,0.04500060000100348
split_fidelity,adult\gain_herding\budget_10\seed_0\split_fidelity.json,adult,gain_herding,budget_10,seed_0,xgboost,0.3613204879203381,0.0,0.2,0.030827300000964897
split_fidelity,adult\gain_herding\budget_10\seed_1\split_fidelity.json,adult,gain_herding,budget_10,seed_1,xgboost,0.31853719324255,0.0,0.0,0.02498389999891515
split_fidelity,adult\gain_herding\budget_10\seed_2\split_fidelity.json,adult,gain_herding,budget_10,seed_2,xgboost,0.3586260081286404,0.0,0.0,0.02585480000198004
split_fidelity,adult\gain_herding\budget_100\seed_0\split_fidelity.json,adult,gain_herding,budget_100,seed_0,xgboost,0.4237412248489276,0.0,0.0,0.0362795000000915
split_fidelity,adult\gain_herding\budget_100\seed_1\split_fidelity.json,adult,gain_herding,budget_100,seed_1,xgboost,0.5235453306233457,0.0,0.0,0.0333444000025338
split_fidelity,adult\gain_herding\budget_100\seed_2\split_fidelity.json,adult,gain_herding,budget_100,seed_2,xgboost,0.5270886152120989,0.0,0.0,0.03442110000105458
split_fidelity,adult\gain_herding\budget_25\seed_0\split_fidelity.json,adult,gain_herding,budget_25,seed_0,xgboost,0.5866170565110687,0.0,0.2,0.02624869999999646
split_fidelity,adult\gain_herding\budget_25\seed_1\split_fidelity.json,adult,gain_herding,budget_25,seed_1,xgboost,0.2531234317111621,0.0,0.2,0.022080900002038106
split_fidelity,adult\gain_herding\budget_25\seed_2\split_fidelity.json,adult,gain_herding,budget_25,seed_2,xgboost,0.44906911536329425,0.0,0.4,0.024236400000518188
split_fidelity,adult\gain_herding\budget_50\seed_0\split_fidelity.json,adult,gain_herding,budget_50,seed_0,xgboost,0.4344590678843475,0.0,0.2,0.026603200007230043
split_fidelity,adult\gain_herding\budget_50\seed_1\split_fidelity.json,adult,gain_herding,budget_50,seed_1,xgboost,0.4773363899756426,0.0,0.2,0.029838500006007962
split_fidelity,adult\gain_herding\budget_50\seed_2\split_fidelity.json,adult,gain_herding,budget_50,seed_2,xgboost,0.5580948781726035,0.0,0.2,0.026000400001066737
split_fidelity,adult\gain_path_diverse\budget_25\seed_0\split_fidelity.json,adult,gain_path_diverse,budget_25,seed_0,xgboost,0.4475998218880746,0.0,0.4,0.03176250000251457
split_fidelity,adult\gain_path_diverse\budget_50\seed_0\split_fidelity.json,adult,gain_path_diverse,budget_50,seed_0,xgboost,0.461029983506392,0.0,0.0,0.028503000001364853
split_fidelity,adult\gain_path_dual\budget_25\seed_0\split_fidelity.json,adult,gain_path_dual,budget_25,seed_0,xgboost,0.5255633801812775,0.0,0.2,0.02172470000004978
split_fidelity,adult\gain_path_dual\budget_50\seed_0\split_fidelity.json,adult,gain_path_dual,budget_50,seed_0,xgboost,0.6048731390150325,0.0,0.0,0.0316659999989497
split_fidelity,adult\gain_path_herding\budget_10\seed_0\split_fidelity.json,adult,gain_path_herding,budget_10,seed_0,xgboost,0.5842173256790932,0.0,0.4,0.025734799997735536
split_fidelity,adult\gain_path_herding\budget_10\seed_1\split_fidelity.json,adult,gain_path_herding,budget_10,seed_1,xgboost,0.4977511359488754,0.0,0.0,0.021307400002115173
split_fidelity,adult\gain_path_herding\budget_10\seed_2\split_fidelity.json,adult,gain_path_herding,budget_10,seed_2,xgboost,0.4482664077309638,0.0,0.6,0.02340349999940372
split_fidelity,adult\gain_path_herding\budget_100\seed_0\split_fidelity.json,adult,gain_path_herding,budget_100,seed_0,xgboost,0.4803406286155149,0.0,0.2,0.037674500003049616
split_fidelity,adult\gain_path_herding\budget_100\seed_1\split_fidelity.json,adult,gain_path_herding,budget_100,seed_1,xgboost,0.45072724744984977,0.0,0.0,0.031159699999989243
split_fidelity,adult\gain_path_herding\budget_100\seed_2\split_fidelity.json,adult,gain_path_herding,budget_100,seed_2,xgboost,0.6172909884886794,0.0,0.2,0.03134739999950398
split_fidelity,adult\gain_path_herding\budget_25\seed_0\split_fidelity.json,adult,gain_path_herding,budget_25,seed_0,xgboost,0.6081439473671723,0.0,0.4,0.02303520000714343
split_fidelity,adult\gain_path_herding\budget_25\seed_1\split_fidelity.json,adult,gain_path_herding,budget_25,seed_1,xgboost,0.4317088889110566,0.0,0.0,0.023921800006064586
split_fidelity,adult\gain_path_herding\budget_25\seed_2\split_fidelity.json,adult,gain_path_herding,budget_25,seed_2,xgboost,0.6629701311732821,0.0,0.2,0.019005699999979697
split_fidelity,adult\gain_path_herding\budget_50\seed_0\split_fidelity.json,adult,gain_path_herding,budget_50,seed_0,xgboost,0.42913809925265056,0.0,0.0,0.022618000002694316
split_fidelity,adult\gain_path_herding\budget_50\seed_1\split_fidelity.json,adult,gain_path_herding,budget_50,seed_1,xgboost,0.3876612542577804,0.0,0.2,0.023001599998679012
split_fidelity,adult\gain_path_herding\budget_50\seed_2\split_fidelity.json,adult,gain_path_herding,budget_50,seed_2,xgboost,0.59025719198744,0.0,0.2,0.022458400009782054
split_fidelity,adult\gain_path_prior_weighted\budget_25\seed_0\split_fidelity.json,adult,gain_path_prior_weighted,budget_25,seed_0,xgboost,0.6541734764204963,0.0,0.4,0.029296900000190362
split_fidelity,adult\gain_path_prior_weighted\budget_25\seed_1\split_fidelity.json,adult,gain_path_prior_weighted,budget_25,seed_1,xgboost,0.4396038934938854,0.0,0.0,0.025132899998425273
split_fidelity,adult\gain_path_prior_weighted\budget_25\seed_2\split_fidelity.json,adult,gain_path_prior_weighted,budget_25,seed_2,xgboost,0.6915342729955725,0.0,0.2,0.025194800000463147
split_fidelity,adult\gain_path_prior_weighted\budget_50\seed_0\split_fidelity.json,adult,gain_path_prior_weighted,budget_50,seed_0,xgboost,0.3817526400245737,0.0,0.2,0.024602699999377364
split_fidelity,adult\gain_path_prior_weighted\budget_50\seed_1\split_fidelity.json,adult,gain_path_prior_weighted,budget_50,seed_1,xgboost,0.42858693149536614,0.0,0.2,0.02455280000140192
split_fidelity,adult\gain_path_prior_weighted\budget_50\seed_2\split_fidelity.json,adult,gain_path_prior_weighted,budget_50,seed_2,xgboost,0.6492925123767332,0.0,0.2,0.0266312999992806
split_fidelity,adult\gain_path_refined\budget_25\seed_0\split_fidelity.json,adult,gain_path_refined,budget_25,seed_0,xgboost,0.6258998099258255,0.0,0.4,0.020805899999686517
split_fidelity,adult\gain_path_refined\budget_25\seed_1\split_fidelity.json,adult,gain_path_refined,budget_25,seed_1,xgboost,0.3786495022457082,0.0,0.0,0.02282339999510441
split_fidelity,adult\gain_path_refined\budget_25\seed_2\split_fidelity.json,adult,gain_path_refined,budget_25,seed_2,xgboost,0.6603797367835851,0.0,0.0,0.02007489999232348
split_fidelity,adult\gain_path_refined\budget_50\seed_0\split_fidelity.json,adult,gain_path_refined,budget_50,seed_0,xgboost,0.4966524925677232,0.0,0.0,0.023168200001236983
split_fidelity,adult\gain_path_refined\budget_50\seed_1\split_fidelity.json,adult,gain_path_refined,budget_50,seed_1,xgboost,0.4123902929068089,0.0,0.2,0.02140979999967385
split_fidelity,adult\gain_path_refined\budget_50\seed_2\split_fidelity.json,adult,gain_path_refined,budget_50,seed_2,xgboost,0.6218571103824407,0.0,0.2,0.023834800012991764
split_fidelity,adult\gain_path_refined_weighted\budget_50\seed_0\split_fidelity.json,adult,gain_path_refined_weighted,budget_50,seed_0,xgboost,0.26122998282680204,0.0,0.2,0.019320499999594176
split_fidelity,adult\gain_path_safeguarded\budget_25\seed_0\split_fidelity.json,adult,gain_path_safeguarded,budget_25,seed_0,xgboost,0.6258998099258255,0.0,0.4,0.02050680000684224
split_fidelity,adult\gain_path_safeguarded\budget_25\seed_1\split_fidelity.json,adult,gain_path_safeguarded,budget_25,seed_1,xgboost,0.3786495022457082,0.0,0.0,0.022528999994392507
split_fidelity,adult\gain_path_safeguarded\budget_25\seed_2\split_fidelity.json,adult,gain_path_safeguarded,budget_25,seed_2,xgboost,0.6603797367835851,0.0,0.0,0.02015299999038689
split_fidelity,adult\gain_path_safeguarded\budget_50\seed_0\split_fidelity.json,adult,gain_path_safeguarded,budget_50,seed_0,xgboost,0.4966524925677232,0.0,0.0,0.02591549999488052
split_fidelity,adult\gain_path_safeguarded\budget_50\seed_1\split_fidelity.json,adult,gain_path_safeguarded,budget_50,seed_1,xgboost,0.4123902929068089,0.0,0.2,0.027778199990279973
split_fidelity,adult\gain_path_safeguarded\budget_50\seed_2\split_fidelity.json,adult,gain_path_safeguarded,budget_50,seed_2,xgboost,0.6218571103824407,0.0,0.2,0.025322700006654486
split_fidelity,adult\gain_weighted_coreset\budget_10\seed_0\split_fidelity.json,adult,gain_weighted_coreset,budget_10,seed_0,xgboost,0.3279250721249386,0.0,0.0,0.03711230000044452
split_fidelity,adult\gain_weighted_coreset\budget_10\seed_1\split_fidelity.json,adult,gain_weighted_coreset,budget_10,seed_1,xgboost,0.31533480229442845,0.0,0.0,0.045354500000030384
split_fidelity,adult\gain_weighted_coreset\budget_10\seed_2\split_fidelity.json,adult,gain_weighted_coreset,budget_10,seed_2,xgboost,0.2107111203008409,0.0,0.2,0.053832100000363425
split_fidelity,adult\gain_weighted_coreset\budget_100\seed_0\split_fidelity.json,adult,gain_weighted_coreset,budget_100,seed_0,xgboost,0.2560855871572462,0.0,0.2,0.0487329999996291
split_fidelity,adult\gain_weighted_coreset\budget_100\seed_1\split_fidelity.json,adult,gain_weighted_coreset,budget_100,seed_1,xgboost,0.48550852360026764,1.0,0.2,0.06233839999913471
split_fidelity,adult\gain_weighted_coreset\budget_100\seed_2\split_fidelity.json,adult,gain_weighted_coreset,budget_100,seed_2,xgboost,0.5352249576107674,0.0,0.4,0.051049700001385645
split_fidelity,adult\gain_weighted_coreset\budget_25\seed_0\split_fidelity.json,adult,gain_weighted_coreset,budget_25,seed_0,xgboost,0.08985067412645163,0.0,0.0,0.035417299999608076
split_fidelity,adult\gain_weighted_coreset\budget_25\seed_1\split_fidelity.json,adult,gain_weighted_coreset,budget_25,seed_1,xgboost,0.3259057233804611,0.0,0.0,0.03797640000084357
split_fidelity,adult\gain_weighted_coreset\budget_25\seed_2\split_fidelity.json,adult,gain_weighted_coreset,budget_25,seed_2,xgboost,0.17964052135816175,0.0,0.2,0.04018720000021858
split_fidelity,adult\gain_weighted_coreset\budget_50\seed_0\split_fidelity.json,adult,gain_weighted_coreset,budget_50,seed_0,xgboost,0.2255404203786126,0.0,0.0,0.0430013000004692
split_fidelity,adult\gain_weighted_coreset\budget_50\seed_1\split_fidelity.json,adult,gain_weighted_coreset,budget_50,seed_1,xgboost,0.47269601359229335,0.0,0.4,0.04753060000075493
split_fidelity,adult\gain_weighted_coreset\budget_50\seed_2\split_fidelity.json,adult,gain_weighted_coreset,budget_50,seed_2,xgboost,0.4380901650731351,0.0,0.2,0.052958899999794085
split_fidelity,adult\gradient_sampling\budget_10\seed_0\split_fidelity.json,adult,gradient_sampling,budget_10,seed_0,xgboost,0.48715934557886176,0.0,0.2,0.021980900000016845
split_fidelity,adult\gradient_sampling\budget_10\seed_1\split_fidelity.json,adult,gradient_sampling,budget_10,seed_1,xgboost,0.4156237928183012,0.0,0.0,0.0242115000000922
split_fidelity,adult\gradient_sampling\budget_10\seed_2\split_fidelity.json,adult,gradient_sampling,budget_10,seed_2,xgboost,0.32888835327650556,0.0,0.0,0.03722620000007737
split_fidelity,adult\gradient_sampling\budget_100\seed_0\split_fidelity.json,adult,gradient_sampling,budget_100,seed_0,xgboost,0.28869541943808114,0.0,0.0,0.03873050000038347
split_fidelity,adult\gradient_sampling\budget_100\seed_1\split_fidelity.json,adult,gradient_sampling,budget_100,seed_1,xgboost,0.3264295167784235,0.0,0.0,0.05422490000000835
split_fidelity,adult\gradient_sampling\budget_100\seed_2\split_fidelity.json,adult,gradient_sampling,budget_100,seed_2,xgboost,0.2098205092939612,0.0,0.0,0.04696140000032756
split_fidelity,adult\gradient_sampling\budget_25\seed_0\split_fidelity.json,adult,gradient_sampling,budget_25,seed_0,xgboost,0.3032911558790731,0.0,0.0,0.04017999999996391
split_fidelity,adult\gradient_sampling\budget_25\seed_1\split_fidelity.json,adult,gradient_sampling,budget_25,seed_1,xgboost,0.4109881363653077,0.0,0.0,0.027492100000017672
split_fidelity,adult\gradient_sampling\budget_25\seed_2\split_fidelity.json,adult,gradient_sampling,budget_25,seed_2,xgboost,0.268556224885401,0.0,0.0,0.024132399999871268
split_fidelity,adult\gradient_sampling\budget_50\seed_0\split_fidelity.json,adult,gradient_sampling,budget_50,seed_0,xgboost,0.340668764618323,0.0,0.0,0.03421749999961321
split_fidelity,adult\gradient_sampling\budget_50\seed_1\split_fidelity.json,adult,gradient_sampling,budget_50,seed_1,xgboost,0.3926280962945825,0.0,0.0,0.03071789999921748
split_fidelity,adult\gradient_sampling\budget_50\seed_2\split_fidelity.json,adult,gradient_sampling,budget_50,seed_2,xgboost,0.29029113702721715,0.0,0.0,0.03865160000077594
split_fidelity,adult\herding\budget_10\seed_0\split_fidelity.json,adult,herding,budget_10,seed_0,xgboost,0.07477916412098384,0.0,0.2,0.035601499999756925
split_fidelity,adult\herding\budget_10\seed_1\split_fidelity.json,adult,herding,budget_10,seed_1,xgboost,0.47789154143373835,0.0,0.2,0.022459399999206653
split_fidelity,adult\herding\budget_10\seed_2\split_fidelity.json,adult,herding,budget_10,seed_2,xgboost,0.5456237650752382,0.0,0.2,0.023830100002669496
split_fidelity,adult\herding\budget_100\seed_0\split_fidelity.json,adult,herding,budget_100,seed_0,xgboost,0.1953200735922764,0.0,0.0,0.03950009999971371
split_fidelity,adult\herding\budget_100\seed_1\split_fidelity.json,adult,herding,budget_100,seed_1,xgboost,0.5251357091067375,0.0,0.2,0.03382200000123703
split_fidelity,adult\herding\budget_100\seed_2\split_fidelity.json,adult,herding,budget_100,seed_2,xgboost,0.5017103402751872,0.0,0.2,0.03217900000163354
split_fidelity,adult\herding\budget_25\seed_0\split_fidelity.json,adult,herding,budget_25,seed_0,xgboost,0.4728017002301462,0.0,0.0,0.020484300010139123
split_fidelity,adult\herding\budget_25\seed_1\split_fidelity.json,adult,herding,budget_25,seed_1,xgboost,0.4845560210768552,0.0,0.0,0.022919399998500012
split_fidelity,adult\herding\budget_25\seed_2\split_fidelity.json,adult,herding,budget_25,seed_2,xgboost,0.49967322268356407,0.0,0.0,0.02520939998794347
split_fidelity,adult\herding\budget_50\seed_0\split_fidelity.json,adult,herding,budget_50,seed_0,xgboost,0.5222179190102522,0.0,0.4,0.02387099999759812
split_fidelity,adult\herding\budget_50\seed_1\split_fidelity.json,adult,herding,budget_50,seed_1,xgboost,0.5676130873177603,0.0,0.4,0.020401900008437224
split_fidelity,adult\herding\budget_50\seed_2\split_fidelity.json,adult,herding,budget_50,seed_2,xgboost,0.5578285650075896,0.0,0.2,0.02177589999337215
split_fidelity,adult\k_center\budget_10\seed_0\split_fidelity.json,adult,k_center,budget_10,seed_0,xgboost,0.019171316299288758,0.0,0.0,0.029963999999381485
split_fidelity,adult\k_center\budget_10\seed_1\split_fidelity.json,adult,k_center,budget_10,seed_1,xgboost,-0.10950243197721536,0.0,0.0,0.023647600000003877
split_fidelity,adult\k_center\budget_10\seed_2\split_fidelity.json,adult,k_center,budget_10,seed_2,xgboost,0.06562163464839425,0.0,0.0,0.029805000000123982
split_fidelity,adult\k_center\budget_100\seed_0\split_fidelity.json,adult,k_center,budget_100,seed_0,xgboost,0.3561687504455642,0.0,0.2,0.04193030000078579
split_fidelity,adult\k_center\budget_100\seed_1\split_fidelity.json,adult,k_center,budget_100,seed_1,xgboost,0.38928125273543845,0.0,0.0,0.037533699999585224
split_fidelity,adult\k_center\budget_100\seed_2\split_fidelity.json,adult,k_center,budget_100,seed_2,xgboost,0.5095249339959477,0.0,0.0,0.04411849999996775
split_fidelity,adult\k_center\budget_25\seed_0\split_fidelity.json,adult,k_center,budget_25,seed_0,xgboost,0.16209978022034113,0.0,0.0,0.03132169999935286
split_fidelity,adult\k_center\budget_25\seed_1\split_fidelity.json,adult,k_center,budget_25,seed_1,xgboost,0.16038051089237815,0.0,0.0,0.0579795000003287
split_fidelity,adult\k_center\budget_25\seed_2\split_fidelity.json,adult,k_center,budget_25,seed_2,xgboost,0.09293283240651022,0.0,0.0,0.03455149999990681
split_fidelity,adult\k_center\budget_50\seed_0\split_fidelity.json,adult,k_center,budget_50,seed_0,xgboost,0.1450726989482672,0.0,0.0,0.06562290000056237
split_fidelity,adult\k_center\budget_50\seed_1\split_fidelity.json,adult,k_center,budget_50,seed_1,xgboost,0.2836513189766409,0.0,0.0,0.037662700000510085
split_fidelity,adult\k_center\budget_50\seed_2\split_fidelity.json,adult,k_center,budget_50,seed_2,xgboost,0.21580865104511038,0.0,0.0,0.05977150000035181
split_fidelity,adult\math_full\budget_50\seed_0\split_fidelity.json,adult,math_full,budget_50,seed_0,xgboost,0.31731293914591446,0.0,0.0,0.04410660000212374
split_fidelity,adult\math_no_anchor\budget_50\seed_0\split_fidelity.json,adult,math_no_anchor,budget_50,seed_0,xgboost,0.31731293914591446,0.0,0.0,0.03405589999965741
split_fidelity,adult\math_no_hist\budget_50\seed_0\split_fidelity.json,adult,math_no_hist,budget_50,seed_0,xgboost,0.16719489957706177,0.0,0.0,0.033980399999563815
split_fidelity,adult\math_no_newton\budget_50\seed_0\split_fidelity.json,adult,math_no_newton,budget_50,seed_0,xgboost,0.1664484937753785,0.0,0.0,0.03460890000133077
split_fidelity,adult\math_no_probes\budget_50\seed_0\split_fidelity.json,adult,math_no_probes,budget_50,seed_0,xgboost,0.2825485234735735,0.0,0.2,0.05114700000194716
split_fidelity,adult\math_no_soft_routing\budget_50\seed_0\split_fidelity.json,adult,math_no_soft_routing,budget_50,seed_0,xgboost,0.06455279266679306,0.0,0.0,0.030210100001568208
split_fidelity,adult\math_root_only\budget_50\seed_0\split_fidelity.json,adult,math_root_only,budget_50,seed_0,xgboost,0.2439729145411224,0.0,0.2,0.03254960000049323
split_fidelity,adult\math_tuned\budget_50\seed_0\split_fidelity.json,adult,math_tuned,budget_50,seed_0,xgboost,0.36663226795107995,0.0,0.2,0.037294800000381656
split_fidelity,adult\math_tuned_more_probes\budget_50\seed_0\split_fidelity.json,adult,math_tuned_more_probes,budget_50,seed_0,xgboost,0.3651733838841535,0.0,0.2,0.04117929999847547
split_fidelity,adult\math_tuned_no_anchor\budget_50\seed_0\split_fidelity.json,adult,math_tuned_no_anchor,budget_50,seed_0,xgboost,0.36663226795107995,0.0,0.2,0.030684900000778725
split_fidelity,adult\math_tuned_no_hist\budget_50\seed_0\split_fidelity.json,adult,math_tuned_no_hist,budget_50,seed_0,xgboost,0.36725427278581596,0.0,0.2,0.02921079999941867
split_fidelity,adult\random\budget_10\seed_0\split_fidelity.json,adult,random,budget_10,seed_0,xgboost,0.03256542613942179,0.0,0.0,0.03288240000074438
split_fidelity,adult\random\budget_10\seed_1\split_fidelity.json,adult,random,budget_10,seed_1,xgboost,0.15575323422933104,0.0,0.0,0.022123099999589613
split_fidelity,adult\random\budget_10\seed_2\split_fidelity.json,adult,random,budget_10,seed_2,xgboost,0.4980557685049725,0.0,0.2,0.018524399998568697
split_fidelity,adult\random\budget_100\seed_0\split_fidelity.json,adult,random,budget_100,seed_0,xgboost,0.30792526452428726,0.0,0.0,0.06054559999938647
split_fidelity,adult\random\budget_100\seed_1\split_fidelity.json,adult,random,budget_100,seed_1,xgboost,0.303042634898132,0.0,0.2,0.03571699999884004
split_fidelity,adult\random\budget_100\seed_2\split_fidelity.json,adult,random,budget_100,seed_2,xgboost,0.5148472074497104,0.0,0.2,0.03269010000076378
split_fidelity,adult\random\budget_25\seed_0\split_fidelity.json,adult,random,budget_25,seed_0,xgboost,0.3595322700477931,0.0,0.2,0.02166310000757221
split_fidelity,adult\random\budget_25\seed_1\split_fidelity.json,adult,random,budget_25,seed_1,xgboost,0.13625479285582784,0.0,0.4,0.018788400004268624
split_fidelity,adult\random\budget_25\seed_2\split_fidelity.json,adult,random,budget_25,seed_2,xgboost,0.191453865451853,0.0,0.2,0.021300499996868894
split_fidelity,adult\random\budget_50\seed_0\split_fidelity.json,adult,random,budget_50,seed_0,xgboost,0.42076008346775834,0.0,0.0,0.01983069999550935
split_fidelity,adult\random\budget_50\seed_1\split_fidelity.json,adult,random,budget_50,seed_1,xgboost,0.3594865451550882,0.0,0.4,0.016004600009182468
split_fidelity,adult\random\budget_50\seed_2\split_fidelity.json,adult,random,budget_50,seed_2,xgboost,0.4515763172939273,0.0,0.4,0.015343700011726469
split_fidelity,adult\refined_no_conf\budget_25\seed_0\split_fidelity.json,adult,refined_no_conf,budget_25,seed_0,xgboost,0.6327947190332616,0.0,0.4,0.01649209999999357
split_fidelity,adult\refined_no_conf\budget_25\seed_1\split_fidelity.json,adult,refined_no_conf,budget_25,seed_1,xgboost,0.3553989485766818,0.0,0.0,0.016389100000026247
split_fidelity,adult\refined_no_conf\budget_25\seed_2\split_fidelity.json,adult,refined_no_conf,budget_25,seed_2,xgboost,0.6611478504650876,0.0,0.0,0.015918100000021695
split_fidelity,adult\refined_no_conf\budget_50\seed_0\split_fidelity.json,adult,refined_no_conf,budget_50,seed_0,xgboost,0.4966524925677232,0.0,0.0,0.017533099999980095
split_fidelity,adult\refined_no_conf\budget_50\seed_1\split_fidelity.json,adult,refined_no_conf,budget_50,seed_1,xgboost,0.5254072898922066,0.0,0.2,0.01594140000003108
split_fidelity,adult\refined_no_conf\budget_50\seed_2\split_fidelity.json,adult,refined_no_conf,budget_50,seed_2,xgboost,0.6530729811554742,0.0,0.0,0.02113969999999199
split_fidelity,adult\refined_no_gain_weight\budget_25\seed_0\split_fidelity.json,adult,refined_no_gain_weight,budget_25,seed_0,xgboost,0.6258998099258255,0.0,0.4,0.015190399999994497
split_fidelity,adult\refined_no_gain_weight\budget_25\seed_1\split_fidelity.json,adult,refined_no_gain_weight,budget_25,seed_1,xgboost,0.3786495022457082,0.0,0.0,0.0153842999999938
split_fidelity,adult\refined_no_gain_weight\budget_25\seed_2\split_fidelity.json,adult,refined_no_gain_weight,budget_25,seed_2,xgboost,0.6603797367835851,0.0,0.0,0.013646200000039244
split_fidelity,adult\refined_no_gain_weight\budget_50\seed_0\split_fidelity.json,adult,refined_no_gain_weight,budget_50,seed_0,xgboost,0.4966524925677232,0.0,0.0,0.014634600000022147
split_fidelity,adult\refined_no_gain_weight\budget_50\seed_1\split_fidelity.json,adult,refined_no_gain_weight,budget_50,seed_1,xgboost,0.4123902929068089,0.0,0.2,0.014653899999984787
split_fidelity,adult\refined_no_gain_weight\budget_50\seed_2\split_fidelity.json,adult,refined_no_gain_weight,budget_50,seed_2,xgboost,0.6218571103824407,0.0,0.2,0.015134100000011586
split_fidelity,adult\refined_no_grad\budget_25\seed_0\split_fidelity.json,adult,refined_no_grad,budget_25,seed_0,xgboost,0.27925821437236337,0.0,0.2,0.013974899999993795
split_fidelity,adult\refined_no_grad\budget_25\seed_1\split_fidelity.json,adult,refined_no_grad,budget_25,seed_1,xgboost,0.47566401710443806,0.0,0.6,0.013130300000000261
split_fidelity,adult\refined_no_grad\budget_25\seed_2\split_fidelity.json,adult,refined_no_grad,budget_25,seed_2,xgboost,0.18042432685399476,0.0,0.2,0.012964000000010856
split_fidelity,adult\refined_no_grad\budget_50\seed_0\split_fidelity.json,adult,refined_no_grad,budget_50,seed_0,xgboost,0.4148105425059806,0.0,0.2,0.014185699999984536
split_fidelity,adult\refined_no_grad\budget_50\seed_1\split_fidelity.json,adult,refined_no_grad,budget_50,seed_1,xgboost,0.472256322964762,0.0,0.2,0.014439600000002883
split_fidelity,adult\refined_no_grad\budget_50\seed_2\split_fidelity.json,adult,refined_no_grad,budget_50,seed_2,xgboost,0.5755613697030957,0.0,0.4,0.01482349999997723
split_fidelity,adult\refined_no_hess\budget_25\seed_0\split_fidelity.json,adult,refined_no_hess,budget_25,seed_0,xgboost,0.44068774305159564,0.0,0.2,0.012697000000002845
split_fidelity,adult\refined_no_hess\budget_25\seed_1\split_fidelity.json,adult,refined_no_hess,budget_25,seed_1,xgboost,0.5485523987329833,0.0,0.2,0.013418000000001484
split_fidelity,adult\refined_no_hess\budget_25\seed_2\split_fidelity.json,adult,refined_no_hess,budget_25,seed_2,xgboost,0.3268195061493538,0.0,0.4,0.014721100000031129
split_fidelity,adult\refined_no_hess\budget_50\seed_0\split_fidelity.json,adult,refined_no_hess,budget_50,seed_0,xgboost,0.37136410931534314,0.0,0.0,0.01563960000004272
split_fidelity,adult\refined_no_hess\budget_50\seed_1\split_fidelity.json,adult,refined_no_hess,budget_50,seed_1,xgboost,0.6167181570940138,0.0,0.0,0.014465499999971598
split_fidelity,adult\refined_no_hess\budget_50\seed_2\split_fidelity.json,adult,refined_no_hess,budget_50,seed_2,xgboost,0.6479283994092293,0.0,0.2,0.01575439999999162
split_fidelity,adult\refined_no_path\budget_25\seed_0\split_fidelity.json,adult,refined_no_path,budget_25,seed_0,xgboost,0.6374262065146693,0.0,0.4,0.013624399999969228
split_fidelity,adult\refined_no_path\budget_25\seed_1\split_fidelity.json,adult,refined_no_path,budget_25,seed_1,xgboost,0.21575077679735133,0.0,0.2,0.012346600000000763
split_fidelity,adult\refined_no_path\budget_25\seed_2\split_fidelity.json,adult,refined_no_path,budget_25,seed_2,xgboost,0.4658115430280401,0.0,0.4,0.012142299999993611
split_fidelity,adult\refined_no_path\budget_50\seed_0\split_fidelity.json,adult,refined_no_path,budget_50,seed_0,xgboost,0.45293826606541615,0.0,0.4,0.019355000000018663
split_fidelity,adult\refined_no_path\budget_50\seed_1\split_fidelity.json,adult,refined_no_path,budget_50,seed_1,xgboost,0.4622605357727269,0.0,0.2,0.018456000000014683
split_fidelity,adult\refined_no_path\budget_50\seed_2\split_fidelity.json,adult,refined_no_path,budget_50,seed_2,xgboost,0.5496338036142687,0.0,0.2,0.029655600000012328
split_fidelity,adult\refined_no_raw\budget_25\seed_0\split_fidelity.json,adult,refined_no_raw,budget_25,seed_0,xgboost,0.452962599579416,0.0,0.2,0.023784900000009657
split_fidelity,adult\refined_no_raw\budget_25\seed_1\split_fidelity.json,adult,refined_no_raw,budget_25,seed_1,xgboost,0.3910197716495532,0.0,0.2,0.021335000000021864
split_fidelity,adult\refined_no_raw\budget_25\seed_2\split_fidelity.json,adult,refined_no_raw,budget_25,seed_2,xgboost,0.6893064941656739,0.0,0.4,0.02099169999996775
split_fidelity,adult\refined_no_raw\budget_50\seed_0\split_fidelity.json,adult,refined_no_raw,budget_50,seed_0,xgboost,0.6042968982142577,0.0,0.2,0.024547600000005332
split_fidelity,adult\refined_no_raw\budget_50\seed_1\split_fidelity.json,adult,refined_no_raw,budget_50,seed_1,xgboost,0.405701360249159,0.0,0.2,0.021331099999997605
split_fidelity,adult\refined_no_raw\budget_50\seed_2\split_fidelity.json,adult,refined_no_raw,budget_50,seed_2,xgboost,0.5780654144351128,0.0,0.2,0.025762600000007296
split_fidelity,adult\refined_no_refine\budget_25\seed_0\split_fidelity.json,adult,refined_no_refine,budget_25,seed_0,xgboost,0.6081439473671723,0.0,0.4,0.019169400000009773
split_fidelity,adult\refined_no_refine\budget_25\seed_1\split_fidelity.json,adult,refined_no_refine,budget_25,seed_1,xgboost,0.4317088889110566,0.0,0.0,0.024336100000027727
split_fidelity,adult\refined_no_refine\budget_25\seed_2\split_fidelity.json,adult,refined_no_refine,budget_25,seed_2,xgboost,0.6629701311732821,0.0,0.2,0.024436900000011974
split_fidelity,adult\refined_no_refine\budget_50\seed_0\split_fidelity.json,adult,refined_no_refine,budget_50,seed_0,xgboost,0.42913809925265056,0.0,0.0,0.046420599999976275
split_fidelity,adult\refined_no_refine\budget_50\seed_1\split_fidelity.json,adult,refined_no_refine,budget_50,seed_1,xgboost,0.3876612542577804,0.0,0.2,0.03146240000000944
split_fidelity,adult\refined_no_refine\budget_50\seed_2\split_fidelity.json,adult,refined_no_refine,budget_50,seed_2,xgboost,0.59025719198744,0.0,0.2,0.047477200000002995
split_fidelity,adult\refined_path_occupancy_only\budget_25\seed_0\split_fidelity.json,adult,refined_path_occupancy_only,budget_25,seed_0,xgboost,0.4366410229550606,0.0,0.0,0.02757800000000543
split_fidelity,adult\refined_path_occupancy_only\budget_25\seed_1\split_fidelity.json,adult,refined_path_occupancy_only,budget_25,seed_1,xgboost,0.27971050916590007,0.0,0.0,0.04627799999997251
split_fidelity,adult\refined_path_occupancy_only\budget_25\seed_2\split_fidelity.json,adult,refined_path_occupancy_only,budget_25,seed_2,xgboost,0.5815985464057545,0.0,0.2,0.02272579999998925
split_fidelity,adult\refined_path_occupancy_only\budget_50\seed_0\split_fidelity.json,adult,refined_path_occupancy_only,budget_50,seed_0,xgboost,0.5393471266533871,0.0,0.2,0.07079609999999548
split_fidelity,adult\refined_path_occupancy_only\budget_50\seed_1\split_fidelity.json,adult,refined_path_occupancy_only,budget_50,seed_1,xgboost,0.5648098535795509,0.0,0.4,0.022473300000001473
split_fidelity,adult\refined_path_occupancy_only\budget_50\seed_2\split_fidelity.json,adult,refined_path_occupancy_only,budget_50,seed_2,xgboost,0.3322782057002755,0.0,0.0,0.018131100000005063
split_fidelity,adult\sketch_no_conf\budget_50\seed_0\split_fidelity.json,adult,sketch_no_conf,budget_50,seed_0,xgboost,0.2874229735996674,0.0,0.0,0.02891509999972186
split_fidelity,adult\sketch_no_gain_weight\budget_50\seed_0\split_fidelity.json,adult,sketch_no_gain_weight,budget_50,seed_0,xgboost,0.2874229735996674,0.0,0.0,0.029518600000301376
split_fidelity,adult\sketch_no_grad\budget_50\seed_0\split_fidelity.json,adult,sketch_no_grad,budget_50,seed_0,xgboost,0.3262764950636184,0.0,0.0,0.03281240000069374
split_fidelity,adult\sketch_no_hess\budget_50\seed_0\split_fidelity.json,adult,sketch_no_hess,budget_50,seed_0,xgboost,0.2716677505544555,0.0,0.0,0.029337999998460873
split_fidelity,adult\sketch_no_raw\budget_50\seed_0\split_fidelity.json,adult,sketch_no_raw,budget_50,seed_0,xgboost,0.26071433127605714,0.0,0.0,0.027542099998754566
split_fidelity,adult\sketch_occupancy_only\budget_50\seed_0\split_fidelity.json,adult,sketch_occupancy_only,budget_50,seed_0,xgboost,0.45421623762028923,0.0,0.0,0.02924680000069202
split_fidelity,adult\tree_region\budget_10\seed_0\split_fidelity.json,adult,tree_region,budget_10,seed_0,xgboost,0.48715934557886176,0.0,0.2,0.04339129999971192
split_fidelity,adult\tree_region\budget_10\seed_1\split_fidelity.json,adult,tree_region,budget_10,seed_1,xgboost,0.4156237928183012,0.0,0.0,0.021980599999551487
split_fidelity,adult\tree_region\budget_10\seed_2\split_fidelity.json,adult,tree_region,budget_10,seed_2,xgboost,0.32888835327650556,0.0,0.0,0.04432209999959014
split_fidelity,adult\tree_region\budget_100\seed_0\split_fidelity.json,adult,tree_region,budget_100,seed_0,xgboost,0.28869541943808114,0.0,0.0,0.032259999999951106
split_fidelity,adult\tree_region\budget_100\seed_1\split_fidelity.json,adult,tree_region,budget_100,seed_1,xgboost,0.3264295167784235,0.0,0.0,0.05242450000059762
split_fidelity,adult\tree_region\budget_100\seed_2\split_fidelity.json,adult,tree_region,budget_100,seed_2,xgboost,0.2098205092939612,0.0,0.0,0.030909300000530493
split_fidelity,adult\tree_region\budget_25\seed_0\split_fidelity.json,adult,tree_region,budget_25,seed_0,xgboost,0.3032911558790731,0.0,0.0,0.046094699999230215
split_fidelity,adult\tree_region\budget_25\seed_1\split_fidelity.json,adult,tree_region,budget_25,seed_1,xgboost,0.4109881363653077,0.0,0.0,0.024854599999343918
split_fidelity,adult\tree_region\budget_25\seed_2\split_fidelity.json,adult,tree_region,budget_25,seed_2,xgboost,0.268556224885401,0.0,0.0,0.02908419999948819
split_fidelity,adult\tree_region\budget_50\seed_0\split_fidelity.json,adult,tree_region,budget_50,seed_0,xgboost,0.340668764618323,0.0,0.0,0.028604899999663758
split_fidelity,adult\tree_region\budget_50\seed_1\split_fidelity.json,adult,tree_region,budget_50,seed_1,xgboost,0.3926280962945825,0.0,0.0,0.02707009999994625
split_fidelity,adult\tree_region\budget_50\seed_2\split_fidelity.json,adult,tree_region,budget_50,seed_2,xgboost,0.29029113702721715,0.0,0.0,0.023209599999972852
split_fidelity,agaricus_lepiota\distribution_matching\budget_10\seed_0\split_fidelity.json,agaricus_lepiota,distribution_matching,budget_10,seed_0,xgboost,0.27856717701811734,0.0,0.2,0.017633800000112387
split_fidelity,agaricus_lepiota\distribution_matching\budget_10\seed_1\split_fidelity.json,agaricus_lepiota,distribution_matching,budget_10,seed_1,xgboost,0.3137247240585122,0.0,0.2,0.022348000000420143
split_fidelity,agaricus_lepiota\distribution_matching\budget_10\seed_2\split_fidelity.json,agaricus_lepiota,distribution_matching,budget_10,seed_2,xgboost,0.35457168339958806,0.0,0.0,0.023183900000731228
split_fidelity,agaricus_lepiota\distribution_matching\budget_100\seed_0\split_fidelity.json,agaricus_lepiota,distribution_matching,budget_100,seed_0,xgboost,0.3566161208959285,1.0,0.2,0.025583999999980733
split_fidelity,agaricus_lepiota\distribution_matching\budget_100\seed_1\split_fidelity.json,agaricus_lepiota,distribution_matching,budget_100,seed_1,xgboost,0.39208626528450813,1.0,0.2,0.03311369999937597
split_fidelity,agaricus_lepiota\distribution_matching\budget_100\seed_2\split_fidelity.json,agaricus_lepiota,distribution_matching,budget_100,seed_2,xgboost,0.32648209540441125,1.0,0.4,0.03071410000029573
split_fidelity,agaricus_lepiota\distribution_matching\budget_25\seed_0\split_fidelity.json,agaricus_lepiota,distribution_matching,budget_25,seed_0,xgboost,0.39639368390534835,0.0,0.2,0.02728679999927408
split_fidelity,agaricus_lepiota\distribution_matching\budget_25\seed_1\split_fidelity.json,agaricus_lepiota,distribution_matching,budget_25,seed_1,xgboost,0.3328492167902514,1.0,0.2,0.02377139999953215
split_fidelity,agaricus_lepiota\distribution_matching\budget_25\seed_2\split_fidelity.json,agaricus_lepiota,distribution_matching,budget_25,seed_2,xgboost,0.44976141208720166,0.0,0.0,0.02721769999971002
split_fidelity,agaricus_lepiota\distribution_matching\budget_50\seed_0\split_fidelity.json,agaricus_lepiota,distribution_matching,budget_50,seed_0,xgboost,0.29639050429928016,1.0,0.2,0.02678719999948953
split_fidelity,agaricus_lepiota\distribution_matching\budget_50\seed_1\split_fidelity.json,agaricus_lepiota,distribution_matching,budget_50,seed_1,xgboost,0.391854750218099,1.0,0.4,0.028800199999750475
split_fidelity,agaricus_lepiota\distribution_matching\budget_50\seed_2\split_fidelity.json,agaricus_lepiota,distribution_matching,budget_50,seed_2,xgboost,0.3056560314621038,1.0,0.4,0.027401800000006915
split_fidelity,agaricus_lepiota\full_data\budget_10\seed_0\split_fidelity.json,agaricus_lepiota,full_data,budget_10,seed_0,xgboost,0.9999999999999999,1.0,1.0,0.12502890000087064
split_fidelity,agaricus_lepiota\full_data\budget_10\seed_1\split_fidelity.json,agaricus_lepiota,full_data,budget_10,seed_1,xgboost,0.9552977694198677,1.0,0.6,0.12483280000014929
split_fidelity,agaricus_lepiota\full_data\budget_10\seed_2\split_fidelity.json,agaricus_lepiota,full_data,budget_10,seed_2,xgboost,0.9582262928627275,1.0,0.8,0.12093989999993937
split_fidelity,agaricus_lepiota\full_data\budget_100\seed_0\split_fidelity.json,agaricus_lepiota,full_data,budget_100,seed_0,xgboost,0.9999999999999999,1.0,1.0,0.12797330000012153
split_fidelity,agaricus_lepiota\full_data\budget_100\seed_1\split_fidelity.json,agaricus_lepiota,full_data,budget_100,seed_1,xgboost,0.9552977694198677,1.0,0.6,0.11896470000010595
split_fidelity,agaricus_lepiota\full_data\budget_100\seed_2\split_fidelity.json,agaricus_lepiota,full_data,budget_100,seed_2,xgboost,0.9582262928627275,1.0,0.8,0.1240191999995659
split_fidelity,agaricus_lepiota\full_data\budget_25\seed_0\split_fidelity.json,agaricus_lepiota,full_data,budget_25,seed_0,xgboost,0.9999999999999999,1.0,1.0,0.11772250000012718
split_fidelity,agaricus_lepiota\full_data\budget_25\seed_1\split_fidelity.json,agaricus_lepiota,full_data,budget_25,seed_1,xgboost,0.9552977694198677,1.0,0.6,0.12243370000032883
split_fidelity,agaricus_lepiota\full_data\budget_25\seed_2\split_fidelity.json,agaricus_lepiota,full_data,budget_25,seed_2,xgboost,0.9582262928627275,1.0,0.8,0.12077039999985573
split_fidelity,agaricus_lepiota\full_data\budget_50\seed_0\split_fidelity.json,agaricus_lepiota,full_data,budget_50,seed_0,xgboost,0.9999999999999999,1.0,1.0,0.1191356999997879
split_fidelity,agaricus_lepiota\full_data\budget_50\seed_1\split_fidelity.json,agaricus_lepiota,full_data,budget_50,seed_1,xgboost,0.9552977694198677,1.0,0.6,0.1087323000001561
split_fidelity,agaricus_lepiota\full_data\budget_50\seed_2\split_fidelity.json,agaricus_lepiota,full_data,budget_50,seed_2,xgboost,0.9582262928627275,1.0,0.8,0.11892050000005838
split_fidelity,agaricus_lepiota\gaindistill\budget_10\seed_0\split_fidelity.json,agaricus_lepiota,gaindistill,budget_10,seed_0,xgboost,0.10382312559403456,0.0,0.2,0.023817999999664607
split_fidelity,agaricus_lepiota\gaindistill\budget_10\seed_1\split_fidelity.json,agaricus_lepiota,gaindistill,budget_10,seed_1,xgboost,0.07782692952353407,1.0,0.2,0.019472500000119908
split_fidelity,agaricus_lepiota\gaindistill\budget_10\seed_2\split_fidelity.json,agaricus_lepiota,gaindistill,budget_10,seed_2,xgboost,0.2451292291156698,0.0,0.2,0.023356499999863445
split_fidelity,agaricus_lepiota\gaindistill\budget_100\seed_0\split_fidelity.json,agaricus_lepiota,gaindistill,budget_100,seed_0,xgboost,0.13132882828722803,0.0,0.2,0.021127899999555666
split_fidelity,agaricus_lepiota\gaindistill\budget_100\seed_1\split_fidelity.json,agaricus_lepiota,gaindistill,budget_100,seed_1,xgboost,0.23595407041366312,0.0,0.2,0.02469310000014957
split_fidelity,agaricus_lepiota\gaindistill\budget_100\seed_2\split_fidelity.json,agaricus_lepiota,gaindistill,budget_100,seed_2,xgboost,0.07624648269131444,0.0,0.2,0.030671999999867694
split_fidelity,agaricus_lepiota\gaindistill\budget_25\seed_0\split_fidelity.json,agaricus_lepiota,gaindistill,budget_25,seed_0,xgboost,-0.03652817626987557,0.0,0.2,0.022795599999881233
split_fidelity,agaricus_lepiota\gaindistill\budget_25\seed_1\split_fidelity.json,agaricus_lepiota,gaindistill,budget_25,seed_1,xgboost,0.0020682860616016772,0.0,0.2,0.025480100000095263
split_fidelity,agaricus_lepiota\gaindistill\budget_25\seed_2\split_fidelity.json,agaricus_lepiota,gaindistill,budget_25,seed_2,xgboost,0.18875924700623967,1.0,0.2,0.02030670000021928
split_fidelity,agaricus_lepiota\gaindistill\budget_50\seed_0\split_fidelity.json,agaricus_lepiota,gaindistill,budget_50,seed_0,xgboost,0.10056474630720395,0.0,0.2,0.02457920000051672
split_fidelity,agaricus_lepiota\gaindistill\budget_50\seed_1\split_fidelity.json,agaricus_lepiota,gaindistill,budget_50,seed_1,xgboost,0.19099021859515353,0.0,0.2,0.018010099999628437
split_fidelity,agaricus_lepiota\gaindistill\budget_50\seed_2\split_fidelity.json,agaricus_lepiota,gaindistill,budget_50,seed_2,xgboost,0.20504944576424855,0.0,0.2,0.023831100000279548
split_fidelity,agaricus_lepiota\gaindistill_hybrid\budget_10\seed_0\split_fidelity.json,agaricus_lepiota,gaindistill_hybrid,budget_10,seed_0,xgboost,0.37431516740180054,1.0,0.4,0.0547205999992002
split_fidelity,agaricus_lepiota\gaindistill_hybrid\budget_10\seed_1\split_fidelity.json,agaricus_lepiota,gaindistill_hybrid,budget_10,seed_1,xgboost,0.285627029925679,0.0,0.2,0.054838699999891105
split_fidelity,agaricus_lepiota\gaindistill_hybrid\budget_10\seed_2\split_fidelity.json,agaricus_lepiota,gaindistill_hybrid,budget_10,seed_2,xgboost,0.31991542260716843,1.0,0.4,0.08508939999956056
split_fidelity,agaricus_lepiota\gaindistill_hybrid\budget_100\seed_0\split_fidelity.json,agaricus_lepiota,gaindistill_hybrid,budget_100,seed_0,xgboost,0.6552817511006156,0.0,0.4,0.04000840000117023
split_fidelity,agaricus_lepiota\gaindistill_hybrid\budget_100\seed_1\split_fidelity.json,agaricus_lepiota,gaindistill_hybrid,budget_100,seed_1,xgboost,0.36915510622868153,0.0,0.2,0.072111200001018
split_fidelity,agaricus_lepiota\gaindistill_hybrid\budget_100\seed_2\split_fidelity.json,agaricus_lepiota,gaindistill_hybrid,budget_100,seed_2,xgboost,0.5162351091892072,1.0,0.4,0.07963539999946079
split_fidelity,agaricus_lepiota\gaindistill_hybrid\budget_25\seed_0\split_fidelity.json,agaricus_lepiota,gaindistill_hybrid,budget_25,seed_0,xgboost,0.33996314745043105,0.0,0.6,0.05204779999985476
split_fidelity,agaricus_lepiota\gaindistill_hybrid\budget_25\seed_1\split_fidelity.json,agaricus_lepiota,gaindistill_hybrid,budget_25,seed_1,xgboost,0.4501228378243402,0.0,0.4,0.04019319999861182
split_fidelity,agaricus_lepiota\gaindistill_hybrid\budget_25\seed_2\split_fidelity.json,agaricus_lepiota,gaindistill_hybrid,budget_25,seed_2,xgboost,0.3477277516479402,0.0,0.4,0.05324040000050445
split_fidelity,agaricus_lepiota\gaindistill_hybrid\budget_50\seed_0\split_fidelity.json,agaricus_lepiota,gaindistill_hybrid,budget_50,seed_0,xgboost,0.47134780897475,0.0,0.4,0.07069570000021486
split_fidelity,agaricus_lepiota\gaindistill_hybrid\budget_50\seed_1\split_fidelity.json,agaricus_lepiota,gaindistill_hybrid,budget_50,seed_1,xgboost,0.559177564780283,0.0,0.4,0.0647067000008974
split_fidelity,agaricus_lepiota\gaindistill_hybrid\budget_50\seed_2\split_fidelity.json,agaricus_lepiota,gaindistill_hybrid,budget_50,seed_2,xgboost,0.5911749224687556,1.0,0.4,0.037667399999918416
split_fidelity,agaricus_lepiota\gaindistill_path_hybrid\budget_10\seed_0\split_fidelity.json,agaricus_lepiota,gaindistill_path_hybrid,budget_10,seed_0,xgboost,0.32463204368022086,0.0,0.2,0.026377999998658197
split_fidelity,agaricus_lepiota\gaindistill_path_hybrid\budget_10\seed_1\split_fidelity.json,agaricus_lepiota,gaindistill_path_hybrid,budget_10,seed_1,xgboost,0.40706753221144487,1.0,0.2,0.028181699999549892
split_fidelity,agaricus_lepiota\gaindistill_path_hybrid\budget_10\seed_2\split_fidelity.json,agaricus_lepiota,gaindistill_path_hybrid,budget_10,seed_2,xgboost,0.2689324415530031,0.0,0.2,0.022930999999516644
split_fidelity,agaricus_lepiota\gaindistill_path_hybrid\budget_100\seed_0\split_fidelity.json,agaricus_lepiota,gaindistill_path_hybrid,budget_100,seed_0,xgboost,0.2292474025957716,0.0,0.0,0.03053349999936472
split_fidelity,agaricus_lepiota\gaindistill_path_hybrid\budget_100\seed_1\split_fidelity.json,agaricus_lepiota,gaindistill_path_hybrid,budget_100,seed_1,xgboost,0.7691487783145537,1.0,0.8,0.036252500000045984
split_fidelity,agaricus_lepiota\gaindistill_path_hybrid\budget_100\seed_2\split_fidelity.json,agaricus_lepiota,gaindistill_path_hybrid,budget_100,seed_2,xgboost,0.7592254720199638,1.0,0.4,0.04058699999950477
split_fidelity,agaricus_lepiota\gaindistill_path_hybrid\budget_25\seed_0\split_fidelity.json,agaricus_lepiota,gaindistill_path_hybrid,budget_25,seed_0,xgboost,0.3915480119475506,0.0,0.6,0.03192560000024969
split_fidelity,agaricus_lepiota\gaindistill_path_hybrid\budget_25\seed_1\split_fidelity.json,agaricus_lepiota,gaindistill_path_hybrid,budget_25,seed_1,xgboost,0.4955570513493975,0.0,0.4,0.03454050000073039
split_fidelity,agaricus_lepiota\gaindistill_path_hybrid\budget_25\seed_2\split_fidelity.json,agaricus_lepiota,gaindistill_path_hybrid,budget_25,seed_2,xgboost,0.42287563604800643,0.0,0.4,0.03215950000048906
split_fidelity,agaricus_lepiota\gaindistill_path_hybrid\budget_50\seed_0\split_fidelity.json,agaricus_lepiota,gaindistill_path_hybrid,budget_50,seed_0,xgboost,0.49412255619798373,0.0,0.4,0.032845399999132496
split_fidelity,agaricus_lepiota\gaindistill_path_hybrid\budget_50\seed_1\split_fidelity.json,agaricus_lepiota,gaindistill_path_hybrid,budget_50,seed_1,xgboost,0.504528569952298,0.0,0.6,0.031104199999390403
split_fidelity,agaricus_lepiota\gaindistill_path_hybrid\budget_50\seed_2\split_fidelity.json,agaricus_lepiota,gaindistill_path_hybrid,budget_50,seed_2,xgboost,0.5570282215439817,0.0,0.4,0.03450019999945653
split_fidelity,agaricus_lepiota\gain_herding\budget_10\seed_0\split_fidelity.json,agaricus_lepiota,gain_herding,budget_10,seed_0,xgboost,0.3868127605523681,1.0,0.2,0.051328300000022864
split_fidelity,agaricus_lepiota\gain_herding\budget_10\seed_1\split_fidelity.json,agaricus_lepiota,gain_herding,budget_10,seed_1,xgboost,0.3240214458542388,1.0,0.2,0.03229479999936302
split_fidelity,agaricus_lepiota\gain_herding\budget_10\seed_2\split_fidelity.json,agaricus_lepiota,gain_herding,budget_10,seed_2,xgboost,0.3492390460625601,1.0,0.2,0.06807560000015656
split_fidelity,agaricus_lepiota\gain_herding\budget_100\seed_0\split_fidelity.json,agaricus_lepiota,gain_herding,budget_100,seed_0,xgboost,0.6941806454772386,1.0,0.4,0.04131969999980356
split_fidelity,agaricus_lepiota\gain_herding\budget_100\seed_1\split_fidelity.json,agaricus_lepiota,gain_herding,budget_100,seed_1,xgboost,0.6563009578525897,0.0,0.4,0.06021679999867047
split_fidelity,agaricus_lepiota\gain_herding\budget_100\seed_2\split_fidelity.json,agaricus_lepiota,gain_herding,budget_100,seed_2,xgboost,0.7446114970408493,1.0,0.4,0.07658009999977367
split_fidelity,agaricus_lepiota\gain_herding\budget_25\seed_0\split_fidelity.json,agaricus_lepiota,gain_herding,budget_25,seed_0,xgboost,0.37681823488192645,0.0,0.4,0.020634800006519072
split_fidelity,agaricus_lepiota\gain_herding\budget_25\seed_1\split_fidelity.json,agaricus_lepiota,gain_herding,budget_25,seed_1,xgboost,0.4762802073131091,1.0,0.6,0.02638670000305865
split_fidelity,agaricus_lepiota\gain_herding\budget_25\seed_2\split_fidelity.json,agaricus_lepiota,gain_herding,budget_25,seed_2,xgboost,0.42860935089518754,1.0,0.2,0.01979439999558963
split_fidelity,agaricus_lepiota\gain_herding\budget_50\seed_0\split_fidelity.json,agaricus_lepiota,gain_herding,budget_50,seed_0,xgboost,0.5149472983188091,1.0,0.4,0.02373059999081306
split_fidelity,agaricus_lepiota\gain_herding\budget_50\seed_1\split_fidelity.json,agaricus_lepiota,gain_herding,budget_50,seed_1,xgboost,0.4954597070432891,1.0,0.6,0.0251189999980852
split_fidelity,agaricus_lepiota\gain_herding\budget_50\seed_2\split_fidelity.json,agaricus_lepiota,gain_herding,budget_50,seed_2,xgboost,0.4706655237884078,1.0,0.6,0.024174699996365234
split_fidelity,agaricus_lepiota\gain_path_herding\budget_10\seed_0\split_fidelity.json,agaricus_lepiota,gain_path_herding,budget_10,seed_0,xgboost,0.3549868030388069,0.0,0.4,0.02494259999912174
split_fidelity,agaricus_lepiota\gain_path_herding\budget_10\seed_1\split_fidelity.json,agaricus_lepiota,gain_path_herding,budget_10,seed_1,xgboost,0.3953665117481472,0.0,0.2,0.027283299999908195
split_fidelity,agaricus_lepiota\gain_path_herding\budget_10\seed_2\split_fidelity.json,agaricus_lepiota,gain_path_herding,budget_10,seed_2,xgboost,0.3167235750878278,1.0,0.4,0.026592099999106722
split_fidelity,agaricus_lepiota\gain_path_herding\budget_100\seed_0\split_fidelity.json,agaricus_lepiota,gain_path_herding,budget_100,seed_0,xgboost,0.714544643473778,1.0,0.6,0.03385860000162211
split_fidelity,agaricus_lepiota\gain_path_herding\budget_100\seed_1\split_fidelity.json,agaricus_lepiota,gain_path_herding,budget_100,seed_1,xgboost,0.7185000079000948,1.0,0.6,0.027873899998667184
split_fidelity,agaricus_lepiota\gain_path_herding\budget_100\seed_2\split_fidelity.json,agaricus_lepiota,gain_path_herding,budget_100,seed_2,xgboost,0.7117452974007545,1.0,0.6,0.03264180000041961
split_fidelity,agaricus_lepiota\gain_path_herding\budget_25\seed_0\split_fidelity.json,agaricus_lepiota,gain_path_herding,budget_25,seed_0,xgboost,0.46655309223891006,0.0,0.4,0.023063000000547618
split_fidelity,agaricus_lepiota\gain_path_herding\budget_25\seed_1\split_fidelity.json,agaricus_lepiota,gain_path_herding,budget_25,seed_1,xgboost,0.4666929627570081,1.0,0.4,0.020807299995794892
split_fidelity,agaricus_lepiota\gain_path_herding\budget_25\seed_2\split_fidelity.json,agaricus_lepiota,gain_path_herding,budget_25,seed_2,xgboost,0.4334442179038279,1.0,0.2,0.020507099994574673
split_fidelity,agaricus_lepiota\gain_path_herding\budget_50\seed_0\split_fidelity.json,agaricus_lepiota,gain_path_herding,budget_50,seed_0,xgboost,0.5734582426475798,0.0,0.4,0.02356429999053944
split_fidelity,agaricus_lepiota\gain_path_herding\budget_50\seed_1\split_fidelity.json,agaricus_lepiota,gain_path_herding,budget_50,seed_1,xgboost,0.6026480627517167,1.0,0.4,0.023576299994601868
split_fidelity,agaricus_lepiota\gain_path_herding\budget_50\seed_2\split_fidelity.json,agaricus_lepiota,gain_path_herding,budget_50,seed_2,xgboost,0.45727107384232096,0.0,0.4,0.021187999998801388
split_fidelity,agaricus_lepiota\gain_path_refined\budget_25\seed_0\split_fidelity.json,agaricus_lepiota,gain_path_refined,budget_25,seed_0,xgboost,0.510686657880879,0.0,0.4,0.01979859999846667
split_fidelity,agaricus_lepiota\gain_path_refined\budget_25\seed_1\split_fidelity.json,agaricus_lepiota,gain_path_refined,budget_25,seed_1,xgboost,0.47185620003870427,1.0,0.4,0.01989559999492485
split_fidelity,agaricus_lepiota\gain_path_refined\budget_25\seed_2\split_fidelity.json,agaricus_lepiota,gain_path_refined,budget_25,seed_2,xgboost,0.43651908468654277,1.0,0.2,0.01785419999214355
split_fidelity,agaricus_lepiota\gain_path_refined\budget_50\seed_0\split_fidelity.json,agaricus_lepiota,gain_path_refined,budget_50,seed_0,xgboost,0.5878474387758497,0.0,0.4,0.022116099993581884
split_fidelity,agaricus_lepiota\gain_path_refined\budget_50\seed_1\split_fidelity.json,agaricus_lepiota,gain_path_refined,budget_50,seed_1,xgboost,0.5888191409477718,1.0,0.6,0.020289199994294904
split_fidelity,agaricus_lepiota\gain_path_refined\budget_50\seed_2\split_fidelity.json,agaricus_lepiota,gain_path_refined,budget_50,seed_2,xgboost,0.48664130172106995,0.0,0.4,0.01923689999966882
split_fidelity,agaricus_lepiota\gain_path_safeguarded\budget_25\seed_0\split_fidelity.json,agaricus_lepiota,gain_path_safeguarded,budget_25,seed_0,xgboost,0.510686657880879,0.0,0.4,0.023927699992782436
split_fidelity,agaricus_lepiota\gain_path_safeguarded\budget_25\seed_1\split_fidelity.json,agaricus_lepiota,gain_path_safeguarded,budget_25,seed_1,xgboost,0.47185620003870427,1.0,0.4,0.02039659999718424
split_fidelity,agaricus_lepiota\gain_path_safeguarded\budget_25\seed_2\split_fidelity.json,agaricus_lepiota,gain_path_safeguarded,budget_25,seed_2,xgboost,0.43651908468654277,1.0,0.2,0.023027599992929026
split_fidelity,agaricus_lepiota\gain_path_safeguarded\budget_50\seed_0\split_fidelity.json,agaricus_lepiota,gain_path_safeguarded,budget_50,seed_0,xgboost,0.5878474387758497,0.0,0.4,0.022606200000154786
split_fidelity,agaricus_lepiota\gain_path_safeguarded\budget_50\seed_1\split_fidelity.json,agaricus_lepiota,gain_path_safeguarded,budget_50,seed_1,xgboost,0.5888191409477718,1.0,0.6,0.025070600007893518
split_fidelity,agaricus_lepiota\gain_path_safeguarded\budget_50\seed_2\split_fidelity.json,agaricus_lepiota,gain_path_safeguarded,budget_50,seed_2,xgboost,0.48664130172106995,0.0,0.4,0.021680800011381507
split_fidelity,agaricus_lepiota\gain_weighted_coreset\budget_10\seed_0\split_fidelity.json,agaricus_lepiota,gain_weighted_coreset,budget_10,seed_0,xgboost,0.37431516740180054,1.0,0.4,0.06692549999934272
split_fidelity,agaricus_lepiota\gain_weighted_coreset\budget_10\seed_1\split_fidelity.json,agaricus_lepiota,gain_weighted_coreset,budget_10,seed_1,xgboost,0.285627029925679,0.0,0.2,0.06936719999976049
split_fidelity,agaricus_lepiota\gain_weighted_coreset\budget_10\seed_2\split_fidelity.json,agaricus_lepiota,gain_weighted_coreset,budget_10,seed_2,xgboost,0.31991542260716843,1.0,0.4,0.05171200000040699
split_fidelity,agaricus_lepiota\gain_weighted_coreset\budget_100\seed_0\split_fidelity.json,agaricus_lepiota,gain_weighted_coreset,budget_100,seed_0,xgboost,0.6552817511006156,0.0,0.4,0.04561480000120355
split_fidelity,agaricus_lepiota\gain_weighted_coreset\budget_100\seed_1\split_fidelity.json,agaricus_lepiota,gain_weighted_coreset,budget_100,seed_1,xgboost,0.36915510622868153,0.0,0.2,0.04804289999992761
split_fidelity,agaricus_lepiota\gain_weighted_coreset\budget_100\seed_2\split_fidelity.json,agaricus_lepiota,gain_weighted_coreset,budget_100,seed_2,xgboost,0.5162351091892072,1.0,0.4,0.03742380000039702
split_fidelity,agaricus_lepiota\gain_weighted_coreset\budget_25\seed_0\split_fidelity.json,agaricus_lepiota,gain_weighted_coreset,budget_25,seed_0,xgboost,0.33996314745043105,0.0,0.6,0.05436600000030012
split_fidelity,agaricus_lepiota\gain_weighted_coreset\budget_25\seed_1\split_fidelity.json,agaricus_lepiota,gain_weighted_coreset,budget_25,seed_1,xgboost,0.4501228378243402,0.0,0.4,0.03888780000124825
split_fidelity,agaricus_lepiota\gain_weighted_coreset\budget_25\seed_2\split_fidelity.json,agaricus_lepiota,gain_weighted_coreset,budget_25,seed_2,xgboost,0.3477277516479402,0.0,0.4,0.0459050000008574
split_fidelity,agaricus_lepiota\gain_weighted_coreset\budget_50\seed_0\split_fidelity.json,agaricus_lepiota,gain_weighted_coreset,budget_50,seed_0,xgboost,0.47134780897475,0.0,0.4,0.08407769999939774
split_fidelity,agaricus_lepiota\gain_weighted_coreset\budget_50\seed_1\split_fidelity.json,agaricus_lepiota,gain_weighted_coreset,budget_50,seed_1,xgboost,0.559177564780283,0.0,0.4,0.07373089999964577
split_fidelity,agaricus_lepiota\gain_weighted_coreset\budget_50\seed_2\split_fidelity.json,agaricus_lepiota,gain_weighted_coreset,budget_50,seed_2,xgboost,0.5911749224687556,1.0,0.4,0.04424959999960265
split_fidelity,agaricus_lepiota\gradient_sampling\budget_10\seed_0\split_fidelity.json,agaricus_lepiota,gradient_sampling,budget_10,seed_0,xgboost,0.10739997696288056,0.0,0.0,0.018551800000750518
split_fidelity,agaricus_lepiota\gradient_sampling\budget_10\seed_1\split_fidelity.json,agaricus_lepiota,gradient_sampling,budget_10,seed_1,xgboost,0.1426078637792058,0.0,0.0,0.02241909999975178
split_fidelity,agaricus_lepiota\gradient_sampling\budget_10\seed_2\split_fidelity.json,agaricus_lepiota,gradient_sampling,budget_10,seed_2,xgboost,0.18033342632136504,0.0,0.0,0.018493100000341656
split_fidelity,agaricus_lepiota\gradient_sampling\budget_100\seed_0\split_fidelity.json,agaricus_lepiota,gradient_sampling,budget_100,seed_0,xgboost,0.3057992001527652,0.0,0.2,0.03348259999984293
split_fidelity,agaricus_lepiota\gradient_sampling\budget_100\seed_1\split_fidelity.json,agaricus_lepiota,gradient_sampling,budget_100,seed_1,xgboost,0.39394858079410683,0.0,0.2,0.032135399999788206
split_fidelity,agaricus_lepiota\gradient_sampling\budget_100\seed_2\split_fidelity.json,agaricus_lepiota,gradient_sampling,budget_100,seed_2,xgboost,0.4057186557427639,0.0,0.2,0.033368300000802265
split_fidelity,agaricus_lepiota\gradient_sampling\budget_25\seed_0\split_fidelity.json,agaricus_lepiota,gradient_sampling,budget_25,seed_0,xgboost,0.0777592869038762,0.0,0.0,0.02364789999955974
split_fidelity,agaricus_lepiota\gradient_sampling\budget_25\seed_1\split_fidelity.json,agaricus_lepiota,gradient_sampling,budget_25,seed_1,xgboost,0.24904014094650118,0.0,0.0,0.03061359999992419
split_fidelity,agaricus_lepiota\gradient_sampling\budget_25\seed_2\split_fidelity.json,agaricus_lepiota,gradient_sampling,budget_25,seed_2,xgboost,0.19255928157654795,0.0,0.0,0.025121900000158348
split_fidelity,agaricus_lepiota\gradient_sampling\budget_50\seed_0\split_fidelity.json,agaricus_lepiota,gradient_sampling,budget_50,seed_0,xgboost,0.29864729024556413,0.0,0.2,0.03439799999978277
split_fidelity,agaricus_lepiota\gradient_sampling\budget_50\seed_1\split_fidelity.json,agaricus_lepiota,gradient_sampling,budget_50,seed_1,xgboost,0.3525095105956166,0.0,0.0,0.034090500000274915
split_fidelity,agaricus_lepiota\gradient_sampling\budget_50\seed_2\split_fidelity.json,agaricus_lepiota,gradient_sampling,budget_50,seed_2,xgboost,0.28583559868099206,0.0,0.2,0.022649399999863817
split_fidelity,agaricus_lepiota\herding\budget_10\seed_0\split_fidelity.json,agaricus_lepiota,herding,budget_10,seed_0,xgboost,0.2422843069895979,0.0,0.4,0.028223199999956705
split_fidelity,agaricus_lepiota\herding\budget_10\seed_1\split_fidelity.json,agaricus_lepiota,herding,budget_10,seed_1,xgboost,0.2540582358949994,0.0,0.4,0.018411299999570474
split_fidelity,agaricus_lepiota\herding\budget_10\seed_2\split_fidelity.json,agaricus_lepiota,herding,budget_10,seed_2,xgboost,0.2157944294060362,0.0,0.4,0.022150499999952444
split_fidelity,agaricus_lepiota\herding\budget_100\seed_0\split_fidelity.json,agaricus_lepiota,herding,budget_100,seed_0,xgboost,0.4030466257804515,1.0,0.2,0.028584099999534374
split_fidelity,agaricus_lepiota\herding\budget_100\seed_1\split_fidelity.json,agaricus_lepiota,herding,budget_100,seed_1,xgboost,0.43997330432734294,1.0,0.4,0.034012900000561785
split_fidelity,agaricus_lepiota\herding\budget_100\seed_2\split_fidelity.json,agaricus_lepiota,herding,budget_100,seed_2,xgboost,0.42678650433442755,1.0,0.4,0.028190099999847007
split_fidelity,agaricus_lepiota\herding\budget_25\seed_0\split_fidelity.json,agaricus_lepiota,herding,budget_25,seed_0,xgboost,0.37667544095586514,0.0,0.2,0.020344100004876964
split_fidelity,agaricus_lepiota\herding\budget_25\seed_1\split_fidelity.json,agaricus_lepiota,herding,budget_25,seed_1,xgboost,0.36319572364377983,0.0,0.2,0.01891030000115279
split_fidelity,agaricus_lepiota\herding\budget_25\seed_2\split_fidelity.json,agaricus_lepiota,herding,budget_25,seed_2,xgboost,0.32369004454524164,0.0,0.2,0.024285000006784685
split_fidelity,agaricus_lepiota\herding\budget_50\seed_0\split_fidelity.json,agaricus_lepiota,herding,budget_50,seed_0,xgboost,0.401006625289099,0.0,0.2,0.026069200001074933
split_fidelity,agaricus_lepiota\herding\budget_50\seed_1\split_fidelity.json,agaricus_lepiota,herding,budget_50,seed_1,xgboost,0.4323038520840563,0.0,0.6,0.02539969999634195
split_fidelity,agaricus_lepiota\herding\budget_50\seed_2\split_fidelity.json,agaricus_lepiota,herding,budget_50,seed_2,xgboost,0.38838854974312903,0.0,0.4,0.025937700003851205
split_fidelity,agaricus_lepiota\k_center\budget_10\seed_0\split_fidelity.json,agaricus_lepiota,k_center,budget_10,seed_0,xgboost,0.3657022232505568,0.0,0.2,0.031483700000535464
split_fidelity,agaricus_lepiota\k_center\budget_10\seed_1\split_fidelity.json,agaricus_lepiota,k_center,budget_10,seed_1,xgboost,0.49833386358624554,0.0,0.4,0.027437400000053458
split_fidelity,agaricus_lepiota\k_center\budget_10\seed_2\split_fidelity.json,agaricus_lepiota,k_center,budget_10,seed_2,xgboost,0.556055407810105,0.0,0.4,0.030848999999761872
split_fidelity,agaricus_lepiota\k_center\budget_100\seed_0\split_fidelity.json,agaricus_lepiota,k_center,budget_100,seed_0,xgboost,0.7318550106609808,0.0,0.2,0.03379229999973177
split_fidelity,agaricus_lepiota\k_center\budget_100\seed_1\split_fidelity.json,agaricus_lepiota,k_center,budget_100,seed_1,xgboost,0.7011317163798669,1.0,0.6,0.03803879999941273
split_fidelity,agaricus_lepiota\k_center\budget_100\seed_2\split_fidelity.json,agaricus_lepiota,k_center,budget_100,seed_2,xgboost,0.7022430267152706,1.0,0.4,0.03129510000053415
split_fidelity,agaricus_lepiota\k_center\budget_25\seed_0\split_fidelity.json,agaricus_lepiota,k_center,budget_25,seed_0,xgboost,0.5938944971049199,0.0,0.6,0.030433900000389258
split_fidelity,agaricus_lepiota\k_center\budget_25\seed_1\split_fidelity.json,agaricus_lepiota,k_center,budget_25,seed_1,xgboost,0.6787278031205769,0.0,0.6,0.02994570000009844
split_fidelity,agaricus_lepiota\k_center\budget_25\seed_2\split_fidelity.json,agaricus_lepiota,k_center,budget_25,seed_2,xgboost,0.553108959614937,0.0,0.8,0.03322959999968589
split_fidelity,agaricus_lepiota\k_center\budget_50\seed_0\split_fidelity.json,agaricus_lepiota,k_center,budget_50,seed_0,xgboost,0.5998489168756771,1.0,0.6,0.0301712000000407
split_fidelity,agaricus_lepiota\k_center\budget_50\seed_1\split_fidelity.json,agaricus_lepiota,k_center,budget_50,seed_1,xgboost,0.6662437339028966,1.0,0.6,0.032650699999976496
split_fidelity,agaricus_lepiota\k_center\budget_50\seed_2\split_fidelity.json,agaricus_lepiota,k_center,budget_50,seed_2,xgboost,0.5629353587747818,1.0,0.6,0.03279500000007829
split_fidelity,agaricus_lepiota\random\budget_10\seed_0\split_fidelity.json,agaricus_lepiota,random,budget_10,seed_0,xgboost,0.20335767473654312,0.0,0.4,0.02191679999941698
split_fidelity,agaricus_lepiota\random\budget_10\seed_1\split_fidelity.json,agaricus_lepiota,random,budget_10,seed_1,xgboost,0.3217196567738788,0.0,0.4,0.023076399999808928
split_fidelity,agaricus_lepiota\random\budget_10\seed_2\split_fidelity.json,agaricus_lepiota,random,budget_10,seed_2,xgboost,0.2455205421260782,1.0,0.4,0.022730600000613777
split_fidelity,agaricus_lepiota\random\budget_100\seed_0\split_fidelity.json,agaricus_lepiota,random,budget_100,seed_0,xgboost,0.5864267074205465,1.0,0.8,0.03289929999937158
split_fidelity,agaricus_lepiota\random\budget_100\seed_1\split_fidelity.json,agaricus_lepiota,random,budget_100,seed_1,xgboost,0.5480311931720843,1.0,0.6,0.03171909999946365
split_fidelity,agaricus_lepiota\random\budget_100\seed_2\split_fidelity.json,agaricus_lepiota,random,budget_100,seed_2,xgboost,0.5173076748631981,1.0,0.4,0.0369909999999436
split_fidelity,agaricus_lepiota\random\budget_25\seed_0\split_fidelity.json,agaricus_lepiota,random,budget_25,seed_0,xgboost,0.46957803642795276,1.0,0.6,0.021414499991806224
split_fidelity,agaricus_lepiota\random\budget_25\seed_1\split_fidelity.json,agaricus_lepiota,random,budget_25,seed_1,xgboost,0.47179215142538705,0.0,0.2,0.01904820000345353
split_fidelity,agaricus_lepiota\random\budget_25\seed_2\split_fidelity.json,agaricus_lepiota,random,budget_25,seed_2,xgboost,0.39803754177272166,0.0,0.2,0.019731799999135546
split_fidelity,agaricus_lepiota\random\budget_50\seed_0\split_fidelity.json,agaricus_lepiota,random,budget_50,seed_0,xgboost,0.47435231263685973,0.0,0.4,0.019618999998783693
split_fidelity,agaricus_lepiota\random\budget_50\seed_1\split_fidelity.json,agaricus_lepiota,random,budget_50,seed_1,xgboost,0.3947658560408293,0.0,0.2,0.015900900005362928
split_fidelity,agaricus_lepiota\random\budget_50\seed_2\split_fidelity.json,agaricus_lepiota,random,budget_50,seed_2,xgboost,0.4013804534134443,0.0,0.4,0.015343499995651655
split_fidelity,agaricus_lepiota\sketch_no_conf\budget_50\seed_0\split_fidelity.json,agaricus_lepiota,sketch_no_conf,budget_50,seed_0,xgboost,0.5149472983188091,1.0,0.4,0.02944769999885466
split_fidelity,agaricus_lepiota\sketch_no_gain_weight\budget_50\seed_0\split_fidelity.json,agaricus_lepiota,sketch_no_gain_weight,budget_50,seed_0,xgboost,0.5149472983188091,1.0,0.4,0.025422299999263487
split_fidelity,agaricus_lepiota\sketch_no_grad\budget_50\seed_0\split_fidelity.json,agaricus_lepiota,sketch_no_grad,budget_50,seed_0,xgboost,0.5801076644341128,0.0,0.6,0.02144659999976284
split_fidelity,agaricus_lepiota\sketch_no_hess\budget_50\seed_0\split_fidelity.json,agaricus_lepiota,sketch_no_hess,budget_50,seed_0,xgboost,0.6196931750344553,1.0,0.6,0.03009869999914372
split_fidelity,agaricus_lepiota\sketch_no_raw\budget_50\seed_0\split_fidelity.json,agaricus_lepiota,sketch_no_raw,budget_50,seed_0,xgboost,0.68897800705018,1.0,0.6,0.024309100001119077
split_fidelity,agaricus_lepiota\sketch_occupancy_only\budget_50\seed_0\split_fidelity.json,agaricus_lepiota,sketch_occupancy_only,budget_50,seed_0,xgboost,0.4997320015347639,0.0,0.4,0.020774399999936577
split_fidelity,agaricus_lepiota\tree_region\budget_10\seed_0\split_fidelity.json,agaricus_lepiota,tree_region,budget_10,seed_0,xgboost,0.10739997696288056,0.0,0.0,0.018264400000589376
split_fidelity,agaricus_lepiota\tree_region\budget_10\seed_1\split_fidelity.json,agaricus_lepiota,tree_region,budget_10,seed_1,xgboost,0.1426078637792058,0.0,0.0,0.02094929999930173
split_fidelity,agaricus_lepiota\tree_region\budget_10\seed_2\split_fidelity.json,agaricus_lepiota,tree_region,budget_10,seed_2,xgboost,0.18033342632136504,0.0,0.0,0.02277299999968818
split_fidelity,agaricus_lepiota\tree_region\budget_100\seed_0\split_fidelity.json,agaricus_lepiota,tree_region,budget_100,seed_0,xgboost,0.3057992001527652,0.0,0.2,0.030962599999838858
split_fidelity,agaricus_lepiota\tree_region\budget_100\seed_1\split_fidelity.json,agaricus_lepiota,tree_region,budget_100,seed_1,xgboost,0.39394858079410683,0.0,0.2,0.03064289999929315
split_fidelity,agaricus_lepiota\tree_region\budget_100\seed_2\split_fidelity.json,agaricus_lepiota,tree_region,budget_100,seed_2,xgboost,0.4057186557427639,0.0,0.2,0.027987299999949755
split_fidelity,agaricus_lepiota\tree_region\budget_25\seed_0\split_fidelity.json,agaricus_lepiota,tree_region,budget_25,seed_0,xgboost,0.0777592869038762,0.0,0.0,0.026659899999685877
split_fidelity,agaricus_lepiota\tree_region\budget_25\seed_1\split_fidelity.json,agaricus_lepiota,tree_region,budget_25,seed_1,xgboost,0.24904014094650118,0.0,0.0,0.022163200000250072
split_fidelity,agaricus_lepiota\tree_region\budget_25\seed_2\split_fidelity.json,agaricus_lepiota,tree_region,budget_25,seed_2,xgboost,0.19255928157654795,0.0,0.0,0.023188199999822245
split_fidelity,agaricus_lepiota\tree_region\budget_50\seed_0\split_fidelity.json,agaricus_lepiota,tree_region,budget_50,seed_0,xgboost,0.29864729024556413,0.0,0.2,0.02207139999973151
split_fidelity,agaricus_lepiota\tree_region\budget_50\seed_1\split_fidelity.json,agaricus_lepiota,tree_region,budget_50,seed_1,xgboost,0.3525095105956166,0.0,0.0,0.024599299999863433
split_fidelity,agaricus_lepiota\tree_region\budget_50\seed_2\split_fidelity.json,agaricus_lepiota,tree_region,budget_50,seed_2,xgboost,0.28583559868099206,0.0,0.2,0.01923480000004929
split_fidelity,australian\ablation_full\budget_50\seed_0\split_fidelity.json,australian,ablation_full,budget_50,seed_0,xgboost,-0.07708805106169259,0.0,0.0,0.0448590999994849
split_fidelity,australian\ablation_no_child\budget_50\seed_0\split_fidelity.json,australian,ablation_no_child,budget_50,seed_0,xgboost,0.02258761085528273,0.0,0.0,0.05053360000056273
split_fidelity,australian\ablation_no_entropy_anneal\budget_50\seed_0\split_fidelity.json,australian,ablation_no_entropy_anneal,budget_50,seed_0,xgboost,-0.04096760016585501,0.0,0.2,0.06171840000024531
split_fidelity,australian\ablation_no_gain\budget_50\seed_0\split_fidelity.json,australian,ablation_no_gain,budget_50,seed_0,xgboost,-0.21383910802816739,1.0,0.4,0.054226300000664196
split_fidelity,australian\ablation_no_hist\budget_50\seed_0\split_fidelity.json,australian,ablation_no_hist,budget_50,seed_0,xgboost,-0.052283547650056036,0.0,0.2,0.10347410000031232
split_fidelity,australian\ablation_no_margin\budget_50\seed_0\split_fidelity.json,australian,ablation_no_margin,budget_50,seed_0,xgboost,-0.22676272350543394,0.0,0.0,0.07919820000006439
split_fidelity,australian\ablation_no_marginal\budget_50\seed_0\split_fidelity.json,australian,ablation_no_marginal,budget_50,seed_0,xgboost,-0.18055029173132459,0.0,0.0,0.15723440000056144
split_fidelity,australian\ablation_no_newton\budget_50\seed_0\split_fidelity.json,australian,ablation_no_newton,budget_50,seed_0,xgboost,-0.0752644577295871,0.0,0.0,0.1008996999998999
split_fidelity,australian\ablation_no_pairwise\budget_50\seed_0\split_fidelity.json,australian,ablation_no_pairwise,budget_50,seed_0,xgboost,-0.10371428990865916,0.0,0.0,0.03807959999994637
split_fidelity,australian\distribution_matching\budget_10\seed_0\split_fidelity.json,australian,distribution_matching,budget_10,seed_0,xgboost,-0.00602225988568888,0.0,0.0,0.04973419999987527
split_fidelity,australian\distribution_matching\budget_10\seed_1\split_fidelity.json,australian,distribution_matching,budget_10,seed_1,xgboost,0.042953346174800296,0.0,0.2,0.04947379999975965
split_fidelity,australian\distribution_matching\budget_10\seed_2\split_fidelity.json,australian,distribution_matching,budget_10,seed_2,xgboost,0.11561653963728812,0.0,0.2,0.04380200000014156
split_fidelity,australian\distribution_matching\budget_100\seed_0\split_fidelity.json,australian,distribution_matching,budget_100,seed_0,xgboost,0.1873721546538225,0.0,0.2,0.06767320000017207
split_fidelity,australian\distribution_matching\budget_100\seed_1\split_fidelity.json,australian,distribution_matching,budget_100,seed_1,xgboost,0.3150639725730271,0.0,0.0,0.0620615000007092
split_fidelity,australian\distribution_matching\budget_100\seed_2\split_fidelity.json,australian,distribution_matching,budget_100,seed_2,xgboost,0.33899637736024885,1.0,0.4,0.07319710000047053
split_fidelity,australian\distribution_matching\budget_25\seed_0\split_fidelity.json,australian,distribution_matching,budget_25,seed_0,xgboost,0.06860710004517039,0.0,0.0,0.04938040000070032
split_fidelity,australian\distribution_matching\budget_25\seed_1\split_fidelity.json,australian,distribution_matching,budget_25,seed_1,xgboost,0.2768921493436979,0.0,0.0,0.05280820000007225
split_fidelity,australian\distribution_matching\budget_25\seed_2\split_fidelity.json,australian,distribution_matching,budget_25,seed_2,xgboost,0.14738773386609869,0.0,0.2,0.047823100000641716
split_fidelity,australian\distribution_matching\budget_50\seed_0\split_fidelity.json,australian,distribution_matching,budget_50,seed_0,xgboost,0.0791717049616978,0.0,0.0,0.052962799999477284
split_fidelity,australian\distribution_matching\budget_50\seed_1\split_fidelity.json,australian,distribution_matching,budget_50,seed_1,xgboost,0.37741048914956393,0.0,0.2,0.04564669999945181
split_fidelity,australian\distribution_matching\budget_50\seed_2\split_fidelity.json,australian,distribution_matching,budget_50,seed_2,xgboost,0.32501346845607315,0.0,0.0,0.04730889999973442
split_fidelity,australian\full_data\budget_10\seed_0\split_fidelity.json,australian,full_data,budget_10,seed_0,xgboost,1.0,1.0,1.0,0.06823660000009113
split_fidelity,australian\full_data\budget_10\seed_1\split_fidelity.json,australian,full_data,budget_10,seed_1,xgboost,0.8746391378606733,0.0,0.8,0.06464649999998073
split_fidelity,australian\full_data\budget_10\seed_2\split_fidelity.json,australian,full_data,budget_10,seed_2,xgboost,0.911297743712798,1.0,0.6,0.06885650000003807
split_fidelity,australian\full_data\budget_100\seed_0\split_fidelity.json,australian,full_data,budget_100,seed_0,xgboost,1.0,1.0,1.0,0.07366920000004029
split_fidelity,australian\full_data\budget_100\seed_1\split_fidelity.json,australian,full_data,budget_100,seed_1,xgboost,0.8746391378606733,0.0,0.8,0.0756600000004255
split_fidelity,australian\full_data\budget_100\seed_2\split_fidelity.json,australian,full_data,budget_100,seed_2,xgboost,0.911297743712798,1.0,0.6,0.06479179999951157
split_fidelity,australian\full_data\budget_25\seed_0\split_fidelity.json,australian,full_data,budget_25,seed_0,xgboost,1.0,1.0,1.0,0.06469689999994443
split_fidelity,australian\full_data\budget_25\seed_1\split_fidelity.json,australian,full_data,budget_25,seed_1,xgboost,0.8746391378606733,0.0,0.8,0.063646499999777
split_fidelity,australian\full_data\budget_25\seed_2\split_fidelity.json,australian,full_data,budget_25,seed_2,xgboost,0.911297743712798,1.0,0.6,0.06207150000045658
split_fidelity,australian\full_data\budget_50\seed_0\split_fidelity.json,australian,full_data,budget_50,seed_0,xgboost,1.0,1.0,1.0,0.062669800000549
split_fidelity,australian\full_data\budget_50\seed_1\split_fidelity.json,australian,full_data,budget_50,seed_1,xgboost,0.8746391378606733,0.0,0.8,0.060269099999459286
split_fidelity,australian\full_data\budget_50\seed_2\split_fidelity.json,australian,full_data,budget_50,seed_2,xgboost,0.911297743712798,1.0,0.6,0.07284980000076757
split_fidelity,australian\gaindistill\budget_10\seed_0\split_fidelity.json,australian,gaindistill,budget_10,seed_0,xgboost,0.06040447331707293,0.0,0.0,0.04473079999934271
split_fidelity,australian\gaindistill\budget_10\seed_1\split_fidelity.json,australian,gaindistill,budget_10,seed_1,xgboost,-0.07162468437365042,0.0,0.2,0.03942730000017036
split_fidelity,australian\gaindistill\budget_10\seed_2\split_fidelity.json,australian,gaindistill,budget_10,seed_2,xgboost,-0.26119303967027374,0.0,0.2,0.04024329999992915
split_fidelity,australian\gaindistill\budget_100\seed_0\split_fidelity.json,australian,gaindistill,budget_100,seed_0,xgboost,-0.1399502148077658,0.0,0.0,0.0553885999997874
split_fidelity,australian\gaindistill\budget_100\seed_1\split_fidelity.json,australian,gaindistill,budget_100,seed_1,xgboost,-0.19444014458215902,0.0,0.2,0.04574159999992844
split_fidelity,australian\gaindistill\budget_100\seed_2\split_fidelity.json,australian,gaindistill,budget_100,seed_2,xgboost,0.10361270168783321,0.0,0.0,0.04957459999968705
split_fidelity,australian\gaindistill\budget_25\seed_0\split_fidelity.json,australian,gaindistill,budget_25,seed_0,xgboost,-0.07578599389688032,0.0,0.0,0.04817739999998594
split_fidelity,australian\gaindistill\budget_25\seed_1\split_fidelity.json,australian,gaindistill,budget_25,seed_1,xgboost,-0.13899378446451235,0.0,0.2,0.03566300000056799
split_fidelity,australian\gaindistill\budget_25\seed_2\split_fidelity.json,australian,gaindistill,budget_25,seed_2,xgboost,-0.2537335995446903,0.0,0.2,0.03670530000090366
split_fidelity,australian\gaindistill\budget_50\seed_0\split_fidelity.json,australian,gaindistill,budget_50,seed_0,xgboost,-0.07708805106169259,0.0,0.0,0.04841339999984484
split_fidelity,australian\gaindistill\budget_50\seed_1\split_fidelity.json,australian,gaindistill,budget_50,seed_1,xgboost,-0.09629267964029288,0.0,0.2,0.04941069999949832
split_fidelity,australian\gaindistill\budget_50\seed_2\split_fidelity.json,australian,gaindistill,budget_50,seed_2,xgboost,-0.3449121284184695,0.0,0.2,0.03963909999947646
split_fidelity,australian\gaindistill_anchor\budget_25\seed_0\split_fidelity.json,australian,gaindistill_anchor,budget_25,seed_0,xgboost,0.3435130555837575,0.0,0.4,0.022875599999679253
split_fidelity,australian\gaindistill_anchor\budget_25\seed_1\split_fidelity.json,australian,gaindistill_anchor,budget_25,seed_1,xgboost,0.4789515327937968,1.0,0.4,0.025630299998738337
split_fidelity,australian\gaindistill_anchor\budget_25\seed_2\split_fidelity.json,australian,gaindistill_anchor,budget_25,seed_2,xgboost,0.10100153626786104,1.0,0.2,0.022609200001170393
split_fidelity,australian\gaindistill_anchor\budget_50\seed_0\split_fidelity.json,australian,gaindistill_anchor,budget_50,seed_0,xgboost,0.3017081436827933,0.0,0.4,0.024017199997615535
split_fidelity,australian\gaindistill_anchor\budget_50\seed_1\split_fidelity.json,australian,gaindistill_anchor,budget_50,seed_1,xgboost,0.41950201295686007,0.0,0.2,0.02455759999793372
split_fidelity,australian\gaindistill_anchor\budget_50\seed_2\split_fidelity.json,australian,gaindistill_anchor,budget_50,seed_2,xgboost,0.3397886443457282,0.0,0.2,0.020873299999948358
split_fidelity,australian\gaindistill_full\budget_25\seed_0\split_fidelity.json,australian,gaindistill_full,budget_25,seed_0,xgboost,0.30983215214307724,0.0,0.2,0.021955000000161817
split_fidelity,australian\gaindistill_full\budget_25\seed_1\split_fidelity.json,australian,gaindistill_full,budget_25,seed_1,xgboost,0.4789515327937968,1.0,0.4,0.025019300001076772
split_fidelity,australian\gaindistill_full\budget_25\seed_2\split_fidelity.json,australian,gaindistill_full,budget_25,seed_2,xgboost,0.13140250803890707,1.0,0.2,0.02509029999964696
split_fidelity,australian\gaindistill_full\budget_50\seed_0\split_fidelity.json,australian,gaindistill_full,budget_50,seed_0,xgboost,0.27859068870511,0.0,0.4,0.026170499999352614
split_fidelity,australian\gaindistill_full\budget_50\seed_1\split_fidelity.json,australian,gaindistill_full,budget_50,seed_1,xgboost,0.41841100386361485,0.0,0.2,0.025057700000616023
split_fidelity,australian\gaindistill_full\budget_50\seed_2\split_fidelity.json,australian,gaindistill_full,budget_50,seed_2,xgboost,0.3642538840328204,0.0,0.2,0.030315100000734674
split_fidelity,australian\gaindistill_hybrid\budget_10\seed_0\split_fidelity.json,australian,gaindistill_hybrid,budget_10,seed_0,xgboost,0.029514886538797667,0.0,0.0,0.10331070000029285
split_fidelity,australian\gaindistill_hybrid\budget_10\seed_1\split_fidelity.json,australian,gaindistill_hybrid,budget_10,seed_1,xgboost,0.19565916424887994,0.0,0.0,0.037382100001195795
split_fidelity,australian\gaindistill_hybrid\budget_10\seed_2\split_fidelity.json,australian,gaindistill_hybrid,budget_10,seed_2,xgboost,0.04061893158552036,0.0,0.2,0.03167159999975411
split_fidelity,australian\gaindistill_hybrid\budget_100\seed_0\split_fidelity.json,australian,gaindistill_hybrid,budget_100,seed_0,xgboost,0.42425616493359425,0.0,0.0,0.0665921999989223
split_fidelity,australian\gaindistill_hybrid\budget_100\seed_1\split_fidelity.json,australian,gaindistill_hybrid,budget_100,seed_1,xgboost,0.5336124504365612,0.0,0.6,0.11438880000059726
split_fidelity,australian\gaindistill_hybrid\budget_100\seed_2\split_fidelity.json,australian,gaindistill_hybrid,budget_100,seed_2,xgboost,0.6077764446877657,0.0,0.4,0.06248479999885603
split_fidelity,australian\gaindistill_hybrid\budget_25\seed_0\split_fidelity.json,australian,gaindistill_hybrid,budget_25,seed_0,xgboost,0.138099041056544,0.0,0.0,0.04554869999992661
split_fidelity,australian\gaindistill_hybrid\budget_25\seed_1\split_fidelity.json,australian,gaindistill_hybrid,budget_25,seed_1,xgboost,0.3097649883718934,0.0,0.0,0.03974890000063169
split_fidelity,australian\gaindistill_hybrid\budget_25\seed_2\split_fidelity.json,australian,gaindistill_hybrid,budget_25,seed_2,xgboost,0.5269785432940839,0.0,0.4,0.027891300000192132
split_fidelity,australian\gaindistill_hybrid\budget_50\seed_0\split_fidelity.json,australian,gaindistill_hybrid,budget_50,seed_0,xgboost,0.1895601834995097,0.0,0.0,0.03901340000084019
split_fidelity,australian\gaindistill_hybrid\budget_50\seed_1\split_fidelity.json,australian,gaindistill_hybrid,budget_50,seed_1,xgboost,0.19047019258685252,0.0,0.0,0.044737100000929786
split_fidelity,australian\gaindistill_hybrid\budget_50\seed_2\split_fidelity.json,australian,gaindistill_hybrid,budget_50,seed_2,xgboost,0.46602891713821853,0.0,0.4,0.07550860000083048
split_fidelity,australian\gaindistill_path_hybrid\budget_10\seed_0\split_fidelity.json,australian,gaindistill_path_hybrid,budget_10,seed_0,xgboost,-0.02749817436825151,0.0,0.0,0.027326200000970857
split_fidelity,australian\gaindistill_path_hybrid\budget_10\seed_1\split_fidelity.json,australian,gaindistill_path_hybrid,budget_10,seed_1,xgboost,0.03609679136520145,0.0,0.0,0.02906970000003639
split_fidelity,australian\gaindistill_path_hybrid\budget_10\seed_2\split_fidelity.json,australian,gaindistill_path_hybrid,budget_10,seed_2,xgboost,0.1307419106221563,0.0,0.4,0.022739199999705306
split_fidelity,australian\gaindistill_path_hybrid\budget_100\seed_0\split_fidelity.json,australian,gaindistill_path_hybrid,budget_100,seed_0,xgboost,0.5404923368365897,0.0,0.6,0.046056299999690964
split_fidelity,australian\gaindistill_path_hybrid\budget_100\seed_1\split_fidelity.json,australian,gaindistill_path_hybrid,budget_100,seed_1,xgboost,0.47376853433291516,0.0,0.4,0.05156679999890912
split_fidelity,australian\gaindistill_path_hybrid\budget_100\seed_2\split_fidelity.json,australian,gaindistill_path_hybrid,budget_100,seed_2,xgboost,0.6240761341305753,0.0,0.4,0.05172620000121242
split_fidelity,australian\gaindistill_path_hybrid\budget_25\seed_0\split_fidelity.json,australian,gaindistill_path_hybrid,budget_25,seed_0,xgboost,0.26586219943478195,0.0,0.0,0.03464750000057393
split_fidelity,australian\gaindistill_path_hybrid\budget_25\seed_1\split_fidelity.json,australian,gaindistill_path_hybrid,budget_25,seed_1,xgboost,0.3091557671363912,0.0,0.0,0.03325070000028063
split_fidelity,australian\gaindistill_path_hybrid\budget_25\seed_2\split_fidelity.json,australian,gaindistill_path_hybrid,budget_25,seed_2,xgboost,0.30161513009656116,0.0,0.2,0.03061829999933252
split_fidelity,australian\gaindistill_path_hybrid\budget_50\seed_0\split_fidelity.json,australian,gaindistill_path_hybrid,budget_50,seed_0,xgboost,0.3107156622527712,0.0,0.4,0.03252319999955944
split_fidelity,australian\gaindistill_path_hybrid\budget_50\seed_1\split_fidelity.json,australian,gaindistill_path_hybrid,budget_50,seed_1,xgboost,0.25044084602448025,0.0,0.4,0.035376799998630304
split_fidelity,australian\gaindistill_path_hybrid\budget_50\seed_2\split_fidelity.json,australian,gaindistill_path_hybrid,budget_50,seed_2,xgboost,0.6181157394883988,0.0,0.4,0.03549190000012459
split_fidelity,australian\gain_herding\budget_10\seed_0\split_fidelity.json,australian,gain_herding,budget_10,seed_0,xgboost,0.7994642734107953,1.0,0.6,0.02279850000195438
split_fidelity,australian\gain_herding\budget_10\seed_1\split_fidelity.json,australian,gain_herding,budget_10,seed_1,xgboost,0.5744828344267195,0.0,0.0,0.02219909999985248
split_fidelity,australian\gain_herding\budget_10\seed_2\split_fidelity.json,australian,gain_herding,budget_10,seed_2,xgboost,0.48251070551644937,1.0,0.4,0.021179100000153994
split_fidelity,australian\gain_herding\budget_100\seed_0\split_fidelity.json,australian,gain_herding,budget_100,seed_0,xgboost,0.14213621774058888,1.0,0.4,0.03613939999922877
split_fidelity,australian\gain_herding\budget_100\seed_1\split_fidelity.json,australian,gain_herding,budget_100,seed_1,xgboost,0.4659375239503546,0.0,0.4,0.03203450000000885
split_fidelity,australian\gain_herding\budget_100\seed_2\split_fidelity.json,australian,gain_herding,budget_100,seed_2,xgboost,0.3359564049311206,1.0,0.2,0.037292200002411846
split_fidelity,australian\gain_herding\budget_25\seed_0\split_fidelity.json,australian,gain_herding,budget_25,seed_0,xgboost,0.22227101263949225,0.0,0.2,0.02651500000501983
split_fidelity,australian\gain_herding\budget_25\seed_1\split_fidelity.json,australian,gain_herding,budget_25,seed_1,xgboost,0.21911644706888758,1.0,0.6,0.02659759999369271
split_fidelity,australian\gain_herding\budget_25\seed_2\split_fidelity.json,australian,gain_herding,budget_25,seed_2,xgboost,0.31428517009921886,0.0,0.2,0.024835099990013987
split_fidelity,australian\gain_herding\budget_50\seed_0\split_fidelity.json,australian,gain_herding,budget_50,seed_0,xgboost,0.33138111023788286,1.0,0.2,0.029463200000463985
split_fidelity,australian\gain_herding\budget_50\seed_1\split_fidelity.json,australian,gain_herding,budget_50,seed_1,xgboost,0.300669035041737,0.0,0.6,0.02790580000146292
split_fidelity,australian\gain_herding\budget_50\seed_2\split_fidelity.json,australian,gain_herding,budget_50,seed_2,xgboost,0.332213126663687,0.0,0.2,0.02533910000056494
split_fidelity,australian\gain_path_diverse\budget_25\seed_0\split_fidelity.json,australian,gain_path_diverse,budget_25,seed_0,xgboost,-0.07124082359519561,0.0,0.0,0.031169300000328803
split_fidelity,australian\gain_path_diverse\budget_50\seed_0\split_fidelity.json,australian,gain_path_diverse,budget_50,seed_0,xgboost,0.17417978293796604,0.0,0.2,0.032441699997434625
split_fidelity,australian\gain_path_dual\budget_25\seed_0\split_fidelity.json,australian,gain_path_dual,budget_25,seed_0,xgboost,0.4169990911455912,1.0,0.2,0.029530999996495666
split_fidelity,australian\gain_path_dual\budget_50\seed_0\split_fidelity.json,australian,gain_path_dual,budget_50,seed_0,xgboost,0.28127473778491596,1.0,0.4,0.0357984000002034
split_fidelity,australian\gain_path_herding\budget_10\seed_0\split_fidelity.json,australian,gain_path_herding,budget_10,seed_0,xgboost,0.5087489653935666,1.0,0.2,0.021478800001204945
split_fidelity,australian\gain_path_herding\budget_10\seed_1\split_fidelity.json,australian,gain_path_herding,budget_10,seed_1,xgboost,0.34094447223787894,1.0,0.4,0.02000169999882928
split_fidelity,australian\gain_path_herding\budget_10\seed_2\split_fidelity.json,australian,gain_path_herding,budget_10,seed_2,xgboost,0.6583760610791565,1.0,0.2,0.018579899999167537
split_fidelity,australian\gain_path_herding\budget_100\seed_0\split_fidelity.json,australian,gain_path_herding,budget_100,seed_0,xgboost,0.4791492730229998,0.0,0.2,0.039206599998578895
split_fidelity,australian\gain_path_herding\budget_100\seed_1\split_fidelity.json,australian,gain_path_herding,budget_100,seed_1,xgboost,0.41070180737828715,0.0,0.2,0.02927080000154092
split_fidelity,australian\gain_path_herding\budget_100\seed_2\split_fidelity.json,australian,gain_path_herding,budget_100,seed_2,xgboost,0.19532608333435852,1.0,0.2,0.032228899999608984
split_fidelity,australian\gain_path_herding\budget_25\seed_0\split_fidelity.json,australian,gain_path_herding,budget_25,seed_0,xgboost,0.3951785472002545,0.0,0.2,0.02311819999886211
split_fidelity,australian\gain_path_herding\budget_25\seed_1\split_fidelity.json,australian,gain_path_herding,budget_25,seed_1,xgboost,0.36816277035098305,0.0,0.4,0.026525300010689534
split_fidelity,australian\gain_path_herding\budget_25\seed_2\split_fidelity.json,australian,gain_path_herding,budget_25,seed_2,xgboost,0.06298841268074926,0.0,0.2,0.022426900002756156
split_fidelity,australian\gain_path_herding\budget_50\seed_0\split_fidelity.json,australian,gain_path_herding,budget_50,seed_0,xgboost,0.43666509994897995,0.0,0.4,0.024865800005500205
split_fidelity,australian\gain_path_herding\budget_50\seed_1\split_fidelity.json,australian,gain_path_herding,budget_50,seed_1,xgboost,0.42132336698029427,1.0,0.2,0.022465700007160194
split_fidelity,australian\gain_path_herding\budget_50\seed_2\split_fidelity.json,australian,gain_path_herding,budget_50,seed_2,xgboost,0.23390598317659167,0.0,0.0,0.022202899999683723
split_fidelity,australian\gain_path_prior_weighted\budget_25\seed_0\split_fidelity.json,australian,gain_path_prior_weighted,budget_25,seed_0,xgboost,0.3909483345756814,0.0,0.2,0.029301499998837244
split_fidelity,australian\gain_path_prior_weighted\budget_25\seed_1\split_fidelity.json,australian,gain_path_prior_weighted,budget_25,seed_1,xgboost,0.33013013423282656,0.0,0.4,0.02747349999845028
split_fidelity,australian\gain_path_prior_weighted\budget_25\seed_2\split_fidelity.json,australian,gain_path_prior_weighted,budget_25,seed_2,xgboost,0.02412737731437609,0.0,0.2,0.024680599999555852
split_fidelity,australian\gain_path_prior_weighted\budget_50\seed_0\split_fidelity.json,australian,gain_path_prior_weighted,budget_50,seed_0,xgboost,0.42667103701587766,0.0,0.4,0.035526200001186226
split_fidelity,australian\gain_path_prior_weighted\budget_50\seed_1\split_fidelity.json,australian,gain_path_prior_weighted,budget_50,seed_1,xgboost,0.38552744879695966,1.0,0.2,0.02696730000025127
split_fidelity,australian\gain_path_prior_weighted\budget_50\seed_2\split_fidelity.json,australian,gain_path_prior_weighted,budget_50,seed_2,xgboost,0.19365456663532826,0.0,0.2,0.028250700001080986
split_fidelity,australian\gain_path_refined\budget_25\seed_0\split_fidelity.json,australian,gain_path_refined,budget_25,seed_0,xgboost,0.3636779691251796,0.0,0.4,0.020597800001269206
split_fidelity,australian\gain_path_refined\budget_25\seed_1\split_fidelity.json,australian,gain_path_refined,budget_25,seed_1,xgboost,0.2753546415604869,0.0,0.4,0.019070099995587952
split_fidelity,australian\gain_path_refined\budget_25\seed_2\split_fidelity.json,australian,gain_path_refined,budget_25,seed_2,xgboost,0.09248431008067359,0.0,0.0,0.021193699998548254
split_fidelity,australian\gain_path_refined\budget_50\seed_0\split_fidelity.json,australian,gain_path_refined,budget_50,seed_0,xgboost,0.48628440496725844,0.0,0.2,0.020741300002555363
split_fidelity,australian\gain_path_refined\budget_50\seed_1\split_fidelity.json,australian,gain_path_refined,budget_50,seed_1,xgboost,0.4494191052823775,0.0,0.2,0.025219699993613176
split_fidelity,australian\gain_path_refined\budget_50\seed_2\split_fidelity.json,australian,gain_path_refined,budget_50,seed_2,xgboost,0.2725739763351942,0.0,0.2,0.022495099998195656
split_fidelity,australian\gain_path_refined_weighted\budget_50\seed_0\split_fidelity.json,australian,gain_path_refined_weighted,budget_50,seed_0,xgboost,0.26861600973353555,0.0,0.2,0.020545300001685973
split_fidelity,australian\gain_path_safeguarded\budget_25\seed_0\split_fidelity.json,australian,gain_path_safeguarded,budget_25,seed_0,xgboost,0.3636779691251796,0.0,0.4,0.017944299994269386
split_fidelity,australian\gain_path_safeguarded\budget_25\seed_1\split_fidelity.json,australian,gain_path_safeguarded,budget_25,seed_1,xgboost,0.2753546415604869,0.0,0.4,0.021505700002308004
split_fidelity,australian\gain_path_safeguarded\budget_25\seed_2\split_fidelity.json,australian,gain_path_safeguarded,budget_25,seed_2,xgboost,0.09248431008067359,0.0,0.0,0.02165199999581091
split_fidelity,australian\gain_path_safeguarded\budget_50\seed_0\split_fidelity.json,australian,gain_path_safeguarded,budget_50,seed_0,xgboost,0.48628440496725844,0.0,0.2,0.02292110001144465
split_fidelity,australian\gain_path_safeguarded\budget_50\seed_1\split_fidelity.json,australian,gain_path_safeguarded,budget_50,seed_1,xgboost,0.4494191052823775,0.0,0.2,0.029341700006625615
split_fidelity,australian\gain_path_safeguarded\budget_50\seed_2\split_fidelity.json,australian,gain_path_safeguarded,budget_50,seed_2,xgboost,0.2725739763351942,0.0,0.2,0.027602700007264502
split_fidelity,australian\gain_weighted_coreset\budget_10\seed_0\split_fidelity.json,australian,gain_weighted_coreset,budget_10,seed_0,xgboost,0.029514886538797667,0.0,0.0,0.027948400000241236
split_fidelity,australian\gain_weighted_coreset\budget_10\seed_1\split_fidelity.json,australian,gain_weighted_coreset,budget_10,seed_1,xgboost,0.19565916424887994,0.0,0.0,0.028814600000259816
split_fidelity,australian\gain_weighted_coreset\budget_10\seed_2\split_fidelity.json,australian,gain_weighted_coreset,budget_10,seed_2,xgboost,0.04061893158552036,0.0,0.2,0.03374949999852106
split_fidelity,australian\gain_weighted_coreset\budget_100\seed_0\split_fidelity.json,australian,gain_weighted_coreset,budget_100,seed_0,xgboost,0.42425616493359425,0.0,0.0,0.06412790000103996
split_fidelity,australian\gain_weighted_coreset\budget_100\seed_1\split_fidelity.json,australian,gain_weighted_coreset,budget_100,seed_1,xgboost,0.5336124504365612,0.0,0.6,0.05853769999885117
split_fidelity,australian\gain_weighted_coreset\budget_100\seed_2\split_fidelity.json,australian,gain_weighted_coreset,budget_100,seed_2,xgboost,0.6077764446877657,0.0,0.4,0.07858680000026652
split_fidelity,australian\gain_weighted_coreset\budget_25\seed_0\split_fidelity.json,australian,gain_weighted_coreset,budget_25,seed_0,xgboost,0.138099041056544,0.0,0.0,0.03918890000022657
split_fidelity,australian\gain_weighted_coreset\budget_25\seed_1\split_fidelity.json,australian,gain_weighted_coreset,budget_25,seed_1,xgboost,0.3097649883718934,0.0,0.0,0.039269599999897764
split_fidelity,australian\gain_weighted_coreset\budget_25\seed_2\split_fidelity.json,australian,gain_weighted_coreset,budget_25,seed_2,xgboost,0.5269785432940839,0.0,0.4,0.04318760000023758
split_fidelity,australian\gain_weighted_coreset\budget_50\seed_0\split_fidelity.json,australian,gain_weighted_coreset,budget_50,seed_0,xgboost,0.1895601834995097,0.0,0.0,0.04620509999949718
split_fidelity,australian\gain_weighted_coreset\budget_50\seed_1\split_fidelity.json,australian,gain_weighted_coreset,budget_50,seed_1,xgboost,0.19047019258685252,0.0,0.0,0.04516469999907713
split_fidelity,australian\gain_weighted_coreset\budget_50\seed_2\split_fidelity.json,australian,gain_weighted_coreset,budget_50,seed_2,xgboost,0.46602891713821853,0.0,0.4,0.04714559999956691
split_fidelity,australian\gradient_sampling\budget_10\seed_0\split_fidelity.json,australian,gradient_sampling,budget_10,seed_0,xgboost,-0.07608965085493831,0.0,0.0,0.034514999999373686
split_fidelity,australian\gradient_sampling\budget_10\seed_1\split_fidelity.json,australian,gradient_sampling,budget_10,seed_1,xgboost,-0.06871834155546039,0.0,0.0,0.03822790000049281
split_fidelity,australian\gradient_sampling\budget_10\seed_2\split_fidelity.json,australian,gradient_sampling,budget_10,seed_2,xgboost,-0.09558348261330549,0.0,0.2,0.033049100000425824
split_fidelity,australian\gradient_sampling\budget_100\seed_0\split_fidelity.json,australian,gradient_sampling,budget_100,seed_0,xgboost,0.5884160780322649,1.0,0.6,0.048600299999634444
split_fidelity,australian\gradient_sampling\budget_100\seed_1\split_fidelity.json,australian,gradient_sampling,budget_100,seed_1,xgboost,0.7507091287415042,0.0,0.4,0.058890100000098755
split_fidelity,australian\gradient_sampling\budget_100\seed_2\split_fidelity.json,australian,gradient_sampling,budget_100,seed_2,xgboost,0.696979580426097,0.0,0.6,0.05992499999956635
split_fidelity,australian\gradient_sampling\budget_25\seed_0\split_fidelity.json,australian,gradient_sampling,budget_25,seed_0,xgboost,-0.017462562060053324,0.0,0.0,0.04871999999977561
split_fidelity,australian\gradient_sampling\budget_25\seed_1\split_fidelity.json,australian,gradient_sampling,budget_25,seed_1,xgboost,-0.13531486885150035,0.0,0.0,0.053048300000227755
split_fidelity,australian\gradient_sampling\budget_25\seed_2\split_fidelity.json,australian,gradient_sampling,budget_25,seed_2,xgboost,0.04967775733430261,0.0,0.0,0.052040699999452045
split_fidelity,australian\gradient_sampling\budget_50\seed_0\split_fidelity.json,australian,gradient_sampling,budget_50,seed_0,xgboost,0.3759491316847335,1.0,0.2,0.07497949999924458
split_fidelity,australian\gradient_sampling\budget_50\seed_1\split_fidelity.json,australian,gradient_sampling,budget_50,seed_1,xgboost,0.3941009317189999,0.0,0.2,0.07166479999978037
split_fidelity,australian\gradient_sampling\budget_50\seed_2\split_fidelity.json,australian,gradient_sampling,budget_50,seed_2,xgboost,0.34616639119057213,1.0,0.4,0.06323650000013004
split_fidelity,australian\herding\budget_10\seed_0\split_fidelity.json,australian,herding,budget_10,seed_0,xgboost,-0.11863424549374128,0.0,0.0,0.04407919999994192
split_fidelity,australian\herding\budget_10\seed_1\split_fidelity.json,australian,herding,budget_10,seed_1,xgboost,0.37793598177275506,0.0,0.4,0.02681510000184062
split_fidelity,australian\herding\budget_10\seed_2\split_fidelity.json,australian,herding,budget_10,seed_2,xgboost,0.317214116837988,0.0,0.2,0.02345939999941038
split_fidelity,australian\herding\budget_100\seed_0\split_fidelity.json,australian,herding,budget_100,seed_0,xgboost,0.5306338374122233,0.0,0.0,0.05951920000006794
split_fidelity,australian\herding\budget_100\seed_1\split_fidelity.json,australian,herding,budget_100,seed_1,xgboost,0.45215215553791965,1.0,0.2,0.033711999996739905
split_fidelity,australian\herding\budget_100\seed_2\split_fidelity.json,australian,herding,budget_100,seed_2,xgboost,0.25816992685782614,1.0,0.2,0.03826439999829745
split_fidelity,australian\herding\budget_25\seed_0\split_fidelity.json,australian,herding,budget_25,seed_0,xgboost,0.30393113800534266,0.0,0.0,0.024295700000948273
split_fidelity,australian\herding\budget_25\seed_1\split_fidelity.json,australian,herding,budget_25,seed_1,xgboost,0.21800479356330604,0.0,0.0,0.020678599990787916
split_fidelity,australian\herding\budget_25\seed_2\split_fidelity.json,australian,herding,budget_25,seed_2,xgboost,0.2038722843961312,0.0,0.0,0.02374410000629723
split_fidelity,australian\herding\budget_50\seed_0\split_fidelity.json,australian,herding,budget_50,seed_0,xgboost,0.2822491119569553,0.0,0.4,0.022940700000617653
split_fidelity,australian\herding\budget_50\seed_1\split_fidelity.json,australian,herding,budget_50,seed_1,xgboost,0.2647442704574231,0.0,0.4,0.025192300003254786
split_fidelity,australian\herding\budget_50\seed_2\split_fidelity.json,australian,herding,budget_50,seed_2,xgboost,0.18675704578896735,0.0,0.4,0.023944699991261587
split_fidelity,australian\k_center\budget_10\seed_0\split_fidelity.json,australian,k_center,budget_10,seed_0,xgboost,-0.03844118677727848,1.0,0.2,0.06437980000009702
split_fidelity,australian\k_center\budget_10\seed_1\split_fidelity.json,australian,k_center,budget_10,seed_1,xgboost,0.2683182471611149,0.0,0.0,0.06346969999958674
split_fidelity,australian\k_center\budget_10\seed_2\split_fidelity.json,australian,k_center,budget_10,seed_2,xgboost,0.23015787713060543,0.0,0.4,0.06394529999943188
split_fidelity,australian\k_center\budget_100\seed_0\split_fidelity.json,australian,k_center,budget_100,seed_0,xgboost,0.6329238923428824,0.0,0.4,0.06789499999922555
split_fidelity,australian\k_center\budget_100\seed_1\split_fidelity.json,australian,k_center,budget_100,seed_1,xgboost,0.730062524246409,0.0,0.6,0.06826640000053885
split_fidelity,australian\k_center\budget_100\seed_2\split_fidelity.json,australian,k_center,budget_100,seed_2,xgboost,0.7020116716560472,0.0,0.4,0.06392460000006395
split_fidelity,australian\k_center\budget_25\seed_0\split_fidelity.json,australian,k_center,budget_25,seed_0,xgboost,0.2568013203763077,0.0,0.2,0.05242350000025908
split_fidelity,australian\k_center\budget_25\seed_1\split_fidelity.json,australian,k_center,budget_25,seed_1,xgboost,0.4070075913559575,0.0,0.2,0.05894290000014735
split_fidelity,australian\k_center\budget_25\seed_2\split_fidelity.json,australian,k_center,budget_25,seed_2,xgboost,0.2640829180137813,0.0,0.2,0.05983920000016951
split_fidelity,australian\k_center\budget_50\seed_0\split_fidelity.json,australian,k_center,budget_50,seed_0,xgboost,0.37896227104409563,1.0,0.4,0.06105359999946813
split_fidelity,australian\k_center\budget_50\seed_1\split_fidelity.json,australian,k_center,budget_50,seed_1,xgboost,0.32727565864388936,0.0,0.4,0.06033229999957257
split_fidelity,australian\k_center\budget_50\seed_2\split_fidelity.json,australian,k_center,budget_50,seed_2,xgboost,0.32201682044864766,0.0,0.4,0.055399799999577226
split_fidelity,australian\math_full\budget_50\seed_0\split_fidelity.json,australian,math_full,budget_50,seed_0,xgboost,0.3017081436827933,0.0,0.4,0.036971000001358334
split_fidelity,australian\math_no_anchor\budget_50\seed_0\split_fidelity.json,australian,math_no_anchor,budget_50,seed_0,xgboost,0.27859068870511,0.0,0.4,0.03618619999906514
split_fidelity,australian\math_no_hist\budget_50\seed_0\split_fidelity.json,australian,math_no_hist,budget_50,seed_0,xgboost,0.26709999010999613,0.0,0.2,0.032369200001994614
split_fidelity,australian\math_no_newton\budget_50\seed_0\split_fidelity.json,australian,math_no_newton,budget_50,seed_0,xgboost,0.277390906397547,0.0,0.2,0.03333109999948647
split_fidelity,australian\math_no_probes\budget_50\seed_0\split_fidelity.json,australian,math_no_probes,budget_50,seed_0,xgboost,0.32091702949357037,0.0,0.4,0.03275429999848711
split_fidelity,australian\math_no_soft_routing\budget_50\seed_0\split_fidelity.json,australian,math_no_soft_routing,budget_50,seed_0,xgboost,0.16130887591838264,0.0,0.2,0.03641350000179955
split_fidelity,australian\math_root_only\budget_50\seed_0\split_fidelity.json,australian,math_root_only,budget_50,seed_0,xgboost,0.27813303978366843,0.0,0.2,0.03941130000021076
split_fidelity,australian\math_tuned\budget_50\seed_0\split_fidelity.json,australian,math_tuned,budget_50,seed_0,xgboost,0.30373664160485864,0.0,0.4,0.03812639999887324
split_fidelity,australian\math_tuned_more_probes\budget_50\seed_0\split_fidelity.json,australian,math_tuned_more_probes,budget_50,seed_0,xgboost,0.23507693449885533,0.0,0.2,0.033140900002763374
split_fidelity,australian\math_tuned_no_anchor\budget_50\seed_0\split_fidelity.json,australian,math_tuned_no_anchor,budget_50,seed_0,xgboost,0.3526556006400312,0.0,0.4,0.038688900000124704
split_fidelity,australian\math_tuned_no_hist\budget_50\seed_0\split_fidelity.json,australian,math_tuned_no_hist,budget_50,seed_0,xgboost,0.3895519988200362,0.0,0.4,0.03049470000041765
split_fidelity,australian\random\budget_10\seed_0\split_fidelity.json,australian,random,budget_10,seed_0,xgboost,-0.06733691321995075,0.0,0.0,0.04683209999984683
split_fidelity,australian\random\budget_10\seed_1\split_fidelity.json,australian,random,budget_10,seed_1,xgboost,0.3555914321096698,0.0,0.0,0.01880650000020978
split_fidelity,australian\random\budget_10\seed_2\split_fidelity.json,australian,random,budget_10,seed_2,xgboost,0.3787073288907697,0.0,0.2,0.01911420000033104
split_fidelity,australian\random\budget_100\seed_0\split_fidelity.json,australian,random,budget_100,seed_0,xgboost,0.49217561290192563,0.0,0.2,0.05544499999996333
split_fidelity,australian\random\budget_100\seed_1\split_fidelity.json,australian,random,budget_100,seed_1,xgboost,0.5558478444646412,1.0,0.4,0.03135460000339663
split_fidelity,australian\random\budget_100\seed_2\split_fidelity.json,australian,random,budget_100,seed_2,xgboost,0.1432368576491435,0.0,0.2,0.03292929999952321
split_fidelity,australian\random\budget_25\seed_0\split_fidelity.json,australian,random,budget_25,seed_0,xgboost,0.14269899203180406,1.0,0.4,0.02185540000209585
split_fidelity,australian\random\budget_25\seed_1\split_fidelity.json,australian,random,budget_25,seed_1,xgboost,0.2745152849447314,1.0,0.2,0.023041499996907078
split_fidelity,australian\random\budget_25\seed_2\split_fidelity.json,australian,random,budget_25,seed_2,xgboost,0.24792057790967434,0.0,0.2,0.021260100009385496
split_fidelity,australian\random\budget_50\seed_0\split_fidelity.json,australian,random,budget_50,seed_0,xgboost,0.19202023544200675,1.0,0.4,0.0227906000072835
split_fidelity,australian\random\budget_50\seed_1\split_fidelity.json,australian,random,budget_50,seed_1,xgboost,0.36363021590557276,0.0,0.0,0.018982499997946434
split_fidelity,australian\random\budget_50\seed_2\split_fidelity.json,australian,random,budget_50,seed_2,xgboost,0.2538810741033499,1.0,0.2,0.020498700003372505
split_fidelity,australian\refined_no_conf\budget_25\seed_0\split_fidelity.json,australian,refined_no_conf,budget_25,seed_0,xgboost,0.3636779691251796,0.0,0.4,0.015674300000000585
split_fidelity,australian\refined_no_conf\budget_25\seed_1\split_fidelity.json,australian,refined_no_conf,budget_25,seed_1,xgboost,0.2753546415604869,0.0,0.4,0.01635929999997643
split_fidelity,australian\refined_no_conf\budget_25\seed_2\split_fidelity.json,australian,refined_no_conf,budget_25,seed_2,xgboost,0.09248431008067359,0.0,0.0,0.019931200000030458
split_fidelity,australian\refined_no_conf\budget_50\seed_0\split_fidelity.json,australian,refined_no_conf,budget_50,seed_0,xgboost,0.37102340194653727,1.0,0.4,0.01804319999996551
split_fidelity,australian\refined_no_conf\budget_50\seed_1\split_fidelity.json,australian,refined_no_conf,budget_50,seed_1,xgboost,0.4494191052823775,0.0,0.2,0.01802109999999857
split_fidelity,australian\refined_no_conf\budget_50\seed_2\split_fidelity.json,australian,refined_no_conf,budget_50,seed_2,xgboost,0.2725739763351942,0.0,0.2,0.017267500000002656
split_fidelity,australian\refined_no_gain_weight\budget_25\seed_0\split_fidelity.json,australian,refined_no_gain_weight,budget_25,seed_0,xgboost,0.3636779691251796,0.0,0.4,0.013878799999986313
split_fidelity,australian\refined_no_gain_weight\budget_25\seed_1\split_fidelity.json,australian,refined_no_gain_weight,budget_25,seed_1,xgboost,0.2753546415604869,0.0,0.4,0.013720100000000457
split_fidelity,australian\refined_no_gain_weight\budget_25\seed_2\split_fidelity.json,australian,refined_no_gain_weight,budget_25,seed_2,xgboost,0.09248431008067359,0.0,0.0,0.013783099999955084
split_fidelity,australian\refined_no_gain_weight\budget_50\seed_0\split_fidelity.json,australian,refined_no_gain_weight,budget_50,seed_0,xgboost,0.48628440496725844,0.0,0.2,0.021669900000006237
split_fidelity,australian\refined_no_gain_weight\budget_50\seed_1\split_fidelity.json,australian,refined_no_gain_weight,budget_50,seed_1,xgboost,0.4494191052823775,0.0,0.2,0.020452400000010584
split_fidelity,australian\refined_no_gain_weight\budget_50\seed_2\split_fidelity.json,australian,refined_no_gain_weight,budget_50,seed_2,xgboost,0.2725739763351942,0.0,0.2,0.022742600000015045
split_fidelity,australian\refined_no_grad\budget_25\seed_0\split_fidelity.json,australian,refined_no_grad,budget_25,seed_0,xgboost,0.1530683241930514,0.0,0.2,0.01532180000003791
split_fidelity,australian\refined_no_grad\budget_25\seed_1\split_fidelity.json,australian,refined_no_grad,budget_25,seed_1,xgboost,0.3900599388699359,0.0,0.2,0.014553299999988667
split_fidelity,australian\refined_no_grad\budget_25\seed_2\split_fidelity.json,australian,refined_no_grad,budget_25,seed_2,xgboost,0.21647782907189486,0.0,0.4,0.015154800000004798
split_fidelity,australian\refined_no_grad\budget_50\seed_0\split_fidelity.json,australian,refined_no_grad,budget_50,seed_0,xgboost,0.30036704795179714,1.0,0.2,0.017602199999998902
split_fidelity,australian\refined_no_grad\budget_50\seed_1\split_fidelity.json,australian,refined_no_grad,budget_50,seed_1,xgboost,0.5627152723985557,1.0,0.4,0.020504499999958625
split_fidelity,australian\refined_no_grad\budget_50\seed_2\split_fidelity.json,australian,refined_no_grad,budget_50,seed_2,xgboost,0.46694977624738826,0.0,0.2,0.018596199999990404
split_fidelity,australian\refined_no_hess\budget_25\seed_0\split_fidelity.json,australian,refined_no_hess,budget_25,seed_0,xgboost,0.1989300515192206,1.0,0.4,0.014526499999988118
split_fidelity,australian\refined_no_hess\budget_25\seed_1\split_fidelity.json,australian,refined_no_hess,budget_25,seed_1,xgboost,0.32084722508383523,0.0,0.2,0.014210700000035104
split_fidelity,australian\refined_no_hess\budget_25\seed_2\split_fidelity.json,australian,refined_no_hess,budget_25,seed_2,xgboost,0.3261903572131279,0.0,0.4,0.01515630000000101
split_fidelity,australian\refined_no_hess\budget_50\seed_0\split_fidelity.json,australian,refined_no_hess,budget_50,seed_0,xgboost,0.16587299624302962,1.0,0.6,0.017594900000005964
split_fidelity,australian\refined_no_hess\budget_50\seed_1\split_fidelity.json,australian,refined_no_hess,budget_50,seed_1,xgboost,0.5935585380478151,1.0,0.4,0.01695489999997335
split_fidelity,australian\refined_no_hess\budget_50\seed_2\split_fidelity.json,australian,refined_no_hess,budget_50,seed_2,xgboost,0.3775573879079281,1.0,0.6,0.01711050000000114
split_fidelity,australian\refined_no_path\budget_25\seed_0\split_fidelity.json,australian,refined_no_path,budget_25,seed_0,xgboost,0.4102502258056415,1.0,0.6,0.018284899999969184
split_fidelity,australian\refined_no_path\budget_25\seed_1\split_fidelity.json,australian,refined_no_path,budget_25,seed_1,xgboost,0.31634329936286243,0.0,0.8,0.015662200000008397
split_fidelity,australian\refined_no_path\budget_25\seed_2\split_fidelity.json,australian,refined_no_path,budget_25,seed_2,xgboost,0.23436774307620034,0.0,0.2,0.016384399999992638
split_fidelity,australian\refined_no_path\budget_50\seed_0\split_fidelity.json,australian,refined_no_path,budget_50,seed_0,xgboost,0.4371351177601902,1.0,0.2,0.01968130000000201
split_fidelity,australian\refined_no_path\budget_50\seed_1\split_fidelity.json,australian,refined_no_path,budget_50,seed_1,xgboost,0.363951535644768,1.0,0.2,0.01712889999998879
split_fidelity,australian\refined_no_path\budget_50\seed_2\split_fidelity.json,australian,refined_no_path,budget_50,seed_2,xgboost,0.3078385092288832,0.0,0.4,0.018186299999968014
split_fidelity,australian\refined_no_raw\budget_25\seed_0\split_fidelity.json,australian,refined_no_raw,budget_25,seed_0,xgboost,0.3496567508997561,0.0,0.2,0.017087000000003627
split_fidelity,australian\refined_no_raw\budget_25\seed_1\split_fidelity.json,australian,refined_no_raw,budget_25,seed_1,xgboost,0.27342936380806515,0.0,0.2,0.017082900000048085
split_fidelity,australian\refined_no_raw\budget_25\seed_2\split_fidelity.json,australian,refined_no_raw,budget_25,seed_2,xgboost,0.37389753093077316,0.0,0.4,0.016011600000013004
split_fidelity,australian\refined_no_raw\budget_50\seed_0\split_fidelity.json,australian,refined_no_raw,budget_50,seed_0,xgboost,0.263141131689328,1.0,0.4,0.016230599999971673
split_fidelity,australian\refined_no_raw\budget_50\seed_1\split_fidelity.json,australian,refined_no_raw,budget_50,seed_1,xgboost,0.31511749788752924,0.0,0.2,0.017198599999971975
split_fidelity,australian\refined_no_raw\budget_50\seed_2\split_fidelity.json,australian,refined_no_raw,budget_50,seed_2,xgboost,0.23803898405197874,0.0,0.2,0.01632030000001805
split_fidelity,australian\refined_no_refine\budget_25\seed_0\split_fidelity.json,australian,refined_no_refine,budget_25,seed_0,xgboost,0.3951785472002545,0.0,0.2,0.014145199999973102
split_fidelity,australian\refined_no_refine\budget_25\seed_1\split_fidelity.json,australian,refined_no_refine,budget_25,seed_1,xgboost,0.36816277035098305,0.0,0.4,0.014117600000020047
split_fidelity,australian\refined_no_refine\budget_25\seed_2\split_fidelity.json,australian,refined_no_refine,budget_25,seed_2,xgboost,0.06298841268074926,0.0,0.2,0.014280100000007678
split_fidelity,australian\refined_no_refine\budget_50\seed_0\split_fidelity.json,australian,refined_no_refine,budget_50,seed_0,xgboost,0.43666509994897995,0.0,0.4,0.016669999999976426
split_fidelity,australian\refined_no_refine\budget_50\seed_1\split_fidelity.json,australian,refined_no_refine,budget_50,seed_1,xgboost,0.42132336698029427,1.0,0.2,0.021050300000013067
split_fidelity,australian\refined_no_refine\budget_50\seed_2\split_fidelity.json,australian,refined_no_refine,budget_50,seed_2,xgboost,0.23390598317659167,0.0,0.0,0.01659630000000334
split_fidelity,australian\refined_path_occupancy_only\budget_25\seed_0\split_fidelity.json,australian,refined_path_occupancy_only,budget_25,seed_0,xgboost,0.17227090850267704,0.0,0.2,0.01779989999999998
split_fidelity,australian\refined_path_occupancy_only\budget_25\seed_1\split_fidelity.json,australian,refined_path_occupancy_only,budget_25,seed_1,xgboost,0.40577978665135317,0.0,0.4,0.014629299999967316
split_fidelity,australian\refined_path_occupancy_only\budget_25\seed_2\split_fidelity.json,australian,refined_path_occupancy_only,budget_25,seed_2,xgboost,0.3477107247919378,0.0,0.4,0.016315099999985705
split_fidelity,australian\refined_path_occupancy_only\budget_50\seed_0\split_fidelity.json,australian,refined_path_occupancy_only,budget_50,seed_0,xgboost,0.08533323438558096,1.0,0.2,0.018883300000027248
split_fidelity,australian\refined_path_occupancy_only\budget_50\seed_1\split_fidelity.json,australian,refined_path_occupancy_only,budget_50,seed_1,xgboost,0.19094140746069718,0.0,0.2,0.017287000000010266
split_fidelity,australian\refined_path_occupancy_only\budget_50\seed_2\split_fidelity.json,australian,refined_path_occupancy_only,budget_50,seed_2,xgboost,0.16140141952811735,1.0,0.2,0.018810599999994793
split_fidelity,australian\sketch_no_conf\budget_50\seed_0\split_fidelity.json,australian,sketch_no_conf,budget_50,seed_0,xgboost,0.20494708548780183,0.0,0.0,0.03453090000039083
split_fidelity,australian\sketch_no_gain_weight\budget_50\seed_0\split_fidelity.json,australian,sketch_no_gain_weight,budget_50,seed_0,xgboost,0.19300636587016848,0.0,0.0,0.029652500001247972
split_fidelity,australian\sketch_no_grad\budget_50\seed_0\split_fidelity.json,australian,sketch_no_grad,budget_50,seed_0,xgboost,0.5289648431595813,0.0,0.0,0.03144869999960065
split_fidelity,australian\sketch_no_hess\budget_50\seed_0\split_fidelity.json,australian,sketch_no_hess,budget_50,seed_0,xgboost,0.24985703957375047,0.0,0.4,0.02940379999927245
split_fidelity,australian\sketch_no_raw\budget_50\seed_0\split_fidelity.json,australian,sketch_no_raw,budget_50,seed_0,xgboost,0.19884069216435388,0.0,0.2,0.0308989000004658
split_fidelity,australian\sketch_occupancy_only\budget_50\seed_0\split_fidelity.json,australian,sketch_occupancy_only,budget_50,seed_0,xgboost,0.4645091079608972,0.0,0.0,0.03016389999902458
split_fidelity,australian\tree_region\budget_10\seed_0\split_fidelity.json,australian,tree_region,budget_10,seed_0,xgboost,-0.07608965085493831,0.0,0.0,0.039755800000421004
split_fidelity,australian\tree_region\budget_10\seed_1\split_fidelity.json,australian,tree_region,budget_10,seed_1,xgboost,-0.06871834155546039,0.0,0.0,0.04505410000001575
split_fidelity,australian\tree_region\budget_10\seed_2\split_fidelity.json,australian,tree_region,budget_10,seed_2,xgboost,-0.09558348261330549,0.0,0.2,0.039426299999831826
split_fidelity,australian\tree_region\budget_100\seed_0\split_fidelity.json,australian,tree_region,budget_100,seed_0,xgboost,0.5884160780322649,1.0,0.6,0.05160470000009809
split_fidelity,australian\tree_region\budget_100\seed_1\split_fidelity.json,australian,tree_region,budget_100,seed_1,xgboost,0.7507091287415042,0.0,0.4,0.049523300000146264
split_fidelity,australian\tree_region\budget_100\seed_2\split_fidelity.json,australian,tree_region,budget_100,seed_2,xgboost,0.696979580426097,0.0,0.6,0.05444999999963329
split_fidelity,australian\tree_region\budget_25\seed_0\split_fidelity.json,australian,tree_region,budget_25,seed_0,xgboost,-0.017462562060053324,0.0,0.0,0.04465810000056081
split_fidelity,australian\tree_region\budget_25\seed_1\split_fidelity.json,australian,tree_region,budget_25,seed_1,xgboost,-0.13531486885150035,0.0,0.0,0.049769799999921815
split_fidelity,australian\tree_region\budget_25\seed_2\split_fidelity.json,australian,tree_region,budget_25,seed_2,xgboost,0.04967775733430261,0.0,0.0,0.04720709999946848
split_fidelity,australian\tree_region\budget_50\seed_0\split_fidelity.json,australian,tree_region,budget_50,seed_0,xgboost,0.3759491316847335,1.0,0.2,0.051940299999841955
split_fidelity,australian\tree_region\budget_50\seed_1\split_fidelity.json,australian,tree_region,budget_50,seed_1,xgboost,0.3941009317189999,0.0,0.2,0.05404709999947954
split_fidelity,australian\tree_region\budget_50\seed_2\split_fidelity.json,australian,tree_region,budget_50,seed_2,xgboost,0.34616639119057213,1.0,0.4,0.05570429999988846
split_fidelity,bank_marketing\ablation_full\budget_50\seed_0\split_fidelity.json,bank_marketing,ablation_full,budget_50,seed_0,xgboost,-0.1419889373861555,1.0,0.2,0.038784499999565014
split_fidelity,bank_marketing\ablation_no_child\budget_50\seed_0\split_fidelity.json,bank_marketing,ablation_no_child,budget_50,seed_0,xgboost,-0.15992864993549577,0.0,0.2,0.04773589999967953
split_fidelity,bank_marketing\ablation_no_entropy_anneal\budget_50\seed_0\split_fidelity.json,bank_marketing,ablation_no_entropy_anneal,budget_50,seed_0,xgboost,-0.17805643845096158,0.0,0.4,0.05603719999999157
split_fidelity,bank_marketing\ablation_no_gain\budget_50\seed_0\split_fidelity.json,bank_marketing,ablation_no_gain,budget_50,seed_0,xgboost,-0.04470487925573353,0.0,0.4,0.04223980000006122
split_fidelity,bank_marketing\ablation_no_hist\budget_50\seed_0\split_fidelity.json,bank_marketing,ablation_no_hist,budget_50,seed_0,xgboost,0.09594762908057193,1.0,0.2,0.04151659999934054
split_fidelity,bank_marketing\ablation_no_margin\budget_50\seed_0\split_fidelity.json,bank_marketing,ablation_no_margin,budget_50,seed_0,xgboost,0.22823406710448418,0.0,0.4,0.06608840000080818
split_fidelity,bank_marketing\ablation_no_marginal\budget_50\seed_0\split_fidelity.json,bank_marketing,ablation_no_marginal,budget_50,seed_0,xgboost,-0.09254341063736457,0.0,0.4,0.06396459999996296
split_fidelity,bank_marketing\ablation_no_newton\budget_50\seed_0\split_fidelity.json,bank_marketing,ablation_no_newton,budget_50,seed_0,xgboost,0.07531271425319352,0.0,0.2,0.04864869999983057
split_fidelity,bank_marketing\ablation_no_pairwise\budget_50\seed_0\split_fidelity.json,bank_marketing,ablation_no_pairwise,budget_50,seed_0,xgboost,-0.022565867580924756,1.0,0.2,0.0471797999998671
split_fidelity,bank_marketing\distribution_matching\budget_10\seed_0\split_fidelity.json,bank_marketing,distribution_matching,budget_10,seed_0,xgboost,0.13879230129369313,0.0,0.0,0.05111410000063188
split_fidelity,bank_marketing\distribution_matching\budget_10\seed_1\split_fidelity.json,bank_marketing,distribution_matching,budget_10,seed_1,xgboost,0.16843740939373383,0.0,0.4,0.052178299999468436
split_fidelity,bank_marketing\distribution_matching\budget_10\seed_2\split_fidelity.json,bank_marketing,distribution_matching,budget_10,seed_2,xgboost,0.1346077847968341,0.0,0.0,0.04876460000014049
split_fidelity,bank_marketing\distribution_matching\budget_100\seed_0\split_fidelity.json,bank_marketing,distribution_matching,budget_100,seed_0,xgboost,0.21893397217484428,0.0,0.2,0.04892599999948288
split_fidelity,bank_marketing\distribution_matching\budget_100\seed_1\split_fidelity.json,bank_marketing,distribution_matching,budget_100,seed_1,xgboost,0.15972673187817252,0.0,0.0,0.05350350000026083
split_fidelity,bank_marketing\distribution_matching\budget_100\seed_2\split_fidelity.json,bank_marketing,distribution_matching,budget_100,seed_2,xgboost,0.3129432943294329,0.0,0.0,0.053291299999727926
split_fidelity,bank_marketing\distribution_matching\budget_25\seed_0\split_fidelity.json,bank_marketing,distribution_matching,budget_25,seed_0,xgboost,0.2357496442926381,0.0,0.4,0.04215970000041125
split_fidelity,bank_marketing\distribution_matching\budget_25\seed_1\split_fidelity.json,bank_marketing,distribution_matching,budget_25,seed_1,xgboost,-0.0025860637993569374,0.0,0.2,0.04182409999975789
split_fidelity,bank_marketing\distribution_matching\budget_25\seed_2\split_fidelity.json,bank_marketing,distribution_matching,budget_25,seed_2,xgboost,0.32331955186394495,0.0,0.2,0.04195309999977326
split_fidelity,bank_marketing\distribution_matching\budget_50\seed_0\split_fidelity.json,bank_marketing,distribution_matching,budget_50,seed_0,xgboost,0.23207646034571658,0.0,0.0,0.0440560999995796
split_fidelity,bank_marketing\distribution_matching\budget_50\seed_1\split_fidelity.json,bank_marketing,distribution_matching,budget_50,seed_1,xgboost,0.09263330780447959,0.0,0.2,0.0421104999995805
split_fidelity,bank_marketing\distribution_matching\budget_50\seed_2\split_fidelity.json,bank_marketing,distribution_matching,budget_50,seed_2,xgboost,0.38997884761135293,0.0,0.2,0.04656020000038552
split_fidelity,bank_marketing\full_data\budget_10\seed_0\split_fidelity.json,bank_marketing,full_data,budget_10,seed_0,xgboost,1.0,1.0,1.0,0.34932059999937337
split_fidelity,bank_marketing\full_data\budget_10\seed_1\split_fidelity.json,bank_marketing,full_data,budget_10,seed_1,xgboost,0.9328359512868449,0.0,0.6,0.363166000000092
split_fidelity,bank_marketing\full_data\budget_10\seed_2\split_fidelity.json,bank_marketing,full_data,budget_10,seed_2,xgboost,0.9287008700870086,0.0,0.6,0.3588917999995829
split_fidelity,bank_marketing\full_data\budget_100\seed_0\split_fidelity.json,bank_marketing,full_data,budget_100,seed_0,xgboost,1.0,1.0,1.0,0.3638866000001144
split_fidelity,bank_marketing\full_data\budget_100\seed_1\split_fidelity.json,bank_marketing,full_data,budget_100,seed_1,xgboost,0.9328359512868449,0.0,0.6,0.35834169999998267
split_fidelity,bank_marketing\full_data\budget_100\seed_2\split_fidelity.json,bank_marketing,full_data,budget_100,seed_2,xgboost,0.9287008700870086,0.0,0.6,0.35312919999978476
split_fidelity,bank_marketing\full_data\budget_25\seed_0\split_fidelity.json,bank_marketing,full_data,budget_25,seed_0,xgboost,1.0,1.0,1.0,0.3557130999997753
split_fidelity,bank_marketing\full_data\budget_25\seed_1\split_fidelity.json,bank_marketing,full_data,budget_25,seed_1,xgboost,0.9328359512868449,0.0,0.6,0.34212249999927735
split_fidelity,bank_marketing\full_data\budget_25\seed_2\split_fidelity.json,bank_marketing,full_data,budget_25,seed_2,xgboost,0.9287008700870086,0.0,0.6,0.35623839999971096
split_fidelity,bank_marketing\full_data\budget_50\seed_0\split_fidelity.json,bank_marketing,full_data,budget_50,seed_0,xgboost,1.0,1.0,1.0,0.36660810000012134
split_fidelity,bank_marketing\full_data\budget_50\seed_1\split_fidelity.json,bank_marketing,full_data,budget_50,seed_1,xgboost,0.9328359512868449,0.0,0.6,0.3572609000002558
split_fidelity,bank_marketing\full_data\budget_50\seed_2\split_fidelity.json,bank_marketing,full_data,budget_50,seed_2,xgboost,0.9287008700870086,0.0,0.6,0.3596448000007513
split_fidelity,bank_marketing\gaindistill\budget_10\seed_0\split_fidelity.json,bank_marketing,gaindistill,budget_10,seed_0,xgboost,-0.17847690418620366,0.0,0.0,0.041910099999768136
split_fidelity,bank_marketing\gaindistill\budget_10\seed_1\split_fidelity.json,bank_marketing,gaindistill,budget_10,seed_1,xgboost,0.04880343777822065,0.0,0.0,0.045031599999674654
split_fidelity,bank_marketing\gaindistill\budget_10\seed_2\split_fidelity.json,bank_marketing,gaindistill,budget_10,seed_2,xgboost,-0.23205250279236472,0.0,0.0,0.04547809999985475
split_fidelity,bank_marketing\gaindistill\budget_100\seed_0\split_fidelity.json,bank_marketing,gaindistill,budget_100,seed_0,xgboost,-0.02223327663638821,0.0,0.2,0.05019460000039544
split_fidelity,bank_marketing\gaindistill\budget_100\seed_1\split_fidelity.json,bank_marketing,gaindistill,budget_100,seed_1,xgboost,-0.020602459058145575,0.0,0.2,0.07099740000012389
split_fidelity,bank_marketing\gaindistill\budget_100\seed_2\split_fidelity.json,bank_marketing,gaindistill,budget_100,seed_2,xgboost,-0.07315528543088778,0.0,0.2,0.07706190000044444
split_fidelity,bank_marketing\gaindistill\budget_25\seed_0\split_fidelity.json,bank_marketing,gaindistill,budget_25,seed_0,xgboost,-0.04818041553563683,0.0,0.0,0.06659209999997984
split_fidelity,bank_marketing\gaindistill\budget_25\seed_1\split_fidelity.json,bank_marketing,gaindistill,budget_25,seed_1,xgboost,-0.19927319315917683,0.0,0.0,0.0785955000001195
split_fidelity,bank_marketing\gaindistill\budget_25\seed_2\split_fidelity.json,bank_marketing,gaindistill,budget_25,seed_2,xgboost,-0.2768905311452692,0.0,0.0,0.06044670000028418
split_fidelity,bank_marketing\gaindistill\budget_50\seed_0\split_fidelity.json,bank_marketing,gaindistill,budget_50,seed_0,xgboost,-0.1419889373861555,1.0,0.2,0.06913349999922502
split_fidelity,bank_marketing\gaindistill\budget_50\seed_1\split_fidelity.json,bank_marketing,gaindistill,budget_50,seed_1,xgboost,-0.061545104932276835,0.0,0.0,0.061017899999569636
split_fidelity,bank_marketing\gaindistill\budget_50\seed_2\split_fidelity.json,bank_marketing,gaindistill,budget_50,seed_2,xgboost,-0.18187771657086962,0.0,0.0,0.06155200000011973
split_fidelity,bank_marketing\gaindistill_anchor\budget_25\seed_0\split_fidelity.json,bank_marketing,gaindistill_anchor,budget_25,seed_0,xgboost,0.23568822040699394,0.0,0.4,0.02453579999928479
split_fidelity,bank_marketing\gaindistill_anchor\budget_25\seed_1\split_fidelity.json,bank_marketing,gaindistill_anchor,budget_25,seed_1,xgboost,0.1373477447483018,0.0,0.2,0.027440300000307616
split_fidelity,bank_marketing\gaindistill_anchor\budget_25\seed_2\split_fidelity.json,bank_marketing,gaindistill_anchor,budget_25,seed_2,xgboost,0.4511007749620692,0.0,0.0,0.021391099999164
split_fidelity,bank_marketing\gaindistill_anchor\budget_50\seed_0\split_fidelity.json,bank_marketing,gaindistill_anchor,budget_50,seed_0,xgboost,0.4996965994445052,0.0,0.0,0.020920300001307623
split_fidelity,bank_marketing\gaindistill_anchor\budget_50\seed_1\split_fidelity.json,bank_marketing,gaindistill_anchor,budget_50,seed_1,xgboost,0.06701233497764324,0.0,0.0,0.022879599997395417
split_fidelity,bank_marketing\gaindistill_anchor\budget_50\seed_2\split_fidelity.json,bank_marketing,gaindistill_anchor,budget_50,seed_2,xgboost,0.1745330939083925,0.0,0.0,0.024685199998202734
split_fidelity,bank_marketing\gaindistill_full\budget_25\seed_0\split_fidelity.json,bank_marketing,gaindistill_full,budget_25,seed_0,xgboost,0.23568822040699394,0.0,0.4,0.034660399998756475
split_fidelity,bank_marketing\gaindistill_full\budget_25\seed_1\split_fidelity.json,bank_marketing,gaindistill_full,budget_25,seed_1,xgboost,0.13737254415687775,0.0,0.2,0.03260940000109258
split_fidelity,bank_marketing\gaindistill_full\budget_25\seed_2\split_fidelity.json,bank_marketing,gaindistill_full,budget_25,seed_2,xgboost,0.4511007749620692,0.0,0.0,0.028870999998616753
split_fidelity,bank_marketing\gaindistill_full\budget_50\seed_0\split_fidelity.json,bank_marketing,gaindistill_full,budget_50,seed_0,xgboost,0.4996965994445052,0.0,0.0,0.025308899999799905
split_fidelity,bank_marketing\gaindistill_full\budget_50\seed_1\split_fidelity.json,bank_marketing,gaindistill_full,budget_50,seed_1,xgboost,0.06703567328623893,0.0,0.0,0.024531900000511087
split_fidelity,bank_marketing\gaindistill_full\budget_50\seed_2\split_fidelity.json,bank_marketing,gaindistill_full,budget_50,seed_2,xgboost,0.17450707435731222,0.0,0.0,0.02811479999945732
split_fidelity,bank_marketing\gaindistill_hybrid\budget_10\seed_0\split_fidelity.json,bank_marketing,gaindistill_hybrid,budget_10,seed_0,xgboost,0.020201256967200563,0.0,0.0,0.04764740000064194
split_fidelity,bank_marketing\gaindistill_hybrid\budget_10\seed_1\split_fidelity.json,bank_marketing,gaindistill_hybrid,budget_10,seed_1,xgboost,-0.0630166376086788,0.0,0.0,0.07607839999946009
split_fidelity,bank_marketing\gaindistill_hybrid\budget_10\seed_2\split_fidelity.json,bank_marketing,gaindistill_hybrid,budget_10,seed_2,xgboost,0.20609249771468338,0.0,0.2,0.0415978000000905
split_fidelity,bank_marketing\gaindistill_hybrid\budget_100\seed_0\split_fidelity.json,bank_marketing,gaindistill_hybrid,budget_100,seed_0,xgboost,0.21009250115878358,0.0,0.2,0.06335240000043996
split_fidelity,bank_marketing\gaindistill_hybrid\budget_100\seed_1\split_fidelity.json,bank_marketing,gaindistill_hybrid,budget_100,seed_1,xgboost,0.2020337916936033,0.0,0.2,0.048673999999664375
split_fidelity,bank_marketing\gaindistill_hybrid\budget_100\seed_2\split_fidelity.json,bank_marketing,gaindistill_hybrid,budget_100,seed_2,xgboost,0.24266426642664263,0.0,0.0,0.04969590000109747
split_fidelity,bank_marketing\gaindistill_hybrid\budget_25\seed_0\split_fidelity.json,bank_marketing,gaindistill_hybrid,budget_25,seed_0,xgboost,0.1798720274448306,0.0,0.0,0.04077259999939997
split_fidelity,bank_marketing\gaindistill_hybrid\budget_25\seed_1\split_fidelity.json,bank_marketing,gaindistill_hybrid,budget_25,seed_1,xgboost,0.2852774671947912,0.0,0.4,0.04074380000020028
split_fidelity,bank_marketing\gaindistill_hybrid\budget_25\seed_2\split_fidelity.json,bank_marketing,gaindistill_hybrid,budget_25,seed_2,xgboost,0.3902703936412233,0.0,0.2,0.05576659999860567
split_fidelity,bank_marketing\gaindistill_hybrid\budget_50\seed_0\split_fidelity.json,bank_marketing,gaindistill_hybrid,budget_50,seed_0,xgboost,0.07095786058322082,0.0,0.4,0.09713390000069921
split_fidelity,bank_marketing\gaindistill_hybrid\budget_50\seed_1\split_fidelity.json,bank_marketing,gaindistill_hybrid,budget_50,seed_1,xgboost,0.13889463216103295,0.0,0.0,0.08684759999960079
split_fidelity,bank_marketing\gaindistill_hybrid\budget_50\seed_2\split_fidelity.json,bank_marketing,gaindistill_hybrid,budget_50,seed_2,xgboost,0.27645964596459643,0.0,0.2,0.04926279999926919
split_fidelity,bank_marketing\gaindistill_path_hybrid\budget_10\seed_0\split_fidelity.json,bank_marketing,gaindistill_path_hybrid,budget_10,seed_0,xgboost,0.0332959581848588,0.0,0.0,0.02897099999972852
split_fidelity,bank_marketing\gaindistill_path_hybrid\budget_10\seed_1\split_fidelity.json,bank_marketing,gaindistill_path_hybrid,budget_10,seed_1,xgboost,0.22877162771034035,0.0,0.0,0.029312799999388517
split_fidelity,bank_marketing\gaindistill_path_hybrid\budget_10\seed_2\split_fidelity.json,bank_marketing,gaindistill_path_hybrid,budget_10,seed_2,xgboost,0.1751889243023272,0.0,0.0,0.028723299999910523
split_fidelity,bank_marketing\gaindistill_path_hybrid\budget_100\seed_0\split_fidelity.json,bank_marketing,gaindistill_path_hybrid,budget_100,seed_0,xgboost,0.23522299026621793,0.0,0.0,0.04584410000097705
split_fidelity,bank_marketing\gaindistill_path_hybrid\budget_100\seed_1\split_fidelity.json,bank_marketing,gaindistill_path_hybrid,budget_100,seed_1,xgboost,0.287399132783392,0.0,0.2,0.04763630000161356
split_fidelity,bank_marketing\gaindistill_path_hybrid\budget_100\seed_2\split_fidelity.json,bank_marketing,gaindistill_path_hybrid,budget_100,seed_2,xgboost,0.2954215421542154,0.0,0.2,0.04974030000084895
split_fidelity,bank_marketing\gaindistill_path_hybrid\budget_25\seed_0\split_fidelity.json,bank_marketing,gaindistill_path_hybrid,budget_25,seed_0,xgboost,-0.015044526465726684,0.0,0.0,0.03322420000040438
split_fidelity,bank_marketing\gaindistill_path_hybrid\budget_25\seed_1\split_fidelity.json,bank_marketing,gaindistill_path_hybrid,budget_25,seed_1,xgboost,0.0988561045068384,0.0,0.0,0.032068700000309036
split_fidelity,bank_marketing\gaindistill_path_hybrid\budget_25\seed_2\split_fidelity.json,bank_marketing,gaindistill_path_hybrid,budget_25,seed_2,xgboost,0.2400350442932936,0.0,0.4,0.032806900000650785
split_fidelity,bank_marketing\gaindistill_path_hybrid\budget_50\seed_0\split_fidelity.json,bank_marketing,gaindistill_path_hybrid,budget_50,seed_0,xgboost,0.11150549038116632,0.0,0.0,0.052619799998865346
split_fidelity,bank_marketing\gaindistill_path_hybrid\budget_50\seed_1\split_fidelity.json,bank_marketing,gaindistill_path_hybrid,budget_50,seed_1,xgboost,0.2698334580686287,0.0,0.0,0.03948560000026191
split_fidelity,bank_marketing\gaindistill_path_hybrid\budget_50\seed_2\split_fidelity.json,bank_marketing,gaindistill_path_hybrid,budget_50,seed_2,xgboost,0.35218721872187214,0.0,0.2,0.04521829999976035
split_fidelity,bank_marketing\gain_herding\budget_10\seed_0\split_fidelity.json,bank_marketing,gain_herding,budget_10,seed_0,xgboost,0.07958761828167357,0.0,0.4,0.02594870000029914
split_fidelity,bank_marketing\gain_herding\budget_10\seed_1\split_fidelity.json,bank_marketing,gain_herding,budget_10,seed_1,xgboost,0.5173513660973438,0.0,0.2,0.02447780000147759
split_fidelity,bank_marketing\gain_herding\budget_10\seed_2\split_fidelity.json,bank_marketing,gain_herding,budget_10,seed_2,xgboost,0.4841401017915347,0.0,0.2,0.023635499997908482
split_fidelity,bank_marketing\gain_herding\budget_100\seed_0\split_fidelity.json,bank_marketing,gain_herding,budget_100,seed_0,xgboost,0.270969761378539,0.0,0.0,0.04573330000130227
split_fidelity,bank_marketing\gain_herding\budget_100\seed_1\split_fidelity.json,bank_marketing,gain_herding,budget_100,seed_1,xgboost,0.3944429492577997,0.0,0.0,0.03817879999769502
split_fidelity,bank_marketing\gain_herding\budget_100\seed_2\split_fidelity.json,bank_marketing,gain_herding,budget_100,seed_2,xgboost,0.41062813871679704,0.0,0.0,0.03371940000215545
split_fidelity,bank_marketing\gain_herding\budget_25\seed_0\split_fidelity.json,bank_marketing,gain_herding,budget_25,seed_0,xgboost,0.5298257272415406,0.0,0.4,0.02556670000194572
split_fidelity,bank_marketing\gain_herding\budget_25\seed_1\split_fidelity.json,bank_marketing,gain_herding,budget_25,seed_1,xgboost,0.524724012041327,0.0,0.0,0.024781799991615117
split_fidelity,bank_marketing\gain_herding\budget_25\seed_2\split_fidelity.json,bank_marketing,gain_herding,budget_25,seed_2,xgboost,0.3262931296630563,0.0,0.0,0.022214099997654557
split_fidelity,bank_marketing\gain_herding\budget_50\seed_0\split_fidelity.json,bank_marketing,gain_herding,budget_50,seed_0,xgboost,0.5184031982339664,0.0,0.2,0.023084399988874793
split_fidelity,bank_marketing\gain_herding\budget_50\seed_1\split_fidelity.json,bank_marketing,gain_herding,budget_50,seed_1,xgboost,0.6665666338289739,0.0,0.0,0.032066999992821366
split_fidelity,bank_marketing\gain_herding\budget_50\seed_2\split_fidelity.json,bank_marketing,gain_herding,budget_50,seed_2,xgboost,0.04627089837418065,0.0,0.0,0.025642699998570606
split_fidelity,bank_marketing\gain_path_diverse\budget_25\seed_0\split_fidelity.json,bank_marketing,gain_path_diverse,budget_25,seed_0,xgboost,0.572635961608833,0.0,0.0,0.024217700000008335
split_fidelity,bank_marketing\gain_path_diverse\budget_50\seed_0\split_fidelity.json,bank_marketing,gain_path_diverse,budget_50,seed_0,xgboost,0.45535170045744444,0.0,0.0,0.028677599999355152
split_fidelity,bank_marketing\gain_path_dual\budget_25\seed_0\split_fidelity.json,bank_marketing,gain_path_dual,budget_25,seed_0,xgboost,0.5675876047167451,0.0,0.0,0.02738360000148532
split_fidelity,bank_marketing\gain_path_dual\budget_50\seed_0\split_fidelity.json,bank_marketing,gain_path_dual,budget_50,seed_0,xgboost,0.3636902801152521,0.0,0.0,0.03380269999979646
split_fidelity,bank_marketing\gain_path_herding\budget_10\seed_0\split_fidelity.json,bank_marketing,gain_path_herding,budget_10,seed_0,xgboost,0.40284206905429837,1.0,0.4,0.025940499999705935
split_fidelity,bank_marketing\gain_path_herding\budget_10\seed_1\split_fidelity.json,bank_marketing,gain_path_herding,budget_10,seed_1,xgboost,0.293795712707002,0.0,0.8,0.021132400001079077
split_fidelity,bank_marketing\gain_path_herding\budget_10\seed_2\split_fidelity.json,bank_marketing,gain_path_herding,budget_10,seed_2,xgboost,0.327009142434057,0.0,0.0,0.019093599999905564
split_fidelity,bank_marketing\gain_path_herding\budget_100\seed_0\split_fidelity.json,bank_marketing,gain_path_herding,budget_100,seed_0,xgboost,0.2724963825211953,0.0,0.0,0.03812570000081905
split_fidelity,bank_marketing\gain_path_herding\budget_100\seed_1\split_fidelity.json,bank_marketing,gain_path_herding,budget_100,seed_1,xgboost,0.08206923654054929,0.0,0.0,0.028434200001356658
split_fidelity,bank_marketing\gain_path_herding\budget_100\seed_2\split_fidelity.json,bank_marketing,gain_path_herding,budget_100,seed_2,xgboost,0.19725649769635867,0.0,0.0,0.034275400001206435
split_fidelity,bank_marketing\gain_path_herding\budget_25\seed_0\split_fidelity.json,bank_marketing,gain_path_herding,budget_25,seed_0,xgboost,0.3568657280145416,0.0,0.0,0.024426100004347973
split_fidelity,bank_marketing\gain_path_herding\budget_25\seed_1\split_fidelity.json,bank_marketing,gain_path_herding,budget_25,seed_1,xgboost,0.14175505128720325,0.0,0.4,0.021785800010547973
split_fidelity,bank_marketing\gain_path_herding\budget_25\seed_2\split_fidelity.json,bank_marketing,gain_path_herding,budget_25,seed_2,xgboost,0.4422795482460533,0.0,0.0,0.024269100002129562
split_fidelity,bank_marketing\gain_path_herding\budget_50\seed_0\split_fidelity.json,bank_marketing,gain_path_herding,budget_50,seed_0,xgboost,0.14748408850923284,0.0,0.0,0.026251399991451763
split_fidelity,bank_marketing\gain_path_herding\budget_50\seed_1\split_fidelity.json,bank_marketing,gain_path_herding,budget_50,seed_1,xgboost,0.25024353182510023,0.0,0.0,0.02537329999904614
split_fidelity,bank_marketing\gain_path_herding\budget_50\seed_2\split_fidelity.json,bank_marketing,gain_path_herding,budget_50,seed_2,xgboost,0.19530866028674446,0.0,0.0,0.022790499991970137
split_fidelity,bank_marketing\gain_path_prior_weighted\budget_25\seed_0\split_fidelity.json,bank_marketing,gain_path_prior_weighted,budget_25,seed_0,xgboost,0.4958799321103206,0.0,0.0,0.026032099998701597
split_fidelity,bank_marketing\gain_path_prior_weighted\budget_25\seed_1\split_fidelity.json,bank_marketing,gain_path_prior_weighted,budget_25,seed_1,xgboost,0.37448732193624484,1.0,0.4,0.024706600001081824
split_fidelity,bank_marketing\gain_path_prior_weighted\budget_25\seed_2\split_fidelity.json,bank_marketing,gain_path_prior_weighted,budget_25,seed_2,xgboost,0.44720179693269335,0.0,0.0,0.024447899999358924
split_fidelity,bank_marketing\gain_path_prior_weighted\budget_50\seed_0\split_fidelity.json,bank_marketing,gain_path_prior_weighted,budget_50,seed_0,xgboost,0.26167680290045237,0.0,0.0,0.030992200001492165
split_fidelity,bank_marketing\gain_path_prior_weighted\budget_50\seed_1\split_fidelity.json,bank_marketing,gain_path_prior_weighted,budget_50,seed_1,xgboost,0.29723292669566004,0.0,0.0,0.02709089999916614
split_fidelity,bank_marketing\gain_path_prior_weighted\budget_50\seed_2\split_fidelity.json,bank_marketing,gain_path_prior_weighted,budget_50,seed_2,xgboost,0.388994140678627,0.0,0.2,0.024522799998521805
split_fidelity,bank_marketing\gain_path_refined\budget_25\seed_0\split_fidelity.json,bank_marketing,gain_path_refined,budget_25,seed_0,xgboost,0.4237466846894056,0.0,0.0,0.0195808999997098
split_fidelity,bank_marketing\gain_path_refined\budget_25\seed_1\split_fidelity.json,bank_marketing,gain_path_refined,budget_25,seed_1,xgboost,0.1333085628227732,0.0,0.4,0.0218579999927897
split_fidelity,bank_marketing\gain_path_refined\budget_25\seed_2\split_fidelity.json,bank_marketing,gain_path_refined,budget_25,seed_2,xgboost,0.27152012403740494,0.0,0.0,0.018811600006301887
split_fidelity,bank_marketing\gain_path_refined\budget_50\seed_0\split_fidelity.json,bank_marketing,gain_path_refined,budget_50,seed_0,xgboost,0.19435917431609182,0.0,0.0,0.025705300009576604
split_fidelity,bank_marketing\gain_path_refined\budget_50\seed_1\split_fidelity.json,bank_marketing,gain_path_refined,budget_50,seed_1,xgboost,0.2429363863989057,0.0,0.0,0.024139600005582906
split_fidelity,bank_marketing\gain_path_refined\budget_50\seed_2\split_fidelity.json,bank_marketing,gain_path_refined,budget_50,seed_2,xgboost,0.26984950701486315,0.0,0.0,0.026464700000360608
split_fidelity,bank_marketing\gain_path_refined_weighted\budget_50\seed_0\split_fidelity.json,bank_marketing,gain_path_refined_weighted,budget_50,seed_0,xgboost,0.3258274872680148,0.0,0.0,0.01663130000088131
split_fidelity,bank_marketing\gain_path_safeguarded\budget_25\seed_0\split_fidelity.json,bank_marketing,gain_path_safeguarded,budget_25,seed_0,xgboost,0.4237466846894056,0.0,0.0,0.022310600004857406
split_fidelity,bank_marketing\gain_path_safeguarded\budget_25\seed_1\split_fidelity.json,bank_marketing,gain_path_safeguarded,budget_25,seed_1,xgboost,0.1333085628227732,0.0,0.4,0.021100600002682768
split_fidelity,bank_marketing\gain_path_safeguarded\budget_25\seed_2\split_fidelity.json,bank_marketing,gain_path_safeguarded,budget_25,seed_2,xgboost,0.27152012403740494,0.0,0.0,0.02110240000183694
split_fidelity,bank_marketing\gain_path_safeguarded\budget_50\seed_0\split_fidelity.json,bank_marketing,gain_path_safeguarded,budget_50,seed_0,xgboost,0.19435917431609182,0.0,0.0,0.0278558999998495
split_fidelity,bank_marketing\gain_path_safeguarded\budget_50\seed_1\split_fidelity.json,bank_marketing,gain_path_safeguarded,budget_50,seed_1,xgboost,0.2429363863989057,0.0,0.0,0.028488799987826496
split_fidelity,bank_marketing\gain_path_safeguarded\budget_50\seed_2\split_fidelity.json,bank_marketing,gain_path_safeguarded,budget_50,seed_2,xgboost,0.26984950701486315,0.0,0.0,0.027359599989722483
split_fidelity,bank_marketing\gain_weighted_coreset\budget_10\seed_0\split_fidelity.json,bank_marketing,gain_weighted_coreset,budget_10,seed_0,xgboost,0.020201256967200563,0.0,0.0,0.05315279999922495
split_fidelity,bank_marketing\gain_weighted_coreset\budget_10\seed_1\split_fidelity.json,bank_marketing,gain_weighted_coreset,budget_10,seed_1,xgboost,-0.0630166376086788,0.0,0.0,0.05000629999994999
split_fidelity,bank_marketing\gain_weighted_coreset\budget_10\seed_2\split_fidelity.json,bank_marketing,gain_weighted_coreset,budget_10,seed_2,xgboost,0.20609249771468338,0.0,0.2,0.05865350000021863
split_fidelity,bank_marketing\gain_weighted_coreset\budget_100\seed_0\split_fidelity.json,bank_marketing,gain_weighted_coreset,budget_100,seed_0,xgboost,0.21009250115878358,0.0,0.2,0.05109769999944547
split_fidelity,bank_marketing\gain_weighted_coreset\budget_100\seed_1\split_fidelity.json,bank_marketing,gain_weighted_coreset,budget_100,seed_1,xgboost,0.2020337916936033,0.0,0.2,0.042905500000415486
split_fidelity,bank_marketing\gain_weighted_coreset\budget_100\seed_2\split_fidelity.json,bank_marketing,gain_weighted_coreset,budget_100,seed_2,xgboost,0.24266426642664263,0.0,0.0,0.06871139999930165
split_fidelity,bank_marketing\gain_weighted_coreset\budget_25\seed_0\split_fidelity.json,bank_marketing,gain_weighted_coreset,budget_25,seed_0,xgboost,0.1798720274448306,0.0,0.0,0.045054100000925246
split_fidelity,bank_marketing\gain_weighted_coreset\budget_25\seed_1\split_fidelity.json,bank_marketing,gain_weighted_coreset,budget_25,seed_1,xgboost,0.2852774671947912,0.0,0.4,0.04461479999918083
split_fidelity,bank_marketing\gain_weighted_coreset\budget_25\seed_2\split_fidelity.json,bank_marketing,gain_weighted_coreset,budget_25,seed_2,xgboost,0.3902703936412233,0.0,0.2,0.03806530000110797
split_fidelity,bank_marketing\gain_weighted_coreset\budget_50\seed_0\split_fidelity.json,bank_marketing,gain_weighted_coreset,budget_50,seed_0,xgboost,0.07095786058322082,0.0,0.4,0.04284000000006927
split_fidelity,bank_marketing\gain_weighted_coreset\budget_50\seed_1\split_fidelity.json,bank_marketing,gain_weighted_coreset,budget_50,seed_1,xgboost,0.13889463216103295,0.0,0.0,0.04602340000019467
split_fidelity,bank_marketing\gain_weighted_coreset\budget_50\seed_2\split_fidelity.json,bank_marketing,gain_weighted_coreset,budget_50,seed_2,xgboost,0.27645964596459643,0.0,0.2,0.041587100000469945
split_fidelity,bank_marketing\gradient_sampling\budget_10\seed_0\split_fidelity.json,bank_marketing,gradient_sampling,budget_10,seed_0,xgboost,0.17452954574638585,0.0,0.0,0.06363459999920451
split_fidelity,bank_marketing\gradient_sampling\budget_10\seed_1\split_fidelity.json,bank_marketing,gradient_sampling,budget_10,seed_1,xgboost,0.3059641227408248,0.0,0.0,0.05058240000016667
split_fidelity,bank_marketing\gradient_sampling\budget_10\seed_2\split_fidelity.json,bank_marketing,gradient_sampling,budget_10,seed_2,xgboost,0.0409163336514198,0.0,0.0,0.06006069999966712
split_fidelity,bank_marketing\gradient_sampling\budget_100\seed_0\split_fidelity.json,bank_marketing,gradient_sampling,budget_100,seed_0,xgboost,0.1800300780675138,0.0,0.0,0.07473959999970248
split_fidelity,bank_marketing\gradient_sampling\budget_100\seed_1\split_fidelity.json,bank_marketing,gradient_sampling,budget_100,seed_1,xgboost,0.3277848315120418,0.0,0.0,0.06561899999996967
split_fidelity,bank_marketing\gradient_sampling\budget_100\seed_2\split_fidelity.json,bank_marketing,gradient_sampling,budget_100,seed_2,xgboost,0.18721328296898831,0.0,0.0,0.07811339999989286
split_fidelity,bank_marketing\gradient_sampling\budget_25\seed_0\split_fidelity.json,bank_marketing,gradient_sampling,budget_25,seed_0,xgboost,0.09867262556365744,0.0,0.2,0.06335159999980533
split_fidelity,bank_marketing\gradient_sampling\budget_25\seed_1\split_fidelity.json,bank_marketing,gradient_sampling,budget_25,seed_1,xgboost,0.20348835579012153,0.0,0.2,0.061643899999580754
split_fidelity,bank_marketing\gradient_sampling\budget_25\seed_2\split_fidelity.json,bank_marketing,gradient_sampling,budget_25,seed_2,xgboost,0.18687718947667978,0.0,0.0,0.05112540000027366
split_fidelity,bank_marketing\gradient_sampling\budget_50\seed_0\split_fidelity.json,bank_marketing,gradient_sampling,budget_50,seed_0,xgboost,0.10822698395541006,0.0,0.0,0.07035189999987779
split_fidelity,bank_marketing\gradient_sampling\budget_50\seed_1\split_fidelity.json,bank_marketing,gradient_sampling,budget_50,seed_1,xgboost,0.2470165466075549,0.0,0.0,0.05814209999971354
split_fidelity,bank_marketing\gradient_sampling\budget_50\seed_2\split_fidelity.json,bank_marketing,gradient_sampling,budget_50,seed_2,xgboost,0.13835791117535223,0.0,0.0,0.06026209999981802
split_fidelity,bank_marketing\herding\budget_10\seed_0\split_fidelity.json,bank_marketing,herding,budget_10,seed_0,xgboost,0.14041106855128346,0.0,0.0,0.04862189999948896
split_fidelity,bank_marketing\herding\budget_10\seed_1\split_fidelity.json,bank_marketing,herding,budget_10,seed_1,xgboost,0.4109521194675375,0.0,0.0,0.021372000002884306
split_fidelity,bank_marketing\herding\budget_10\seed_2\split_fidelity.json,bank_marketing,herding,budget_10,seed_2,xgboost,0.5413775541199781,0.0,0.0,0.023187300001154654
split_fidelity,bank_marketing\herding\budget_100\seed_0\split_fidelity.json,bank_marketing,herding,budget_100,seed_0,xgboost,0.330667244440659,0.0,0.0,0.06442659999993339
split_fidelity,bank_marketing\herding\budget_100\seed_1\split_fidelity.json,bank_marketing,herding,budget_100,seed_1,xgboost,0.1479680179973974,0.0,0.0,0.03601220000200556
split_fidelity,bank_marketing\herding\budget_100\seed_2\split_fidelity.json,bank_marketing,herding,budget_100,seed_2,xgboost,0.24604266379833117,0.0,0.0,0.036128900002950104
split_fidelity,bank_marketing\herding\budget_25\seed_0\split_fidelity.json,bank_marketing,herding,budget_25,seed_0,xgboost,0.404993313809283,0.0,0.4,0.02427259999967646
split_fidelity,bank_marketing\herding\budget_25\seed_1\split_fidelity.json,bank_marketing,herding,budget_25,seed_1,xgboost,0.3084660980833736,0.0,0.4,0.022293700007139705
split_fidelity,bank_marketing\herding\budget_25\seed_2\split_fidelity.json,bank_marketing,herding,budget_25,seed_2,xgboost,0.45063887161106014,0.0,0.4,0.020566899998812005
split_fidelity,bank_marketing\herding\budget_50\seed_0\split_fidelity.json,bank_marketing,herding,budget_50,seed_0,xgboost,0.29412766610986746,0.0,0.0,0.027258100002654828
split_fidelity,bank_marketing\herding\budget_50\seed_1\split_fidelity.json,bank_marketing,herding,budget_50,seed_1,xgboost,0.16157015994421697,0.0,0.0,0.02422409999417141
split_fidelity,bank_marketing\herding\budget_50\seed_2\split_fidelity.json,bank_marketing,herding,budget_50,seed_2,xgboost,0.3582022361123108,0.0,0.0,0.025697399993077852
split_fidelity,bank_marketing\k_center\budget_10\seed_0\split_fidelity.json,bank_marketing,k_center,budget_10,seed_0,xgboost,0.08769909907440908,0.0,0.0,0.041503800000100455
split_fidelity,bank_marketing\k_center\budget_10\seed_1\split_fidelity.json,bank_marketing,k_center,budget_10,seed_1,xgboost,0.031191197309268455,0.0,0.0,0.0384316999998191
split_fidelity,bank_marketing\k_center\budget_10\seed_2\split_fidelity.json,bank_marketing,k_center,budget_10,seed_2,xgboost,0.05586082666793938,0.0,0.0,0.04074579999996786
split_fidelity,bank_marketing\k_center\budget_100\seed_0\split_fidelity.json,bank_marketing,k_center,budget_100,seed_0,xgboost,0.14530138449446808,0.0,0.2,0.05947399999968184
split_fidelity,bank_marketing\k_center\budget_100\seed_1\split_fidelity.json,bank_marketing,k_center,budget_100,seed_1,xgboost,0.0975264564968289,0.0,0.2,0.055134799999905226
split_fidelity,bank_marketing\k_center\budget_100\seed_2\split_fidelity.json,bank_marketing,k_center,budget_100,seed_2,xgboost,0.08254425442544253,0.0,0.0,0.04976949999945646
split_fidelity,bank_marketing\k_center\budget_25\seed_0\split_fidelity.json,bank_marketing,k_center,budget_25,seed_0,xgboost,0.03976409601556472,0.0,0.2,0.04982579999978043
split_fidelity,bank_marketing\k_center\budget_25\seed_1\split_fidelity.json,bank_marketing,k_center,budget_25,seed_1,xgboost,-0.08520713524757077,0.0,0.2,0.05207109999992099
split_fidelity,bank_marketing\k_center\budget_25\seed_2\split_fidelity.json,bank_marketing,k_center,budget_25,seed_2,xgboost,0.039731284282446135,0.0,0.0,0.04749739999988378
split_fidelity,bank_marketing\k_center\budget_50\seed_0\split_fidelity.json,bank_marketing,k_center,budget_50,seed_0,xgboost,0.1705067035340683,0.0,0.2,0.05601699999988341
split_fidelity,bank_marketing\k_center\budget_50\seed_1\split_fidelity.json,bank_marketing,k_center,budget_50,seed_1,xgboost,-0.06305967869511657,0.0,0.2,0.058294000000387314
split_fidelity,bank_marketing\k_center\budget_50\seed_2\split_fidelity.json,bank_marketing,k_center,budget_50,seed_2,xgboost,0.05526002334478285,0.0,0.0,0.05905530000018189
split_fidelity,bank_marketing\math_tuned\budget_50\seed_0\split_fidelity.json,bank_marketing,math_tuned,budget_50,seed_0,xgboost,0.24888181106888066,0.0,0.0,0.04237730000022566
split_fidelity,bank_marketing\math_tuned_more_probes\budget_50\seed_0\split_fidelity.json,bank_marketing,math_tuned_more_probes,budget_50,seed_0,xgboost,0.32095111269872906,0.0,0.0,0.033787000000302214
split_fidelity,bank_marketing\math_tuned_no_anchor\budget_50\seed_0\split_fidelity.json,bank_marketing,math_tuned_no_anchor,budget_50,seed_0,xgboost,0.24893672519691318,0.0,0.0,0.037338800000725314
split_fidelity,bank_marketing\math_tuned_no_hist\budget_50\seed_0\split_fidelity.json,bank_marketing,math_tuned_no_hist,budget_50,seed_0,xgboost,0.24893672519691318,0.0,0.0,0.031650699998863274
split_fidelity,bank_marketing\random\budget_10\seed_0\split_fidelity.json,bank_marketing,random,budget_10,seed_0,xgboost,-0.0419378855703199,0.0,0.0,0.05386270000053628
split_fidelity,bank_marketing\random\budget_10\seed_1\split_fidelity.json,bank_marketing,random,budget_10,seed_1,xgboost,0.03417883549830235,0.0,0.0,0.016988999999739463
split_fidelity,bank_marketing\random\budget_10\seed_2\split_fidelity.json,bank_marketing,random,budget_10,seed_2,xgboost,0.25831671380130644,0.0,0.0,0.018476899997040164
split_fidelity,bank_marketing\random\budget_100\seed_0\split_fidelity.json,bank_marketing,random,budget_100,seed_0,xgboost,0.01833919448708092,0.0,0.2,0.060585299999729614
split_fidelity,bank_marketing\random\budget_100\seed_1\split_fidelity.json,bank_marketing,random,budget_100,seed_1,xgboost,0.18749836256945276,0.0,0.0,0.030469799999991665
split_fidelity,bank_marketing\random\budget_100\seed_2\split_fidelity.json,bank_marketing,random,budget_100,seed_2,xgboost,-0.03497509623991153,0.0,0.0,0.03012460000172723
split_fidelity,bank_marketing\random\budget_25\seed_0\split_fidelity.json,bank_marketing,random,budget_25,seed_0,xgboost,0.2923337177062077,0.0,0.2,0.02149370001279749
split_fidelity,bank_marketing\random\budget_25\seed_1\split_fidelity.json,bank_marketing,random,budget_25,seed_1,xgboost,0.3309014264621001,0.0,0.2,0.022758300008717924
split_fidelity,bank_marketing\random\budget_25\seed_2\split_fidelity.json,bank_marketing,random,budget_25,seed_2,xgboost,0.20402985364831197,0.0,0.2,0.02386189998651389
split_fidelity,bank_marketing\random\budget_50\seed_0\split_fidelity.json,bank_marketing,random,budget_50,seed_0,xgboost,0.33415980921633004,0.0,0.0,0.020964099996490404
split_fidelity,bank_marketing\random\budget_50\seed_1\split_fidelity.json,bank_marketing,random,budget_50,seed_1,xgboost,0.33284190320072815,0.0,0.0,0.02008899999782443
split_fidelity,bank_marketing\random\budget_50\seed_2\split_fidelity.json,bank_marketing,random,budget_50,seed_2,xgboost,0.30052334177124884,0.0,0.2,0.015782900009071454
split_fidelity,bank_marketing\refined_no_conf\budget_25\seed_0\split_fidelity.json,bank_marketing,refined_no_conf,budget_25,seed_0,xgboost,0.7010107169415314,0.0,0.0,0.016282600000010916
split_fidelity,bank_marketing\refined_no_conf\budget_25\seed_1\split_fidelity.json,bank_marketing,refined_no_conf,budget_25,seed_1,xgboost,0.32751142688181617,0.0,0.2,0.016244700000015655
split_fidelity,bank_marketing\refined_no_conf\budget_25\seed_2\split_fidelity.json,bank_marketing,refined_no_conf,budget_25,seed_2,xgboost,0.5699003562999556,0.0,0.0,0.017796400000008816
split_fidelity,bank_marketing\refined_no_conf\budget_50\seed_0\split_fidelity.json,bank_marketing,refined_no_conf,budget_50,seed_0,xgboost,0.2538364593458493,0.0,0.0,0.01758719999997993
split_fidelity,bank_marketing\refined_no_conf\budget_50\seed_1\split_fidelity.json,bank_marketing,refined_no_conf,budget_50,seed_1,xgboost,0.23665927534837902,0.0,0.0,0.01723820000000842
split_fidelity,bank_marketing\refined_no_conf\budget_50\seed_2\split_fidelity.json,bank_marketing,refined_no_conf,budget_50,seed_2,xgboost,0.4549989978270961,0.0,0.0,0.018020799999987958
split_fidelity,bank_marketing\refined_no_gain_weight\budget_25\seed_0\split_fidelity.json,bank_marketing,refined_no_gain_weight,budget_25,seed_0,xgboost,0.4237466846894056,0.0,0.0,0.014929400000028181
split_fidelity,bank_marketing\refined_no_gain_weight\budget_25\seed_1\split_fidelity.json,bank_marketing,refined_no_gain_weight,budget_25,seed_1,xgboost,0.1333085628227732,0.0,0.4,0.015287100000023202
split_fidelity,bank_marketing\refined_no_gain_weight\budget_25\seed_2\split_fidelity.json,bank_marketing,refined_no_gain_weight,budget_25,seed_2,xgboost,0.27152012403740494,0.0,0.0,0.01584420000000364
split_fidelity,bank_marketing\refined_no_gain_weight\budget_50\seed_0\split_fidelity.json,bank_marketing,refined_no_gain_weight,budget_50,seed_0,xgboost,0.19435917431609182,0.0,0.0,0.017239200000005894
split_fidelity,bank_marketing\refined_no_gain_weight\budget_50\seed_1\split_fidelity.json,bank_marketing,refined_no_gain_weight,budget_50,seed_1,xgboost,0.2429363863989057,0.0,0.0,0.018766900000002806
split_fidelity,bank_marketing\refined_no_gain_weight\budget_50\seed_2\split_fidelity.json,bank_marketing,refined_no_gain_weight,budget_50,seed_2,xgboost,0.26984950701486315,0.0,0.0,0.020727399999998397
split_fidelity,bank_marketing\refined_no_grad\budget_25\seed_0\split_fidelity.json,bank_marketing,refined_no_grad,budget_25,seed_0,xgboost,0.4154896321495355,0.0,0.4,0.016784599999994043
split_fidelity,bank_marketing\refined_no_grad\budget_25\seed_1\split_fidelity.json,bank_marketing,refined_no_grad,budget_25,seed_1,xgboost,0.2124921997618743,0.0,0.2,0.015518399999962185
split_fidelity,bank_marketing\refined_no_grad\budget_25\seed_2\split_fidelity.json,bank_marketing,refined_no_grad,budget_25,seed_2,xgboost,0.3152952291232164,0.0,0.0,0.016693099999997685
split_fidelity,bank_marketing\refined_no_grad\budget_50\seed_0\split_fidelity.json,bank_marketing,refined_no_grad,budget_50,seed_0,xgboost,0.4759472817779323,0.0,0.0,0.018122399999981553
split_fidelity,bank_marketing\refined_no_grad\budget_50\seed_1\split_fidelity.json,bank_marketing,refined_no_grad,budget_50,seed_1,xgboost,0.3671634965941092,0.0,0.0,0.018778900000029353
split_fidelity,bank_marketing\refined_no_grad\budget_50\seed_2\split_fidelity.json,bank_marketing,refined_no_grad,budget_50,seed_2,xgboost,0.09735230078061649,0.0,0.0,0.024495699999988574
split_fidelity,bank_marketing\refined_no_hess\budget_25\seed_0\split_fidelity.json,bank_marketing,refined_no_hess,budget_25,seed_0,xgboost,0.6179495770275941,0.0,0.2,0.017517700000041714
split_fidelity,bank_marketing\refined_no_hess\budget_25\seed_1\split_fidelity.json,bank_marketing,refined_no_hess,budget_25,seed_1,xgboost,0.5309026300812824,0.0,0.0,0.0158533000000034
split_fidelity,bank_marketing\refined_no_hess\budget_25\seed_2\split_fidelity.json,bank_marketing,refined_no_hess,budget_25,seed_2,xgboost,0.4789590166084248,0.0,0.0,0.016165000000000873
split_fidelity,bank_marketing\refined_no_hess\budget_50\seed_0\split_fidelity.json,bank_marketing,refined_no_hess,budget_50,seed_0,xgboost,0.5543721496166965,0.0,0.2,0.019321499999989555
split_fidelity,bank_marketing\refined_no_hess\budget_50\seed_1\split_fidelity.json,bank_marketing,refined_no_hess,budget_50,seed_1,xgboost,0.441822412686946,0.0,0.0,0.02039439999998649
split_fidelity,bank_marketing\refined_no_hess\budget_50\seed_2\split_fidelity.json,bank_marketing,refined_no_hess,budget_50,seed_2,xgboost,0.5004640282343126,0.0,0.0,0.020665699999995013
split_fidelity,bank_marketing\refined_no_path\budget_25\seed_0\split_fidelity.json,bank_marketing,refined_no_path,budget_25,seed_0,xgboost,0.5318879618974012,0.0,0.2,0.017164100000002236
split_fidelity,bank_marketing\refined_no_path\budget_25\seed_1\split_fidelity.json,bank_marketing,refined_no_path,budget_25,seed_1,xgboost,0.531269128810076,0.0,0.0,0.01700429999999642
split_fidelity,bank_marketing\refined_no_path\budget_25\seed_2\split_fidelity.json,bank_marketing,refined_no_path,budget_25,seed_2,xgboost,0.38233364012002685,0.0,0.0,0.01841660000002321
split_fidelity,bank_marketing\refined_no_path\budget_50\seed_0\split_fidelity.json,bank_marketing,refined_no_path,budget_50,seed_0,xgboost,0.43844778874808105,0.0,0.0,0.021354900000005728
split_fidelity,bank_marketing\refined_no_path\budget_50\seed_1\split_fidelity.json,bank_marketing,refined_no_path,budget_50,seed_1,xgboost,0.6104434314408813,0.0,0.0,0.02250970000000052
split_fidelity,bank_marketing\refined_no_path\budget_50\seed_2\split_fidelity.json,bank_marketing,refined_no_path,budget_50,seed_2,xgboost,0.25086009726196534,0.0,0.0,0.020078099999977894
split_fidelity,bank_marketing\refined_no_raw\budget_25\seed_0\split_fidelity.json,bank_marketing,refined_no_raw,budget_25,seed_0,xgboost,0.5005985789759541,0.0,0.0,0.018997099999978673
split_fidelity,bank_marketing\refined_no_raw\budget_25\seed_1\split_fidelity.json,bank_marketing,refined_no_raw,budget_25,seed_1,xgboost,0.3671669946219533,0.0,0.2,0.018100100000026487
split_fidelity,bank_marketing\refined_no_raw\budget_25\seed_2\split_fidelity.json,bank_marketing,refined_no_raw,budget_25,seed_2,xgboost,0.4524004999386391,0.0,0.2,0.017559399999981906
split_fidelity,bank_marketing\refined_no_raw\budget_50\seed_0\split_fidelity.json,bank_marketing,refined_no_raw,budget_50,seed_0,xgboost,0.487958638468187,0.0,0.0,0.019614100000012513
split_fidelity,bank_marketing\refined_no_raw\budget_50\seed_1\split_fidelity.json,bank_marketing,refined_no_raw,budget_50,seed_1,xgboost,0.5476071956944745,0.0,0.0,0.020083999999997104
split_fidelity,bank_marketing\refined_no_raw\budget_50\seed_2\split_fidelity.json,bank_marketing,refined_no_raw,budget_50,seed_2,xgboost,0.2592180734458608,0.0,0.0,0.021180800000024647
split_fidelity,bank_marketing\refined_no_refine\budget_25\seed_0\split_fidelity.json,bank_marketing,refined_no_refine,budget_25,seed_0,xgboost,0.3568657280145416,0.0,0.0,0.01681419999999889
split_fidelity,bank_marketing\refined_no_refine\budget_25\seed_1\split_fidelity.json,bank_marketing,refined_no_refine,budget_25,seed_1,xgboost,0.14175505128720325,0.0,0.4,0.02000220000002173
split_fidelity,bank_marketing\refined_no_refine\budget_25\seed_2\split_fidelity.json,bank_marketing,refined_no_refine,budget_25,seed_2,xgboost,0.4422795482460533,0.0,0.0,0.015777700000001005
split_fidelity,bank_marketing\refined_no_refine\budget_50\seed_0\split_fidelity.json,bank_marketing,refined_no_refine,budget_50,seed_0,xgboost,0.14748408850923284,0.0,0.0,0.02571949999997969
split_fidelity,bank_marketing\refined_no_refine\budget_50\seed_1\split_fidelity.json,bank_marketing,refined_no_refine,budget_50,seed_1,xgboost,0.25024353182510023,0.0,0.0,0.020087700000033237
split_fidelity,bank_marketing\refined_no_refine\budget_50\seed_2\split_fidelity.json,bank_marketing,refined_no_refine,budget_50,seed_2,xgboost,0.19530866028674446,0.0,0.0,0.02200620000002118
split_fidelity,bank_marketing\refined_path_occupancy_only\budget_25\seed_0\split_fidelity.json,bank_marketing,refined_path_occupancy_only,budget_25,seed_0,xgboost,0.29159813633885484,0.0,0.0,0.01875960000000987
split_fidelity,bank_marketing\refined_path_occupancy_only\budget_25\seed_1\split_fidelity.json,bank_marketing,refined_path_occupancy_only,budget_25,seed_1,xgboost,0.6610392738784162,0.0,0.0,0.017182999999988624
split_fidelity,bank_marketing\refined_path_occupancy_only\budget_25\seed_2\split_fidelity.json,bank_marketing,refined_path_occupancy_only,budget_25,seed_2,xgboost,0.29548069311754316,0.0,0.0,0.016990800000030504
split_fidelity,bank_marketing\refined_path_occupancy_only\budget_50\seed_0\split_fidelity.json,bank_marketing,refined_path_occupancy_only,budget_50,seed_0,xgboost,0.07401936288550283,0.0,0.0,0.018602699999973993
split_fidelity,bank_marketing\refined_path_occupancy_only\budget_50\seed_1\split_fidelity.json,bank_marketing,refined_path_occupancy_only,budget_50,seed_1,xgboost,0.4084493624156278,0.0,0.2,0.022789899999963836
split_fidelity,bank_marketing\refined_path_occupancy_only\budget_50\seed_2\split_fidelity.json,bank_marketing,refined_path_occupancy_only,budget_50,seed_2,xgboost,0.30720230202331045,0.0,0.0,0.016353700000024673
split_fidelity,bank_marketing\sketch_no_conf\budget_50\seed_0\split_fidelity.json,bank_marketing,sketch_no_conf,budget_50,seed_0,xgboost,0.3316312521349726,0.0,0.0,0.03480170000148064
split_fidelity,bank_marketing\sketch_no_gain_weight\budget_50\seed_0\split_fidelity.json,bank_marketing,sketch_no_gain_weight,budget_50,seed_0,xgboost,0.24391571046002802,0.0,0.4,0.03325279999990016
split_fidelity,bank_marketing\sketch_no_grad\budget_50\seed_0\split_fidelity.json,bank_marketing,sketch_no_grad,budget_50,seed_0,xgboost,0.3307613052360431,0.0,0.2,0.032141200001206016
split_fidelity,bank_marketing\sketch_no_hess\budget_50\seed_0\split_fidelity.json,bank_marketing,sketch_no_hess,budget_50,seed_0,xgboost,0.3829969468458564,0.0,0.4,0.030061200001000543
split_fidelity,bank_marketing\sketch_no_raw\budget_50\seed_0\split_fidelity.json,bank_marketing,sketch_no_raw,budget_50,seed_0,xgboost,0.183426750474423,0.0,0.0,0.029650299999048002
split_fidelity,bank_marketing\sketch_occupancy_only\budget_50\seed_0\split_fidelity.json,bank_marketing,sketch_occupancy_only,budget_50,seed_0,xgboost,0.09525776831982628,0.0,0.0,0.03136369999992894
split_fidelity,bank_marketing\tree_region\budget_10\seed_0\split_fidelity.json,bank_marketing,tree_region,budget_10,seed_0,xgboost,0.17452954574638585,0.0,0.0,0.044254999999793654
split_fidelity,bank_marketing\tree_region\budget_10\seed_1\split_fidelity.json,bank_marketing,tree_region,budget_10,seed_1,xgboost,0.3059641227408248,0.0,0.0,0.042005499999504536
split_fidelity,bank_marketing\tree_region\budget_10\seed_2\split_fidelity.json,bank_marketing,tree_region,budget_10,seed_2,xgboost,0.0409163336514198,0.0,0.0,0.0471717999998873
split_fidelity,bank_marketing\tree_region\budget_100\seed_0\split_fidelity.json,bank_marketing,tree_region,budget_100,seed_0,xgboost,0.1800300780675138,0.0,0.0,0.0564143999999942
split_fidelity,bank_marketing\tree_region\budget_100\seed_1\split_fidelity.json,bank_marketing,tree_region,budget_100,seed_1,xgboost,0.3277848315120418,0.0,0.0,0.05442620000030729
split_fidelity,bank_marketing\tree_region\budget_100\seed_2\split_fidelity.json,bank_marketing,tree_region,budget_100,seed_2,xgboost,0.18721328296898831,0.0,0.0,0.05285279999952763
split_fidelity,bank_marketing\tree_region\budget_25\seed_0\split_fidelity.json,bank_marketing,tree_region,budget_25,seed_0,xgboost,0.09867262556365744,0.0,0.2,0.04117039999982808
split_fidelity,bank_marketing\tree_region\budget_25\seed_1\split_fidelity.json,bank_marketing,tree_region,budget_25,seed_1,xgboost,0.20348835579012153,0.0,0.2,0.04640339999969001
split_fidelity,bank_marketing\tree_region\budget_25\seed_2\split_fidelity.json,bank_marketing,tree_region,budget_25,seed_2,xgboost,0.18687718947667978,0.0,0.0,0.04676199999994424
split_fidelity,bank_marketing\tree_region\budget_50\seed_0\split_fidelity.json,bank_marketing,tree_region,budget_50,seed_0,xgboost,0.10822698395541006,0.0,0.0,0.05560289999993984
split_fidelity,bank_marketing\tree_region\budget_50\seed_1\split_fidelity.json,bank_marketing,tree_region,budget_50,seed_1,xgboost,0.2470165466075549,0.0,0.0,0.056534499999543186
split_fidelity,bank_marketing\tree_region\budget_50\seed_2\split_fidelity.json,bank_marketing,tree_region,budget_50,seed_2,xgboost,0.13835791117535223,0.0,0.0,0.04944369999975606
split_fidelity,breast_w\distribution_matching\budget_10\seed_0\split_fidelity.json,breast_w,distribution_matching,budget_10,seed_0,xgboost,-0.02965423713831916,0.0,0.0,0.024085699999886856
split_fidelity,breast_w\distribution_matching\budget_10\seed_1\split_fidelity.json,breast_w,distribution_matching,budget_10,seed_1,xgboost,-0.061767930765522935,0.0,0.0,0.020798599999579892
split_fidelity,breast_w\distribution_matching\budget_10\seed_2\split_fidelity.json,breast_w,distribution_matching,budget_10,seed_2,xgboost,0.07306105971054948,0.0,0.0,0.01843559999997524
split_fidelity,breast_w\distribution_matching\budget_100\seed_0\split_fidelity.json,breast_w,distribution_matching,budget_100,seed_0,xgboost,0.031369934059420616,0.0,0.6,0.03416609999931097
split_fidelity,breast_w\distribution_matching\budget_100\seed_1\split_fidelity.json,breast_w,distribution_matching,budget_100,seed_1,xgboost,0.008398303925591573,0.0,0.2,0.0277274000000034
split_fidelity,breast_w\distribution_matching\budget_100\seed_2\split_fidelity.json,breast_w,distribution_matching,budget_100,seed_2,xgboost,0.011916977931015612,0.0,0.2,0.02820830000018759
split_fidelity,breast_w\distribution_matching\budget_25\seed_0\split_fidelity.json,breast_w,distribution_matching,budget_25,seed_0,xgboost,0.0684167241050117,0.0,0.0,0.025177600000461098
split_fidelity,breast_w\distribution_matching\budget_25\seed_1\split_fidelity.json,breast_w,distribution_matching,budget_25,seed_1,xgboost,-0.0428817639816861,0.0,0.0,0.02227740000034828
split_fidelity,breast_w\distribution_matching\budget_25\seed_2\split_fidelity.json,breast_w,distribution_matching,budget_25,seed_2,xgboost,0.04043126686149914,0.0,0.0,0.02131199999985256
split_fidelity,breast_w\distribution_matching\budget_50\seed_0\split_fidelity.json,breast_w,distribution_matching,budget_50,seed_0,xgboost,0.027072682818404095,0.0,0.6,0.02812050000011368
split_fidelity,breast_w\distribution_matching\budget_50\seed_1\split_fidelity.json,breast_w,distribution_matching,budget_50,seed_1,xgboost,0.01568901017311836,0.0,0.0,0.026168999999754305
split_fidelity,breast_w\distribution_matching\budget_50\seed_2\split_fidelity.json,breast_w,distribution_matching,budget_50,seed_2,xgboost,0.08432185417778326,0.0,0.0,0.030235500000344473
split_fidelity,breast_w\full_data\budget_10\seed_0\split_fidelity.json,breast_w,full_data,budget_10,seed_0,xgboost,1.0,1.0,1.0,0.04207439999936469
split_fidelity,breast_w\full_data\budget_10\seed_1\split_fidelity.json,breast_w,full_data,budget_10,seed_1,xgboost,0.9708384625906169,0.0,0.4,0.033039199999620905
split_fidelity,breast_w\full_data\budget_10\seed_2\split_fidelity.json,breast_w,full_data,budget_10,seed_2,xgboost,0.9479538644666093,0.0,0.4,0.03492809999988822
split_fidelity,breast_w\full_data\budget_100\seed_0\split_fidelity.json,breast_w,full_data,budget_100,seed_0,xgboost,1.0,1.0,1.0,0.034549999999399006
split_fidelity,breast_w\full_data\budget_100\seed_1\split_fidelity.json,breast_w,full_data,budget_100,seed_1,xgboost,0.9708384625906169,0.0,0.4,0.03485610000007
split_fidelity,breast_w\full_data\budget_100\seed_2\split_fidelity.json,breast_w,full_data,budget_100,seed_2,xgboost,0.9479538644666093,0.0,0.4,0.036571900000126334
split_fidelity,breast_w\full_data\budget_25\seed_0\split_fidelity.json,breast_w,full_data,budget_25,seed_0,xgboost,1.0,1.0,1.0,0.04000789999918197
split_fidelity,breast_w\full_data\budget_25\seed_1\split_fidelity.json,breast_w,full_data,budget_25,seed_1,xgboost,0.9708384625906169,0.0,0.4,0.03283290000035777
split_fidelity,breast_w\full_data\budget_25\seed_2\split_fidelity.json,breast_w,full_data,budget_25,seed_2,xgboost,0.9479538644666093,0.0,0.4,0.03474189999997179
split_fidelity,breast_w\full_data\budget_50\seed_0\split_fidelity.json,breast_w,full_data,budget_50,seed_0,xgboost,1.0,1.0,1.0,0.0379692000005889
split_fidelity,breast_w\full_data\budget_50\seed_1\split_fidelity.json,breast_w,full_data,budget_50,seed_1,xgboost,0.9708384625906169,0.0,0.4,0.03708020000067336
split_fidelity,breast_w\full_data\budget_50\seed_2\split_fidelity.json,breast_w,full_data,budget_50,seed_2,xgboost,0.9479538644666093,0.0,0.4,0.03620080000018788
split_fidelity,breast_w\gaindistill\budget_10\seed_0\split_fidelity.json,breast_w,gaindistill,budget_10,seed_0,xgboost,0.008872830970155461,0.0,0.0,0.03227359999982582
split_fidelity,breast_w\gaindistill\budget_10\seed_1\split_fidelity.json,breast_w,gaindistill,budget_10,seed_1,xgboost,-0.2260701894404268,0.0,0.0,0.03860620000068593
split_fidelity,breast_w\gaindistill\budget_10\seed_2\split_fidelity.json,breast_w,gaindistill,budget_10,seed_2,xgboost,0.07898137669218204,1.0,0.2,0.028089600000384962
split_fidelity,breast_w\gaindistill\budget_100\seed_0\split_fidelity.json,breast_w,gaindistill,budget_100,seed_0,xgboost,0.020097008037277247,0.0,0.0,0.03022499999951833
split_fidelity,breast_w\gaindistill\budget_100\seed_1\split_fidelity.json,breast_w,gaindistill,budget_100,seed_1,xgboost,-0.006686762139519175,1.0,0.4,0.02800889999980427
split_fidelity,breast_w\gaindistill\budget_100\seed_2\split_fidelity.json,breast_w,gaindistill,budget_100,seed_2,xgboost,0.271248975724588,0.0,0.0,0.04470800000035524
split_fidelity,breast_w\gaindistill\budget_25\seed_0\split_fidelity.json,breast_w,gaindistill,budget_25,seed_0,xgboost,-0.24172965086039266,0.0,0.0,0.02853289999984554
split_fidelity,breast_w\gaindistill\budget_25\seed_1\split_fidelity.json,breast_w,gaindistill,budget_25,seed_1,xgboost,-0.06633694151406802,0.0,0.2,0.026796999999533
split_fidelity,breast_w\gaindistill\budget_25\seed_2\split_fidelity.json,breast_w,gaindistill,budget_25,seed_2,xgboost,0.0574524750488864,0.0,0.0,0.028740299999299168
split_fidelity,breast_w\gaindistill\budget_50\seed_0\split_fidelity.json,breast_w,gaindistill,budget_50,seed_0,xgboost,0.061392805458763224,0.0,0.4,0.024941100000432925
split_fidelity,breast_w\gaindistill\budget_50\seed_1\split_fidelity.json,breast_w,gaindistill,budget_50,seed_1,xgboost,-0.005992706784442891,0.0,0.0,0.02719840000008844
split_fidelity,breast_w\gaindistill\budget_50\seed_2\split_fidelity.json,breast_w,gaindistill,budget_50,seed_2,xgboost,-0.003036959789393671,0.0,0.2,0.023221700000249257
split_fidelity,breast_w\gaindistill_hybrid\budget_10\seed_0\split_fidelity.json,breast_w,gaindistill_hybrid,budget_10,seed_0,xgboost,-0.013296375027888907,0.0,0.0,0.032608499999696505
split_fidelity,breast_w\gaindistill_hybrid\budget_10\seed_1\split_fidelity.json,breast_w,gaindistill_hybrid,budget_10,seed_1,xgboost,0.003050615623619759,0.0,0.0,0.0268778999998176
split_fidelity,breast_w\gaindistill_hybrid\budget_10\seed_2\split_fidelity.json,breast_w,gaindistill_hybrid,budget_10,seed_2,xgboost,0.05110273437880175,0.0,0.0,0.02872440000101051
split_fidelity,breast_w\gaindistill_hybrid\budget_100\seed_0\split_fidelity.json,breast_w,gaindistill_hybrid,budget_100,seed_0,xgboost,0.46628139586574807,0.0,0.4,0.034350500000073225
split_fidelity,breast_w\gaindistill_hybrid\budget_100\seed_1\split_fidelity.json,breast_w,gaindistill_hybrid,budget_100,seed_1,xgboost,0.44368759403638347,0.0,0.4,0.03618850000020757
split_fidelity,breast_w\gaindistill_hybrid\budget_100\seed_2\split_fidelity.json,breast_w,gaindistill_hybrid,budget_100,seed_2,xgboost,0.008387034984744628,0.0,0.0,0.026380100000096718
split_fidelity,breast_w\gaindistill_hybrid\budget_25\seed_0\split_fidelity.json,breast_w,gaindistill_hybrid,budget_25,seed_0,xgboost,0.011439748682424858,0.0,0.4,0.025839099998847814
split_fidelity,breast_w\gaindistill_hybrid\budget_25\seed_1\split_fidelity.json,breast_w,gaindistill_hybrid,budget_25,seed_1,xgboost,0.04387938640087845,0.0,0.0,0.035891899999114685
split_fidelity,breast_w\gaindistill_hybrid\budget_25\seed_2\split_fidelity.json,breast_w,gaindistill_hybrid,budget_25,seed_2,xgboost,0.004734019264891442,0.0,0.0,0.047631200000978424
split_fidelity,breast_w\gaindistill_hybrid\budget_50\seed_0\split_fidelity.json,breast_w,gaindistill_hybrid,budget_50,seed_0,xgboost,-0.03590427502407944,0.0,0.0,0.03338950000033947
split_fidelity,breast_w\gaindistill_hybrid\budget_50\seed_1\split_fidelity.json,breast_w,gaindistill_hybrid,budget_50,seed_1,xgboost,-0.0004650526603747776,0.0,0.0,0.029368900000918075
split_fidelity,breast_w\gaindistill_hybrid\budget_50\seed_2\split_fidelity.json,breast_w,gaindistill_hybrid,budget_50,seed_2,xgboost,-0.026146205311332757,0.0,0.0,0.035451300000204355
split_fidelity,breast_w\gaindistill_path_hybrid\budget_10\seed_0\split_fidelity.json,breast_w,gaindistill_path_hybrid,budget_10,seed_0,xgboost,0.003083377425367307,0.0,0.0,0.02493780000077095
split_fidelity,breast_w\gaindistill_path_hybrid\budget_10\seed_1\split_fidelity.json,breast_w,gaindistill_path_hybrid,budget_10,seed_1,xgboost,-0.06289841628865746,0.0,0.0,0.023102900000594673
split_fidelity,breast_w\gaindistill_path_hybrid\budget_10\seed_2\split_fidelity.json,breast_w,gaindistill_path_hybrid,budget_10,seed_2,xgboost,-0.07382068239781586,0.0,0.0,0.020596599999407772
split_fidelity,breast_w\gaindistill_path_hybrid\budget_100\seed_0\split_fidelity.json,breast_w,gaindistill_path_hybrid,budget_100,seed_0,xgboost,0.1257612802845077,0.0,0.2,0.023760400001265225
split_fidelity,breast_w\gaindistill_path_hybrid\budget_100\seed_1\split_fidelity.json,breast_w,gaindistill_path_hybrid,budget_100,seed_1,xgboost,0.5646012857338256,1.0,0.4,0.027699700000084704
split_fidelity,breast_w\gaindistill_path_hybrid\budget_100\seed_2\split_fidelity.json,breast_w,gaindistill_path_hybrid,budget_100,seed_2,xgboost,0.6093529806126777,0.0,0.4,0.030331800000567455
split_fidelity,breast_w\gaindistill_path_hybrid\budget_25\seed_0\split_fidelity.json,breast_w,gaindistill_path_hybrid,budget_25,seed_0,xgboost,0.14302543547429297,0.0,0.6,0.025354800000059186
split_fidelity,breast_w\gaindistill_path_hybrid\budget_25\seed_1\split_fidelity.json,breast_w,gaindistill_path_hybrid,budget_25,seed_1,xgboost,-0.07510754565003742,0.0,0.0,0.02177979999942181
split_fidelity,breast_w\gaindistill_path_hybrid\budget_25\seed_2\split_fidelity.json,breast_w,gaindistill_path_hybrid,budget_25,seed_2,xgboost,-0.020700789448480625,0.0,0.0,0.026922400000330526
split_fidelity,breast_w\gaindistill_path_hybrid\budget_50\seed_0\split_fidelity.json,breast_w,gaindistill_path_hybrid,budget_50,seed_0,xgboost,0.4079276876342892,0.0,0.2,0.02912590000050841
split_fidelity,breast_w\gaindistill_path_hybrid\budget_50\seed_1\split_fidelity.json,breast_w,gaindistill_path_hybrid,budget_50,seed_1,xgboost,-0.03747777321843797,0.0,0.2,0.02198789999965811
split_fidelity,breast_w\gaindistill_path_hybrid\budget_50\seed_2\split_fidelity.json,breast_w,gaindistill_path_hybrid,budget_50,seed_2,xgboost,0.07066726867244047,0.0,0.0,0.02588119999927585
split_fidelity,breast_w\gain_herding\budget_10\seed_0\split_fidelity.json,breast_w,gain_herding,budget_10,seed_0,xgboost,-0.0010081767564409647,0.0,0.4,0.026601100002153544
split_fidelity,breast_w\gain_herding\budget_10\seed_1\split_fidelity.json,breast_w,gain_herding,budget_10,seed_1,xgboost,-0.06192886514855,0.0,0.0,0.025129800000286195
split_fidelity,breast_w\gain_herding\budget_10\seed_2\split_fidelity.json,breast_w,gain_herding,budget_10,seed_2,xgboost,0.06790888269620093,0.0,0.0,0.022728100000676932
split_fidelity,breast_w\gain_herding\budget_100\seed_0\split_fidelity.json,breast_w,gain_herding,budget_100,seed_0,xgboost,0.5666296213973476,0.0,0.4,0.031254099998477614
split_fidelity,breast_w\gain_herding\budget_100\seed_1\split_fidelity.json,breast_w,gain_herding,budget_100,seed_1,xgboost,0.6654903569963068,0.0,0.6,0.029693300002691103
split_fidelity,breast_w\gain_herding\budget_100\seed_2\split_fidelity.json,breast_w,gain_herding,budget_100,seed_2,xgboost,0.6154824939457375,0.0,0.2,0.02834670000083861
split_fidelity,breast_w\gain_herding\budget_25\seed_0\split_fidelity.json,breast_w,gain_herding,budget_25,seed_0,xgboost,0.053553434894149536,0.0,0.4,0.022426300012739375
split_fidelity,breast_w\gain_herding\budget_25\seed_1\split_fidelity.json,breast_w,gain_herding,budget_25,seed_1,xgboost,0.04349639923777852,0.0,0.2,0.022580100005143322
split_fidelity,breast_w\gain_herding\budget_25\seed_2\split_fidelity.json,breast_w,gain_herding,budget_25,seed_2,xgboost,-0.0012861208407508543,0.0,0.0,0.02086010000493843
split_fidelity,breast_w\gain_herding\budget_50\seed_0\split_fidelity.json,breast_w,gain_herding,budget_50,seed_0,xgboost,-0.06912647254945545,0.0,0.0,0.0252040999912424
split_fidelity,breast_w\gain_herding\budget_50\seed_1\split_fidelity.json,breast_w,gain_herding,budget_50,seed_1,xgboost,-0.0032280125837778686,0.0,0.2,0.024633699998958036
split_fidelity,breast_w\gain_herding\budget_50\seed_2\split_fidelity.json,breast_w,gain_herding,budget_50,seed_2,xgboost,-0.026447208198224083,0.0,0.2,0.023593500009155832
split_fidelity,breast_w\gain_path_diverse\budget_25\seed_0\split_fidelity.json,breast_w,gain_path_diverse,budget_25,seed_0,xgboost,0.6129111129390495,0.0,0.2,0.025911299999279436
split_fidelity,breast_w\gain_path_diverse\budget_50\seed_0\split_fidelity.json,breast_w,gain_path_diverse,budget_50,seed_0,xgboost,0.778824924057198,0.0,0.6,0.027864400002727052
split_fidelity,breast_w\gain_path_dual\budget_25\seed_0\split_fidelity.json,breast_w,gain_path_dual,budget_25,seed_0,xgboost,0.05287179183794287,0.0,0.0,0.023707799999101553
split_fidelity,breast_w\gain_path_dual\budget_50\seed_0\split_fidelity.json,breast_w,gain_path_dual,budget_50,seed_0,xgboost,-0.006268059568793066,0.0,0.0,0.024808299996948335
split_fidelity,breast_w\gain_path_herding\budget_10\seed_0\split_fidelity.json,breast_w,gain_path_herding,budget_10,seed_0,xgboost,0.040386374772723346,0.0,0.0,0.021302900000591762
split_fidelity,breast_w\gain_path_herding\budget_10\seed_1\split_fidelity.json,breast_w,gain_path_herding,budget_10,seed_1,xgboost,-0.03804299527095794,0.0,0.0,0.020522400001937058
split_fidelity,breast_w\gain_path_herding\budget_10\seed_2\split_fidelity.json,breast_w,gain_path_herding,budget_10,seed_2,xgboost,-0.06548246431245283,0.0,0.0,0.018587300000945106
split_fidelity,breast_w\gain_path_herding\budget_100\seed_0\split_fidelity.json,breast_w,gain_path_herding,budget_100,seed_0,xgboost,0.5387123064384679,0.0,0.4,0.0348238999977184
split_fidelity,breast_w\gain_path_herding\budget_100\seed_1\split_fidelity.json,breast_w,gain_path_herding,budget_100,seed_1,xgboost,0.6205443851730269,0.0,0.6,0.02648580000095535
split_fidelity,breast_w\gain_path_herding\budget_100\seed_2\split_fidelity.json,breast_w,gain_path_herding,budget_100,seed_2,xgboost,0.7626455417367867,0.0,0.6,0.023856499999965308
split_fidelity,breast_w\gain_path_herding\budget_25\seed_0\split_fidelity.json,breast_w,gain_path_herding,budget_25,seed_0,xgboost,0.03535626699561365,0.0,0.0,0.0201766999962274
split_fidelity,breast_w\gain_path_herding\budget_25\seed_1\split_fidelity.json,breast_w,gain_path_herding,budget_25,seed_1,xgboost,-0.04682082111820763,0.0,0.0,0.01948630000697449
split_fidelity,breast_w\gain_path_herding\budget_25\seed_2\split_fidelity.json,breast_w,gain_path_herding,budget_25,seed_2,xgboost,0.04467156480455336,0.0,0.0,0.016145400004461408
split_fidelity,breast_w\gain_path_herding\budget_50\seed_0\split_fidelity.json,breast_w,gain_path_herding,budget_50,seed_0,xgboost,0.3978513743794918,0.0,0.2,0.01741099999344442
split_fidelity,breast_w\gain_path_herding\budget_50\seed_1\split_fidelity.json,breast_w,gain_path_herding,budget_50,seed_1,xgboost,-0.043824374230611404,0.0,0.2,0.016643099996144883
split_fidelity,breast_w\gain_path_herding\budget_50\seed_2\split_fidelity.json,breast_w,gain_path_herding,budget_50,seed_2,xgboost,0.042810819685588815,0.0,0.0,0.02194500000041444
split_fidelity,breast_w\gain_path_prior_weighted\budget_25\seed_0\split_fidelity.json,breast_w,gain_path_prior_weighted,budget_25,seed_0,xgboost,0.029428979988804997,0.0,0.0,0.03040560000226833
split_fidelity,breast_w\gain_path_prior_weighted\budget_25\seed_1\split_fidelity.json,breast_w,gain_path_prior_weighted,budget_25,seed_1,xgboost,-0.04600012311438278,0.0,0.0,0.02201720000084606
split_fidelity,breast_w\gain_path_prior_weighted\budget_25\seed_2\split_fidelity.json,breast_w,gain_path_prior_weighted,budget_25,seed_2,xgboost,0.018128582960500215,0.0,0.0,0.019637699999293545
split_fidelity,breast_w\gain_path_prior_weighted\budget_50\seed_0\split_fidelity.json,breast_w,gain_path_prior_weighted,budget_50,seed_0,xgboost,0.3998666370304513,0.0,0.2,0.025217399997927714
split_fidelity,breast_w\gain_path_prior_weighted\budget_50\seed_1\split_fidelity.json,breast_w,gain_path_prior_weighted,budget_50,seed_1,xgboost,-0.016878675967719872,0.0,0.2,0.02266560000134632
split_fidelity,breast_w\gain_path_prior_weighted\budget_50\seed_2\split_fidelity.json,breast_w,gain_path_prior_weighted,budget_50,seed_2,xgboost,0.0639631134644064,0.0,0.0,0.02025329999742098
split_fidelity,breast_w\gain_path_refined\budget_25\seed_0\split_fidelity.json,breast_w,gain_path_refined,budget_25,seed_0,xgboost,0.010283842956813026,0.0,0.0,0.021708899992518127
split_fidelity,breast_w\gain_path_refined\budget_25\seed_1\split_fidelity.json,breast_w,gain_path_refined,budget_25,seed_1,xgboost,-0.11687947531031993,0.0,0.0,0.02132629998959601
split_fidelity,breast_w\gain_path_refined\budget_25\seed_2\split_fidelity.json,breast_w,gain_path_refined,budget_25,seed_2,xgboost,0.06147299867285092,0.0,0.0,0.01922970000305213
split_fidelity,breast_w\gain_path_refined\budget_50\seed_0\split_fidelity.json,breast_w,gain_path_refined,budget_50,seed_0,xgboost,0.264162406460695,0.0,0.0,0.019166799989761785
split_fidelity,breast_w\gain_path_refined\budget_50\seed_1\split_fidelity.json,breast_w,gain_path_refined,budget_50,seed_1,xgboost,0.39348926275475304,0.0,0.2,0.02403399998729583
split_fidelity,breast_w\gain_path_refined\budget_50\seed_2\split_fidelity.json,breast_w,gain_path_refined,budget_50,seed_2,xgboost,0.3752000985100358,0.0,0.2,0.025137899996479973
split_fidelity,breast_w\gain_path_refined_weighted\budget_50\seed_0\split_fidelity.json,breast_w,gain_path_refined_weighted,budget_50,seed_0,xgboost,0.3362376824479515,0.0,0.2,0.013907799999287818
split_fidelity,breast_w\gain_path_safeguarded\budget_25\seed_0\split_fidelity.json,breast_w,gain_path_safeguarded,budget_25,seed_0,xgboost,0.010283842956813026,0.0,0.0,0.017347599990898743
split_fidelity,breast_w\gain_path_safeguarded\budget_25\seed_1\split_fidelity.json,breast_w,gain_path_safeguarded,budget_25,seed_1,xgboost,-0.11687947531031993,0.0,0.0,0.020594000001437962
split_fidelity,breast_w\gain_path_safeguarded\budget_25\seed_2\split_fidelity.json,breast_w,gain_path_safeguarded,budget_25,seed_2,xgboost,0.06147299867285092,0.0,0.0,0.02230089998920448
split_fidelity,breast_w\gain_path_safeguarded\budget_50\seed_0\split_fidelity.json,breast_w,gain_path_safeguarded,budget_50,seed_0,xgboost,0.264162406460695,0.0,0.0,0.022175200007040985
split_fidelity,breast_w\gain_path_safeguarded\budget_50\seed_1\split_fidelity.json,breast_w,gain_path_safeguarded,budget_50,seed_1,xgboost,0.39348926275475304,0.0,0.2,0.020536099997116253
split_fidelity,breast_w\gain_path_safeguarded\budget_50\seed_2\split_fidelity.json,breast_w,gain_path_safeguarded,budget_50,seed_2,xgboost,0.3752000985100358,0.0,0.2,0.021528099998249672
split_fidelity,breast_w\gain_weighted_coreset\budget_10\seed_0\split_fidelity.json,breast_w,gain_weighted_coreset,budget_10,seed_0,xgboost,-0.013296375027888907,0.0,0.0,0.035405699998591444
split_fidelity,breast_w\gain_weighted_coreset\budget_10\seed_1\split_fidelity.json,breast_w,gain_weighted_coreset,budget_10,seed_1,xgboost,0.003050615623619759,0.0,0.0,0.02334289999998873
split_fidelity,breast_w\gain_weighted_coreset\budget_10\seed_2\split_fidelity.json,breast_w,gain_weighted_coreset,budget_10,seed_2,xgboost,0.05110273437880175,0.0,0.0,0.023600800001077005
split_fidelity,breast_w\gain_weighted_coreset\budget_100\seed_0\split_fidelity.json,breast_w,gain_weighted_coreset,budget_100,seed_0,xgboost,0.46628139586574807,0.0,0.4,0.03541469999981928
split_fidelity,breast_w\gain_weighted_coreset\budget_100\seed_1\split_fidelity.json,breast_w,gain_weighted_coreset,budget_100,seed_1,xgboost,0.44368759403638347,0.0,0.4,0.0449337000009109
split_fidelity,breast_w\gain_weighted_coreset\budget_100\seed_2\split_fidelity.json,breast_w,gain_weighted_coreset,budget_100,seed_2,xgboost,0.008387034984744628,0.0,0.0,0.04098349999912898
split_fidelity,breast_w\gain_weighted_coreset\budget_25\seed_0\split_fidelity.json,breast_w,gain_weighted_coreset,budget_25,seed_0,xgboost,0.011439748682424858,0.0,0.4,0.03896770000028482
split_fidelity,breast_w\gain_weighted_coreset\budget_25\seed_1\split_fidelity.json,breast_w,gain_weighted_coreset,budget_25,seed_1,xgboost,0.04387938640087845,0.0,0.0,0.049438199999713106
split_fidelity,breast_w\gain_weighted_coreset\budget_25\seed_2\split_fidelity.json,breast_w,gain_weighted_coreset,budget_25,seed_2,xgboost,0.004734019264891442,0.0,0.0,0.0503880999985995
split_fidelity,breast_w\gain_weighted_coreset\budget_50\seed_0\split_fidelity.json,breast_w,gain_weighted_coreset,budget_50,seed_0,xgboost,-0.03590427502407944,0.0,0.0,0.037742800001069554
split_fidelity,breast_w\gain_weighted_coreset\budget_50\seed_1\split_fidelity.json,breast_w,gain_weighted_coreset,budget_50,seed_1,xgboost,-0.0004650526603747776,0.0,0.0,0.03903030000037688
split_fidelity,breast_w\gain_weighted_coreset\budget_50\seed_2\split_fidelity.json,breast_w,gain_weighted_coreset,budget_50,seed_2,xgboost,-0.026146205311332757,0.0,0.0,0.024145399998815265
split_fidelity,breast_w\gradient_sampling\budget_10\seed_0\split_fidelity.json,breast_w,gradient_sampling,budget_10,seed_0,xgboost,0.2132292552218806,0.0,0.0,0.02089929999965534
split_fidelity,breast_w\gradient_sampling\budget_10\seed_1\split_fidelity.json,breast_w,gradient_sampling,budget_10,seed_1,xgboost,0.07468091812845515,0.0,0.2,0.029045500000393076
split_fidelity,breast_w\gradient_sampling\budget_10\seed_2\split_fidelity.json,breast_w,gradient_sampling,budget_10,seed_2,xgboost,0.2329113205739072,0.0,0.2,0.025130500000159373
split_fidelity,breast_w\gradient_sampling\budget_100\seed_0\split_fidelity.json,breast_w,gradient_sampling,budget_100,seed_0,xgboost,0.9673112543528193,0.0,0.4,0.02795429999969201
split_fidelity,breast_w\gradient_sampling\budget_100\seed_1\split_fidelity.json,breast_w,gradient_sampling,budget_100,seed_1,xgboost,0.9620845301600327,1.0,0.8,0.03248210000037943
split_fidelity,breast_w\gradient_sampling\budget_100\seed_2\split_fidelity.json,breast_w,gradient_sampling,budget_100,seed_2,xgboost,0.9588446961923135,1.0,0.8,0.03457720000005793
split_fidelity,breast_w\gradient_sampling\budget_25\seed_0\split_fidelity.json,breast_w,gradient_sampling,budget_25,seed_0,xgboost,0.6444676624609789,0.0,0.0,0.03397540000059962
split_fidelity,breast_w\gradient_sampling\budget_25\seed_1\split_fidelity.json,breast_w,gradient_sampling,budget_25,seed_1,xgboost,0.6077928484748532,1.0,0.4,0.04046950000065408
split_fidelity,breast_w\gradient_sampling\budget_25\seed_2\split_fidelity.json,breast_w,gradient_sampling,budget_25,seed_2,xgboost,0.7801767786995664,0.0,0.4,0.030327499999657448
split_fidelity,breast_w\gradient_sampling\budget_50\seed_0\split_fidelity.json,breast_w,gradient_sampling,budget_50,seed_0,xgboost,0.9074164629176855,0.0,0.2,0.042102800000066054
split_fidelity,breast_w\gradient_sampling\budget_50\seed_1\split_fidelity.json,breast_w,gradient_sampling,budget_50,seed_1,xgboost,0.88228696484749,0.0,0.6,0.02839270000004035
split_fidelity,breast_w\gradient_sampling\budget_50\seed_2\split_fidelity.json,breast_w,gradient_sampling,budget_50,seed_2,xgboost,0.9272731004410526,0.0,0.8,0.028621600000406033
split_fidelity,breast_w\herding\budget_10\seed_0\split_fidelity.json,breast_w,herding,budget_10,seed_0,xgboost,-0.10375171586854769,0.0,0.0,0.030311999999867112
split_fidelity,breast_w\herding\budget_10\seed_1\split_fidelity.json,breast_w,herding,budget_10,seed_1,xgboost,-0.13518295833170751,0.0,0.0,0.018338400001084665
split_fidelity,breast_w\herding\budget_10\seed_2\split_fidelity.json,breast_w,herding,budget_10,seed_2,xgboost,-0.1213312148939018,0.0,0.0,0.024118900000758003
split_fidelity,breast_w\herding\budget_100\seed_0\split_fidelity.json,breast_w,herding,budget_100,seed_0,xgboost,0.03765281173594133,0.0,0.4,0.024910299999646668
split_fidelity,breast_w\herding\budget_100\seed_1\split_fidelity.json,breast_w,herding,budget_100,seed_1,xgboost,0.005744768157570783,0.0,0.0,0.02617410000311793
split_fidelity,breast_w\herding\budget_100\seed_2\split_fidelity.json,breast_w,herding,budget_100,seed_2,xgboost,0.034437466650248334,0.0,0.0,0.028485300001193536
split_fidelity,breast_w\herding\budget_25\seed_0\split_fidelity.json,breast_w,herding,budget_25,seed_0,xgboost,-0.09333391586464027,0.0,0.0,0.01746360000106506
split_fidelity,breast_w\herding\budget_25\seed_1\split_fidelity.json,breast_w,herding,budget_25,seed_1,xgboost,-0.10650879912892569,0.0,0.0,0.019406299994443543
split_fidelity,breast_w\herding\budget_25\seed_2\split_fidelity.json,breast_w,herding,budget_25,seed_2,xgboost,-0.08159080485257428,0.0,0.0,0.02209160001075361
split_fidelity,breast_w\herding\budget_50\seed_0\split_fidelity.json,breast_w,herding,budget_50,seed_0,xgboost,-0.04081572215367516,0.0,0.0,0.023772999993525445
split_fidelity,breast_w\herding\budget_50\seed_1\split_fidelity.json,breast_w,herding,budget_50,seed_1,xgboost,-0.05670392272029304,0.0,0.0,0.02821350000158418
split_fidelity,breast_w\herding\budget_50\seed_2\split_fidelity.json,breast_w,herding,budget_50,seed_2,xgboost,-0.03403376073679574,0.0,0.0,0.023719899996649474
split_fidelity,breast_w\k_center\budget_10\seed_0\split_fidelity.json,breast_w,k_center,budget_10,seed_0,xgboost,0.472796533495148,0.0,0.0,0.029759099999864702
split_fidelity,breast_w\k_center\budget_10\seed_1\split_fidelity.json,breast_w,k_center,budget_10,seed_1,xgboost,0.44558319277461583,0.0,0.0,0.024862299999767856
split_fidelity,breast_w\k_center\budget_10\seed_2\split_fidelity.json,breast_w,k_center,budget_10,seed_2,xgboost,0.5178581285075141,0.0,0.2,0.025108499999987544
split_fidelity,breast_w\k_center\budget_100\seed_0\split_fidelity.json,breast_w,k_center,budget_100,seed_0,xgboost,0.9165147810624586,0.0,0.2,0.03356889999940904
split_fidelity,breast_w\k_center\budget_100\seed_1\split_fidelity.json,breast_w,k_center,budget_100,seed_1,xgboost,0.9228833264943236,1.0,1.0,0.03745119999985036
split_fidelity,breast_w\k_center\budget_100\seed_2\split_fidelity.json,breast_w,k_center,budget_100,seed_2,xgboost,0.9690787943466187,1.0,1.0,0.03410410000014963
split_fidelity,breast_w\k_center\budget_25\seed_0\split_fidelity.json,breast_w,k_center,budget_25,seed_0,xgboost,0.6681781474158724,0.0,0.2,0.03273949999947945
split_fidelity,breast_w\k_center\budget_25\seed_1\split_fidelity.json,breast_w,k_center,budget_25,seed_1,xgboost,0.5114297107112558,1.0,0.2,0.030676499999572115
split_fidelity,breast_w\k_center\budget_25\seed_2\split_fidelity.json,breast_w,k_center,budget_25,seed_2,xgboost,0.7838222417546271,1.0,0.4,0.028324399999291927
split_fidelity,breast_w\k_center\budget_50\seed_0\split_fidelity.json,breast_w,k_center,budget_50,seed_0,xgboost,0.7585537526857821,0.0,0.2,0.03174239999952988
split_fidelity,breast_w\k_center\budget_50\seed_1\split_fidelity.json,breast_w,k_center,budget_50,seed_1,xgboost,0.7227739023389412,1.0,0.6,0.03135329999986425
split_fidelity,breast_w\k_center\budget_50\seed_2\split_fidelity.json,breast_w,k_center,budget_50,seed_2,xgboost,0.7750413878969477,1.0,0.6,0.027429100000517792
split_fidelity,breast_w\math_tuned\budget_50\seed_0\split_fidelity.json,breast_w,math_tuned,budget_50,seed_0,xgboost,0.3325035193005854,0.0,0.2,0.031035100000735838
split_fidelity,breast_w\math_tuned_more_probes\budget_50\seed_0\split_fidelity.json,breast_w,math_tuned_more_probes,budget_50,seed_0,xgboost,0.3325035193005854,0.0,0.2,0.028202400000736816
split_fidelity,breast_w\math_tuned_no_anchor\budget_50\seed_0\split_fidelity.json,breast_w,math_tuned_no_anchor,budget_50,seed_0,xgboost,0.3325035193005854,0.0,0.2,0.02789420000044629
split_fidelity,breast_w\math_tuned_no_hist\budget_50\seed_0\split_fidelity.json,breast_w,math_tuned_no_hist,budget_50,seed_0,xgboost,0.3306957101578129,0.0,0.2,0.03238430000055814
split_fidelity,breast_w\random\budget_10\seed_0\split_fidelity.json,breast_w,random,budget_10,seed_0,xgboost,0.053183296261872674,0.0,0.0,0.025281499999437074
split_fidelity,breast_w\random\budget_10\seed_1\split_fidelity.json,breast_w,random,budget_10,seed_1,xgboost,-0.0838689166049088,0.0,0.0,0.02162260000113747
split_fidelity,breast_w\random\budget_10\seed_2\split_fidelity.json,breast_w,random,budget_10,seed_2,xgboost,-0.08891568815570919,0.0,0.0,0.020505800002865726
split_fidelity,breast_w\random\budget_100\seed_0\split_fidelity.json,breast_w,random,budget_100,seed_0,xgboost,0.5013410387493518,0.0,0.0,0.03807589999996708
split_fidelity,breast_w\random\budget_100\seed_1\split_fidelity.json,breast_w,random,budget_100,seed_1,xgboost,0.5207221994255231,1.0,0.6,0.025299199998698896
split_fidelity,breast_w\random\budget_100\seed_2\split_fidelity.json,breast_w,random,budget_100,seed_2,xgboost,0.1985934956012533,0.0,0.0,0.02740049999920302
split_fidelity,breast_w\random\budget_25\seed_0\split_fidelity.json,breast_w,random,budget_25,seed_0,xgboost,0.30293644837174,0.0,0.0,0.0258931999997003
split_fidelity,breast_w\random\budget_25\seed_1\split_fidelity.json,breast_w,random,budget_25,seed_1,xgboost,0.08153382181242574,0.0,0.0,0.019983399994089268
split_fidelity,breast_w\random\budget_25\seed_2\split_fidelity.json,breast_w,random,budget_25,seed_2,xgboost,0.007183121716959559,0.0,0.0,0.019084200001088902
split_fidelity,breast_w\random\budget_50\seed_0\split_fidelity.json,breast_w,random,budget_50,seed_0,xgboost,0.32691196315647975,0.0,0.0,0.018574900008388795
split_fidelity,breast_w\random\budget_50\seed_1\split_fidelity.json,breast_w,random,budget_50,seed_1,xgboost,0.5586650253043359,0.0,0.2,0.01707190000161063
split_fidelity,breast_w\random\budget_50\seed_2\split_fidelity.json,breast_w,random,budget_50,seed_2,xgboost,0.08672987727291386,0.0,0.0,0.016331500009982847
split_fidelity,breast_w\refined_no_conf\budget_25\seed_0\split_fidelity.json,breast_w,refined_no_conf,budget_25,seed_0,xgboost,0.010283842956813026,0.0,0.0,0.012114199999928132
split_fidelity,breast_w\refined_no_conf\budget_25\seed_1\split_fidelity.json,breast_w,refined_no_conf,budget_25,seed_1,xgboost,-0.11687947531031993,0.0,0.0,0.013073399999939284
split_fidelity,breast_w\refined_no_conf\budget_25\seed_2\split_fidelity.json,breast_w,refined_no_conf,budget_25,seed_2,xgboost,0.06147299867285092,0.0,0.0,0.012466599999925165
split_fidelity,breast_w\refined_no_conf\budget_50\seed_0\split_fidelity.json,breast_w,refined_no_conf,budget_50,seed_0,xgboost,0.264162406460695,0.0,0.0,0.012945999999942615
split_fidelity,breast_w\refined_no_conf\budget_50\seed_1\split_fidelity.json,breast_w,refined_no_conf,budget_50,seed_1,xgboost,0.39348926275475304,0.0,0.2,0.012827799999968192
split_fidelity,breast_w\refined_no_conf\budget_50\seed_2\split_fidelity.json,breast_w,refined_no_conf,budget_50,seed_2,xgboost,0.3752000985100358,0.0,0.2,0.011297300000023824
split_fidelity,breast_w\refined_no_gain_weight\budget_25\seed_0\split_fidelity.json,breast_w,refined_no_gain_weight,budget_25,seed_0,xgboost,0.010283842956813026,0.0,0.0,0.010355000000004111
split_fidelity,breast_w\refined_no_gain_weight\budget_25\seed_1\split_fidelity.json,breast_w,refined_no_gain_weight,budget_25,seed_1,xgboost,-0.11687947531031993,0.0,0.0,0.01113789999999426
split_fidelity,breast_w\refined_no_gain_weight\budget_25\seed_2\split_fidelity.json,breast_w,refined_no_gain_weight,budget_25,seed_2,xgboost,0.06147299867285092,0.0,0.0,0.011863599999969665
split_fidelity,breast_w\refined_no_gain_weight\budget_50\seed_0\split_fidelity.json,breast_w,refined_no_gain_weight,budget_50,seed_0,xgboost,0.264162406460695,0.0,0.0,0.013201900000012756
split_fidelity,breast_w\refined_no_gain_weight\budget_50\seed_1\split_fidelity.json,breast_w,refined_no_gain_weight,budget_50,seed_1,xgboost,0.39348926275475304,0.0,0.2,0.012879899999916233
split_fidelity,breast_w\refined_no_gain_weight\budget_50\seed_2\split_fidelity.json,breast_w,refined_no_gain_weight,budget_50,seed_2,xgboost,0.3752000985100358,0.0,0.2,0.012834799999950519
split_fidelity,breast_w\refined_no_grad\budget_25\seed_0\split_fidelity.json,breast_w,refined_no_grad,budget_25,seed_0,xgboost,0.3977505945918951,0.0,0.0,0.01169300000003659
split_fidelity,breast_w\refined_no_grad\budget_25\seed_1\split_fidelity.json,breast_w,refined_no_grad,budget_25,seed_1,xgboost,0.27987963342907946,1.0,0.2,0.01164589999996224
split_fidelity,breast_w\refined_no_grad\budget_25\seed_2\split_fidelity.json,breast_w,refined_no_grad,budget_25,seed_2,xgboost,0.31306096763000324,0.0,0.2,0.011188000000061038
split_fidelity,breast_w\refined_no_grad\budget_50\seed_0\split_fidelity.json,breast_w,refined_no_grad,budget_50,seed_0,xgboost,0.3926354004593614,0.0,0.0,0.013304600000083155
split_fidelity,breast_w\refined_no_grad\budget_50\seed_1\split_fidelity.json,breast_w,refined_no_grad,budget_50,seed_1,xgboost,0.27531117494186835,1.0,0.2,0.012091499999996813
split_fidelity,breast_w\refined_no_grad\budget_50\seed_2\split_fidelity.json,breast_w,refined_no_grad,budget_50,seed_2,xgboost,0.42297746582933143,0.0,0.4,0.01152880000006462
split_fidelity,breast_w\refined_no_hess\budget_25\seed_0\split_fidelity.json,breast_w,refined_no_hess,budget_25,seed_0,xgboost,0.022568145278423973,0.0,0.4,0.010375000000067303
split_fidelity,breast_w\refined_no_hess\budget_25\seed_1\split_fidelity.json,breast_w,refined_no_hess,budget_25,seed_1,xgboost,-0.11142190823614585,0.0,0.0,0.010479400000008354
split_fidelity,breast_w\refined_no_hess\budget_25\seed_2\split_fidelity.json,breast_w,refined_no_hess,budget_25,seed_2,xgboost,0.055781307720724066,0.0,0.0,0.010526000000027125
split_fidelity,breast_w\refined_no_hess\budget_50\seed_0\split_fidelity.json,breast_w,refined_no_hess,budget_50,seed_0,xgboost,0.09787360154108324,0.0,0.0,0.013157699999965189
split_fidelity,breast_w\refined_no_hess\budget_50\seed_1\split_fidelity.json,breast_w,refined_no_hess,budget_50,seed_1,xgboost,0.13585008890712622,0.0,0.0,0.011801999999988766
split_fidelity,breast_w\refined_no_hess\budget_50\seed_2\split_fidelity.json,breast_w,refined_no_hess,budget_50,seed_2,xgboost,0.28547387431761284,0.0,0.4,0.0114898000000494
split_fidelity,breast_w\refined_no_path\budget_25\seed_0\split_fidelity.json,breast_w,refined_no_path,budget_25,seed_0,xgboost,-0.013958760901034394,0.0,0.4,0.011814300000082767
split_fidelity,breast_w\refined_no_path\budget_25\seed_1\split_fidelity.json,breast_w,refined_no_path,budget_25,seed_1,xgboost,-0.08308085816675054,0.0,0.2,0.010897899999918081
split_fidelity,breast_w\refined_no_path\budget_25\seed_2\split_fidelity.json,breast_w,refined_no_path,budget_25,seed_2,xgboost,0.03250897897041759,0.0,0.2,0.010684699999956138
split_fidelity,breast_w\refined_no_path\budget_50\seed_0\split_fidelity.json,breast_w,refined_no_path,budget_50,seed_0,xgboost,0.373134770689783,0.0,0.0,0.012185999999928754
split_fidelity,breast_w\refined_no_path\budget_50\seed_1\split_fidelity.json,breast_w,refined_no_path,budget_50,seed_1,xgboost,0.48439337983859937,0.0,0.4,0.012229499999989457
split_fidelity,breast_w\refined_no_path\budget_50\seed_2\split_fidelity.json,breast_w,refined_no_path,budget_50,seed_2,xgboost,0.423935202287622,0.0,0.4,0.012233100000003105
split_fidelity,breast_w\refined_no_raw\budget_25\seed_0\split_fidelity.json,breast_w,refined_no_raw,budget_25,seed_0,xgboost,0.03123680252588164,0.0,0.0,0.011006100000031438
split_fidelity,breast_w\refined_no_raw\budget_25\seed_1\split_fidelity.json,breast_w,refined_no_raw,budget_25,seed_1,xgboost,-0.10260092877816986,0.0,0.0,0.010265100000083294
split_fidelity,breast_w\refined_no_raw\budget_25\seed_2\split_fidelity.json,breast_w,refined_no_raw,budget_25,seed_2,xgboost,0.06054262611336864,0.0,0.0,0.011105799999995725
split_fidelity,breast_w\refined_no_raw\budget_50\seed_0\split_fidelity.json,breast_w,refined_no_raw,budget_50,seed_0,xgboost,0.19662147143809738,0.0,0.2,0.01171240000007856
split_fidelity,breast_w\refined_no_raw\budget_50\seed_1\split_fidelity.json,breast_w,refined_no_raw,budget_50,seed_1,xgboost,0.3267405279715496,0.0,0.4,0.01168710000001738
split_fidelity,breast_w\refined_no_raw\budget_50\seed_2\split_fidelity.json,breast_w,refined_no_raw,budget_50,seed_2,xgboost,0.40831041606808144,0.0,0.2,0.011278400000037436
split_fidelity,breast_w\refined_no_refine\budget_25\seed_0\split_fidelity.json,breast_w,refined_no_refine,budget_25,seed_0,xgboost,0.03535626699561365,0.0,0.0,0.010290600000075756
split_fidelity,breast_w\refined_no_refine\budget_25\seed_1\split_fidelity.json,breast_w,refined_no_refine,budget_25,seed_1,xgboost,-0.04682082111820763,0.0,0.0,0.010444899999924928
split_fidelity,breast_w\refined_no_refine\budget_25\seed_2\split_fidelity.json,breast_w,refined_no_refine,budget_25,seed_2,xgboost,0.04467156480455336,0.0,0.0,0.010023799999999028
split_fidelity,breast_w\refined_no_refine\budget_50\seed_0\split_fidelity.json,breast_w,refined_no_refine,budget_50,seed_0,xgboost,0.3978513743794918,0.0,0.2,0.01154189999999744
split_fidelity,breast_w\refined_no_refine\budget_50\seed_1\split_fidelity.json,breast_w,refined_no_refine,budget_50,seed_1,xgboost,-0.043824374230611404,0.0,0.2,0.011991000000080021
split_fidelity,breast_w\refined_no_refine\budget_50\seed_2\split_fidelity.json,breast_w,refined_no_refine,budget_50,seed_2,xgboost,0.042810819685588815,0.0,0.0,0.012793600000009064
split_fidelity,breast_w\refined_path_occupancy_only\budget_25\seed_0\split_fidelity.json,breast_w,refined_path_occupancy_only,budget_25,seed_0,xgboost,0.18020434322450027,0.0,0.0,0.010721099999955186
split_fidelity,breast_w\refined_path_occupancy_only\budget_25\seed_1\split_fidelity.json,breast_w,refined_path_occupancy_only,budget_25,seed_1,xgboost,0.043140768300614286,0.0,0.0,0.010442300000022442
split_fidelity,breast_w\refined_path_occupancy_only\budget_25\seed_2\split_fidelity.json,breast_w,refined_path_occupancy_only,budget_25,seed_2,xgboost,0.11072877402312778,0.0,0.2,0.012098200000082215
split_fidelity,breast_w\refined_path_occupancy_only\budget_50\seed_0\split_fidelity.json,breast_w,refined_path_occupancy_only,budget_50,seed_0,xgboost,0.3700526042824332,0.0,0.2,0.01261079999994763
split_fidelity,breast_w\refined_path_occupancy_only\budget_50\seed_1\split_fidelity.json,breast_w,refined_path_occupancy_only,budget_50,seed_1,xgboost,0.30611407468198604,0.0,0.2,0.011645599999951628
split_fidelity,breast_w\refined_path_occupancy_only\budget_50\seed_2\split_fidelity.json,breast_w,refined_path_occupancy_only,budget_50,seed_2,xgboost,0.29464078041839403,0.0,0.0,0.01208689999998569
split_fidelity,breast_w\sketch_no_conf\budget_50\seed_0\split_fidelity.json,breast_w,sketch_no_conf,budget_50,seed_0,xgboost,-0.06912647254945545,0.0,0.0,0.028338699999949313
split_fidelity,breast_w\sketch_no_gain_weight\budget_50\seed_0\split_fidelity.json,breast_w,sketch_no_gain_weight,budget_50,seed_0,xgboost,-0.06912647254945545,0.0,0.0,0.02216969999972207
split_fidelity,breast_w\sketch_no_grad\budget_50\seed_0\split_fidelity.json,breast_w,sketch_no_grad,budget_50,seed_0,xgboost,0.38765651626287323,0.0,0.4,0.024793599999611615
split_fidelity,breast_w\sketch_no_hess\budget_50\seed_0\split_fidelity.json,breast_w,sketch_no_hess,budget_50,seed_0,xgboost,0.047699488775283405,0.0,0.2,0.02674980000119831
split_fidelity,breast_w\sketch_no_raw\budget_50\seed_0\split_fidelity.json,breast_w,sketch_no_raw,budget_50,seed_0,xgboost,0.014862562050826112,0.0,0.0,0.023363100001006387
split_fidelity,breast_w\sketch_occupancy_only\budget_50\seed_0\split_fidelity.json,breast_w,sketch_occupancy_only,budget_50,seed_0,xgboost,0.004460250426020598,0.0,0.0,0.024793200000203797
split_fidelity,breast_w\tree_region\budget_10\seed_0\split_fidelity.json,breast_w,tree_region,budget_10,seed_0,xgboost,0.2132292552218806,0.0,0.0,0.025172800000291318
split_fidelity,breast_w\tree_region\budget_10\seed_1\split_fidelity.json,breast_w,tree_region,budget_10,seed_1,xgboost,0.07468091812845515,0.0,0.2,0.027774199999839766
split_fidelity,breast_w\tree_region\budget_10\seed_2\split_fidelity.json,breast_w,tree_region,budget_10,seed_2,xgboost,0.2329113205739072,0.0,0.2,0.030852599999889208
split_fidelity,breast_w\tree_region\budget_100\seed_0\split_fidelity.json,breast_w,tree_region,budget_100,seed_0,xgboost,0.9673112543528193,0.0,0.4,0.03450669999983802
split_fidelity,breast_w\tree_region\budget_100\seed_1\split_fidelity.json,breast_w,tree_region,budget_100,seed_1,xgboost,0.9620845301600327,1.0,0.8,0.034170500000072934
split_fidelity,breast_w\tree_region\budget_100\seed_2\split_fidelity.json,breast_w,tree_region,budget_100,seed_2,xgboost,0.9588446961923135,1.0,0.8,0.03962950000004639
split_fidelity,breast_w\tree_region\budget_25\seed_0\split_fidelity.json,breast_w,tree_region,budget_25,seed_0,xgboost,0.6444676624609789,0.0,0.0,0.03948610000043118
split_fidelity,breast_w\tree_region\budget_25\seed_1\split_fidelity.json,breast_w,tree_region,budget_25,seed_1,xgboost,0.6077928484748532,1.0,0.4,0.02927449999970122
split_fidelity,breast_w\tree_region\budget_25\seed_2\split_fidelity.json,breast_w,tree_region,budget_25,seed_2,xgboost,0.7801767786995664,0.0,0.4,0.034435199999279575
split_fidelity,breast_w\tree_region\budget_50\seed_0\split_fidelity.json,breast_w,tree_region,budget_50,seed_0,xgboost,0.9074164629176855,0.0,0.2,0.026653599999917787
split_fidelity,breast_w\tree_region\budget_50\seed_1\split_fidelity.json,breast_w,tree_region,budget_50,seed_1,xgboost,0.88228696484749,0.0,0.6,0.02229280000028666
split_fidelity,breast_w\tree_region\budget_50\seed_2\split_fidelity.json,breast_w,tree_region,budget_50,seed_2,xgboost,0.9272731004410526,0.0,0.8,0.03392679999979009
split_fidelity,credit_approval\distribution_matching\budget_10\seed_0\split_fidelity.json,credit_approval,distribution_matching,budget_10,seed_0,xgboost,-0.023162269332527553,0.0,0.0,0.026507099999435013
split_fidelity,credit_approval\distribution_matching\budget_10\seed_1\split_fidelity.json,credit_approval,distribution_matching,budget_10,seed_1,xgboost,0.0997307035818685,0.0,0.0,0.0231869999997798
split_fidelity,credit_approval\distribution_matching\budget_10\seed_2\split_fidelity.json,credit_approval,distribution_matching,budget_10,seed_2,xgboost,0.11687082258710539,0.0,0.2,0.02679249999982858
split_fidelity,credit_approval\distribution_matching\budget_100\seed_0\split_fidelity.json,credit_approval,distribution_matching,budget_100,seed_0,xgboost,0.292752574234673,0.0,0.2,0.03657599999951344
split_fidelity,credit_approval\distribution_matching\budget_100\seed_1\split_fidelity.json,credit_approval,distribution_matching,budget_100,seed_1,xgboost,0.16892894806643283,0.0,0.0,0.03594210000028397
split_fidelity,credit_approval\distribution_matching\budget_100\seed_2\split_fidelity.json,credit_approval,distribution_matching,budget_100,seed_2,xgboost,0.19635889129883824,0.0,0.2,0.036129000000073574
split_fidelity,credit_approval\distribution_matching\budget_25\seed_0\split_fidelity.json,credit_approval,distribution_matching,budget_25,seed_0,xgboost,0.08192832417071752,0.0,0.0,0.0246075999993991
split_fidelity,credit_approval\distribution_matching\budget_25\seed_1\split_fidelity.json,credit_approval,distribution_matching,budget_25,seed_1,xgboost,0.12532338103520743,0.0,0.0,0.025192600000082166
split_fidelity,credit_approval\distribution_matching\budget_25\seed_2\split_fidelity.json,credit_approval,distribution_matching,budget_25,seed_2,xgboost,0.1917096620596175,0.0,0.2,0.027851199999531673
split_fidelity,credit_approval\distribution_matching\budget_50\seed_0\split_fidelity.json,credit_approval,distribution_matching,budget_50,seed_0,xgboost,0.04846507472554,0.0,0.0,0.03206700000009732
split_fidelity,credit_approval\distribution_matching\budget_50\seed_1\split_fidelity.json,credit_approval,distribution_matching,budget_50,seed_1,xgboost,0.18830807159875879,0.0,0.0,0.03247469999951136
split_fidelity,credit_approval\distribution_matching\budget_50\seed_2\split_fidelity.json,credit_approval,distribution_matching,budget_50,seed_2,xgboost,0.28468072671577266,0.0,0.0,0.033147099999951024
split_fidelity,credit_approval\full_data\budget_10\seed_0\split_fidelity.json,credit_approval,full_data,budget_10,seed_0,xgboost,0.9999999999999999,1.0,1.0,0.059329100000468316
split_fidelity,credit_approval\full_data\budget_10\seed_1\split_fidelity.json,credit_approval,full_data,budget_10,seed_1,xgboost,0.9288767755360535,0.0,0.8,0.05687379999926634
split_fidelity,credit_approval\full_data\budget_10\seed_2\split_fidelity.json,credit_approval,full_data,budget_10,seed_2,xgboost,0.8099071956147157,0.0,0.2,0.05463349999990896
split_fidelity,credit_approval\full_data\budget_100\seed_0\split_fidelity.json,credit_approval,full_data,budget_100,seed_0,xgboost,0.9999999999999999,1.0,1.0,0.052891899999849556
split_fidelity,credit_approval\full_data\budget_100\seed_1\split_fidelity.json,credit_approval,full_data,budget_100,seed_1,xgboost,0.9288767755360535,0.0,0.8,0.05280529999981809
split_fidelity,credit_approval\full_data\budget_100\seed_2\split_fidelity.json,credit_approval,full_data,budget_100,seed_2,xgboost,0.8099071956147157,0.0,0.2,0.052478700000392564
split_fidelity,credit_approval\full_data\budget_25\seed_0\split_fidelity.json,credit_approval,full_data,budget_25,seed_0,xgboost,0.9999999999999999,1.0,1.0,0.0536935000000085
split_fidelity,credit_approval\full_data\budget_25\seed_1\split_fidelity.json,credit_approval,full_data,budget_25,seed_1,xgboost,0.9288767755360535,0.0,0.8,0.057839899999635236
split_fidelity,credit_approval\full_data\budget_25\seed_2\split_fidelity.json,credit_approval,full_data,budget_25,seed_2,xgboost,0.8099071956147157,0.0,0.2,0.05826419999993959
split_fidelity,credit_approval\full_data\budget_50\seed_0\split_fidelity.json,credit_approval,full_data,budget_50,seed_0,xgboost,0.9999999999999999,1.0,1.0,0.0618836999992709
split_fidelity,credit_approval\full_data\budget_50\seed_1\split_fidelity.json,credit_approval,full_data,budget_50,seed_1,xgboost,0.9288767755360535,0.0,0.8,0.0493120999999519
split_fidelity,credit_approval\full_data\budget_50\seed_2\split_fidelity.json,credit_approval,full_data,budget_50,seed_2,xgboost,0.8099071956147157,0.0,0.2,0.054050899999310786
split_fidelity,credit_approval\gaindistill\budget_10\seed_0\split_fidelity.json,credit_approval,gaindistill,budget_10,seed_0,xgboost,-0.0406276718449733,0.0,0.0,0.023319200000514684
split_fidelity,credit_approval\gaindistill\budget_10\seed_1\split_fidelity.json,credit_approval,gaindistill,budget_10,seed_1,xgboost,-0.09631892677798738,1.0,0.2,0.030461500000456
split_fidelity,credit_approval\gaindistill\budget_10\seed_2\split_fidelity.json,credit_approval,gaindistill,budget_10,seed_2,xgboost,0.0418176047873427,1.0,0.4,0.029960800000480958
split_fidelity,credit_approval\gaindistill\budget_100\seed_0\split_fidelity.json,credit_approval,gaindistill,budget_100,seed_0,xgboost,-0.030037935402165053,0.0,0.0,0.04088140000021667
split_fidelity,credit_approval\gaindistill\budget_100\seed_1\split_fidelity.json,credit_approval,gaindistill,budget_100,seed_1,xgboost,0.07837442361363375,1.0,0.2,0.044107400000029884
split_fidelity,credit_approval\gaindistill\budget_100\seed_2\split_fidelity.json,credit_approval,gaindistill,budget_100,seed_2,xgboost,0.013764378924798667,0.0,0.0,0.051616000000649365
split_fidelity,credit_approval\gaindistill\budget_25\seed_0\split_fidelity.json,credit_approval,gaindistill,budget_25,seed_0,xgboost,0.21812831037861183,0.0,0.0,0.022754900000109046
split_fidelity,credit_approval\gaindistill\budget_25\seed_1\split_fidelity.json,credit_approval,gaindistill,budget_25,seed_1,xgboost,0.013065271321121041,0.0,0.0,0.025378899999850546
split_fidelity,credit_approval\gaindistill\budget_25\seed_2\split_fidelity.json,credit_approval,gaindistill,budget_25,seed_2,xgboost,-0.06481431414040902,0.0,0.0,0.025550299999849813
split_fidelity,credit_approval\gaindistill\budget_50\seed_0\split_fidelity.json,credit_approval,gaindistill,budget_50,seed_0,xgboost,-0.08231969672315326,0.0,0.0,0.03167070000017702
split_fidelity,credit_approval\gaindistill\budget_50\seed_1\split_fidelity.json,credit_approval,gaindistill,budget_50,seed_1,xgboost,0.09164109770309019,0.0,0.4,0.02859379999972589
split_fidelity,credit_approval\gaindistill\budget_50\seed_2\split_fidelity.json,credit_approval,gaindistill,budget_50,seed_2,xgboost,0.07886123415696737,0.0,0.2,0.025986799999373034
split_fidelity,credit_approval\gaindistill_hybrid\budget_10\seed_0\split_fidelity.json,credit_approval,gaindistill_hybrid,budget_10,seed_0,xgboost,0.19449553808730918,0.0,0.4,0.06077949999962584
split_fidelity,credit_approval\gaindistill_hybrid\budget_10\seed_1\split_fidelity.json,credit_approval,gaindistill_hybrid,budget_10,seed_1,xgboost,0.14257953349048075,0.0,0.2,0.07831249999981083
split_fidelity,credit_approval\gaindistill_hybrid\budget_10\seed_2\split_fidelity.json,credit_approval,gaindistill_hybrid,budget_10,seed_2,xgboost,0.23515537853494736,0.0,0.2,0.05414000000018859
split_fidelity,credit_approval\gaindistill_hybrid\budget_100\seed_0\split_fidelity.json,credit_approval,gaindistill_hybrid,budget_100,seed_0,xgboost,0.5660454175337012,0.0,0.4,0.08479190000070957
split_fidelity,credit_approval\gaindistill_hybrid\budget_100\seed_1\split_fidelity.json,credit_approval,gaindistill_hybrid,budget_100,seed_1,xgboost,0.645842757622365,0.0,0.2,0.051951999999801046
split_fidelity,credit_approval\gaindistill_hybrid\budget_100\seed_2\split_fidelity.json,credit_approval,gaindistill_hybrid,budget_100,seed_2,xgboost,0.6247820961094709,0.0,0.2,0.05573750000075961
split_fidelity,credit_approval\gaindistill_hybrid\budget_25\seed_0\split_fidelity.json,credit_approval,gaindistill_hybrid,budget_25,seed_0,xgboost,0.3573791443555076,0.0,0.4,0.04969440000058967
split_fidelity,credit_approval\gaindistill_hybrid\budget_25\seed_1\split_fidelity.json,credit_approval,gaindistill_hybrid,budget_25,seed_1,xgboost,0.22843555277169159,0.0,0.2,0.05479319999903964
split_fidelity,credit_approval\gaindistill_hybrid\budget_25\seed_2\split_fidelity.json,credit_approval,gaindistill_hybrid,budget_25,seed_2,xgboost,0.28468280627868575,0.0,0.2,0.060292100000879145
split_fidelity,credit_approval\gaindistill_hybrid\budget_50\seed_0\split_fidelity.json,credit_approval,gaindistill_hybrid,budget_50,seed_0,xgboost,0.645548719804578,0.0,0.2,0.05867699999907927
split_fidelity,credit_approval\gaindistill_hybrid\budget_50\seed_1\split_fidelity.json,credit_approval,gaindistill_hybrid,budget_50,seed_1,xgboost,0.4348617731781115,0.0,0.0,0.06407480000052601
split_fidelity,credit_approval\gaindistill_hybrid\budget_50\seed_2\split_fidelity.json,credit_approval,gaindistill_hybrid,budget_50,seed_2,xgboost,0.5218131710406261,0.0,0.2,0.040416499999992084
split_fidelity,credit_approval\gaindistill_path_hybrid\budget_10\seed_0\split_fidelity.json,credit_approval,gaindistill_path_hybrid,budget_10,seed_0,xgboost,0.05109269875697124,0.0,0.0,0.026362000000517583
split_fidelity,credit_approval\gaindistill_path_hybrid\budget_10\seed_1\split_fidelity.json,credit_approval,gaindistill_path_hybrid,budget_10,seed_1,xgboost,0.11800151102307148,0.0,0.0,0.026630599999407423
split_fidelity,credit_approval\gaindistill_path_hybrid\budget_10\seed_2\split_fidelity.json,credit_approval,gaindistill_path_hybrid,budget_10,seed_2,xgboost,0.14064720368536787,0.0,0.2,0.025626599999668542
split_fidelity,credit_approval\gaindistill_path_hybrid\budget_100\seed_0\split_fidelity.json,credit_approval,gaindistill_path_hybrid,budget_100,seed_0,xgboost,0.6658034017913688,0.0,0.6,0.05820229999881121
split_fidelity,credit_approval\gaindistill_path_hybrid\budget_100\seed_1\split_fidelity.json,credit_approval,gaindistill_path_hybrid,budget_100,seed_1,xgboost,0.5788586809011128,0.0,0.0,0.044686600000204635
split_fidelity,credit_approval\gaindistill_path_hybrid\budget_100\seed_2\split_fidelity.json,credit_approval,gaindistill_path_hybrid,budget_100,seed_2,xgboost,0.5760688023839138,1.0,0.4,0.05041990000063379
split_fidelity,credit_approval\gaindistill_path_hybrid\budget_25\seed_0\split_fidelity.json,credit_approval,gaindistill_path_hybrid,budget_25,seed_0,xgboost,0.32955878834661656,0.0,0.0,0.03290030000061961
split_fidelity,credit_approval\gaindistill_path_hybrid\budget_25\seed_1\split_fidelity.json,credit_approval,gaindistill_path_hybrid,budget_25,seed_1,xgboost,0.27789857037628046,0.0,0.2,0.025662500000180444
split_fidelity,credit_approval\gaindistill_path_hybrid\budget_25\seed_2\split_fidelity.json,credit_approval,gaindistill_path_hybrid,budget_25,seed_2,xgboost,0.3668430959744643,0.0,0.2,0.031122300000788528
split_fidelity,credit_approval\gaindistill_path_hybrid\budget_50\seed_0\split_fidelity.json,credit_approval,gaindistill_path_hybrid,budget_50,seed_0,xgboost,0.46445535148828365,1.0,0.6,0.03673079999862239
split_fidelity,credit_approval\gaindistill_path_hybrid\budget_50\seed_1\split_fidelity.json,credit_approval,gaindistill_path_hybrid,budget_50,seed_1,xgboost,0.4643266090859537,0.0,0.2,0.03987120000056166
split_fidelity,credit_approval\gaindistill_path_hybrid\budget_50\seed_2\split_fidelity.json,credit_approval,gaindistill_path_hybrid,budget_50,seed_2,xgboost,0.4084452047008928,0.0,0.4,0.034402900000714
split_fidelity,credit_approval\gain_herding\budget_10\seed_0\split_fidelity.json,credit_approval,gain_herding,budget_10,seed_0,xgboost,0.21554043051560443,0.0,0.4,0.03018279999923834
split_fidelity,credit_approval\gain_herding\budget_10\seed_1\split_fidelity.json,credit_approval,gain_herding,budget_10,seed_1,xgboost,0.2727743759444684,0.0,0.2,0.023066399999152054
split_fidelity,credit_approval\gain_herding\budget_10\seed_2\split_fidelity.json,credit_approval,gain_herding,budget_10,seed_2,xgboost,0.17389158554185488,0.0,0.2,0.032599099999060854
split_fidelity,credit_approval\gain_herding\budget_100\seed_0\split_fidelity.json,credit_approval,gain_herding,budget_100,seed_0,xgboost,0.6166425404867456,0.0,0.4,0.03928489999998419
split_fidelity,credit_approval\gain_herding\budget_100\seed_1\split_fidelity.json,credit_approval,gain_herding,budget_100,seed_1,xgboost,0.6737876594589703,1.0,0.4,0.03063530000144965
split_fidelity,credit_approval\gain_herding\budget_100\seed_2\split_fidelity.json,credit_approval,gain_herding,budget_100,seed_2,xgboost,0.6528854001874226,1.0,0.2,0.04254430000037246
split_fidelity,credit_approval\gain_herding\budget_25\seed_0\split_fidelity.json,credit_approval,gain_herding,budget_25,seed_0,xgboost,0.4020515373999461,0.0,0.4,0.025187699997331947
split_fidelity,credit_approval\gain_herding\budget_25\seed_1\split_fidelity.json,credit_approval,gain_herding,budget_25,seed_1,xgboost,0.19428077051704354,0.0,0.2,0.02692219999153167
split_fidelity,credit_approval\gain_herding\budget_25\seed_2\split_fidelity.json,credit_approval,gain_herding,budget_25,seed_2,xgboost,0.31285884614966647,0.0,0.0,0.025234999993699603
split_fidelity,credit_approval\gain_herding\budget_50\seed_0\split_fidelity.json,credit_approval,gain_herding,budget_50,seed_0,xgboost,0.577603365602099,0.0,0.2,0.02713779998885002
split_fidelity,credit_approval\gain_herding\budget_50\seed_1\split_fidelity.json,credit_approval,gain_herding,budget_50,seed_1,xgboost,0.4984421562220973,0.0,0.2,0.02974109999195207
split_fidelity,credit_approval\gain_herding\budget_50\seed_2\split_fidelity.json,credit_approval,gain_herding,budget_50,seed_2,xgboost,0.557484091683357,0.0,0.2,0.02793920000840444
split_fidelity,credit_approval\gain_path_herding\budget_10\seed_0\split_fidelity.json,credit_approval,gain_path_herding,budget_10,seed_0,xgboost,0.019841714869510543,0.0,0.0,0.02448050000020885
split_fidelity,credit_approval\gain_path_herding\budget_10\seed_1\split_fidelity.json,credit_approval,gain_path_herding,budget_10,seed_1,xgboost,0.24098740768220403,0.0,0.0,0.02609419999862439
split_fidelity,credit_approval\gain_path_herding\budget_10\seed_2\split_fidelity.json,credit_approval,gain_path_herding,budget_10,seed_2,xgboost,0.055778932596419466,0.0,0.2,0.02549919999910344
split_fidelity,credit_approval\gain_path_herding\budget_100\seed_0\split_fidelity.json,credit_approval,gain_path_herding,budget_100,seed_0,xgboost,0.6599226454356283,0.0,0.6,0.037103700000443496
split_fidelity,credit_approval\gain_path_herding\budget_100\seed_1\split_fidelity.json,credit_approval,gain_path_herding,budget_100,seed_1,xgboost,0.5988532525106306,0.0,0.0,0.04597789999934321
split_fidelity,credit_approval\gain_path_herding\budget_100\seed_2\split_fidelity.json,credit_approval,gain_path_herding,budget_100,seed_2,xgboost,0.5206077140707213,1.0,0.4,0.03498310000031779
split_fidelity,credit_approval\gain_path_herding\budget_25\seed_0\split_fidelity.json,credit_approval,gain_path_herding,budget_25,seed_0,xgboost,0.36240825164207596,0.0,0.0,0.025211900006979704
split_fidelity,credit_approval\gain_path_herding\budget_25\seed_1\split_fidelity.json,credit_approval,gain_path_herding,budget_25,seed_1,xgboost,0.3103683243869553,0.0,0.2,0.025081400002818555
split_fidelity,credit_approval\gain_path_herding\budget_25\seed_2\split_fidelity.json,credit_approval,gain_path_herding,budget_25,seed_2,xgboost,0.29986799302854666,0.0,0.0,0.023188899998785928
split_fidelity,credit_approval\gain_path_herding\budget_50\seed_0\split_fidelity.json,credit_approval,gain_path_herding,budget_50,seed_0,xgboost,0.4194449470731928,0.0,0.6,0.027424299987615086
split_fidelity,credit_approval\gain_path_herding\budget_50\seed_1\split_fidelity.json,credit_approval,gain_path_herding,budget_50,seed_1,xgboost,0.426361695813067,0.0,0.2,0.023423999999067746
split_fidelity,credit_approval\gain_path_herding\budget_50\seed_2\split_fidelity.json,credit_approval,gain_path_herding,budget_50,seed_2,xgboost,0.5238828191740124,0.0,0.2,0.024875799994333647
split_fidelity,credit_approval\gain_path_refined\budget_25\seed_0\split_fidelity.json,credit_approval,gain_path_refined,budget_25,seed_0,xgboost,0.31034044039112674,0.0,0.0,0.02204530000744853
split_fidelity,credit_approval\gain_path_refined\budget_25\seed_1\split_fidelity.json,credit_approval,gain_path_refined,budget_25,seed_1,xgboost,0.27995521386185096,0.0,0.4,0.019729599996935576
split_fidelity,credit_approval\gain_path_refined\budget_25\seed_2\split_fidelity.json,credit_approval,gain_path_refined,budget_25,seed_2,xgboost,0.29458473582053346,0.0,0.2,0.024938600006862544
split_fidelity,credit_approval\gain_path_refined\budget_50\seed_0\split_fidelity.json,credit_approval,gain_path_refined,budget_50,seed_0,xgboost,0.46273766946282574,0.0,0.4,0.023929099988890812
split_fidelity,credit_approval\gain_path_refined\budget_50\seed_1\split_fidelity.json,credit_approval,gain_path_refined,budget_50,seed_1,xgboost,0.44510917661831895,0.0,0.0,0.02305839999462478
split_fidelity,credit_approval\gain_path_refined\budget_50\seed_2\split_fidelity.json,credit_approval,gain_path_refined,budget_50,seed_2,xgboost,0.2933429396301861,1.0,0.2,0.03148900000087451
split_fidelity,credit_approval\gain_path_safeguarded\budget_25\seed_0\split_fidelity.json,credit_approval,gain_path_safeguarded,budget_25,seed_0,xgboost,0.31034044039112674,0.0,0.0,0.022013199995853938
split_fidelity,credit_approval\gain_path_safeguarded\budget_25\seed_1\split_fidelity.json,credit_approval,gain_path_safeguarded,budget_25,seed_1,xgboost,0.27995521386185096,0.0,0.4,0.02231880000908859
split_fidelity,credit_approval\gain_path_safeguarded\budget_25\seed_2\split_fidelity.json,credit_approval,gain_path_safeguarded,budget_25,seed_2,xgboost,0.29458473582053346,0.0,0.2,0.023230000006151386
split_fidelity,credit_approval\gain_path_safeguarded\budget_50\seed_0\split_fidelity.json,credit_approval,gain_path_safeguarded,budget_50,seed_0,xgboost,0.46273766946282574,0.0,0.4,0.02305240000714548
split_fidelity,credit_approval\gain_path_safeguarded\budget_50\seed_1\split_fidelity.json,credit_approval,gain_path_safeguarded,budget_50,seed_1,xgboost,0.44510917661831895,0.0,0.0,0.031069899996509776
split_fidelity,credit_approval\gain_path_safeguarded\budget_50\seed_2\split_fidelity.json,credit_approval,gain_path_safeguarded,budget_50,seed_2,xgboost,0.2933429396301861,1.0,0.2,0.023758700001053512
split_fidelity,credit_approval\gain_weighted_coreset\budget_10\seed_0\split_fidelity.json,credit_approval,gain_weighted_coreset,budget_10,seed_0,xgboost,0.19449553808730918,0.0,0.4,0.05100429999947664
split_fidelity,credit_approval\gain_weighted_coreset\budget_10\seed_1\split_fidelity.json,credit_approval,gain_weighted_coreset,budget_10,seed_1,xgboost,0.14257953349048075,0.0,0.2,0.04843830000027083
split_fidelity,credit_approval\gain_weighted_coreset\budget_10\seed_2\split_fidelity.json,credit_approval,gain_weighted_coreset,budget_10,seed_2,xgboost,0.23515537853494736,0.0,0.2,0.051959700000224984
split_fidelity,credit_approval\gain_weighted_coreset\budget_100\seed_0\split_fidelity.json,credit_approval,gain_weighted_coreset,budget_100,seed_0,xgboost,0.5660454175337012,0.0,0.4,0.04884739999943122
split_fidelity,credit_approval\gain_weighted_coreset\budget_100\seed_1\split_fidelity.json,credit_approval,gain_weighted_coreset,budget_100,seed_1,xgboost,0.645842757622365,0.0,0.2,0.04992029999993974
split_fidelity,credit_approval\gain_weighted_coreset\budget_100\seed_2\split_fidelity.json,credit_approval,gain_weighted_coreset,budget_100,seed_2,xgboost,0.6247820961094709,0.0,0.2,0.05117509999945469
split_fidelity,credit_approval\gain_weighted_coreset\budget_25\seed_0\split_fidelity.json,credit_approval,gain_weighted_coreset,budget_25,seed_0,xgboost,0.3573791443555076,0.0,0.4,0.03346189999865601
split_fidelity,credit_approval\gain_weighted_coreset\budget_25\seed_1\split_fidelity.json,credit_approval,gain_weighted_coreset,budget_25,seed_1,xgboost,0.22843555277169159,0.0,0.2,0.02918859999954293
split_fidelity,credit_approval\gain_weighted_coreset\budget_25\seed_2\split_fidelity.json,credit_approval,gain_weighted_coreset,budget_25,seed_2,xgboost,0.28468280627868575,0.0,0.2,0.024922599999626982
split_fidelity,credit_approval\gain_weighted_coreset\budget_50\seed_0\split_fidelity.json,credit_approval,gain_weighted_coreset,budget_50,seed_0,xgboost,0.645548719804578,0.0,0.2,0.035342500001206645
split_fidelity,credit_approval\gain_weighted_coreset\budget_50\seed_1\split_fidelity.json,credit_approval,gain_weighted_coreset,budget_50,seed_1,xgboost,0.4348617731781115,0.0,0.0,0.04025949999959266
split_fidelity,credit_approval\gain_weighted_coreset\budget_50\seed_2\split_fidelity.json,credit_approval,gain_weighted_coreset,budget_50,seed_2,xgboost,0.5218131710406261,0.0,0.2,0.04717940000045928
split_fidelity,credit_approval\gradient_sampling\budget_10\seed_0\split_fidelity.json,credit_approval,gradient_sampling,budget_10,seed_0,xgboost,-0.2948877958260791,0.0,0.0,0.025486300000011397
split_fidelity,credit_approval\gradient_sampling\budget_10\seed_1\split_fidelity.json,credit_approval,gradient_sampling,budget_10,seed_1,xgboost,-0.16200425831413084,0.0,0.0,0.02380890000040381
split_fidelity,credit_approval\gradient_sampling\budget_10\seed_2\split_fidelity.json,credit_approval,gradient_sampling,budget_10,seed_2,xgboost,0.07907819585864416,0.0,0.2,0.03282379999927798
split_fidelity,credit_approval\gradient_sampling\budget_100\seed_0\split_fidelity.json,credit_approval,gradient_sampling,budget_100,seed_0,xgboost,0.7868452003980818,0.0,0.2,0.03767840000000433
split_fidelity,credit_approval\gradient_sampling\budget_100\seed_1\split_fidelity.json,credit_approval,gradient_sampling,budget_100,seed_1,xgboost,0.7512440061521758,1.0,0.2,0.04065650000029564
split_fidelity,credit_approval\gradient_sampling\budget_100\seed_2\split_fidelity.json,credit_approval,gradient_sampling,budget_100,seed_2,xgboost,0.6527644824215798,0.0,0.6,0.04265229999964504
split_fidelity,credit_approval\gradient_sampling\budget_25\seed_0\split_fidelity.json,credit_approval,gradient_sampling,budget_25,seed_0,xgboost,0.08101268703176842,0.0,0.0,0.02781310000045778
split_fidelity,credit_approval\gradient_sampling\budget_25\seed_1\split_fidelity.json,credit_approval,gradient_sampling,budget_25,seed_1,xgboost,0.07731957319065576,0.0,0.0,0.032292599999891536
split_fidelity,credit_approval\gradient_sampling\budget_25\seed_2\split_fidelity.json,credit_approval,gradient_sampling,budget_25,seed_2,xgboost,0.0028366578858526987,0.0,0.0,0.02956499999982043
split_fidelity,credit_approval\gradient_sampling\budget_50\seed_0\split_fidelity.json,credit_approval,gradient_sampling,budget_50,seed_0,xgboost,0.11731243358726864,0.0,0.2,0.0391302000007272
split_fidelity,credit_approval\gradient_sampling\budget_50\seed_1\split_fidelity.json,credit_approval,gradient_sampling,budget_50,seed_1,xgboost,0.308724946168085,0.0,0.2,0.03451940000013565
split_fidelity,credit_approval\gradient_sampling\budget_50\seed_2\split_fidelity.json,credit_approval,gradient_sampling,budget_50,seed_2,xgboost,0.33384052647374535,0.0,0.6,0.03526929999952699
split_fidelity,credit_approval\herding\budget_10\seed_0\split_fidelity.json,credit_approval,herding,budget_10,seed_0,xgboost,0.33120729422312467,0.0,0.0,0.02461059999950521
split_fidelity,credit_approval\herding\budget_10\seed_1\split_fidelity.json,credit_approval,herding,budget_10,seed_1,xgboost,0.3008628490393706,0.0,0.0,0.021855399999367364
split_fidelity,credit_approval\herding\budget_10\seed_2\split_fidelity.json,credit_approval,herding,budget_10,seed_2,xgboost,0.36199197678099504,0.0,0.2,0.02462589999959164
split_fidelity,credit_approval\herding\budget_100\seed_0\split_fidelity.json,credit_approval,herding,budget_100,seed_0,xgboost,0.5359597612051664,0.0,0.4,0.04225080000014714
split_fidelity,credit_approval\herding\budget_100\seed_1\split_fidelity.json,credit_approval,herding,budget_100,seed_1,xgboost,0.4956445278993534,1.0,0.4,0.040092100000038045
split_fidelity,credit_approval\herding\budget_100\seed_2\split_fidelity.json,credit_approval,herding,budget_100,seed_2,xgboost,0.4491844164850645,1.0,0.4,0.04465500000060274
split_fidelity,credit_approval\herding\budget_25\seed_0\split_fidelity.json,credit_approval,herding,budget_25,seed_0,xgboost,0.4428769333000062,0.0,0.0,0.02197290000913199
split_fidelity,credit_approval\herding\budget_25\seed_1\split_fidelity.json,credit_approval,herding,budget_25,seed_1,xgboost,0.46266699193754685,0.0,0.0,0.027547799996682443
split_fidelity,credit_approval\herding\budget_25\seed_2\split_fidelity.json,credit_approval,herding,budget_25,seed_2,xgboost,0.41726055250438504,0.0,0.2,0.024967400007881224
split_fidelity,credit_approval\herding\budget_50\seed_0\split_fidelity.json,credit_approval,herding,budget_50,seed_0,xgboost,0.4685299719726329,0.0,0.0,0.029658999992534518
split_fidelity,credit_approval\herding\budget_50\seed_1\split_fidelity.json,credit_approval,herding,budget_50,seed_1,xgboost,0.4543981656892053,0.0,0.0,0.03143930000078399
split_fidelity,credit_approval\herding\budget_50\seed_2\split_fidelity.json,credit_approval,herding,budget_50,seed_2,xgboost,0.3777671981282678,0.0,0.2,0.02651769999647513
split_fidelity,credit_approval\k_center\budget_10\seed_0\split_fidelity.json,credit_approval,k_center,budget_10,seed_0,xgboost,0.03311592000408489,0.0,0.0,0.036019799999849056
split_fidelity,credit_approval\k_center\budget_10\seed_1\split_fidelity.json,credit_approval,k_center,budget_10,seed_1,xgboost,0.006176820288291004,0.0,0.0,0.03345470000022033
split_fidelity,credit_approval\k_center\budget_10\seed_2\split_fidelity.json,credit_approval,k_center,budget_10,seed_2,xgboost,0.24860335685784787,0.0,0.2,0.025158899999951245
split_fidelity,credit_approval\k_center\budget_100\seed_0\split_fidelity.json,credit_approval,k_center,budget_100,seed_0,xgboost,0.6263005518863656,0.0,0.4,0.045379899999716145
split_fidelity,credit_approval\k_center\budget_100\seed_1\split_fidelity.json,credit_approval,k_center,budget_100,seed_1,xgboost,0.7387700171899031,0.0,0.4,0.04196990000036749
split_fidelity,credit_approval\k_center\budget_100\seed_2\split_fidelity.json,credit_approval,k_center,budget_100,seed_2,xgboost,0.5955300732560131,0.0,0.2,0.0387843000007706
split_fidelity,credit_approval\k_center\budget_25\seed_0\split_fidelity.json,credit_approval,k_center,budget_25,seed_0,xgboost,0.4464230181251909,0.0,0.4,0.0314539999999397
split_fidelity,credit_approval\k_center\budget_25\seed_1\split_fidelity.json,credit_approval,k_center,budget_25,seed_1,xgboost,0.3172019908244692,0.0,0.2,0.02559110000038345
split_fidelity,credit_approval\k_center\budget_25\seed_2\split_fidelity.json,credit_approval,k_center,budget_25,seed_2,xgboost,0.34804383445251524,0.0,0.2,0.0340769000004002
split_fidelity,credit_approval\k_center\budget_50\seed_0\split_fidelity.json,credit_approval,k_center,budget_50,seed_0,xgboost,0.6098904982789016,0.0,0.2,0.038836300000184565
split_fidelity,credit_approval\k_center\budget_50\seed_1\split_fidelity.json,credit_approval,k_center,budget_50,seed_1,xgboost,0.40036868027804806,0.0,0.2,0.05372379999971599
split_fidelity,credit_approval\k_center\budget_50\seed_2\split_fidelity.json,credit_approval,k_center,budget_50,seed_2,xgboost,0.39668684487093164,1.0,0.6,0.05917700000009063
split_fidelity,credit_approval\random\budget_10\seed_0\split_fidelity.json,credit_approval,random,budget_10,seed_0,xgboost,-0.019397116182349586,0.0,0.0,0.03918770000018412
split_fidelity,credit_approval\random\budget_10\seed_1\split_fidelity.json,credit_approval,random,budget_10,seed_1,xgboost,0.10120238580873543,0.0,0.2,0.030128000000331667
split_fidelity,credit_approval\random\budget_10\seed_2\split_fidelity.json,credit_approval,random,budget_10,seed_2,xgboost,0.054026268524225596,0.0,0.0,0.024626500000522356
split_fidelity,credit_approval\random\budget_100\seed_0\split_fidelity.json,credit_approval,random,budget_100,seed_0,xgboost,0.6040780783497692,1.0,0.6,0.04494040000008681
split_fidelity,credit_approval\random\budget_100\seed_1\split_fidelity.json,credit_approval,random,budget_100,seed_1,xgboost,0.5161791939403432,0.0,0.2,0.03794429999925342
split_fidelity,credit_approval\random\budget_100\seed_2\split_fidelity.json,credit_approval,random,budget_100,seed_2,xgboost,0.5171817020746301,0.0,0.2,0.044274299999415234
split_fidelity,credit_approval\random\budget_25\seed_0\split_fidelity.json,credit_approval,random,budget_25,seed_0,xgboost,0.30725427743569045,0.0,0.4,0.023007399999187328
split_fidelity,credit_approval\random\budget_25\seed_1\split_fidelity.json,credit_approval,random,budget_25,seed_1,xgboost,0.24434655283031856,0.0,0.2,0.020245799998519942
split_fidelity,credit_approval\random\budget_25\seed_2\split_fidelity.json,credit_approval,random,budget_25,seed_2,xgboost,0.16477511798931638,0.0,0.4,0.0209333999955561
split_fidelity,credit_approval\random\budget_50\seed_0\split_fidelity.json,credit_approval,random,budget_50,seed_0,xgboost,0.41966219388050974,1.0,0.4,0.019108700013021007
split_fidelity,credit_approval\random\budget_50\seed_1\split_fidelity.json,credit_approval,random,budget_50,seed_1,xgboost,0.514310433077679,0.0,0.2,0.018248599997605197
split_fidelity,credit_approval\random\budget_50\seed_2\split_fidelity.json,credit_approval,random,budget_50,seed_2,xgboost,0.33546537554398215,1.0,0.4,0.018539400000008754
split_fidelity,credit_approval\tree_region\budget_10\seed_0\split_fidelity.json,credit_approval,tree_region,budget_10,seed_0,xgboost,-0.2948877958260791,0.0,0.0,0.031782400000338384
split_fidelity,credit_approval\tree_region\budget_10\seed_1\split_fidelity.json,credit_approval,tree_region,budget_10,seed_1,xgboost,-0.16200425831413084,0.0,0.0,0.04213929999968968
split_fidelity,credit_approval\tree_region\budget_10\seed_2\split_fidelity.json,credit_approval,tree_region,budget_10,seed_2,xgboost,0.07907819585864416,0.0,0.2,0.02914299999974901
split_fidelity,credit_approval\tree_region\budget_100\seed_0\split_fidelity.json,credit_approval,tree_region,budget_100,seed_0,xgboost,0.7868452003980818,0.0,0.2,0.06723759999931644
split_fidelity,credit_approval\tree_region\budget_100\seed_1\split_fidelity.json,credit_approval,tree_region,budget_100,seed_1,xgboost,0.7512440061521758,1.0,0.2,0.04599300000063522
split_fidelity,credit_approval\tree_region\budget_100\seed_2\split_fidelity.json,credit_approval,tree_region,budget_100,seed_2,xgboost,0.6527644824215798,0.0,0.6,0.05017810000026657
split_fidelity,credit_approval\tree_region\budget_25\seed_0\split_fidelity.json,credit_approval,tree_region,budget_25,seed_0,xgboost,0.08101268703176842,0.0,0.0,0.032337599999664235
split_fidelity,credit_approval\tree_region\budget_25\seed_1\split_fidelity.json,credit_approval,tree_region,budget_25,seed_1,xgboost,0.07731957319065576,0.0,0.0,0.0410836000000927
split_fidelity,credit_approval\tree_region\budget_25\seed_2\split_fidelity.json,credit_approval,tree_region,budget_25,seed_2,xgboost,0.0028366578858526987,0.0,0.0,0.03517879999981233
split_fidelity,credit_approval\tree_region\budget_50\seed_0\split_fidelity.json,credit_approval,tree_region,budget_50,seed_0,xgboost,0.11731243358726864,0.0,0.2,0.038421700000071723
split_fidelity,credit_approval\tree_region\budget_50\seed_1\split_fidelity.json,credit_approval,tree_region,budget_50,seed_1,xgboost,0.308724946168085,0.0,0.2,0.044860800000606105
split_fidelity,credit_approval\tree_region\budget_50\seed_2\split_fidelity.json,credit_approval,tree_region,budget_50,seed_2,xgboost,0.33384052647374535,0.0,0.6,0.03433320000021922
split_fidelity,credit_g\ablation_full\budget_50\seed_0\split_fidelity.json,credit_g,ablation_full,budget_50,seed_0,xgboost,0.1577636876896865,0.0,0.0,0.0612451000006331
split_fidelity,credit_g\ablation_no_child\budget_50\seed_0\split_fidelity.json,credit_g,ablation_no_child,budget_50,seed_0,xgboost,-0.01676318591374771,0.0,0.2,0.0649040000007517
split_fidelity,credit_g\ablation_no_entropy_anneal\budget_50\seed_0\split_fidelity.json,credit_g,ablation_no_entropy_anneal,budget_50,seed_0,xgboost,-0.094867986165762,0.0,0.0,0.05298620000030496
split_fidelity,credit_g\ablation_no_gain\budget_50\seed_0\split_fidelity.json,credit_g,ablation_no_gain,budget_50,seed_0,xgboost,0.033038778650759486,1.0,0.2,0.09148139999979321
split_fidelity,credit_g\ablation_no_hist\budget_50\seed_0\split_fidelity.json,credit_g,ablation_no_hist,budget_50,seed_0,xgboost,0.07986375740441556,0.0,0.0,0.12588700000014796
split_fidelity,credit_g\ablation_no_margin\budget_50\seed_0\split_fidelity.json,credit_g,ablation_no_margin,budget_50,seed_0,xgboost,-0.01184370986319113,0.0,0.2,0.09692880000056903
split_fidelity,credit_g\ablation_no_marginal\budget_50\seed_0\split_fidelity.json,credit_g,ablation_no_marginal,budget_50,seed_0,xgboost,-0.05358269865091757,1.0,0.2,0.06452140000055806
split_fidelity,credit_g\ablation_no_newton\budget_50\seed_0\split_fidelity.json,credit_g,ablation_no_newton,budget_50,seed_0,xgboost,-0.0350057773797125,0.0,0.2,0.05948809999972582
split_fidelity,credit_g\ablation_no_pairwise\budget_50\seed_0\split_fidelity.json,credit_g,ablation_no_pairwise,budget_50,seed_0,xgboost,0.11414551726271849,0.0,0.0,0.06298479999986739
split_fidelity,credit_g\distribution_matching\budget_10\seed_0\split_fidelity.json,credit_g,distribution_matching,budget_10,seed_0,xgboost,-0.06923202826800982,0.0,0.0,0.017462300000033792
split_fidelity,credit_g\distribution_matching\budget_10\seed_1\split_fidelity.json,credit_g,distribution_matching,budget_10,seed_1,xgboost,0.011121894251928669,0.0,0.0,0.05282850000003236
split_fidelity,credit_g\distribution_matching\budget_10\seed_2\split_fidelity.json,credit_g,distribution_matching,budget_10,seed_2,xgboost,0.014119358184115098,0.0,0.0,0.045603700000356184
split_fidelity,credit_g\distribution_matching\budget_100\seed_0\split_fidelity.json,credit_g,distribution_matching,budget_100,seed_0,xgboost,0.2259655213272243,0.0,0.2,0.056340199999795004
split_fidelity,credit_g\distribution_matching\budget_100\seed_1\split_fidelity.json,credit_g,distribution_matching,budget_100,seed_1,xgboost,0.30925961097829,0.0,0.2,0.05445800000052259
split_fidelity,credit_g\distribution_matching\budget_100\seed_2\split_fidelity.json,credit_g,distribution_matching,budget_100,seed_2,xgboost,0.3804447618076099,0.0,0.2,0.05075909999959549
split_fidelity,credit_g\distribution_matching\budget_25\seed_0\split_fidelity.json,credit_g,distribution_matching,budget_25,seed_0,xgboost,0.26121633151936396,0.0,0.0,0.05047279999962484
split_fidelity,credit_g\distribution_matching\budget_25\seed_1\split_fidelity.json,credit_g,distribution_matching,budget_25,seed_1,xgboost,0.2635496970726904,0.0,0.0,0.04441229999974894
split_fidelity,credit_g\distribution_matching\budget_25\seed_2\split_fidelity.json,credit_g,distribution_matching,budget_25,seed_2,xgboost,0.1741032151360267,0.0,0.0,0.04787740000028862
split_fidelity,credit_g\distribution_matching\budget_50\seed_0\split_fidelity.json,credit_g,distribution_matching,budget_50,seed_0,xgboost,0.2494920870998717,0.0,0.2,0.04741139999987354
split_fidelity,credit_g\distribution_matching\budget_50\seed_1\split_fidelity.json,credit_g,distribution_matching,budget_50,seed_1,xgboost,0.11024556670643594,0.0,0.0,0.04597689999991417
split_fidelity,credit_g\distribution_matching\budget_50\seed_2\split_fidelity.json,credit_g,distribution_matching,budget_50,seed_2,xgboost,0.24901974536200142,0.0,0.0,0.04621899999983725
split_fidelity,credit_g\full_data\budget_10\seed_0\split_fidelity.json,credit_g,full_data,budget_10,seed_0,xgboost,1.0,1.0,1.0,0.06010880000030738
split_fidelity,credit_g\full_data\budget_10\seed_1\split_fidelity.json,credit_g,full_data,budget_10,seed_1,xgboost,0.8441378749033492,0.0,0.6,0.06339720000050875
split_fidelity,credit_g\full_data\budget_10\seed_2\split_fidelity.json,credit_g,full_data,budget_10,seed_2,xgboost,0.808502499234928,1.0,0.4,0.05911199999991368
split_fidelity,credit_g\full_data\budget_100\seed_0\split_fidelity.json,credit_g,full_data,budget_100,seed_0,xgboost,1.0,1.0,1.0,0.05830029999924591
split_fidelity,credit_g\full_data\budget_100\seed_1\split_fidelity.json,credit_g,full_data,budget_100,seed_1,xgboost,0.8441378749033492,0.0,0.6,0.0621499999997468
split_fidelity,credit_g\full_data\budget_100\seed_2\split_fidelity.json,credit_g,full_data,budget_100,seed_2,xgboost,0.808502499234928,1.0,0.4,0.06126059999951394
split_fidelity,credit_g\full_data\budget_25\seed_0\split_fidelity.json,credit_g,full_data,budget_25,seed_0,xgboost,1.0,1.0,1.0,0.05726709999999002
split_fidelity,credit_g\full_data\budget_25\seed_1\split_fidelity.json,credit_g,full_data,budget_25,seed_1,xgboost,0.8441378749033492,0.0,0.6,0.05768590000025142
split_fidelity,credit_g\full_data\budget_25\seed_2\split_fidelity.json,credit_g,full_data,budget_25,seed_2,xgboost,0.808502499234928,1.0,0.4,0.06030370000007679
split_fidelity,credit_g\full_data\budget_50\seed_0\split_fidelity.json,credit_g,full_data,budget_50,seed_0,xgboost,1.0,1.0,1.0,0.06112719999964611
split_fidelity,credit_g\full_data\budget_50\seed_1\split_fidelity.json,credit_g,full_data,budget_50,seed_1,xgboost,0.8441378749033492,0.0,0.6,0.06122959999993327
split_fidelity,credit_g\full_data\budget_50\seed_2\split_fidelity.json,credit_g,full_data,budget_50,seed_2,xgboost,0.808502499234928,1.0,0.4,0.05754810000053112
split_fidelity,credit_g\gaindistill\budget_10\seed_0\split_fidelity.json,credit_g,gaindistill,budget_10,seed_0,xgboost,0.018583517909486123,0.0,0.0,0.016094700000053308
split_fidelity,credit_g\gaindistill\budget_10\seed_1\split_fidelity.json,credit_g,gaindistill,budget_10,seed_1,xgboost,-0.010304068667945549,1.0,0.2,0.04237429999921005
split_fidelity,credit_g\gaindistill\budget_10\seed_2\split_fidelity.json,credit_g,gaindistill,budget_10,seed_2,xgboost,0.21368740113562423,0.0,0.2,0.0433022000006531
split_fidelity,credit_g\gaindistill\budget_100\seed_0\split_fidelity.json,credit_g,gaindistill,budget_100,seed_0,xgboost,-0.09612153695878904,0.0,0.4,0.043913900000006834
split_fidelity,credit_g\gaindistill\budget_100\seed_1\split_fidelity.json,credit_g,gaindistill,budget_100,seed_1,xgboost,0.10383802410073747,1.0,0.2,0.045105100000000675
split_fidelity,credit_g\gaindistill\budget_100\seed_2\split_fidelity.json,credit_g,gaindistill,budget_100,seed_2,xgboost,-0.16483472242311123,0.0,0.2,0.038804800000434625
split_fidelity,credit_g\gaindistill\budget_25\seed_0\split_fidelity.json,credit_g,gaindistill,budget_25,seed_0,xgboost,0.10246177515339866,0.0,0.0,0.03898670000035054
split_fidelity,credit_g\gaindistill\budget_25\seed_1\split_fidelity.json,credit_g,gaindistill,budget_25,seed_1,xgboost,-0.07610941060977129,0.0,0.0,0.041073100000176055
split_fidelity,credit_g\gaindistill\budget_25\seed_2\split_fidelity.json,credit_g,gaindistill,budget_25,seed_2,xgboost,-0.1831961127081273,0.0,0.0,0.04065519999949174
split_fidelity,credit_g\gaindistill\budget_50\seed_0\split_fidelity.json,credit_g,gaindistill,budget_50,seed_0,xgboost,0.1577636876896865,0.0,0.0,0.046644000000014785
split_fidelity,credit_g\gaindistill\budget_50\seed_1\split_fidelity.json,credit_g,gaindistill,budget_50,seed_1,xgboost,-0.006646915876979029,1.0,0.2,0.04157279999981256
split_fidelity,credit_g\gaindistill\budget_50\seed_2\split_fidelity.json,credit_g,gaindistill,budget_50,seed_2,xgboost,-0.03574473088011224,0.0,0.0,0.040146399999684945
split_fidelity,credit_g\gaindistill_anchor\budget_25\seed_0\split_fidelity.json,credit_g,gaindistill_anchor,budget_25,seed_0,xgboost,0.348985301646109,0.0,0.2,0.02327079999668058
split_fidelity,credit_g\gaindistill_anchor\budget_25\seed_1\split_fidelity.json,credit_g,gaindistill_anchor,budget_25,seed_1,xgboost,0.26446397832639146,0.0,0.4,0.027650500000163447
split_fidelity,credit_g\gaindistill_anchor\budget_25\seed_2\split_fidelity.json,credit_g,gaindistill_anchor,budget_25,seed_2,xgboost,0.3819838307804965,0.0,0.0,0.023378699999739183
split_fidelity,credit_g\gaindistill_anchor\budget_50\seed_0\split_fidelity.json,credit_g,gaindistill_anchor,budget_50,seed_0,xgboost,0.26668288465538975,0.0,0.0,0.021310100000846433
split_fidelity,credit_g\gaindistill_anchor\budget_50\seed_1\split_fidelity.json,credit_g,gaindistill_anchor,budget_50,seed_1,xgboost,0.3635474331209111,0.0,0.0,0.02124309999999241
split_fidelity,credit_g\gaindistill_anchor\budget_50\seed_2\split_fidelity.json,credit_g,gaindistill_anchor,budget_50,seed_2,xgboost,0.43974193176644183,0.0,0.2,0.023690099998930236
split_fidelity,credit_g\gaindistill_full\budget_25\seed_0\split_fidelity.json,credit_g,gaindistill_full,budget_25,seed_0,xgboost,0.4891001683130002,0.0,0.0,0.019877199998518336
split_fidelity,credit_g\gaindistill_full\budget_25\seed_1\split_fidelity.json,credit_g,gaindistill_full,budget_25,seed_1,xgboost,0.18526445555619245,0.0,0.4,0.02985140000055253
split_fidelity,credit_g\gaindistill_full\budget_25\seed_2\split_fidelity.json,credit_g,gaindistill_full,budget_25,seed_2,xgboost,0.42133098308673045,0.0,0.0,0.03487710000081279
split_fidelity,credit_g\gaindistill_full\budget_50\seed_0\split_fidelity.json,credit_g,gaindistill_full,budget_50,seed_0,xgboost,0.22849609946571237,0.0,0.2,0.028493300000263844
split_fidelity,credit_g\gaindistill_full\budget_50\seed_1\split_fidelity.json,credit_g,gaindistill_full,budget_50,seed_1,xgboost,0.3042991478606043,0.0,0.0,0.026179899999988265
split_fidelity,credit_g\gaindistill_full\budget_50\seed_2\split_fidelity.json,credit_g,gaindistill_full,budget_50,seed_2,xgboost,0.34015591021962366,0.0,0.0,0.028648599998632562
split_fidelity,credit_g\gaindistill_hybrid\budget_10\seed_0\split_fidelity.json,credit_g,gaindistill_hybrid,budget_10,seed_0,xgboost,0.07941919472744437,0.0,0.0,0.04456659999959811
split_fidelity,credit_g\gaindistill_hybrid\budget_10\seed_1\split_fidelity.json,credit_g,gaindistill_hybrid,budget_10,seed_1,xgboost,-0.0043071001548374704,0.0,0.0,0.04401800000050571
split_fidelity,credit_g\gaindistill_hybrid\budget_10\seed_2\split_fidelity.json,credit_g,gaindistill_hybrid,budget_10,seed_2,xgboost,0.07808000929151943,0.0,0.0,0.037505500000406755
split_fidelity,credit_g\gaindistill_hybrid\budget_100\seed_0\split_fidelity.json,credit_g,gaindistill_hybrid,budget_100,seed_0,xgboost,0.46964725993622414,0.0,0.2,0.045187400000941125
split_fidelity,credit_g\gaindistill_hybrid\budget_100\seed_1\split_fidelity.json,credit_g,gaindistill_hybrid,budget_100,seed_1,xgboost,0.4983518495910146,0.0,0.2,0.05286820000037551
split_fidelity,credit_g\gaindistill_hybrid\budget_100\seed_2\split_fidelity.json,credit_g,gaindistill_hybrid,budget_100,seed_2,xgboost,0.5306619487108365,0.0,0.4,0.04410680000000866
split_fidelity,credit_g\gaindistill_hybrid\budget_25\seed_0\split_fidelity.json,credit_g,gaindistill_hybrid,budget_25,seed_0,xgboost,0.3654367094312147,0.0,0.0,0.024157500000001164
split_fidelity,credit_g\gaindistill_hybrid\budget_25\seed_1\split_fidelity.json,credit_g,gaindistill_hybrid,budget_25,seed_1,xgboost,0.34957179777346914,0.0,0.0,0.03530030000001716
split_fidelity,credit_g\gaindistill_hybrid\budget_25\seed_2\split_fidelity.json,credit_g,gaindistill_hybrid,budget_25,seed_2,xgboost,0.4538771505852341,0.0,0.4,0.03188479999880656
split_fidelity,credit_g\gaindistill_hybrid\budget_50\seed_0\split_fidelity.json,credit_g,gaindistill_hybrid,budget_50,seed_0,xgboost,0.336230645320359,0.0,0.4,0.03647169999931066
split_fidelity,credit_g\gaindistill_hybrid\budget_50\seed_1\split_fidelity.json,credit_g,gaindistill_hybrid,budget_50,seed_1,xgboost,0.418315681687994,0.0,0.0,0.037181300000156625
split_fidelity,credit_g\gaindistill_hybrid\budget_50\seed_2\split_fidelity.json,credit_g,gaindistill_hybrid,budget_50,seed_2,xgboost,0.3437298768933785,0.0,0.4,0.051016000001254724
split_fidelity,credit_g\gaindistill_path_hybrid\budget_10\seed_0\split_fidelity.json,credit_g,gaindistill_path_hybrid,budget_10,seed_0,xgboost,0.20115885374460202,0.0,0.0,0.023690800000622403
split_fidelity,credit_g\gaindistill_path_hybrid\budget_10\seed_1\split_fidelity.json,credit_g,gaindistill_path_hybrid,budget_10,seed_1,xgboost,0.0852968743840723,0.0,0.0,0.029794500000207336
split_fidelity,credit_g\gaindistill_path_hybrid\budget_10\seed_2\split_fidelity.json,credit_g,gaindistill_path_hybrid,budget_10,seed_2,xgboost,0.05118229827796706,0.0,0.0,0.026852299999518436
split_fidelity,credit_g\gaindistill_path_hybrid\budget_100\seed_0\split_fidelity.json,credit_g,gaindistill_path_hybrid,budget_100,seed_0,xgboost,0.44965975212860393,0.0,0.0,0.04635999999845808
split_fidelity,credit_g\gaindistill_path_hybrid\budget_100\seed_1\split_fidelity.json,credit_g,gaindistill_path_hybrid,budget_100,seed_1,xgboost,0.3885972408741302,0.0,0.4,0.04836579999937385
split_fidelity,credit_g\gaindistill_path_hybrid\budget_100\seed_2\split_fidelity.json,credit_g,gaindistill_path_hybrid,budget_100,seed_2,xgboost,0.5163470366214424,0.0,0.2,0.04475550000097428
split_fidelity,credit_g\gaindistill_path_hybrid\budget_25\seed_0\split_fidelity.json,credit_g,gaindistill_path_hybrid,budget_25,seed_0,xgboost,0.2377852733725699,0.0,0.2,0.0304586999991443
split_fidelity,credit_g\gaindistill_path_hybrid\budget_25\seed_1\split_fidelity.json,credit_g,gaindistill_path_hybrid,budget_25,seed_1,xgboost,0.37587630376453224,0.0,0.0,0.029649800000697724
split_fidelity,credit_g\gaindistill_path_hybrid\budget_25\seed_2\split_fidelity.json,credit_g,gaindistill_path_hybrid,budget_25,seed_2,xgboost,0.2829926426645209,0.0,0.0,0.0431391000001895
split_fidelity,credit_g\gaindistill_path_hybrid\budget_50\seed_0\split_fidelity.json,credit_g,gaindistill_path_hybrid,budget_50,seed_0,xgboost,0.2922590889232694,0.0,0.0,0.03496430000086548
split_fidelity,credit_g\gaindistill_path_hybrid\budget_50\seed_1\split_fidelity.json,credit_g,gaindistill_path_hybrid,budget_50,seed_1,xgboost,0.4287472912289123,0.0,0.2,0.03611729999829549
split_fidelity,credit_g\gaindistill_path_hybrid\budget_50\seed_2\split_fidelity.json,credit_g,gaindistill_path_hybrid,budget_50,seed_2,xgboost,0.6213870160537798,0.0,0.6,0.032758400000602705
split_fidelity,credit_g\gain_herding\budget_10\seed_0\split_fidelity.json,credit_g,gain_herding,budget_10,seed_0,xgboost,0.14628356282215974,0.0,0.2,0.027673299999150913
split_fidelity,credit_g\gain_herding\budget_10\seed_1\split_fidelity.json,credit_g,gain_herding,budget_10,seed_1,xgboost,0.20725711421514403,0.0,0.2,0.02411239999855752
split_fidelity,credit_g\gain_herding\budget_10\seed_2\split_fidelity.json,credit_g,gain_herding,budget_10,seed_2,xgboost,0.40327859674330985,0.0,0.6,0.02340560000084224
split_fidelity,credit_g\gain_herding\budget_100\seed_0\split_fidelity.json,credit_g,gain_herding,budget_100,seed_0,xgboost,0.49084453795325306,0.0,0.0,0.039564300001075026
split_fidelity,credit_g\gain_herding\budget_100\seed_1\split_fidelity.json,credit_g,gain_herding,budget_100,seed_1,xgboost,0.3235585160221432,0.0,0.2,0.036223600000084843
split_fidelity,credit_g\gain_herding\budget_100\seed_2\split_fidelity.json,credit_g,gain_herding,budget_100,seed_2,xgboost,0.2819811651338537,0.0,0.0,0.03916100000060396
split_fidelity,credit_g\gain_herding\budget_25\seed_0\split_fidelity.json,credit_g,gain_herding,budget_25,seed_0,xgboost,0.033690134924892846,0.0,0.2,0.03305769999860786
split_fidelity,credit_g\gain_herding\budget_25\seed_1\split_fidelity.json,credit_g,gain_herding,budget_25,seed_1,xgboost,0.2305567416961964,0.0,0.0,0.023273600003449246
split_fidelity,credit_g\gain_herding\budget_25\seed_2\split_fidelity.json,credit_g,gain_herding,budget_25,seed_2,xgboost,0.3529764507137728,0.0,0.0,0.021580999993602745
split_fidelity,credit_g\gain_herding\budget_50\seed_0\split_fidelity.json,credit_g,gain_herding,budget_50,seed_0,xgboost,0.20236827225705992,0.0,0.2,0.0238173999969149
split_fidelity,credit_g\gain_herding\budget_50\seed_1\split_fidelity.json,credit_g,gain_herding,budget_50,seed_1,xgboost,0.1592327874810583,0.0,0.0,0.026391299994429573
split_fidelity,credit_g\gain_herding\budget_50\seed_2\split_fidelity.json,credit_g,gain_herding,budget_50,seed_2,xgboost,0.34195487418981796,0.0,0.0,0.024118500004988164
split_fidelity,credit_g\gain_path_diverse\budget_25\seed_0\split_fidelity.json,credit_g,gain_path_diverse,budget_25,seed_0,xgboost,0.3130788123515106,0.0,0.0,0.027781600001617335
split_fidelity,credit_g\gain_path_diverse\budget_50\seed_0\split_fidelity.json,credit_g,gain_path_diverse,budget_50,seed_0,xgboost,0.3810657190122798,0.0,0.0,0.03597309999895515
split_fidelity,credit_g\gain_path_dual\budget_25\seed_0\split_fidelity.json,credit_g,gain_path_dual,budget_25,seed_0,xgboost,0.17323321367739736,0.0,0.0,0.02890290000141249
split_fidelity,credit_g\gain_path_dual\budget_50\seed_0\split_fidelity.json,credit_g,gain_path_dual,budget_50,seed_0,xgboost,0.34738928758295345,0.0,0.0,0.029140900001948467
split_fidelity,credit_g\gain_path_herding\budget_10\seed_0\split_fidelity.json,credit_g,gain_path_herding,budget_10,seed_0,xgboost,0.13956612874746163,0.0,0.0,0.023174500001914566
split_fidelity,credit_g\gain_path_herding\budget_10\seed_1\split_fidelity.json,credit_g,gain_path_herding,budget_10,seed_1,xgboost,0.35129834271795946,0.0,0.0,0.020753199998580385
split_fidelity,credit_g\gain_path_herding\budget_10\seed_2\split_fidelity.json,credit_g,gain_path_herding,budget_10,seed_2,xgboost,0.41167778784120473,0.0,0.0,0.02373749999969732
split_fidelity,credit_g\gain_path_herding\budget_100\seed_0\split_fidelity.json,credit_g,gain_path_herding,budget_100,seed_0,xgboost,0.3910779447056117,0.0,0.0,0.04742679999981192
split_fidelity,credit_g\gain_path_herding\budget_100\seed_1\split_fidelity.json,credit_g,gain_path_herding,budget_100,seed_1,xgboost,0.3041521297830353,0.0,0.0,0.034493200000724755
split_fidelity,credit_g\gain_path_herding\budget_100\seed_2\split_fidelity.json,credit_g,gain_path_herding,budget_100,seed_2,xgboost,0.315705058736833,0.0,0.0,0.03322009999828879
split_fidelity,credit_g\gain_path_herding\budget_25\seed_0\split_fidelity.json,credit_g,gain_path_herding,budget_25,seed_0,xgboost,0.37354978507489855,0.0,0.2,0.02273290000448469
split_fidelity,credit_g\gain_path_herding\budget_25\seed_1\split_fidelity.json,credit_g,gain_path_herding,budget_25,seed_1,xgboost,0.42393741408000807,0.0,0.0,0.021727800005464815
split_fidelity,credit_g\gain_path_herding\budget_25\seed_2\split_fidelity.json,credit_g,gain_path_herding,budget_25,seed_2,xgboost,0.4290905940997482,0.0,0.2,0.023237800007336773
split_fidelity,credit_g\gain_path_herding\budget_50\seed_0\split_fidelity.json,credit_g,gain_path_herding,budget_50,seed_0,xgboost,0.4845474359717033,0.0,0.0,0.02368499999283813
split_fidelity,credit_g\gain_path_herding\budget_50\seed_1\split_fidelity.json,credit_g,gain_path_herding,budget_50,seed_1,xgboost,0.3866745076308037,0.0,0.0,0.02329029999964405
split_fidelity,credit_g\gain_path_herding\budget_50\seed_2\split_fidelity.json,credit_g,gain_path_herding,budget_50,seed_2,xgboost,0.3263277293402991,0.0,0.0,0.022544800012838095
split_fidelity,credit_g\gain_path_prior_weighted\budget_25\seed_0\split_fidelity.json,credit_g,gain_path_prior_weighted,budget_25,seed_0,xgboost,0.41265833631538046,0.0,0.2,0.0326915999976336
split_fidelity,credit_g\gain_path_prior_weighted\budget_25\seed_1\split_fidelity.json,credit_g,gain_path_prior_weighted,budget_25,seed_1,xgboost,0.43680747789729873,0.0,0.0,0.024005300001590513
split_fidelity,credit_g\gain_path_prior_weighted\budget_25\seed_2\split_fidelity.json,credit_g,gain_path_prior_weighted,budget_25,seed_2,xgboost,0.5096055895644325,0.0,0.0,0.02275519999966491
split_fidelity,credit_g\gain_path_prior_weighted\budget_50\seed_0\split_fidelity.json,credit_g,gain_path_prior_weighted,budget_50,seed_0,xgboost,0.4390231073468194,0.0,0.0,0.03143439999985276
split_fidelity,credit_g\gain_path_prior_weighted\budget_50\seed_1\split_fidelity.json,credit_g,gain_path_prior_weighted,budget_50,seed_1,xgboost,0.44026825144614906,0.0,0.0,0.02896629999668221
split_fidelity,credit_g\gain_path_prior_weighted\budget_50\seed_2\split_fidelity.json,credit_g,gain_path_prior_weighted,budget_50,seed_2,xgboost,0.3841402180531284,0.0,0.0,0.02602130000013858
split_fidelity,credit_g\gain_path_refined\budget_25\seed_0\split_fidelity.json,credit_g,gain_path_refined,budget_25,seed_0,xgboost,0.40053126281170914,0.0,0.0,0.018808599998010322
split_fidelity,credit_g\gain_path_refined\budget_25\seed_1\split_fidelity.json,credit_g,gain_path_refined,budget_25,seed_1,xgboost,0.3729766262355088,0.0,0.0,0.02460820000851527
split_fidelity,credit_g\gain_path_refined\budget_25\seed_2\split_fidelity.json,credit_g,gain_path_refined,budget_25,seed_2,xgboost,0.45055758894313586,0.0,0.0,0.020807400011108257
split_fidelity,credit_g\gain_path_refined\budget_50\seed_0\split_fidelity.json,credit_g,gain_path_refined,budget_50,seed_0,xgboost,0.3756809089106362,0.0,0.0,0.023061500003677793
split_fidelity,credit_g\gain_path_refined\budget_50\seed_1\split_fidelity.json,credit_g,gain_path_refined,budget_50,seed_1,xgboost,0.5126874132399335,0.0,0.2,0.02324169999337755
split_fidelity,credit_g\gain_path_refined\budget_50\seed_2\split_fidelity.json,credit_g,gain_path_refined,budget_50,seed_2,xgboost,0.4244110018678386,0.0,0.0,0.02323150000302121
split_fidelity,credit_g\gain_path_refined_weighted\budget_50\seed_0\split_fidelity.json,credit_g,gain_path_refined_weighted,budget_50,seed_0,xgboost,0.4253868483104229,0.0,0.0,0.017813400001614355
split_fidelity,credit_g\gain_path_safeguarded\budget_25\seed_0\split_fidelity.json,credit_g,gain_path_safeguarded,budget_25,seed_0,xgboost,0.40053126281170914,0.0,0.0,0.026065600002766587
split_fidelity,credit_g\gain_path_safeguarded\budget_25\seed_1\split_fidelity.json,credit_g,gain_path_safeguarded,budget_25,seed_1,xgboost,0.3729766262355088,0.0,0.0,0.021431800007121637
split_fidelity,credit_g\gain_path_safeguarded\budget_25\seed_2\split_fidelity.json,credit_g,gain_path_safeguarded,budget_25,seed_2,xgboost,0.45055758894313586,0.0,0.0,0.022843500002636574
split_fidelity,credit_g\gain_path_safeguarded\budget_50\seed_0\split_fidelity.json,credit_g,gain_path_safeguarded,budget_50,seed_0,xgboost,0.3756809089106362,0.0,0.0,0.026370600011432543
split_fidelity,credit_g\gain_path_safeguarded\budget_50\seed_1\split_fidelity.json,credit_g,gain_path_safeguarded,budget_50,seed_1,xgboost,0.5126874132399335,0.0,0.2,0.026575100011541508
split_fidelity,credit_g\gain_path_safeguarded\budget_50\seed_2\split_fidelity.json,credit_g,gain_path_safeguarded,budget_50,seed_2,xgboost,0.4244110018678386,0.0,0.0,0.026085399993462488
split_fidelity,credit_g\gain_weighted_coreset\budget_10\seed_0\split_fidelity.json,credit_g,gain_weighted_coreset,budget_10,seed_0,xgboost,0.07941919472744437,0.0,0.0,0.03220280000095954
split_fidelity,credit_g\gain_weighted_coreset\budget_10\seed_1\split_fidelity.json,credit_g,gain_weighted_coreset,budget_10,seed_1,xgboost,-0.0043071001548374704,0.0,0.0,0.05649960000118881
split_fidelity,credit_g\gain_weighted_coreset\budget_10\seed_2\split_fidelity.json,credit_g,gain_weighted_coreset,budget_10,seed_2,xgboost,0.07808000929151943,0.0,0.0,0.023610600001120474
split_fidelity,credit_g\gain_weighted_coreset\budget_100\seed_0\split_fidelity.json,credit_g,gain_weighted_coreset,budget_100,seed_0,xgboost,0.46964725993622414,0.0,0.2,0.036598300001060124
split_fidelity,credit_g\gain_weighted_coreset\budget_100\seed_1\split_fidelity.json,credit_g,gain_weighted_coreset,budget_100,seed_1,xgboost,0.4983518495910146,0.0,0.2,0.0393461000003299
split_fidelity,credit_g\gain_weighted_coreset\budget_100\seed_2\split_fidelity.json,credit_g,gain_weighted_coreset,budget_100,seed_2,xgboost,0.5306619487108365,0.0,0.4,0.0410967999996501
split_fidelity,credit_g\gain_weighted_coreset\budget_25\seed_0\split_fidelity.json,credit_g,gain_weighted_coreset,budget_25,seed_0,xgboost,0.3654367094312147,0.0,0.0,0.020960800000466406
split_fidelity,credit_g\gain_weighted_coreset\budget_25\seed_1\split_fidelity.json,credit_g,gain_weighted_coreset,budget_25,seed_1,xgboost,0.34957179777346914,0.0,0.0,0.03590240000085032
split_fidelity,credit_g\gain_weighted_coreset\budget_25\seed_2\split_fidelity.json,credit_g,gain_weighted_coreset,budget_25,seed_2,xgboost,0.4538771505852341,0.0,0.4,0.032850699999471544
split_fidelity,credit_g\gain_weighted_coreset\budget_50\seed_0\split_fidelity.json,credit_g,gain_weighted_coreset,budget_50,seed_0,xgboost,0.336230645320359,0.0,0.4,0.03993769999942742
split_fidelity,credit_g\gain_weighted_coreset\budget_50\seed_1\split_fidelity.json,credit_g,gain_weighted_coreset,budget_50,seed_1,xgboost,0.418315681687994,0.0,0.0,0.03693559999919671
split_fidelity,credit_g\gain_weighted_coreset\budget_50\seed_2\split_fidelity.json,credit_g,gain_weighted_coreset,budget_50,seed_2,xgboost,0.3437298768933785,0.0,0.4,0.03811700000005658
split_fidelity,credit_g\gradient_sampling\budget_10\seed_0\split_fidelity.json,credit_g,gradient_sampling,budget_10,seed_0,xgboost,-0.057673531793010775,0.0,0.0,0.03470789999937551
split_fidelity,credit_g\gradient_sampling\budget_10\seed_1\split_fidelity.json,credit_g,gradient_sampling,budget_10,seed_1,xgboost,0.03710622341436735,0.0,0.0,0.04673000000002503
split_fidelity,credit_g\gradient_sampling\budget_10\seed_2\split_fidelity.json,credit_g,gradient_sampling,budget_10,seed_2,xgboost,-0.18143596087788696,0.0,0.0,0.05044069999985368
split_fidelity,credit_g\gradient_sampling\budget_100\seed_0\split_fidelity.json,credit_g,gradient_sampling,budget_100,seed_0,xgboost,0.121450808544029,0.0,0.2,0.060818299999482406
split_fidelity,credit_g\gradient_sampling\budget_100\seed_1\split_fidelity.json,credit_g,gradient_sampling,budget_100,seed_1,xgboost,-0.04095280728170486,0.0,0.0,0.05903400000079273
split_fidelity,credit_g\gradient_sampling\budget_100\seed_2\split_fidelity.json,credit_g,gradient_sampling,budget_100,seed_2,xgboost,0.13792971539324694,0.0,0.0,0.056080800000017916
split_fidelity,credit_g\gradient_sampling\budget_25\seed_0\split_fidelity.json,credit_g,gradient_sampling,budget_25,seed_0,xgboost,0.019140549267873376,0.0,0.2,0.04365019999931974
split_fidelity,credit_g\gradient_sampling\budget_25\seed_1\split_fidelity.json,credit_g,gradient_sampling,budget_25,seed_1,xgboost,0.10142081513916922,0.0,0.0,0.04749499999979889
split_fidelity,credit_g\gradient_sampling\budget_25\seed_2\split_fidelity.json,credit_g,gradient_sampling,budget_25,seed_2,xgboost,0.05186177002410951,0.0,0.0,0.04668310000033671
split_fidelity,credit_g\gradient_sampling\budget_50\seed_0\split_fidelity.json,credit_g,gradient_sampling,budget_50,seed_0,xgboost,0.11967020179478113,0.0,0.2,0.06649049999941781
split_fidelity,credit_g\gradient_sampling\budget_50\seed_1\split_fidelity.json,credit_g,gradient_sampling,budget_50,seed_1,xgboost,0.2616398357623886,0.0,0.0,0.0513119999995979
split_fidelity,credit_g\gradient_sampling\budget_50\seed_2\split_fidelity.json,credit_g,gradient_sampling,budget_50,seed_2,xgboost,0.02906644989574692,0.0,0.0,0.0556098999995811
split_fidelity,credit_g\herding\budget_10\seed_0\split_fidelity.json,credit_g,herding,budget_10,seed_0,xgboost,0.06068873038448871,0.0,0.4,0.04854499999964901
split_fidelity,credit_g\herding\budget_10\seed_1\split_fidelity.json,credit_g,herding,budget_10,seed_1,xgboost,0.1670865525797452,0.0,0.0,0.025957800000469433
split_fidelity,credit_g\herding\budget_10\seed_2\split_fidelity.json,credit_g,herding,budget_10,seed_2,xgboost,0.24473930272346736,0.0,0.0,0.02224439999918104
split_fidelity,credit_g\herding\budget_100\seed_0\split_fidelity.json,credit_g,herding,budget_100,seed_0,xgboost,0.2957203816341888,0.0,0.2,0.047460799999498704
split_fidelity,credit_g\herding\budget_100\seed_1\split_fidelity.json,credit_g,herding,budget_100,seed_1,xgboost,0.3551594763780281,0.0,0.0,0.03279090000069118
split_fidelity,credit_g\herding\budget_100\seed_2\split_fidelity.json,credit_g,herding,budget_100,seed_2,xgboost,0.39694104982793205,0.0,0.0,0.03841810000085388
split_fidelity,credit_g\herding\budget_25\seed_0\split_fidelity.json,credit_g,herding,budget_25,seed_0,xgboost,0.4100670719578112,0.0,0.0,0.021038799997768365
split_fidelity,credit_g\herding\budget_25\seed_1\split_fidelity.json,credit_g,herding,budget_25,seed_1,xgboost,0.4366397684987327,0.0,0.0,0.019030399998882785
split_fidelity,credit_g\herding\budget_25\seed_2\split_fidelity.json,credit_g,herding,budget_25,seed_2,xgboost,0.4231476523754028,0.0,0.0,0.023145400002249517
split_fidelity,credit_g\herding\budget_50\seed_0\split_fidelity.json,credit_g,herding,budget_50,seed_0,xgboost,0.31743078250921586,0.0,0.2,0.025483499994152226
split_fidelity,credit_g\herding\budget_50\seed_1\split_fidelity.json,credit_g,herding,budget_50,seed_1,xgboost,0.2869268222615818,0.0,0.2,0.02295369999774266
split_fidelity,credit_g\herding\budget_50\seed_2\split_fidelity.json,credit_g,herding,budget_50,seed_2,xgboost,0.3485535936554378,0.0,0.2,0.023726700004772283
split_fidelity,credit_g\k_center\budget_10\seed_0\split_fidelity.json,credit_g,k_center,budget_10,seed_0,xgboost,0.13327809809822194,0.0,0.2,0.020028700000011668
split_fidelity,credit_g\k_center\budget_10\seed_1\split_fidelity.json,credit_g,k_center,budget_10,seed_1,xgboost,0.14474653156338,0.0,0.0,0.034408499999699416
split_fidelity,credit_g\k_center\budget_10\seed_2\split_fidelity.json,credit_g,k_center,budget_10,seed_2,xgboost,0.0803158071231913,0.0,0.0,0.043631900000036694
split_fidelity,credit_g\k_center\budget_100\seed_0\split_fidelity.json,credit_g,k_center,budget_100,seed_0,xgboost,0.28175153686840465,0.0,0.2,0.047717200000079174
split_fidelity,credit_g\k_center\budget_100\seed_1\split_fidelity.json,credit_g,k_center,budget_100,seed_1,xgboost,0.42052395082903965,0.0,0.2,0.05651750000015454
split_fidelity,credit_g\k_center\budget_100\seed_2\split_fidelity.json,credit_g,k_center,budget_100,seed_2,xgboost,0.43350249923492806,0.0,0.4,0.05460080000011658
split_fidelity,credit_g\k_center\budget_25\seed_0\split_fidelity.json,credit_g,k_center,budget_25,seed_0,xgboost,0.3093815854415379,0.0,0.0,0.06372319999991305
split_fidelity,credit_g\k_center\budget_25\seed_1\split_fidelity.json,credit_g,k_center,budget_25,seed_1,xgboost,0.08803231267889947,0.0,0.0,0.04868369999985589
split_fidelity,credit_g\k_center\budget_25\seed_2\split_fidelity.json,credit_g,k_center,budget_25,seed_2,xgboost,0.4451089471471303,0.0,0.0,0.05078409999987343
split_fidelity,credit_g\k_center\budget_50\seed_0\split_fidelity.json,credit_g,k_center,budget_50,seed_0,xgboost,0.27928123397976334,0.0,0.4,0.04912569999942207
split_fidelity,credit_g\k_center\budget_50\seed_1\split_fidelity.json,credit_g,k_center,budget_50,seed_1,xgboost,0.2612505680452395,0.0,0.0,0.049786699999458506
split_fidelity,credit_g\k_center\budget_50\seed_2\split_fidelity.json,credit_g,k_center,budget_50,seed_2,xgboost,0.28192352444396424,0.0,0.4,0.047897200000079465
split_fidelity,credit_g\math_full\budget_50\seed_0\split_fidelity.json,credit_g,math_full,budget_50,seed_0,xgboost,0.26668288465538975,0.0,0.0,0.03544139999939944
split_fidelity,credit_g\math_no_anchor\budget_50\seed_0\split_fidelity.json,credit_g,math_no_anchor,budget_50,seed_0,xgboost,0.22849609946571237,0.0,0.2,0.032025600001361454
split_fidelity,credit_g\math_no_hist\budget_50\seed_0\split_fidelity.json,credit_g,math_no_hist,budget_50,seed_0,xgboost,0.304501477701365,0.0,0.4,0.03603349999684724
split_fidelity,credit_g\math_no_newton\budget_50\seed_0\split_fidelity.json,credit_g,math_no_newton,budget_50,seed_0,xgboost,0.24062014076904661,0.0,0.2,0.02792530000078841
split_fidelity,credit_g\math_no_probes\budget_50\seed_0\split_fidelity.json,credit_g,math_no_probes,budget_50,seed_0,xgboost,0.3444108761347916,0.0,0.0,0.03075859999808017
split_fidelity,credit_g\math_no_soft_routing\budget_50\seed_0\split_fidelity.json,credit_g,math_no_soft_routing,budget_50,seed_0,xgboost,0.18318216635151535,0.0,0.0,0.039893599998322316
split_fidelity,credit_g\math_root_only\budget_50\seed_0\split_fidelity.json,credit_g,math_root_only,budget_50,seed_0,xgboost,0.31379832932984364,0.0,0.0,0.03895360000024084
split_fidelity,credit_g\math_tuned\budget_50\seed_0\split_fidelity.json,credit_g,math_tuned,budget_50,seed_0,xgboost,0.26994401507103716,0.0,0.4,0.04068129999723169
split_fidelity,credit_g\math_tuned_more_probes\budget_50\seed_0\split_fidelity.json,credit_g,math_tuned_more_probes,budget_50,seed_0,xgboost,0.323910463562234,0.0,0.2,0.03779919999942649
split_fidelity,credit_g\math_tuned_no_anchor\budget_50\seed_0\split_fidelity.json,credit_g,math_tuned_no_anchor,budget_50,seed_0,xgboost,0.31289099869000625,0.0,0.2,0.03297960000054445
split_fidelity,credit_g\math_tuned_no_hist\budget_50\seed_0\split_fidelity.json,credit_g,math_tuned_no_hist,budget_50,seed_0,xgboost,0.354352064014749,0.0,0.4,0.030824800000118557
split_fidelity,credit_g\random\budget_10\seed_0\split_fidelity.json,credit_g,random,budget_10,seed_0,xgboost,-0.031096666008205428,0.0,0.0,0.017510700000002544
split_fidelity,credit_g\random\budget_10\seed_1\split_fidelity.json,credit_g,random,budget_10,seed_1,xgboost,-0.10587801593288365,0.0,0.0,0.02210439999907976
split_fidelity,credit_g\random\budget_10\seed_2\split_fidelity.json,credit_g,random,budget_10,seed_2,xgboost,0.04743504143579546,0.0,0.2,0.02019500000096741
split_fidelity,credit_g\random\budget_100\seed_0\split_fidelity.json,credit_g,random,budget_100,seed_0,xgboost,0.16665242118412835,1.0,0.2,0.04825500000060856
split_fidelity,credit_g\random\budget_100\seed_1\split_fidelity.json,credit_g,random,budget_100,seed_1,xgboost,0.3244585054452219,0.0,0.0,0.02969939999820781
split_fidelity,credit_g\random\budget_100\seed_2\split_fidelity.json,credit_g,random,budget_100,seed_2,xgboost,0.21912681612848192,0.0,0.0,0.029840799998055445
split_fidelity,credit_g\random\budget_25\seed_0\split_fidelity.json,credit_g,random,budget_25,seed_0,xgboost,0.5207857325309907,0.0,0.2,0.023014099991996773
split_fidelity,credit_g\random\budget_25\seed_1\split_fidelity.json,credit_g,random,budget_25,seed_1,xgboost,0.19085264516277442,0.0,0.2,0.019547700008843094
split_fidelity,credit_g\random\budget_25\seed_2\split_fidelity.json,credit_g,random,budget_25,seed_2,xgboost,0.18383437467739977,0.0,0.2,0.0210017999925185
split_fidelity,credit_g\random\budget_50\seed_0\split_fidelity.json,credit_g,random,budget_50,seed_0,xgboost,0.07758385467211859,0.0,0.4,0.023003199996310286
split_fidelity,credit_g\random\budget_50\seed_1\split_fidelity.json,credit_g,random,budget_50,seed_1,xgboost,0.28430546531064615,0.0,0.0,0.01777340000262484
split_fidelity,credit_g\random\budget_50\seed_2\split_fidelity.json,credit_g,random,budget_50,seed_2,xgboost,0.16619463918507285,0.0,0.0,0.016431100011686794
split_fidelity,credit_g\refined_no_conf\budget_25\seed_0\split_fidelity.json,credit_g,refined_no_conf,budget_25,seed_0,xgboost,0.3904926278943626,0.0,0.0,0.01675810000006095
split_fidelity,credit_g\refined_no_conf\budget_25\seed_1\split_fidelity.json,credit_g,refined_no_conf,budget_25,seed_1,xgboost,0.3071933864007495,0.0,0.0,0.016617699999983415
split_fidelity,credit_g\refined_no_conf\budget_25\seed_2\split_fidelity.json,credit_g,refined_no_conf,budget_25,seed_2,xgboost,0.45055758894313586,0.0,0.0,0.017987100000027567
split_fidelity,credit_g\refined_no_conf\budget_50\seed_0\split_fidelity.json,credit_g,refined_no_conf,budget_50,seed_0,xgboost,0.4563266379565404,0.0,0.0,0.01742880000006153
split_fidelity,credit_g\refined_no_conf\budget_50\seed_1\split_fidelity.json,credit_g,refined_no_conf,budget_50,seed_1,xgboost,0.4145627060373539,0.0,0.0,0.017751700000076198
split_fidelity,credit_g\refined_no_conf\budget_50\seed_2\split_fidelity.json,credit_g,refined_no_conf,budget_50,seed_2,xgboost,0.2981078366994204,0.0,0.2,0.018676400000003923
split_fidelity,credit_g\refined_no_gain_weight\budget_25\seed_0\split_fidelity.json,credit_g,refined_no_gain_weight,budget_25,seed_0,xgboost,0.40053126281170914,0.0,0.0,0.01660889999993742
split_fidelity,credit_g\refined_no_gain_weight\budget_25\seed_1\split_fidelity.json,credit_g,refined_no_gain_weight,budget_25,seed_1,xgboost,0.3729766262355088,0.0,0.0,0.019376400000055582
split_fidelity,credit_g\refined_no_gain_weight\budget_25\seed_2\split_fidelity.json,credit_g,refined_no_gain_weight,budget_25,seed_2,xgboost,0.45055758894313586,0.0,0.0,0.023493500000085987
split_fidelity,credit_g\refined_no_gain_weight\budget_50\seed_0\split_fidelity.json,credit_g,refined_no_gain_weight,budget_50,seed_0,xgboost,0.3756809089106362,0.0,0.0,0.02503430000001572
split_fidelity,credit_g\refined_no_gain_weight\budget_50\seed_1\split_fidelity.json,credit_g,refined_no_gain_weight,budget_50,seed_1,xgboost,0.5126874132399335,0.0,0.2,0.025867899999980182
split_fidelity,credit_g\refined_no_gain_weight\budget_50\seed_2\split_fidelity.json,credit_g,refined_no_gain_weight,budget_50,seed_2,xgboost,0.4244110018678386,0.0,0.0,0.022952299999928982
split_fidelity,credit_g\refined_no_grad\budget_25\seed_0\split_fidelity.json,credit_g,refined_no_grad,budget_25,seed_0,xgboost,0.38303384171415544,0.0,0.2,0.019305100000110542
split_fidelity,credit_g\refined_no_grad\budget_25\seed_1\split_fidelity.json,credit_g,refined_no_grad,budget_25,seed_1,xgboost,0.3177850734457818,0.0,0.0,0.018893299999945157
split_fidelity,credit_g\refined_no_grad\budget_25\seed_2\split_fidelity.json,credit_g,refined_no_grad,budget_25,seed_2,xgboost,0.5391223304900594,0.0,0.0,0.020638899999994464
split_fidelity,credit_g\refined_no_grad\budget_50\seed_0\split_fidelity.json,credit_g,refined_no_grad,budget_50,seed_0,xgboost,0.3402172340862785,0.0,0.0,0.019494300000019393
split_fidelity,credit_g\refined_no_grad\budget_50\seed_1\split_fidelity.json,credit_g,refined_no_grad,budget_50,seed_1,xgboost,0.3909063150338438,0.0,0.0,0.020171100000084152
split_fidelity,credit_g\refined_no_grad\budget_50\seed_2\split_fidelity.json,credit_g,refined_no_grad,budget_50,seed_2,xgboost,0.3225647972735249,0.0,0.2,0.01867980000008629
split_fidelity,credit_g\refined_no_hess\budget_25\seed_0\split_fidelity.json,credit_g,refined_no_hess,budget_25,seed_0,xgboost,0.45230009578585884,0.0,0.2,0.017183000000045467
split_fidelity,credit_g\refined_no_hess\budget_25\seed_1\split_fidelity.json,credit_g,refined_no_hess,budget_25,seed_1,xgboost,0.22702519368798516,0.0,0.0,0.01793309999993653
split_fidelity,credit_g\refined_no_hess\budget_25\seed_2\split_fidelity.json,credit_g,refined_no_hess,budget_25,seed_2,xgboost,0.2585154922090684,0.0,0.0,0.01861660000008669
split_fidelity,credit_g\refined_no_hess\budget_50\seed_0\split_fidelity.json,credit_g,refined_no_hess,budget_50,seed_0,xgboost,0.37181366908839875,0.0,0.0,0.01817330000005768
split_fidelity,credit_g\refined_no_hess\budget_50\seed_1\split_fidelity.json,credit_g,refined_no_hess,budget_50,seed_1,xgboost,0.26861561515830745,0.0,0.0,0.020410699999956705
split_fidelity,credit_g\refined_no_hess\budget_50\seed_2\split_fidelity.json,credit_g,refined_no_hess,budget_50,seed_2,xgboost,0.4537467850082108,0.0,0.0,0.01876839999999902
split_fidelity,credit_g\refined_no_path\budget_25\seed_0\split_fidelity.json,credit_g,refined_no_path,budget_25,seed_0,xgboost,0.22370891025338727,0.0,0.2,0.02252510000005259
split_fidelity,credit_g\refined_no_path\budget_25\seed_1\split_fidelity.json,credit_g,refined_no_path,budget_25,seed_1,xgboost,0.2803527455070643,0.0,0.0,0.02412739999999758
split_fidelity,credit_g\refined_no_path\budget_25\seed_2\split_fidelity.json,credit_g,refined_no_path,budget_25,seed_2,xgboost,0.3741537884428581,0.0,0.0,0.022775799999976698
split_fidelity,credit_g\refined_no_path\budget_50\seed_0\split_fidelity.json,credit_g,refined_no_path,budget_50,seed_0,xgboost,0.21942351441030772,0.0,0.2,0.021639100000015787
split_fidelity,credit_g\refined_no_path\budget_50\seed_1\split_fidelity.json,credit_g,refined_no_path,budget_50,seed_1,xgboost,0.36694788745723705,0.0,0.0,0.021703999999999724
split_fidelity,credit_g\refined_no_path\budget_50\seed_2\split_fidelity.json,credit_g,refined_no_path,budget_50,seed_2,xgboost,0.2947772246903459,0.0,0.0,0.02228930000001128
split_fidelity,credit_g\refined_no_raw\budget_25\seed_0\split_fidelity.json,credit_g,refined_no_raw,budget_25,seed_0,xgboost,0.30336243858306616,1.0,0.4,0.015911899999991874
split_fidelity,credit_g\refined_no_raw\budget_25\seed_1\split_fidelity.json,credit_g,refined_no_raw,budget_25,seed_1,xgboost,0.43641411777829237,0.0,0.0,0.015566700000022138
split_fidelity,credit_g\refined_no_raw\budget_25\seed_2\split_fidelity.json,credit_g,refined_no_raw,budget_25,seed_2,xgboost,0.3878129754703939,0.0,0.0,0.014984600000047976
split_fidelity,credit_g\refined_no_raw\budget_50\seed_0\split_fidelity.json,credit_g,refined_no_raw,budget_50,seed_0,xgboost,0.38764185307293086,0.0,0.2,0.021609399999988455
split_fidelity,credit_g\refined_no_raw\budget_50\seed_1\split_fidelity.json,credit_g,refined_no_raw,budget_50,seed_1,xgboost,0.4863371756070521,0.0,0.2,0.019837899999970432
split_fidelity,credit_g\refined_no_raw\budget_50\seed_2\split_fidelity.json,credit_g,refined_no_raw,budget_50,seed_2,xgboost,0.37432177614351386,0.0,0.0,0.017810199999985343
split_fidelity,credit_g\refined_no_refine\budget_25\seed_0\split_fidelity.json,credit_g,refined_no_refine,budget_25,seed_0,xgboost,0.37354978507489855,0.0,0.2,0.018962599999895247
split_fidelity,credit_g\refined_no_refine\budget_25\seed_1\split_fidelity.json,credit_g,refined_no_refine,budget_25,seed_1,xgboost,0.42393741408000807,0.0,0.0,0.015871800000013536
split_fidelity,credit_g\refined_no_refine\budget_25\seed_2\split_fidelity.json,credit_g,refined_no_refine,budget_25,seed_2,xgboost,0.4290905940997482,0.0,0.2,0.015314300000000003
split_fidelity,credit_g\refined_no_refine\budget_50\seed_0\split_fidelity.json,credit_g,refined_no_refine,budget_50,seed_0,xgboost,0.4845474359717033,0.0,0.0,0.018210800000019844
split_fidelity,credit_g\refined_no_refine\budget_50\seed_1\split_fidelity.json,credit_g,refined_no_refine,budget_50,seed_1,xgboost,0.3866745076308037,0.0,0.0,0.01987070000006952
split_fidelity,credit_g\refined_no_refine\budget_50\seed_2\split_fidelity.json,credit_g,refined_no_refine,budget_50,seed_2,xgboost,0.3263277293402991,0.0,0.0,0.019187200000033044
split_fidelity,credit_g\refined_path_occupancy_only\budget_25\seed_0\split_fidelity.json,credit_g,refined_path_occupancy_only,budget_25,seed_0,xgboost,0.38427651879606933,0.0,0.0,0.019191599999999198
split_fidelity,credit_g\refined_path_occupancy_only\budget_25\seed_1\split_fidelity.json,credit_g,refined_path_occupancy_only,budget_25,seed_1,xgboost,0.4752466850716667,0.0,0.0,0.015641599999980826
split_fidelity,credit_g\refined_path_occupancy_only\budget_25\seed_2\split_fidelity.json,credit_g,refined_path_occupancy_only,budget_25,seed_2,xgboost,0.25450473242330895,0.0,0.2,0.021185399999922083
split_fidelity,credit_g\refined_path_occupancy_only\budget_50\seed_0\split_fidelity.json,credit_g,refined_path_occupancy_only,budget_50,seed_0,xgboost,0.46200376084210293,0.0,0.0,0.018463899999915157
split_fidelity,credit_g\refined_path_occupancy_only\budget_50\seed_1\split_fidelity.json,credit_g,refined_path_occupancy_only,budget_50,seed_1,xgboost,0.44935452682308347,0.0,0.2,0.022074200000020028
split_fidelity,credit_g\refined_path_occupancy_only\budget_50\seed_2\split_fidelity.json,credit_g,refined_path_occupancy_only,budget_50,seed_2,xgboost,0.22822443143150706,0.0,0.0,0.019446199999947567
split_fidelity,credit_g\tree_region\budget_10\seed_0\split_fidelity.json,credit_g,tree_region,budget_10,seed_0,xgboost,-0.027463084203220366,0.0,0.0,0.01629179999997632
split_fidelity,credit_g\tree_region\budget_10\seed_1\split_fidelity.json,credit_g,tree_region,budget_10,seed_1,xgboost,0.03710622341436735,0.0,0.0,0.051973099999486294
split_fidelity,credit_g\tree_region\budget_10\seed_2\split_fidelity.json,credit_g,tree_region,budget_10,seed_2,xgboost,-0.18143596087788696,0.0,0.0,0.04124950000004901
split_fidelity,credit_g\tree_region\budget_100\seed_0\split_fidelity.json,credit_g,tree_region,budget_100,seed_0,xgboost,0.121450808544029,0.0,0.2,0.07536090000030526
split_fidelity,credit_g\tree_region\budget_100\seed_1\split_fidelity.json,credit_g,tree_region,budget_100,seed_1,xgboost,-0.04095280728170486,0.0,0.0,0.07452370000009978
split_fidelity,credit_g\tree_region\budget_100\seed_2\split_fidelity.json,credit_g,tree_region,budget_100,seed_2,xgboost,0.13792971539324694,0.0,0.0,0.05843720000029862
split_fidelity,credit_g\tree_region\budget_25\seed_0\split_fidelity.json,credit_g,tree_region,budget_25,seed_0,xgboost,0.019140549267873376,0.0,0.2,0.04516489999969053
split_fidelity,credit_g\tree_region\budget_25\seed_1\split_fidelity.json,credit_g,tree_region,budget_25,seed_1,xgboost,0.10142081513916922,0.0,0.0,0.04708779999964463
split_fidelity,credit_g\tree_region\budget_25\seed_2\split_fidelity.json,credit_g,tree_region,budget_25,seed_2,xgboost,0.05186177002410951,0.0,0.0,0.06558899999981804
split_fidelity,credit_g\tree_region\budget_50\seed_0\split_fidelity.json,credit_g,tree_region,budget_50,seed_0,xgboost,0.11967020179478113,0.0,0.2,0.049774600000091596
split_fidelity,credit_g\tree_region\budget_50\seed_1\split_fidelity.json,credit_g,tree_region,budget_50,seed_1,xgboost,0.2616398357623886,0.0,0.0,0.07319199999983539
split_fidelity,credit_g\tree_region\budget_50\seed_2\split_fidelity.json,credit_g,tree_region,budget_50,seed_2,xgboost,0.02906644989574692,0.0,0.0,0.06718170000021928
split_fidelity,diabetes\ablation_full\budget_50\seed_0\split_fidelity.json,diabetes,ablation_full,budget_50,seed_0,xgboost,-0.07369190885831438,0.0,0.0,0.05700810000053025
split_fidelity,diabetes\ablation_no_child\budget_50\seed_0\split_fidelity.json,diabetes,ablation_no_child,budget_50,seed_0,xgboost,0.16904506523414484,0.0,0.0,0.07639639999979408
split_fidelity,diabetes\ablation_no_entropy_anneal\budget_50\seed_0\split_fidelity.json,diabetes,ablation_no_entropy_anneal,budget_50,seed_0,xgboost,0.12202964055486015,0.0,0.0,0.08318990000043414
split_fidelity,diabetes\ablation_no_gain\budget_50\seed_0\split_fidelity.json,diabetes,ablation_no_gain,budget_50,seed_0,xgboost,-0.06177805478775755,1.0,0.4,0.11685909999960131
split_fidelity,diabetes\ablation_no_hist\budget_50\seed_0\split_fidelity.json,diabetes,ablation_no_hist,budget_50,seed_0,xgboost,0.10393994685799267,0.0,0.4,0.07713060000060068
split_fidelity,diabetes\ablation_no_margin\budget_50\seed_0\split_fidelity.json,diabetes,ablation_no_margin,budget_50,seed_0,xgboost,0.12625138234345415,0.0,0.0,0.060036099999706494
split_fidelity,diabetes\ablation_no_marginal\budget_50\seed_0\split_fidelity.json,diabetes,ablation_no_marginal,budget_50,seed_0,xgboost,0.11116828699378643,0.0,0.4,0.06909089999953721
split_fidelity,diabetes\ablation_no_newton\budget_50\seed_0\split_fidelity.json,diabetes,ablation_no_newton,budget_50,seed_0,xgboost,0.2049078587762741,0.0,0.2,0.1075074999998833
split_fidelity,diabetes\ablation_no_pairwise\budget_50\seed_0\split_fidelity.json,diabetes,ablation_no_pairwise,budget_50,seed_0,xgboost,0.15075260783281383,0.0,0.2,0.11444019999999
split_fidelity,diabetes\distribution_matching\budget_10\seed_0\split_fidelity.json,diabetes,distribution_matching,budget_10,seed_0,xgboost,0.016853439846219693,0.0,0.2,0.049259600000368664
split_fidelity,diabetes\distribution_matching\budget_10\seed_1\split_fidelity.json,diabetes,distribution_matching,budget_10,seed_1,xgboost,-0.06979404557539201,0.0,0.0,0.04996540000047389
split_fidelity,diabetes\distribution_matching\budget_10\seed_2\split_fidelity.json,diabetes,distribution_matching,budget_10,seed_2,xgboost,-0.022348387772266227,0.0,0.0,0.045192100000349456
split_fidelity,diabetes\distribution_matching\budget_100\seed_0\split_fidelity.json,diabetes,distribution_matching,budget_100,seed_0,xgboost,0.37098682892011775,0.0,0.2,0.07267349999983708
split_fidelity,diabetes\distribution_matching\budget_100\seed_1\split_fidelity.json,diabetes,distribution_matching,budget_100,seed_1,xgboost,0.20200682597165426,0.0,0.0,0.05271179999999731
split_fidelity,diabetes\distribution_matching\budget_100\seed_2\split_fidelity.json,diabetes,distribution_matching,budget_100,seed_2,xgboost,0.35106581246359925,0.0,0.2,0.07507110000005923
split_fidelity,diabetes\distribution_matching\budget_25\seed_0\split_fidelity.json,diabetes,distribution_matching,budget_25,seed_0,xgboost,0.15808867971162444,0.0,0.0,0.0429959000002782
split_fidelity,diabetes\distribution_matching\budget_25\seed_1\split_fidelity.json,diabetes,distribution_matching,budget_25,seed_1,xgboost,0.05973114086158252,0.0,0.2,0.042682099999183265
split_fidelity,diabetes\distribution_matching\budget_25\seed_2\split_fidelity.json,diabetes,distribution_matching,budget_25,seed_2,xgboost,0.17504499324362857,0.0,0.2,0.04284969999935129
split_fidelity,diabetes\distribution_matching\budget_50\seed_0\split_fidelity.json,diabetes,distribution_matching,budget_50,seed_0,xgboost,0.15745990604303645,0.0,0.0,0.055034799999702955
split_fidelity,diabetes\distribution_matching\budget_50\seed_1\split_fidelity.json,diabetes,distribution_matching,budget_50,seed_1,xgboost,0.26882102020898063,0.0,0.2,0.05665880000015022
split_fidelity,diabetes\distribution_matching\budget_50\seed_2\split_fidelity.json,diabetes,distribution_matching,budget_50,seed_2,xgboost,0.2122073383808969,0.0,0.2,0.06415749999996478
split_fidelity,diabetes\full_data\budget_10\seed_0\split_fidelity.json,diabetes,full_data,budget_10,seed_0,xgboost,1.0,1.0,1.0,0.07429580000007263
split_fidelity,diabetes\full_data\budget_10\seed_1\split_fidelity.json,diabetes,full_data,budget_10,seed_1,xgboost,0.8935856030943058,1.0,0.6,0.07870099999945523
split_fidelity,diabetes\full_data\budget_10\seed_2\split_fidelity.json,diabetes,full_data,budget_10,seed_2,xgboost,0.8740477577169481,0.0,0.8,0.07921970000006695
split_fidelity,diabetes\full_data\budget_100\seed_0\split_fidelity.json,diabetes,full_data,budget_100,seed_0,xgboost,1.0,1.0,1.0,0.0851079000003665
split_fidelity,diabetes\full_data\budget_100\seed_1\split_fidelity.json,diabetes,full_data,budget_100,seed_1,xgboost,0.8935856030943058,1.0,0.6,0.08834699999988516
split_fidelity,diabetes\full_data\budget_100\seed_2\split_fidelity.json,diabetes,full_data,budget_100,seed_2,xgboost,0.8740477577169481,0.0,0.8,0.08641420000003563
split_fidelity,diabetes\full_data\budget_25\seed_0\split_fidelity.json,diabetes,full_data,budget_25,seed_0,xgboost,1.0,1.0,1.0,0.0872164000002158
split_fidelity,diabetes\full_data\budget_25\seed_1\split_fidelity.json,diabetes,full_data,budget_25,seed_1,xgboost,0.8935856030943058,1.0,0.6,0.08861440000055154
split_fidelity,diabetes\full_data\budget_25\seed_2\split_fidelity.json,diabetes,full_data,budget_25,seed_2,xgboost,0.8740477577169481,0.0,0.8,0.0877342999992834
split_fidelity,diabetes\full_data\budget_50\seed_0\split_fidelity.json,diabetes,full_data,budget_50,seed_0,xgboost,1.0,1.0,1.0,0.07413510000060342
split_fidelity,diabetes\full_data\budget_50\seed_1\split_fidelity.json,diabetes,full_data,budget_50,seed_1,xgboost,0.8935856030943058,1.0,0.6,0.08881040000051144
split_fidelity,diabetes\full_data\budget_50\seed_2\split_fidelity.json,diabetes,full_data,budget_50,seed_2,xgboost,0.8740477577169481,0.0,0.8,0.08386090000021795
split_fidelity,diabetes\gaindistill\budget_10\seed_0\split_fidelity.json,diabetes,gaindistill,budget_10,seed_0,xgboost,0.06896117642155096,0.0,0.0,0.04526739999982965
split_fidelity,diabetes\gaindistill\budget_10\seed_1\split_fidelity.json,diabetes,gaindistill,budget_10,seed_1,xgboost,-0.04009937322533266,1.0,0.2,0.03938139999991108
split_fidelity,diabetes\gaindistill\budget_10\seed_2\split_fidelity.json,diabetes,gaindistill,budget_10,seed_2,xgboost,-0.15123030778231908,0.0,0.2,0.03994239999974525
split_fidelity,diabetes\gaindistill\budget_100\seed_0\split_fidelity.json,diabetes,gaindistill,budget_100,seed_0,xgboost,-0.06372195614267015,1.0,0.4,0.047997399999985646
split_fidelity,diabetes\gaindistill\budget_100\seed_1\split_fidelity.json,diabetes,gaindistill,budget_100,seed_1,xgboost,-0.037873621133060566,0.0,0.0,0.04838629999994737
split_fidelity,diabetes\gaindistill\budget_100\seed_2\split_fidelity.json,diabetes,gaindistill,budget_100,seed_2,xgboost,-0.01646292210474231,0.0,0.2,0.04492889999983163
split_fidelity,diabetes\gaindistill\budget_25\seed_0\split_fidelity.json,diabetes,gaindistill,budget_25,seed_0,xgboost,0.004584767676517596,0.0,0.0,0.04519250000066677
split_fidelity,diabetes\gaindistill\budget_25\seed_1\split_fidelity.json,diabetes,gaindistill,budget_25,seed_1,xgboost,-0.028724515235484818,1.0,0.2,0.041054999999687425
split_fidelity,diabetes\gaindistill\budget_25\seed_2\split_fidelity.json,diabetes,gaindistill,budget_25,seed_2,xgboost,-0.022523293819591204,0.0,0.2,0.04488889999993262
split_fidelity,diabetes\gaindistill\budget_50\seed_0\split_fidelity.json,diabetes,gaindistill,budget_50,seed_0,xgboost,-0.07369190885831438,0.0,0.0,0.04080629999953089
split_fidelity,diabetes\gaindistill\budget_50\seed_1\split_fidelity.json,diabetes,gaindistill,budget_50,seed_1,xgboost,-0.05548962307037921,0.0,0.0,0.04169670000010228
split_fidelity,diabetes\gaindistill\budget_50\seed_2\split_fidelity.json,diabetes,gaindistill,budget_50,seed_2,xgboost,-0.09920848905876244,0.0,0.0,0.03823869999996532
split_fidelity,diabetes\gaindistill_hybrid\budget_10\seed_0\split_fidelity.json,diabetes,gaindistill_hybrid,budget_10,seed_0,xgboost,0.027837818825313082,0.0,0.0,0.02488410000114527
split_fidelity,diabetes\gaindistill_hybrid\budget_10\seed_1\split_fidelity.json,diabetes,gaindistill_hybrid,budget_10,seed_1,xgboost,0.17991681198550433,0.0,0.0,0.020575700000335928
split_fidelity,diabetes\gaindistill_hybrid\budget_10\seed_2\split_fidelity.json,diabetes,gaindistill_hybrid,budget_10,seed_2,xgboost,0.10882179386869574,0.0,0.0,0.02551309999944351
split_fidelity,diabetes\gaindistill_hybrid\budget_100\seed_0\split_fidelity.json,diabetes,gaindistill_hybrid,budget_100,seed_0,xgboost,0.5277767862801225,0.0,0.8,0.04593060000115656
split_fidelity,diabetes\gaindistill_hybrid\budget_100\seed_1\split_fidelity.json,diabetes,gaindistill_hybrid,budget_100,seed_1,xgboost,0.5073797178644767,0.0,0.2,0.04651750000084576
split_fidelity,diabetes\gaindistill_hybrid\budget_100\seed_2\split_fidelity.json,diabetes,gaindistill_hybrid,budget_100,seed_2,xgboost,0.590320326150262,0.0,0.4,0.043384900000091875
split_fidelity,diabetes\gaindistill_hybrid\budget_25\seed_0\split_fidelity.json,diabetes,gaindistill_hybrid,budget_25,seed_0,xgboost,0.4391103790186214,0.0,0.2,0.03470699999888893
split_fidelity,diabetes\gaindistill_hybrid\budget_25\seed_1\split_fidelity.json,diabetes,gaindistill_hybrid,budget_25,seed_1,xgboost,0.17022462415662667,0.0,0.2,0.029807200000504963
split_fidelity,diabetes\gaindistill_hybrid\budget_25\seed_2\split_fidelity.json,diabetes,gaindistill_hybrid,budget_25,seed_2,xgboost,0.05386815146107286,0.0,0.2,0.030394999999771244
split_fidelity,diabetes\gaindistill_hybrid\budget_50\seed_0\split_fidelity.json,diabetes,gaindistill_hybrid,budget_50,seed_0,xgboost,0.37130838762933976,0.0,0.2,0.03518190000067989
split_fidelity,diabetes\gaindistill_hybrid\budget_50\seed_1\split_fidelity.json,diabetes,gaindistill_hybrid,budget_50,seed_1,xgboost,0.42632376199941674,0.0,0.2,0.037437900000441005
split_fidelity,diabetes\gaindistill_hybrid\budget_50\seed_2\split_fidelity.json,diabetes,gaindistill_hybrid,budget_50,seed_2,xgboost,0.23726266744321486,0.0,0.2,0.049290699998891796
split_fidelity,diabetes\gaindistill_path_hybrid\budget_10\seed_0\split_fidelity.json,diabetes,gaindistill_path_hybrid,budget_10,seed_0,xgboost,0.03606385821753095,0.0,0.0,0.02720980000049167
split_fidelity,diabetes\gaindistill_path_hybrid\budget_10\seed_1\split_fidelity.json,diabetes,gaindistill_path_hybrid,budget_10,seed_1,xgboost,0.33117903259711323,0.0,0.0,0.022125000001324224
split_fidelity,diabetes\gaindistill_path_hybrid\budget_10\seed_2\split_fidelity.json,diabetes,gaindistill_path_hybrid,budget_10,seed_2,xgboost,0.13809675203901847,0.0,0.0,0.0244540000003326
split_fidelity,diabetes\gaindistill_path_hybrid\budget_100\seed_0\split_fidelity.json,diabetes,gaindistill_path_hybrid,budget_100,seed_0,xgboost,0.6142221319218006,0.0,0.0,0.0452419999983249
split_fidelity,diabetes\gaindistill_path_hybrid\budget_100\seed_1\split_fidelity.json,diabetes,gaindistill_path_hybrid,budget_100,seed_1,xgboost,0.5732944639743919,0.0,0.2,0.0503461000007519
split_fidelity,diabetes\gaindistill_path_hybrid\budget_100\seed_2\split_fidelity.json,diabetes,gaindistill_path_hybrid,budget_100,seed_2,xgboost,0.5492137449039022,0.0,0.2,0.05184980000012729
split_fidelity,diabetes\gaindistill_path_hybrid\budget_25\seed_0\split_fidelity.json,diabetes,gaindistill_path_hybrid,budget_25,seed_0,xgboost,0.17133129241135117,0.0,0.0,0.030906999998478568
split_fidelity,diabetes\gaindistill_path_hybrid\budget_25\seed_1\split_fidelity.json,diabetes,gaindistill_path_hybrid,budget_25,seed_1,xgboost,0.4697179009346212,0.0,0.0,0.038754000001063105
split_fidelity,diabetes\gaindistill_path_hybrid\budget_25\seed_2\split_fidelity.json,diabetes,gaindistill_path_hybrid,budget_25,seed_2,xgboost,0.16933367893952822,0.0,0.0,0.0364423999999417
split_fidelity,diabetes\gaindistill_path_hybrid\budget_50\seed_0\split_fidelity.json,diabetes,gaindistill_path_hybrid,budget_50,seed_0,xgboost,0.2009478204643935,0.0,0.2,0.030740000000150758
split_fidelity,diabetes\gaindistill_path_hybrid\budget_50\seed_1\split_fidelity.json,diabetes,gaindistill_path_hybrid,budget_50,seed_1,xgboost,0.4143970771712136,0.0,0.0,0.03119710000100895
split_fidelity,diabetes\gaindistill_path_hybrid\budget_50\seed_2\split_fidelity.json,diabetes,gaindistill_path_hybrid,budget_50,seed_2,xgboost,0.23476994758299358,0.0,0.2,0.033150699999168864
split_fidelity,diabetes\gain_herding\budget_10\seed_0\split_fidelity.json,diabetes,gain_herding,budget_10,seed_0,xgboost,0.0021202442909571528,0.0,0.0,0.028599699999176664
split_fidelity,diabetes\gain_herding\budget_10\seed_1\split_fidelity.json,diabetes,gain_herding,budget_10,seed_1,xgboost,0.16571598826104922,0.0,0.0,0.021395900002971757
split_fidelity,diabetes\gain_herding\budget_10\seed_2\split_fidelity.json,diabetes,gain_herding,budget_10,seed_2,xgboost,0.12286669951982608,0.0,0.0,0.026013499998953193
split_fidelity,diabetes\gain_herding\budget_100\seed_0\split_fidelity.json,diabetes,gain_herding,budget_100,seed_0,xgboost,0.46842592262269284,0.0,0.2,0.039970699999685166
split_fidelity,diabetes\gain_herding\budget_100\seed_1\split_fidelity.json,diabetes,gain_herding,budget_100,seed_1,xgboost,0.5220986645785969,0.0,0.2,0.03292039999723784
split_fidelity,diabetes\gain_herding\budget_100\seed_2\split_fidelity.json,diabetes,gain_herding,budget_100,seed_2,xgboost,0.5189050669772859,0.0,0.4,0.035956800002168166
split_fidelity,diabetes\gain_herding\budget_25\seed_0\split_fidelity.json,diabetes,gain_herding,budget_25,seed_0,xgboost,0.375409115960969,0.0,0.2,0.024818499994580634
split_fidelity,diabetes\gain_herding\budget_25\seed_1\split_fidelity.json,diabetes,gain_herding,budget_25,seed_1,xgboost,0.16708069658020652,0.0,0.2,0.02774879999924451
split_fidelity,diabetes\gain_herding\budget_25\seed_2\split_fidelity.json,diabetes,gain_herding,budget_25,seed_2,xgboost,0.0347064887616535,0.0,0.2,0.02873300001374446
split_fidelity,diabetes\gain_herding\budget_50\seed_0\split_fidelity.json,diabetes,gain_herding,budget_50,seed_0,xgboost,0.229980999673402,0.0,0.0,0.0265650000073947
split_fidelity,diabetes\gain_herding\budget_50\seed_1\split_fidelity.json,diabetes,gain_herding,budget_50,seed_1,xgboost,0.41217632378068497,0.0,0.2,0.03324270001030527
split_fidelity,diabetes\gain_herding\budget_50\seed_2\split_fidelity.json,diabetes,gain_herding,budget_50,seed_2,xgboost,0.34043098427489804,0.0,0.4,0.02846329999738373
split_fidelity,diabetes\gain_path_diverse\budget_25\seed_0\split_fidelity.json,diabetes,gain_path_diverse,budget_25,seed_0,xgboost,0.3516425587694006,1.0,0.2,0.028637800001888536
split_fidelity,diabetes\gain_path_diverse\budget_50\seed_0\split_fidelity.json,diabetes,gain_path_diverse,budget_50,seed_0,xgboost,0.3116093639360999,1.0,0.6,0.034330900001805276
split_fidelity,diabetes\gain_path_dual\budget_25\seed_0\split_fidelity.json,diabetes,gain_path_dual,budget_25,seed_0,xgboost,0.07231370360248303,0.0,0.0,0.024491000000125496
split_fidelity,diabetes\gain_path_dual\budget_50\seed_0\split_fidelity.json,diabetes,gain_path_dual,budget_50,seed_0,xgboost,0.46066110755870265,0.0,0.0,0.030911700003343867
split_fidelity,diabetes\gain_path_herding\budget_10\seed_0\split_fidelity.json,diabetes,gain_path_herding,budget_10,seed_0,xgboost,-0.014669485289580684,0.0,0.0,0.023792699998011813
split_fidelity,diabetes\gain_path_herding\budget_10\seed_1\split_fidelity.json,diabetes,gain_path_herding,budget_10,seed_1,xgboost,0.261561446541539,0.0,0.0,0.019212600000173552
split_fidelity,diabetes\gain_path_herding\budget_10\seed_2\split_fidelity.json,diabetes,gain_path_herding,budget_10,seed_2,xgboost,0.10030320046230477,0.0,0.0,0.02219909999985248
split_fidelity,diabetes\gain_path_herding\budget_100\seed_0\split_fidelity.json,diabetes,gain_path_herding,budget_100,seed_0,xgboost,0.4751693405141921,1.0,0.2,0.04549510000288137
split_fidelity,diabetes\gain_path_herding\budget_100\seed_1\split_fidelity.json,diabetes,gain_path_herding,budget_100,seed_1,xgboost,0.5481818095210875,0.0,0.0,0.028693100000964478
split_fidelity,diabetes\gain_path_herding\budget_100\seed_2\split_fidelity.json,diabetes,gain_path_herding,budget_100,seed_2,xgboost,0.635259172976121,0.0,0.0,0.031843899996601976
split_fidelity,diabetes\gain_path_herding\budget_25\seed_0\split_fidelity.json,diabetes,gain_path_herding,budget_25,seed_0,xgboost,0.27345240891128664,0.0,0.0,0.024331799999345094
split_fidelity,diabetes\gain_path_herding\budget_25\seed_1\split_fidelity.json,diabetes,gain_path_herding,budget_25,seed_1,xgboost,0.3973114338412776,0.0,0.4,0.023408300010487437
split_fidelity,diabetes\gain_path_herding\budget_25\seed_2\split_fidelity.json,diabetes,gain_path_herding,budget_25,seed_2,xgboost,0.2304298573833492,0.0,0.2,0.019467400008579716
split_fidelity,diabetes\gain_path_herding\budget_50\seed_0\split_fidelity.json,diabetes,gain_path_herding,budget_50,seed_0,xgboost,0.3482169333880156,0.0,0.2,0.01900970000133384
split_fidelity,diabetes\gain_path_herding\budget_50\seed_1\split_fidelity.json,diabetes,gain_path_herding,budget_50,seed_1,xgboost,0.24982911094199253,0.0,0.0,0.027900100001716055
split_fidelity,diabetes\gain_path_herding\budget_50\seed_2\split_fidelity.json,diabetes,gain_path_herding,budget_50,seed_2,xgboost,0.28236458940011644,0.0,0.4,0.03028910000284668
split_fidelity,diabetes\gain_path_prior_weighted\budget_25\seed_0\split_fidelity.json,diabetes,gain_path_prior_weighted,budget_25,seed_0,xgboost,0.23528604196815092,0.0,0.0,0.03466670000125305
split_fidelity,diabetes\gain_path_prior_weighted\budget_25\seed_1\split_fidelity.json,diabetes,gain_path_prior_weighted,budget_25,seed_1,xgboost,0.3876508867843499,0.0,0.4,0.025524700002279133
split_fidelity,diabetes\gain_path_prior_weighted\budget_25\seed_2\split_fidelity.json,diabetes,gain_path_prior_weighted,budget_25,seed_2,xgboost,0.18465140527959012,0.0,0.2,0.030472799997369293
split_fidelity,diabetes\gain_path_prior_weighted\budget_50\seed_0\split_fidelity.json,diabetes,gain_path_prior_weighted,budget_50,seed_0,xgboost,0.3468880078407147,1.0,0.2,0.03766479999831063
split_fidelity,diabetes\gain_path_prior_weighted\budget_50\seed_1\split_fidelity.json,diabetes,gain_path_prior_weighted,budget_50,seed_1,xgboost,0.3396012509082974,0.0,0.0,0.032277199999953154
split_fidelity,diabetes\gain_path_prior_weighted\budget_50\seed_2\split_fidelity.json,diabetes,gain_path_prior_weighted,budget_50,seed_2,xgboost,0.25531741409435055,0.0,0.4,0.03445000000283471
split_fidelity,diabetes\gain_path_refined\budget_25\seed_0\split_fidelity.json,diabetes,gain_path_refined,budget_25,seed_0,xgboost,0.27683369178215994,0.0,0.0,0.027656000005663373
split_fidelity,diabetes\gain_path_refined\budget_25\seed_1\split_fidelity.json,diabetes,gain_path_refined,budget_25,seed_1,xgboost,0.2439579757675055,0.0,0.2,0.024999600005685352
split_fidelity,diabetes\gain_path_refined\budget_25\seed_2\split_fidelity.json,diabetes,gain_path_refined,budget_25,seed_2,xgboost,0.058649660018739114,0.0,0.0,0.025580499990610406
split_fidelity,diabetes\gain_path_refined\budget_50\seed_0\split_fidelity.json,diabetes,gain_path_refined,budget_50,seed_0,xgboost,0.27105064456377315,0.0,0.4,0.024875700008124113
split_fidelity,diabetes\gain_path_refined\budget_50\seed_1\split_fidelity.json,diabetes,gain_path_refined,budget_50,seed_1,xgboost,0.4050635323362065,0.0,0.0,0.026426900003571063
split_fidelity,diabetes\gain_path_refined\budget_50\seed_2\split_fidelity.json,diabetes,gain_path_refined,budget_50,seed_2,xgboost,0.2630176558475213,0.0,0.4,0.02620789999491535
split_fidelity,diabetes\gain_path_refined_weighted\budget_50\seed_0\split_fidelity.json,diabetes,gain_path_refined_weighted,budget_50,seed_0,xgboost,0.2156972035053475,0.0,0.2,0.027658400002110284
split_fidelity,diabetes\gain_path_safeguarded\budget_25\seed_0\split_fidelity.json,diabetes,gain_path_safeguarded,budget_25,seed_0,xgboost,0.27683369178215994,0.0,0.0,0.029364599991822615
split_fidelity,diabetes\gain_path_safeguarded\budget_25\seed_1\split_fidelity.json,diabetes,gain_path_safeguarded,budget_25,seed_1,xgboost,0.2439579757675055,0.0,0.2,0.029409000009763986
split_fidelity,diabetes\gain_path_safeguarded\budget_25\seed_2\split_fidelity.json,diabetes,gain_path_safeguarded,budget_25,seed_2,xgboost,0.058649660018739114,0.0,0.0,0.02774209999188315
split_fidelity,diabetes\gain_path_safeguarded\budget_50\seed_0\split_fidelity.json,diabetes,gain_path_safeguarded,budget_50,seed_0,xgboost,0.27105064456377315,0.0,0.4,0.02860309999960009
split_fidelity,diabetes\gain_path_safeguarded\budget_50\seed_1\split_fidelity.json,diabetes,gain_path_safeguarded,budget_50,seed_1,xgboost,0.4050635323362065,0.0,0.0,0.030251300006057136
split_fidelity,diabetes\gain_path_safeguarded\budget_50\seed_2\split_fidelity.json,diabetes,gain_path_safeguarded,budget_50,seed_2,xgboost,0.2630176558475213,0.0,0.4,0.02623259999381844
split_fidelity,diabetes\gain_weighted_coreset\budget_10\seed_0\split_fidelity.json,diabetes,gain_weighted_coreset,budget_10,seed_0,xgboost,0.027837818825313082,0.0,0.0,0.040110900001309346
split_fidelity,diabetes\gain_weighted_coreset\budget_10\seed_1\split_fidelity.json,diabetes,gain_weighted_coreset,budget_10,seed_1,xgboost,0.17991681198550433,0.0,0.0,0.028258000000278116
split_fidelity,diabetes\gain_weighted_coreset\budget_10\seed_2\split_fidelity.json,diabetes,gain_weighted_coreset,budget_10,seed_2,xgboost,0.10882179386869574,0.0,0.0,0.026571299998977338
split_fidelity,diabetes\gain_weighted_coreset\budget_100\seed_0\split_fidelity.json,diabetes,gain_weighted_coreset,budget_100,seed_0,xgboost,0.5277767862801225,0.0,0.8,0.04952960000082385
split_fidelity,diabetes\gain_weighted_coreset\budget_100\seed_1\split_fidelity.json,diabetes,gain_weighted_coreset,budget_100,seed_1,xgboost,0.5073797178644767,0.0,0.2,0.04337090000080934
split_fidelity,diabetes\gain_weighted_coreset\budget_100\seed_2\split_fidelity.json,diabetes,gain_weighted_coreset,budget_100,seed_2,xgboost,0.590320326150262,0.0,0.4,0.050089200000002165
split_fidelity,diabetes\gain_weighted_coreset\budget_25\seed_0\split_fidelity.json,diabetes,gain_weighted_coreset,budget_25,seed_0,xgboost,0.4391103790186214,0.0,0.2,0.02985400000034133
split_fidelity,diabetes\gain_weighted_coreset\budget_25\seed_1\split_fidelity.json,diabetes,gain_weighted_coreset,budget_25,seed_1,xgboost,0.17022462415662667,0.0,0.2,0.029156499998862273
split_fidelity,diabetes\gain_weighted_coreset\budget_25\seed_2\split_fidelity.json,diabetes,gain_weighted_coreset,budget_25,seed_2,xgboost,0.05386815146107286,0.0,0.2,0.030331500000102096
split_fidelity,diabetes\gain_weighted_coreset\budget_50\seed_0\split_fidelity.json,diabetes,gain_weighted_coreset,budget_50,seed_0,xgboost,0.37130838762933976,0.0,0.2,0.046389799999815295
split_fidelity,diabetes\gain_weighted_coreset\budget_50\seed_1\split_fidelity.json,diabetes,gain_weighted_coreset,budget_50,seed_1,xgboost,0.42632376199941674,0.0,0.2,0.04045659999974305
split_fidelity,diabetes\gain_weighted_coreset\budget_50\seed_2\split_fidelity.json,diabetes,gain_weighted_coreset,budget_50,seed_2,xgboost,0.23726266744321486,0.0,0.2,0.030402000000322005
split_fidelity,diabetes\gradient_sampling\budget_10\seed_0\split_fidelity.json,diabetes,gradient_sampling,budget_10,seed_0,xgboost,-0.17151098548562585,0.0,0.0,0.03539510000064183
split_fidelity,diabetes\gradient_sampling\budget_10\seed_1\split_fidelity.json,diabetes,gradient_sampling,budget_10,seed_1,xgboost,-0.023389946869871423,0.0,0.0,0.03774729999986448
split_fidelity,diabetes\gradient_sampling\budget_10\seed_2\split_fidelity.json,diabetes,gradient_sampling,budget_10,seed_2,xgboost,-0.029305079380405503,0.0,0.0,0.0382820000004358
split_fidelity,diabetes\gradient_sampling\budget_100\seed_0\split_fidelity.json,diabetes,gradient_sampling,budget_100,seed_0,xgboost,0.11203611163650307,0.0,0.0,0.054996299999402254
split_fidelity,diabetes\gradient_sampling\budget_100\seed_1\split_fidelity.json,diabetes,gradient_sampling,budget_100,seed_1,xgboost,0.4713170392512018,0.0,0.6,0.06275759999971342
split_fidelity,diabetes\gradient_sampling\budget_100\seed_2\split_fidelity.json,diabetes,gradient_sampling,budget_100,seed_2,xgboost,0.39569476641899837,0.0,0.0,0.07766690000062226
split_fidelity,diabetes\gradient_sampling\budget_25\seed_0\split_fidelity.json,diabetes,gradient_sampling,budget_25,seed_0,xgboost,-0.08083431986823408,0.0,0.0,0.04286709999996674
split_fidelity,diabetes\gradient_sampling\budget_25\seed_1\split_fidelity.json,diabetes,gradient_sampling,budget_25,seed_1,xgboost,-0.04199198754247138,0.0,0.0,0.05119430000013381
split_fidelity,diabetes\gradient_sampling\budget_25\seed_2\split_fidelity.json,diabetes,gradient_sampling,budget_25,seed_2,xgboost,-0.09405926246545732,0.0,0.0,0.04991439999957947
split_fidelity,diabetes\gradient_sampling\budget_50\seed_0\split_fidelity.json,diabetes,gradient_sampling,budget_50,seed_0,xgboost,-0.019863258213667672,0.0,0.0,0.06253349999951752
split_fidelity,diabetes\gradient_sampling\budget_50\seed_1\split_fidelity.json,diabetes,gradient_sampling,budget_50,seed_1,xgboost,0.2004415726224208,0.0,0.0,0.06287060000067868
split_fidelity,diabetes\gradient_sampling\budget_50\seed_2\split_fidelity.json,diabetes,gradient_sampling,budget_50,seed_2,xgboost,0.018719894731733203,0.0,0.0,0.10881090000020777
split_fidelity,diabetes\herding\budget_10\seed_0\split_fidelity.json,diabetes,herding,budget_10,seed_0,xgboost,0.01210893895075582,0.0,0.0,0.04640040000049339
split_fidelity,diabetes\herding\budget_10\seed_1\split_fidelity.json,diabetes,herding,budget_10,seed_1,xgboost,-0.03304374299989526,0.0,0.0,0.01853290000144625
split_fidelity,diabetes\herding\budget_10\seed_2\split_fidelity.json,diabetes,herding,budget_10,seed_2,xgboost,0.10022698738352626,0.0,0.0,0.0213980000007723
split_fidelity,diabetes\herding\budget_100\seed_0\split_fidelity.json,diabetes,herding,budget_100,seed_0,xgboost,0.42452780973617427,0.0,0.2,0.09305380000023433
split_fidelity,diabetes\herding\budget_100\seed_1\split_fidelity.json,diabetes,herding,budget_100,seed_1,xgboost,0.40231787685262027,0.0,0.2,0.04177049999998417
split_fidelity,diabetes\herding\budget_100\seed_2\split_fidelity.json,diabetes,herding,budget_100,seed_2,xgboost,0.40554455445544557,0.0,0.2,0.03797599999961676
split_fidelity,diabetes\herding\budget_25\seed_0\split_fidelity.json,diabetes,herding,budget_25,seed_0,xgboost,-0.012810864123274979,0.0,0.0,0.022715700004482642
split_fidelity,diabetes\herding\budget_25\seed_1\split_fidelity.json,diabetes,herding,budget_25,seed_1,xgboost,-0.015554097710565562,0.0,0.0,0.021955500007607043
split_fidelity,diabetes\herding\budget_25\seed_2\split_fidelity.json,diabetes,herding,budget_25,seed_2,xgboost,0.1471594065633379,0.0,0.2,0.02631380000093486
split_fidelity,diabetes\herding\budget_50\seed_0\split_fidelity.json,diabetes,herding,budget_50,seed_0,xgboost,0.144035452872633,0.0,0.0,0.029516800001147203
split_fidelity,diabetes\herding\budget_50\seed_1\split_fidelity.json,diabetes,herding,budget_50,seed_1,xgboost,0.1153619888647235,0.0,0.2,0.027742699996451847
split_fidelity,diabetes\herding\budget_50\seed_2\split_fidelity.json,diabetes,herding,budget_50,seed_2,xgboost,0.2114300363954757,0.0,0.0,0.02830010000616312
split_fidelity,diabetes\k_center\budget_10\seed_0\split_fidelity.json,diabetes,k_center,budget_10,seed_0,xgboost,0.0004394687112473159,0.0,0.2,0.12345430000004853
split_fidelity,diabetes\k_center\budget_10\seed_1\split_fidelity.json,diabetes,k_center,budget_10,seed_1,xgboost,0.1434956044627976,0.0,0.0,0.11976870000034978
split_fidelity,diabetes\k_center\budget_10\seed_2\split_fidelity.json,diabetes,k_center,budget_10,seed_2,xgboost,0.18184361240325478,0.0,0.4,0.10044139999990875
split_fidelity,diabetes\k_center\budget_100\seed_0\split_fidelity.json,diabetes,k_center,budget_100,seed_0,xgboost,0.3836928348635944,0.0,0.6,0.07500089999939519
split_fidelity,diabetes\k_center\budget_100\seed_1\split_fidelity.json,diabetes,k_center,budget_100,seed_1,xgboost,0.4028313660483771,0.0,0.2,0.11816760000056092
split_fidelity,diabetes\k_center\budget_100\seed_2\split_fidelity.json,diabetes,k_center,budget_100,seed_2,xgboost,0.3942457775189283,0.0,0.2,0.0743146999993769
split_fidelity,diabetes\k_center\budget_25\seed_0\split_fidelity.json,diabetes,k_center,budget_25,seed_0,xgboost,0.23406586587057424,1.0,0.2,0.10951999999997497
split_fidelity,diabetes\k_center\budget_25\seed_1\split_fidelity.json,diabetes,k_center,budget_25,seed_1,xgboost,0.13628893582170723,1.0,0.2,0.061599099999511964
split_fidelity,diabetes\k_center\budget_25\seed_2\split_fidelity.json,diabetes,k_center,budget_25,seed_2,xgboost,0.2088945454851378,0.0,0.2,0.11671820000083244
split_fidelity,diabetes\k_center\budget_50\seed_0\split_fidelity.json,diabetes,k_center,budget_50,seed_0,xgboost,0.28532360986224026,1.0,0.4,0.10438389999944775
split_fidelity,diabetes\k_center\budget_50\seed_1\split_fidelity.json,diabetes,k_center,budget_50,seed_1,xgboost,0.3826295720541974,0.0,0.2,0.10447389999990264
split_fidelity,diabetes\k_center\budget_50\seed_2\split_fidelity.json,diabetes,k_center,budget_50,seed_2,xgboost,0.2171551711815976,0.0,0.2,0.06972120000045834
split_fidelity,diabetes\math_tuned\budget_50\seed_0\split_fidelity.json,diabetes,math_tuned,budget_50,seed_0,xgboost,0.23342412495504536,1.0,0.2,0.0361720000000787
split_fidelity,diabetes\math_tuned_more_probes\budget_50\seed_0\split_fidelity.json,diabetes,math_tuned_more_probes,budget_50,seed_0,xgboost,0.23342412495504536,1.0,0.2,0.04418179999993299
split_fidelity,diabetes\math_tuned_no_anchor\budget_50\seed_0\split_fidelity.json,diabetes,math_tuned_no_anchor,budget_50,seed_0,xgboost,0.23487386191573728,1.0,0.4,0.036058700003195554
split_fidelity,diabetes\math_tuned_no_hist\budget_50\seed_0\split_fidelity.json,diabetes,math_tuned_no_hist,budget_50,seed_0,xgboost,0.2673282006948635,0.0,0.2,0.034051399998134
split_fidelity,diabetes\random\budget_10\seed_0\split_fidelity.json,diabetes,random,budget_10,seed_0,xgboost,0.004981641619725964,0.0,0.0,0.0830562999999529
split_fidelity,diabetes\random\budget_10\seed_1\split_fidelity.json,diabetes,random,budget_10,seed_1,xgboost,0.09422549923526391,0.0,0.0,0.020528500001091743
split_fidelity,diabetes\random\budget_10\seed_2\split_fidelity.json,diabetes,random,budget_10,seed_2,xgboost,0.03966827736024423,0.0,0.0,0.018803200000547804
split_fidelity,diabetes\random\budget_100\seed_0\split_fidelity.json,diabetes,random,budget_100,seed_0,xgboost,0.4870733207397971,1.0,0.4,0.07811200000014651
split_fidelity,diabetes\random\budget_100\seed_1\split_fidelity.json,diabetes,random,budget_100,seed_1,xgboost,0.3501680294007793,0.0,0.2,0.032473299997946015
split_fidelity,diabetes\random\budget_100\seed_2\split_fidelity.json,diabetes,random,budget_100,seed_2,xgboost,0.23794991263832266,1.0,0.2,0.03085520000240649
split_fidelity,diabetes\random\budget_25\seed_0\split_fidelity.json,diabetes,random,budget_25,seed_0,xgboost,0.26105364899481664,1.0,0.2,0.023337899998296052
split_fidelity,diabetes\random\budget_25\seed_1\split_fidelity.json,diabetes,random,budget_25,seed_1,xgboost,0.10551939171988335,0.0,0.2,0.022681699992972426
split_fidelity,diabetes\random\budget_25\seed_2\split_fidelity.json,diabetes,random,budget_25,seed_2,xgboost,0.042798066354847474,0.0,0.0,0.022458799998275936
split_fidelity,diabetes\random\budget_50\seed_0\split_fidelity.json,diabetes,random,budget_50,seed_0,xgboost,0.22055589266626613,0.0,0.0,0.02315769999404438
split_fidelity,diabetes\random\budget_50\seed_1\split_fidelity.json,diabetes,random,budget_50,seed_1,xgboost,0.2367528533156237,1.0,0.2,0.018749800001387484
split_fidelity,diabetes\random\budget_50\seed_2\split_fidelity.json,diabetes,random,budget_50,seed_2,xgboost,0.2485410430109558,0.0,0.0,0.017335800002911128
split_fidelity,diabetes\refined_no_conf\budget_25\seed_0\split_fidelity.json,diabetes,refined_no_conf,budget_25,seed_0,xgboost,0.35341021425330027,0.0,0.2,0.01567529999999806
split_fidelity,diabetes\refined_no_conf\budget_25\seed_1\split_fidelity.json,diabetes,refined_no_conf,budget_25,seed_1,xgboost,0.4282107592161813,0.0,0.2,0.016307100000062746
split_fidelity,diabetes\refined_no_conf\budget_25\seed_2\split_fidelity.json,diabetes,refined_no_conf,budget_25,seed_2,xgboost,0.058649660018739114,0.0,0.0,0.015055500000016764
split_fidelity,diabetes\refined_no_conf\budget_50\seed_0\split_fidelity.json,diabetes,refined_no_conf,budget_50,seed_0,xgboost,0.2803860463295791,0.0,0.0,0.014077299999939896
split_fidelity,diabetes\refined_no_conf\budget_50\seed_1\split_fidelity.json,diabetes,refined_no_conf,budget_50,seed_1,xgboost,0.29619996904522783,0.0,0.0,0.014404900000045018
split_fidelity,diabetes\refined_no_conf\budget_50\seed_2\split_fidelity.json,diabetes,refined_no_conf,budget_50,seed_2,xgboost,0.2630176558475213,0.0,0.4,0.014150700000072902
split_fidelity,diabetes\refined_no_gain_weight\budget_25\seed_0\split_fidelity.json,diabetes,refined_no_gain_weight,budget_25,seed_0,xgboost,0.27683369178215994,0.0,0.0,0.015483500000073036
split_fidelity,diabetes\refined_no_gain_weight\budget_25\seed_1\split_fidelity.json,diabetes,refined_no_gain_weight,budget_25,seed_1,xgboost,0.2439579757675055,0.0,0.2,0.02004239999996571
split_fidelity,diabetes\refined_no_gain_weight\budget_25\seed_2\split_fidelity.json,diabetes,refined_no_gain_weight,budget_25,seed_2,xgboost,0.058649660018739114,0.0,0.0,0.017487399999936315
split_fidelity,diabetes\refined_no_gain_weight\budget_50\seed_0\split_fidelity.json,diabetes,refined_no_gain_weight,budget_50,seed_0,xgboost,0.27105064456377315,0.0,0.4,0.026197900000056507
split_fidelity,diabetes\refined_no_gain_weight\budget_50\seed_1\split_fidelity.json,diabetes,refined_no_gain_weight,budget_50,seed_1,xgboost,0.4050635323362065,0.0,0.0,0.028317799999967974
split_fidelity,diabetes\refined_no_gain_weight\budget_50\seed_2\split_fidelity.json,diabetes,refined_no_gain_weight,budget_50,seed_2,xgboost,0.2630176558475213,0.0,0.4,0.03143509999995331
split_fidelity,diabetes\refined_no_grad\budget_25\seed_0\split_fidelity.json,diabetes,refined_no_grad,budget_25,seed_0,xgboost,0.1022081395670266,0.0,0.2,0.02606490000005124
split_fidelity,diabetes\refined_no_grad\budget_25\seed_1\split_fidelity.json,diabetes,refined_no_grad,budget_25,seed_1,xgboost,0.2754487882039827,0.0,0.2,0.02902849999998125
split_fidelity,diabetes\refined_no_grad\budget_25\seed_2\split_fidelity.json,diabetes,refined_no_grad,budget_25,seed_2,xgboost,0.45064081485289126,0.0,0.2,0.02460740000003625
split_fidelity,diabetes\refined_no_grad\budget_50\seed_0\split_fidelity.json,diabetes,refined_no_grad,budget_50,seed_0,xgboost,0.35155928238944595,0.0,0.4,0.03181819999997515
split_fidelity,diabetes\refined_no_grad\budget_50\seed_1\split_fidelity.json,diabetes,refined_no_grad,budget_50,seed_1,xgboost,0.38610982102375335,1.0,0.2,0.02895330000001195
split_fidelity,diabetes\refined_no_grad\budget_50\seed_2\split_fidelity.json,diabetes,refined_no_grad,budget_50,seed_2,xgboost,0.5130300321222455,0.0,0.4,0.024766499999941516
split_fidelity,diabetes\refined_no_hess\budget_25\seed_0\split_fidelity.json,diabetes,refined_no_hess,budget_25,seed_0,xgboost,0.23413444777952383,0.0,0.0,0.019724500000052103
split_fidelity,diabetes\refined_no_hess\budget_25\seed_1\split_fidelity.json,diabetes,refined_no_hess,budget_25,seed_1,xgboost,0.01087034188057516,0.0,0.0,0.018897499999980027
split_fidelity,diabetes\refined_no_hess\budget_25\seed_2\split_fidelity.json,diabetes,refined_no_hess,budget_25,seed_2,xgboost,0.1779132886513937,0.0,0.2,0.018281999999999243
split_fidelity,diabetes\refined_no_hess\budget_50\seed_0\split_fidelity.json,diabetes,refined_no_hess,budget_50,seed_0,xgboost,0.3675721981571377,0.0,0.2,0.017482700000073237
split_fidelity,diabetes\refined_no_hess\budget_50\seed_1\split_fidelity.json,diabetes,refined_no_hess,budget_50,seed_1,xgboost,0.3646436210365137,0.0,0.0,0.015419399999927919
split_fidelity,diabetes\refined_no_hess\budget_50\seed_2\split_fidelity.json,diabetes,refined_no_hess,budget_50,seed_2,xgboost,0.36121351901322596,0.0,0.2,0.015374700000052144
split_fidelity,diabetes\refined_no_path\budget_25\seed_0\split_fidelity.json,diabetes,refined_no_path,budget_25,seed_0,xgboost,0.2916356627785714,0.0,0.0,0.013755199999991419
split_fidelity,diabetes\refined_no_path\budget_25\seed_1\split_fidelity.json,diabetes,refined_no_path,budget_25,seed_1,xgboost,0.2856278612724177,0.0,0.4,0.01316389999999501
split_fidelity,diabetes\refined_no_path\budget_25\seed_2\split_fidelity.json,diabetes,refined_no_path,budget_25,seed_2,xgboost,0.14955372094947203,0.0,0.0,0.012928600000009283
split_fidelity,diabetes\refined_no_path\budget_50\seed_0\split_fidelity.json,diabetes,refined_no_path,budget_50,seed_0,xgboost,0.2527910028977781,0.0,0.0,0.016252500000064174
split_fidelity,diabetes\refined_no_path\budget_50\seed_1\split_fidelity.json,diabetes,refined_no_path,budget_50,seed_1,xgboost,0.37148307903068295,0.0,0.2,0.01592100000004848
split_fidelity,diabetes\refined_no_path\budget_50\seed_2\split_fidelity.json,diabetes,refined_no_path,budget_50,seed_2,xgboost,0.37945253348864294,0.0,0.4,0.016004099999918253
split_fidelity,diabetes\refined_no_raw\budget_25\seed_0\split_fidelity.json,diabetes,refined_no_raw,budget_25,seed_0,xgboost,0.2256007822228119,0.0,0.2,0.01435150000008889
split_fidelity,diabetes\refined_no_raw\budget_25\seed_1\split_fidelity.json,diabetes,refined_no_raw,budget_25,seed_1,xgboost,0.20643842871137516,0.0,0.2,0.014116500000000087
split_fidelity,diabetes\refined_no_raw\budget_25\seed_2\split_fidelity.json,diabetes,refined_no_raw,budget_25,seed_2,xgboost,0.2592410314420567,0.0,0.2,0.014312900000049922
split_fidelity,diabetes\refined_no_raw\budget_50\seed_0\split_fidelity.json,diabetes,refined_no_raw,budget_50,seed_0,xgboost,0.18452245302035913,0.0,0.0,0.019215299999927993
split_fidelity,diabetes\refined_no_raw\budget_50\seed_1\split_fidelity.json,diabetes,refined_no_raw,budget_50,seed_1,xgboost,0.28625459673954956,0.0,0.2,0.01740559999996094
split_fidelity,diabetes\refined_no_raw\budget_50\seed_2\split_fidelity.json,diabetes,refined_no_raw,budget_50,seed_2,xgboost,0.3246893555324062,0.0,0.0,0.02017220000004727
split_fidelity,diabetes\refined_no_refine\budget_25\seed_0\split_fidelity.json,diabetes,refined_no_refine,budget_25,seed_0,xgboost,0.27345240891128664,0.0,0.0,0.016787199999953373
split_fidelity,diabetes\refined_no_refine\budget_25\seed_1\split_fidelity.json,diabetes,refined_no_refine,budget_25,seed_1,xgboost,0.3973114338412776,0.0,0.4,0.01789670000005117
split_fidelity,diabetes\refined_no_refine\budget_25\seed_2\split_fidelity.json,diabetes,refined_no_refine,budget_25,seed_2,xgboost,0.2304298573833492,0.0,0.2,0.014893000000029133
split_fidelity,diabetes\refined_no_refine\budget_50\seed_0\split_fidelity.json,diabetes,refined_no_refine,budget_50,seed_0,xgboost,0.3482169333880156,0.0,0.2,0.02239159999999174
split_fidelity,diabetes\refined_no_refine\budget_50\seed_1\split_fidelity.json,diabetes,refined_no_refine,budget_50,seed_1,xgboost,0.24982911094199253,0.0,0.0,0.01646040000002813
split_fidelity,diabetes\refined_no_refine\budget_50\seed_2\split_fidelity.json,diabetes,refined_no_refine,budget_50,seed_2,xgboost,0.28236458940011644,0.0,0.4,0.01838729999997213
split_fidelity,diabetes\refined_path_occupancy_only\budget_25\seed_0\split_fidelity.json,diabetes,refined_path_occupancy_only,budget_25,seed_0,xgboost,0.206246087383645,0.0,0.2,0.018235199999935503
split_fidelity,diabetes\refined_path_occupancy_only\budget_25\seed_1\split_fidelity.json,diabetes,refined_path_occupancy_only,budget_25,seed_1,xgboost,0.2602273161384515,0.0,0.0,0.01621809999994639
split_fidelity,diabetes\refined_path_occupancy_only\budget_25\seed_2\split_fidelity.json,diabetes,refined_path_occupancy_only,budget_25,seed_2,xgboost,0.17886264099532853,0.0,0.2,0.016247000000021217
split_fidelity,diabetes\refined_path_occupancy_only\budget_50\seed_0\split_fidelity.json,diabetes,refined_path_occupancy_only,budget_50,seed_0,xgboost,0.3294243626640773,0.0,0.0,0.01883789999999408
split_fidelity,diabetes\refined_path_occupancy_only\budget_50\seed_1\split_fidelity.json,diabetes,refined_path_occupancy_only,budget_50,seed_1,xgboost,0.2688156164975372,0.0,0.0,0.017286499999954685
split_fidelity,diabetes\refined_path_occupancy_only\budget_50\seed_2\split_fidelity.json,diabetes,refined_path_occupancy_only,budget_50,seed_2,xgboost,0.2537682003494467,0.0,0.2,0.01637140000002546
split_fidelity,diabetes\tree_region\budget_10\seed_0\split_fidelity.json,diabetes,tree_region,budget_10,seed_0,xgboost,-0.17151098548562585,0.0,0.0,0.06705699999929493
split_fidelity,diabetes\tree_region\budget_10\seed_1\split_fidelity.json,diabetes,tree_region,budget_10,seed_1,xgboost,-0.023389946869871423,0.0,0.0,0.06682110000019748
split_fidelity,diabetes\tree_region\budget_10\seed_2\split_fidelity.json,diabetes,tree_region,budget_10,seed_2,xgboost,-0.029305079380405503,0.0,0.0,0.08924899999965419
split_fidelity,diabetes\tree_region\budget_100\seed_0\split_fidelity.json,diabetes,tree_region,budget_100,seed_0,xgboost,0.11203611163650307,0.0,0.0,0.06558270000004995
split_fidelity,diabetes\tree_region\budget_100\seed_1\split_fidelity.json,diabetes,tree_region,budget_100,seed_1,xgboost,0.4713170392512018,0.0,0.6,0.07274770000003628
split_fidelity,diabetes\tree_region\budget_100\seed_2\split_fidelity.json,diabetes,tree_region,budget_100,seed_2,xgboost,0.39569476641899837,0.0,0.0,0.059271500000249944
split_fidelity,diabetes\tree_region\budget_25\seed_0\split_fidelity.json,diabetes,tree_region,budget_25,seed_0,xgboost,-0.08083431986823408,0.0,0.0,0.06996909999998024
split_fidelity,diabetes\tree_region\budget_25\seed_1\split_fidelity.json,diabetes,tree_region,budget_25,seed_1,xgboost,-0.04199198754247138,0.0,0.0,0.042639499999495456
split_fidelity,diabetes\tree_region\budget_25\seed_2\split_fidelity.json,diabetes,tree_region,budget_25,seed_2,xgboost,-0.09405926246545732,0.0,0.0,0.06752130000040779
split_fidelity,diabetes\tree_region\budget_50\seed_0\split_fidelity.json,diabetes,tree_region,budget_50,seed_0,xgboost,-0.019863258213667672,0.0,0.0,0.047482099999797356
split_fidelity,diabetes\tree_region\budget_50\seed_1\split_fidelity.json,diabetes,tree_region,budget_50,seed_1,xgboost,0.2004415726224208,0.0,0.0,0.07110830000056012
split_fidelity,diabetes\tree_region\budget_50\seed_2\split_fidelity.json,diabetes,tree_region,budget_50,seed_2,xgboost,0.018719894731733203,0.0,0.0,0.057454300000244984
split_fidelity,electricity\ablation_full\budget_50\seed_0\split_fidelity.json,electricity,ablation_full,budget_50,seed_0,xgboost,-0.21326641028237417,0.0,0.2,0.07498730000042997
split_fidelity,electricity\ablation_no_child\budget_50\seed_0\split_fidelity.json,electricity,ablation_no_child,budget_50,seed_0,xgboost,-0.23728739204157628,0.0,0.2,0.06968080000024202
split_fidelity,electricity\ablation_no_entropy_anneal\budget_50\seed_0\split_fidelity.json,electricity,ablation_no_entropy_anneal,budget_50,seed_0,xgboost,0.08979480073543139,0.0,0.2,0.11675920000016049
split_fidelity,electricity\ablation_no_gain\budget_50\seed_0\split_fidelity.json,electricity,ablation_no_gain,budget_50,seed_0,xgboost,0.2672041206345051,0.0,0.0,0.07334799999989627
split_fidelity,electricity\ablation_no_hist\budget_50\seed_0\split_fidelity.json,electricity,ablation_no_hist,budget_50,seed_0,xgboost,-0.3425121891898198,0.0,0.2,0.07186109999929613
split_fidelity,electricity\ablation_no_margin\budget_50\seed_0\split_fidelity.json,electricity,ablation_no_margin,budget_50,seed_0,xgboost,-0.05923241806008357,0.0,0.0,0.03801629999998113
split_fidelity,electricity\ablation_no_marginal\budget_50\seed_0\split_fidelity.json,electricity,ablation_no_marginal,budget_50,seed_0,xgboost,-0.17050151994796403,0.0,0.2,0.02698489999966114
split_fidelity,electricity\ablation_no_newton\budget_50\seed_0\split_fidelity.json,electricity,ablation_no_newton,budget_50,seed_0,xgboost,-0.21151163130567033,0.0,0.2,0.029084799999509414
split_fidelity,electricity\ablation_no_pairwise\budget_50\seed_0\split_fidelity.json,electricity,ablation_no_pairwise,budget_50,seed_0,xgboost,-0.2764143457741385,0.0,0.2,0.02856829999927868
split_fidelity,electricity\distribution_matching\budget_10\seed_0\split_fidelity.json,electricity,distribution_matching,budget_10,seed_0,xgboost,0.316877200766472,0.0,0.0,0.042152400000304624
split_fidelity,electricity\distribution_matching\budget_10\seed_1\split_fidelity.json,electricity,distribution_matching,budget_10,seed_1,xgboost,0.09096913213183108,0.0,0.0,0.0394495000000461
split_fidelity,electricity\distribution_matching\budget_10\seed_2\split_fidelity.json,electricity,distribution_matching,budget_10,seed_2,xgboost,0.19323416636654908,0.0,0.0,0.04795569999987492
split_fidelity,electricity\distribution_matching\budget_100\seed_0\split_fidelity.json,electricity,distribution_matching,budget_100,seed_0,xgboost,0.1359457880304939,0.0,0.2,0.06163800000012998
split_fidelity,electricity\distribution_matching\budget_100\seed_1\split_fidelity.json,electricity,distribution_matching,budget_100,seed_1,xgboost,0.14376401239388367,0.0,0.6,0.05102050000004965
split_fidelity,electricity\distribution_matching\budget_100\seed_2\split_fidelity.json,electricity,distribution_matching,budget_100,seed_2,xgboost,0.24613630200240746,0.0,0.0,0.04938460000084888
split_fidelity,electricity\distribution_matching\budget_25\seed_0\split_fidelity.json,electricity,distribution_matching,budget_25,seed_0,xgboost,0.19741980610547108,0.0,0.0,0.04673339999953896
split_fidelity,electricity\distribution_matching\budget_25\seed_1\split_fidelity.json,electricity,distribution_matching,budget_25,seed_1,xgboost,0.1225982794894768,0.0,0.0,0.042848099999901024
split_fidelity,electricity\distribution_matching\budget_25\seed_2\split_fidelity.json,electricity,distribution_matching,budget_25,seed_2,xgboost,0.30755628499123816,0.0,0.0,0.045256099999278376
split_fidelity,electricity\distribution_matching\budget_50\seed_0\split_fidelity.json,electricity,distribution_matching,budget_50,seed_0,xgboost,-0.05126786921137332,0.0,0.0,0.04219740000007732
split_fidelity,electricity\distribution_matching\budget_50\seed_1\split_fidelity.json,electricity,distribution_matching,budget_50,seed_1,xgboost,0.20879926443534033,0.0,0.2,0.05061900000055175
split_fidelity,electricity\distribution_matching\budget_50\seed_2\split_fidelity.json,electricity,distribution_matching,budget_50,seed_2,xgboost,0.11528391739913381,0.0,0.0,0.08526359999996203
split_fidelity,electricity\full_data\budget_10\seed_0\split_fidelity.json,electricity,full_data,budget_10,seed_0,xgboost,1.0,1.0,1.0,0.2723544000000402
split_fidelity,electricity\full_data\budget_10\seed_1\split_fidelity.json,electricity,full_data,budget_10,seed_1,xgboost,0.9372647807139078,1.0,0.6,0.29370360000029905
split_fidelity,electricity\full_data\budget_10\seed_2\split_fidelity.json,electricity,full_data,budget_10,seed_2,xgboost,0.9477397751734036,0.0,0.4,0.5153516999998828
split_fidelity,electricity\full_data\budget_100\seed_0\split_fidelity.json,electricity,full_data,budget_100,seed_0,xgboost,1.0,1.0,1.0,0.3249866000005568
split_fidelity,electricity\full_data\budget_100\seed_1\split_fidelity.json,electricity,full_data,budget_100,seed_1,xgboost,0.9372647807139078,1.0,0.6,0.5600978000002215
split_fidelity,electricity\full_data\budget_100\seed_2\split_fidelity.json,electricity,full_data,budget_100,seed_2,xgboost,0.9477397751734036,0.0,0.4,0.32806429999982356
split_fidelity,electricity\full_data\budget_25\seed_0\split_fidelity.json,electricity,full_data,budget_25,seed_0,xgboost,1.0,1.0,1.0,0.2759353999999803
split_fidelity,electricity\full_data\budget_25\seed_1\split_fidelity.json,electricity,full_data,budget_25,seed_1,xgboost,0.9372647807139078,1.0,0.6,0.2684306999999535
split_fidelity,electricity\full_data\budget_25\seed_2\split_fidelity.json,electricity,full_data,budget_25,seed_2,xgboost,0.9477397751734036,0.0,0.4,0.28225750000001426
split_fidelity,electricity\full_data\budget_50\seed_0\split_fidelity.json,electricity,full_data,budget_50,seed_0,xgboost,1.0,1.0,1.0,0.27677719999974215
split_fidelity,electricity\full_data\budget_50\seed_1\split_fidelity.json,electricity,full_data,budget_50,seed_1,xgboost,0.9372647807139078,1.0,0.6,0.2820905999997194
split_fidelity,electricity\full_data\budget_50\seed_2\split_fidelity.json,electricity,full_data,budget_50,seed_2,xgboost,0.9477397751734036,0.0,0.4,0.2758450000001176
split_fidelity,electricity\gaindistill\budget_10\seed_0\split_fidelity.json,electricity,gaindistill,budget_10,seed_0,xgboost,-0.02985096245991959,0.0,0.2,0.07376299999941693
split_fidelity,electricity\gaindistill\budget_10\seed_1\split_fidelity.json,electricity,gaindistill,budget_10,seed_1,xgboost,-0.010219716064878299,0.0,0.4,0.08331429999998363
split_fidelity,electricity\gaindistill\budget_10\seed_2\split_fidelity.json,electricity,gaindistill,budget_10,seed_2,xgboost,-0.22459528631832576,0.0,0.2,0.07910590000028606
split_fidelity,electricity\gaindistill\budget_100\seed_0\split_fidelity.json,electricity,gaindistill,budget_100,seed_0,xgboost,0.4885569178901074,0.0,0.4,0.08451079999940703
split_fidelity,electricity\gaindistill\budget_100\seed_1\split_fidelity.json,electricity,gaindistill,budget_100,seed_1,xgboost,0.32438073737069784,1.0,0.6,0.07268010000007052
split_fidelity,electricity\gaindistill\budget_100\seed_2\split_fidelity.json,electricity,gaindistill,budget_100,seed_2,xgboost,-0.25490310462092797,0.0,0.2,0.10762789999989764
split_fidelity,electricity\gaindistill\budget_25\seed_0\split_fidelity.json,electricity,gaindistill,budget_25,seed_0,xgboost,-0.3823820544295837,0.0,0.2,0.05512449999969249
split_fidelity,electricity\gaindistill\budget_25\seed_1\split_fidelity.json,electricity,gaindistill,budget_25,seed_1,xgboost,-0.07740973703472144,0.0,0.0,0.07091579999996611
split_fidelity,electricity\gaindistill\budget_25\seed_2\split_fidelity.json,electricity,gaindistill,budget_25,seed_2,xgboost,0.11621892616700867,0.0,0.2,0.03716760000042996
split_fidelity,electricity\gaindistill\budget_50\seed_0\split_fidelity.json,electricity,gaindistill,budget_50,seed_0,xgboost,-0.21326641028237417,0.0,0.2,0.035463399999571266
split_fidelity,electricity\gaindistill\budget_50\seed_1\split_fidelity.json,electricity,gaindistill,budget_50,seed_1,xgboost,0.2481360869609651,0.0,0.0,0.0448590999994849
split_fidelity,electricity\gaindistill\budget_50\seed_2\split_fidelity.json,electricity,gaindistill,budget_50,seed_2,xgboost,-0.01684953171517659,0.0,0.2,0.05058479999934207
split_fidelity,electricity\gaindistill_hybrid\budget_10\seed_0\split_fidelity.json,electricity,gaindistill_hybrid,budget_10,seed_0,xgboost,0.1404005782595262,0.0,0.2,0.028153699999165838
split_fidelity,electricity\gaindistill_hybrid\budget_10\seed_1\split_fidelity.json,electricity,gaindistill_hybrid,budget_10,seed_1,xgboost,0.11844539324374914,0.0,0.2,0.03140659999917261
split_fidelity,electricity\gaindistill_hybrid\budget_10\seed_2\split_fidelity.json,electricity,gaindistill_hybrid,budget_10,seed_2,xgboost,0.19400467019409823,0.0,0.0,0.02703499999915948
split_fidelity,electricity\gaindistill_hybrid\budget_100\seed_0\split_fidelity.json,electricity,gaindistill_hybrid,budget_100,seed_0,xgboost,0.26256736975181316,0.0,0.0,0.06472490000123798
split_fidelity,electricity\gaindistill_hybrid\budget_100\seed_1\split_fidelity.json,electricity,gaindistill_hybrid,budget_100,seed_1,xgboost,0.4365177129714154,0.0,0.4,0.05406510000102571
split_fidelity,electricity\gaindistill_hybrid\budget_100\seed_2\split_fidelity.json,electricity,gaindistill_hybrid,budget_100,seed_2,xgboost,0.471842159776078,0.0,0.0,0.06276280000020051
split_fidelity,electricity\gaindistill_hybrid\budget_25\seed_0\split_fidelity.json,electricity,gaindistill_hybrid,budget_25,seed_0,xgboost,0.2726885209401105,0.0,0.0,0.04295490000004065
split_fidelity,electricity\gaindistill_hybrid\budget_25\seed_1\split_fidelity.json,electricity,gaindistill_hybrid,budget_25,seed_1,xgboost,0.3005945184347593,0.0,0.0,0.030414200000450364
split_fidelity,electricity\gaindistill_hybrid\budget_25\seed_2\split_fidelity.json,electricity,gaindistill_hybrid,budget_25,seed_2,xgboost,0.36068115427333314,0.0,0.0,0.03354890000082378
split_fidelity,electricity\gaindistill_hybrid\budget_50\seed_0\split_fidelity.json,electricity,gaindistill_hybrid,budget_50,seed_0,xgboost,0.24009465053999796,0.0,0.0,0.06152789999941888
split_fidelity,electricity\gaindistill_hybrid\budget_50\seed_1\split_fidelity.json,electricity,gaindistill_hybrid,budget_50,seed_1,xgboost,0.3416547429559091,0.0,0.4,0.03840219999983674
split_fidelity,electricity\gaindistill_hybrid\budget_50\seed_2\split_fidelity.json,electricity,gaindistill_hybrid,budget_50,seed_2,xgboost,0.312079970786859,0.0,0.0,0.04652989999885904
split_fidelity,electricity\gaindistill_path_hybrid\budget_10\seed_0\split_fidelity.json,electricity,gaindistill_path_hybrid,budget_10,seed_0,xgboost,0.087600463127249,0.0,0.2,0.0293483000004926
split_fidelity,electricity\gaindistill_path_hybrid\budget_10\seed_1\split_fidelity.json,electricity,gaindistill_path_hybrid,budget_10,seed_1,xgboost,0.017252416822572496,0.0,0.2,0.03005930000108492
split_fidelity,electricity\gaindistill_path_hybrid\budget_10\seed_2\split_fidelity.json,electricity,gaindistill_path_hybrid,budget_10,seed_2,xgboost,-0.048395057124414394,0.0,0.0,0.02308669999911217
split_fidelity,electricity\gaindistill_path_hybrid\budget_100\seed_0\split_fidelity.json,electricity,gaindistill_path_hybrid,budget_100,seed_0,xgboost,0.23604413975560826,0.0,0.2,0.06459800000084215
split_fidelity,electricity\gaindistill_path_hybrid\budget_100\seed_1\split_fidelity.json,electricity,gaindistill_path_hybrid,budget_100,seed_1,xgboost,0.08969969947303942,0.0,0.2,0.06120569999984582
split_fidelity,electricity\gaindistill_path_hybrid\budget_100\seed_2\split_fidelity.json,electricity,gaindistill_path_hybrid,budget_100,seed_2,xgboost,0.27408856391157277,0.0,0.0,0.05198980000022857
split_fidelity,electricity\gaindistill_path_hybrid\budget_25\seed_0\split_fidelity.json,electricity,gaindistill_path_hybrid,budget_25,seed_0,xgboost,0.3970439929248722,0.0,0.2,0.03177010000035807
split_fidelity,electricity\gaindistill_path_hybrid\budget_25\seed_1\split_fidelity.json,electricity,gaindistill_path_hybrid,budget_25,seed_1,xgboost,0.13799514312434644,0.0,0.0,0.028153699999165838
split_fidelity,electricity\gaindistill_path_hybrid\budget_25\seed_2\split_fidelity.json,electricity,gaindistill_path_hybrid,budget_25,seed_2,xgboost,0.02595144995543724,0.0,0.0,0.04106560000036552
split_fidelity,electricity\gaindistill_path_hybrid\budget_50\seed_0\split_fidelity.json,electricity,gaindistill_path_hybrid,budget_50,seed_0,xgboost,0.2658948239551459,0.0,0.2,0.05639100000007602
split_fidelity,electricity\gaindistill_path_hybrid\budget_50\seed_1\split_fidelity.json,electricity,gaindistill_path_hybrid,budget_50,seed_1,xgboost,-0.0601659071617073,0.0,0.0,0.04540959999940242
split_fidelity,electricity\gaindistill_path_hybrid\budget_50\seed_2\split_fidelity.json,electricity,gaindistill_path_hybrid,budget_50,seed_2,xgboost,0.31764444596303,0.0,0.0,0.042789600000105565
split_fidelity,electricity\gain_herding\budget_10\seed_0\split_fidelity.json,electricity,gain_herding,budget_10,seed_0,xgboost,0.14730235259208732,0.0,0.2,0.029545700001108344
split_fidelity,electricity\gain_herding\budget_10\seed_1\split_fidelity.json,electricity,gain_herding,budget_10,seed_1,xgboost,0.04254450796610233,0.0,0.2,0.022988799999438925
split_fidelity,electricity\gain_herding\budget_10\seed_2\split_fidelity.json,electricity,gain_herding,budget_10,seed_2,xgboost,0.19320153281060695,0.0,0.0,0.024287600001116516
split_fidelity,electricity\gain_herding\budget_100\seed_0\split_fidelity.json,electricity,gain_herding,budget_100,seed_0,xgboost,0.5693825271142459,0.0,0.0,0.047202800000377465
split_fidelity,electricity\gain_herding\budget_100\seed_1\split_fidelity.json,electricity,gain_herding,budget_100,seed_1,xgboost,0.30344938773652913,0.0,0.4,0.04438619999928051
split_fidelity,electricity\gain_herding\budget_100\seed_2\split_fidelity.json,electricity,gain_herding,budget_100,seed_2,xgboost,0.3298132918766103,0.0,0.0,0.042308500000217464
split_fidelity,electricity\gain_herding\budget_25\seed_0\split_fidelity.json,electricity,gain_herding,budget_25,seed_0,xgboost,0.1002006591967519,0.0,0.0,0.02537260000826791
split_fidelity,electricity\gain_herding\budget_25\seed_1\split_fidelity.json,electricity,gain_herding,budget_25,seed_1,xgboost,0.31481257567425663,0.0,0.0,0.027932899989536963
split_fidelity,electricity\gain_herding\budget_25\seed_2\split_fidelity.json,electricity,gain_herding,budget_25,seed_2,xgboost,0.30384142283148774,0.0,0.0,0.024458399988361634
split_fidelity,electricity\gain_herding\budget_50\seed_0\split_fidelity.json,electricity,gain_herding,budget_50,seed_0,xgboost,0.27036119826976046,0.0,0.0,0.03255720000015572
split_fidelity,electricity\gain_herding\budget_50\seed_1\split_fidelity.json,electricity,gain_herding,budget_50,seed_1,xgboost,0.4281705326428256,0.0,0.2,0.028359800009639002
split_fidelity,electricity\gain_herding\budget_50\seed_2\split_fidelity.json,electricity,gain_herding,budget_50,seed_2,xgboost,0.4505553408186309,0.0,0.0,0.0292221999989124
split_fidelity,electricity\gain_path_herding\budget_10\seed_0\split_fidelity.json,electricity,gain_path_herding,budget_10,seed_0,xgboost,0.11968442924339977,0.0,0.2,0.02456279999933031
split_fidelity,electricity\gain_path_herding\budget_10\seed_1\split_fidelity.json,electricity,gain_path_herding,budget_10,seed_1,xgboost,0.15211662054398498,0.0,0.2,0.029906399999163114
split_fidelity,electricity\gain_path_herding\budget_10\seed_2\split_fidelity.json,electricity,gain_path_herding,budget_10,seed_2,xgboost,0.017071561464438553,0.0,0.0,0.024904500000047847
split_fidelity,electricity\gain_path_herding\budget_100\seed_0\split_fidelity.json,electricity,gain_path_herding,budget_100,seed_0,xgboost,0.3750090970155343,0.0,0.2,0.04238989999976184
split_fidelity,electricity\gain_path_herding\budget_100\seed_1\split_fidelity.json,electricity,gain_path_herding,budget_100,seed_1,xgboost,0.28314553529458636,0.0,0.0,0.03880159999971511
split_fidelity,electricity\gain_path_herding\budget_100\seed_2\split_fidelity.json,electricity,gain_path_herding,budget_100,seed_2,xgboost,0.5022209314244712,0.0,0.0,0.03365470000062487
split_fidelity,electricity\gain_path_herding\budget_25\seed_0\split_fidelity.json,electricity,gain_path_herding,budget_25,seed_0,xgboost,0.33823991156199795,0.0,0.2,0.02410740000777878
split_fidelity,electricity\gain_path_herding\budget_25\seed_1\split_fidelity.json,electricity,gain_path_herding,budget_25,seed_1,xgboost,0.23043863817876642,0.0,0.0,0.027866399992490187
split_fidelity,electricity\gain_path_herding\budget_25\seed_2\split_fidelity.json,electricity,gain_path_herding,budget_25,seed_2,xgboost,0.2609923141831712,0.0,0.0,0.0194195999938529
split_fidelity,electricity\gain_path_herding\budget_50\seed_0\split_fidelity.json,electricity,gain_path_herding,budget_50,seed_0,xgboost,0.25432550054429137,0.0,0.2,0.02844359999289736
split_fidelity,electricity\gain_path_herding\budget_50\seed_1\split_fidelity.json,electricity,gain_path_herding,budget_50,seed_1,xgboost,0.4584337819844306,0.0,0.2,0.029214499998488463
split_fidelity,electricity\gain_path_herding\budget_50\seed_2\split_fidelity.json,electricity,gain_path_herding,budget_50,seed_2,xgboost,0.21976116445142996,0.0,0.0,0.024703300005057827
split_fidelity,electricity\gain_path_refined\budget_25\seed_0\split_fidelity.json,electricity,gain_path_refined,budget_25,seed_0,xgboost,0.4195924886214425,0.0,0.2,0.022531499998876825
split_fidelity,electricity\gain_path_refined\budget_25\seed_1\split_fidelity.json,electricity,gain_path_refined,budget_25,seed_1,xgboost,0.18680250119720546,0.0,0.0,0.021368800007621758
split_fidelity,electricity\gain_path_refined\budget_25\seed_2\split_fidelity.json,electricity,gain_path_refined,budget_25,seed_2,xgboost,0.2659718960425747,0.0,0.0,0.02254059999540914
split_fidelity,electricity\gain_path_refined\budget_50\seed_0\split_fidelity.json,electricity,gain_path_refined,budget_50,seed_0,xgboost,0.2918031218881522,0.0,0.2,0.032693999994080514
split_fidelity,electricity\gain_path_refined\budget_50\seed_1\split_fidelity.json,electricity,gain_path_refined,budget_50,seed_1,xgboost,0.570986651352421,0.0,0.2,0.03179060001275502
split_fidelity,electricity\gain_path_refined\budget_50\seed_2\split_fidelity.json,electricity,gain_path_refined,budget_50,seed_2,xgboost,0.3291847473263403,0.0,0.2,0.029403399996226653
split_fidelity,electricity\gain_path_safeguarded\budget_25\seed_0\split_fidelity.json,electricity,gain_path_safeguarded,budget_25,seed_0,xgboost,0.4195924886214425,0.0,0.2,0.022367400000803173
split_fidelity,electricity\gain_path_safeguarded\budget_25\seed_1\split_fidelity.json,electricity,gain_path_safeguarded,budget_25,seed_1,xgboost,0.18680250119720546,0.0,0.0,0.02038390000234358
split_fidelity,electricity\gain_path_safeguarded\budget_25\seed_2\split_fidelity.json,electricity,gain_path_safeguarded,budget_25,seed_2,xgboost,0.2659718960425747,0.0,0.0,0.028671500011114404
split_fidelity,electricity\gain_path_safeguarded\budget_50\seed_0\split_fidelity.json,electricity,gain_path_safeguarded,budget_50,seed_0,xgboost,0.2918031218881522,0.0,0.2,0.033530200002132915
split_fidelity,electricity\gain_path_safeguarded\budget_50\seed_1\split_fidelity.json,electricity,gain_path_safeguarded,budget_50,seed_1,xgboost,0.570986651352421,0.0,0.2,0.03199260000837967
split_fidelity,electricity\gain_path_safeguarded\budget_50\seed_2\split_fidelity.json,electricity,gain_path_safeguarded,budget_50,seed_2,xgboost,0.3291847473263403,0.0,0.2,0.028812899996410124
split_fidelity,electricity\gain_weighted_coreset\budget_10\seed_0\split_fidelity.json,electricity,gain_weighted_coreset,budget_10,seed_0,xgboost,0.1404005782595262,0.0,0.2,0.026486900000236346
split_fidelity,electricity\gain_weighted_coreset\budget_10\seed_1\split_fidelity.json,electricity,gain_weighted_coreset,budget_10,seed_1,xgboost,0.11844539324374914,0.0,0.2,0.028107600001021638
split_fidelity,electricity\gain_weighted_coreset\budget_10\seed_2\split_fidelity.json,electricity,gain_weighted_coreset,budget_10,seed_2,xgboost,0.19400467019409823,0.0,0.0,0.028918799998791656
split_fidelity,electricity\gain_weighted_coreset\budget_100\seed_0\split_fidelity.json,electricity,gain_weighted_coreset,budget_100,seed_0,xgboost,0.26256736975181316,0.0,0.0,0.060585100000025705
split_fidelity,electricity\gain_weighted_coreset\budget_100\seed_1\split_fidelity.json,electricity,gain_weighted_coreset,budget_100,seed_1,xgboost,0.4365177129714154,0.0,0.4,0.06287800000063726
split_fidelity,electricity\gain_weighted_coreset\budget_100\seed_2\split_fidelity.json,electricity,gain_weighted_coreset,budget_100,seed_2,xgboost,0.471842159776078,0.0,0.0,0.05653429999983928
split_fidelity,electricity\gain_weighted_coreset\budget_25\seed_0\split_fidelity.json,electricity,gain_weighted_coreset,budget_25,seed_0,xgboost,0.2726885209401105,0.0,0.0,0.03677109999989625
split_fidelity,electricity\gain_weighted_coreset\budget_25\seed_1\split_fidelity.json,electricity,gain_weighted_coreset,budget_25,seed_1,xgboost,0.3005945184347593,0.0,0.0,0.0351422999992792
split_fidelity,electricity\gain_weighted_coreset\budget_25\seed_2\split_fidelity.json,electricity,gain_weighted_coreset,budget_25,seed_2,xgboost,0.36068115427333314,0.0,0.0,0.029545699999289354
split_fidelity,electricity\gain_weighted_coreset\budget_50\seed_0\split_fidelity.json,electricity,gain_weighted_coreset,budget_50,seed_0,xgboost,0.24009465053999796,0.0,0.0,0.03930529999888677
split_fidelity,electricity\gain_weighted_coreset\budget_50\seed_1\split_fidelity.json,electricity,gain_weighted_coreset,budget_50,seed_1,xgboost,0.3416547429559091,0.0,0.4,0.03910660000110511
split_fidelity,electricity\gain_weighted_coreset\budget_50\seed_2\split_fidelity.json,electricity,gain_weighted_coreset,budget_50,seed_2,xgboost,0.312079970786859,0.0,0.0,0.04550240000025951
split_fidelity,electricity\gradient_sampling\budget_10\seed_0\split_fidelity.json,electricity,gradient_sampling,budget_10,seed_0,xgboost,0.14793189893901007,0.0,0.0,0.03832630000033532
split_fidelity,electricity\gradient_sampling\budget_10\seed_1\split_fidelity.json,electricity,gradient_sampling,budget_10,seed_1,xgboost,0.24679114634088473,0.0,0.2,0.0362342999997054
split_fidelity,electricity\gradient_sampling\budget_10\seed_2\split_fidelity.json,electricity,gradient_sampling,budget_10,seed_2,xgboost,0.19046860031077048,0.0,0.0,0.03685089999999036
split_fidelity,electricity\gradient_sampling\budget_100\seed_0\split_fidelity.json,electricity,gradient_sampling,budget_100,seed_0,xgboost,0.21698691891558497,0.0,0.0,0.04190420000031736
split_fidelity,electricity\gradient_sampling\budget_100\seed_1\split_fidelity.json,electricity,gradient_sampling,budget_100,seed_1,xgboost,0.3342947902565945,0.0,0.0,0.050394199999573175
split_fidelity,electricity\gradient_sampling\budget_100\seed_2\split_fidelity.json,electricity,gradient_sampling,budget_100,seed_2,xgboost,0.24107937959232137,0.0,0.0,0.04469119999976101
split_fidelity,electricity\gradient_sampling\budget_25\seed_0\split_fidelity.json,electricity,gradient_sampling,budget_25,seed_0,xgboost,0.14555324975036513,0.0,0.0,0.04469650000010006
split_fidelity,electricity\gradient_sampling\budget_25\seed_1\split_fidelity.json,electricity,gradient_sampling,budget_25,seed_1,xgboost,0.2226578841242613,0.0,0.0,0.03957100000025093
split_fidelity,electricity\gradient_sampling\budget_25\seed_2\split_fidelity.json,electricity,gradient_sampling,budget_25,seed_2,xgboost,0.14600705710216463,0.0,0.0,0.04400320000058855
split_fidelity,electricity\gradient_sampling\budget_50\seed_0\split_fidelity.json,electricity,gradient_sampling,budget_50,seed_0,xgboost,0.14980921404933567,0.0,0.0,0.03898800000024494
split_fidelity,electricity\gradient_sampling\budget_50\seed_1\split_fidelity.json,electricity,gradient_sampling,budget_50,seed_1,xgboost,0.270010178070206,0.0,0.0,0.03647590000036871
split_fidelity,electricity\gradient_sampling\budget_50\seed_2\split_fidelity.json,electricity,gradient_sampling,budget_50,seed_2,xgboost,0.15501650935008965,0.0,0.0,0.033004199999595585
split_fidelity,electricity\herding\budget_10\seed_0\split_fidelity.json,electricity,herding,budget_10,seed_0,xgboost,0.2364928059688873,0.0,0.0,0.03816240000014659
split_fidelity,electricity\herding\budget_10\seed_1\split_fidelity.json,electricity,herding,budget_10,seed_1,xgboost,0.2807562087611583,0.0,0.0,0.029182000000218977
split_fidelity,electricity\herding\budget_10\seed_2\split_fidelity.json,electricity,herding,budget_10,seed_2,xgboost,0.1962329408134382,0.0,0.0,0.03636129999995319
split_fidelity,electricity\herding\budget_100\seed_0\split_fidelity.json,electricity,herding,budget_100,seed_0,xgboost,0.20404614110077235,0.0,0.0,0.053988599999684084
split_fidelity,electricity\herding\budget_100\seed_1\split_fidelity.json,electricity,herding,budget_100,seed_1,xgboost,0.3076613188971662,0.0,0.0,0.04224039999917295
split_fidelity,electricity\herding\budget_100\seed_2\split_fidelity.json,electricity,herding,budget_100,seed_2,xgboost,0.21657335726352628,0.0,0.0,0.05026200000065728
split_fidelity,electricity\herding\budget_25\seed_0\split_fidelity.json,electricity,herding,budget_25,seed_0,xgboost,0.18805731963164468,0.0,0.0,0.023888900002930313
split_fidelity,electricity\herding\budget_25\seed_1\split_fidelity.json,electricity,herding,budget_25,seed_1,xgboost,0.3283417835887242,0.0,0.0,0.02491409999493044
split_fidelity,electricity\herding\budget_25\seed_2\split_fidelity.json,electricity,herding,budget_25,seed_2,xgboost,0.1311499103486262,0.0,0.0,0.023564000002807006
split_fidelity,electricity\herding\budget_50\seed_0\split_fidelity.json,electricity,herding,budget_50,seed_0,xgboost,0.21961252824639554,0.0,0.0,0.02792530000442639
split_fidelity,electricity\herding\budget_50\seed_1\split_fidelity.json,electricity,herding,budget_50,seed_1,xgboost,0.37081152916121296,0.0,0.0,0.028797999999369495
split_fidelity,electricity\herding\budget_50\seed_2\split_fidelity.json,electricity,herding,budget_50,seed_2,xgboost,0.2367129791810436,0.0,0.0,0.028149200006737374
split_fidelity,electricity\k_center\budget_10\seed_0\split_fidelity.json,electricity,k_center,budget_10,seed_0,xgboost,0.4409901017774151,0.0,0.0,0.03471790000003239
split_fidelity,electricity\k_center\budget_10\seed_1\split_fidelity.json,electricity,k_center,budget_10,seed_1,xgboost,-0.07081636021233628,0.0,0.0,0.03673849999995582
split_fidelity,electricity\k_center\budget_10\seed_2\split_fidelity.json,electricity,k_center,budget_10,seed_2,xgboost,0.041851462672244245,0.0,0.0,0.03317639999931998
split_fidelity,electricity\k_center\budget_100\seed_0\split_fidelity.json,electricity,k_center,budget_100,seed_0,xgboost,0.25700003743001787,0.0,0.0,0.0596691999999166
split_fidelity,electricity\k_center\budget_100\seed_1\split_fidelity.json,electricity,k_center,budget_100,seed_1,xgboost,0.24898228572896158,0.0,0.4,0.060877699999764445
split_fidelity,electricity\k_center\budget_100\seed_2\split_fidelity.json,electricity,k_center,budget_100,seed_2,xgboost,0.33647681893231923,0.0,0.0,0.051764799999546085
split_fidelity,electricity\k_center\budget_25\seed_0\split_fidelity.json,electricity,k_center,budget_25,seed_0,xgboost,0.2791006249465605,0.0,0.0,0.03598340000007738
split_fidelity,electricity\k_center\budget_25\seed_1\split_fidelity.json,electricity,k_center,budget_25,seed_1,xgboost,0.21395227039669093,0.0,0.2,0.038541100000657025
split_fidelity,electricity\k_center\budget_25\seed_2\split_fidelity.json,electricity,k_center,budget_25,seed_2,xgboost,0.005189757191499673,0.0,0.0,0.03961710000021412
split_fidelity,electricity\k_center\budget_50\seed_0\split_fidelity.json,electricity,k_center,budget_50,seed_0,xgboost,0.3075854612419248,0.0,0.0,0.04697189999933471
split_fidelity,electricity\k_center\budget_50\seed_1\split_fidelity.json,electricity,k_center,budget_50,seed_1,xgboost,0.20704300931608793,0.0,0.2,0.04389199999968696
split_fidelity,electricity\k_center\budget_50\seed_2\split_fidelity.json,electricity,k_center,budget_50,seed_2,xgboost,0.11417869331616858,0.0,0.0,0.0446750000000975
split_fidelity,electricity\random\budget_10\seed_0\split_fidelity.json,electricity,random,budget_10,seed_0,xgboost,0.03130317865326878,0.0,0.0,0.03269319999981235
split_fidelity,electricity\random\budget_10\seed_1\split_fidelity.json,electricity,random,budget_10,seed_1,xgboost,0.22457767448370755,0.0,0.2,0.03550639999957639
split_fidelity,electricity\random\budget_10\seed_2\split_fidelity.json,electricity,random,budget_10,seed_2,xgboost,0.1840277076343705,0.0,0.2,0.03618480000022828
split_fidelity,electricity\random\budget_100\seed_0\split_fidelity.json,electricity,random,budget_100,seed_0,xgboost,0.3984887519320277,0.0,0.0,0.05698500000016793
split_fidelity,electricity\random\budget_100\seed_1\split_fidelity.json,electricity,random,budget_100,seed_1,xgboost,0.35550472582624065,0.0,0.0,0.06588600000031875
split_fidelity,electricity\random\budget_100\seed_2\split_fidelity.json,electricity,random,budget_100,seed_2,xgboost,0.3820736283058485,0.0,0.0,0.05825419999928272
split_fidelity,electricity\random\budget_25\seed_0\split_fidelity.json,electricity,random,budget_25,seed_0,xgboost,0.33606571069648583,0.0,0.0,0.024629000006825663
split_fidelity,electricity\random\budget_25\seed_1\split_fidelity.json,electricity,random,budget_25,seed_1,xgboost,0.0032702216153625736,0.0,0.0,0.02555930000380613
split_fidelity,electricity\random\budget_25\seed_2\split_fidelity.json,electricity,random,budget_25,seed_2,xgboost,0.1372535203372157,0.0,0.2,0.02290759999596048
split_fidelity,electricity\random\budget_50\seed_0\split_fidelity.json,electricity,random,budget_50,seed_0,xgboost,0.40721618408566357,0.0,0.2,0.02906549999897834
split_fidelity,electricity\random\budget_50\seed_1\split_fidelity.json,electricity,random,budget_50,seed_1,xgboost,0.24444349279101538,0.0,0.0,0.02648390000103973
split_fidelity,electricity\random\budget_50\seed_2\split_fidelity.json,electricity,random,budget_50,seed_2,xgboost,0.17080853445696495,0.0,0.2,0.024236400000518188
split_fidelity,electricity\tree_region\budget_10\seed_0\split_fidelity.json,electricity,tree_region,budget_10,seed_0,xgboost,0.14793189893901007,0.0,0.0,0.03602070000033564
split_fidelity,electricity\tree_region\budget_10\seed_1\split_fidelity.json,electricity,tree_region,budget_10,seed_1,xgboost,0.24679114634088473,0.0,0.2,0.036496599999736645
split_fidelity,electricity\tree_region\budget_10\seed_2\split_fidelity.json,electricity,tree_region,budget_10,seed_2,xgboost,0.19046860031077048,0.0,0.0,0.03281599999991158
split_fidelity,electricity\tree_region\budget_100\seed_0\split_fidelity.json,electricity,tree_region,budget_100,seed_0,xgboost,0.21698691891558497,0.0,0.0,0.04346540000005916
split_fidelity,electricity\tree_region\budget_100\seed_1\split_fidelity.json,electricity,tree_region,budget_100,seed_1,xgboost,0.3342947902565945,0.0,0.0,0.03951059999963036
split_fidelity,electricity\tree_region\budget_100\seed_2\split_fidelity.json,electricity,tree_region,budget_100,seed_2,xgboost,0.24107937959232137,0.0,0.0,0.03764050000063435
split_fidelity,electricity\tree_region\budget_25\seed_0\split_fidelity.json,electricity,tree_region,budget_25,seed_0,xgboost,0.14555324975036513,0.0,0.0,0.03915489999963029
split_fidelity,electricity\tree_region\budget_25\seed_1\split_fidelity.json,electricity,tree_region,budget_25,seed_1,xgboost,0.2226578841242613,0.0,0.0,0.0509079000003112
split_fidelity,electricity\tree_region\budget_25\seed_2\split_fidelity.json,electricity,tree_region,budget_25,seed_2,xgboost,0.14600705710216463,0.0,0.0,0.04112090000035096
split_fidelity,electricity\tree_region\budget_50\seed_0\split_fidelity.json,electricity,tree_region,budget_50,seed_0,xgboost,0.14980921404933567,0.0,0.0,0.058457399999497284
split_fidelity,electricity\tree_region\budget_50\seed_1\split_fidelity.json,electricity,tree_region,budget_50,seed_1,xgboost,0.270010178070206,0.0,0.0,0.04190839999955642
split_fidelity,electricity\tree_region\budget_50\seed_2\split_fidelity.json,electricity,tree_region,budget_50,seed_2,xgboost,0.15501650935008965,0.0,0.0,0.053526400000009744
split_fidelity,gametes_epistasis_2_way_1000atts_0_4h_edm_1_edm_1_1\distribution_matching\budget_10\seed_0\split_fidelity.json,gametes_epistasis_2_way_1000atts_0_4h_edm_1_edm_1_1,distribution_matching,budget_10,seed_0,xgboost,0.30840474811905993,0.0,0.0,0.12262329999975918
split_fidelity,gametes_epistasis_2_way_1000atts_0_4h_edm_1_edm_1_1\distribution_matching\budget_10\seed_1\split_fidelity.json,gametes_epistasis_2_way_1000atts_0_4h_edm_1_edm_1_1,distribution_matching,budget_10,seed_1,xgboost,0.27185848260762213,0.0,0.0,0.0874803000006068
split_fidelity,gametes_epistasis_2_way_1000atts_0_4h_edm_1_edm_1_1\distribution_matching\budget_10\seed_2\split_fidelity.json,gametes_epistasis_2_way_1000atts_0_4h_edm_1_edm_1_1,distribution_matching,budget_10,seed_2,xgboost,0.1351090617480478,0.0,0.0,0.11529989999962709
split_fidelity,gametes_epistasis_2_way_1000atts_0_4h_edm_1_edm_1_1\distribution_matching\budget_100\seed_0\split_fidelity.json,gametes_epistasis_2_way_1000atts_0_4h_edm_1_edm_1_1,distribution_matching,budget_100,seed_0,xgboost,0.5251181672603858,0.0,0.0,0.28558220000013534
split_fidelity,gametes_epistasis_2_way_1000atts_0_4h_edm_1_edm_1_1\distribution_matching\budget_100\seed_1\split_fidelity.json,gametes_epistasis_2_way_1000atts_0_4h_edm_1_edm_1_1,distribution_matching,budget_100,seed_1,xgboost,0.4477186220240796,0.0,0.0,0.25030789999982517
split_fidelity,gametes_epistasis_2_way_1000atts_0_4h_edm_1_edm_1_1\distribution_matching\budget_100\seed_2\split_fidelity.json,gametes_epistasis_2_way_1000atts_0_4h_edm_1_edm_1_1,distribution_matching,budget_100,seed_2,xgboost,0.33702013210796744,0.0,0.0,0.2608976999999868
split_fidelity,gametes_epistasis_2_way_1000atts_0_4h_edm_1_edm_1_1\distribution_matching\budget_25\seed_0\split_fidelity.json,gametes_epistasis_2_way_1000atts_0_4h_edm_1_edm_1_1,distribution_matching,budget_25,seed_0,xgboost,0.34327266074609886,0.0,0.2,0.16036739999981364
split_fidelity,gametes_epistasis_2_way_1000atts_0_4h_edm_1_edm_1_1\distribution_matching\budget_25\seed_1\split_fidelity.json,gametes_epistasis_2_way_1000atts_0_4h_edm_1_edm_1_1,distribution_matching,budget_25,seed_1,xgboost,0.25582394120542035,0.0,0.2,0.1633484000003591
split_fidelity,gametes_epistasis_2_way_1000atts_0_4h_edm_1_edm_1_1\distribution_matching\budget_25\seed_2\split_fidelity.json,gametes_epistasis_2_way_1000atts_0_4h_edm_1_edm_1_1,distribution_matching,budget_25,seed_2,xgboost,0.2429677559636465,0.0,0.0,0.13439219999963825
split_fidelity,gametes_epistasis_2_way_1000atts_0_4h_edm_1_edm_1_1\distribution_matching\budget_50\seed_0\split_fidelity.json,gametes_epistasis_2_way_1000atts_0_4h_edm_1_edm_1_1,distribution_matching,budget_50,seed_0,xgboost,0.41159920870676675,0.0,0.0,0.18913189999966562
split_fidelity,gametes_epistasis_2_way_1000atts_0_4h_edm_1_edm_1_1\distribution_matching\budget_50\seed_1\split_fidelity.json,gametes_epistasis_2_way_1000atts_0_4h_edm_1_edm_1_1,distribution_matching,budget_50,seed_1,xgboost,0.2978789580008215,0.0,0.0,0.18342040000061388
split_fidelity,gametes_epistasis_2_way_1000atts_0_4h_edm_1_edm_1_1\distribution_matching\budget_50\seed_2\split_fidelity.json,gametes_epistasis_2_way_1000atts_0_4h_edm_1_edm_1_1,distribution_matching,budget_50,seed_2,xgboost,0.31765430030986014,0.0,0.0,0.1790523999998186
split_fidelity,gametes_epistasis_2_way_1000atts_0_4h_edm_1_edm_1_1\full_data\budget_10\seed_0\split_fidelity.json,gametes_epistasis_2_way_1000atts_0_4h_edm_1_edm_1_1,full_data,budget_10,seed_0,xgboost,1.0,1.0,1.0,0.7635042000001704
split_fidelity,gametes_epistasis_2_way_1000atts_0_4h_edm_1_edm_1_1\full_data\budget_10\seed_1\split_fidelity.json,gametes_epistasis_2_way_1000atts_0_4h_edm_1_edm_1_1,full_data,budget_10,seed_1,xgboost,0.8842790563590063,0.0,0.2,0.6650115000002188
split_fidelity,gametes_epistasis_2_way_1000atts_0_4h_edm_1_edm_1_1\full_data\budget_10\seed_2\split_fidelity.json,gametes_epistasis_2_way_1000atts_0_4h_edm_1_edm_1_1,full_data,budget_10,seed_2,xgboost,0.8697955593976341,1.0,0.4,0.7136190000001079
split_fidelity,gametes_epistasis_2_way_1000atts_0_4h_edm_1_edm_1_1\full_data\budget_100\seed_0\split_fidelity.json,gametes_epistasis_2_way_1000atts_0_4h_edm_1_edm_1_1,full_data,budget_100,seed_0,xgboost,1.0,1.0,1.0,1.1042741000001115
split_fidelity,gametes_epistasis_2_way_1000atts_0_4h_edm_1_edm_1_1\full_data\budget_100\seed_1\split_fidelity.json,gametes_epistasis_2_way_1000atts_0_4h_edm_1_edm_1_1,full_data,budget_100,seed_1,xgboost,0.8842790563590063,0.0,0.2,0.7017876999998407
split_fidelity,gametes_epistasis_2_way_1000atts_0_4h_edm_1_edm_1_1\full_data\budget_100\seed_2\split_fidelity.json,gametes_epistasis_2_way_1000atts_0_4h_edm_1_edm_1_1,full_data,budget_100,seed_2,xgboost,0.8697955593976341,1.0,0.4,0.6543152999993254
split_fidelity,gametes_epistasis_2_way_1000atts_0_4h_edm_1_edm_1_1\full_data\budget_25\seed_0\split_fidelity.json,gametes_epistasis_2_way_1000atts_0_4h_edm_1_edm_1_1,full_data,budget_25,seed_0,xgboost,1.0,1.0,1.0,0.7021651000004567
split_fidelity,gametes_epistasis_2_way_1000atts_0_4h_edm_1_edm_1_1\full_data\budget_25\seed_1\split_fidelity.json,gametes_epistasis_2_way_1000atts_0_4h_edm_1_edm_1_1,full_data,budget_25,seed_1,xgboost,0.8842790563590063,0.0,0.2,0.6650700999998662
split_fidelity,gametes_epistasis_2_way_1000atts_0_4h_edm_1_edm_1_1\full_data\budget_25\seed_2\split_fidelity.json,gametes_epistasis_2_way_1000atts_0_4h_edm_1_edm_1_1,full_data,budget_25,seed_2,xgboost,0.8697955593976341,1.0,0.4,1.176699199999348
split_fidelity,gametes_epistasis_2_way_1000atts_0_4h_edm_1_edm_1_1\full_data\budget_50\seed_0\split_fidelity.json,gametes_epistasis_2_way_1000atts_0_4h_edm_1_edm_1_1,full_data,budget_50,seed_0,xgboost,1.0,1.0,1.0,0.7182651999992231
split_fidelity,gametes_epistasis_2_way_1000atts_0_4h_edm_1_edm_1_1\full_data\budget_50\seed_1\split_fidelity.json,gametes_epistasis_2_way_1000atts_0_4h_edm_1_edm_1_1,full_data,budget_50,seed_1,xgboost,0.8842790563590063,0.0,0.2,0.7123480999998719
split_fidelity,gametes_epistasis_2_way_1000atts_0_4h_edm_1_edm_1_1\full_data\budget_50\seed_2\split_fidelity.json,gametes_epistasis_2_way_1000atts_0_4h_edm_1_edm_1_1,full_data,budget_50,seed_2,xgboost,0.8697955593976341,1.0,0.4,0.692978299999595
split_fidelity,gametes_epistasis_2_way_1000atts_0_4h_edm_1_edm_1_1\gaindistill\budget_10\seed_0\split_fidelity.json,gametes_epistasis_2_way_1000atts_0_4h_edm_1_edm_1_1,gaindistill,budget_10,seed_0,xgboost,-0.01892402163681435,0.0,0.2,0.2112559000006513
split_fidelity,gametes_epistasis_2_way_1000atts_0_4h_edm_1_edm_1_1\gaindistill\budget_10\seed_1\split_fidelity.json,gametes_epistasis_2_way_1000atts_0_4h_edm_1_edm_1_1,gaindistill,budget_10,seed_1,xgboost,0.28329096341187326,0.0,0.2,0.140417300000081
split_fidelity,gametes_epistasis_2_way_1000atts_0_4h_edm_1_edm_1_1\gaindistill\budget_10\seed_2\split_fidelity.json,gametes_epistasis_2_way_1000atts_0_4h_edm_1_edm_1_1,gaindistill,budget_10,seed_2,xgboost,0.42517598174733506,0.0,0.0,0.19428980000066076
split_fidelity,gametes_epistasis_2_way_1000atts_0_4h_edm_1_edm_1_1\gaindistill\budget_100\seed_0\split_fidelity.json,gametes_epistasis_2_way_1000atts_0_4h_edm_1_edm_1_1,gaindistill,budget_100,seed_0,xgboost,0.08942461909692499,0.0,0.2,0.3784851999998864
split_fidelity,gametes_epistasis_2_way_1000atts_0_4h_edm_1_edm_1_1\gaindistill\budget_100\seed_1\split_fidelity.json,gametes_epistasis_2_way_1000atts_0_4h_edm_1_edm_1_1,gaindistill,budget_100,seed_1,xgboost,0.138155541831323,0.0,0.0,0.24712229999931878
split_fidelity,gametes_epistasis_2_way_1000atts_0_4h_edm_1_edm_1_1\gaindistill\budget_100\seed_2\split_fidelity.json,gametes_epistasis_2_way_1000atts_0_4h_edm_1_edm_1_1,gaindistill,budget_100,seed_2,xgboost,0.0010790220915127212,0.0,0.2,0.19006630000058067
split_fidelity,gametes_epistasis_2_way_1000atts_0_4h_edm_1_edm_1_1\gaindistill\budget_25\seed_0\split_fidelity.json,gametes_epistasis_2_way_1000atts_0_4h_edm_1_edm_1_1,gaindistill,budget_25,seed_0,xgboost,0.455884453385712,1.0,0.2,0.11562009999943257
split_fidelity,gametes_epistasis_2_way_1000atts_0_4h_edm_1_edm_1_1\gaindistill\budget_25\seed_1\split_fidelity.json,gametes_epistasis_2_way_1000atts_0_4h_edm_1_edm_1_1,gaindistill,budget_25,seed_1,xgboost,0.5877813080580073,0.0,0.0,0.12056069999925967
split_fidelity,gametes_epistasis_2_way_1000atts_0_4h_edm_1_edm_1_1\gaindistill\budget_25\seed_2\split_fidelity.json,gametes_epistasis_2_way_1000atts_0_4h_edm_1_edm_1_1,gaindistill,budget_25,seed_2,xgboost,0.2933374308097304,0.0,0.2,0.1395531000007395
split_fidelity,gametes_epistasis_2_way_1000atts_0_4h_edm_1_edm_1_1\gaindistill\budget_50\seed_0\split_fidelity.json,gametes_epistasis_2_way_1000atts_0_4h_edm_1_edm_1_1,gaindistill,budget_50,seed_0,xgboost,0.13338047128655575,0.0,0.2,0.13909239999975398
split_fidelity,gametes_epistasis_2_way_1000atts_0_4h_edm_1_edm_1_1\gaindistill\budget_50\seed_1\split_fidelity.json,gametes_epistasis_2_way_1000atts_0_4h_edm_1_edm_1_1,gaindistill,budget_50,seed_1,xgboost,0.31599666807975907,0.0,0.0,0.1598547999992661
split_fidelity,gametes_epistasis_2_way_1000atts_0_4h_edm_1_edm_1_1\gaindistill\budget_50\seed_2\split_fidelity.json,gametes_epistasis_2_way_1000atts_0_4h_edm_1_edm_1_1,gaindistill,budget_50,seed_2,xgboost,-0.11290866291530874,0.0,0.2,0.17564279999987775
split_fidelity,gametes_epistasis_2_way_1000atts_0_4h_edm_1_edm_1_1\gaindistill_hybrid\budget_10\seed_0\split_fidelity.json,gametes_epistasis_2_way_1000atts_0_4h_edm_1_edm_1_1,gaindistill_hybrid,budget_10,seed_0,xgboost,0.2737293452364669,0.0,0.0,0.13180169999941427
split_fidelity,gametes_epistasis_2_way_1000atts_0_4h_edm_1_edm_1_1\gaindistill_hybrid\budget_10\seed_1\split_fidelity.json,gametes_epistasis_2_way_1000atts_0_4h_edm_1_edm_1_1,gaindistill_hybrid,budget_10,seed_1,xgboost,0.24182658968804593,0.0,0.0,0.09771340000042983
split_fidelity,gametes_epistasis_2_way_1000atts_0_4h_edm_1_edm_1_1\gaindistill_hybrid\budget_10\seed_2\split_fidelity.json,gametes_epistasis_2_way_1000atts_0_4h_edm_1_edm_1_1,gaindistill_hybrid,budget_10,seed_2,xgboost,0.14910909764895397,0.0,0.0,0.17732210000031046
split_fidelity,gametes_epistasis_2_way_1000atts_0_4h_edm_1_edm_1_1\gaindistill_hybrid\budget_100\seed_0\split_fidelity.json,gametes_epistasis_2_way_1000atts_0_4h_edm_1_edm_1_1,gaindistill_hybrid,budget_100,seed_0,xgboost,0.668085720435615,0.0,0.0,0.4667827000012039
split_fidelity,gametes_epistasis_2_way_1000atts_0_4h_edm_1_edm_1_1\gaindistill_hybrid\budget_100\seed_1\split_fidelity.json,gametes_epistasis_2_way_1000atts_0_4h_edm_1_edm_1_1,gaindistill_hybrid,budget_100,seed_1,xgboost,0.7470307613931999,0.0,0.2,0.29499890000079176
split_fidelity,gametes_epistasis_2_way_1000atts_0_4h_edm_1_edm_1_1\gaindistill_hybrid\budget_100\seed_2\split_fidelity.json,gametes_epistasis_2_way_1000atts_0_4h_edm_1_edm_1_1,gaindistill_hybrid,budget_100,seed_2,xgboost,0.6519376982947773,0.0,0.0,0.26035379999848374
split_fidelity,gametes_epistasis_2_way_1000atts_0_4h_edm_1_edm_1_1\gaindistill_hybrid\budget_25\seed_0\split_fidelity.json,gametes_epistasis_2_way_1000atts_0_4h_edm_1_edm_1_1,gaindistill_hybrid,budget_25,seed_0,xgboost,0.3086338560976908,0.0,0.0,0.13070019999940996
split_fidelity,gametes_epistasis_2_way_1000atts_0_4h_edm_1_edm_1_1\gaindistill_hybrid\budget_25\seed_1\split_fidelity.json,gametes_epistasis_2_way_1000atts_0_4h_edm_1_edm_1_1,gaindistill_hybrid,budget_25,seed_1,xgboost,0.3403084825497846,0.0,0.2,0.1322483000003558
split_fidelity,gametes_epistasis_2_way_1000atts_0_4h_edm_1_edm_1_1\gaindistill_hybrid\budget_25\seed_2\split_fidelity.json,gametes_epistasis_2_way_1000atts_0_4h_edm_1_edm_1_1,gaindistill_hybrid,budget_25,seed_2,xgboost,0.3319860592832897,0.0,0.2,0.14536109999971814
split_fidelity,gametes_epistasis_2_way_1000atts_0_4h_edm_1_edm_1_1\gaindistill_hybrid\budget_50\seed_0\split_fidelity.json,gametes_epistasis_2_way_1000atts_0_4h_edm_1_edm_1_1,gaindistill_hybrid,budget_50,seed_0,xgboost,0.6464764735340631,0.0,0.2,0.17655629999899247
split_fidelity,gametes_epistasis_2_way_1000atts_0_4h_edm_1_edm_1_1\gaindistill_hybrid\budget_50\seed_1\split_fidelity.json,gametes_epistasis_2_way_1000atts_0_4h_edm_1_edm_1_1,gaindistill_hybrid,budget_50,seed_1,xgboost,0.6361664820227168,0.0,0.0,0.19165669999892998
split_fidelity,gametes_epistasis_2_way_1000atts_0_4h_edm_1_edm_1_1\gaindistill_hybrid\budget_50\seed_2\split_fidelity.json,gametes_epistasis_2_way_1000atts_0_4h_edm_1_edm_1_1,gaindistill_hybrid,budget_50,seed_2,xgboost,0.5569854734342533,0.0,0.0,0.19638540000050853
split_fidelity,gametes_epistasis_2_way_1000atts_0_4h_edm_1_edm_1_1\gaindistill_path_hybrid\budget_10\seed_0\split_fidelity.json,gametes_epistasis_2_way_1000atts_0_4h_edm_1_edm_1_1,gaindistill_path_hybrid,budget_10,seed_0,xgboost,0.27281659321581114,0.0,0.2,0.10198040000068431
split_fidelity,gametes_epistasis_2_way_1000atts_0_4h_edm_1_edm_1_1\gaindistill_path_hybrid\budget_10\seed_1\split_fidelity.json,gametes_epistasis_2_way_1000atts_0_4h_edm_1_edm_1_1,gaindistill_path_hybrid,budget_10,seed_1,xgboost,0.22162743149967554,0.0,0.0,0.0997852000000421
split_fidelity,gametes_epistasis_2_way_1000atts_0_4h_edm_1_edm_1_1\gaindistill_path_hybrid\budget_10\seed_2\split_fidelity.json,gametes_epistasis_2_way_1000atts_0_4h_edm_1_edm_1_1,gaindistill_path_hybrid,budget_10,seed_2,xgboost,0.12271546206563529,0.0,0.0,0.07942910000019765
split_fidelity,gametes_epistasis_2_way_1000atts_0_4h_edm_1_edm_1_1\gaindistill_path_hybrid\budget_100\seed_0\split_fidelity.json,gametes_epistasis_2_way_1000atts_0_4h_edm_1_edm_1_1,gaindistill_path_hybrid,budget_100,seed_0,xgboost,0.641649468342441,0.0,0.0,0.2519577000002755
split_fidelity,gametes_epistasis_2_way_1000atts_0_4h_edm_1_edm_1_1\gaindistill_path_hybrid\budget_100\seed_1\split_fidelity.json,gametes_epistasis_2_way_1000atts_0_4h_edm_1_edm_1_1,gaindistill_path_hybrid,budget_100,seed_1,xgboost,0.741804123336696,0.0,0.2,0.2446447000002081
split_fidelity,gametes_epistasis_2_way_1000atts_0_4h_edm_1_edm_1_1\gaindistill_path_hybrid\budget_100\seed_2\split_fidelity.json,gametes_epistasis_2_way_1000atts_0_4h_edm_1_edm_1_1,gaindistill_path_hybrid,budget_100,seed_2,xgboost,0.745000045024358,0.0,0.2,0.22195189999911236
split_fidelity,gametes_epistasis_2_way_1000atts_0_4h_edm_1_edm_1_1\gaindistill_path_hybrid\budget_25\seed_0\split_fidelity.json,gametes_epistasis_2_way_1000atts_0_4h_edm_1_edm_1_1,gaindistill_path_hybrid,budget_25,seed_0,xgboost,0.3671567330989561,0.0,0.0,0.12143840000135242
split_fidelity,gametes_epistasis_2_way_1000atts_0_4h_edm_1_edm_1_1\gaindistill_path_hybrid\budget_25\seed_1\split_fidelity.json,gametes_epistasis_2_way_1000atts_0_4h_edm_1_edm_1_1,gaindistill_path_hybrid,budget_25,seed_1,xgboost,0.31003210256582553,0.0,0.0,0.1400685999997222
split_fidelity,gametes_epistasis_2_way_1000atts_0_4h_edm_1_edm_1_1\gaindistill_path_hybrid\budget_25\seed_2\split_fidelity.json,gametes_epistasis_2_way_1000atts_0_4h_edm_1_edm_1_1,gaindistill_path_hybrid,budget_25,seed_2,xgboost,0.3690198972684182,0.0,0.0,0.1398946999997861
split_fidelity,gametes_epistasis_2_way_1000atts_0_4h_edm_1_edm_1_1\gaindistill_path_hybrid\budget_50\seed_0\split_fidelity.json,gametes_epistasis_2_way_1000atts_0_4h_edm_1_edm_1_1,gaindistill_path_hybrid,budget_50,seed_0,xgboost,0.612957857191065,0.0,0.0,0.17531790000066394
split_fidelity,gametes_epistasis_2_way_1000atts_0_4h_edm_1_edm_1_1\gaindistill_path_hybrid\budget_50\seed_1\split_fidelity.json,gametes_epistasis_2_way_1000atts_0_4h_edm_1_edm_1_1,gaindistill_path_hybrid,budget_50,seed_1,xgboost,0.6053574005075243,0.0,0.0,0.18347440000070492
split_fidelity,gametes_epistasis_2_way_1000atts_0_4h_edm_1_edm_1_1\gaindistill_path_hybrid\budget_50\seed_2\split_fidelity.json,gametes_epistasis_2_way_1000atts_0_4h_edm_1_edm_1_1,gaindistill_path_hybrid,budget_50,seed_2,xgboost,0.4132712835906208,0.0,0.0,0.15113689999998314
split_fidelity,gametes_epistasis_2_way_1000atts_0_4h_edm_1_edm_1_1\gain_herding\budget_10\seed_0\split_fidelity.json,gametes_epistasis_2_way_1000atts_0_4h_edm_1_edm_1_1,gain_herding,budget_10,seed_0,xgboost,0.27487182589097686,0.0,0.0,0.06881919999977981
split_fidelity,gametes_epistasis_2_way_1000atts_0_4h_edm_1_edm_1_1\gain_herding\budget_10\seed_1\split_fidelity.json,gametes_epistasis_2_way_1000atts_0_4h_edm_1_edm_1_1,gain_herding,budget_10,seed_1,xgboost,0.33700148212913117,0.0,0.0,0.12780239999847254
split_fidelity,gametes_epistasis_2_way_1000atts_0_4h_edm_1_edm_1_1\gain_herding\budget_10\seed_2\split_fidelity.json,gametes_epistasis_2_way_1000atts_0_4h_edm_1_edm_1_1,gain_herding,budget_10,seed_2,xgboost,0.08641792007969616,0.0,0.0,0.09454789999836066
split_fidelity,gametes_epistasis_2_way_1000atts_0_4h_edm_1_edm_1_1\gain_herding\budget_100\seed_0\split_fidelity.json,gametes_epistasis_2_way_1000atts_0_4h_edm_1_edm_1_1,gain_herding,budget_100,seed_0,xgboost,0.7036476538563259,0.0,0.0,0.22634300000026997
split_fidelity,gametes_epistasis_2_way_1000atts_0_4h_edm_1_edm_1_1\gain_herding\budget_100\seed_1\split_fidelity.json,gametes_epistasis_2_way_1000atts_0_4h_edm_1_edm_1_1,gain_herding,budget_100,seed_1,xgboost,0.7434081605333471,0.0,0.2,0.2296158999997715
split_fidelity,gametes_epistasis_2_way_1000atts_0_4h_edm_1_edm_1_1\gain_herding\budget_100\seed_2\split_fidelity.json,gametes_epistasis_2_way_1000atts_0_4h_edm_1_edm_1_1,gain_herding,budget_100,seed_2,xgboost,0.6179593159899505,0.0,0.2,0.2200728000007075
split_fidelity,gametes_epistasis_2_way_1000atts_0_4h_edm_1_edm_1_1\gain_herding\budget_25\seed_0\split_fidelity.json,gametes_epistasis_2_way_1000atts_0_4h_edm_1_edm_1_1,gain_herding,budget_25,seed_0,xgboost,0.36441205481246536,0.0,0.0,0.09548029999132268
split_fidelity,gametes_epistasis_2_way_1000atts_0_4h_edm_1_edm_1_1\gain_herding\budget_25\seed_1\split_fidelity.json,gametes_epistasis_2_way_1000atts_0_4h_edm_1_edm_1_1,gain_herding,budget_25,seed_1,xgboost,0.4129596913899214,0.0,0.2,0.08868190000066534
split_fidelity,gametes_epistasis_2_way_1000atts_0_4h_edm_1_edm_1_1\gain_herding\budget_25\seed_2\split_fidelity.json,gametes_epistasis_2_way_1000atts_0_4h_edm_1_edm_1_1,gain_herding,budget_25,seed_2,xgboost,0.3601923552236277,0.0,0.2,0.0878993999940576
split_fidelity,gametes_epistasis_2_way_1000atts_0_4h_edm_1_edm_1_1\gain_herding\budget_50\seed_0\split_fidelity.json,gametes_epistasis_2_way_1000atts_0_4h_edm_1_edm_1_1,gain_herding,budget_50,seed_0,xgboost,0.6737101097826405,0.0,0.2,0.11999829999695066
split_fidelity,gametes_epistasis_2_way_1000atts_0_4h_edm_1_edm_1_1\gain_herding\budget_50\seed_1\split_fidelity.json,gametes_epistasis_2_way_1000atts_0_4h_edm_1_edm_1_1,gain_herding,budget_50,seed_1,xgboost,0.5474814070965995,0.0,0.0,0.12590269999054726
split_fidelity,gametes_epistasis_2_way_1000atts_0_4h_edm_1_edm_1_1\gain_herding\budget_50\seed_2\split_fidelity.json,gametes_epistasis_2_way_1000atts_0_4h_edm_1_edm_1_1,gain_herding,budget_50,seed_2,xgboost,0.5209323992900098,0.0,0.0,0.12524919999123085
split_fidelity,gametes_epistasis_2_way_1000atts_0_4h_edm_1_edm_1_1\gain_path_herding\budget_10\seed_0\split_fidelity.json,gametes_epistasis_2_way_1000atts_0_4h_edm_1_edm_1_1,gain_path_herding,budget_10,seed_0,xgboost,0.2397268436047001,0.0,0.0,0.060977099999945494
split_fidelity,gametes_epistasis_2_way_1000atts_0_4h_edm_1_edm_1_1\gain_path_herding\budget_10\seed_1\split_fidelity.json,gametes_epistasis_2_way_1000atts_0_4h_edm_1_edm_1_1,gain_path_herding,budget_10,seed_1,xgboost,0.21950486805491987,0.0,0.0,0.07300310000027821
split_fidelity,gametes_epistasis_2_way_1000atts_0_4h_edm_1_edm_1_1\gain_path_herding\budget_10\seed_2\split_fidelity.json,gametes_epistasis_2_way_1000atts_0_4h_edm_1_edm_1_1,gain_path_herding,budget_10,seed_2,xgboost,0.09733382008032514,0.0,0.0,0.07508190000044124
split_fidelity,gametes_epistasis_2_way_1000atts_0_4h_edm_1_edm_1_1\gain_path_herding\budget_100\seed_0\split_fidelity.json,gametes_epistasis_2_way_1000atts_0_4h_edm_1_edm_1_1,gain_path_herding,budget_100,seed_0,xgboost,0.666321735642921,0.0,0.0,0.1904701000003115
split_fidelity,gametes_epistasis_2_way_1000atts_0_4h_edm_1_edm_1_1\gain_path_herding\budget_100\seed_1\split_fidelity.json,gametes_epistasis_2_way_1000atts_0_4h_edm_1_edm_1_1,gain_path_herding,budget_100,seed_1,xgboost,0.7043285277085685,0.0,0.0,0.1994844999990164
split_fidelity,gametes_epistasis_2_way_1000atts_0_4h_edm_1_edm_1_1\gain_path_herding\budget_100\seed_2\split_fidelity.json,gametes_epistasis_2_way_1000atts_0_4h_edm_1_edm_1_1,gain_path_herding,budget_100,seed_2,xgboost,0.716100410321984,0.0,0.2,0.19505459999891173
split_fidelity,gametes_epistasis_2_way_1000atts_0_4h_edm_1_edm_1_1\gain_path_herding\budget_25\seed_0\split_fidelity.json,gametes_epistasis_2_way_1000atts_0_4h_edm_1_edm_1_1,gain_path_herding,budget_25,seed_0,xgboost,0.34560824415664626,0.0,0.4,0.07832100000814535
split_fidelity,gametes_epistasis_2_way_1000atts_0_4h_edm_1_edm_1_1\gain_path_herding\budget_25\seed_1\split_fidelity.json,gametes_epistasis_2_way_1000atts_0_4h_edm_1_edm_1_1,gain_path_herding,budget_25,seed_1,xgboost,0.3442873641168319,0.0,0.0,0.08129380000173114
split_fidelity,gametes_epistasis_2_way_1000atts_0_4h_edm_1_edm_1_1\gain_path_herding\budget_25\seed_2\split_fidelity.json,gametes_epistasis_2_way_1000atts_0_4h_edm_1_edm_1_1,gain_path_herding,budget_25,seed_2,xgboost,0.41031342040857866,0.0,0.0,0.07947599999897648
split_fidelity,gametes_epistasis_2_way_1000atts_0_4h_edm_1_edm_1_1\gain_path_herding\budget_50\seed_0\split_fidelity.json,gametes_epistasis_2_way_1000atts_0_4h_edm_1_edm_1_1,gain_path_herding,budget_50,seed_0,xgboost,0.589631802705731,0.0,0.0,0.11209410001174547
split_fidelity,gametes_epistasis_2_way_1000atts_0_4h_edm_1_edm_1_1\gain_path_herding\budget_50\seed_1\split_fidelity.json,gametes_epistasis_2_way_1000atts_0_4h_edm_1_edm_1_1,gain_path_herding,budget_50,seed_1,xgboost,0.6008078745441763,0.0,0.0,0.12021180000738241
split_fidelity,gametes_epistasis_2_way_1000atts_0_4h_edm_1_edm_1_1\gain_path_herding\budget_50\seed_2\split_fidelity.json,gametes_epistasis_2_way_1000atts_0_4h_edm_1_edm_1_1,gain_path_herding,budget_50,seed_2,xgboost,0.43511880571019407,0.0,0.0,0.11861160000262316
split_fidelity,gametes_epistasis_2_way_1000atts_0_4h_edm_1_edm_1_1\gain_path_refined\budget_25\seed_0\split_fidelity.json,gametes_epistasis_2_way_1000atts_0_4h_edm_1_edm_1_1,gain_path_refined,budget_25,seed_0,xgboost,0.36088110467548334,0.0,0.2,0.08539840001321863
split_fidelity,gametes_epistasis_2_way_1000atts_0_4h_edm_1_edm_1_1\gain_path_refined\budget_25\seed_1\split_fidelity.json,gametes_epistasis_2_way_1000atts_0_4h_edm_1_edm_1_1,gain_path_refined,budget_25,seed_1,xgboost,0.4052926901215079,0.0,0.2,0.08803870000701863
split_fidelity,gametes_epistasis_2_way_1000atts_0_4h_edm_1_edm_1_1\gain_path_refined\budget_25\seed_2\split_fidelity.json,gametes_epistasis_2_way_1000atts_0_4h_edm_1_edm_1_1,gain_path_refined,budget_25,seed_2,xgboost,0.3957665840925112,0.0,0.0,0.08910729999479372
split_fidelity,gametes_epistasis_2_way_1000atts_0_4h_edm_1_edm_1_1\gain_path_refined\budget_50\seed_0\split_fidelity.json,gametes_epistasis_2_way_1000atts_0_4h_edm_1_edm_1_1,gain_path_refined,budget_50,seed_0,xgboost,0.6382380499779712,0.0,0.2,0.12183570000343025
split_fidelity,gametes_epistasis_2_way_1000atts_0_4h_edm_1_edm_1_1\gain_path_refined\budget_50\seed_1\split_fidelity.json,gametes_epistasis_2_way_1000atts_0_4h_edm_1_edm_1_1,gain_path_refined,budget_50,seed_1,xgboost,0.6008078745441763,0.0,0.0,0.11494620000303257
split_fidelity,gametes_epistasis_2_way_1000atts_0_4h_edm_1_edm_1_1\gain_path_refined\budget_50\seed_2\split_fidelity.json,gametes_epistasis_2_way_1000atts_0_4h_edm_1_edm_1_1,gain_path_refined,budget_50,seed_2,xgboost,0.4873294591757165,0.0,0.2,0.11246950000349898
split_fidelity,gametes_epistasis_2_way_1000atts_0_4h_edm_1_edm_1_1\gain_path_safeguarded\budget_25\seed_0\split_fidelity.json,gametes_epistasis_2_way_1000atts_0_4h_edm_1_edm_1_1,gain_path_safeguarded,budget_25,seed_0,xgboost,0.34560824415664626,0.0,0.4,0.09028829999442678
split_fidelity,gametes_epistasis_2_way_1000atts_0_4h_edm_1_edm_1_1\gain_path_safeguarded\budget_25\seed_1\split_fidelity.json,gametes_epistasis_2_way_1000atts_0_4h_edm_1_edm_1_1,gain_path_safeguarded,budget_25,seed_1,xgboost,0.3442873641168319,0.0,0.0,0.08438679999380838
split_fidelity,gametes_epistasis_2_way_1000atts_0_4h_edm_1_edm_1_1\gain_path_safeguarded\budget_25\seed_2\split_fidelity.json,gametes_epistasis_2_way_1000atts_0_4h_edm_1_edm_1_1,gain_path_safeguarded,budget_25,seed_2,xgboost,0.41031342040857866,0.0,0.0,0.09059300000080839
split_fidelity,gametes_epistasis_2_way_1000atts_0_4h_edm_1_edm_1_1\gain_path_safeguarded\budget_50\seed_0\split_fidelity.json,gametes_epistasis_2_way_1000atts_0_4h_edm_1_edm_1_1,gain_path_safeguarded,budget_50,seed_0,xgboost,0.589631802705731,0.0,0.0,0.12068000000726897
split_fidelity,gametes_epistasis_2_way_1000atts_0_4h_edm_1_edm_1_1\gain_path_safeguarded\budget_50\seed_1\split_fidelity.json,gametes_epistasis_2_way_1000atts_0_4h_edm_1_edm_1_1,gain_path_safeguarded,budget_50,seed_1,xgboost,0.6008078745441763,0.0,0.0,0.11230940000677947
split_fidelity,gametes_epistasis_2_way_1000atts_0_4h_edm_1_edm_1_1\gain_path_safeguarded\budget_50\seed_2\split_fidelity.json,gametes_epistasis_2_way_1000atts_0_4h_edm_1_edm_1_1,gain_path_safeguarded,budget_50,seed_2,xgboost,0.43511880571019407,0.0,0.0,0.11200170000665821
split_fidelity,gametes_epistasis_2_way_1000atts_0_4h_edm_1_edm_1_1\gain_weighted_coreset\budget_10\seed_0\split_fidelity.json,gametes_epistasis_2_way_1000atts_0_4h_edm_1_edm_1_1,gain_weighted_coreset,budget_10,seed_0,xgboost,0.2737293452364669,0.0,0.0,0.1204898999985744
split_fidelity,gametes_epistasis_2_way_1000atts_0_4h_edm_1_edm_1_1\gain_weighted_coreset\budget_10\seed_1\split_fidelity.json,gametes_epistasis_2_way_1000atts_0_4h_edm_1_edm_1_1,gain_weighted_coreset,budget_10,seed_1,xgboost,0.24182658968804593,0.0,0.0,0.09788020000087272
split_fidelity,gametes_epistasis_2_way_1000atts_0_4h_edm_1_edm_1_1\gain_weighted_coreset\budget_10\seed_2\split_fidelity.json,gametes_epistasis_2_way_1000atts_0_4h_edm_1_edm_1_1,gain_weighted_coreset,budget_10,seed_2,xgboost,0.14910909764895397,0.0,0.0,0.09580719999939902
split_fidelity,gametes_epistasis_2_way_1000atts_0_4h_edm_1_edm_1_1\gain_weighted_coreset\budget_100\seed_0\split_fidelity.json,gametes_epistasis_2_way_1000atts_0_4h_edm_1_edm_1_1,gain_weighted_coreset,budget_100,seed_0,xgboost,0.668085720435615,0.0,0.0,0.26995610000085435
split_fidelity,gametes_epistasis_2_way_1000atts_0_4h_edm_1_edm_1_1\gain_weighted_coreset\budget_100\seed_1\split_fidelity.json,gametes_epistasis_2_way_1000atts_0_4h_edm_1_edm_1_1,gain_weighted_coreset,budget_100,seed_1,xgboost,0.7470307613931999,0.0,0.2,0.3257978000001458
split_fidelity,gametes_epistasis_2_way_1000atts_0_4h_edm_1_edm_1_1\gain_weighted_coreset\budget_100\seed_2\split_fidelity.json,gametes_epistasis_2_way_1000atts_0_4h_edm_1_edm_1_1,gain_weighted_coreset,budget_100,seed_2,xgboost,0.6519376982947773,0.0,0.0,0.3303307999995013
split_fidelity,gametes_epistasis_2_way_1000atts_0_4h_edm_1_edm_1_1\gain_weighted_coreset\budget_25\seed_0\split_fidelity.json,gametes_epistasis_2_way_1000atts_0_4h_edm_1_edm_1_1,gain_weighted_coreset,budget_25,seed_0,xgboost,0.3086338560976908,0.0,0.0,0.15039529999921797
split_fidelity,gametes_epistasis_2_way_1000atts_0_4h_edm_1_edm_1_1\gain_weighted_coreset\budget_25\seed_1\split_fidelity.json,gametes_epistasis_2_way_1000atts_0_4h_edm_1_edm_1_1,gain_weighted_coreset,budget_25,seed_1,xgboost,0.3403084825497846,0.0,0.2,0.14683580000018992
split_fidelity,gametes_epistasis_2_way_1000atts_0_4h_edm_1_edm_1_1\gain_weighted_coreset\budget_25\seed_2\split_fidelity.json,gametes_epistasis_2_way_1000atts_0_4h_edm_1_edm_1_1,gain_weighted_coreset,budget_25,seed_2,xgboost,0.3319860592832897,0.0,0.2,0.14270630000100937
split_fidelity,gametes_epistasis_2_way_1000atts_0_4h_edm_1_edm_1_1\gain_weighted_coreset\budget_50\seed_0\split_fidelity.json,gametes_epistasis_2_way_1000atts_0_4h_edm_1_edm_1_1,gain_weighted_coreset,budget_50,seed_0,xgboost,0.6464764735340631,0.0,0.2,0.16341110000030312
split_fidelity,gametes_epistasis_2_way_1000atts_0_4h_edm_1_edm_1_1\gain_weighted_coreset\budget_50\seed_1\split_fidelity.json,gametes_epistasis_2_way_1000atts_0_4h_edm_1_edm_1_1,gain_weighted_coreset,budget_50,seed_1,xgboost,0.6361664820227168,0.0,0.0,0.17107729999952426
split_fidelity,gametes_epistasis_2_way_1000atts_0_4h_edm_1_edm_1_1\gain_weighted_coreset\budget_50\seed_2\split_fidelity.json,gametes_epistasis_2_way_1000atts_0_4h_edm_1_edm_1_1,gain_weighted_coreset,budget_50,seed_2,xgboost,0.5569854734342533,0.0,0.0,0.16237120000005234
split_fidelity,gametes_epistasis_2_way_1000atts_0_4h_edm_1_edm_1_1\gradient_sampling\budget_10\seed_0\split_fidelity.json,gametes_epistasis_2_way_1000atts_0_4h_edm_1_edm_1_1,gradient_sampling,budget_10,seed_0,xgboost,0.2356593459780905,0.0,0.0,0.1003075999997236
split_fidelity,gametes_epistasis_2_way_1000atts_0_4h_edm_1_edm_1_1\gradient_sampling\budget_10\seed_1\split_fidelity.json,gametes_epistasis_2_way_1000atts_0_4h_edm_1_edm_1_1,gradient_sampling,budget_10,seed_1,xgboost,0.1905025530991446,0.0,0.0,0.08961169999929552
split_fidelity,gametes_epistasis_2_way_1000atts_0_4h_edm_1_edm_1_1\gradient_sampling\budget_10\seed_2\split_fidelity.json,gametes_epistasis_2_way_1000atts_0_4h_edm_1_edm_1_1,gradient_sampling,budget_10,seed_2,xgboost,0.11978314222626249,0.0,0.0,0.10264569999981177
split_fidelity,gametes_epistasis_2_way_1000atts_0_4h_edm_1_edm_1_1\gradient_sampling\budget_100\seed_0\split_fidelity.json,gametes_epistasis_2_way_1000atts_0_4h_edm_1_edm_1_1,gradient_sampling,budget_100,seed_0,xgboost,0.5294353833444494,0.0,0.0,0.3413814999994429
split_fidelity,gametes_epistasis_2_way_1000atts_0_4h_edm_1_edm_1_1\gradient_sampling\budget_100\seed_1\split_fidelity.json,gametes_epistasis_2_way_1000atts_0_4h_edm_1_edm_1_1,gradient_sampling,budget_100,seed_1,xgboost,0.39210421960126673,0.0,0.0,0.2851496000002953
split_fidelity,gametes_epistasis_2_way_1000atts_0_4h_edm_1_edm_1_1\gradient_sampling\budget_100\seed_2\split_fidelity.json,gametes_epistasis_2_way_1000atts_0_4h_edm_1_edm_1_1,gradient_sampling,budget_100,seed_2,xgboost,0.28740248474424657,0.0,0.2,0.28987770000003366
split_fidelity,gametes_epistasis_2_way_1000atts_0_4h_edm_1_edm_1_1\gradient_sampling\budget_25\seed_0\split_fidelity.json,gametes_epistasis_2_way_1000atts_0_4h_edm_1_edm_1_1,gradient_sampling,budget_25,seed_0,xgboost,0.35870584840770564,0.0,0.0,0.16317569999955595
split_fidelity,gametes_epistasis_2_way_1000atts_0_4h_edm_1_edm_1_1\gradient_sampling\budget_25\seed_1\split_fidelity.json,gametes_epistasis_2_way_1000atts_0_4h_edm_1_edm_1_1,gradient_sampling,budget_25,seed_1,xgboost,0.17747635953974894,0.0,0.0,0.17410049999944022
split_fidelity,gametes_epistasis_2_way_1000atts_0_4h_edm_1_edm_1_1\gradient_sampling\budget_25\seed_2\split_fidelity.json,gametes_epistasis_2_way_1000atts_0_4h_edm_1_edm_1_1,gradient_sampling,budget_25,seed_2,xgboost,0.06532781981311177,0.0,0.0,0.13262919999942824
split_fidelity,gametes_epistasis_2_way_1000atts_0_4h_edm_1_edm_1_1\gradient_sampling\budget_50\seed_0\split_fidelity.json,gametes_epistasis_2_way_1000atts_0_4h_edm_1_edm_1_1,gradient_sampling,budget_50,seed_0,xgboost,0.42802738069777324,0.0,0.2,0.19128309999996418
split_fidelity,gametes_epistasis_2_way_1000atts_0_4h_edm_1_edm_1_1\gradient_sampling\budget_50\seed_1\split_fidelity.json,gametes_epistasis_2_way_1000atts_0_4h_edm_1_edm_1_1,gradient_sampling,budget_50,seed_1,xgboost,0.36774226765952805,0.0,0.0,0.1886436999993748
split_fidelity,gametes_epistasis_2_way_1000atts_0_4h_edm_1_edm_1_1\gradient_sampling\budget_50\seed_2\split_fidelity.json,gametes_epistasis_2_way_1000atts_0_4h_edm_1_edm_1_1,gradient_sampling,budget_50,seed_2,xgboost,0.1934514472618314,0.0,0.0,0.22213600000031875
split_fidelity,gametes_epistasis_2_way_1000atts_0_4h_edm_1_edm_1_1\herding\budget_10\seed_0\split_fidelity.json,gametes_epistasis_2_way_1000atts_0_4h_edm_1_edm_1_1,herding,budget_10,seed_0,xgboost,0.23419473945293784,0.0,0.0,0.10347899999942456
split_fidelity,gametes_epistasis_2_way_1000atts_0_4h_edm_1_edm_1_1\herding\budget_10\seed_1\split_fidelity.json,gametes_epistasis_2_way_1000atts_0_4h_edm_1_edm_1_1,herding,budget_10,seed_1,xgboost,0.2701291489204369,0.0,0.2,0.09449399999994057
split_fidelity,gametes_epistasis_2_way_1000atts_0_4h_edm_1_edm_1_1\herding\budget_10\seed_2\split_fidelity.json,gametes_epistasis_2_way_1000atts_0_4h_edm_1_edm_1_1,herding,budget_10,seed_2,xgboost,0.09334034220247722,0.0,0.0,0.09063849999984086
split_fidelity,gametes_epistasis_2_way_1000atts_0_4h_edm_1_edm_1_1\herding\budget_100\seed_0\split_fidelity.json,gametes_epistasis_2_way_1000atts_0_4h_edm_1_edm_1_1,herding,budget_100,seed_0,xgboost,0.5468160012305642,0.0,0.0,0.2918890000000829
split_fidelity,gametes_epistasis_2_way_1000atts_0_4h_edm_1_edm_1_1\herding\budget_100\seed_1\split_fidelity.json,gametes_epistasis_2_way_1000atts_0_4h_edm_1_edm_1_1,herding,budget_100,seed_1,xgboost,0.5733919038407629,0.0,0.2,0.2965739000001122
split_fidelity,gametes_epistasis_2_way_1000atts_0_4h_edm_1_edm_1_1\herding\budget_100\seed_2\split_fidelity.json,gametes_epistasis_2_way_1000atts_0_4h_edm_1_edm_1_1,herding,budget_100,seed_2,xgboost,0.5094230332392995,0.0,0.2,0.29325320000043575
split_fidelity,gametes_epistasis_2_way_1000atts_0_4h_edm_1_edm_1_1\herding\budget_25\seed_0\split_fidelity.json,gametes_epistasis_2_way_1000atts_0_4h_edm_1_edm_1_1,herding,budget_25,seed_0,xgboost,0.5052759525150152,0.0,0.0,0.08135069999843836
split_fidelity,gametes_epistasis_2_way_1000atts_0_4h_edm_1_edm_1_1\herding\budget_25\seed_1\split_fidelity.json,gametes_epistasis_2_way_1000atts_0_4h_edm_1_edm_1_1,herding,budget_25,seed_1,xgboost,0.4650602430551406,0.0,0.4,0.09543319999647792
split_fidelity,gametes_epistasis_2_way_1000atts_0_4h_edm_1_edm_1_1\herding\budget_25\seed_2\split_fidelity.json,gametes_epistasis_2_way_1000atts_0_4h_edm_1_edm_1_1,herding,budget_25,seed_2,xgboost,0.3736653316945644,0.0,0.0,0.09070879999489989
split_fidelity,gametes_epistasis_2_way_1000atts_0_4h_edm_1_edm_1_1\herding\budget_50\seed_0\split_fidelity.json,gametes_epistasis_2_way_1000atts_0_4h_edm_1_edm_1_1,herding,budget_50,seed_0,xgboost,0.445654076643994,0.0,0.2,0.1265928999928292
split_fidelity,gametes_epistasis_2_way_1000atts_0_4h_edm_1_edm_1_1\herding\budget_50\seed_1\split_fidelity.json,gametes_epistasis_2_way_1000atts_0_4h_edm_1_edm_1_1,herding,budget_50,seed_1,xgboost,0.4692499677648953,0.0,0.2,0.12007289999746718
split_fidelity,gametes_epistasis_2_way_1000atts_0_4h_edm_1_edm_1_1\herding\budget_50\seed_2\split_fidelity.json,gametes_epistasis_2_way_1000atts_0_4h_edm_1_edm_1_1,herding,budget_50,seed_2,xgboost,0.37380823910604827,0.0,0.2,0.13256440000259317
split_fidelity,gametes_epistasis_2_way_1000atts_0_4h_edm_1_edm_1_1\k_center\budget_10\seed_0\split_fidelity.json,gametes_epistasis_2_way_1000atts_0_4h_edm_1_edm_1_1,k_center,budget_10,seed_0,xgboost,0.40613161380071894,0.0,0.0,0.16542500000014115
split_fidelity,gametes_epistasis_2_way_1000atts_0_4h_edm_1_edm_1_1\k_center\budget_10\seed_1\split_fidelity.json,gametes_epistasis_2_way_1000atts_0_4h_edm_1_edm_1_1,k_center,budget_10,seed_1,xgboost,0.19963637303836002,0.0,0.0,0.08187480000015057
split_fidelity,gametes_epistasis_2_way_1000atts_0_4h_edm_1_edm_1_1\k_center\budget_10\seed_2\split_fidelity.json,gametes_epistasis_2_way_1000atts_0_4h_edm_1_edm_1_1,k_center,budget_10,seed_2,xgboost,0.13597369153626315,0.0,0.2,0.13889870000002702
split_fidelity,gametes_epistasis_2_way_1000atts_0_4h_edm_1_edm_1_1\k_center\budget_100\seed_0\split_fidelity.json,gametes_epistasis_2_way_1000atts_0_4h_edm_1_edm_1_1,k_center,budget_100,seed_0,xgboost,0.4779722594030196,0.0,0.0,0.32733470000039233
split_fidelity,gametes_epistasis_2_way_1000atts_0_4h_edm_1_edm_1_1\k_center\budget_100\seed_1\split_fidelity.json,gametes_epistasis_2_way_1000atts_0_4h_edm_1_edm_1_1,k_center,budget_100,seed_1,xgboost,0.4650145886501422,0.0,0.0,0.35178739999992104
split_fidelity,gametes_epistasis_2_way_1000atts_0_4h_edm_1_edm_1_1\k_center\budget_100\seed_2\split_fidelity.json,gametes_epistasis_2_way_1000atts_0_4h_edm_1_edm_1_1,k_center,budget_100,seed_2,xgboost,0.2811531038291715,0.0,0.0,0.320517999999538
split_fidelity,gametes_epistasis_2_way_1000atts_0_4h_edm_1_edm_1_1\k_center\budget_25\seed_0\split_fidelity.json,gametes_epistasis_2_way_1000atts_0_4h_edm_1_edm_1_1,k_center,budget_25,seed_0,xgboost,0.4605180903223844,0.0,0.0,0.13698810000005324
split_fidelity,gametes_epistasis_2_way_1000atts_0_4h_edm_1_edm_1_1\k_center\budget_25\seed_1\split_fidelity.json,gametes_epistasis_2_way_1000atts_0_4h_edm_1_edm_1_1,k_center,budget_25,seed_1,xgboost,0.26271435878830784,0.0,0.0,0.1344834000001356
split_fidelity,gametes_epistasis_2_way_1000atts_0_4h_edm_1_edm_1_1\k_center\budget_25\seed_2\split_fidelity.json,gametes_epistasis_2_way_1000atts_0_4h_edm_1_edm_1_1,k_center,budget_25,seed_2,xgboost,0.17224624228931465,0.0,0.2,0.14017899999998917
split_fidelity,gametes_epistasis_2_way_1000atts_0_4h_edm_1_edm_1_1\k_center\budget_50\seed_0\split_fidelity.json,gametes_epistasis_2_way_1000atts_0_4h_edm_1_edm_1_1,k_center,budget_50,seed_0,xgboost,0.5017440300423079,0.0,0.2,0.17338589999963006
split_fidelity,gametes_epistasis_2_way_1000atts_0_4h_edm_1_edm_1_1\k_center\budget_50\seed_1\split_fidelity.json,gametes_epistasis_2_way_1000atts_0_4h_edm_1_edm_1_1,k_center,budget_50,seed_1,xgboost,0.30832804557152593,0.0,0.0,0.28886080000029324
split_fidelity,gametes_epistasis_2_way_1000atts_0_4h_edm_1_edm_1_1\k_center\budget_50\seed_2\split_fidelity.json,gametes_epistasis_2_way_1000atts_0_4h_edm_1_edm_1_1,k_center,budget_50,seed_2,xgboost,0.30056136074472084,0.0,0.0,0.26941310000074736
split_fidelity,gametes_epistasis_2_way_1000atts_0_4h_edm_1_edm_1_1\random\budget_10\seed_0\split_fidelity.json,gametes_epistasis_2_way_1000atts_0_4h_edm_1_edm_1_1,random,budget_10,seed_0,xgboost,0.26656843018272836,0.0,0.0,0.11090460000013991
split_fidelity,gametes_epistasis_2_way_1000atts_0_4h_edm_1_edm_1_1\random\budget_10\seed_1\split_fidelity.json,gametes_epistasis_2_way_1000atts_0_4h_edm_1_edm_1_1,random,budget_10,seed_1,xgboost,0.27191008862758254,0.0,0.0,0.14081489999989572
split_fidelity,gametes_epistasis_2_way_1000atts_0_4h_edm_1_edm_1_1\random\budget_10\seed_2\split_fidelity.json,gametes_epistasis_2_way_1000atts_0_4h_edm_1_edm_1_1,random,budget_10,seed_2,xgboost,0.15210858805552296,0.0,0.0,0.09506689999943774
split_fidelity,gametes_epistasis_2_way_1000atts_0_4h_edm_1_edm_1_1\random\budget_100\seed_0\split_fidelity.json,gametes_epistasis_2_way_1000atts_0_4h_edm_1_edm_1_1,random,budget_100,seed_0,xgboost,0.6199583353416137,0.0,0.2,0.25707649999912974
split_fidelity,gametes_epistasis_2_way_1000atts_0_4h_edm_1_edm_1_1\random\budget_100\seed_1\split_fidelity.json,gametes_epistasis_2_way_1000atts_0_4h_edm_1_edm_1_1,random,budget_100,seed_1,xgboost,0.47296268307399814,0.0,0.0,0.2360539000001154
split_fidelity,gametes_epistasis_2_way_1000atts_0_4h_edm_1_edm_1_1\random\budget_100\seed_2\split_fidelity.json,gametes_epistasis_2_way_1000atts_0_4h_edm_1_edm_1_1,random,budget_100,seed_2,xgboost,0.3428043964947454,0.0,0.0,0.34654690000024857
split_fidelity,gametes_epistasis_2_way_1000atts_0_4h_edm_1_edm_1_1\random\budget_25\seed_0\split_fidelity.json,gametes_epistasis_2_way_1000atts_0_4h_edm_1_edm_1_1,random,budget_25,seed_0,xgboost,0.36777963503665906,0.0,0.2,0.09248189999198075
split_fidelity,gametes_epistasis_2_way_1000atts_0_4h_edm_1_edm_1_1\random\budget_25\seed_1\split_fidelity.json,gametes_epistasis_2_way_1000atts_0_4h_edm_1_edm_1_1,random,budget_25,seed_1,xgboost,0.25024951963418784,0.0,0.0,0.09586260000651237
split_fidelity,gametes_epistasis_2_way_1000atts_0_4h_edm_1_edm_1_1\random\budget_25\seed_2\split_fidelity.json,gametes_epistasis_2_way_1000atts_0_4h_edm_1_edm_1_1,random,budget_25,seed_2,xgboost,0.30790402759671276,0.0,0.0,0.09457070000644308
split_fidelity,gametes_epistasis_2_way_1000atts_0_4h_edm_1_edm_1_1\random\budget_50\seed_0\split_fidelity.json,gametes_epistasis_2_way_1000atts_0_4h_edm_1_edm_1_1,random,budget_50,seed_0,xgboost,0.471229856698419,0.0,0.0,0.10795559998950921
split_fidelity,gametes_epistasis_2_way_1000atts_0_4h_edm_1_edm_1_1\random\budget_50\seed_1\split_fidelity.json,gametes_epistasis_2_way_1000atts_0_4h_edm_1_edm_1_1,random,budget_50,seed_1,xgboost,0.2729277759798548,0.0,0.0,0.09535059999325313
split_fidelity,gametes_epistasis_2_way_1000atts_0_4h_edm_1_edm_1_1\random\budget_50\seed_2\split_fidelity.json,gametes_epistasis_2_way_1000atts_0_4h_edm_1_edm_1_1,random,budget_50,seed_2,xgboost,0.2142147356226733,0.0,0.0,0.08642009999311995
split_fidelity,gametes_epistasis_2_way_1000atts_0_4h_edm_1_edm_1_1\tree_region\budget_10\seed_0\split_fidelity.json,gametes_epistasis_2_way_1000atts_0_4h_edm_1_edm_1_1,tree_region,budget_10,seed_0,xgboost,0.2356593459780905,0.0,0.0,0.08238069999970321
split_fidelity,gametes_epistasis_2_way_1000atts_0_4h_edm_1_edm_1_1\tree_region\budget_10\seed_1\split_fidelity.json,gametes_epistasis_2_way_1000atts_0_4h_edm_1_edm_1_1,tree_region,budget_10,seed_1,xgboost,0.1905025530991446,0.0,0.0,0.07751699999971606
split_fidelity,gametes_epistasis_2_way_1000atts_0_4h_edm_1_edm_1_1\tree_region\budget_10\seed_2\split_fidelity.json,gametes_epistasis_2_way_1000atts_0_4h_edm_1_edm_1_1,tree_region,budget_10,seed_2,xgboost,0.11978314222626249,0.0,0.0,0.08075039999948785
split_fidelity,gametes_epistasis_2_way_1000atts_0_4h_edm_1_edm_1_1\tree_region\budget_100\seed_0\split_fidelity.json,gametes_epistasis_2_way_1000atts_0_4h_edm_1_edm_1_1,tree_region,budget_100,seed_0,xgboost,0.5294353833444494,0.0,0.0,0.23014429999966524
split_fidelity,gametes_epistasis_2_way_1000atts_0_4h_edm_1_edm_1_1\tree_region\budget_100\seed_1\split_fidelity.json,gametes_epistasis_2_way_1000atts_0_4h_edm_1_edm_1_1,tree_region,budget_100,seed_1,xgboost,0.39210421960126673,0.0,0.0,0.2329078999991907
split_fidelity,gametes_epistasis_2_way_1000atts_0_4h_edm_1_edm_1_1\tree_region\budget_100\seed_2\split_fidelity.json,gametes_epistasis_2_way_1000atts_0_4h_edm_1_edm_1_1,tree_region,budget_100,seed_2,xgboost,0.28740248474424657,0.0,0.2,0.3290074000005916
split_fidelity,gametes_epistasis_2_way_1000atts_0_4h_edm_1_edm_1_1\tree_region\budget_25\seed_0\split_fidelity.json,gametes_epistasis_2_way_1000atts_0_4h_edm_1_edm_1_1,tree_region,budget_25,seed_0,xgboost,0.35870584840770564,0.0,0.0,0.12980289999995875
split_fidelity,gametes_epistasis_2_way_1000atts_0_4h_edm_1_edm_1_1\tree_region\budget_25\seed_1\split_fidelity.json,gametes_epistasis_2_way_1000atts_0_4h_edm_1_edm_1_1,tree_region,budget_25,seed_1,xgboost,0.17747635953974894,0.0,0.0,0.11729969999942114
split_fidelity,gametes_epistasis_2_way_1000atts_0_4h_edm_1_edm_1_1\tree_region\budget_25\seed_2\split_fidelity.json,gametes_epistasis_2_way_1000atts_0_4h_edm_1_edm_1_1,tree_region,budget_25,seed_2,xgboost,0.06532781981311177,0.0,0.0,0.19688229999974283
split_fidelity,gametes_epistasis_2_way_1000atts_0_4h_edm_1_edm_1_1\tree_region\budget_50\seed_0\split_fidelity.json,gametes_epistasis_2_way_1000atts_0_4h_edm_1_edm_1_1,tree_region,budget_50,seed_0,xgboost,0.42802738069777324,0.0,0.2,0.23371009999937087
split_fidelity,gametes_epistasis_2_way_1000atts_0_4h_edm_1_edm_1_1\tree_region\budget_50\seed_1\split_fidelity.json,gametes_epistasis_2_way_1000atts_0_4h_edm_1_edm_1_1,tree_region,budget_50,seed_1,xgboost,0.36774226765952805,0.0,0.0,0.2314869000001636
split_fidelity,gametes_epistasis_2_way_1000atts_0_4h_edm_1_edm_1_1\tree_region\budget_50\seed_2\split_fidelity.json,gametes_epistasis_2_way_1000atts_0_4h_edm_1_edm_1_1,tree_region,budget_50,seed_2,xgboost,0.1934514472618314,0.0,0.0,0.17834320000019943
split_fidelity,gametes_epistasis_2_way_20atts_0_1h_edm_1_1\distribution_matching\budget_10\seed_0\split_fidelity.json,gametes_epistasis_2_way_20atts_0_1h_edm_1_1,distribution_matching,budget_10,seed_0,xgboost,0.24912632854934663,0.0,0.0,0.05181850000008126
split_fidelity,gametes_epistasis_2_way_20atts_0_1h_edm_1_1\distribution_matching\budget_10\seed_1\split_fidelity.json,gametes_epistasis_2_way_20atts_0_1h_edm_1_1,distribution_matching,budget_10,seed_1,xgboost,0.19466326334747172,0.0,0.0,0.042516299999988405
split_fidelity,gametes_epistasis_2_way_20atts_0_1h_edm_1_1\distribution_matching\budget_10\seed_2\split_fidelity.json,gametes_epistasis_2_way_20atts_0_1h_edm_1_1,distribution_matching,budget_10,seed_2,xgboost,0.3894045813500619,0.0,0.0,0.037712700000156474
split_fidelity,gametes_epistasis_2_way_20atts_0_1h_edm_1_1\distribution_matching\budget_100\seed_0\split_fidelity.json,gametes_epistasis_2_way_20atts_0_1h_edm_1_1,distribution_matching,budget_100,seed_0,xgboost,0.5007438529790507,0.0,0.2,0.05164710000008199
split_fidelity,gametes_epistasis_2_way_20atts_0_1h_edm_1_1\distribution_matching\budget_100\seed_1\split_fidelity.json,gametes_epistasis_2_way_20atts_0_1h_edm_1_1,distribution_matching,budget_100,seed_1,xgboost,0.5357679956140955,0.0,0.2,0.05320339999980206
split_fidelity,gametes_epistasis_2_way_20atts_0_1h_edm_1_1\distribution_matching\budget_100\seed_2\split_fidelity.json,gametes_epistasis_2_way_20atts_0_1h_edm_1_1,distribution_matching,budget_100,seed_2,xgboost,0.6432386750458962,1.0,0.6,0.048140600000806444
split_fidelity,gametes_epistasis_2_way_20atts_0_1h_edm_1_1\distribution_matching\budget_25\seed_0\split_fidelity.json,gametes_epistasis_2_way_20atts_0_1h_edm_1_1,distribution_matching,budget_25,seed_0,xgboost,0.4768428760047238,0.0,0.0,0.04672370000025694
split_fidelity,gametes_epistasis_2_way_20atts_0_1h_edm_1_1\distribution_matching\budget_25\seed_1\split_fidelity.json,gametes_epistasis_2_way_20atts_0_1h_edm_1_1,distribution_matching,budget_25,seed_1,xgboost,0.2714415569607396,0.0,0.0,0.063264700000218
split_fidelity,gametes_epistasis_2_way_20atts_0_1h_edm_1_1\distribution_matching\budget_25\seed_2\split_fidelity.json,gametes_epistasis_2_way_20atts_0_1h_edm_1_1,distribution_matching,budget_25,seed_2,xgboost,0.18778298362935092,0.0,0.0,0.044764199999917764
split_fidelity,gametes_epistasis_2_way_20atts_0_1h_edm_1_1\distribution_matching\budget_50\seed_0\split_fidelity.json,gametes_epistasis_2_way_20atts_0_1h_edm_1_1,distribution_matching,budget_50,seed_0,xgboost,0.37741481179152414,0.0,0.0,0.048310700000001816
split_fidelity,gametes_epistasis_2_way_20atts_0_1h_edm_1_1\distribution_matching\budget_50\seed_1\split_fidelity.json,gametes_epistasis_2_way_20atts_0_1h_edm_1_1,distribution_matching,budget_50,seed_1,xgboost,0.4681568271495344,0.0,0.0,0.04962800000066636
split_fidelity,gametes_epistasis_2_way_20atts_0_1h_edm_1_1\distribution_matching\budget_50\seed_2\split_fidelity.json,gametes_epistasis_2_way_20atts_0_1h_edm_1_1,distribution_matching,budget_50,seed_2,xgboost,0.5287999228735296,0.0,0.2,0.05632699999932811
split_fidelity,gametes_epistasis_2_way_20atts_0_1h_edm_1_1\full_data\budget_10\seed_0\split_fidelity.json,gametes_epistasis_2_way_20atts_0_1h_edm_1_1,full_data,budget_10,seed_0,xgboost,1.0,1.0,1.0,0.08240860000023531
split_fidelity,gametes_epistasis_2_way_20atts_0_1h_edm_1_1\full_data\budget_10\seed_1\split_fidelity.json,gametes_epistasis_2_way_20atts_0_1h_edm_1_1,full_data,budget_10,seed_1,xgboost,0.7269137968852819,0.0,0.6,0.06291780000083236
split_fidelity,gametes_epistasis_2_way_20atts_0_1h_edm_1_1\full_data\budget_10\seed_2\split_fidelity.json,gametes_epistasis_2_way_20atts_0_1h_edm_1_1,full_data,budget_10,seed_2,xgboost,0.72325802442056,1.0,0.6,0.0628286000001026
split_fidelity,gametes_epistasis_2_way_20atts_0_1h_edm_1_1\full_data\budget_100\seed_0\split_fidelity.json,gametes_epistasis_2_way_20atts_0_1h_edm_1_1,full_data,budget_100,seed_0,xgboost,1.0,1.0,1.0,0.06792640000003303
split_fidelity,gametes_epistasis_2_way_20atts_0_1h_edm_1_1\full_data\budget_100\seed_1\split_fidelity.json,gametes_epistasis_2_way_20atts_0_1h_edm_1_1,full_data,budget_100,seed_1,xgboost,0.7269137968852819,0.0,0.6,0.08461110000007466
split_fidelity,gametes_epistasis_2_way_20atts_0_1h_edm_1_1\full_data\budget_100\seed_2\split_fidelity.json,gametes_epistasis_2_way_20atts_0_1h_edm_1_1,full_data,budget_100,seed_2,xgboost,0.72325802442056,1.0,0.6,0.07759489999989455
split_fidelity,gametes_epistasis_2_way_20atts_0_1h_edm_1_1\full_data\budget_25\seed_0\split_fidelity.json,gametes_epistasis_2_way_20atts_0_1h_edm_1_1,full_data,budget_25,seed_0,xgboost,1.0,1.0,1.0,0.06771449999996548
split_fidelity,gametes_epistasis_2_way_20atts_0_1h_edm_1_1\full_data\budget_25\seed_1\split_fidelity.json,gametes_epistasis_2_way_20atts_0_1h_edm_1_1,full_data,budget_25,seed_1,xgboost,0.7269137968852819,0.0,0.6,0.06376459999955841
split_fidelity,gametes_epistasis_2_way_20atts_0_1h_edm_1_1\full_data\budget_25\seed_2\split_fidelity.json,gametes_epistasis_2_way_20atts_0_1h_edm_1_1,full_data,budget_25,seed_2,xgboost,0.72325802442056,1.0,0.6,0.07518520000030549
split_fidelity,gametes_epistasis_2_way_20atts_0_1h_edm_1_1\full_data\budget_50\seed_0\split_fidelity.json,gametes_epistasis_2_way_20atts_0_1h_edm_1_1,full_data,budget_50,seed_0,xgboost,1.0,1.0,1.0,0.0692084000002069
split_fidelity,gametes_epistasis_2_way_20atts_0_1h_edm_1_1\full_data\budget_50\seed_1\split_fidelity.json,gametes_epistasis_2_way_20atts_0_1h_edm_1_1,full_data,budget_50,seed_1,xgboost,0.7269137968852819,0.0,0.6,0.07081980000020849
split_fidelity,gametes_epistasis_2_way_20atts_0_1h_edm_1_1\full_data\budget_50\seed_2\split_fidelity.json,gametes_epistasis_2_way_20atts_0_1h_edm_1_1,full_data,budget_50,seed_2,xgboost,0.72325802442056,1.0,0.6,0.07704580000063288
split_fidelity,gametes_epistasis_2_way_20atts_0_1h_edm_1_1\gaindistill\budget_10\seed_0\split_fidelity.json,gametes_epistasis_2_way_20atts_0_1h_edm_1_1,gaindistill,budget_10,seed_0,xgboost,0.23632720985986735,0.0,0.4,0.03055569999924046
split_fidelity,gametes_epistasis_2_way_20atts_0_1h_edm_1_1\gaindistill\budget_10\seed_1\split_fidelity.json,gametes_epistasis_2_way_20atts_0_1h_edm_1_1,gaindistill,budget_10,seed_1,xgboost,0.23517913105398341,1.0,0.2,0.040882799999963026
split_fidelity,gametes_epistasis_2_way_20atts_0_1h_edm_1_1\gaindistill\budget_10\seed_2\split_fidelity.json,gametes_epistasis_2_way_20atts_0_1h_edm_1_1,gaindistill,budget_10,seed_2,xgboost,0.3097527797581535,0.0,0.2,0.04370470000048954
split_fidelity,gametes_epistasis_2_way_20atts_0_1h_edm_1_1\gaindistill\budget_100\seed_0\split_fidelity.json,gametes_epistasis_2_way_20atts_0_1h_edm_1_1,gaindistill,budget_100,seed_0,xgboost,0.3415822164047501,0.0,0.2,0.049077000000579574
split_fidelity,gametes_epistasis_2_way_20atts_0_1h_edm_1_1\gaindistill\budget_100\seed_1\split_fidelity.json,gametes_epistasis_2_way_20atts_0_1h_edm_1_1,gaindistill,budget_100,seed_1,xgboost,-0.02068973259550714,1.0,0.2,0.04954600000019127
split_fidelity,gametes_epistasis_2_way_20atts_0_1h_edm_1_1\gaindistill\budget_100\seed_2\split_fidelity.json,gametes_epistasis_2_way_20atts_0_1h_edm_1_1,gaindistill,budget_100,seed_2,xgboost,0.2121684033529125,0.0,0.2,0.03927620000013121
split_fidelity,gametes_epistasis_2_way_20atts_0_1h_edm_1_1\gaindistill\budget_25\seed_0\split_fidelity.json,gametes_epistasis_2_way_20atts_0_1h_edm_1_1,gaindistill,budget_25,seed_0,xgboost,0.2274283040589955,0.0,0.4,0.03566989999944781
split_fidelity,gametes_epistasis_2_way_20atts_0_1h_edm_1_1\gaindistill\budget_25\seed_1\split_fidelity.json,gametes_epistasis_2_way_20atts_0_1h_edm_1_1,gaindistill,budget_25,seed_1,xgboost,0.22337156239362532,1.0,0.2,0.03520889999981591
split_fidelity,gametes_epistasis_2_way_20atts_0_1h_edm_1_1\gaindistill\budget_25\seed_2\split_fidelity.json,gametes_epistasis_2_way_20atts_0_1h_edm_1_1,gaindistill,budget_25,seed_2,xgboost,0.39922776929941073,0.0,0.2,0.04163369999969291
split_fidelity,gametes_epistasis_2_way_20atts_0_1h_edm_1_1\gaindistill\budget_50\seed_0\split_fidelity.json,gametes_epistasis_2_way_20atts_0_1h_edm_1_1,gaindistill,budget_50,seed_0,xgboost,0.23738252892455453,0.0,0.2,0.04517949999990378
split_fidelity,gametes_epistasis_2_way_20atts_0_1h_edm_1_1\gaindistill\budget_50\seed_1\split_fidelity.json,gametes_epistasis_2_way_20atts_0_1h_edm_1_1,gaindistill,budget_50,seed_1,xgboost,0.1653272457176404,1.0,0.2,0.045675800000026356
split_fidelity,gametes_epistasis_2_way_20atts_0_1h_edm_1_1\gaindistill\budget_50\seed_2\split_fidelity.json,gametes_epistasis_2_way_20atts_0_1h_edm_1_1,gaindistill,budget_50,seed_2,xgboost,0.25761325388088535,0.0,0.2,0.03825510000024224
split_fidelity,gametes_epistasis_2_way_20atts_0_1h_edm_1_1\gaindistill_hybrid\budget_10\seed_0\split_fidelity.json,gametes_epistasis_2_way_20atts_0_1h_edm_1_1,gaindistill_hybrid,budget_10,seed_0,xgboost,0.34249920466751804,0.0,0.2,0.02779999999984284
split_fidelity,gametes_epistasis_2_way_20atts_0_1h_edm_1_1\gaindistill_hybrid\budget_10\seed_1\split_fidelity.json,gametes_epistasis_2_way_20atts_0_1h_edm_1_1,gaindistill_hybrid,budget_10,seed_1,xgboost,0.33005154634810385,0.0,0.0,0.054710599999452825
split_fidelity,gametes_epistasis_2_way_20atts_0_1h_edm_1_1\gaindistill_hybrid\budget_10\seed_2\split_fidelity.json,gametes_epistasis_2_way_20atts_0_1h_edm_1_1,gaindistill_hybrid,budget_10,seed_2,xgboost,0.22311918722744561,0.0,0.0,0.029202300000179093
split_fidelity,gametes_epistasis_2_way_20atts_0_1h_edm_1_1\gaindistill_hybrid\budget_100\seed_0\split_fidelity.json,gametes_epistasis_2_way_20atts_0_1h_edm_1_1,gaindistill_hybrid,budget_100,seed_0,xgboost,0.683121588283846,1.0,0.6,0.026922200000626617
split_fidelity,gametes_epistasis_2_way_20atts_0_1h_edm_1_1\gaindistill_hybrid\budget_100\seed_1\split_fidelity.json,gametes_epistasis_2_way_20atts_0_1h_edm_1_1,gaindistill_hybrid,budget_100,seed_1,xgboost,0.6131066605540838,0.0,0.4,0.038672000000588014
split_fidelity,gametes_epistasis_2_way_20atts_0_1h_edm_1_1\gaindistill_hybrid\budget_100\seed_2\split_fidelity.json,gametes_epistasis_2_way_20atts_0_1h_edm_1_1,gaindistill_hybrid,budget_100,seed_2,xgboost,0.6762738939922844,1.0,0.6,0.03755780000028608
split_fidelity,gametes_epistasis_2_way_20atts_0_1h_edm_1_1\gaindistill_hybrid\budget_25\seed_0\split_fidelity.json,gametes_epistasis_2_way_20atts_0_1h_edm_1_1,gaindistill_hybrid,budget_25,seed_0,xgboost,0.5832573614741543,0.0,0.2,0.026649999999790452
split_fidelity,gametes_epistasis_2_way_20atts_0_1h_edm_1_1\gaindistill_hybrid\budget_25\seed_1\split_fidelity.json,gametes_epistasis_2_way_20atts_0_1h_edm_1_1,gaindistill_hybrid,budget_25,seed_1,xgboost,0.4808906482890156,0.0,0.2,0.030174200001056306
split_fidelity,gametes_epistasis_2_way_20atts_0_1h_edm_1_1\gaindistill_hybrid\budget_25\seed_2\split_fidelity.json,gametes_epistasis_2_way_20atts_0_1h_edm_1_1,gaindistill_hybrid,budget_25,seed_2,xgboost,0.508173943979644,0.0,0.0,0.04778210000040417
split_fidelity,gametes_epistasis_2_way_20atts_0_1h_edm_1_1\gaindistill_hybrid\budget_50\seed_0\split_fidelity.json,gametes_epistasis_2_way_20atts_0_1h_edm_1_1,gaindistill_hybrid,budget_50,seed_0,xgboost,0.4374967510233877,0.0,0.0,0.03551580000021204
split_fidelity,gametes_epistasis_2_way_20atts_0_1h_edm_1_1\gaindistill_hybrid\budget_50\seed_1\split_fidelity.json,gametes_epistasis_2_way_20atts_0_1h_edm_1_1,gaindistill_hybrid,budget_50,seed_1,xgboost,0.37121606697046794,0.0,0.0,0.029859800000849646
split_fidelity,gametes_epistasis_2_way_20atts_0_1h_edm_1_1\gaindistill_hybrid\budget_50\seed_2\split_fidelity.json,gametes_epistasis_2_way_20atts_0_1h_edm_1_1,gaindistill_hybrid,budget_50,seed_2,xgboost,0.3413565819410659,0.0,0.2,0.03599469999971916
split_fidelity,gametes_epistasis_2_way_20atts_0_1h_edm_1_1\gaindistill_path_hybrid\budget_10\seed_0\split_fidelity.json,gametes_epistasis_2_way_20atts_0_1h_edm_1_1,gaindistill_path_hybrid,budget_10,seed_0,xgboost,0.19603130144633107,0.0,0.0,0.02772209999966435
split_fidelity,gametes_epistasis_2_way_20atts_0_1h_edm_1_1\gaindistill_path_hybrid\budget_10\seed_1\split_fidelity.json,gametes_epistasis_2_way_20atts_0_1h_edm_1_1,gaindistill_path_hybrid,budget_10,seed_1,xgboost,0.29109595724727505,0.0,0.0,0.02976239999952668
split_fidelity,gametes_epistasis_2_way_20atts_0_1h_edm_1_1\gaindistill_path_hybrid\budget_10\seed_2\split_fidelity.json,gametes_epistasis_2_way_20atts_0_1h_edm_1_1,gaindistill_path_hybrid,budget_10,seed_2,xgboost,0.3260300825878754,0.0,0.0,0.0296435999989626
split_fidelity,gametes_epistasis_2_way_20atts_0_1h_edm_1_1\gaindistill_path_hybrid\budget_100\seed_0\split_fidelity.json,gametes_epistasis_2_way_20atts_0_1h_edm_1_1,gaindistill_path_hybrid,budget_100,seed_0,xgboost,0.7357060214532699,1.0,0.8,0.042332300001362455
split_fidelity,gametes_epistasis_2_way_20atts_0_1h_edm_1_1\gaindistill_path_hybrid\budget_100\seed_1\split_fidelity.json,gametes_epistasis_2_way_20atts_0_1h_edm_1_1,gaindistill_path_hybrid,budget_100,seed_1,xgboost,0.332846295916973,1.0,0.6,0.03610649999973248
split_fidelity,gametes_epistasis_2_way_20atts_0_1h_edm_1_1\gaindistill_path_hybrid\budget_100\seed_2\split_fidelity.json,gametes_epistasis_2_way_20atts_0_1h_edm_1_1,gaindistill_path_hybrid,budget_100,seed_2,xgboost,0.63079348591678,0.0,0.8,0.03769290000127512
split_fidelity,gametes_epistasis_2_way_20atts_0_1h_edm_1_1\gaindistill_path_hybrid\budget_25\seed_0\split_fidelity.json,gametes_epistasis_2_way_20atts_0_1h_edm_1_1,gaindistill_path_hybrid,budget_25,seed_0,xgboost,0.3308933978399971,0.0,0.2,0.022745099999156082
split_fidelity,gametes_epistasis_2_way_20atts_0_1h_edm_1_1\gaindistill_path_hybrid\budget_25\seed_1\split_fidelity.json,gametes_epistasis_2_way_20atts_0_1h_edm_1_1,gaindistill_path_hybrid,budget_25,seed_1,xgboost,0.4157515552474069,0.0,0.0,0.035279300000183866
split_fidelity,gametes_epistasis_2_way_20atts_0_1h_edm_1_1\gaindistill_path_hybrid\budget_25\seed_2\split_fidelity.json,gametes_epistasis_2_way_20atts_0_1h_edm_1_1,gaindistill_path_hybrid,budget_25,seed_2,xgboost,0.5767859565590003,0.0,0.2,0.031157299999904353
split_fidelity,gametes_epistasis_2_way_20atts_0_1h_edm_1_1\gaindistill_path_hybrid\budget_50\seed_0\split_fidelity.json,gametes_epistasis_2_way_20atts_0_1h_edm_1_1,gaindistill_path_hybrid,budget_50,seed_0,xgboost,0.43535866444103544,0.0,0.2,0.036099799999647075
split_fidelity,gametes_epistasis_2_way_20atts_0_1h_edm_1_1\gaindistill_path_hybrid\budget_50\seed_1\split_fidelity.json,gametes_epistasis_2_way_20atts_0_1h_edm_1_1,gaindistill_path_hybrid,budget_50,seed_1,xgboost,0.5380293770590004,0.0,0.4,0.03228069999931904
split_fidelity,gametes_epistasis_2_way_20atts_0_1h_edm_1_1\gaindistill_path_hybrid\budget_50\seed_2\split_fidelity.json,gametes_epistasis_2_way_20atts_0_1h_edm_1_1,gaindistill_path_hybrid,budget_50,seed_2,xgboost,0.34511666524106466,0.0,0.0,0.0420776000009937
split_fidelity,gametes_epistasis_2_way_20atts_0_1h_edm_1_1\gain_herding\budget_10\seed_0\split_fidelity.json,gametes_epistasis_2_way_20atts_0_1h_edm_1_1,gain_herding,budget_10,seed_0,xgboost,0.17736027096328963,0.0,0.0,0.024360699999306235
split_fidelity,gametes_epistasis_2_way_20atts_0_1h_edm_1_1\gain_herding\budget_10\seed_1\split_fidelity.json,gametes_epistasis_2_way_20atts_0_1h_edm_1_1,gain_herding,budget_10,seed_1,xgboost,0.23605286594816385,0.0,0.0,0.023184499999842956
split_fidelity,gametes_epistasis_2_way_20atts_0_1h_edm_1_1\gain_herding\budget_10\seed_2\split_fidelity.json,gametes_epistasis_2_way_20atts_0_1h_edm_1_1,gain_herding,budget_10,seed_2,xgboost,0.3489561455690785,0.0,0.0,0.02311350000127277
split_fidelity,gametes_epistasis_2_way_20atts_0_1h_edm_1_1\gain_herding\budget_100\seed_0\split_fidelity.json,gametes_epistasis_2_way_20atts_0_1h_edm_1_1,gain_herding,budget_100,seed_0,xgboost,0.5663812171528408,0.0,0.4,0.028620600000067498
split_fidelity,gametes_epistasis_2_way_20atts_0_1h_edm_1_1\gain_herding\budget_100\seed_1\split_fidelity.json,gametes_epistasis_2_way_20atts_0_1h_edm_1_1,gain_herding,budget_100,seed_1,xgboost,0.7836032628081491,1.0,0.8,0.03733729999839852
split_fidelity,gametes_epistasis_2_way_20atts_0_1h_edm_1_1\gain_herding\budget_100\seed_2\split_fidelity.json,gametes_epistasis_2_way_20atts_0_1h_edm_1_1,gain_herding,budget_100,seed_2,xgboost,0.6569392277572875,0.0,0.6,0.030135799999698065
split_fidelity,gametes_epistasis_2_way_20atts_0_1h_edm_1_1\gain_herding\budget_25\seed_0\split_fidelity.json,gametes_epistasis_2_way_20atts_0_1h_edm_1_1,gain_herding,budget_25,seed_0,xgboost,0.5036264838285102,0.0,0.2,0.026479799998924136
split_fidelity,gametes_epistasis_2_way_20atts_0_1h_edm_1_1\gain_herding\budget_25\seed_1\split_fidelity.json,gametes_epistasis_2_way_20atts_0_1h_edm_1_1,gain_herding,budget_25,seed_1,xgboost,0.2955288931751531,0.0,0.2,0.022643800009973347
split_fidelity,gametes_epistasis_2_way_20atts_0_1h_edm_1_1\gain_herding\budget_25\seed_2\split_fidelity.json,gametes_epistasis_2_way_20atts_0_1h_edm_1_1,gain_herding,budget_25,seed_2,xgboost,0.33660682495688576,0.0,0.0,0.02732079999987036
split_fidelity,gametes_epistasis_2_way_20atts_0_1h_edm_1_1\gain_herding\budget_50\seed_0\split_fidelity.json,gametes_epistasis_2_way_20atts_0_1h_edm_1_1,gain_herding,budget_50,seed_0,xgboost,0.4170743378057472,0.0,0.0,0.029349699994781986
split_fidelity,gametes_epistasis_2_way_20atts_0_1h_edm_1_1\gain_herding\budget_50\seed_1\split_fidelity.json,gametes_epistasis_2_way_20atts_0_1h_edm_1_1,gain_herding,budget_50,seed_1,xgboost,0.430345220041037,0.0,0.0,0.025790400002733804
split_fidelity,gametes_epistasis_2_way_20atts_0_1h_edm_1_1\gain_herding\budget_50\seed_2\split_fidelity.json,gametes_epistasis_2_way_20atts_0_1h_edm_1_1,gain_herding,budget_50,seed_2,xgboost,0.21815855852345872,0.0,0.0,0.027168900007382035
split_fidelity,gametes_epistasis_2_way_20atts_0_1h_edm_1_1\gain_path_herding\budget_10\seed_0\split_fidelity.json,gametes_epistasis_2_way_20atts_0_1h_edm_1_1,gain_path_herding,budget_10,seed_0,xgboost,0.12283718038008637,0.0,0.0,0.02073270000073535
split_fidelity,gametes_epistasis_2_way_20atts_0_1h_edm_1_1\gain_path_herding\budget_10\seed_1\split_fidelity.json,gametes_epistasis_2_way_20atts_0_1h_edm_1_1,gain_path_herding,budget_10,seed_1,xgboost,0.33156035981498144,0.0,0.0,0.024563800001487834
split_fidelity,gametes_epistasis_2_way_20atts_0_1h_edm_1_1\gain_path_herding\budget_10\seed_2\split_fidelity.json,gametes_epistasis_2_way_20atts_0_1h_edm_1_1,gain_path_herding,budget_10,seed_2,xgboost,0.19284013059918437,0.0,0.0,0.022671299999274197
split_fidelity,gametes_epistasis_2_way_20atts_0_1h_edm_1_1\gain_path_herding\budget_100\seed_0\split_fidelity.json,gametes_epistasis_2_way_20atts_0_1h_edm_1_1,gain_path_herding,budget_100,seed_0,xgboost,0.6280470844629451,0.0,0.6,0.031338499999037595
split_fidelity,gametes_epistasis_2_way_20atts_0_1h_edm_1_1\gain_path_herding\budget_100\seed_1\split_fidelity.json,gametes_epistasis_2_way_20atts_0_1h_edm_1_1,gain_path_herding,budget_100,seed_1,xgboost,0.6321584742779371,0.0,0.6,0.031091099999684957
split_fidelity,gametes_epistasis_2_way_20atts_0_1h_edm_1_1\gain_path_herding\budget_100\seed_2\split_fidelity.json,gametes_epistasis_2_way_20atts_0_1h_edm_1_1,gain_path_herding,budget_100,seed_2,xgboost,0.5630489167221878,0.0,0.6,0.037892599999395316
split_fidelity,gametes_epistasis_2_way_20atts_0_1h_edm_1_1\gain_path_herding\budget_25\seed_0\split_fidelity.json,gametes_epistasis_2_way_20atts_0_1h_edm_1_1,gain_path_herding,budget_25,seed_0,xgboost,0.285335071748191,0.0,0.0,0.026456499996129423
split_fidelity,gametes_epistasis_2_way_20atts_0_1h_edm_1_1\gain_path_herding\budget_25\seed_1\split_fidelity.json,gametes_epistasis_2_way_20atts_0_1h_edm_1_1,gain_path_herding,budget_25,seed_1,xgboost,0.41227648444950044,0.0,0.0,0.025652299998910166
split_fidelity,gametes_epistasis_2_way_20atts_0_1h_edm_1_1\gain_path_herding\budget_25\seed_2\split_fidelity.json,gametes_epistasis_2_way_20atts_0_1h_edm_1_1,gain_path_herding,budget_25,seed_2,xgboost,0.45528706293198873,0.0,0.0,0.02231079999182839
split_fidelity,gametes_epistasis_2_way_20atts_0_1h_edm_1_1\gain_path_herding\budget_50\seed_0\split_fidelity.json,gametes_epistasis_2_way_20atts_0_1h_edm_1_1,gain_path_herding,budget_50,seed_0,xgboost,0.434326484711624,0.0,0.2,0.020987700001569465
split_fidelity,gametes_epistasis_2_way_20atts_0_1h_edm_1_1\gain_path_herding\budget_50\seed_1\split_fidelity.json,gametes_epistasis_2_way_20atts_0_1h_edm_1_1,gain_path_herding,budget_50,seed_1,xgboost,0.5221444200545248,0.0,0.4,0.025527600009809248
split_fidelity,gametes_epistasis_2_way_20atts_0_1h_edm_1_1\gain_path_herding\budget_50\seed_2\split_fidelity.json,gametes_epistasis_2_way_20atts_0_1h_edm_1_1,gain_path_herding,budget_50,seed_2,xgboost,0.24735449944109633,0.0,0.0,0.0248243999958504
split_fidelity,gametes_epistasis_2_way_20atts_0_1h_edm_1_1\gain_path_refined\budget_25\seed_0\split_fidelity.json,gametes_epistasis_2_way_20atts_0_1h_edm_1_1,gain_path_refined,budget_25,seed_0,xgboost,0.23062041541244346,0.0,0.0,0.0220195000001695
split_fidelity,gametes_epistasis_2_way_20atts_0_1h_edm_1_1\gain_path_refined\budget_25\seed_1\split_fidelity.json,gametes_epistasis_2_way_20atts_0_1h_edm_1_1,gain_path_refined,budget_25,seed_1,xgboost,0.3566753516829968,0.0,0.0,0.025355799996759742
split_fidelity,gametes_epistasis_2_way_20atts_0_1h_edm_1_1\gain_path_refined\budget_25\seed_2\split_fidelity.json,gametes_epistasis_2_way_20atts_0_1h_edm_1_1,gain_path_refined,budget_25,seed_2,xgboost,0.5198927726697745,0.0,0.2,0.025037400002474897
split_fidelity,gametes_epistasis_2_way_20atts_0_1h_edm_1_1\gain_path_refined\budget_50\seed_0\split_fidelity.json,gametes_epistasis_2_way_20atts_0_1h_edm_1_1,gain_path_refined,budget_50,seed_0,xgboost,0.44243646829985667,0.0,0.2,0.023806600001989864
split_fidelity,gametes_epistasis_2_way_20atts_0_1h_edm_1_1\gain_path_refined\budget_50\seed_1\split_fidelity.json,gametes_epistasis_2_way_20atts_0_1h_edm_1_1,gain_path_refined,budget_50,seed_1,xgboost,0.5375145867857074,0.0,0.4,0.023279300003196113
split_fidelity,gametes_epistasis_2_way_20atts_0_1h_edm_1_1\gain_path_refined\budget_50\seed_2\split_fidelity.json,gametes_epistasis_2_way_20atts_0_1h_edm_1_1,gain_path_refined,budget_50,seed_2,xgboost,0.3461488449704761,0.0,0.0,0.024323300007381476
split_fidelity,gametes_epistasis_2_way_20atts_0_1h_edm_1_1\gain_path_safeguarded\budget_25\seed_0\split_fidelity.json,gametes_epistasis_2_way_20atts_0_1h_edm_1_1,gain_path_safeguarded,budget_25,seed_0,xgboost,0.23062041541244346,0.0,0.0,0.02087379999284167
split_fidelity,gametes_epistasis_2_way_20atts_0_1h_edm_1_1\gain_path_safeguarded\budget_25\seed_1\split_fidelity.json,gametes_epistasis_2_way_20atts_0_1h_edm_1_1,gain_path_safeguarded,budget_25,seed_1,xgboost,0.3566753516829968,0.0,0.0,0.02077810000628233
split_fidelity,gametes_epistasis_2_way_20atts_0_1h_edm_1_1\gain_path_safeguarded\budget_25\seed_2\split_fidelity.json,gametes_epistasis_2_way_20atts_0_1h_edm_1_1,gain_path_safeguarded,budget_25,seed_2,xgboost,0.5198927726697745,0.0,0.2,0.019707600004039705
split_fidelity,gametes_epistasis_2_way_20atts_0_1h_edm_1_1\gain_path_safeguarded\budget_50\seed_0\split_fidelity.json,gametes_epistasis_2_way_20atts_0_1h_edm_1_1,gain_path_safeguarded,budget_50,seed_0,xgboost,0.44243646829985667,0.0,0.2,0.026398000001790933
split_fidelity,gametes_epistasis_2_way_20atts_0_1h_edm_1_1\gain_path_safeguarded\budget_50\seed_1\split_fidelity.json,gametes_epistasis_2_way_20atts_0_1h_edm_1_1,gain_path_safeguarded,budget_50,seed_1,xgboost,0.5375145867857074,0.0,0.4,0.023675100004766136
split_fidelity,gametes_epistasis_2_way_20atts_0_1h_edm_1_1\gain_path_safeguarded\budget_50\seed_2\split_fidelity.json,gametes_epistasis_2_way_20atts_0_1h_edm_1_1,gain_path_safeguarded,budget_50,seed_2,xgboost,0.3461488449704761,0.0,0.0,0.024757399994996376
split_fidelity,gametes_epistasis_2_way_20atts_0_1h_edm_1_1\gain_weighted_coreset\budget_10\seed_0\split_fidelity.json,gametes_epistasis_2_way_20atts_0_1h_edm_1_1,gain_weighted_coreset,budget_10,seed_0,xgboost,0.34249920466751804,0.0,0.2,0.02949809999881836
split_fidelity,gametes_epistasis_2_way_20atts_0_1h_edm_1_1\gain_weighted_coreset\budget_10\seed_1\split_fidelity.json,gametes_epistasis_2_way_20atts_0_1h_edm_1_1,gain_weighted_coreset,budget_10,seed_1,xgboost,0.33005154634810385,0.0,0.0,0.026731699999800185
split_fidelity,gametes_epistasis_2_way_20atts_0_1h_edm_1_1\gain_weighted_coreset\budget_10\seed_2\split_fidelity.json,gametes_epistasis_2_way_20atts_0_1h_edm_1_1,gain_weighted_coreset,budget_10,seed_2,xgboost,0.22311918722744561,0.0,0.0,0.027089400000477326
split_fidelity,gametes_epistasis_2_way_20atts_0_1h_edm_1_1\gain_weighted_coreset\budget_100\seed_0\split_fidelity.json,gametes_epistasis_2_way_20atts_0_1h_edm_1_1,gain_weighted_coreset,budget_100,seed_0,xgboost,0.683121588283846,1.0,0.6,0.033254999998462154
split_fidelity,gametes_epistasis_2_way_20atts_0_1h_edm_1_1\gain_weighted_coreset\budget_100\seed_1\split_fidelity.json,gametes_epistasis_2_way_20atts_0_1h_edm_1_1,gain_weighted_coreset,budget_100,seed_1,xgboost,0.6131066605540838,0.0,0.4,0.03031609999925422
split_fidelity,gametes_epistasis_2_way_20atts_0_1h_edm_1_1\gain_weighted_coreset\budget_100\seed_2\split_fidelity.json,gametes_epistasis_2_way_20atts_0_1h_edm_1_1,gain_weighted_coreset,budget_100,seed_2,xgboost,0.6762738939922844,1.0,0.6,0.03282020000006014
split_fidelity,gametes_epistasis_2_way_20atts_0_1h_edm_1_1\gain_weighted_coreset\budget_25\seed_0\split_fidelity.json,gametes_epistasis_2_way_20atts_0_1h_edm_1_1,gain_weighted_coreset,budget_25,seed_0,xgboost,0.5832573614741543,0.0,0.2,0.03494159999900148
split_fidelity,gametes_epistasis_2_way_20atts_0_1h_edm_1_1\gain_weighted_coreset\budget_25\seed_1\split_fidelity.json,gametes_epistasis_2_way_20atts_0_1h_edm_1_1,gain_weighted_coreset,budget_25,seed_1,xgboost,0.4808906482890156,0.0,0.2,0.026590699999360368
split_fidelity,gametes_epistasis_2_way_20atts_0_1h_edm_1_1\gain_weighted_coreset\budget_25\seed_2\split_fidelity.json,gametes_epistasis_2_way_20atts_0_1h_edm_1_1,gain_weighted_coreset,budget_25,seed_2,xgboost,0.508173943979644,0.0,0.0,0.033752600000298116
split_fidelity,gametes_epistasis_2_way_20atts_0_1h_edm_1_1\gain_weighted_coreset\budget_50\seed_0\split_fidelity.json,gametes_epistasis_2_way_20atts_0_1h_edm_1_1,gain_weighted_coreset,budget_50,seed_0,xgboost,0.4374967510233877,0.0,0.0,0.03253229999972973
split_fidelity,gametes_epistasis_2_way_20atts_0_1h_edm_1_1\gain_weighted_coreset\budget_50\seed_1\split_fidelity.json,gametes_epistasis_2_way_20atts_0_1h_edm_1_1,gain_weighted_coreset,budget_50,seed_1,xgboost,0.37121606697046794,0.0,0.0,0.05857110000033572
split_fidelity,gametes_epistasis_2_way_20atts_0_1h_edm_1_1\gain_weighted_coreset\budget_50\seed_2\split_fidelity.json,gametes_epistasis_2_way_20atts_0_1h_edm_1_1,gain_weighted_coreset,budget_50,seed_2,xgboost,0.3413565819410659,0.0,0.2,0.03700580000077025
split_fidelity,gametes_epistasis_2_way_20atts_0_1h_edm_1_1\gradient_sampling\budget_10\seed_0\split_fidelity.json,gametes_epistasis_2_way_20atts_0_1h_edm_1_1,gradient_sampling,budget_10,seed_0,xgboost,0.47952329144667066,0.0,0.0,0.03456800000003568
split_fidelity,gametes_epistasis_2_way_20atts_0_1h_edm_1_1\gradient_sampling\budget_10\seed_1\split_fidelity.json,gametes_epistasis_2_way_20atts_0_1h_edm_1_1,gradient_sampling,budget_10,seed_1,xgboost,0.4636522017042039,0.0,0.2,0.0358009999999922
split_fidelity,gametes_epistasis_2_way_20atts_0_1h_edm_1_1\gradient_sampling\budget_10\seed_2\split_fidelity.json,gametes_epistasis_2_way_20atts_0_1h_edm_1_1,gradient_sampling,budget_10,seed_2,xgboost,0.46880554733366725,0.0,0.0,0.030710300000464485
split_fidelity,gametes_epistasis_2_way_20atts_0_1h_edm_1_1\gradient_sampling\budget_100\seed_0\split_fidelity.json,gametes_epistasis_2_way_20atts_0_1h_edm_1_1,gradient_sampling,budget_100,seed_0,xgboost,0.3566571616582584,0.0,0.0,0.0504425999997693
split_fidelity,gametes_epistasis_2_way_20atts_0_1h_edm_1_1\gradient_sampling\budget_100\seed_1\split_fidelity.json,gametes_epistasis_2_way_20atts_0_1h_edm_1_1,gradient_sampling,budget_100,seed_1,xgboost,0.6205308181618775,0.0,0.0,0.05561779999970895
split_fidelity,gametes_epistasis_2_way_20atts_0_1h_edm_1_1\gradient_sampling\budget_100\seed_2\split_fidelity.json,gametes_epistasis_2_way_20atts_0_1h_edm_1_1,gradient_sampling,budget_100,seed_2,xgboost,0.4512685530452585,0.0,0.0,0.052141300000585034
split_fidelity,gametes_epistasis_2_way_20atts_0_1h_edm_1_1\gradient_sampling\budget_25\seed_0\split_fidelity.json,gametes_epistasis_2_way_20atts_0_1h_edm_1_1,gradient_sampling,budget_25,seed_0,xgboost,0.45577324553350956,0.0,0.0,0.044331299999612384
split_fidelity,gametes_epistasis_2_way_20atts_0_1h_edm_1_1\gradient_sampling\budget_25\seed_1\split_fidelity.json,gametes_epistasis_2_way_20atts_0_1h_edm_1_1,gradient_sampling,budget_25,seed_1,xgboost,0.348262060175773,0.0,0.0,0.03737420000015845
split_fidelity,gametes_epistasis_2_way_20atts_0_1h_edm_1_1\gradient_sampling\budget_25\seed_2\split_fidelity.json,gametes_epistasis_2_way_20atts_0_1h_edm_1_1,gradient_sampling,budget_25,seed_2,xgboost,0.4125017200983868,0.0,0.2,0.046493800000462215
split_fidelity,gametes_epistasis_2_way_20atts_0_1h_edm_1_1\gradient_sampling\budget_50\seed_0\split_fidelity.json,gametes_epistasis_2_way_20atts_0_1h_edm_1_1,gradient_sampling,budget_50,seed_0,xgboost,0.524159872135887,0.0,0.0,0.050379500000417465
split_fidelity,gametes_epistasis_2_way_20atts_0_1h_edm_1_1\gradient_sampling\budget_50\seed_1\split_fidelity.json,gametes_epistasis_2_way_20atts_0_1h_edm_1_1,gradient_sampling,budget_50,seed_1,xgboost,0.43074156286452125,0.0,0.0,0.044639599999754864
split_fidelity,gametes_epistasis_2_way_20atts_0_1h_edm_1_1\gradient_sampling\budget_50\seed_2\split_fidelity.json,gametes_epistasis_2_way_20atts_0_1h_edm_1_1,gradient_sampling,budget_50,seed_2,xgboost,0.5676000436015834,0.0,0.2,0.053125899999940884
split_fidelity,gametes_epistasis_2_way_20atts_0_1h_edm_1_1\herding\budget_10\seed_0\split_fidelity.json,gametes_epistasis_2_way_20atts_0_1h_edm_1_1,herding,budget_10,seed_0,xgboost,0.16599301240463765,0.0,0.2,0.040004700000281446
split_fidelity,gametes_epistasis_2_way_20atts_0_1h_edm_1_1\herding\budget_10\seed_1\split_fidelity.json,gametes_epistasis_2_way_20atts_0_1h_edm_1_1,herding,budget_10,seed_1,xgboost,0.13099215587476878,0.0,0.0,0.04098419999991165
split_fidelity,gametes_epistasis_2_way_20atts_0_1h_edm_1_1\herding\budget_10\seed_2\split_fidelity.json,gametes_epistasis_2_way_20atts_0_1h_edm_1_1,herding,budget_10,seed_2,xgboost,0.30595776354452203,0.0,0.0,0.03513160000056814
split_fidelity,gametes_epistasis_2_way_20atts_0_1h_edm_1_1\herding\budget_100\seed_0\split_fidelity.json,gametes_epistasis_2_way_20atts_0_1h_edm_1_1,herding,budget_100,seed_0,xgboost,0.461408070517774,0.0,0.2,0.05851650000022346
split_fidelity,gametes_epistasis_2_way_20atts_0_1h_edm_1_1\herding\budget_100\seed_1\split_fidelity.json,gametes_epistasis_2_way_20atts_0_1h_edm_1_1,herding,budget_100,seed_1,xgboost,0.44628781566305326,0.0,0.2,0.050445299999410054
split_fidelity,gametes_epistasis_2_way_20atts_0_1h_edm_1_1\herding\budget_100\seed_2\split_fidelity.json,gametes_epistasis_2_way_20atts_0_1h_edm_1_1,herding,budget_100,seed_2,xgboost,0.34894886448339624,0.0,0.2,0.05388390000007348
split_fidelity,gametes_epistasis_2_way_20atts_0_1h_edm_1_1\herding\budget_25\seed_0\split_fidelity.json,gametes_epistasis_2_way_20atts_0_1h_edm_1_1,herding,budget_25,seed_0,xgboost,0.4435801117343591,0.0,0.2,0.018899700007750653
split_fidelity,gametes_epistasis_2_way_20atts_0_1h_edm_1_1\herding\budget_25\seed_1\split_fidelity.json,gametes_epistasis_2_way_20atts_0_1h_edm_1_1,herding,budget_25,seed_1,xgboost,0.3334885355617035,0.0,0.0,0.01850979999289848
split_fidelity,gametes_epistasis_2_way_20atts_0_1h_edm_1_1\herding\budget_25\seed_2\split_fidelity.json,gametes_epistasis_2_way_20atts_0_1h_edm_1_1,herding,budget_25,seed_2,xgboost,0.2414839664724034,0.0,0.0,0.022780900006182492
split_fidelity,gametes_epistasis_2_way_20atts_0_1h_edm_1_1\herding\budget_50\seed_0\split_fidelity.json,gametes_epistasis_2_way_20atts_0_1h_edm_1_1,herding,budget_50,seed_0,xgboost,0.5121052268625692,0.0,0.2,0.025483000004896894
split_fidelity,gametes_epistasis_2_way_20atts_0_1h_edm_1_1\herding\budget_50\seed_1\split_fidelity.json,gametes_epistasis_2_way_20atts_0_1h_edm_1_1,herding,budget_50,seed_1,xgboost,0.5265693808657849,0.0,0.0,0.025151599998935126
split_fidelity,gametes_epistasis_2_way_20atts_0_1h_edm_1_1\herding\budget_50\seed_2\split_fidelity.json,gametes_epistasis_2_way_20atts_0_1h_edm_1_1,herding,budget_50,seed_2,xgboost,0.3090136696276743,0.0,0.0,0.023590600001625717
split_fidelity,gametes_epistasis_2_way_20atts_0_1h_edm_1_1\k_center\budget_10\seed_0\split_fidelity.json,gametes_epistasis_2_way_20atts_0_1h_edm_1_1,k_center,budget_10,seed_0,xgboost,0.4137911523777786,0.0,0.2,0.04998569999952451
split_fidelity,gametes_epistasis_2_way_20atts_0_1h_edm_1_1\k_center\budget_10\seed_1\split_fidelity.json,gametes_epistasis_2_way_20atts_0_1h_edm_1_1,k_center,budget_10,seed_1,xgboost,0.5205712409028761,0.0,0.2,0.04409410000062053
split_fidelity,gametes_epistasis_2_way_20atts_0_1h_edm_1_1\k_center\budget_10\seed_2\split_fidelity.json,gametes_epistasis_2_way_20atts_0_1h_edm_1_1,k_center,budget_10,seed_2,xgboost,0.45718429534836863,0.0,0.0,0.04581019999932323
split_fidelity,gametes_epistasis_2_way_20atts_0_1h_edm_1_1\k_center\budget_100\seed_0\split_fidelity.json,gametes_epistasis_2_way_20atts_0_1h_edm_1_1,k_center,budget_100,seed_0,xgboost,0.5953059881552972,0.0,0.6,0.05647430000044551
split_fidelity,gametes_epistasis_2_way_20atts_0_1h_edm_1_1\k_center\budget_100\seed_1\split_fidelity.json,gametes_epistasis_2_way_20atts_0_1h_edm_1_1,k_center,budget_100,seed_1,xgboost,0.7555019375594063,0.0,0.8,0.061018099999273545
split_fidelity,gametes_epistasis_2_way_20atts_0_1h_edm_1_1\k_center\budget_100\seed_2\split_fidelity.json,gametes_epistasis_2_way_20atts_0_1h_edm_1_1,k_center,budget_100,seed_2,xgboost,0.6771952913650654,0.0,0.6,0.06180199999926117
split_fidelity,gametes_epistasis_2_way_20atts_0_1h_edm_1_1\k_center\budget_25\seed_0\split_fidelity.json,gametes_epistasis_2_way_20atts_0_1h_edm_1_1,k_center,budget_25,seed_0,xgboost,0.6100753089127733,0.0,0.2,0.05879629999981262
split_fidelity,gametes_epistasis_2_way_20atts_0_1h_edm_1_1\k_center\budget_25\seed_1\split_fidelity.json,gametes_epistasis_2_way_20atts_0_1h_edm_1_1,k_center,budget_25,seed_1,xgboost,0.5151714557285955,0.0,0.2,0.06606840000040393
split_fidelity,gametes_epistasis_2_way_20atts_0_1h_edm_1_1\k_center\budget_25\seed_2\split_fidelity.json,gametes_epistasis_2_way_20atts_0_1h_edm_1_1,k_center,budget_25,seed_2,xgboost,0.46230898588871827,0.0,0.2,0.050302300000112155
split_fidelity,gametes_epistasis_2_way_20atts_0_1h_edm_1_1\k_center\budget_50\seed_0\split_fidelity.json,gametes_epistasis_2_way_20atts_0_1h_edm_1_1,k_center,budget_50,seed_0,xgboost,0.6726621335088103,0.0,0.4,0.06176430000050459
split_fidelity,gametes_epistasis_2_way_20atts_0_1h_edm_1_1\k_center\budget_50\seed_1\split_fidelity.json,gametes_epistasis_2_way_20atts_0_1h_edm_1_1,k_center,budget_50,seed_1,xgboost,0.5687650800614169,0.0,0.4,0.04341719999956695
split_fidelity,gametes_epistasis_2_way_20atts_0_1h_edm_1_1\k_center\budget_50\seed_2\split_fidelity.json,gametes_epistasis_2_way_20atts_0_1h_edm_1_1,k_center,budget_50,seed_2,xgboost,0.5585289171601959,0.0,0.4,0.06185800000002928
split_fidelity,gametes_epistasis_2_way_20atts_0_1h_edm_1_1\random\budget_10\seed_0\split_fidelity.json,gametes_epistasis_2_way_20atts_0_1h_edm_1_1,random,budget_10,seed_0,xgboost,0.3396950857387159,0.0,0.2,0.05392519999986689
split_fidelity,gametes_epistasis_2_way_20atts_0_1h_edm_1_1\random\budget_10\seed_1\split_fidelity.json,gametes_epistasis_2_way_20atts_0_1h_edm_1_1,random,budget_10,seed_1,xgboost,0.2724773084293355,0.0,0.0,0.07395899999937683
split_fidelity,gametes_epistasis_2_way_20atts_0_1h_edm_1_1\random\budget_10\seed_2\split_fidelity.json,gametes_epistasis_2_way_20atts_0_1h_edm_1_1,random,budget_10,seed_2,xgboost,0.2942114910256792,0.0,0.0,0.04071790000034525
split_fidelity,gametes_epistasis_2_way_20atts_0_1h_edm_1_1\random\budget_100\seed_0\split_fidelity.json,gametes_epistasis_2_way_20atts_0_1h_edm_1_1,random,budget_100,seed_0,xgboost,0.5161875611778464,0.0,0.2,0.06007289999979548
split_fidelity,gametes_epistasis_2_way_20atts_0_1h_edm_1_1\random\budget_100\seed_1\split_fidelity.json,gametes_epistasis_2_way_20atts_0_1h_edm_1_1,random,budget_100,seed_1,xgboost,0.6588800181179973,0.0,0.2,0.05692070000077365
split_fidelity,gametes_epistasis_2_way_20atts_0_1h_edm_1_1\random\budget_100\seed_2\split_fidelity.json,gametes_epistasis_2_way_20atts_0_1h_edm_1_1,random,budget_100,seed_2,xgboost,0.5678052552481343,0.0,0.0,0.06478659999993397
split_fidelity,gametes_epistasis_2_way_20atts_0_1h_edm_1_1\random\budget_25\seed_0\split_fidelity.json,gametes_epistasis_2_way_20atts_0_1h_edm_1_1,random,budget_25,seed_0,xgboost,0.4414493569768207,0.0,0.0,0.020041399999172427
split_fidelity,gametes_epistasis_2_way_20atts_0_1h_edm_1_1\random\budget_25\seed_1\split_fidelity.json,gametes_epistasis_2_way_20atts_0_1h_edm_1_1,random,budget_25,seed_1,xgboost,0.49596235998219224,0.0,0.2,0.020071599996299483
split_fidelity,gametes_epistasis_2_way_20atts_0_1h_edm_1_1\random\budget_25\seed_2\split_fidelity.json,gametes_epistasis_2_way_20atts_0_1h_edm_1_1,random,budget_25,seed_2,xgboost,0.382220818931437,0.0,0.2,0.01978110001073219
split_fidelity,gametes_epistasis_2_way_20atts_0_1h_edm_1_1\random\budget_50\seed_0\split_fidelity.json,gametes_epistasis_2_way_20atts_0_1h_edm_1_1,random,budget_50,seed_0,xgboost,0.3903581100914673,0.0,0.2,0.018508599998313002
split_fidelity,gametes_epistasis_2_way_20atts_0_1h_edm_1_1\random\budget_50\seed_1\split_fidelity.json,gametes_epistasis_2_way_20atts_0_1h_edm_1_1,random,budget_50,seed_1,xgboost,0.4961141549150473,0.0,0.2,0.016475399999762885
split_fidelity,gametes_epistasis_2_way_20atts_0_1h_edm_1_1\random\budget_50\seed_2\split_fidelity.json,gametes_epistasis_2_way_20atts_0_1h_edm_1_1,random,budget_50,seed_2,xgboost,0.5341684500093015,0.0,0.2,0.016817099996842444
split_fidelity,gametes_epistasis_2_way_20atts_0_1h_edm_1_1\tree_region\budget_10\seed_0\split_fidelity.json,gametes_epistasis_2_way_20atts_0_1h_edm_1_1,tree_region,budget_10,seed_0,xgboost,0.47952329144667066,0.0,0.0,0.05936110000038752
split_fidelity,gametes_epistasis_2_way_20atts_0_1h_edm_1_1\tree_region\budget_10\seed_1\split_fidelity.json,gametes_epistasis_2_way_20atts_0_1h_edm_1_1,tree_region,budget_10,seed_1,xgboost,0.4636522017042039,0.0,0.2,0.04882900000029622
split_fidelity,gametes_epistasis_2_way_20atts_0_1h_edm_1_1\tree_region\budget_10\seed_2\split_fidelity.json,gametes_epistasis_2_way_20atts_0_1h_edm_1_1,tree_region,budget_10,seed_2,xgboost,0.46880554733366725,0.0,0.0,0.04735830000026908
split_fidelity,gametes_epistasis_2_way_20atts_0_1h_edm_1_1\tree_region\budget_100\seed_0\split_fidelity.json,gametes_epistasis_2_way_20atts_0_1h_edm_1_1,tree_region,budget_100,seed_0,xgboost,0.3566571616582584,0.0,0.0,0.054951200000687095
split_fidelity,gametes_epistasis_2_way_20atts_0_1h_edm_1_1\tree_region\budget_100\seed_1\split_fidelity.json,gametes_epistasis_2_way_20atts_0_1h_edm_1_1,tree_region,budget_100,seed_1,xgboost,0.6205308181618775,0.0,0.0,0.0724830999997721
split_fidelity,gametes_epistasis_2_way_20atts_0_1h_edm_1_1\tree_region\budget_100\seed_2\split_fidelity.json,gametes_epistasis_2_way_20atts_0_1h_edm_1_1,tree_region,budget_100,seed_2,xgboost,0.4512685530452585,0.0,0.0,0.06076039999970817
split_fidelity,gametes_epistasis_2_way_20atts_0_1h_edm_1_1\tree_region\budget_25\seed_0\split_fidelity.json,gametes_epistasis_2_way_20atts_0_1h_edm_1_1,tree_region,budget_25,seed_0,xgboost,0.45577324553350956,0.0,0.0,0.058300099999542
split_fidelity,gametes_epistasis_2_way_20atts_0_1h_edm_1_1\tree_region\budget_25\seed_1\split_fidelity.json,gametes_epistasis_2_way_20atts_0_1h_edm_1_1,tree_region,budget_25,seed_1,xgboost,0.348262060175773,0.0,0.0,0.0564857999997912
split_fidelity,gametes_epistasis_2_way_20atts_0_1h_edm_1_1\tree_region\budget_25\seed_2\split_fidelity.json,gametes_epistasis_2_way_20atts_0_1h_edm_1_1,tree_region,budget_25,seed_2,xgboost,0.4125017200983868,0.0,0.2,0.052171300000736665
split_fidelity,gametes_epistasis_2_way_20atts_0_1h_edm_1_1\tree_region\budget_50\seed_0\split_fidelity.json,gametes_epistasis_2_way_20atts_0_1h_edm_1_1,tree_region,budget_50,seed_0,xgboost,0.524159872135887,0.0,0.0,0.06974979999995412
split_fidelity,gametes_epistasis_2_way_20atts_0_1h_edm_1_1\tree_region\budget_50\seed_1\split_fidelity.json,gametes_epistasis_2_way_20atts_0_1h_edm_1_1,tree_region,budget_50,seed_1,xgboost,0.43074156286452125,0.0,0.0,0.06098139999994601
split_fidelity,gametes_epistasis_2_way_20atts_0_1h_edm_1_1\tree_region\budget_50\seed_2\split_fidelity.json,gametes_epistasis_2_way_20atts_0_1h_edm_1_1,tree_region,budget_50,seed_2,xgboost,0.5676000436015834,0.0,0.2,0.10585019999962242
split_fidelity,gametes_epistasis_2_way_20atts_0_4h_edm_1_1\distribution_matching\budget_10\seed_0\split_fidelity.json,gametes_epistasis_2_way_20atts_0_4h_edm_1_1,distribution_matching,budget_10,seed_0,xgboost,0.4412662085841795,0.0,0.2,0.04214529999990191
split_fidelity,gametes_epistasis_2_way_20atts_0_4h_edm_1_1\distribution_matching\budget_10\seed_1\split_fidelity.json,gametes_epistasis_2_way_20atts_0_4h_edm_1_1,distribution_matching,budget_10,seed_1,xgboost,0.34285803550766886,0.0,0.0,0.060752299999876413
split_fidelity,gametes_epistasis_2_way_20atts_0_4h_edm_1_1\distribution_matching\budget_10\seed_2\split_fidelity.json,gametes_epistasis_2_way_20atts_0_4h_edm_1_1,distribution_matching,budget_10,seed_2,xgboost,0.5200066527029524,0.0,0.4,0.04671909999979107
split_fidelity,gametes_epistasis_2_way_20atts_0_4h_edm_1_1\distribution_matching\budget_100\seed_0\split_fidelity.json,gametes_epistasis_2_way_20atts_0_4h_edm_1_1,distribution_matching,budget_100,seed_0,xgboost,0.7431142834975559,0.0,0.2,0.07414880000033008
split_fidelity,gametes_epistasis_2_way_20atts_0_4h_edm_1_1\distribution_matching\budget_100\seed_1\split_fidelity.json,gametes_epistasis_2_way_20atts_0_4h_edm_1_1,distribution_matching,budget_100,seed_1,xgboost,0.4515787630084859,0.0,0.0,0.05289859999993496
split_fidelity,gametes_epistasis_2_way_20atts_0_4h_edm_1_1\distribution_matching\budget_100\seed_2\split_fidelity.json,gametes_epistasis_2_way_20atts_0_4h_edm_1_1,distribution_matching,budget_100,seed_2,xgboost,0.6653735743657382,0.0,0.2,0.07051379999938945
split_fidelity,gametes_epistasis_2_way_20atts_0_4h_edm_1_1\distribution_matching\budget_25\seed_0\split_fidelity.json,gametes_epistasis_2_way_20atts_0_4h_edm_1_1,distribution_matching,budget_25,seed_0,xgboost,0.5170015229276718,0.0,0.2,0.05184749999989435
split_fidelity,gametes_epistasis_2_way_20atts_0_4h_edm_1_1\distribution_matching\budget_25\seed_1\split_fidelity.json,gametes_epistasis_2_way_20atts_0_4h_edm_1_1,distribution_matching,budget_25,seed_1,xgboost,0.36896976857092606,0.0,0.0,0.06468709999990097
split_fidelity,gametes_epistasis_2_way_20atts_0_4h_edm_1_1\distribution_matching\budget_25\seed_2\split_fidelity.json,gametes_epistasis_2_way_20atts_0_4h_edm_1_1,distribution_matching,budget_25,seed_2,xgboost,0.45092093200170874,0.0,0.2,0.11093400000027032
split_fidelity,gametes_epistasis_2_way_20atts_0_4h_edm_1_1\distribution_matching\budget_50\seed_0\split_fidelity.json,gametes_epistasis_2_way_20atts_0_4h_edm_1_1,distribution_matching,budget_50,seed_0,xgboost,0.47744130657727357,0.0,0.0,0.09816419999970094
split_fidelity,gametes_epistasis_2_way_20atts_0_4h_edm_1_1\distribution_matching\budget_50\seed_1\split_fidelity.json,gametes_epistasis_2_way_20atts_0_4h_edm_1_1,distribution_matching,budget_50,seed_1,xgboost,0.6550880177779943,0.0,0.0,0.10212460000002466
split_fidelity,gametes_epistasis_2_way_20atts_0_4h_edm_1_1\distribution_matching\budget_50\seed_2\split_fidelity.json,gametes_epistasis_2_way_20atts_0_4h_edm_1_1,distribution_matching,budget_50,seed_2,xgboost,0.5589407375057043,0.0,0.0,0.10789249999925232
split_fidelity,gametes_epistasis_2_way_20atts_0_4h_edm_1_1\full_data\budget_10\seed_0\split_fidelity.json,gametes_epistasis_2_way_20atts_0_4h_edm_1_1,full_data,budget_10,seed_0,xgboost,0.9999999999999999,1.0,1.0,0.15386489999946207
split_fidelity,gametes_epistasis_2_way_20atts_0_4h_edm_1_1\full_data\budget_10\seed_1\split_fidelity.json,gametes_epistasis_2_way_20atts_0_4h_edm_1_1,full_data,budget_10,seed_1,xgboost,0.8579408798200014,1.0,0.6,0.18011310000019876
split_fidelity,gametes_epistasis_2_way_20atts_0_4h_edm_1_1\full_data\budget_10\seed_2\split_fidelity.json,gametes_epistasis_2_way_20atts_0_4h_edm_1_1,full_data,budget_10,seed_2,xgboost,0.8177515711071456,1.0,0.2,0.07102369999938674
split_fidelity,gametes_epistasis_2_way_20atts_0_4h_edm_1_1\full_data\budget_100\seed_0\split_fidelity.json,gametes_epistasis_2_way_20atts_0_4h_edm_1_1,full_data,budget_100,seed_0,xgboost,0.9999999999999999,1.0,1.0,0.09076240000013058
split_fidelity,gametes_epistasis_2_way_20atts_0_4h_edm_1_1\full_data\budget_100\seed_1\split_fidelity.json,gametes_epistasis_2_way_20atts_0_4h_edm_1_1,full_data,budget_100,seed_1,xgboost,0.8579408798200014,1.0,0.6,0.0828075000008539
split_fidelity,gametes_epistasis_2_way_20atts_0_4h_edm_1_1\full_data\budget_100\seed_2\split_fidelity.json,gametes_epistasis_2_way_20atts_0_4h_edm_1_1,full_data,budget_100,seed_2,xgboost,0.8177515711071456,1.0,0.2,0.0765095000006113
split_fidelity,gametes_epistasis_2_way_20atts_0_4h_edm_1_1\full_data\budget_25\seed_0\split_fidelity.json,gametes_epistasis_2_way_20atts_0_4h_edm_1_1,full_data,budget_25,seed_0,xgboost,0.9999999999999999,1.0,1.0,0.08577989999957936
split_fidelity,gametes_epistasis_2_way_20atts_0_4h_edm_1_1\full_data\budget_25\seed_1\split_fidelity.json,gametes_epistasis_2_way_20atts_0_4h_edm_1_1,full_data,budget_25,seed_1,xgboost,0.8579408798200014,1.0,0.6,0.07793380000020989
split_fidelity,gametes_epistasis_2_way_20atts_0_4h_edm_1_1\full_data\budget_25\seed_2\split_fidelity.json,gametes_epistasis_2_way_20atts_0_4h_edm_1_1,full_data,budget_25,seed_2,xgboost,0.8177515711071456,1.0,0.2,0.08485019999989163
split_fidelity,gametes_epistasis_2_way_20atts_0_4h_edm_1_1\full_data\budget_50\seed_0\split_fidelity.json,gametes_epistasis_2_way_20atts_0_4h_edm_1_1,full_data,budget_50,seed_0,xgboost,0.9999999999999999,1.0,1.0,0.0780717999996341
split_fidelity,gametes_epistasis_2_way_20atts_0_4h_edm_1_1\full_data\budget_50\seed_1\split_fidelity.json,gametes_epistasis_2_way_20atts_0_4h_edm_1_1,full_data,budget_50,seed_1,xgboost,0.8579408798200014,1.0,0.6,0.15394600000036007
split_fidelity,gametes_epistasis_2_way_20atts_0_4h_edm_1_1\full_data\budget_50\seed_2\split_fidelity.json,gametes_epistasis_2_way_20atts_0_4h_edm_1_1,full_data,budget_50,seed_2,xgboost,0.8177515711071456,1.0,0.2,0.15179059999991296
split_fidelity,gametes_epistasis_2_way_20atts_0_4h_edm_1_1\gaindistill\budget_10\seed_0\split_fidelity.json,gametes_epistasis_2_way_20atts_0_4h_edm_1_1,gaindistill,budget_10,seed_0,xgboost,0.26739588200690523,0.0,0.4,0.06485109999994165
split_fidelity,gametes_epistasis_2_way_20atts_0_4h_edm_1_1\gaindistill\budget_10\seed_1\split_fidelity.json,gametes_epistasis_2_way_20atts_0_4h_edm_1_1,gaindistill,budget_10,seed_1,xgboost,0.26425972176034773,0.0,0.4,0.06265819999953237
split_fidelity,gametes_epistasis_2_way_20atts_0_4h_edm_1_1\gaindistill\budget_10\seed_2\split_fidelity.json,gametes_epistasis_2_way_20atts_0_4h_edm_1_1,gaindistill,budget_10,seed_2,xgboost,0.18818494089405396,0.0,0.0,0.081236799999715
split_fidelity,gametes_epistasis_2_way_20atts_0_4h_edm_1_1\gaindistill\budget_100\seed_0\split_fidelity.json,gametes_epistasis_2_way_20atts_0_4h_edm_1_1,gaindistill,budget_100,seed_0,xgboost,0.20520388105685602,0.0,0.4,0.057362100000318605
split_fidelity,gametes_epistasis_2_way_20atts_0_4h_edm_1_1\gaindistill\budget_100\seed_1\split_fidelity.json,gametes_epistasis_2_way_20atts_0_4h_edm_1_1,gaindistill,budget_100,seed_1,xgboost,0.2451077806009443,0.0,0.2,0.08586939999986498
split_fidelity,gametes_epistasis_2_way_20atts_0_4h_edm_1_1\gaindistill\budget_100\seed_2\split_fidelity.json,gametes_epistasis_2_way_20atts_0_4h_edm_1_1,gaindistill,budget_100,seed_2,xgboost,0.25637206452415545,1.0,0.2,0.06686059999992722
split_fidelity,gametes_epistasis_2_way_20atts_0_4h_edm_1_1\gaindistill\budget_25\seed_0\split_fidelity.json,gametes_epistasis_2_way_20atts_0_4h_edm_1_1,gaindistill,budget_25,seed_0,xgboost,0.0497074054879159,0.0,0.0,0.07450760000028822
split_fidelity,gametes_epistasis_2_way_20atts_0_4h_edm_1_1\gaindistill\budget_25\seed_1\split_fidelity.json,gametes_epistasis_2_way_20atts_0_4h_edm_1_1,gaindistill,budget_25,seed_1,xgboost,0.22514609227663412,0.0,0.4,0.0699918999998772
split_fidelity,gametes_epistasis_2_way_20atts_0_4h_edm_1_1\gaindistill\budget_25\seed_2\split_fidelity.json,gametes_epistasis_2_way_20atts_0_4h_edm_1_1,gaindistill,budget_25,seed_2,xgboost,0.08362406923025485,0.0,0.2,0.09484690000044793
split_fidelity,gametes_epistasis_2_way_20atts_0_4h_edm_1_1\gaindistill\budget_50\seed_0\split_fidelity.json,gametes_epistasis_2_way_20atts_0_4h_edm_1_1,gaindistill,budget_50,seed_0,xgboost,0.03936776222010361,0.0,0.0,0.09031510000022536
split_fidelity,gametes_epistasis_2_way_20atts_0_4h_edm_1_1\gaindistill\budget_50\seed_1\split_fidelity.json,gametes_epistasis_2_way_20atts_0_4h_edm_1_1,gaindistill,budget_50,seed_1,xgboost,0.10117213187096914,0.0,0.2,0.09500829999979032
split_fidelity,gametes_epistasis_2_way_20atts_0_4h_edm_1_1\gaindistill\budget_50\seed_2\split_fidelity.json,gametes_epistasis_2_way_20atts_0_4h_edm_1_1,gaindistill,budget_50,seed_2,xgboost,0.22335692537104646,0.0,0.0,0.08109070000045904
split_fidelity,gametes_epistasis_2_way_20atts_0_4h_edm_1_1\gaindistill_hybrid\budget_10\seed_0\split_fidelity.json,gametes_epistasis_2_way_20atts_0_4h_edm_1_1,gaindistill_hybrid,budget_10,seed_0,xgboost,0.29520346025347366,0.0,0.0,0.027803599999970174
split_fidelity,gametes_epistasis_2_way_20atts_0_4h_edm_1_1\gaindistill_hybrid\budget_10\seed_1\split_fidelity.json,gametes_epistasis_2_way_20atts_0_4h_edm_1_1,gaindistill_hybrid,budget_10,seed_1,xgboost,0.3945021366295039,0.0,0.0,0.02679589999934251
split_fidelity,gametes_epistasis_2_way_20atts_0_4h_edm_1_1\gaindistill_hybrid\budget_10\seed_2\split_fidelity.json,gametes_epistasis_2_way_20atts_0_4h_edm_1_1,gaindistill_hybrid,budget_10,seed_2,xgboost,0.23211049891836683,0.0,0.2,0.02702310000131547
split_fidelity,gametes_epistasis_2_way_20atts_0_4h_edm_1_1\gaindistill_hybrid\budget_100\seed_0\split_fidelity.json,gametes_epistasis_2_way_20atts_0_4h_edm_1_1,gaindistill_hybrid,budget_100,seed_0,xgboost,0.5430032103913472,0.0,0.2,0.0388585000000603
split_fidelity,gametes_epistasis_2_way_20atts_0_4h_edm_1_1\gaindistill_hybrid\budget_100\seed_1\split_fidelity.json,gametes_epistasis_2_way_20atts_0_4h_edm_1_1,gaindistill_hybrid,budget_100,seed_1,xgboost,0.6687153145080068,0.0,0.0,0.03324040000006789
split_fidelity,gametes_epistasis_2_way_20atts_0_4h_edm_1_1\gaindistill_hybrid\budget_100\seed_2\split_fidelity.json,gametes_epistasis_2_way_20atts_0_4h_edm_1_1,gaindistill_hybrid,budget_100,seed_2,xgboost,0.6480354012766949,0.0,0.2,0.038523999999597436
split_fidelity,gametes_epistasis_2_way_20atts_0_4h_edm_1_1\gaindistill_hybrid\budget_25\seed_0\split_fidelity.json,gametes_epistasis_2_way_20atts_0_4h_edm_1_1,gaindistill_hybrid,budget_25,seed_0,xgboost,0.38929440098158624,0.0,0.2,0.033070600000428385
split_fidelity,gametes_epistasis_2_way_20atts_0_4h_edm_1_1\gaindistill_hybrid\budget_25\seed_1\split_fidelity.json,gametes_epistasis_2_way_20atts_0_4h_edm_1_1,gaindistill_hybrid,budget_25,seed_1,xgboost,0.4230298414464081,0.0,0.0,0.04763930000081018
split_fidelity,gametes_epistasis_2_way_20atts_0_4h_edm_1_1\gaindistill_hybrid\budget_25\seed_2\split_fidelity.json,gametes_epistasis_2_way_20atts_0_4h_edm_1_1,gaindistill_hybrid,budget_25,seed_2,xgboost,0.34972973497191107,0.0,0.0,0.03341000000000349
split_fidelity,gametes_epistasis_2_way_20atts_0_4h_edm_1_1\gaindistill_hybrid\budget_50\seed_0\split_fidelity.json,gametes_epistasis_2_way_20atts_0_4h_edm_1_1,gaindistill_hybrid,budget_50,seed_0,xgboost,0.6162417230224682,0.0,0.2,0.07338309999977355
split_fidelity,gametes_epistasis_2_way_20atts_0_4h_edm_1_1\gaindistill_hybrid\budget_50\seed_1\split_fidelity.json,gametes_epistasis_2_way_20atts_0_4h_edm_1_1,gaindistill_hybrid,budget_50,seed_1,xgboost,0.3339534527077374,0.0,0.2,0.04472600000008242
split_fidelity,gametes_epistasis_2_way_20atts_0_4h_edm_1_1\gaindistill_hybrid\budget_50\seed_2\split_fidelity.json,gametes_epistasis_2_way_20atts_0_4h_edm_1_1,gaindistill_hybrid,budget_50,seed_2,xgboost,0.45894734796924974,0.0,0.0,0.053222200000163866
split_fidelity,gametes_epistasis_2_way_20atts_0_4h_edm_1_1\gaindistill_path_hybrid\budget_10\seed_0\split_fidelity.json,gametes_epistasis_2_way_20atts_0_4h_edm_1_1,gaindistill_path_hybrid,budget_10,seed_0,xgboost,0.27230138998609593,0.0,0.2,0.0325250000005326
split_fidelity,gametes_epistasis_2_way_20atts_0_4h_edm_1_1\gaindistill_path_hybrid\budget_10\seed_1\split_fidelity.json,gametes_epistasis_2_way_20atts_0_4h_edm_1_1,gaindistill_path_hybrid,budget_10,seed_1,xgboost,0.27165314980758415,0.0,0.0,0.02838550000160467
split_fidelity,gametes_epistasis_2_way_20atts_0_4h_edm_1_1\gaindistill_path_hybrid\budget_10\seed_2\split_fidelity.json,gametes_epistasis_2_way_20atts_0_4h_edm_1_1,gaindistill_path_hybrid,budget_10,seed_2,xgboost,0.19394655196863098,0.0,0.0,0.029532999998991727
split_fidelity,gametes_epistasis_2_way_20atts_0_4h_edm_1_1\gaindistill_path_hybrid\budget_100\seed_0\split_fidelity.json,gametes_epistasis_2_way_20atts_0_4h_edm_1_1,gaindistill_path_hybrid,budget_100,seed_0,xgboost,0.5553645119093119,0.0,0.2,0.04583049999928335
split_fidelity,gametes_epistasis_2_way_20atts_0_4h_edm_1_1\gaindistill_path_hybrid\budget_100\seed_1\split_fidelity.json,gametes_epistasis_2_way_20atts_0_4h_edm_1_1,gaindistill_path_hybrid,budget_100,seed_1,xgboost,0.49938880692230214,0.0,0.0,0.03107859999909124
split_fidelity,gametes_epistasis_2_way_20atts_0_4h_edm_1_1\gaindistill_path_hybrid\budget_100\seed_2\split_fidelity.json,gametes_epistasis_2_way_20atts_0_4h_edm_1_1,gaindistill_path_hybrid,budget_100,seed_2,xgboost,0.54416937091191,0.0,0.2,0.03869210000084422
split_fidelity,gametes_epistasis_2_way_20atts_0_4h_edm_1_1\gaindistill_path_hybrid\budget_25\seed_0\split_fidelity.json,gametes_epistasis_2_way_20atts_0_4h_edm_1_1,gaindistill_path_hybrid,budget_25,seed_0,xgboost,0.37982412561151085,0.0,0.2,0.0319632000009733
split_fidelity,gametes_epistasis_2_way_20atts_0_4h_edm_1_1\gaindistill_path_hybrid\budget_25\seed_1\split_fidelity.json,gametes_epistasis_2_way_20atts_0_4h_edm_1_1,gaindistill_path_hybrid,budget_25,seed_1,xgboost,0.404087756805507,0.0,0.0,0.03408070000114094
split_fidelity,gametes_epistasis_2_way_20atts_0_4h_edm_1_1\gaindistill_path_hybrid\budget_25\seed_2\split_fidelity.json,gametes_epistasis_2_way_20atts_0_4h_edm_1_1,gaindistill_path_hybrid,budget_25,seed_2,xgboost,0.3371823979543353,0.0,0.0,0.029579600000943174
split_fidelity,gametes_epistasis_2_way_20atts_0_4h_edm_1_1\gaindistill_path_hybrid\budget_50\seed_0\split_fidelity.json,gametes_epistasis_2_way_20atts_0_4h_edm_1_1,gaindistill_path_hybrid,budget_50,seed_0,xgboost,0.4865722456439418,0.0,0.0,0.02827430000070308
split_fidelity,gametes_epistasis_2_way_20atts_0_4h_edm_1_1\gaindistill_path_hybrid\budget_50\seed_1\split_fidelity.json,gametes_epistasis_2_way_20atts_0_4h_edm_1_1,gaindistill_path_hybrid,budget_50,seed_1,xgboost,0.42543900946398144,0.0,0.0,0.03183269999863114
split_fidelity,gametes_epistasis_2_way_20atts_0_4h_edm_1_1\gaindistill_path_hybrid\budget_50\seed_2\split_fidelity.json,gametes_epistasis_2_way_20atts_0_4h_edm_1_1,gaindistill_path_hybrid,budget_50,seed_2,xgboost,0.4559861459618074,0.0,0.2,0.02453799999966577
split_fidelity,gametes_epistasis_2_way_20atts_0_4h_edm_1_1\gain_herding\budget_10\seed_0\split_fidelity.json,gametes_epistasis_2_way_20atts_0_4h_edm_1_1,gain_herding,budget_10,seed_0,xgboost,0.372145655670562,0.0,0.0,0.038533899998583365
split_fidelity,gametes_epistasis_2_way_20atts_0_4h_edm_1_1\gain_herding\budget_10\seed_1\split_fidelity.json,gametes_epistasis_2_way_20atts_0_4h_edm_1_1,gain_herding,budget_10,seed_1,xgboost,0.2299290632930594,0.0,0.0,0.0367115000008198
split_fidelity,gametes_epistasis_2_way_20atts_0_4h_edm_1_1\gain_herding\budget_10\seed_2\split_fidelity.json,gametes_epistasis_2_way_20atts_0_4h_edm_1_1,gain_herding,budget_10,seed_2,xgboost,0.013248408648334084,0.0,0.2,0.07253570000102627
split_fidelity,gametes_epistasis_2_way_20atts_0_4h_edm_1_1\gain_herding\budget_100\seed_0\split_fidelity.json,gametes_epistasis_2_way_20atts_0_4h_edm_1_1,gain_herding,budget_100,seed_0,xgboost,0.561895010824463,0.0,0.0,0.07332359999963955
split_fidelity,gametes_epistasis_2_way_20atts_0_4h_edm_1_1\gain_herding\budget_100\seed_1\split_fidelity.json,gametes_epistasis_2_way_20atts_0_4h_edm_1_1,gain_herding,budget_100,seed_1,xgboost,0.6165490672215018,0.0,0.0,0.0709353000002011
split_fidelity,gametes_epistasis_2_way_20atts_0_4h_edm_1_1\gain_herding\budget_100\seed_2\split_fidelity.json,gametes_epistasis_2_way_20atts_0_4h_edm_1_1,gain_herding,budget_100,seed_2,xgboost,0.5744895444465404,0.0,0.2,0.07768319999922824
split_fidelity,gametes_epistasis_2_way_20atts_0_4h_edm_1_1\gain_herding\budget_25\seed_0\split_fidelity.json,gametes_epistasis_2_way_20atts_0_4h_edm_1_1,gain_herding,budget_25,seed_0,xgboost,0.43804958300533803,0.0,0.2,0.022253699993598275
split_fidelity,gametes_epistasis_2_way_20atts_0_4h_edm_1_1\gain_herding\budget_25\seed_1\split_fidelity.json,gametes_epistasis_2_way_20atts_0_4h_edm_1_1,gain_herding,budget_25,seed_1,xgboost,0.36554590909259743,0.0,0.0,0.028763599999365397
split_fidelity,gametes_epistasis_2_way_20atts_0_4h_edm_1_1\gain_herding\budget_25\seed_2\split_fidelity.json,gametes_epistasis_2_way_20atts_0_4h_edm_1_1,gain_herding,budget_25,seed_2,xgboost,0.45294409036866334,0.0,0.0,0.02424349999637343
split_fidelity,gametes_epistasis_2_way_20atts_0_4h_edm_1_1\gain_herding\budget_50\seed_0\split_fidelity.json,gametes_epistasis_2_way_20atts_0_4h_edm_1_1,gain_herding,budget_50,seed_0,xgboost,0.5960587935506904,0.0,0.2,0.024827999994158745
split_fidelity,gametes_epistasis_2_way_20atts_0_4h_edm_1_1\gain_herding\budget_50\seed_1\split_fidelity.json,gametes_epistasis_2_way_20atts_0_4h_edm_1_1,gain_herding,budget_50,seed_1,xgboost,0.5116255731542761,0.0,0.0,0.028211700002430007
split_fidelity,gametes_epistasis_2_way_20atts_0_4h_edm_1_1\gain_herding\budget_50\seed_2\split_fidelity.json,gametes_epistasis_2_way_20atts_0_4h_edm_1_1,gain_herding,budget_50,seed_2,xgboost,0.4438296324575706,0.0,0.0,0.027684700005920604
split_fidelity,gametes_epistasis_2_way_20atts_0_4h_edm_1_1\gain_path_herding\budget_10\seed_0\split_fidelity.json,gametes_epistasis_2_way_20atts_0_4h_edm_1_1,gain_path_herding,budget_10,seed_0,xgboost,0.2214955659952368,0.0,0.2,0.022475299998404807
split_fidelity,gametes_epistasis_2_way_20atts_0_4h_edm_1_1\gain_path_herding\budget_10\seed_1\split_fidelity.json,gametes_epistasis_2_way_20atts_0_4h_edm_1_1,gain_path_herding,budget_10,seed_1,xgboost,0.2890746046050877,0.0,0.0,0.021628799999234616
split_fidelity,gametes_epistasis_2_way_20atts_0_4h_edm_1_1\gain_path_herding\budget_10\seed_2\split_fidelity.json,gametes_epistasis_2_way_20atts_0_4h_edm_1_1,gain_path_herding,budget_10,seed_2,xgboost,0.10966098689349603,0.0,0.0,0.024901799999497598
split_fidelity,gametes_epistasis_2_way_20atts_0_4h_edm_1_1\gain_path_herding\budget_100\seed_0\split_fidelity.json,gametes_epistasis_2_way_20atts_0_4h_edm_1_1,gain_path_herding,budget_100,seed_0,xgboost,0.5813310195005081,0.0,0.4,0.038945000000239816
split_fidelity,gametes_epistasis_2_way_20atts_0_4h_edm_1_1\gain_path_herding\budget_100\seed_1\split_fidelity.json,gametes_epistasis_2_way_20atts_0_4h_edm_1_1,gain_path_herding,budget_100,seed_1,xgboost,0.636062819932251,0.0,0.0,0.027246399999057758
split_fidelity,gametes_epistasis_2_way_20atts_0_4h_edm_1_1\gain_path_herding\budget_100\seed_2\split_fidelity.json,gametes_epistasis_2_way_20atts_0_4h_edm_1_1,gain_path_herding,budget_100,seed_2,xgboost,0.7227474186274121,0.0,0.2,0.02690910000092117
split_fidelity,gametes_epistasis_2_way_20atts_0_4h_edm_1_1\gain_path_herding\budget_25\seed_0\split_fidelity.json,gametes_epistasis_2_way_20atts_0_4h_edm_1_1,gain_path_herding,budget_25,seed_0,xgboost,0.39667384953732837,0.0,0.0,0.021897099999478087
split_fidelity,gametes_epistasis_2_way_20atts_0_4h_edm_1_1\gain_path_herding\budget_25\seed_1\split_fidelity.json,gametes_epistasis_2_way_20atts_0_4h_edm_1_1,gain_path_herding,budget_25,seed_1,xgboost,0.3453473884302484,0.0,0.0,0.021607699993182905
split_fidelity,gametes_epistasis_2_way_20atts_0_4h_edm_1_1\gain_path_herding\budget_25\seed_2\split_fidelity.json,gametes_epistasis_2_way_20atts_0_4h_edm_1_1,gain_path_herding,budget_25,seed_2,xgboost,0.3306028425222888,0.0,0.0,0.021445000005769543
split_fidelity,gametes_epistasis_2_way_20atts_0_4h_edm_1_1\gain_path_herding\budget_50\seed_0\split_fidelity.json,gametes_epistasis_2_way_20atts_0_4h_edm_1_1,gain_path_herding,budget_50,seed_0,xgboost,0.5870972611597466,0.0,0.0,0.021612600001390092
split_fidelity,gametes_epistasis_2_way_20atts_0_4h_edm_1_1\gain_path_herding\budget_50\seed_1\split_fidelity.json,gametes_epistasis_2_way_20atts_0_4h_edm_1_1,gain_path_herding,budget_50,seed_1,xgboost,0.3636433991507775,0.0,0.0,0.0233581999927992
split_fidelity,gametes_epistasis_2_way_20atts_0_4h_edm_1_1\gain_path_herding\budget_50\seed_2\split_fidelity.json,gametes_epistasis_2_way_20atts_0_4h_edm_1_1,gain_path_herding,budget_50,seed_2,xgboost,0.5545630022621897,0.0,0.2,0.024591299996245652
split_fidelity,gametes_epistasis_2_way_20atts_0_4h_edm_1_1\gain_path_refined\budget_25\seed_0\split_fidelity.json,gametes_epistasis_2_way_20atts_0_4h_edm_1_1,gain_path_refined,budget_25,seed_0,xgboost,0.47245842179902875,0.0,0.2,0.020244400002411567
split_fidelity,gametes_epistasis_2_way_20atts_0_4h_edm_1_1\gain_path_refined\budget_25\seed_1\split_fidelity.json,gametes_epistasis_2_way_20atts_0_4h_edm_1_1,gain_path_refined,budget_25,seed_1,xgboost,0.4253325863933199,0.0,0.0,0.020232300012139603
split_fidelity,gametes_epistasis_2_way_20atts_0_4h_edm_1_1\gain_path_refined\budget_25\seed_2\split_fidelity.json,gametes_epistasis_2_way_20atts_0_4h_edm_1_1,gain_path_refined,budget_25,seed_2,xgboost,0.24007450151750429,0.0,0.2,0.01985650000278838
split_fidelity,gametes_epistasis_2_way_20atts_0_4h_edm_1_1\gain_path_refined\budget_50\seed_0\split_fidelity.json,gametes_epistasis_2_way_20atts_0_4h_edm_1_1,gain_path_refined,budget_50,seed_0,xgboost,0.44932344144506225,0.0,0.2,0.02089010000054259
split_fidelity,gametes_epistasis_2_way_20atts_0_4h_edm_1_1\gain_path_refined\budget_50\seed_1\split_fidelity.json,gametes_epistasis_2_way_20atts_0_4h_edm_1_1,gain_path_refined,budget_50,seed_1,xgboost,0.434634320960776,0.0,0.0,0.020523699990008026
split_fidelity,gametes_epistasis_2_way_20atts_0_4h_edm_1_1\gain_path_refined\budget_50\seed_2\split_fidelity.json,gametes_epistasis_2_way_20atts_0_4h_edm_1_1,gain_path_refined,budget_50,seed_2,xgboost,0.6343596037258983,0.0,0.2,0.020680300003732555
split_fidelity,gametes_epistasis_2_way_20atts_0_4h_edm_1_1\gain_path_safeguarded\budget_25\seed_0\split_fidelity.json,gametes_epistasis_2_way_20atts_0_4h_edm_1_1,gain_path_safeguarded,budget_25,seed_0,xgboost,0.47245842179902875,0.0,0.2,0.018339000002015382
split_fidelity,gametes_epistasis_2_way_20atts_0_4h_edm_1_1\gain_path_safeguarded\budget_25\seed_1\split_fidelity.json,gametes_epistasis_2_way_20atts_0_4h_edm_1_1,gain_path_safeguarded,budget_25,seed_1,xgboost,0.4253325863933199,0.0,0.0,0.023077999998349696
split_fidelity,gametes_epistasis_2_way_20atts_0_4h_edm_1_1\gain_path_safeguarded\budget_25\seed_2\split_fidelity.json,gametes_epistasis_2_way_20atts_0_4h_edm_1_1,gain_path_safeguarded,budget_25,seed_2,xgboost,0.24007450151750429,0.0,0.2,0.021055899997008964
split_fidelity,gametes_epistasis_2_way_20atts_0_4h_edm_1_1\gain_path_safeguarded\budget_50\seed_0\split_fidelity.json,gametes_epistasis_2_way_20atts_0_4h_edm_1_1,gain_path_safeguarded,budget_50,seed_0,xgboost,0.44932344144506225,0.0,0.2,0.02481100001023151
split_fidelity,gametes_epistasis_2_way_20atts_0_4h_edm_1_1\gain_path_safeguarded\budget_50\seed_1\split_fidelity.json,gametes_epistasis_2_way_20atts_0_4h_edm_1_1,gain_path_safeguarded,budget_50,seed_1,xgboost,0.434634320960776,0.0,0.0,0.02303589999792166
split_fidelity,gametes_epistasis_2_way_20atts_0_4h_edm_1_1\gain_path_safeguarded\budget_50\seed_2\split_fidelity.json,gametes_epistasis_2_way_20atts_0_4h_edm_1_1,gain_path_safeguarded,budget_50,seed_2,xgboost,0.6343596037258983,0.0,0.2,0.02403509999567177
split_fidelity,gametes_epistasis_2_way_20atts_0_4h_edm_1_1\gain_weighted_coreset\budget_10\seed_0\split_fidelity.json,gametes_epistasis_2_way_20atts_0_4h_edm_1_1,gain_weighted_coreset,budget_10,seed_0,xgboost,0.29520346025347366,0.0,0.0,0.032045100000686944
split_fidelity,gametes_epistasis_2_way_20atts_0_4h_edm_1_1\gain_weighted_coreset\budget_10\seed_1\split_fidelity.json,gametes_epistasis_2_way_20atts_0_4h_edm_1_1,gain_weighted_coreset,budget_10,seed_1,xgboost,0.3945021366295039,0.0,0.0,0.038899499999388354
split_fidelity,gametes_epistasis_2_way_20atts_0_4h_edm_1_1\gain_weighted_coreset\budget_10\seed_2\split_fidelity.json,gametes_epistasis_2_way_20atts_0_4h_edm_1_1,gain_weighted_coreset,budget_10,seed_2,xgboost,0.23211049891836683,0.0,0.2,0.04074800000125833
split_fidelity,gametes_epistasis_2_way_20atts_0_4h_edm_1_1\gain_weighted_coreset\budget_100\seed_0\split_fidelity.json,gametes_epistasis_2_way_20atts_0_4h_edm_1_1,gain_weighted_coreset,budget_100,seed_0,xgboost,0.5430032103913472,0.0,0.2,0.07614319999993313
split_fidelity,gametes_epistasis_2_way_20atts_0_4h_edm_1_1\gain_weighted_coreset\budget_100\seed_1\split_fidelity.json,gametes_epistasis_2_way_20atts_0_4h_edm_1_1,gain_weighted_coreset,budget_100,seed_1,xgboost,0.6687153145080068,0.0,0.0,0.10950840000077733
split_fidelity,gametes_epistasis_2_way_20atts_0_4h_edm_1_1\gain_weighted_coreset\budget_100\seed_2\split_fidelity.json,gametes_epistasis_2_way_20atts_0_4h_edm_1_1,gain_weighted_coreset,budget_100,seed_2,xgboost,0.6480354012766949,0.0,0.2,0.11392960000011954
split_fidelity,gametes_epistasis_2_way_20atts_0_4h_edm_1_1\gain_weighted_coreset\budget_25\seed_0\split_fidelity.json,gametes_epistasis_2_way_20atts_0_4h_edm_1_1,gain_weighted_coreset,budget_25,seed_0,xgboost,0.38929440098158624,0.0,0.2,0.05159610000009707
split_fidelity,gametes_epistasis_2_way_20atts_0_4h_edm_1_1\gain_weighted_coreset\budget_25\seed_1\split_fidelity.json,gametes_epistasis_2_way_20atts_0_4h_edm_1_1,gain_weighted_coreset,budget_25,seed_1,xgboost,0.4230298414464081,0.0,0.0,0.047294599999077036
split_fidelity,gametes_epistasis_2_way_20atts_0_4h_edm_1_1\gain_weighted_coreset\budget_25\seed_2\split_fidelity.json,gametes_epistasis_2_way_20atts_0_4h_edm_1_1,gain_weighted_coreset,budget_25,seed_2,xgboost,0.34972973497191107,0.0,0.0,0.038052500000048894
split_fidelity,gametes_epistasis_2_way_20atts_0_4h_edm_1_1\gain_weighted_coreset\budget_50\seed_0\split_fidelity.json,gametes_epistasis_2_way_20atts_0_4h_edm_1_1,gain_weighted_coreset,budget_50,seed_0,xgboost,0.6162417230224682,0.0,0.2,0.03293800000028568
split_fidelity,gametes_epistasis_2_way_20atts_0_4h_edm_1_1\gain_weighted_coreset\budget_50\seed_1\split_fidelity.json,gametes_epistasis_2_way_20atts_0_4h_edm_1_1,gain_weighted_coreset,budget_50,seed_1,xgboost,0.3339534527077374,0.0,0.2,0.03237459999945713
split_fidelity,gametes_epistasis_2_way_20atts_0_4h_edm_1_1\gain_weighted_coreset\budget_50\seed_2\split_fidelity.json,gametes_epistasis_2_way_20atts_0_4h_edm_1_1,gain_weighted_coreset,budget_50,seed_2,xgboost,0.45894734796924974,0.0,0.0,0.03151170000091952
split_fidelity,gametes_epistasis_2_way_20atts_0_4h_edm_1_1\gradient_sampling\budget_10\seed_0\split_fidelity.json,gametes_epistasis_2_way_20atts_0_4h_edm_1_1,gradient_sampling,budget_10,seed_0,xgboost,0.30016925999804,0.0,0.0,0.06841239999994286
split_fidelity,gametes_epistasis_2_way_20atts_0_4h_edm_1_1\gradient_sampling\budget_10\seed_1\split_fidelity.json,gametes_epistasis_2_way_20atts_0_4h_edm_1_1,gradient_sampling,budget_10,seed_1,xgboost,0.3559078568241312,0.0,0.0,0.058724200000142446
split_fidelity,gametes_epistasis_2_way_20atts_0_4h_edm_1_1\gradient_sampling\budget_10\seed_2\split_fidelity.json,gametes_epistasis_2_way_20atts_0_4h_edm_1_1,gradient_sampling,budget_10,seed_2,xgboost,0.24566488778874065,0.0,0.0,0.06692360000033659
split_fidelity,gametes_epistasis_2_way_20atts_0_4h_edm_1_1\gradient_sampling\budget_100\seed_0\split_fidelity.json,gametes_epistasis_2_way_20atts_0_4h_edm_1_1,gradient_sampling,budget_100,seed_0,xgboost,0.5067744902191993,0.0,0.2,0.07262380000065605
split_fidelity,gametes_epistasis_2_way_20atts_0_4h_edm_1_1\gradient_sampling\budget_100\seed_1\split_fidelity.json,gametes_epistasis_2_way_20atts_0_4h_edm_1_1,gradient_sampling,budget_100,seed_1,xgboost,0.5231784815417814,0.0,0.2,0.10757370000010269
split_fidelity,gametes_epistasis_2_way_20atts_0_4h_edm_1_1\gradient_sampling\budget_100\seed_2\split_fidelity.json,gametes_epistasis_2_way_20atts_0_4h_edm_1_1,gradient_sampling,budget_100,seed_2,xgboost,0.44652286332345953,0.0,0.0,0.05312520000006771
split_fidelity,gametes_epistasis_2_way_20atts_0_4h_edm_1_1\gradient_sampling\budget_25\seed_0\split_fidelity.json,gametes_epistasis_2_way_20atts_0_4h_edm_1_1,gradient_sampling,budget_25,seed_0,xgboost,0.28452704654302297,0.0,0.0,0.06514900000001944
split_fidelity,gametes_epistasis_2_way_20atts_0_4h_edm_1_1\gradient_sampling\budget_25\seed_1\split_fidelity.json,gametes_epistasis_2_way_20atts_0_4h_edm_1_1,gradient_sampling,budget_25,seed_1,xgboost,0.3719941751021904,0.0,0.2,0.05800629999976081
split_fidelity,gametes_epistasis_2_way_20atts_0_4h_edm_1_1\gradient_sampling\budget_25\seed_2\split_fidelity.json,gametes_epistasis_2_way_20atts_0_4h_edm_1_1,gradient_sampling,budget_25,seed_2,xgboost,0.36310930929712193,0.0,0.2,0.06575330000032409
split_fidelity,gametes_epistasis_2_way_20atts_0_4h_edm_1_1\gradient_sampling\budget_50\seed_0\split_fidelity.json,gametes_epistasis_2_way_20atts_0_4h_edm_1_1,gradient_sampling,budget_50,seed_0,xgboost,0.26999401601796397,0.0,0.0,0.053442500000528526
split_fidelity,gametes_epistasis_2_way_20atts_0_4h_edm_1_1\gradient_sampling\budget_50\seed_1\split_fidelity.json,gametes_epistasis_2_way_20atts_0_4h_edm_1_1,gradient_sampling,budget_50,seed_1,xgboost,0.2902071055688486,0.0,0.0,0.074954799999432
split_fidelity,gametes_epistasis_2_way_20atts_0_4h_edm_1_1\gradient_sampling\budget_50\seed_2\split_fidelity.json,gametes_epistasis_2_way_20atts_0_4h_edm_1_1,gradient_sampling,budget_50,seed_2,xgboost,0.3626616192583938,0.0,0.0,0.05840119999993476
split_fidelity,gametes_epistasis_2_way_20atts_0_4h_edm_1_1\herding\budget_10\seed_0\split_fidelity.json,gametes_epistasis_2_way_20atts_0_4h_edm_1_1,herding,budget_10,seed_0,xgboost,0.16300223813661704,0.0,0.2,0.0610753000000841
split_fidelity,gametes_epistasis_2_way_20atts_0_4h_edm_1_1\herding\budget_10\seed_1\split_fidelity.json,gametes_epistasis_2_way_20atts_0_4h_edm_1_1,herding,budget_10,seed_1,xgboost,0.14802794990133122,0.0,0.2,0.04273650000050111
split_fidelity,gametes_epistasis_2_way_20atts_0_4h_edm_1_1\herding\budget_10\seed_2\split_fidelity.json,gametes_epistasis_2_way_20atts_0_4h_edm_1_1,herding,budget_10,seed_2,xgboost,0.1091282625862032,0.0,0.0,0.04837229999975534
split_fidelity,gametes_epistasis_2_way_20atts_0_4h_edm_1_1\herding\budget_100\seed_0\split_fidelity.json,gametes_epistasis_2_way_20atts_0_4h_edm_1_1,herding,budget_100,seed_0,xgboost,0.3698710328739349,0.0,0.2,0.05522139999993669
split_fidelity,gametes_epistasis_2_way_20atts_0_4h_edm_1_1\herding\budget_100\seed_1\split_fidelity.json,gametes_epistasis_2_way_20atts_0_4h_edm_1_1,herding,budget_100,seed_1,xgboost,0.3692440664022765,0.0,0.0,0.055106400000113354
split_fidelity,gametes_epistasis_2_way_20atts_0_4h_edm_1_1\herding\budget_100\seed_2\split_fidelity.json,gametes_epistasis_2_way_20atts_0_4h_edm_1_1,herding,budget_100,seed_2,xgboost,0.3912662637192753,0.0,0.2,0.058125399999880756
split_fidelity,gametes_epistasis_2_way_20atts_0_4h_edm_1_1\herding\budget_25\seed_0\split_fidelity.json,gametes_epistasis_2_way_20atts_0_4h_edm_1_1,herding,budget_25,seed_0,xgboost,0.44559827195266377,0.0,0.2,0.024566200008848682
split_fidelity,gametes_epistasis_2_way_20atts_0_4h_edm_1_1\herding\budget_25\seed_1\split_fidelity.json,gametes_epistasis_2_way_20atts_0_4h_edm_1_1,herding,budget_25,seed_1,xgboost,0.3263642259323806,0.0,0.0,0.021030299991252832
split_fidelity,gametes_epistasis_2_way_20atts_0_4h_edm_1_1\herding\budget_25\seed_2\split_fidelity.json,gametes_epistasis_2_way_20atts_0_4h_edm_1_1,herding,budget_25,seed_2,xgboost,0.3753050458811231,0.0,0.0,0.025930500007234514
split_fidelity,gametes_epistasis_2_way_20atts_0_4h_edm_1_1\herding\budget_50\seed_0\split_fidelity.json,gametes_epistasis_2_way_20atts_0_4h_edm_1_1,herding,budget_50,seed_0,xgboost,0.38150158518108485,0.0,0.2,0.025756599992746487
split_fidelity,gametes_epistasis_2_way_20atts_0_4h_edm_1_1\herding\budget_50\seed_1\split_fidelity.json,gametes_epistasis_2_way_20atts_0_4h_edm_1_1,herding,budget_50,seed_1,xgboost,0.38051487510147314,0.0,0.0,0.023184699995908886
split_fidelity,gametes_epistasis_2_way_20atts_0_4h_edm_1_1\herding\budget_50\seed_2\split_fidelity.json,gametes_epistasis_2_way_20atts_0_4h_edm_1_1,herding,budget_50,seed_2,xgboost,0.3864351355791436,0.0,0.0,0.025098300000536256
split_fidelity,gametes_epistasis_2_way_20atts_0_4h_edm_1_1\k_center\budget_10\seed_0\split_fidelity.json,gametes_epistasis_2_way_20atts_0_4h_edm_1_1,k_center,budget_10,seed_0,xgboost,0.5053921948948715,0.0,0.4,0.04225099999985105
split_fidelity,gametes_epistasis_2_way_20atts_0_4h_edm_1_1\k_center\budget_10\seed_1\split_fidelity.json,gametes_epistasis_2_way_20atts_0_4h_edm_1_1,k_center,budget_10,seed_1,xgboost,0.7872757251020327,0.0,0.4,0.03860609999992448
split_fidelity,gametes_epistasis_2_way_20atts_0_4h_edm_1_1\k_center\budget_10\seed_2\split_fidelity.json,gametes_epistasis_2_way_20atts_0_4h_edm_1_1,k_center,budget_10,seed_2,xgboost,0.44854420822576824,0.0,0.0,0.05296160000034433
split_fidelity,gametes_epistasis_2_way_20atts_0_4h_edm_1_1\k_center\budget_100\seed_0\split_fidelity.json,gametes_epistasis_2_way_20atts_0_4h_edm_1_1,k_center,budget_100,seed_0,xgboost,0.6893475056249514,1.0,0.4,0.06364439999924798
split_fidelity,gametes_epistasis_2_way_20atts_0_4h_edm_1_1\k_center\budget_100\seed_1\split_fidelity.json,gametes_epistasis_2_way_20atts_0_4h_edm_1_1,k_center,budget_100,seed_1,xgboost,0.6822872216618822,0.0,0.2,0.06543520000013814
split_fidelity,gametes_epistasis_2_way_20atts_0_4h_edm_1_1\k_center\budget_100\seed_2\split_fidelity.json,gametes_epistasis_2_way_20atts_0_4h_edm_1_1,k_center,budget_100,seed_2,xgboost,0.6098223291178524,1.0,0.2,0.10520399999950314
split_fidelity,gametes_epistasis_2_way_20atts_0_4h_edm_1_1\k_center\budget_25\seed_0\split_fidelity.json,gametes_epistasis_2_way_20atts_0_4h_edm_1_1,k_center,budget_25,seed_0,xgboost,0.7034680735510901,0.0,0.0,0.054193900000427675
split_fidelity,gametes_epistasis_2_way_20atts_0_4h_edm_1_1\k_center\budget_25\seed_1\split_fidelity.json,gametes_epistasis_2_way_20atts_0_4h_edm_1_1,k_center,budget_25,seed_1,xgboost,0.6017534331600589,0.0,0.2,0.08453319999989617
split_fidelity,gametes_epistasis_2_way_20atts_0_4h_edm_1_1\k_center\budget_25\seed_2\split_fidelity.json,gametes_epistasis_2_way_20atts_0_4h_edm_1_1,k_center,budget_25,seed_2,xgboost,0.6456668476995888,0.0,0.2,0.045495999999729975
split_fidelity,gametes_epistasis_2_way_20atts_0_4h_edm_1_1\k_center\budget_50\seed_0\split_fidelity.json,gametes_epistasis_2_way_20atts_0_4h_edm_1_1,k_center,budget_50,seed_0,xgboost,0.6593994879354488,0.0,0.4,0.07825560000037513
split_fidelity,gametes_epistasis_2_way_20atts_0_4h_edm_1_1\k_center\budget_50\seed_1\split_fidelity.json,gametes_epistasis_2_way_20atts_0_4h_edm_1_1,k_center,budget_50,seed_1,xgboost,0.5465125300643959,0.0,0.0,0.043605200000456534
split_fidelity,gametes_epistasis_2_way_20atts_0_4h_edm_1_1\k_center\budget_50\seed_2\split_fidelity.json,gametes_epistasis_2_way_20atts_0_4h_edm_1_1,k_center,budget_50,seed_2,xgboost,0.640313445573745,0.0,0.0,0.07702799999970011
split_fidelity,gametes_epistasis_2_way_20atts_0_4h_edm_1_1\random\budget_10\seed_0\split_fidelity.json,gametes_epistasis_2_way_20atts_0_4h_edm_1_1,random,budget_10,seed_0,xgboost,0.39297726640920166,0.0,0.2,0.04257979999965755
split_fidelity,gametes_epistasis_2_way_20atts_0_4h_edm_1_1\random\budget_10\seed_1\split_fidelity.json,gametes_epistasis_2_way_20atts_0_4h_edm_1_1,random,budget_10,seed_1,xgboost,0.3647945449598816,0.0,0.0,0.062470800000482996
split_fidelity,gametes_epistasis_2_way_20atts_0_4h_edm_1_1\random\budget_10\seed_2\split_fidelity.json,gametes_epistasis_2_way_20atts_0_4h_edm_1_1,random,budget_10,seed_2,xgboost,0.37290187315468487,0.0,0.0,0.05140560000018013
split_fidelity,gametes_epistasis_2_way_20atts_0_4h_edm_1_1\random\budget_100\seed_0\split_fidelity.json,gametes_epistasis_2_way_20atts_0_4h_edm_1_1,random,budget_100,seed_0,xgboost,0.7285004771955215,0.0,0.4,0.12213749999955326
split_fidelity,gametes_epistasis_2_way_20atts_0_4h_edm_1_1\random\budget_100\seed_1\split_fidelity.json,gametes_epistasis_2_way_20atts_0_4h_edm_1_1,random,budget_100,seed_1,xgboost,0.5830061268073592,0.0,0.0,0.10677399999985937
split_fidelity,gametes_epistasis_2_way_20atts_0_4h_edm_1_1\random\budget_100\seed_2\split_fidelity.json,gametes_epistasis_2_way_20atts_0_4h_edm_1_1,random,budget_100,seed_2,xgboost,0.44271340562295475,0.0,0.0,0.1335828000001129
split_fidelity,gametes_epistasis_2_way_20atts_0_4h_edm_1_1\random\budget_25\seed_0\split_fidelity.json,gametes_epistasis_2_way_20atts_0_4h_edm_1_1,random,budget_25,seed_0,xgboost,0.5391676190224165,0.0,0.2,0.023917300000903197
split_fidelity,gametes_epistasis_2_way_20atts_0_4h_edm_1_1\random\budget_25\seed_1\split_fidelity.json,gametes_epistasis_2_way_20atts_0_4h_edm_1_1,random,budget_25,seed_1,xgboost,0.5073291239132821,0.0,0.2,0.02222109999274835
split_fidelity,gametes_epistasis_2_way_20atts_0_4h_edm_1_1\random\budget_25\seed_2\split_fidelity.json,gametes_epistasis_2_way_20atts_0_4h_edm_1_1,random,budget_25,seed_2,xgboost,0.4692060332273012,0.0,0.0,0.021555399987846613
split_fidelity,gametes_epistasis_2_way_20atts_0_4h_edm_1_1\random\budget_50\seed_0\split_fidelity.json,gametes_epistasis_2_way_20atts_0_4h_edm_1_1,random,budget_50,seed_0,xgboost,0.5135382212384629,0.0,0.2,0.020820799996727146
split_fidelity,gametes_epistasis_2_way_20atts_0_4h_edm_1_1\random\budget_50\seed_1\split_fidelity.json,gametes_epistasis_2_way_20atts_0_4h_edm_1_1,random,budget_50,seed_1,xgboost,0.4579206367374513,0.0,0.0,0.019033499993383884
split_fidelity,gametes_epistasis_2_way_20atts_0_4h_edm_1_1\random\budget_50\seed_2\split_fidelity.json,gametes_epistasis_2_way_20atts_0_4h_edm_1_1,random,budget_50,seed_2,xgboost,0.44532799719125615,0.0,0.4,0.015389699998195283
split_fidelity,gametes_epistasis_2_way_20atts_0_4h_edm_1_1\tree_region\budget_10\seed_0\split_fidelity.json,gametes_epistasis_2_way_20atts_0_4h_edm_1_1,tree_region,budget_10,seed_0,xgboost,0.30016925999804,0.0,0.0,0.06648479999967094
split_fidelity,gametes_epistasis_2_way_20atts_0_4h_edm_1_1\tree_region\budget_10\seed_1\split_fidelity.json,gametes_epistasis_2_way_20atts_0_4h_edm_1_1,tree_region,budget_10,seed_1,xgboost,0.3559078568241312,0.0,0.0,0.0741331999997783
split_fidelity,gametes_epistasis_2_way_20atts_0_4h_edm_1_1\tree_region\budget_10\seed_2\split_fidelity.json,gametes_epistasis_2_way_20atts_0_4h_edm_1_1,tree_region,budget_10,seed_2,xgboost,0.24566488778874065,0.0,0.0,0.11298839999926713
split_fidelity,gametes_epistasis_2_way_20atts_0_4h_edm_1_1\tree_region\budget_100\seed_0\split_fidelity.json,gametes_epistasis_2_way_20atts_0_4h_edm_1_1,tree_region,budget_100,seed_0,xgboost,0.5067744902191993,0.0,0.2,0.11616340000000491
split_fidelity,gametes_epistasis_2_way_20atts_0_4h_edm_1_1\tree_region\budget_100\seed_1\split_fidelity.json,gametes_epistasis_2_way_20atts_0_4h_edm_1_1,tree_region,budget_100,seed_1,xgboost,0.5231784815417814,0.0,0.2,0.12675990000025195
split_fidelity,gametes_epistasis_2_way_20atts_0_4h_edm_1_1\tree_region\budget_100\seed_2\split_fidelity.json,gametes_epistasis_2_way_20atts_0_4h_edm_1_1,tree_region,budget_100,seed_2,xgboost,0.44652286332345953,0.0,0.0,0.11345780000010564
split_fidelity,gametes_epistasis_2_way_20atts_0_4h_edm_1_1\tree_region\budget_25\seed_0\split_fidelity.json,gametes_epistasis_2_way_20atts_0_4h_edm_1_1,tree_region,budget_25,seed_0,xgboost,0.28452704654302297,0.0,0.0,0.12943799999993644
split_fidelity,gametes_epistasis_2_way_20atts_0_4h_edm_1_1\tree_region\budget_25\seed_1\split_fidelity.json,gametes_epistasis_2_way_20atts_0_4h_edm_1_1,tree_region,budget_25,seed_1,xgboost,0.3719941751021904,0.0,0.2,0.12653789999967557
split_fidelity,gametes_epistasis_2_way_20atts_0_4h_edm_1_1\tree_region\budget_25\seed_2\split_fidelity.json,gametes_epistasis_2_way_20atts_0_4h_edm_1_1,tree_region,budget_25,seed_2,xgboost,0.36310930929712193,0.0,0.2,0.07205589999921358
split_fidelity,gametes_epistasis_2_way_20atts_0_4h_edm_1_1\tree_region\budget_50\seed_0\split_fidelity.json,gametes_epistasis_2_way_20atts_0_4h_edm_1_1,tree_region,budget_50,seed_0,xgboost,0.26999401601796397,0.0,0.0,0.07962760000009439
split_fidelity,gametes_epistasis_2_way_20atts_0_4h_edm_1_1\tree_region\budget_50\seed_1\split_fidelity.json,gametes_epistasis_2_way_20atts_0_4h_edm_1_1,tree_region,budget_50,seed_1,xgboost,0.2902071055688486,0.0,0.0,0.08611440000004222
split_fidelity,gametes_epistasis_2_way_20atts_0_4h_edm_1_1\tree_region\budget_50\seed_2\split_fidelity.json,gametes_epistasis_2_way_20atts_0_4h_edm_1_1,tree_region,budget_50,seed_2,xgboost,0.3626616192583938,0.0,0.0,0.07652839999991556
split_fidelity,gametes_epistasis_3_way_20atts_0_2h_edm_1_1\distribution_matching\budget_10\seed_0\split_fidelity.json,gametes_epistasis_3_way_20atts_0_2h_edm_1_1,distribution_matching,budget_10,seed_0,xgboost,0.3527059332554964,0.0,0.2,0.08276120000027731
split_fidelity,gametes_epistasis_3_way_20atts_0_2h_edm_1_1\distribution_matching\budget_10\seed_1\split_fidelity.json,gametes_epistasis_3_way_20atts_0_2h_edm_1_1,distribution_matching,budget_10,seed_1,xgboost,0.4735526545458361,0.0,0.0,0.07170349999978498
split_fidelity,gametes_epistasis_3_way_20atts_0_2h_edm_1_1\distribution_matching\budget_10\seed_2\split_fidelity.json,gametes_epistasis_3_way_20atts_0_2h_edm_1_1,distribution_matching,budget_10,seed_2,xgboost,0.32033662367444055,0.0,0.4,0.08154760000070382
split_fidelity,gametes_epistasis_3_way_20atts_0_2h_edm_1_1\distribution_matching\budget_100\seed_0\split_fidelity.json,gametes_epistasis_3_way_20atts_0_2h_edm_1_1,distribution_matching,budget_100,seed_0,xgboost,0.4929790999699227,0.0,0.0,0.07670659999985219
split_fidelity,gametes_epistasis_3_way_20atts_0_2h_edm_1_1\distribution_matching\budget_100\seed_1\split_fidelity.json,gametes_epistasis_3_way_20atts_0_2h_edm_1_1,distribution_matching,budget_100,seed_1,xgboost,0.4403124994564693,0.0,0.0,0.11604499999975815
split_fidelity,gametes_epistasis_3_way_20atts_0_2h_edm_1_1\distribution_matching\budget_100\seed_2\split_fidelity.json,gametes_epistasis_3_way_20atts_0_2h_edm_1_1,distribution_matching,budget_100,seed_2,xgboost,0.5079432475940313,0.0,0.0,0.11580030000004626
split_fidelity,gametes_epistasis_3_way_20atts_0_2h_edm_1_1\distribution_matching\budget_25\seed_0\split_fidelity.json,gametes_epistasis_3_way_20atts_0_2h_edm_1_1,distribution_matching,budget_25,seed_0,xgboost,0.3341536372833587,0.0,0.0,0.06920110000010027
split_fidelity,gametes_epistasis_3_way_20atts_0_2h_edm_1_1\distribution_matching\budget_25\seed_1\split_fidelity.json,gametes_epistasis_3_way_20atts_0_2h_edm_1_1,distribution_matching,budget_25,seed_1,xgboost,0.43757618546651583,0.0,0.0,0.06733140000051208
split_fidelity,gametes_epistasis_3_way_20atts_0_2h_edm_1_1\distribution_matching\budget_25\seed_2\split_fidelity.json,gametes_epistasis_3_way_20atts_0_2h_edm_1_1,distribution_matching,budget_25,seed_2,xgboost,0.2910284421751901,0.0,0.4,0.0899386000000959
split_fidelity,gametes_epistasis_3_way_20atts_0_2h_edm_1_1\distribution_matching\budget_50\seed_0\split_fidelity.json,gametes_epistasis_3_way_20atts_0_2h_edm_1_1,distribution_matching,budget_50,seed_0,xgboost,0.4516592205302702,0.0,0.2,0.10520460000043386
split_fidelity,gametes_epistasis_3_way_20atts_0_2h_edm_1_1\distribution_matching\budget_50\seed_1\split_fidelity.json,gametes_epistasis_3_way_20atts_0_2h_edm_1_1,distribution_matching,budget_50,seed_1,xgboost,0.41064208426227095,0.0,0.0,0.06758039999931498
split_fidelity,gametes_epistasis_3_way_20atts_0_2h_edm_1_1\distribution_matching\budget_50\seed_2\split_fidelity.json,gametes_epistasis_3_way_20atts_0_2h_edm_1_1,distribution_matching,budget_50,seed_2,xgboost,0.446124990871249,0.0,0.0,0.06773059999977704
split_fidelity,gametes_epistasis_3_way_20atts_0_2h_edm_1_1\full_data\budget_10\seed_0\split_fidelity.json,gametes_epistasis_3_way_20atts_0_2h_edm_1_1,full_data,budget_10,seed_0,xgboost,1.0,1.0,1.0,0.14501709999967716
split_fidelity,gametes_epistasis_3_way_20atts_0_2h_edm_1_1\full_data\budget_10\seed_1\split_fidelity.json,gametes_epistasis_3_way_20atts_0_2h_edm_1_1,full_data,budget_10,seed_1,xgboost,0.8859247135842881,0.0,0.8,0.10984069999994972
split_fidelity,gametes_epistasis_3_way_20atts_0_2h_edm_1_1\full_data\budget_10\seed_2\split_fidelity.json,gametes_epistasis_3_way_20atts_0_2h_edm_1_1,full_data,budget_10,seed_2,xgboost,0.8747954173486089,0.0,0.6,0.07716340000024502
split_fidelity,gametes_epistasis_3_way_20atts_0_2h_edm_1_1\full_data\budget_100\seed_0\split_fidelity.json,gametes_epistasis_3_way_20atts_0_2h_edm_1_1,full_data,budget_100,seed_0,xgboost,1.0,1.0,1.0,0.09159280000039871
split_fidelity,gametes_epistasis_3_way_20atts_0_2h_edm_1_1\full_data\budget_100\seed_1\split_fidelity.json,gametes_epistasis_3_way_20atts_0_2h_edm_1_1,full_data,budget_100,seed_1,xgboost,0.8859247135842881,0.0,0.8,0.0771641000001182
split_fidelity,gametes_epistasis_3_way_20atts_0_2h_edm_1_1\full_data\budget_100\seed_2\split_fidelity.json,gametes_epistasis_3_way_20atts_0_2h_edm_1_1,full_data,budget_100,seed_2,xgboost,0.8747954173486089,0.0,0.6,0.08585740000035003
split_fidelity,gametes_epistasis_3_way_20atts_0_2h_edm_1_1\full_data\budget_25\seed_0\split_fidelity.json,gametes_epistasis_3_way_20atts_0_2h_edm_1_1,full_data,budget_25,seed_0,xgboost,1.0,1.0,1.0,0.15446529999917402
split_fidelity,gametes_epistasis_3_way_20atts_0_2h_edm_1_1\full_data\budget_25\seed_1\split_fidelity.json,gametes_epistasis_3_way_20atts_0_2h_edm_1_1,full_data,budget_25,seed_1,xgboost,0.8859247135842881,0.0,0.8,0.09972000000016124
split_fidelity,gametes_epistasis_3_way_20atts_0_2h_edm_1_1\full_data\budget_25\seed_2\split_fidelity.json,gametes_epistasis_3_way_20atts_0_2h_edm_1_1,full_data,budget_25,seed_2,xgboost,0.8747954173486089,0.0,0.6,0.08559280000008584
split_fidelity,gametes_epistasis_3_way_20atts_0_2h_edm_1_1\full_data\budget_50\seed_0\split_fidelity.json,gametes_epistasis_3_way_20atts_0_2h_edm_1_1,full_data,budget_50,seed_0,xgboost,1.0,1.0,1.0,0.0913724000001821
split_fidelity,gametes_epistasis_3_way_20atts_0_2h_edm_1_1\full_data\budget_50\seed_1\split_fidelity.json,gametes_epistasis_3_way_20atts_0_2h_edm_1_1,full_data,budget_50,seed_1,xgboost,0.8859247135842881,0.0,0.8,0.07796410000082687
split_fidelity,gametes_epistasis_3_way_20atts_0_2h_edm_1_1\full_data\budget_50\seed_2\split_fidelity.json,gametes_epistasis_3_way_20atts_0_2h_edm_1_1,full_data,budget_50,seed_2,xgboost,0.8747954173486089,0.0,0.6,0.06949590000021999
split_fidelity,gametes_epistasis_3_way_20atts_0_2h_edm_1_1\gaindistill\budget_10\seed_0\split_fidelity.json,gametes_epistasis_3_way_20atts_0_2h_edm_1_1,gaindistill,budget_10,seed_0,xgboost,0.03654346432123084,0.0,0.0,0.07886010000038368
split_fidelity,gametes_epistasis_3_way_20atts_0_2h_edm_1_1\gaindistill\budget_10\seed_1\split_fidelity.json,gametes_epistasis_3_way_20atts_0_2h_edm_1_1,gaindistill,budget_10,seed_1,xgboost,0.22087477659182436,0.0,0.2,0.07985079999980371
split_fidelity,gametes_epistasis_3_way_20atts_0_2h_edm_1_1\gaindistill\budget_10\seed_2\split_fidelity.json,gametes_epistasis_3_way_20atts_0_2h_edm_1_1,gaindistill,budget_10,seed_2,xgboost,0.2576838776220123,0.0,0.2,0.05951619999996183
split_fidelity,gametes_epistasis_3_way_20atts_0_2h_edm_1_1\gaindistill\budget_100\seed_0\split_fidelity.json,gametes_epistasis_3_way_20atts_0_2h_edm_1_1,gaindistill,budget_100,seed_0,xgboost,0.19590491224135734,0.0,0.0,0.04526759999953356
split_fidelity,gametes_epistasis_3_way_20atts_0_2h_edm_1_1\gaindistill\budget_100\seed_1\split_fidelity.json,gametes_epistasis_3_way_20atts_0_2h_edm_1_1,gaindistill,budget_100,seed_1,xgboost,0.25245401006809304,0.0,0.2,0.06145089999972697
split_fidelity,gametes_epistasis_3_way_20atts_0_2h_edm_1_1\gaindistill\budget_100\seed_2\split_fidelity.json,gametes_epistasis_3_way_20atts_0_2h_edm_1_1,gaindistill,budget_100,seed_2,xgboost,0.34604416409266386,0.0,0.2,0.04409209999994346
split_fidelity,gametes_epistasis_3_way_20atts_0_2h_edm_1_1\gaindistill\budget_25\seed_0\split_fidelity.json,gametes_epistasis_3_way_20atts_0_2h_edm_1_1,gaindistill,budget_25,seed_0,xgboost,0.0955208715730246,0.0,0.0,0.05281549999926938
split_fidelity,gametes_epistasis_3_way_20atts_0_2h_edm_1_1\gaindistill\budget_25\seed_1\split_fidelity.json,gametes_epistasis_3_way_20atts_0_2h_edm_1_1,gaindistill,budget_25,seed_1,xgboost,0.254629680904988,0.0,0.2,0.23187140000027284
split_fidelity,gametes_epistasis_3_way_20atts_0_2h_edm_1_1\gaindistill\budget_25\seed_2\split_fidelity.json,gametes_epistasis_3_way_20atts_0_2h_edm_1_1,gaindistill,budget_25,seed_2,xgboost,0.2053715519760227,0.0,0.2,0.03897210000013729
split_fidelity,gametes_epistasis_3_way_20atts_0_2h_edm_1_1\gaindistill\budget_50\seed_0\split_fidelity.json,gametes_epistasis_3_way_20atts_0_2h_edm_1_1,gaindistill,budget_50,seed_0,xgboost,0.05369686438301197,0.0,0.0,0.07077470000058383
split_fidelity,gametes_epistasis_3_way_20atts_0_2h_edm_1_1\gaindistill\budget_50\seed_1\split_fidelity.json,gametes_epistasis_3_way_20atts_0_2h_edm_1_1,gaindistill,budget_50,seed_1,xgboost,0.25491861003826793,0.0,0.2,0.07277280000016617
split_fidelity,gametes_epistasis_3_way_20atts_0_2h_edm_1_1\gaindistill\budget_50\seed_2\split_fidelity.json,gametes_epistasis_3_way_20atts_0_2h_edm_1_1,gaindistill,budget_50,seed_2,xgboost,0.30470604751214375,0.0,0.2,0.1643365999998423
split_fidelity,gametes_epistasis_3_way_20atts_0_2h_edm_1_1\gaindistill_hybrid\budget_10\seed_0\split_fidelity.json,gametes_epistasis_3_way_20atts_0_2h_edm_1_1,gaindistill_hybrid,budget_10,seed_0,xgboost,0.22172972209557937,0.0,0.0,0.045983500000147615
split_fidelity,gametes_epistasis_3_way_20atts_0_2h_edm_1_1\gaindistill_hybrid\budget_10\seed_1\split_fidelity.json,gametes_epistasis_3_way_20atts_0_2h_edm_1_1,gaindistill_hybrid,budget_10,seed_1,xgboost,0.2409081276299458,0.0,0.0,0.045187699999587494
split_fidelity,gametes_epistasis_3_way_20atts_0_2h_edm_1_1\gaindistill_hybrid\budget_10\seed_2\split_fidelity.json,gametes_epistasis_3_way_20atts_0_2h_edm_1_1,gaindistill_hybrid,budget_10,seed_2,xgboost,0.24858491454758036,0.0,0.0,0.03331839999918884
split_fidelity,gametes_epistasis_3_way_20atts_0_2h_edm_1_1\gaindistill_hybrid\budget_100\seed_0\split_fidelity.json,gametes_epistasis_3_way_20atts_0_2h_edm_1_1,gaindistill_hybrid,budget_100,seed_0,xgboost,0.3933973217759983,0.0,0.4,0.047452299999349634
split_fidelity,gametes_epistasis_3_way_20atts_0_2h_edm_1_1\gaindistill_hybrid\budget_100\seed_1\split_fidelity.json,gametes_epistasis_3_way_20atts_0_2h_edm_1_1,gaindistill_hybrid,budget_100,seed_1,xgboost,0.4450779640895119,1.0,0.4,0.04972359999919718
split_fidelity,gametes_epistasis_3_way_20atts_0_2h_edm_1_1\gaindistill_hybrid\budget_100\seed_2\split_fidelity.json,gametes_epistasis_3_way_20atts_0_2h_edm_1_1,gaindistill_hybrid,budget_100,seed_2,xgboost,0.367680245394234,1.0,0.4,0.09708239999963553
split_fidelity,gametes_epistasis_3_way_20atts_0_2h_edm_1_1\gaindistill_hybrid\budget_25\seed_0\split_fidelity.json,gametes_epistasis_3_way_20atts_0_2h_edm_1_1,gaindistill_hybrid,budget_25,seed_0,xgboost,0.30669505458479546,0.0,0.0,0.0723933000008401
split_fidelity,gametes_epistasis_3_way_20atts_0_2h_edm_1_1\gaindistill_hybrid\budget_25\seed_1\split_fidelity.json,gametes_epistasis_3_way_20atts_0_2h_edm_1_1,gaindistill_hybrid,budget_25,seed_1,xgboost,0.3502402413438401,0.0,0.2,0.07154620000073919
split_fidelity,gametes_epistasis_3_way_20atts_0_2h_edm_1_1\gaindistill_hybrid\budget_25\seed_2\split_fidelity.json,gametes_epistasis_3_way_20atts_0_2h_edm_1_1,gaindistill_hybrid,budget_25,seed_2,xgboost,0.359013176324898,0.0,0.4,0.07743069999924046
split_fidelity,gametes_epistasis_3_way_20atts_0_2h_edm_1_1\gaindistill_hybrid\budget_50\seed_0\split_fidelity.json,gametes_epistasis_3_way_20atts_0_2h_edm_1_1,gaindistill_hybrid,budget_50,seed_0,xgboost,0.3033586994961276,0.0,0.2,0.04832130000067991
split_fidelity,gametes_epistasis_3_way_20atts_0_2h_edm_1_1\gaindistill_hybrid\budget_50\seed_1\split_fidelity.json,gametes_epistasis_3_way_20atts_0_2h_edm_1_1,gaindistill_hybrid,budget_50,seed_1,xgboost,0.2632476107955324,0.0,0.0,0.03980220000084955
split_fidelity,gametes_epistasis_3_way_20atts_0_2h_edm_1_1\gaindistill_hybrid\budget_50\seed_2\split_fidelity.json,gametes_epistasis_3_way_20atts_0_2h_edm_1_1,gaindistill_hybrid,budget_50,seed_2,xgboost,0.41771043859209517,0.0,0.0,0.04767830000128015
split_fidelity,gametes_epistasis_3_way_20atts_0_2h_edm_1_1\gaindistill_path_hybrid\budget_10\seed_0\split_fidelity.json,gametes_epistasis_3_way_20atts_0_2h_edm_1_1,gaindistill_path_hybrid,budget_10,seed_0,xgboost,0.12808531724671887,0.0,0.0,0.02980819999902451
split_fidelity,gametes_epistasis_3_way_20atts_0_2h_edm_1_1\gaindistill_path_hybrid\budget_10\seed_1\split_fidelity.json,gametes_epistasis_3_way_20atts_0_2h_edm_1_1,gaindistill_path_hybrid,budget_10,seed_1,xgboost,0.2647154684554381,0.0,0.0,0.030288500000096974
split_fidelity,gametes_epistasis_3_way_20atts_0_2h_edm_1_1\gaindistill_path_hybrid\budget_10\seed_2\split_fidelity.json,gametes_epistasis_3_way_20atts_0_2h_edm_1_1,gaindistill_path_hybrid,budget_10,seed_2,xgboost,0.09150637019644224,0.0,0.0,0.023999299999559298
split_fidelity,gametes_epistasis_3_way_20atts_0_2h_edm_1_1\gaindistill_path_hybrid\budget_100\seed_0\split_fidelity.json,gametes_epistasis_3_way_20atts_0_2h_edm_1_1,gaindistill_path_hybrid,budget_100,seed_0,xgboost,0.5155739753852108,0.0,0.2,0.03373180000016873
split_fidelity,gametes_epistasis_3_way_20atts_0_2h_edm_1_1\gaindistill_path_hybrid\budget_100\seed_1\split_fidelity.json,gametes_epistasis_3_way_20atts_0_2h_edm_1_1,gaindistill_path_hybrid,budget_100,seed_1,xgboost,0.3931508322260133,1.0,0.2,0.03480119999949238
split_fidelity,gametes_epistasis_3_way_20atts_0_2h_edm_1_1\gaindistill_path_hybrid\budget_100\seed_2\split_fidelity.json,gametes_epistasis_3_way_20atts_0_2h_edm_1_1,gaindistill_path_hybrid,budget_100,seed_2,xgboost,0.4276921116300957,0.0,0.0,0.034418299999742885
split_fidelity,gametes_epistasis_3_way_20atts_0_2h_edm_1_1\gaindistill_path_hybrid\budget_25\seed_0\split_fidelity.json,gametes_epistasis_3_way_20atts_0_2h_edm_1_1,gaindistill_path_hybrid,budget_25,seed_0,xgboost,0.21208969198077332,0.0,0.2,0.03686310000011872
split_fidelity,gametes_epistasis_3_way_20atts_0_2h_edm_1_1\gaindistill_path_hybrid\budget_25\seed_1\split_fidelity.json,gametes_epistasis_3_way_20atts_0_2h_edm_1_1,gaindistill_path_hybrid,budget_25,seed_1,xgboost,0.3989206706449388,0.0,0.2,0.024051200000030803
split_fidelity,gametes_epistasis_3_way_20atts_0_2h_edm_1_1\gaindistill_path_hybrid\budget_25\seed_2\split_fidelity.json,gametes_epistasis_3_way_20atts_0_2h_edm_1_1,gaindistill_path_hybrid,budget_25,seed_2,xgboost,0.313876044155798,0.0,0.4,0.029690299999856506
split_fidelity,gametes_epistasis_3_way_20atts_0_2h_edm_1_1\gaindistill_path_hybrid\budget_50\seed_0\split_fidelity.json,gametes_epistasis_3_way_20atts_0_2h_edm_1_1,gaindistill_path_hybrid,budget_50,seed_0,xgboost,0.4793775810663759,0.0,0.0,0.029514600000766222
split_fidelity,gametes_epistasis_3_way_20atts_0_2h_edm_1_1\gaindistill_path_hybrid\budget_50\seed_1\split_fidelity.json,gametes_epistasis_3_way_20atts_0_2h_edm_1_1,gaindistill_path_hybrid,budget_50,seed_1,xgboost,0.31206447241465995,0.0,0.0,0.027480900000227848
split_fidelity,gametes_epistasis_3_way_20atts_0_2h_edm_1_1\gaindistill_path_hybrid\budget_50\seed_2\split_fidelity.json,gametes_epistasis_3_way_20atts_0_2h_edm_1_1,gaindistill_path_hybrid,budget_50,seed_2,xgboost,0.49918691238020124,0.0,0.0,0.026405200000226614
split_fidelity,gametes_epistasis_3_way_20atts_0_2h_edm_1_1\gain_herding\budget_10\seed_0\split_fidelity.json,gametes_epistasis_3_way_20atts_0_2h_edm_1_1,gain_herding,budget_10,seed_0,xgboost,0.19068930484586397,0.0,0.2,0.03269729999919946
split_fidelity,gametes_epistasis_3_way_20atts_0_2h_edm_1_1\gain_herding\budget_10\seed_1\split_fidelity.json,gametes_epistasis_3_way_20atts_0_2h_edm_1_1,gain_herding,budget_10,seed_1,xgboost,0.18905192339313634,0.0,0.0,0.03320200000052864
split_fidelity,gametes_epistasis_3_way_20atts_0_2h_edm_1_1\gain_herding\budget_10\seed_2\split_fidelity.json,gametes_epistasis_3_way_20atts_0_2h_edm_1_1,gain_herding,budget_10,seed_2,xgboost,0.10733357762471812,0.0,0.0,0.03056500000093365
split_fidelity,gametes_epistasis_3_way_20atts_0_2h_edm_1_1\gain_herding\budget_100\seed_0\split_fidelity.json,gametes_epistasis_3_way_20atts_0_2h_edm_1_1,gain_herding,budget_100,seed_0,xgboost,0.5661043331321278,0.0,0.4,0.09363289999964763
split_fidelity,gametes_epistasis_3_way_20atts_0_2h_edm_1_1\gain_herding\budget_100\seed_1\split_fidelity.json,gametes_epistasis_3_way_20atts_0_2h_edm_1_1,gain_herding,budget_100,seed_1,xgboost,0.5680762495320076,1.0,0.4,0.04355969999960507
split_fidelity,gametes_epistasis_3_way_20atts_0_2h_edm_1_1\gain_herding\budget_100\seed_2\split_fidelity.json,gametes_epistasis_3_way_20atts_0_2h_edm_1_1,gain_herding,budget_100,seed_2,xgboost,0.5711984504984838,1.0,0.4,0.04735840000103053
split_fidelity,gametes_epistasis_3_way_20atts_0_2h_edm_1_1\gain_herding\budget_25\seed_0\split_fidelity.json,gametes_epistasis_3_way_20atts_0_2h_edm_1_1,gain_herding,budget_25,seed_0,xgboost,0.3649779699401418,0.0,0.0,0.024334300003829412
split_fidelity,gametes_epistasis_3_way_20atts_0_2h_edm_1_1\gain_herding\budget_25\seed_1\split_fidelity.json,gametes_epistasis_3_way_20atts_0_2h_edm_1_1,gain_herding,budget_25,seed_1,xgboost,0.34882074340538605,0.0,0.0,0.025442400001338683
split_fidelity,gametes_epistasis_3_way_20atts_0_2h_edm_1_1\gain_herding\budget_25\seed_2\split_fidelity.json,gametes_epistasis_3_way_20atts_0_2h_edm_1_1,gain_herding,budget_25,seed_2,xgboost,0.39746259670914563,0.0,0.2,0.026129100006073713
split_fidelity,gametes_epistasis_3_way_20atts_0_2h_edm_1_1\gain_herding\budget_50\seed_0\split_fidelity.json,gametes_epistasis_3_way_20atts_0_2h_edm_1_1,gain_herding,budget_50,seed_0,xgboost,0.43036904829412614,0.0,0.2,0.02581639999698382
split_fidelity,gametes_epistasis_3_way_20atts_0_2h_edm_1_1\gain_herding\budget_50\seed_1\split_fidelity.json,gametes_epistasis_3_way_20atts_0_2h_edm_1_1,gain_herding,budget_50,seed_1,xgboost,0.4735483378383392,0.0,0.2,0.027296800006297417
split_fidelity,gametes_epistasis_3_way_20atts_0_2h_edm_1_1\gain_herding\budget_50\seed_2\split_fidelity.json,gametes_epistasis_3_way_20atts_0_2h_edm_1_1,gain_herding,budget_50,seed_2,xgboost,0.39986874297495206,0.0,0.0,0.025901300003170036
split_fidelity,gametes_epistasis_3_way_20atts_0_2h_edm_1_1\gain_path_herding\budget_10\seed_0\split_fidelity.json,gametes_epistasis_3_way_20atts_0_2h_edm_1_1,gain_path_herding,budget_10,seed_0,xgboost,0.10245081536071796,0.0,0.0,0.022232000001167762
split_fidelity,gametes_epistasis_3_way_20atts_0_2h_edm_1_1\gain_path_herding\budget_10\seed_1\split_fidelity.json,gametes_epistasis_3_way_20atts_0_2h_edm_1_1,gain_path_herding,budget_10,seed_1,xgboost,0.2676800026871524,0.0,0.0,0.021982500000376604
split_fidelity,gametes_epistasis_3_way_20atts_0_2h_edm_1_1\gain_path_herding\budget_10\seed_2\split_fidelity.json,gametes_epistasis_3_way_20atts_0_2h_edm_1_1,gain_path_herding,budget_10,seed_2,xgboost,0.1310322786839414,0.0,0.0,0.025654499999291147
split_fidelity,gametes_epistasis_3_way_20atts_0_2h_edm_1_1\gain_path_herding\budget_100\seed_0\split_fidelity.json,gametes_epistasis_3_way_20atts_0_2h_edm_1_1,gain_path_herding,budget_100,seed_0,xgboost,0.700769790607245,0.0,0.6,0.03025819999857049
split_fidelity,gametes_epistasis_3_way_20atts_0_2h_edm_1_1\gain_path_herding\budget_100\seed_1\split_fidelity.json,gametes_epistasis_3_way_20atts_0_2h_edm_1_1,gain_path_herding,budget_100,seed_1,xgboost,0.5145058540019426,0.0,0.4,0.03190530000028957
split_fidelity,gametes_epistasis_3_way_20atts_0_2h_edm_1_1\gain_path_herding\budget_100\seed_2\split_fidelity.json,gametes_epistasis_3_way_20atts_0_2h_edm_1_1,gain_path_herding,budget_100,seed_2,xgboost,0.62627962846017,0.0,0.2,0.036339399999633315
split_fidelity,gametes_epistasis_3_way_20atts_0_2h_edm_1_1\gain_path_herding\budget_25\seed_0\split_fidelity.json,gametes_epistasis_3_way_20atts_0_2h_edm_1_1,gain_path_herding,budget_25,seed_0,xgboost,0.1397787969983522,0.0,0.2,0.020674800005508587
split_fidelity,gametes_epistasis_3_way_20atts_0_2h_edm_1_1\gain_path_herding\budget_25\seed_1\split_fidelity.json,gametes_epistasis_3_way_20atts_0_2h_edm_1_1,gain_path_herding,budget_25,seed_1,xgboost,0.3849761908965966,0.0,0.2,0.02753949999168981
split_fidelity,gametes_epistasis_3_way_20atts_0_2h_edm_1_1\gain_path_herding\budget_25\seed_2\split_fidelity.json,gametes_epistasis_3_way_20atts_0_2h_edm_1_1,gain_path_herding,budget_25,seed_2,xgboost,0.3297410211149897,0.0,0.4,0.020560499993734993
split_fidelity,gametes_epistasis_3_way_20atts_0_2h_edm_1_1\gain_path_herding\budget_50\seed_0\split_fidelity.json,gametes_epistasis_3_way_20atts_0_2h_edm_1_1,gain_path_herding,budget_50,seed_0,xgboost,0.3932214041255805,0.0,0.0,0.022857899995869957
split_fidelity,gametes_epistasis_3_way_20atts_0_2h_edm_1_1\gain_path_herding\budget_50\seed_1\split_fidelity.json,gametes_epistasis_3_way_20atts_0_2h_edm_1_1,gain_path_herding,budget_50,seed_1,xgboost,0.4234098691364603,0.0,0.0,0.023363800006336533
split_fidelity,gametes_epistasis_3_way_20atts_0_2h_edm_1_1\gain_path_herding\budget_50\seed_2\split_fidelity.json,gametes_epistasis_3_way_20atts_0_2h_edm_1_1,gain_path_herding,budget_50,seed_2,xgboost,0.5168958780037873,0.0,0.0,0.02517680000164546
split_fidelity,gametes_epistasis_3_way_20atts_0_2h_edm_1_1\gain_path_refined\budget_25\seed_0\split_fidelity.json,gametes_epistasis_3_way_20atts_0_2h_edm_1_1,gain_path_refined,budget_25,seed_0,xgboost,0.32406302936117376,0.0,0.2,0.0197483999945689
split_fidelity,gametes_epistasis_3_way_20atts_0_2h_edm_1_1\gain_path_refined\budget_25\seed_1\split_fidelity.json,gametes_epistasis_3_way_20atts_0_2h_edm_1_1,gain_path_refined,budget_25,seed_1,xgboost,0.3794651989002458,0.0,0.2,0.0201085000007879
split_fidelity,gametes_epistasis_3_way_20atts_0_2h_edm_1_1\gain_path_refined\budget_25\seed_2\split_fidelity.json,gametes_epistasis_3_way_20atts_0_2h_edm_1_1,gain_path_refined,budget_25,seed_2,xgboost,0.36831796508944536,0.0,0.2,0.01919570000609383
split_fidelity,gametes_epistasis_3_way_20atts_0_2h_edm_1_1\gain_path_refined\budget_50\seed_0\split_fidelity.json,gametes_epistasis_3_way_20atts_0_2h_edm_1_1,gain_path_refined,budget_50,seed_0,xgboost,0.4645514703117457,0.0,0.0,0.022978200009674765
split_fidelity,gametes_epistasis_3_way_20atts_0_2h_edm_1_1\gain_path_refined\budget_50\seed_1\split_fidelity.json,gametes_epistasis_3_way_20atts_0_2h_edm_1_1,gain_path_refined,budget_50,seed_1,xgboost,0.33337538662402527,0.0,0.0,0.023983799997949973
split_fidelity,gametes_epistasis_3_way_20atts_0_2h_edm_1_1\gain_path_refined\budget_50\seed_2\split_fidelity.json,gametes_epistasis_3_way_20atts_0_2h_edm_1_1,gain_path_refined,budget_50,seed_2,xgboost,0.43008076280723057,0.0,0.0,0.02099639999505598
split_fidelity,gametes_epistasis_3_way_20atts_0_2h_edm_1_1\gain_path_safeguarded\budget_25\seed_0\split_fidelity.json,gametes_epistasis_3_way_20atts_0_2h_edm_1_1,gain_path_safeguarded,budget_25,seed_0,xgboost,0.32406302936117376,0.0,0.2,0.020871599990641698
split_fidelity,gametes_epistasis_3_way_20atts_0_2h_edm_1_1\gain_path_safeguarded\budget_25\seed_1\split_fidelity.json,gametes_epistasis_3_way_20atts_0_2h_edm_1_1,gain_path_safeguarded,budget_25,seed_1,xgboost,0.3794651989002458,0.0,0.2,0.023637099991901778
split_fidelity,gametes_epistasis_3_way_20atts_0_2h_edm_1_1\gain_path_safeguarded\budget_25\seed_2\split_fidelity.json,gametes_epistasis_3_way_20atts_0_2h_edm_1_1,gain_path_safeguarded,budget_25,seed_2,xgboost,0.36831796508944536,0.0,0.2,0.022167399991303682
split_fidelity,gametes_epistasis_3_way_20atts_0_2h_edm_1_1\gain_path_safeguarded\budget_50\seed_0\split_fidelity.json,gametes_epistasis_3_way_20atts_0_2h_edm_1_1,gain_path_safeguarded,budget_50,seed_0,xgboost,0.4645514703117457,0.0,0.0,0.02088400001230184
split_fidelity,gametes_epistasis_3_way_20atts_0_2h_edm_1_1\gain_path_safeguarded\budget_50\seed_1\split_fidelity.json,gametes_epistasis_3_way_20atts_0_2h_edm_1_1,gain_path_safeguarded,budget_50,seed_1,xgboost,0.33337538662402527,0.0,0.0,0.021488400001544505
split_fidelity,gametes_epistasis_3_way_20atts_0_2h_edm_1_1\gain_path_safeguarded\budget_50\seed_2\split_fidelity.json,gametes_epistasis_3_way_20atts_0_2h_edm_1_1,gain_path_safeguarded,budget_50,seed_2,xgboost,0.43008076280723057,0.0,0.0,0.02056740000261925
split_fidelity,gametes_epistasis_3_way_20atts_0_2h_edm_1_1\gain_weighted_coreset\budget_10\seed_0\split_fidelity.json,gametes_epistasis_3_way_20atts_0_2h_edm_1_1,gain_weighted_coreset,budget_10,seed_0,xgboost,0.22172972209557937,0.0,0.0,0.04973979999886069
split_fidelity,gametes_epistasis_3_way_20atts_0_2h_edm_1_1\gain_weighted_coreset\budget_10\seed_1\split_fidelity.json,gametes_epistasis_3_way_20atts_0_2h_edm_1_1,gain_weighted_coreset,budget_10,seed_1,xgboost,0.2409081276299458,0.0,0.0,0.0345937000001868
split_fidelity,gametes_epistasis_3_way_20atts_0_2h_edm_1_1\gain_weighted_coreset\budget_10\seed_2\split_fidelity.json,gametes_epistasis_3_way_20atts_0_2h_edm_1_1,gain_weighted_coreset,budget_10,seed_2,xgboost,0.24858491454758036,0.0,0.0,0.028875699999844073
split_fidelity,gametes_epistasis_3_way_20atts_0_2h_edm_1_1\gain_weighted_coreset\budget_100\seed_0\split_fidelity.json,gametes_epistasis_3_way_20atts_0_2h_edm_1_1,gain_weighted_coreset,budget_100,seed_0,xgboost,0.3933973217759983,0.0,0.4,0.03793240000049991
split_fidelity,gametes_epistasis_3_way_20atts_0_2h_edm_1_1\gain_weighted_coreset\budget_100\seed_1\split_fidelity.json,gametes_epistasis_3_way_20atts_0_2h_edm_1_1,gain_weighted_coreset,budget_100,seed_1,xgboost,0.4450779640895119,1.0,0.4,0.036226099999112193
split_fidelity,gametes_epistasis_3_way_20atts_0_2h_edm_1_1\gain_weighted_coreset\budget_100\seed_2\split_fidelity.json,gametes_epistasis_3_way_20atts_0_2h_edm_1_1,gain_weighted_coreset,budget_100,seed_2,xgboost,0.367680245394234,1.0,0.4,0.04096580000077665
split_fidelity,gametes_epistasis_3_way_20atts_0_2h_edm_1_1\gain_weighted_coreset\budget_25\seed_0\split_fidelity.json,gametes_epistasis_3_way_20atts_0_2h_edm_1_1,gain_weighted_coreset,budget_25,seed_0,xgboost,0.30669505458479546,0.0,0.0,0.05967820000114443
split_fidelity,gametes_epistasis_3_way_20atts_0_2h_edm_1_1\gain_weighted_coreset\budget_25\seed_1\split_fidelity.json,gametes_epistasis_3_way_20atts_0_2h_edm_1_1,gain_weighted_coreset,budget_25,seed_1,xgboost,0.3502402413438401,0.0,0.2,0.045712399998592446
split_fidelity,gametes_epistasis_3_way_20atts_0_2h_edm_1_1\gain_weighted_coreset\budget_25\seed_2\split_fidelity.json,gametes_epistasis_3_way_20atts_0_2h_edm_1_1,gain_weighted_coreset,budget_25,seed_2,xgboost,0.359013176324898,0.0,0.4,0.041004199998496915
split_fidelity,gametes_epistasis_3_way_20atts_0_2h_edm_1_1\gain_weighted_coreset\budget_50\seed_0\split_fidelity.json,gametes_epistasis_3_way_20atts_0_2h_edm_1_1,gain_weighted_coreset,budget_50,seed_0,xgboost,0.3033586994961276,0.0,0.2,0.06015979999938281
split_fidelity,gametes_epistasis_3_way_20atts_0_2h_edm_1_1\gain_weighted_coreset\budget_50\seed_1\split_fidelity.json,gametes_epistasis_3_way_20atts_0_2h_edm_1_1,gain_weighted_coreset,budget_50,seed_1,xgboost,0.2632476107955324,0.0,0.0,0.04702250000082131
split_fidelity,gametes_epistasis_3_way_20atts_0_2h_edm_1_1\gain_weighted_coreset\budget_50\seed_2\split_fidelity.json,gametes_epistasis_3_way_20atts_0_2h_edm_1_1,gain_weighted_coreset,budget_50,seed_2,xgboost,0.41771043859209517,0.0,0.0,0.05676500000117812
split_fidelity,gametes_epistasis_3_way_20atts_0_2h_edm_1_1\gradient_sampling\budget_10\seed_0\split_fidelity.json,gametes_epistasis_3_way_20atts_0_2h_edm_1_1,gradient_sampling,budget_10,seed_0,xgboost,0.24367838060330502,0.0,0.2,0.06548380000003817
split_fidelity,gametes_epistasis_3_way_20atts_0_2h_edm_1_1\gradient_sampling\budget_10\seed_1\split_fidelity.json,gametes_epistasis_3_way_20atts_0_2h_edm_1_1,gradient_sampling,budget_10,seed_1,xgboost,0.32989472146741244,0.0,0.0,0.16580700000031356
split_fidelity,gametes_epistasis_3_way_20atts_0_2h_edm_1_1\gradient_sampling\budget_10\seed_2\split_fidelity.json,gametes_epistasis_3_way_20atts_0_2h_edm_1_1,gradient_sampling,budget_10,seed_2,xgboost,0.3492090693608868,0.0,0.0,0.06660700000065845
split_fidelity,gametes_epistasis_3_way_20atts_0_2h_edm_1_1\gradient_sampling\budget_100\seed_0\split_fidelity.json,gametes_epistasis_3_way_20atts_0_2h_edm_1_1,gradient_sampling,budget_100,seed_0,xgboost,0.6783392415586136,0.0,0.2,0.17156530000011116
split_fidelity,gametes_epistasis_3_way_20atts_0_2h_edm_1_1\gradient_sampling\budget_100\seed_1\split_fidelity.json,gametes_epistasis_3_way_20atts_0_2h_edm_1_1,gradient_sampling,budget_100,seed_1,xgboost,0.46652828507902977,0.0,0.0,0.24750489999951242
split_fidelity,gametes_epistasis_3_way_20atts_0_2h_edm_1_1\gradient_sampling\budget_100\seed_2\split_fidelity.json,gametes_epistasis_3_way_20atts_0_2h_edm_1_1,gradient_sampling,budget_100,seed_2,xgboost,0.5078612617579253,0.0,0.2,0.07914230000005773
split_fidelity,gametes_epistasis_3_way_20atts_0_2h_edm_1_1\gradient_sampling\budget_25\seed_0\split_fidelity.json,gametes_epistasis_3_way_20atts_0_2h_edm_1_1,gradient_sampling,budget_25,seed_0,xgboost,0.25149566997024014,0.0,0.2,0.10086849999970582
split_fidelity,gametes_epistasis_3_way_20atts_0_2h_edm_1_1\gradient_sampling\budget_25\seed_1\split_fidelity.json,gametes_epistasis_3_way_20atts_0_2h_edm_1_1,gradient_sampling,budget_25,seed_1,xgboost,0.3646740953365451,0.0,0.0,0.05387749999954394
split_fidelity,gametes_epistasis_3_way_20atts_0_2h_edm_1_1\gradient_sampling\budget_25\seed_2\split_fidelity.json,gametes_epistasis_3_way_20atts_0_2h_edm_1_1,gradient_sampling,budget_25,seed_2,xgboost,0.37872302965093063,0.0,0.2,0.16439459999946848
split_fidelity,gametes_epistasis_3_way_20atts_0_2h_edm_1_1\gradient_sampling\budget_50\seed_0\split_fidelity.json,gametes_epistasis_3_way_20atts_0_2h_edm_1_1,gradient_sampling,budget_50,seed_0,xgboost,0.4503376134475189,0.0,0.2,0.06568980000065494
split_fidelity,gametes_epistasis_3_way_20atts_0_2h_edm_1_1\gradient_sampling\budget_50\seed_1\split_fidelity.json,gametes_epistasis_3_way_20atts_0_2h_edm_1_1,gradient_sampling,budget_50,seed_1,xgboost,0.41184580716238606,0.0,0.0,0.10337590000017371
split_fidelity,gametes_epistasis_3_way_20atts_0_2h_edm_1_1\gradient_sampling\budget_50\seed_2\split_fidelity.json,gametes_epistasis_3_way_20atts_0_2h_edm_1_1,gradient_sampling,budget_50,seed_2,xgboost,0.4271979079382747,0.0,0.2,0.06582330000037473
split_fidelity,gametes_epistasis_3_way_20atts_0_2h_edm_1_1\herding\budget_10\seed_0\split_fidelity.json,gametes_epistasis_3_way_20atts_0_2h_edm_1_1,herding,budget_10,seed_0,xgboost,0.17900384221692517,0.0,0.2,0.060906700000487035
split_fidelity,gametes_epistasis_3_way_20atts_0_2h_edm_1_1\herding\budget_10\seed_1\split_fidelity.json,gametes_epistasis_3_way_20atts_0_2h_edm_1_1,herding,budget_10,seed_1,xgboost,0.3320335094597049,0.0,0.0,0.04237990000001446
split_fidelity,gametes_epistasis_3_way_20atts_0_2h_edm_1_1\herding\budget_10\seed_2\split_fidelity.json,gametes_epistasis_3_way_20atts_0_2h_edm_1_1,herding,budget_10,seed_2,xgboost,0.19803037947945476,0.0,0.2,0.06061219999992318
split_fidelity,gametes_epistasis_3_way_20atts_0_2h_edm_1_1\herding\budget_100\seed_0\split_fidelity.json,gametes_epistasis_3_way_20atts_0_2h_edm_1_1,herding,budget_100,seed_0,xgboost,0.3966244239797927,0.0,0.2,0.04728160000013304
split_fidelity,gametes_epistasis_3_way_20atts_0_2h_edm_1_1\herding\budget_100\seed_1\split_fidelity.json,gametes_epistasis_3_way_20atts_0_2h_edm_1_1,herding,budget_100,seed_1,xgboost,0.3894851843481564,0.0,0.2,0.06750329999977112
split_fidelity,gametes_epistasis_3_way_20atts_0_2h_edm_1_1\herding\budget_100\seed_2\split_fidelity.json,gametes_epistasis_3_way_20atts_0_2h_edm_1_1,herding,budget_100,seed_2,xgboost,0.3947039267689431,0.0,0.2,0.0589549000005718
split_fidelity,gametes_epistasis_3_way_20atts_0_2h_edm_1_1\herding\budget_25\seed_0\split_fidelity.json,gametes_epistasis_3_way_20atts_0_2h_edm_1_1,herding,budget_25,seed_0,xgboost,0.2700525649011244,0.0,0.0,0.026915800001006573
split_fidelity,gametes_epistasis_3_way_20atts_0_2h_edm_1_1\herding\budget_25\seed_1\split_fidelity.json,gametes_epistasis_3_way_20atts_0_2h_edm_1_1,herding,budget_25,seed_1,xgboost,0.24987914668189412,0.0,0.0,0.02497399999992922
split_fidelity,gametes_epistasis_3_way_20atts_0_2h_edm_1_1\herding\budget_25\seed_2\split_fidelity.json,gametes_epistasis_3_way_20atts_0_2h_edm_1_1,herding,budget_25,seed_2,xgboost,0.2608982406671879,0.0,0.2,0.024213199998484924
split_fidelity,gametes_epistasis_3_way_20atts_0_2h_edm_1_1\herding\budget_50\seed_0\split_fidelity.json,gametes_epistasis_3_way_20atts_0_2h_edm_1_1,herding,budget_50,seed_0,xgboost,0.29012674280794476,0.0,0.0,0.02547019999474287
split_fidelity,gametes_epistasis_3_way_20atts_0_2h_edm_1_1\herding\budget_50\seed_1\split_fidelity.json,gametes_epistasis_3_way_20atts_0_2h_edm_1_1,herding,budget_50,seed_1,xgboost,0.3232577238455678,0.0,0.0,0.025043599991477095
split_fidelity,gametes_epistasis_3_way_20atts_0_2h_edm_1_1\herding\budget_50\seed_2\split_fidelity.json,gametes_epistasis_3_way_20atts_0_2h_edm_1_1,herding,budget_50,seed_2,xgboost,0.2928946475528601,0.0,0.0,0.022804499996709637
split_fidelity,gametes_epistasis_3_way_20atts_0_2h_edm_1_1\k_center\budget_10\seed_0\split_fidelity.json,gametes_epistasis_3_way_20atts_0_2h_edm_1_1,k_center,budget_10,seed_0,xgboost,0.47994508456387036,0.0,0.2,0.045633599999746366
split_fidelity,gametes_epistasis_3_way_20atts_0_2h_edm_1_1\k_center\budget_10\seed_1\split_fidelity.json,gametes_epistasis_3_way_20atts_0_2h_edm_1_1,k_center,budget_10,seed_1,xgboost,0.6039486616740266,0.0,0.4,0.052466199999798846
split_fidelity,gametes_epistasis_3_way_20atts_0_2h_edm_1_1\k_center\budget_10\seed_2\split_fidelity.json,gametes_epistasis_3_way_20atts_0_2h_edm_1_1,k_center,budget_10,seed_2,xgboost,0.649317703034884,0.0,0.2,0.0372921000007409
split_fidelity,gametes_epistasis_3_way_20atts_0_2h_edm_1_1\k_center\budget_100\seed_0\split_fidelity.json,gametes_epistasis_3_way_20atts_0_2h_edm_1_1,k_center,budget_100,seed_0,xgboost,0.6465630114566285,1.0,0.4,0.05220900000040274
split_fidelity,gametes_epistasis_3_way_20atts_0_2h_edm_1_1\k_center\budget_100\seed_1\split_fidelity.json,gametes_epistasis_3_way_20atts_0_2h_edm_1_1,k_center,budget_100,seed_1,xgboost,0.7036006546644845,0.0,0.6,0.05111120000037772
split_fidelity,gametes_epistasis_3_way_20atts_0_2h_edm_1_1\k_center\budget_100\seed_2\split_fidelity.json,gametes_epistasis_3_way_20atts_0_2h_edm_1_1,k_center,budget_100,seed_2,xgboost,0.7156301145662849,0.0,0.4,0.07287479999922652
split_fidelity,gametes_epistasis_3_way_20atts_0_2h_edm_1_1\k_center\budget_25\seed_0\split_fidelity.json,gametes_epistasis_3_way_20atts_0_2h_edm_1_1,k_center,budget_25,seed_0,xgboost,0.6176759410801964,0.0,0.2,0.04473950000010518
split_fidelity,gametes_epistasis_3_way_20atts_0_2h_edm_1_1\k_center\budget_25\seed_1\split_fidelity.json,gametes_epistasis_3_way_20atts_0_2h_edm_1_1,k_center,budget_25,seed_1,xgboost,0.4589198036006547,0.0,0.0,0.06787230000009004
split_fidelity,gametes_epistasis_3_way_20atts_0_2h_edm_1_1\k_center\budget_25\seed_2\split_fidelity.json,gametes_epistasis_3_way_20atts_0_2h_edm_1_1,k_center,budget_25,seed_2,xgboost,0.5109656301145663,0.0,0.0,0.03822519999994256
split_fidelity,gametes_epistasis_3_way_20atts_0_2h_edm_1_1\k_center\budget_50\seed_0\split_fidelity.json,gametes_epistasis_3_way_20atts_0_2h_edm_1_1,k_center,budget_50,seed_0,xgboost,0.7292144026186579,0.0,0.2,0.04755399999976362
split_fidelity,gametes_epistasis_3_way_20atts_0_2h_edm_1_1\k_center\budget_50\seed_1\split_fidelity.json,gametes_epistasis_3_way_20atts_0_2h_edm_1_1,k_center,budget_50,seed_1,xgboost,0.5411620294599019,0.0,0.2,0.04554359999929147
split_fidelity,gametes_epistasis_3_way_20atts_0_2h_edm_1_1\k_center\budget_50\seed_2\split_fidelity.json,gametes_epistasis_3_way_20atts_0_2h_edm_1_1,k_center,budget_50,seed_2,xgboost,0.4894435351882161,0.0,0.0,0.052313999999569205
split_fidelity,gametes_epistasis_3_way_20atts_0_2h_edm_1_1\random\budget_10\seed_0\split_fidelity.json,gametes_epistasis_3_way_20atts_0_2h_edm_1_1,random,budget_10,seed_0,xgboost,0.27289809058612474,0.0,0.0,0.051860499999747844
split_fidelity,gametes_epistasis_3_way_20atts_0_2h_edm_1_1\random\budget_10\seed_1\split_fidelity.json,gametes_epistasis_3_way_20atts_0_2h_edm_1_1,random,budget_10,seed_1,xgboost,0.2620849123271427,0.0,0.0,0.05489650000072288
split_fidelity,gametes_epistasis_3_way_20atts_0_2h_edm_1_1\random\budget_10\seed_2\split_fidelity.json,gametes_epistasis_3_way_20atts_0_2h_edm_1_1,random,budget_10,seed_2,xgboost,0.3957213032773174,0.0,0.0,0.04667040000003908
split_fidelity,gametes_epistasis_3_way_20atts_0_2h_edm_1_1\random\budget_100\seed_0\split_fidelity.json,gametes_epistasis_3_way_20atts_0_2h_edm_1_1,random,budget_100,seed_0,xgboost,0.49758023823630865,0.0,0.0,0.05363000000033935
split_fidelity,gametes_epistasis_3_way_20atts_0_2h_edm_1_1\random\budget_100\seed_1\split_fidelity.json,gametes_epistasis_3_way_20atts_0_2h_edm_1_1,random,budget_100,seed_1,xgboost,0.47983299063739143,0.0,0.0,0.056203000000095926
split_fidelity,gametes_epistasis_3_way_20atts_0_2h_edm_1_1\random\budget_100\seed_2\split_fidelity.json,gametes_epistasis_3_way_20atts_0_2h_edm_1_1,random,budget_100,seed_2,xgboost,0.6574034268150658,0.0,0.4,0.05163839999931952
split_fidelity,gametes_epistasis_3_way_20atts_0_2h_edm_1_1\random\budget_25\seed_0\split_fidelity.json,gametes_epistasis_3_way_20atts_0_2h_edm_1_1,random,budget_25,seed_0,xgboost,0.3730357082378366,0.0,0.0,0.02224749999004416
split_fidelity,gametes_epistasis_3_way_20atts_0_2h_edm_1_1\random\budget_25\seed_1\split_fidelity.json,gametes_epistasis_3_way_20atts_0_2h_edm_1_1,random,budget_25,seed_1,xgboost,0.3389579817352144,0.0,0.0,0.019216899992898107
split_fidelity,gametes_epistasis_3_way_20atts_0_2h_edm_1_1\random\budget_25\seed_2\split_fidelity.json,gametes_epistasis_3_way_20atts_0_2h_edm_1_1,random,budget_25,seed_2,xgboost,0.5372941769199393,0.0,0.0,0.020776800010935403
split_fidelity,gametes_epistasis_3_way_20atts_0_2h_edm_1_1\random\budget_50\seed_0\split_fidelity.json,gametes_epistasis_3_way_20atts_0_2h_edm_1_1,random,budget_50,seed_0,xgboost,0.512818697546264,0.0,0.0,0.019321399988257326
split_fidelity,gametes_epistasis_3_way_20atts_0_2h_edm_1_1\random\budget_50\seed_1\split_fidelity.json,gametes_epistasis_3_way_20atts_0_2h_edm_1_1,random,budget_50,seed_1,xgboost,0.45608783065550673,0.0,0.2,0.016887699996004812
split_fidelity,gametes_epistasis_3_way_20atts_0_2h_edm_1_1\random\budget_50\seed_2\split_fidelity.json,gametes_epistasis_3_way_20atts_0_2h_edm_1_1,random,budget_50,seed_2,xgboost,0.47933019079307626,0.0,0.0,0.016441300002043135
split_fidelity,gametes_epistasis_3_way_20atts_0_2h_edm_1_1\tree_region\budget_10\seed_0\split_fidelity.json,gametes_epistasis_3_way_20atts_0_2h_edm_1_1,tree_region,budget_10,seed_0,xgboost,0.24367838060330502,0.0,0.2,0.05191110000032495
split_fidelity,gametes_epistasis_3_way_20atts_0_2h_edm_1_1\tree_region\budget_10\seed_1\split_fidelity.json,gametes_epistasis_3_way_20atts_0_2h_edm_1_1,tree_region,budget_10,seed_1,xgboost,0.32989472146741244,0.0,0.0,0.055326200000308745
split_fidelity,gametes_epistasis_3_way_20atts_0_2h_edm_1_1\tree_region\budget_10\seed_2\split_fidelity.json,gametes_epistasis_3_way_20atts_0_2h_edm_1_1,tree_region,budget_10,seed_2,xgboost,0.3492090693608868,0.0,0.0,0.04208980000021256
split_fidelity,gametes_epistasis_3_way_20atts_0_2h_edm_1_1\tree_region\budget_100\seed_0\split_fidelity.json,gametes_epistasis_3_way_20atts_0_2h_edm_1_1,tree_region,budget_100,seed_0,xgboost,0.6783392415586136,0.0,0.2,0.04524620000029245
split_fidelity,gametes_epistasis_3_way_20atts_0_2h_edm_1_1\tree_region\budget_100\seed_1\split_fidelity.json,gametes_epistasis_3_way_20atts_0_2h_edm_1_1,tree_region,budget_100,seed_1,xgboost,0.46652828507902977,0.0,0.0,0.05785530000048311
split_fidelity,gametes_epistasis_3_way_20atts_0_2h_edm_1_1\tree_region\budget_100\seed_2\split_fidelity.json,gametes_epistasis_3_way_20atts_0_2h_edm_1_1,tree_region,budget_100,seed_2,xgboost,0.5078612617579253,0.0,0.2,0.05360839999957534
split_fidelity,gametes_epistasis_3_way_20atts_0_2h_edm_1_1\tree_region\budget_25\seed_0\split_fidelity.json,gametes_epistasis_3_way_20atts_0_2h_edm_1_1,tree_region,budget_25,seed_0,xgboost,0.25149566997024014,0.0,0.2,0.041345499999806634
split_fidelity,gametes_epistasis_3_way_20atts_0_2h_edm_1_1\tree_region\budget_25\seed_1\split_fidelity.json,gametes_epistasis_3_way_20atts_0_2h_edm_1_1,tree_region,budget_25,seed_1,xgboost,0.3646740953365451,0.0,0.0,0.04700460000003659
split_fidelity,gametes_epistasis_3_way_20atts_0_2h_edm_1_1\tree_region\budget_25\seed_2\split_fidelity.json,gametes_epistasis_3_way_20atts_0_2h_edm_1_1,tree_region,budget_25,seed_2,xgboost,0.37872302965093063,0.0,0.2,0.042763299999933224
split_fidelity,gametes_epistasis_3_way_20atts_0_2h_edm_1_1\tree_region\budget_50\seed_0\split_fidelity.json,gametes_epistasis_3_way_20atts_0_2h_edm_1_1,tree_region,budget_50,seed_0,xgboost,0.4503376134475189,0.0,0.2,0.04631289999997534
split_fidelity,gametes_epistasis_3_way_20atts_0_2h_edm_1_1\tree_region\budget_50\seed_1\split_fidelity.json,gametes_epistasis_3_way_20atts_0_2h_edm_1_1,tree_region,budget_50,seed_1,xgboost,0.41184580716238606,0.0,0.0,0.04377299999941897
split_fidelity,gametes_epistasis_3_way_20atts_0_2h_edm_1_1\tree_region\budget_50\seed_2\split_fidelity.json,gametes_epistasis_3_way_20atts_0_2h_edm_1_1,tree_region,budget_50,seed_2,xgboost,0.4271979079382747,0.0,0.2,0.04660690000036993
split_fidelity,gametes_heterogeneity_20atts_1600_het_0_4_0_2_50_edm_2_001\distribution_matching\budget_10\seed_0\split_fidelity.json,gametes_heterogeneity_20atts_1600_het_0_4_0_2_50_edm_2_001,distribution_matching,budget_10,seed_0,xgboost,0.3071036271997786,0.0,0.2,0.04472810000061145
split_fidelity,gametes_heterogeneity_20atts_1600_het_0_4_0_2_50_edm_2_001\distribution_matching\budget_10\seed_1\split_fidelity.json,gametes_heterogeneity_20atts_1600_het_0_4_0_2_50_edm_2_001,distribution_matching,budget_10,seed_1,xgboost,0.27303527387938503,0.0,0.0,0.03845839999939926
split_fidelity,gametes_heterogeneity_20atts_1600_het_0_4_0_2_50_edm_2_001\distribution_matching\budget_10\seed_2\split_fidelity.json,gametes_heterogeneity_20atts_1600_het_0_4_0_2_50_edm_2_001,distribution_matching,budget_10,seed_2,xgboost,0.22136862925247686,0.0,0.0,0.04771029999938037
split_fidelity,gametes_heterogeneity_20atts_1600_het_0_4_0_2_50_edm_2_001\distribution_matching\budget_100\seed_0\split_fidelity.json,gametes_heterogeneity_20atts_1600_het_0_4_0_2_50_edm_2_001,distribution_matching,budget_100,seed_0,xgboost,0.5332665783698539,1.0,0.4,0.06192710000050283
split_fidelity,gametes_heterogeneity_20atts_1600_het_0_4_0_2_50_edm_2_001\distribution_matching\budget_100\seed_1\split_fidelity.json,gametes_heterogeneity_20atts_1600_het_0_4_0_2_50_edm_2_001,distribution_matching,budget_100,seed_1,xgboost,0.32841719623995336,0.0,0.2,0.060628600000200095
split_fidelity,gametes_heterogeneity_20atts_1600_het_0_4_0_2_50_edm_2_001\distribution_matching\budget_100\seed_2\split_fidelity.json,gametes_heterogeneity_20atts_1600_het_0_4_0_2_50_edm_2_001,distribution_matching,budget_100,seed_2,xgboost,0.5407810967938551,0.0,0.0,0.07021480000003066
split_fidelity,gametes_heterogeneity_20atts_1600_het_0_4_0_2_50_edm_2_001\distribution_matching\budget_25\seed_0\split_fidelity.json,gametes_heterogeneity_20atts_1600_het_0_4_0_2_50_edm_2_001,distribution_matching,budget_25,seed_0,xgboost,0.5499403643740823,0.0,0.2,0.05733730000065407
split_fidelity,gametes_heterogeneity_20atts_1600_het_0_4_0_2_50_edm_2_001\distribution_matching\budget_25\seed_1\split_fidelity.json,gametes_heterogeneity_20atts_1600_het_0_4_0_2_50_edm_2_001,distribution_matching,budget_25,seed_1,xgboost,0.3711160813575121,0.0,0.4,0.06167180000011285
split_fidelity,gametes_heterogeneity_20atts_1600_het_0_4_0_2_50_edm_2_001\distribution_matching\budget_25\seed_2\split_fidelity.json,gametes_heterogeneity_20atts_1600_het_0_4_0_2_50_edm_2_001,distribution_matching,budget_25,seed_2,xgboost,0.3537256936046953,0.0,0.2,0.04058309999982157
split_fidelity,gametes_heterogeneity_20atts_1600_het_0_4_0_2_50_edm_2_001\distribution_matching\budget_50\seed_0\split_fidelity.json,gametes_heterogeneity_20atts_1600_het_0_4_0_2_50_edm_2_001,distribution_matching,budget_50,seed_0,xgboost,0.48929357646509325,0.0,0.2,0.05089180000049964
split_fidelity,gametes_heterogeneity_20atts_1600_het_0_4_0_2_50_edm_2_001\distribution_matching\budget_50\seed_1\split_fidelity.json,gametes_heterogeneity_20atts_1600_het_0_4_0_2_50_edm_2_001,distribution_matching,budget_50,seed_1,xgboost,0.44272001937679406,0.0,0.4,0.046122500000819855
split_fidelity,gametes_heterogeneity_20atts_1600_het_0_4_0_2_50_edm_2_001\distribution_matching\budget_50\seed_2\split_fidelity.json,gametes_heterogeneity_20atts_1600_het_0_4_0_2_50_edm_2_001,distribution_matching,budget_50,seed_2,xgboost,0.4793251037250894,0.0,0.0,0.0509143999997832
split_fidelity,gametes_heterogeneity_20atts_1600_het_0_4_0_2_50_edm_2_001\full_data\budget_10\seed_0\split_fidelity.json,gametes_heterogeneity_20atts_1600_het_0_4_0_2_50_edm_2_001,full_data,budget_10,seed_0,xgboost,1.0,1.0,1.0,0.06710839999959717
split_fidelity,gametes_heterogeneity_20atts_1600_het_0_4_0_2_50_edm_2_001\full_data\budget_10\seed_1\split_fidelity.json,gametes_heterogeneity_20atts_1600_het_0_4_0_2_50_edm_2_001,full_data,budget_10,seed_1,xgboost,0.7945733446388655,0.0,0.6,0.06947740000032354
split_fidelity,gametes_heterogeneity_20atts_1600_het_0_4_0_2_50_edm_2_001\full_data\budget_10\seed_2\split_fidelity.json,gametes_heterogeneity_20atts_1600_het_0_4_0_2_50_edm_2_001,full_data,budget_10,seed_2,xgboost,0.8505357280505667,0.0,0.8,0.09062879999964935
split_fidelity,gametes_heterogeneity_20atts_1600_het_0_4_0_2_50_edm_2_001\full_data\budget_100\seed_0\split_fidelity.json,gametes_heterogeneity_20atts_1600_het_0_4_0_2_50_edm_2_001,full_data,budget_100,seed_0,xgboost,1.0,1.0,1.0,0.10356049999973038
split_fidelity,gametes_heterogeneity_20atts_1600_het_0_4_0_2_50_edm_2_001\full_data\budget_100\seed_1\split_fidelity.json,gametes_heterogeneity_20atts_1600_het_0_4_0_2_50_edm_2_001,full_data,budget_100,seed_1,xgboost,0.7945733446388655,0.0,0.6,0.06827050000083545
split_fidelity,gametes_heterogeneity_20atts_1600_het_0_4_0_2_50_edm_2_001\full_data\budget_100\seed_2\split_fidelity.json,gametes_heterogeneity_20atts_1600_het_0_4_0_2_50_edm_2_001,full_data,budget_100,seed_2,xgboost,0.8505357280505667,0.0,0.8,0.06825929999922664
split_fidelity,gametes_heterogeneity_20atts_1600_het_0_4_0_2_50_edm_2_001\full_data\budget_25\seed_0\split_fidelity.json,gametes_heterogeneity_20atts_1600_het_0_4_0_2_50_edm_2_001,full_data,budget_25,seed_0,xgboost,1.0,1.0,1.0,0.10135549999995419
split_fidelity,gametes_heterogeneity_20atts_1600_het_0_4_0_2_50_edm_2_001\full_data\budget_25\seed_1\split_fidelity.json,gametes_heterogeneity_20atts_1600_het_0_4_0_2_50_edm_2_001,full_data,budget_25,seed_1,xgboost,0.7945733446388655,0.0,0.6,0.11307849999957398
split_fidelity,gametes_heterogeneity_20atts_1600_het_0_4_0_2_50_edm_2_001\full_data\budget_25\seed_2\split_fidelity.json,gametes_heterogeneity_20atts_1600_het_0_4_0_2_50_edm_2_001,full_data,budget_25,seed_2,xgboost,0.8505357280505667,0.0,0.8,0.06292699999994511
split_fidelity,gametes_heterogeneity_20atts_1600_het_0_4_0_2_50_edm_2_001\full_data\budget_50\seed_0\split_fidelity.json,gametes_heterogeneity_20atts_1600_het_0_4_0_2_50_edm_2_001,full_data,budget_50,seed_0,xgboost,1.0,1.0,1.0,0.0738005000002886
split_fidelity,gametes_heterogeneity_20atts_1600_het_0_4_0_2_50_edm_2_001\full_data\budget_50\seed_1\split_fidelity.json,gametes_heterogeneity_20atts_1600_het_0_4_0_2_50_edm_2_001,full_data,budget_50,seed_1,xgboost,0.7945733446388655,0.0,0.6,0.0697569999992993
split_fidelity,gametes_heterogeneity_20atts_1600_het_0_4_0_2_50_edm_2_001\full_data\budget_50\seed_2\split_fidelity.json,gametes_heterogeneity_20atts_1600_het_0_4_0_2_50_edm_2_001,full_data,budget_50,seed_2,xgboost,0.8505357280505667,0.0,0.8,0.07878859999982524
split_fidelity,gametes_heterogeneity_20atts_1600_het_0_4_0_2_50_edm_2_001\gaindistill\budget_10\seed_0\split_fidelity.json,gametes_heterogeneity_20atts_1600_het_0_4_0_2_50_edm_2_001,gaindistill,budget_10,seed_0,xgboost,0.2248602400561141,0.0,0.4,0.05727220000062516
split_fidelity,gametes_heterogeneity_20atts_1600_het_0_4_0_2_50_edm_2_001\gaindistill\budget_10\seed_1\split_fidelity.json,gametes_heterogeneity_20atts_1600_het_0_4_0_2_50_edm_2_001,gaindistill,budget_10,seed_1,xgboost,0.3275788031879272,0.0,0.0,0.05448320000050444
split_fidelity,gametes_heterogeneity_20atts_1600_het_0_4_0_2_50_edm_2_001\gaindistill\budget_10\seed_2\split_fidelity.json,gametes_heterogeneity_20atts_1600_het_0_4_0_2_50_edm_2_001,gaindistill,budget_10,seed_2,xgboost,0.14399341058929788,0.0,0.2,0.06680119999964518
split_fidelity,gametes_heterogeneity_20atts_1600_het_0_4_0_2_50_edm_2_001\gaindistill\budget_100\seed_0\split_fidelity.json,gametes_heterogeneity_20atts_1600_het_0_4_0_2_50_edm_2_001,gaindistill,budget_100,seed_0,xgboost,0.37996227270539884,0.0,0.2,0.05682210000031773
split_fidelity,gametes_heterogeneity_20atts_1600_het_0_4_0_2_50_edm_2_001\gaindistill\budget_100\seed_1\split_fidelity.json,gametes_heterogeneity_20atts_1600_het_0_4_0_2_50_edm_2_001,gaindistill,budget_100,seed_1,xgboost,0.3737641431308732,0.0,0.2,0.05294300000059593
split_fidelity,gametes_heterogeneity_20atts_1600_het_0_4_0_2_50_edm_2_001\gaindistill\budget_100\seed_2\split_fidelity.json,gametes_heterogeneity_20atts_1600_het_0_4_0_2_50_edm_2_001,gaindistill,budget_100,seed_2,xgboost,0.26169701084874764,0.0,0.2,0.05725350000011531
split_fidelity,gametes_heterogeneity_20atts_1600_het_0_4_0_2_50_edm_2_001\gaindistill\budget_25\seed_0\split_fidelity.json,gametes_heterogeneity_20atts_1600_het_0_4_0_2_50_edm_2_001,gaindistill,budget_25,seed_0,xgboost,0.1947553862314629,0.0,0.2,0.054417600000306265
split_fidelity,gametes_heterogeneity_20atts_1600_het_0_4_0_2_50_edm_2_001\gaindistill\budget_25\seed_1\split_fidelity.json,gametes_heterogeneity_20atts_1600_het_0_4_0_2_50_edm_2_001,gaindistill,budget_25,seed_1,xgboost,0.3067317239686069,0.0,0.2,0.053746399999909045
split_fidelity,gametes_heterogeneity_20atts_1600_het_0_4_0_2_50_edm_2_001\gaindistill\budget_25\seed_2\split_fidelity.json,gametes_heterogeneity_20atts_1600_het_0_4_0_2_50_edm_2_001,gaindistill,budget_25,seed_2,xgboost,0.11897114648685633,0.0,0.2,0.06583119999959308
split_fidelity,gametes_heterogeneity_20atts_1600_het_0_4_0_2_50_edm_2_001\gaindistill\budget_50\seed_0\split_fidelity.json,gametes_heterogeneity_20atts_1600_het_0_4_0_2_50_edm_2_001,gaindistill,budget_50,seed_0,xgboost,0.23230149470514844,1.0,0.2,0.08184169999913138
split_fidelity,gametes_heterogeneity_20atts_1600_het_0_4_0_2_50_edm_2_001\gaindistill\budget_50\seed_1\split_fidelity.json,gametes_heterogeneity_20atts_1600_het_0_4_0_2_50_edm_2_001,gaindistill,budget_50,seed_1,xgboost,0.31354996100531596,0.0,0.2,0.04918120000002091
split_fidelity,gametes_heterogeneity_20atts_1600_het_0_4_0_2_50_edm_2_001\gaindistill\budget_50\seed_2\split_fidelity.json,gametes_heterogeneity_20atts_1600_het_0_4_0_2_50_edm_2_001,gaindistill,budget_50,seed_2,xgboost,0.25569722188485955,0.0,0.2,0.05562400000053458
split_fidelity,gametes_heterogeneity_20atts_1600_het_0_4_0_2_50_edm_2_001\gaindistill_hybrid\budget_10\seed_0\split_fidelity.json,gametes_heterogeneity_20atts_1600_het_0_4_0_2_50_edm_2_001,gaindistill_hybrid,budget_10,seed_0,xgboost,0.22900308641280065,0.0,0.2,0.059915100000580424
split_fidelity,gametes_heterogeneity_20atts_1600_het_0_4_0_2_50_edm_2_001\gaindistill_hybrid\budget_10\seed_1\split_fidelity.json,gametes_heterogeneity_20atts_1600_het_0_4_0_2_50_edm_2_001,gaindistill_hybrid,budget_10,seed_1,xgboost,0.2659089422130567,0.0,0.0,0.04722810000021127
split_fidelity,gametes_heterogeneity_20atts_1600_het_0_4_0_2_50_edm_2_001\gaindistill_hybrid\budget_10\seed_2\split_fidelity.json,gametes_heterogeneity_20atts_1600_het_0_4_0_2_50_edm_2_001,gaindistill_hybrid,budget_10,seed_2,xgboost,0.13572157764616255,0.0,0.6,0.04201730000022508
split_fidelity,gametes_heterogeneity_20atts_1600_het_0_4_0_2_50_edm_2_001\gaindistill_hybrid\budget_100\seed_0\split_fidelity.json,gametes_heterogeneity_20atts_1600_het_0_4_0_2_50_edm_2_001,gaindistill_hybrid,budget_100,seed_0,xgboost,0.5211249131093119,1.0,0.6,0.04932150000058755
split_fidelity,gametes_heterogeneity_20atts_1600_het_0_4_0_2_50_edm_2_001\gaindistill_hybrid\budget_100\seed_1\split_fidelity.json,gametes_heterogeneity_20atts_1600_het_0_4_0_2_50_edm_2_001,gaindistill_hybrid,budget_100,seed_1,xgboost,0.5520590921170621,0.0,0.0,0.04478219999873545
split_fidelity,gametes_heterogeneity_20atts_1600_het_0_4_0_2_50_edm_2_001\gaindistill_hybrid\budget_100\seed_2\split_fidelity.json,gametes_heterogeneity_20atts_1600_het_0_4_0_2_50_edm_2_001,gaindistill_hybrid,budget_100,seed_2,xgboost,0.621776998055779,0.0,0.6,0.039075799999409355
split_fidelity,gametes_heterogeneity_20atts_1600_het_0_4_0_2_50_edm_2_001\gaindistill_hybrid\budget_25\seed_0\split_fidelity.json,gametes_heterogeneity_20atts_1600_het_0_4_0_2_50_edm_2_001,gaindistill_hybrid,budget_25,seed_0,xgboost,0.4226586184557349,0.0,0.2,0.03517730000021402
split_fidelity,gametes_heterogeneity_20atts_1600_het_0_4_0_2_50_edm_2_001\gaindistill_hybrid\budget_25\seed_1\split_fidelity.json,gametes_heterogeneity_20atts_1600_het_0_4_0_2_50_edm_2_001,gaindistill_hybrid,budget_25,seed_1,xgboost,0.3430081685750943,0.0,0.0,0.03803870000047027
split_fidelity,gametes_heterogeneity_20atts_1600_het_0_4_0_2_50_edm_2_001\gaindistill_hybrid\budget_25\seed_2\split_fidelity.json,gametes_heterogeneity_20atts_1600_het_0_4_0_2_50_edm_2_001,gaindistill_hybrid,budget_25,seed_2,xgboost,0.4278144208433291,0.0,0.0,0.03479390000029525
split_fidelity,gametes_heterogeneity_20atts_1600_het_0_4_0_2_50_edm_2_001\gaindistill_hybrid\budget_50\seed_0\split_fidelity.json,gametes_heterogeneity_20atts_1600_het_0_4_0_2_50_edm_2_001,gaindistill_hybrid,budget_50,seed_0,xgboost,0.41412494023273017,0.0,0.0,0.04092080000009446
split_fidelity,gametes_heterogeneity_20atts_1600_het_0_4_0_2_50_edm_2_001\gaindistill_hybrid\budget_50\seed_1\split_fidelity.json,gametes_heterogeneity_20atts_1600_het_0_4_0_2_50_edm_2_001,gaindistill_hybrid,budget_50,seed_1,xgboost,0.40239633582484935,0.0,0.0,0.051632700000482146
split_fidelity,gametes_heterogeneity_20atts_1600_het_0_4_0_2_50_edm_2_001\gaindistill_hybrid\budget_50\seed_2\split_fidelity.json,gametes_heterogeneity_20atts_1600_het_0_4_0_2_50_edm_2_001,gaindistill_hybrid,budget_50,seed_2,xgboost,0.39033445433238434,0.0,0.4,0.04577969999991183
split_fidelity,gametes_heterogeneity_20atts_1600_het_0_4_0_2_50_edm_2_001\gaindistill_path_hybrid\budget_10\seed_0\split_fidelity.json,gametes_heterogeneity_20atts_1600_het_0_4_0_2_50_edm_2_001,gaindistill_path_hybrid,budget_10,seed_0,xgboost,0.24281087391336423,0.0,0.2,0.02904820000003383
split_fidelity,gametes_heterogeneity_20atts_1600_het_0_4_0_2_50_edm_2_001\gaindistill_path_hybrid\budget_10\seed_1\split_fidelity.json,gametes_heterogeneity_20atts_1600_het_0_4_0_2_50_edm_2_001,gaindistill_path_hybrid,budget_10,seed_1,xgboost,0.19332177875529466,0.0,0.0,0.024529899999834015
split_fidelity,gametes_heterogeneity_20atts_1600_het_0_4_0_2_50_edm_2_001\gaindistill_path_hybrid\budget_10\seed_2\split_fidelity.json,gametes_heterogeneity_20atts_1600_het_0_4_0_2_50_edm_2_001,gaindistill_path_hybrid,budget_10,seed_2,xgboost,0.25350609355500775,0.0,0.0,0.028444700001273304
split_fidelity,gametes_heterogeneity_20atts_1600_het_0_4_0_2_50_edm_2_001\gaindistill_path_hybrid\budget_100\seed_0\split_fidelity.json,gametes_heterogeneity_20atts_1600_het_0_4_0_2_50_edm_2_001,gaindistill_path_hybrid,budget_100,seed_0,xgboost,0.5477283070559771,0.0,0.4,0.030772500000239233
split_fidelity,gametes_heterogeneity_20atts_1600_het_0_4_0_2_50_edm_2_001\gaindistill_path_hybrid\budget_100\seed_1\split_fidelity.json,gametes_heterogeneity_20atts_1600_het_0_4_0_2_50_edm_2_001,gaindistill_path_hybrid,budget_100,seed_1,xgboost,0.4565498144306333,0.0,0.4,0.03022189999865077
split_fidelity,gametes_heterogeneity_20atts_1600_het_0_4_0_2_50_edm_2_001\gaindistill_path_hybrid\budget_100\seed_2\split_fidelity.json,gametes_heterogeneity_20atts_1600_het_0_4_0_2_50_edm_2_001,gaindistill_path_hybrid,budget_100,seed_2,xgboost,0.5159821058492734,0.0,0.2,0.025346899999931338
split_fidelity,gametes_heterogeneity_20atts_1600_het_0_4_0_2_50_edm_2_001\gaindistill_path_hybrid\budget_25\seed_0\split_fidelity.json,gametes_heterogeneity_20atts_1600_het_0_4_0_2_50_edm_2_001,gaindistill_path_hybrid,budget_25,seed_0,xgboost,0.5257746662076191,0.0,0.4,0.026969299999109353
split_fidelity,gametes_heterogeneity_20atts_1600_het_0_4_0_2_50_edm_2_001\gaindistill_path_hybrid\budget_25\seed_1\split_fidelity.json,gametes_heterogeneity_20atts_1600_het_0_4_0_2_50_edm_2_001,gaindistill_path_hybrid,budget_25,seed_1,xgboost,0.42031507191591927,0.0,0.2,0.02094079999915266
split_fidelity,gametes_heterogeneity_20atts_1600_het_0_4_0_2_50_edm_2_001\gaindistill_path_hybrid\budget_25\seed_2\split_fidelity.json,gametes_heterogeneity_20atts_1600_het_0_4_0_2_50_edm_2_001,gaindistill_path_hybrid,budget_25,seed_2,xgboost,0.4511717680234907,0.0,0.2,0.02552339999965625
split_fidelity,gametes_heterogeneity_20atts_1600_het_0_4_0_2_50_edm_2_001\gaindistill_path_hybrid\budget_50\seed_0\split_fidelity.json,gametes_heterogeneity_20atts_1600_het_0_4_0_2_50_edm_2_001,gaindistill_path_hybrid,budget_50,seed_0,xgboost,0.3734408845399564,0.0,0.0,0.02757249999922351
split_fidelity,gametes_heterogeneity_20atts_1600_het_0_4_0_2_50_edm_2_001\gaindistill_path_hybrid\budget_50\seed_1\split_fidelity.json,gametes_heterogeneity_20atts_1600_het_0_4_0_2_50_edm_2_001,gaindistill_path_hybrid,budget_50,seed_1,xgboost,0.4044382603058792,0.0,0.2,0.03906289999940782
split_fidelity,gametes_heterogeneity_20atts_1600_het_0_4_0_2_50_edm_2_001\gaindistill_path_hybrid\budget_50\seed_2\split_fidelity.json,gametes_heterogeneity_20atts_1600_het_0_4_0_2_50_edm_2_001,gaindistill_path_hybrid,budget_50,seed_2,xgboost,0.33097399612965606,0.0,0.4,0.02409540000007837
split_fidelity,gametes_heterogeneity_20atts_1600_het_0_4_0_2_50_edm_2_001\gain_herding\budget_10\seed_0\split_fidelity.json,gametes_heterogeneity_20atts_1600_het_0_4_0_2_50_edm_2_001,gain_herding,budget_10,seed_0,xgboost,0.1506610035319141,0.0,0.2,0.040600300000733114
split_fidelity,gametes_heterogeneity_20atts_1600_het_0_4_0_2_50_edm_2_001\gain_herding\budget_10\seed_1\split_fidelity.json,gametes_heterogeneity_20atts_1600_het_0_4_0_2_50_edm_2_001,gain_herding,budget_10,seed_1,xgboost,0.186937361577217,0.0,0.0,0.03293590000066615
split_fidelity,gametes_heterogeneity_20atts_1600_het_0_4_0_2_50_edm_2_001\gain_herding\budget_10\seed_2\split_fidelity.json,gametes_heterogeneity_20atts_1600_het_0_4_0_2_50_edm_2_001,gain_herding,budget_10,seed_2,xgboost,0.36591051004663216,0.0,0.6,0.035323100000823615
split_fidelity,gametes_heterogeneity_20atts_1600_het_0_4_0_2_50_edm_2_001\gain_herding\budget_100\seed_0\split_fidelity.json,gametes_heterogeneity_20atts_1600_het_0_4_0_2_50_edm_2_001,gain_herding,budget_100,seed_0,xgboost,0.5177221534184594,0.0,0.4,0.03586680000080378
split_fidelity,gametes_heterogeneity_20atts_1600_het_0_4_0_2_50_edm_2_001\gain_herding\budget_100\seed_1\split_fidelity.json,gametes_heterogeneity_20atts_1600_het_0_4_0_2_50_edm_2_001,gain_herding,budget_100,seed_1,xgboost,0.570774270416751,0.0,0.2,0.03722839999863936
split_fidelity,gametes_heterogeneity_20atts_1600_het_0_4_0_2_50_edm_2_001\gain_herding\budget_100\seed_2\split_fidelity.json,gametes_heterogeneity_20atts_1600_het_0_4_0_2_50_edm_2_001,gain_herding,budget_100,seed_2,xgboost,0.4735249451611362,0.0,0.4,0.04406400000152644
split_fidelity,gametes_heterogeneity_20atts_1600_het_0_4_0_2_50_edm_2_001\gain_herding\budget_25\seed_0\split_fidelity.json,gametes_heterogeneity_20atts_1600_het_0_4_0_2_50_edm_2_001,gain_herding,budget_25,seed_0,xgboost,0.4360949519506774,0.0,0.2,0.02392659999895841
split_fidelity,gametes_heterogeneity_20atts_1600_het_0_4_0_2_50_edm_2_001\gain_herding\budget_25\seed_1\split_fidelity.json,gametes_heterogeneity_20atts_1600_het_0_4_0_2_50_edm_2_001,gain_herding,budget_25,seed_1,xgboost,0.30585417590951053,0.0,0.2,0.021783899996080436
split_fidelity,gametes_heterogeneity_20atts_1600_het_0_4_0_2_50_edm_2_001\gain_herding\budget_25\seed_2\split_fidelity.json,gametes_heterogeneity_20atts_1600_het_0_4_0_2_50_edm_2_001,gain_herding,budget_25,seed_2,xgboost,0.35461765058308997,0.0,0.2,0.023752699999022298
split_fidelity,gametes_heterogeneity_20atts_1600_het_0_4_0_2_50_edm_2_001\gain_herding\budget_50\seed_0\split_fidelity.json,gametes_heterogeneity_20atts_1600_het_0_4_0_2_50_edm_2_001,gain_herding,budget_50,seed_0,xgboost,0.42846122652446955,0.0,0.2,0.022830700007034466
split_fidelity,gametes_heterogeneity_20atts_1600_het_0_4_0_2_50_edm_2_001\gain_herding\budget_50\seed_1\split_fidelity.json,gametes_heterogeneity_20atts_1600_het_0_4_0_2_50_edm_2_001,gain_herding,budget_50,seed_1,xgboost,0.31804107654374014,0.0,0.2,0.022974599996814504
split_fidelity,gametes_heterogeneity_20atts_1600_het_0_4_0_2_50_edm_2_001\gain_herding\budget_50\seed_2\split_fidelity.json,gametes_heterogeneity_20atts_1600_het_0_4_0_2_50_edm_2_001,gain_herding,budget_50,seed_2,xgboost,0.45442152872842995,0.0,0.4,0.02383380000537727
split_fidelity,gametes_heterogeneity_20atts_1600_het_0_4_0_2_50_edm_2_001\gain_path_herding\budget_10\seed_0\split_fidelity.json,gametes_heterogeneity_20atts_1600_het_0_4_0_2_50_edm_2_001,gain_path_herding,budget_10,seed_0,xgboost,0.18662186786909413,0.0,0.0,0.016356199999790988
split_fidelity,gametes_heterogeneity_20atts_1600_het_0_4_0_2_50_edm_2_001\gain_path_herding\budget_10\seed_1\split_fidelity.json,gametes_heterogeneity_20atts_1600_het_0_4_0_2_50_edm_2_001,gain_path_herding,budget_10,seed_1,xgboost,-0.0444062647035721,0.0,0.0,0.023096799999621
split_fidelity,gametes_heterogeneity_20atts_1600_het_0_4_0_2_50_edm_2_001\gain_path_herding\budget_10\seed_2\split_fidelity.json,gametes_heterogeneity_20atts_1600_het_0_4_0_2_50_edm_2_001,gain_path_herding,budget_10,seed_2,xgboost,0.03228807158849473,0.0,0.0,0.022436699999161647
split_fidelity,gametes_heterogeneity_20atts_1600_het_0_4_0_2_50_edm_2_001\gain_path_herding\budget_100\seed_0\split_fidelity.json,gametes_heterogeneity_20atts_1600_het_0_4_0_2_50_edm_2_001,gain_path_herding,budget_100,seed_0,xgboost,0.61918626056388,1.0,0.6,0.029240800000479794
split_fidelity,gametes_heterogeneity_20atts_1600_het_0_4_0_2_50_edm_2_001\gain_path_herding\budget_100\seed_1\split_fidelity.json,gametes_heterogeneity_20atts_1600_het_0_4_0_2_50_edm_2_001,gain_path_herding,budget_100,seed_1,xgboost,0.5061991717380724,0.0,0.4,0.030540199999450124
split_fidelity,gametes_heterogeneity_20atts_1600_het_0_4_0_2_50_edm_2_001\gain_path_herding\budget_100\seed_2\split_fidelity.json,gametes_heterogeneity_20atts_1600_het_0_4_0_2_50_edm_2_001,gain_path_herding,budget_100,seed_2,xgboost,0.40013360546524884,0.0,0.2,0.03265730000020994
split_fidelity,gametes_heterogeneity_20atts_1600_het_0_4_0_2_50_edm_2_001\gain_path_herding\budget_25\seed_0\split_fidelity.json,gametes_heterogeneity_20atts_1600_het_0_4_0_2_50_edm_2_001,gain_path_herding,budget_25,seed_0,xgboost,0.4635144464665193,0.0,0.4,0.023696099990047514
split_fidelity,gametes_heterogeneity_20atts_1600_het_0_4_0_2_50_edm_2_001\gain_path_herding\budget_25\seed_1\split_fidelity.json,gametes_heterogeneity_20atts_1600_het_0_4_0_2_50_edm_2_001,gain_path_herding,budget_25,seed_1,xgboost,0.22525388158527151,0.0,0.2,0.023975600008270703
split_fidelity,gametes_heterogeneity_20atts_1600_het_0_4_0_2_50_edm_2_001\gain_path_herding\budget_25\seed_2\split_fidelity.json,gametes_heterogeneity_20atts_1600_het_0_4_0_2_50_edm_2_001,gain_path_herding,budget_25,seed_2,xgboost,0.40812862990887844,0.0,0.0,0.021530899990466423
split_fidelity,gametes_heterogeneity_20atts_1600_het_0_4_0_2_50_edm_2_001\gain_path_herding\budget_50\seed_0\split_fidelity.json,gametes_heterogeneity_20atts_1600_het_0_4_0_2_50_edm_2_001,gain_path_herding,budget_50,seed_0,xgboost,0.42512900862963277,0.0,0.4,0.02451380000275094
split_fidelity,gametes_heterogeneity_20atts_1600_het_0_4_0_2_50_edm_2_001\gain_path_herding\budget_50\seed_1\split_fidelity.json,gametes_heterogeneity_20atts_1600_het_0_4_0_2_50_edm_2_001,gain_path_herding,budget_50,seed_1,xgboost,0.2605329433125821,0.0,0.0,0.02326879999600351
split_fidelity,gametes_heterogeneity_20atts_1600_het_0_4_0_2_50_edm_2_001\gain_path_herding\budget_50\seed_2\split_fidelity.json,gametes_heterogeneity_20atts_1600_het_0_4_0_2_50_edm_2_001,gain_path_herding,budget_50,seed_2,xgboost,0.3590147406973176,0.0,0.0,0.021866399998543784
split_fidelity,gametes_heterogeneity_20atts_1600_het_0_4_0_2_50_edm_2_001\gain_path_refined\budget_25\seed_0\split_fidelity.json,gametes_heterogeneity_20atts_1600_het_0_4_0_2_50_edm_2_001,gain_path_refined,budget_25,seed_0,xgboost,0.53796110821466,0.0,0.4,0.019418299998505972
split_fidelity,gametes_heterogeneity_20atts_1600_het_0_4_0_2_50_edm_2_001\gain_path_refined\budget_25\seed_1\split_fidelity.json,gametes_heterogeneity_20atts_1600_het_0_4_0_2_50_edm_2_001,gain_path_refined,budget_25,seed_1,xgboost,0.3703975306178481,0.0,0.2,0.019122199999401346
split_fidelity,gametes_heterogeneity_20atts_1600_het_0_4_0_2_50_edm_2_001\gain_path_refined\budget_25\seed_2\split_fidelity.json,gametes_heterogeneity_20atts_1600_het_0_4_0_2_50_edm_2_001,gain_path_refined,budget_25,seed_2,xgboost,0.43937591710641916,0.0,0.2,0.021029099996667355
split_fidelity,gametes_heterogeneity_20atts_1600_het_0_4_0_2_50_edm_2_001\gain_path_refined\budget_50\seed_0\split_fidelity.json,gametes_heterogeneity_20atts_1600_het_0_4_0_2_50_edm_2_001,gain_path_refined,budget_50,seed_0,xgboost,0.23077546257729611,0.0,0.4,0.02139059999899473
split_fidelity,gametes_heterogeneity_20atts_1600_het_0_4_0_2_50_edm_2_001\gain_path_refined\budget_50\seed_1\split_fidelity.json,gametes_heterogeneity_20atts_1600_het_0_4_0_2_50_edm_2_001,gain_path_refined,budget_50,seed_1,xgboost,0.43256837881345434,0.0,0.0,0.020751000003656372
split_fidelity,gametes_heterogeneity_20atts_1600_het_0_4_0_2_50_edm_2_001\gain_path_refined\budget_50\seed_2\split_fidelity.json,gametes_heterogeneity_20atts_1600_het_0_4_0_2_50_edm_2_001,gain_path_refined,budget_50,seed_2,xgboost,0.3804530938847818,0.0,0.2,0.02259290000074543
split_fidelity,gametes_heterogeneity_20atts_1600_het_0_4_0_2_50_edm_2_001\gain_path_safeguarded\budget_25\seed_0\split_fidelity.json,gametes_heterogeneity_20atts_1600_het_0_4_0_2_50_edm_2_001,gain_path_safeguarded,budget_25,seed_0,xgboost,0.53796110821466,0.0,0.4,0.024023999998462386
split_fidelity,gametes_heterogeneity_20atts_1600_het_0_4_0_2_50_edm_2_001\gain_path_safeguarded\budget_25\seed_1\split_fidelity.json,gametes_heterogeneity_20atts_1600_het_0_4_0_2_50_edm_2_001,gain_path_safeguarded,budget_25,seed_1,xgboost,0.3703975306178481,0.0,0.2,0.02370350000273902
split_fidelity,gametes_heterogeneity_20atts_1600_het_0_4_0_2_50_edm_2_001\gain_path_safeguarded\budget_25\seed_2\split_fidelity.json,gametes_heterogeneity_20atts_1600_het_0_4_0_2_50_edm_2_001,gain_path_safeguarded,budget_25,seed_2,xgboost,0.43937591710641916,0.0,0.2,0.022843600003398024
split_fidelity,gametes_heterogeneity_20atts_1600_het_0_4_0_2_50_edm_2_001\gain_path_safeguarded\budget_50\seed_0\split_fidelity.json,gametes_heterogeneity_20atts_1600_het_0_4_0_2_50_edm_2_001,gain_path_safeguarded,budget_50,seed_0,xgboost,0.23077546257729611,0.0,0.4,0.021308099996531382
split_fidelity,gametes_heterogeneity_20atts_1600_het_0_4_0_2_50_edm_2_001\gain_path_safeguarded\budget_50\seed_1\split_fidelity.json,gametes_heterogeneity_20atts_1600_het_0_4_0_2_50_edm_2_001,gain_path_safeguarded,budget_50,seed_1,xgboost,0.43256837881345434,0.0,0.0,0.025846200005616993
split_fidelity,gametes_heterogeneity_20atts_1600_het_0_4_0_2_50_edm_2_001\gain_path_safeguarded\budget_50\seed_2\split_fidelity.json,gametes_heterogeneity_20atts_1600_het_0_4_0_2_50_edm_2_001,gain_path_safeguarded,budget_50,seed_2,xgboost,0.3804530938847818,0.0,0.2,0.025589700002456084
split_fidelity,gametes_heterogeneity_20atts_1600_het_0_4_0_2_50_edm_2_001\gain_weighted_coreset\budget_10\seed_0\split_fidelity.json,gametes_heterogeneity_20atts_1600_het_0_4_0_2_50_edm_2_001,gain_weighted_coreset,budget_10,seed_0,xgboost,0.22900308641280065,0.0,0.2,0.03915710000001127
split_fidelity,gametes_heterogeneity_20atts_1600_het_0_4_0_2_50_edm_2_001\gain_weighted_coreset\budget_10\seed_1\split_fidelity.json,gametes_heterogeneity_20atts_1600_het_0_4_0_2_50_edm_2_001,gain_weighted_coreset,budget_10,seed_1,xgboost,0.2659089422130567,0.0,0.0,0.03105880000111938
split_fidelity,gametes_heterogeneity_20atts_1600_het_0_4_0_2_50_edm_2_001\gain_weighted_coreset\budget_10\seed_2\split_fidelity.json,gametes_heterogeneity_20atts_1600_het_0_4_0_2_50_edm_2_001,gain_weighted_coreset,budget_10,seed_2,xgboost,0.13572157764616255,0.0,0.6,0.026049400001284084
split_fidelity,gametes_heterogeneity_20atts_1600_het_0_4_0_2_50_edm_2_001\gain_weighted_coreset\budget_100\seed_0\split_fidelity.json,gametes_heterogeneity_20atts_1600_het_0_4_0_2_50_edm_2_001,gain_weighted_coreset,budget_100,seed_0,xgboost,0.5211249131093119,1.0,0.6,0.04007590000037453
split_fidelity,gametes_heterogeneity_20atts_1600_het_0_4_0_2_50_edm_2_001\gain_weighted_coreset\budget_100\seed_1\split_fidelity.json,gametes_heterogeneity_20atts_1600_het_0_4_0_2_50_edm_2_001,gain_weighted_coreset,budget_100,seed_1,xgboost,0.5520590921170621,0.0,0.0,0.03835869999966235
split_fidelity,gametes_heterogeneity_20atts_1600_het_0_4_0_2_50_edm_2_001\gain_weighted_coreset\budget_100\seed_2\split_fidelity.json,gametes_heterogeneity_20atts_1600_het_0_4_0_2_50_edm_2_001,gain_weighted_coreset,budget_100,seed_2,xgboost,0.621776998055779,0.0,0.6,0.04120319999856292
split_fidelity,gametes_heterogeneity_20atts_1600_het_0_4_0_2_50_edm_2_001\gain_weighted_coreset\budget_25\seed_0\split_fidelity.json,gametes_heterogeneity_20atts_1600_het_0_4_0_2_50_edm_2_001,gain_weighted_coreset,budget_25,seed_0,xgboost,0.4226586184557349,0.0,0.2,0.04720400000041991
split_fidelity,gametes_heterogeneity_20atts_1600_het_0_4_0_2_50_edm_2_001\gain_weighted_coreset\budget_25\seed_1\split_fidelity.json,gametes_heterogeneity_20atts_1600_het_0_4_0_2_50_edm_2_001,gain_weighted_coreset,budget_25,seed_1,xgboost,0.3430081685750943,0.0,0.0,0.036806500000238884
split_fidelity,gametes_heterogeneity_20atts_1600_het_0_4_0_2_50_edm_2_001\gain_weighted_coreset\budget_25\seed_2\split_fidelity.json,gametes_heterogeneity_20atts_1600_het_0_4_0_2_50_edm_2_001,gain_weighted_coreset,budget_25,seed_2,xgboost,0.4278144208433291,0.0,0.0,0.03822730000138108
split_fidelity,gametes_heterogeneity_20atts_1600_het_0_4_0_2_50_edm_2_001\gain_weighted_coreset\budget_50\seed_0\split_fidelity.json,gametes_heterogeneity_20atts_1600_het_0_4_0_2_50_edm_2_001,gain_weighted_coreset,budget_50,seed_0,xgboost,0.41412494023273017,0.0,0.0,0.03154810000160069
split_fidelity,gametes_heterogeneity_20atts_1600_het_0_4_0_2_50_edm_2_001\gain_weighted_coreset\budget_50\seed_1\split_fidelity.json,gametes_heterogeneity_20atts_1600_het_0_4_0_2_50_edm_2_001,gain_weighted_coreset,budget_50,seed_1,xgboost,0.40239633582484935,0.0,0.0,0.04133170000022801
split_fidelity,gametes_heterogeneity_20atts_1600_het_0_4_0_2_50_edm_2_001\gain_weighted_coreset\budget_50\seed_2\split_fidelity.json,gametes_heterogeneity_20atts_1600_het_0_4_0_2_50_edm_2_001,gain_weighted_coreset,budget_50,seed_2,xgboost,0.39033445433238434,0.0,0.4,0.03300339999987045
split_fidelity,gametes_heterogeneity_20atts_1600_het_0_4_0_2_50_edm_2_001\gradient_sampling\budget_10\seed_0\split_fidelity.json,gametes_heterogeneity_20atts_1600_het_0_4_0_2_50_edm_2_001,gradient_sampling,budget_10,seed_0,xgboost,0.3924684415117681,0.0,0.0,0.0503896000000168
split_fidelity,gametes_heterogeneity_20atts_1600_het_0_4_0_2_50_edm_2_001\gradient_sampling\budget_10\seed_1\split_fidelity.json,gametes_heterogeneity_20atts_1600_het_0_4_0_2_50_edm_2_001,gradient_sampling,budget_10,seed_1,xgboost,0.36715042541264664,0.0,0.0,0.06699330000083137
split_fidelity,gametes_heterogeneity_20atts_1600_het_0_4_0_2_50_edm_2_001\gradient_sampling\budget_10\seed_2\split_fidelity.json,gametes_heterogeneity_20atts_1600_het_0_4_0_2_50_edm_2_001,gradient_sampling,budget_10,seed_2,xgboost,0.28766290469566685,0.0,0.0,0.05179320000024745
split_fidelity,gametes_heterogeneity_20atts_1600_het_0_4_0_2_50_edm_2_001\gradient_sampling\budget_100\seed_0\split_fidelity.json,gametes_heterogeneity_20atts_1600_het_0_4_0_2_50_edm_2_001,gradient_sampling,budget_100,seed_0,xgboost,0.4118001370502859,0.0,0.2,0.07346249999955035
split_fidelity,gametes_heterogeneity_20atts_1600_het_0_4_0_2_50_edm_2_001\gradient_sampling\budget_100\seed_1\split_fidelity.json,gametes_heterogeneity_20atts_1600_het_0_4_0_2_50_edm_2_001,gradient_sampling,budget_100,seed_1,xgboost,0.37444829925234885,0.0,0.2,0.09399460000076942
split_fidelity,gametes_heterogeneity_20atts_1600_het_0_4_0_2_50_edm_2_001\gradient_sampling\budget_100\seed_2\split_fidelity.json,gametes_heterogeneity_20atts_1600_het_0_4_0_2_50_edm_2_001,gradient_sampling,budget_100,seed_2,xgboost,0.5930855470260907,0.0,0.4,0.050597299999935785
split_fidelity,gametes_heterogeneity_20atts_1600_het_0_4_0_2_50_edm_2_001\gradient_sampling\budget_25\seed_0\split_fidelity.json,gametes_heterogeneity_20atts_1600_het_0_4_0_2_50_edm_2_001,gradient_sampling,budget_25,seed_0,xgboost,0.3354409347697805,0.0,0.0,0.09279210000022431
split_fidelity,gametes_heterogeneity_20atts_1600_het_0_4_0_2_50_edm_2_001\gradient_sampling\budget_25\seed_1\split_fidelity.json,gametes_heterogeneity_20atts_1600_het_0_4_0_2_50_edm_2_001,gradient_sampling,budget_25,seed_1,xgboost,0.33738800311648226,0.0,0.0,0.043582100000094215
split_fidelity,gametes_heterogeneity_20atts_1600_het_0_4_0_2_50_edm_2_001\gradient_sampling\budget_25\seed_2\split_fidelity.json,gametes_heterogeneity_20atts_1600_het_0_4_0_2_50_edm_2_001,gradient_sampling,budget_25,seed_2,xgboost,0.4209400176598701,0.0,0.2,0.07415930000024673
split_fidelity,gametes_heterogeneity_20atts_1600_het_0_4_0_2_50_edm_2_001\gradient_sampling\budget_50\seed_0\split_fidelity.json,gametes_heterogeneity_20atts_1600_het_0_4_0_2_50_edm_2_001,gradient_sampling,budget_50,seed_0,xgboost,0.4307085362674989,0.0,0.2,0.052752999999938766
split_fidelity,gametes_heterogeneity_20atts_1600_het_0_4_0_2_50_edm_2_001\gradient_sampling\budget_50\seed_1\split_fidelity.json,gametes_heterogeneity_20atts_1600_het_0_4_0_2_50_edm_2_001,gradient_sampling,budget_50,seed_1,xgboost,0.4040275148717216,0.0,0.2,0.07832280000002356
split_fidelity,gametes_heterogeneity_20atts_1600_het_0_4_0_2_50_edm_2_001\gradient_sampling\budget_50\seed_2\split_fidelity.json,gametes_heterogeneity_20atts_1600_het_0_4_0_2_50_edm_2_001,gradient_sampling,budget_50,seed_2,xgboost,0.5007626054984847,0.0,0.2,0.06902730000001611
split_fidelity,gametes_heterogeneity_20atts_1600_het_0_4_0_2_50_edm_2_001\herding\budget_10\seed_0\split_fidelity.json,gametes_heterogeneity_20atts_1600_het_0_4_0_2_50_edm_2_001,herding,budget_10,seed_0,xgboost,0.1371703170586888,0.0,0.0,0.043071299999610346
split_fidelity,gametes_heterogeneity_20atts_1600_het_0_4_0_2_50_edm_2_001\herding\budget_10\seed_1\split_fidelity.json,gametes_heterogeneity_20atts_1600_het_0_4_0_2_50_edm_2_001,herding,budget_10,seed_1,xgboost,0.18579967343762754,0.0,0.0,0.03590320000057545
split_fidelity,gametes_heterogeneity_20atts_1600_het_0_4_0_2_50_edm_2_001\herding\budget_10\seed_2\split_fidelity.json,gametes_heterogeneity_20atts_1600_het_0_4_0_2_50_edm_2_001,herding,budget_10,seed_2,xgboost,0.18551045891370865,0.0,0.0,0.04591549999986455
split_fidelity,gametes_heterogeneity_20atts_1600_het_0_4_0_2_50_edm_2_001\herding\budget_100\seed_0\split_fidelity.json,gametes_heterogeneity_20atts_1600_het_0_4_0_2_50_edm_2_001,herding,budget_100,seed_0,xgboost,0.4312889913700909,0.0,0.6,0.05261560000053578
split_fidelity,gametes_heterogeneity_20atts_1600_het_0_4_0_2_50_edm_2_001\herding\budget_100\seed_1\split_fidelity.json,gametes_heterogeneity_20atts_1600_het_0_4_0_2_50_edm_2_001,herding,budget_100,seed_1,xgboost,0.3898241918714066,0.0,0.2,0.04866570000012871
split_fidelity,gametes_heterogeneity_20atts_1600_het_0_4_0_2_50_edm_2_001\herding\budget_100\seed_2\split_fidelity.json,gametes_heterogeneity_20atts_1600_het_0_4_0_2_50_edm_2_001,herding,budget_100,seed_2,xgboost,0.33931109646693736,0.0,0.4,0.05950299999949493
split_fidelity,gametes_heterogeneity_20atts_1600_het_0_4_0_2_50_edm_2_001\herding\budget_25\seed_0\split_fidelity.json,gametes_heterogeneity_20atts_1600_het_0_4_0_2_50_edm_2_001,herding,budget_25,seed_0,xgboost,0.21520436994628422,0.0,0.2,0.024181600005249493
split_fidelity,gametes_heterogeneity_20atts_1600_het_0_4_0_2_50_edm_2_001\herding\budget_25\seed_1\split_fidelity.json,gametes_heterogeneity_20atts_1600_het_0_4_0_2_50_edm_2_001,herding,budget_25,seed_1,xgboost,0.11125690358453988,0.0,0.0,0.02347620000364259
split_fidelity,gametes_heterogeneity_20atts_1600_het_0_4_0_2_50_edm_2_001\herding\budget_25\seed_2\split_fidelity.json,gametes_heterogeneity_20atts_1600_het_0_4_0_2_50_edm_2_001,herding,budget_25,seed_2,xgboost,0.20656227289833812,0.0,0.2,0.02271900000050664
split_fidelity,gametes_heterogeneity_20atts_1600_het_0_4_0_2_50_edm_2_001\herding\budget_50\seed_0\split_fidelity.json,gametes_heterogeneity_20atts_1600_het_0_4_0_2_50_edm_2_001,herding,budget_50,seed_0,xgboost,0.31549182237427964,0.0,0.2,0.025705399995786138
split_fidelity,gametes_heterogeneity_20atts_1600_het_0_4_0_2_50_edm_2_001\herding\budget_50\seed_1\split_fidelity.json,gametes_heterogeneity_20atts_1600_het_0_4_0_2_50_edm_2_001,herding,budget_50,seed_1,xgboost,0.2281899243908569,0.0,0.0,0.022662300005322322
split_fidelity,gametes_heterogeneity_20atts_1600_het_0_4_0_2_50_edm_2_001\herding\budget_50\seed_2\split_fidelity.json,gametes_heterogeneity_20atts_1600_het_0_4_0_2_50_edm_2_001,herding,budget_50,seed_2,xgboost,0.2648184172376495,0.0,0.2,0.02607690000149887
split_fidelity,gametes_heterogeneity_20atts_1600_het_0_4_0_2_50_edm_2_001\k_center\budget_10\seed_0\split_fidelity.json,gametes_heterogeneity_20atts_1600_het_0_4_0_2_50_edm_2_001,k_center,budget_10,seed_0,xgboost,0.6052425123288829,0.0,0.2,0.0658597000001464
split_fidelity,gametes_heterogeneity_20atts_1600_het_0_4_0_2_50_edm_2_001\k_center\budget_10\seed_1\split_fidelity.json,gametes_heterogeneity_20atts_1600_het_0_4_0_2_50_edm_2_001,k_center,budget_10,seed_1,xgboost,0.31340190107226923,0.0,0.0,0.041567700000086916
split_fidelity,gametes_heterogeneity_20atts_1600_het_0_4_0_2_50_edm_2_001\k_center\budget_10\seed_2\split_fidelity.json,gametes_heterogeneity_20atts_1600_het_0_4_0_2_50_edm_2_001,k_center,budget_10,seed_2,xgboost,0.4116565871456358,0.0,0.2,0.060715800000252784
split_fidelity,gametes_heterogeneity_20atts_1600_het_0_4_0_2_50_edm_2_001\k_center\budget_100\seed_0\split_fidelity.json,gametes_heterogeneity_20atts_1600_het_0_4_0_2_50_edm_2_001,k_center,budget_100,seed_0,xgboost,0.5912279349418023,0.0,0.2,0.05217160000029253
split_fidelity,gametes_heterogeneity_20atts_1600_het_0_4_0_2_50_edm_2_001\k_center\budget_100\seed_1\split_fidelity.json,gametes_heterogeneity_20atts_1600_het_0_4_0_2_50_edm_2_001,k_center,budget_100,seed_1,xgboost,0.6406382486703154,0.0,0.6,0.05243900000004942
split_fidelity,gametes_heterogeneity_20atts_1600_het_0_4_0_2_50_edm_2_001\k_center\budget_100\seed_2\split_fidelity.json,gametes_heterogeneity_20atts_1600_het_0_4_0_2_50_edm_2_001,k_center,budget_100,seed_2,xgboost,0.5613967470901103,0.0,0.2,0.04893589999937831
split_fidelity,gametes_heterogeneity_20atts_1600_het_0_4_0_2_50_edm_2_001\k_center\budget_25\seed_0\split_fidelity.json,gametes_heterogeneity_20atts_1600_het_0_4_0_2_50_edm_2_001,k_center,budget_25,seed_0,xgboost,0.327988900023125,0.0,0.2,0.060366000000612985
split_fidelity,gametes_heterogeneity_20atts_1600_het_0_4_0_2_50_edm_2_001\k_center\budget_25\seed_1\split_fidelity.json,gametes_heterogeneity_20atts_1600_het_0_4_0_2_50_edm_2_001,k_center,budget_25,seed_1,xgboost,0.41587262932598107,0.0,0.2,0.05770759999995789
split_fidelity,gametes_heterogeneity_20atts_1600_het_0_4_0_2_50_edm_2_001\k_center\budget_25\seed_2\split_fidelity.json,gametes_heterogeneity_20atts_1600_het_0_4_0_2_50_edm_2_001,k_center,budget_25,seed_2,xgboost,0.4769135897633547,0.0,0.0,0.042346100000031583
split_fidelity,gametes_heterogeneity_20atts_1600_het_0_4_0_2_50_edm_2_001\k_center\budget_50\seed_0\split_fidelity.json,gametes_heterogeneity_20atts_1600_het_0_4_0_2_50_edm_2_001,k_center,budget_50,seed_0,xgboost,0.5982425036614509,0.0,0.2,0.045563000000584
split_fidelity,gametes_heterogeneity_20atts_1600_het_0_4_0_2_50_edm_2_001\k_center\budget_50\seed_1\split_fidelity.json,gametes_heterogeneity_20atts_1600_het_0_4_0_2_50_edm_2_001,k_center,budget_50,seed_1,xgboost,0.44307407692900647,0.0,0.2,0.04366840000056982
split_fidelity,gametes_heterogeneity_20atts_1600_het_0_4_0_2_50_edm_2_001\k_center\budget_50\seed_2\split_fidelity.json,gametes_heterogeneity_20atts_1600_het_0_4_0_2_50_edm_2_001,k_center,budget_50,seed_2,xgboost,0.5795883758575504,0.0,0.2,0.040495199999895704
split_fidelity,gametes_heterogeneity_20atts_1600_het_0_4_0_2_50_edm_2_001\random\budget_10\seed_0\split_fidelity.json,gametes_heterogeneity_20atts_1600_het_0_4_0_2_50_edm_2_001,random,budget_10,seed_0,xgboost,0.32375829393591854,0.0,0.2,0.040253999999549706
split_fidelity,gametes_heterogeneity_20atts_1600_het_0_4_0_2_50_edm_2_001\random\budget_10\seed_1\split_fidelity.json,gametes_heterogeneity_20atts_1600_het_0_4_0_2_50_edm_2_001,random,budget_10,seed_1,xgboost,0.42408992762405007,0.0,0.0,0.03357120000055147
split_fidelity,gametes_heterogeneity_20atts_1600_het_0_4_0_2_50_edm_2_001\random\budget_10\seed_2\split_fidelity.json,gametes_heterogeneity_20atts_1600_het_0_4_0_2_50_edm_2_001,random,budget_10,seed_2,xgboost,0.3660355682958331,0.0,0.0,0.050637299999834795
split_fidelity,gametes_heterogeneity_20atts_1600_het_0_4_0_2_50_edm_2_001\random\budget_100\seed_0\split_fidelity.json,gametes_heterogeneity_20atts_1600_het_0_4_0_2_50_edm_2_001,random,budget_100,seed_0,xgboost,0.5521364275645814,0.0,0.6,0.06446359999972628
split_fidelity,gametes_heterogeneity_20atts_1600_het_0_4_0_2_50_edm_2_001\random\budget_100\seed_1\split_fidelity.json,gametes_heterogeneity_20atts_1600_het_0_4_0_2_50_edm_2_001,random,budget_100,seed_1,xgboost,0.5413868003593884,0.0,0.6,0.055961699999897974
split_fidelity,gametes_heterogeneity_20atts_1600_het_0_4_0_2_50_edm_2_001\random\budget_100\seed_2\split_fidelity.json,gametes_heterogeneity_20atts_1600_het_0_4_0_2_50_edm_2_001,random,budget_100,seed_2,xgboost,0.48309410131190866,0.0,0.2,0.09183789999951841
split_fidelity,gametes_heterogeneity_20atts_1600_het_0_4_0_2_50_edm_2_001\random\budget_25\seed_0\split_fidelity.json,gametes_heterogeneity_20atts_1600_het_0_4_0_2_50_edm_2_001,random,budget_25,seed_0,xgboost,0.2621926129865417,0.0,0.0,0.021963099992717616
split_fidelity,gametes_heterogeneity_20atts_1600_het_0_4_0_2_50_edm_2_001\random\budget_25\seed_1\split_fidelity.json,gametes_heterogeneity_20atts_1600_het_0_4_0_2_50_edm_2_001,random,budget_25,seed_1,xgboost,0.34159367074535807,0.0,0.0,0.020728999996208586
split_fidelity,gametes_heterogeneity_20atts_1600_het_0_4_0_2_50_edm_2_001\random\budget_25\seed_2\split_fidelity.json,gametes_heterogeneity_20atts_1600_het_0_4_0_2_50_edm_2_001,random,budget_25,seed_2,xgboost,0.3416500263961106,0.0,0.2,0.02061949999188073
split_fidelity,gametes_heterogeneity_20atts_1600_het_0_4_0_2_50_edm_2_001\random\budget_50\seed_0\split_fidelity.json,gametes_heterogeneity_20atts_1600_het_0_4_0_2_50_edm_2_001,random,budget_50,seed_0,xgboost,0.49828281543721087,0.0,0.4,0.020109399993089028
split_fidelity,gametes_heterogeneity_20atts_1600_het_0_4_0_2_50_edm_2_001\random\budget_50\seed_1\split_fidelity.json,gametes_heterogeneity_20atts_1600_het_0_4_0_2_50_edm_2_001,random,budget_50,seed_1,xgboost,0.5367195613869554,0.0,0.0,0.019741199997952208
split_fidelity,gametes_heterogeneity_20atts_1600_het_0_4_0_2_50_edm_2_001\random\budget_50\seed_2\split_fidelity.json,gametes_heterogeneity_20atts_1600_het_0_4_0_2_50_edm_2_001,random,budget_50,seed_2,xgboost,0.4348156885564837,0.0,0.2,0.018413600002531894
split_fidelity,gametes_heterogeneity_20atts_1600_het_0_4_0_2_50_edm_2_001\tree_region\budget_10\seed_0\split_fidelity.json,gametes_heterogeneity_20atts_1600_het_0_4_0_2_50_edm_2_001,tree_region,budget_10,seed_0,xgboost,0.3924684415117681,0.0,0.0,0.03735010000036709
split_fidelity,gametes_heterogeneity_20atts_1600_het_0_4_0_2_50_edm_2_001\tree_region\budget_10\seed_1\split_fidelity.json,gametes_heterogeneity_20atts_1600_het_0_4_0_2_50_edm_2_001,tree_region,budget_10,seed_1,xgboost,0.36715042541264664,0.0,0.0,0.07145680000030552
split_fidelity,gametes_heterogeneity_20atts_1600_het_0_4_0_2_50_edm_2_001\tree_region\budget_10\seed_2\split_fidelity.json,gametes_heterogeneity_20atts_1600_het_0_4_0_2_50_edm_2_001,tree_region,budget_10,seed_2,xgboost,0.28766290469566685,0.0,0.0,0.04638929999964603
split_fidelity,gametes_heterogeneity_20atts_1600_het_0_4_0_2_50_edm_2_001\tree_region\budget_100\seed_0\split_fidelity.json,gametes_heterogeneity_20atts_1600_het_0_4_0_2_50_edm_2_001,tree_region,budget_100,seed_0,xgboost,0.4118001370502859,0.0,0.2,0.10344979999990755
split_fidelity,gametes_heterogeneity_20atts_1600_het_0_4_0_2_50_edm_2_001\tree_region\budget_100\seed_1\split_fidelity.json,gametes_heterogeneity_20atts_1600_het_0_4_0_2_50_edm_2_001,tree_region,budget_100,seed_1,xgboost,0.37444829925234885,0.0,0.2,0.04572009999992588
split_fidelity,gametes_heterogeneity_20atts_1600_het_0_4_0_2_50_edm_2_001\tree_region\budget_100\seed_2\split_fidelity.json,gametes_heterogeneity_20atts_1600_het_0_4_0_2_50_edm_2_001,tree_region,budget_100,seed_2,xgboost,0.5930855470260907,0.0,0.4,0.0807267000000138
split_fidelity,gametes_heterogeneity_20atts_1600_het_0_4_0_2_50_edm_2_001\tree_region\budget_25\seed_0\split_fidelity.json,gametes_heterogeneity_20atts_1600_het_0_4_0_2_50_edm_2_001,tree_region,budget_25,seed_0,xgboost,0.3354409347697805,0.0,0.0,0.08607490000031248
split_fidelity,gametes_heterogeneity_20atts_1600_het_0_4_0_2_50_edm_2_001\tree_region\budget_25\seed_1\split_fidelity.json,gametes_heterogeneity_20atts_1600_het_0_4_0_2_50_edm_2_001,tree_region,budget_25,seed_1,xgboost,0.33738800311648226,0.0,0.0,0.11521880000054807
split_fidelity,gametes_heterogeneity_20atts_1600_het_0_4_0_2_50_edm_2_001\tree_region\budget_25\seed_2\split_fidelity.json,gametes_heterogeneity_20atts_1600_het_0_4_0_2_50_edm_2_001,tree_region,budget_25,seed_2,xgboost,0.4209400176598701,0.0,0.2,0.07354180000038468
split_fidelity,gametes_heterogeneity_20atts_1600_het_0_4_0_2_50_edm_2_001\tree_region\budget_50\seed_0\split_fidelity.json,gametes_heterogeneity_20atts_1600_het_0_4_0_2_50_edm_2_001,tree_region,budget_50,seed_0,xgboost,0.4307085362674989,0.0,0.2,0.06284040000082314
split_fidelity,gametes_heterogeneity_20atts_1600_het_0_4_0_2_50_edm_2_001\tree_region\budget_50\seed_1\split_fidelity.json,gametes_heterogeneity_20atts_1600_het_0_4_0_2_50_edm_2_001,tree_region,budget_50,seed_1,xgboost,0.4040275148717216,0.0,0.2,0.07535030000053666
split_fidelity,gametes_heterogeneity_20atts_1600_het_0_4_0_2_50_edm_2_001\tree_region\budget_50\seed_2\split_fidelity.json,gametes_heterogeneity_20atts_1600_het_0_4_0_2_50_edm_2_001,tree_region,budget_50,seed_2,xgboost,0.5007626054984847,0.0,0.2,0.06060489999981655
split_fidelity,gametes_heterogeneity_20atts_1600_het_0_4_0_2_75_edm_2_001\distribution_matching\budget_10\seed_0\split_fidelity.json,gametes_heterogeneity_20atts_1600_het_0_4_0_2_75_edm_2_001,distribution_matching,budget_10,seed_0,xgboost,0.36039157202932176,0.0,0.0,0.03142339999976684
split_fidelity,gametes_heterogeneity_20atts_1600_het_0_4_0_2_75_edm_2_001\distribution_matching\budget_10\seed_1\split_fidelity.json,gametes_heterogeneity_20atts_1600_het_0_4_0_2_75_edm_2_001,distribution_matching,budget_10,seed_1,xgboost,0.2908569624945795,0.0,0.0,0.05949010000040289
split_fidelity,gametes_heterogeneity_20atts_1600_het_0_4_0_2_75_edm_2_001\distribution_matching\budget_10\seed_2\split_fidelity.json,gametes_heterogeneity_20atts_1600_het_0_4_0_2_75_edm_2_001,distribution_matching,budget_10,seed_2,xgboost,0.38439335841926775,0.0,0.2,0.05845560000034311
split_fidelity,gametes_heterogeneity_20atts_1600_het_0_4_0_2_75_edm_2_001\distribution_matching\budget_100\seed_0\split_fidelity.json,gametes_heterogeneity_20atts_1600_het_0_4_0_2_75_edm_2_001,distribution_matching,budget_100,seed_0,xgboost,0.6022846760818336,1.0,0.4,0.06591019999996206
split_fidelity,gametes_heterogeneity_20atts_1600_het_0_4_0_2_75_edm_2_001\distribution_matching\budget_100\seed_1\split_fidelity.json,gametes_heterogeneity_20atts_1600_het_0_4_0_2_75_edm_2_001,distribution_matching,budget_100,seed_1,xgboost,0.47266410146448,0.0,0.0,0.038846100000228034
split_fidelity,gametes_heterogeneity_20atts_1600_het_0_4_0_2_75_edm_2_001\distribution_matching\budget_100\seed_2\split_fidelity.json,gametes_heterogeneity_20atts_1600_het_0_4_0_2_75_edm_2_001,distribution_matching,budget_100,seed_2,xgboost,0.5978028028082983,0.0,0.2,0.037465899999915564
split_fidelity,gametes_heterogeneity_20atts_1600_het_0_4_0_2_75_edm_2_001\distribution_matching\budget_25\seed_0\split_fidelity.json,gametes_heterogeneity_20atts_1600_het_0_4_0_2_75_edm_2_001,distribution_matching,budget_25,seed_0,xgboost,0.3796357650747814,0.0,0.4,0.028400299999702838
split_fidelity,gametes_heterogeneity_20atts_1600_het_0_4_0_2_75_edm_2_001\distribution_matching\budget_25\seed_1\split_fidelity.json,gametes_heterogeneity_20atts_1600_het_0_4_0_2_75_edm_2_001,distribution_matching,budget_25,seed_1,xgboost,0.430831905395925,0.0,0.0,0.03287540000019362
split_fidelity,gametes_heterogeneity_20atts_1600_het_0_4_0_2_75_edm_2_001\distribution_matching\budget_25\seed_2\split_fidelity.json,gametes_heterogeneity_20atts_1600_het_0_4_0_2_75_edm_2_001,distribution_matching,budget_25,seed_2,xgboost,0.3455789488511483,0.0,0.2,0.03088729999944917
split_fidelity,gametes_heterogeneity_20atts_1600_het_0_4_0_2_75_edm_2_001\distribution_matching\budget_50\seed_0\split_fidelity.json,gametes_heterogeneity_20atts_1600_het_0_4_0_2_75_edm_2_001,distribution_matching,budget_50,seed_0,xgboost,0.511189117084691,0.0,0.0,0.037555300000349234
split_fidelity,gametes_heterogeneity_20atts_1600_het_0_4_0_2_75_edm_2_001\distribution_matching\budget_50\seed_1\split_fidelity.json,gametes_heterogeneity_20atts_1600_het_0_4_0_2_75_edm_2_001,distribution_matching,budget_50,seed_1,xgboost,0.49183915115150634,0.0,0.0,0.026416400000016438
split_fidelity,gametes_heterogeneity_20atts_1600_het_0_4_0_2_75_edm_2_001\distribution_matching\budget_50\seed_2\split_fidelity.json,gametes_heterogeneity_20atts_1600_het_0_4_0_2_75_edm_2_001,distribution_matching,budget_50,seed_2,xgboost,0.5770635260058559,0.0,0.2,0.025071099999877333
split_fidelity,gametes_heterogeneity_20atts_1600_het_0_4_0_2_75_edm_2_001\full_data\budget_10\seed_0\split_fidelity.json,gametes_heterogeneity_20atts_1600_het_0_4_0_2_75_edm_2_001,full_data,budget_10,seed_0,xgboost,1.0,1.0,1.0,0.05106849999992846
split_fidelity,gametes_heterogeneity_20atts_1600_het_0_4_0_2_75_edm_2_001\full_data\budget_10\seed_1\split_fidelity.json,gametes_heterogeneity_20atts_1600_het_0_4_0_2_75_edm_2_001,full_data,budget_10,seed_1,xgboost,0.7583314142843044,1.0,0.4,0.047286199999689416
split_fidelity,gametes_heterogeneity_20atts_1600_het_0_4_0_2_75_edm_2_001\full_data\budget_10\seed_2\split_fidelity.json,gametes_heterogeneity_20atts_1600_het_0_4_0_2_75_edm_2_001,full_data,budget_10,seed_2,xgboost,0.8405105767016481,1.0,0.6,0.053375899999991816
split_fidelity,gametes_heterogeneity_20atts_1600_het_0_4_0_2_75_edm_2_001\full_data\budget_100\seed_0\split_fidelity.json,gametes_heterogeneity_20atts_1600_het_0_4_0_2_75_edm_2_001,full_data,budget_100,seed_0,xgboost,1.0,1.0,1.0,0.049495000000206346
split_fidelity,gametes_heterogeneity_20atts_1600_het_0_4_0_2_75_edm_2_001\full_data\budget_100\seed_1\split_fidelity.json,gametes_heterogeneity_20atts_1600_het_0_4_0_2_75_edm_2_001,full_data,budget_100,seed_1,xgboost,0.7583314142843044,1.0,0.4,0.045856699999603734
split_fidelity,gametes_heterogeneity_20atts_1600_het_0_4_0_2_75_edm_2_001\full_data\budget_100\seed_2\split_fidelity.json,gametes_heterogeneity_20atts_1600_het_0_4_0_2_75_edm_2_001,full_data,budget_100,seed_2,xgboost,0.8405105767016481,1.0,0.6,0.04987230000006093
split_fidelity,gametes_heterogeneity_20atts_1600_het_0_4_0_2_75_edm_2_001\full_data\budget_25\seed_0\split_fidelity.json,gametes_heterogeneity_20atts_1600_het_0_4_0_2_75_edm_2_001,full_data,budget_25,seed_0,xgboost,1.0,1.0,1.0,0.047709600000416685
split_fidelity,gametes_heterogeneity_20atts_1600_het_0_4_0_2_75_edm_2_001\full_data\budget_25\seed_1\split_fidelity.json,gametes_heterogeneity_20atts_1600_het_0_4_0_2_75_edm_2_001,full_data,budget_25,seed_1,xgboost,0.7583314142843044,1.0,0.4,0.07126009999956295
split_fidelity,gametes_heterogeneity_20atts_1600_het_0_4_0_2_75_edm_2_001\full_data\budget_25\seed_2\split_fidelity.json,gametes_heterogeneity_20atts_1600_het_0_4_0_2_75_edm_2_001,full_data,budget_25,seed_2,xgboost,0.8405105767016481,1.0,0.6,0.07760130000042409
split_fidelity,gametes_heterogeneity_20atts_1600_het_0_4_0_2_75_edm_2_001\full_data\budget_50\seed_0\split_fidelity.json,gametes_heterogeneity_20atts_1600_het_0_4_0_2_75_edm_2_001,full_data,budget_50,seed_0,xgboost,1.0,1.0,1.0,0.0672048000005816
split_fidelity,gametes_heterogeneity_20atts_1600_het_0_4_0_2_75_edm_2_001\full_data\budget_50\seed_1\split_fidelity.json,gametes_heterogeneity_20atts_1600_het_0_4_0_2_75_edm_2_001,full_data,budget_50,seed_1,xgboost,0.7583314142843044,1.0,0.4,0.07946869999977935
split_fidelity,gametes_heterogeneity_20atts_1600_het_0_4_0_2_75_edm_2_001\full_data\budget_50\seed_2\split_fidelity.json,gametes_heterogeneity_20atts_1600_het_0_4_0_2_75_edm_2_001,full_data,budget_50,seed_2,xgboost,0.8405105767016481,1.0,0.6,0.06654030000026978
split_fidelity,gametes_heterogeneity_20atts_1600_het_0_4_0_2_75_edm_2_001\gaindistill\budget_10\seed_0\split_fidelity.json,gametes_heterogeneity_20atts_1600_het_0_4_0_2_75_edm_2_001,gaindistill,budget_10,seed_0,xgboost,0.19316335494909231,0.0,0.2,0.0258401999999478
split_fidelity,gametes_heterogeneity_20atts_1600_het_0_4_0_2_75_edm_2_001\gaindistill\budget_10\seed_1\split_fidelity.json,gametes_heterogeneity_20atts_1600_het_0_4_0_2_75_edm_2_001,gaindistill,budget_10,seed_1,xgboost,0.2778824382813945,0.0,0.2,0.02774810000028083
split_fidelity,gametes_heterogeneity_20atts_1600_het_0_4_0_2_75_edm_2_001\gaindistill\budget_10\seed_2\split_fidelity.json,gametes_heterogeneity_20atts_1600_het_0_4_0_2_75_edm_2_001,gaindistill,budget_10,seed_2,xgboost,0.2826224969435868,0.0,0.2,0.02866569999969215
split_fidelity,gametes_heterogeneity_20atts_1600_het_0_4_0_2_75_edm_2_001\gaindistill\budget_100\seed_0\split_fidelity.json,gametes_heterogeneity_20atts_1600_het_0_4_0_2_75_edm_2_001,gaindistill,budget_100,seed_0,xgboost,0.13319204355695485,0.0,0.2,0.03449680000085209
split_fidelity,gametes_heterogeneity_20atts_1600_het_0_4_0_2_75_edm_2_001\gaindistill\budget_100\seed_1\split_fidelity.json,gametes_heterogeneity_20atts_1600_het_0_4_0_2_75_edm_2_001,gaindistill,budget_100,seed_1,xgboost,0.35609209604915104,1.0,0.2,0.025132099999609636
split_fidelity,gametes_heterogeneity_20atts_1600_het_0_4_0_2_75_edm_2_001\gaindistill\budget_100\seed_2\split_fidelity.json,gametes_heterogeneity_20atts_1600_het_0_4_0_2_75_edm_2_001,gaindistill,budget_100,seed_2,xgboost,0.15316908712841532,0.0,0.2,0.025869699999930162
split_fidelity,gametes_heterogeneity_20atts_1600_het_0_4_0_2_75_edm_2_001\gaindistill\budget_25\seed_0\split_fidelity.json,gametes_heterogeneity_20atts_1600_het_0_4_0_2_75_edm_2_001,gaindistill,budget_25,seed_0,xgboost,0.18449108850360652,0.0,0.2,0.024181299999327166
split_fidelity,gametes_heterogeneity_20atts_1600_het_0_4_0_2_75_edm_2_001\gaindistill\budget_25\seed_1\split_fidelity.json,gametes_heterogeneity_20atts_1600_het_0_4_0_2_75_edm_2_001,gaindistill,budget_25,seed_1,xgboost,0.32341219840039703,0.0,0.2,0.022137400000247
split_fidelity,gametes_heterogeneity_20atts_1600_het_0_4_0_2_75_edm_2_001\gaindistill\budget_25\seed_2\split_fidelity.json,gametes_heterogeneity_20atts_1600_het_0_4_0_2_75_edm_2_001,gaindistill,budget_25,seed_2,xgboost,0.25054599751019646,0.0,0.2,0.018691000000217173
split_fidelity,gametes_heterogeneity_20atts_1600_het_0_4_0_2_75_edm_2_001\gaindistill\budget_50\seed_0\split_fidelity.json,gametes_heterogeneity_20atts_1600_het_0_4_0_2_75_edm_2_001,gaindistill,budget_50,seed_0,xgboost,0.2634907819024526,0.0,0.2,0.032163199999558856
split_fidelity,gametes_heterogeneity_20atts_1600_het_0_4_0_2_75_edm_2_001\gaindistill\budget_50\seed_1\split_fidelity.json,gametes_heterogeneity_20atts_1600_het_0_4_0_2_75_edm_2_001,gaindistill,budget_50,seed_1,xgboost,0.27900656712730887,0.0,0.2,0.030132200000480225
split_fidelity,gametes_heterogeneity_20atts_1600_het_0_4_0_2_75_edm_2_001\gaindistill\budget_50\seed_2\split_fidelity.json,gametes_heterogeneity_20atts_1600_het_0_4_0_2_75_edm_2_001,gaindistill,budget_50,seed_2,xgboost,0.24296834956878655,0.0,0.2,0.027544100000341132
split_fidelity,gametes_heterogeneity_20atts_1600_het_0_4_0_2_75_edm_2_001\gaindistill_hybrid\budget_10\seed_0\split_fidelity.json,gametes_heterogeneity_20atts_1600_het_0_4_0_2_75_edm_2_001,gaindistill_hybrid,budget_10,seed_0,xgboost,0.18993110723743603,0.0,0.0,0.04094310000073165
split_fidelity,gametes_heterogeneity_20atts_1600_het_0_4_0_2_75_edm_2_001\gaindistill_hybrid\budget_10\seed_1\split_fidelity.json,gametes_heterogeneity_20atts_1600_het_0_4_0_2_75_edm_2_001,gaindistill_hybrid,budget_10,seed_1,xgboost,0.2703890716638345,0.0,0.0,0.049622000000454136
split_fidelity,gametes_heterogeneity_20atts_1600_het_0_4_0_2_75_edm_2_001\gaindistill_hybrid\budget_10\seed_2\split_fidelity.json,gametes_heterogeneity_20atts_1600_het_0_4_0_2_75_edm_2_001,gaindistill_hybrid,budget_10,seed_2,xgboost,0.26513416037708154,0.0,0.0,0.0390650999997888
split_fidelity,gametes_heterogeneity_20atts_1600_het_0_4_0_2_75_edm_2_001\gaindistill_hybrid\budget_100\seed_0\split_fidelity.json,gametes_heterogeneity_20atts_1600_het_0_4_0_2_75_edm_2_001,gaindistill_hybrid,budget_100,seed_0,xgboost,0.7471460999440733,0.0,0.6,0.04701489999933983
split_fidelity,gametes_heterogeneity_20atts_1600_het_0_4_0_2_75_edm_2_001\gaindistill_hybrid\budget_100\seed_1\split_fidelity.json,gametes_heterogeneity_20atts_1600_het_0_4_0_2_75_edm_2_001,gaindistill_hybrid,budget_100,seed_1,xgboost,0.6346349968746915,1.0,0.8,0.04922359999909531
split_fidelity,gametes_heterogeneity_20atts_1600_het_0_4_0_2_75_edm_2_001\gaindistill_hybrid\budget_100\seed_2\split_fidelity.json,gametes_heterogeneity_20atts_1600_het_0_4_0_2_75_edm_2_001,gaindistill_hybrid,budget_100,seed_2,xgboost,0.5512057110899101,0.0,0.4,0.04017339999882097
split_fidelity,gametes_heterogeneity_20atts_1600_het_0_4_0_2_75_edm_2_001\gaindistill_hybrid\budget_25\seed_0\split_fidelity.json,gametes_heterogeneity_20atts_1600_het_0_4_0_2_75_edm_2_001,gaindistill_hybrid,budget_25,seed_0,xgboost,0.3949568258561199,0.0,0.2,0.03211929999997665
split_fidelity,gametes_heterogeneity_20atts_1600_het_0_4_0_2_75_edm_2_001\gaindistill_hybrid\budget_25\seed_1\split_fidelity.json,gametes_heterogeneity_20atts_1600_het_0_4_0_2_75_edm_2_001,gaindistill_hybrid,budget_25,seed_1,xgboost,0.27844409746800725,0.0,0.0,0.04747529999986
split_fidelity,gametes_heterogeneity_20atts_1600_het_0_4_0_2_75_edm_2_001\gaindistill_hybrid\budget_25\seed_2\split_fidelity.json,gametes_heterogeneity_20atts_1600_het_0_4_0_2_75_edm_2_001,gaindistill_hybrid,budget_25,seed_2,xgboost,0.31650122089458066,0.0,0.0,0.043192099999942
split_fidelity,gametes_heterogeneity_20atts_1600_het_0_4_0_2_75_edm_2_001\gaindistill_hybrid\budget_50\seed_0\split_fidelity.json,gametes_heterogeneity_20atts_1600_het_0_4_0_2_75_edm_2_001,gaindistill_hybrid,budget_50,seed_0,xgboost,0.3659322909070825,0.0,0.0,0.047529899999062764
split_fidelity,gametes_heterogeneity_20atts_1600_het_0_4_0_2_75_edm_2_001\gaindistill_hybrid\budget_50\seed_1\split_fidelity.json,gametes_heterogeneity_20atts_1600_het_0_4_0_2_75_edm_2_001,gaindistill_hybrid,budget_50,seed_1,xgboost,0.4728626720154384,0.0,0.0,0.035289400000692694
split_fidelity,gametes_heterogeneity_20atts_1600_het_0_4_0_2_75_edm_2_001\gaindistill_hybrid\budget_50\seed_2\split_fidelity.json,gametes_heterogeneity_20atts_1600_het_0_4_0_2_75_edm_2_001,gaindistill_hybrid,budget_50,seed_2,xgboost,0.3760926235150785,0.0,0.0,0.04329189999953087
split_fidelity,gametes_heterogeneity_20atts_1600_het_0_4_0_2_75_edm_2_001\gaindistill_path_hybrid\budget_10\seed_0\split_fidelity.json,gametes_heterogeneity_20atts_1600_het_0_4_0_2_75_edm_2_001,gaindistill_path_hybrid,budget_10,seed_0,xgboost,0.2875101861182847,0.0,0.0,0.025684300000648363
split_fidelity,gametes_heterogeneity_20atts_1600_het_0_4_0_2_75_edm_2_001\gaindistill_path_hybrid\budget_10\seed_1\split_fidelity.json,gametes_heterogeneity_20atts_1600_het_0_4_0_2_75_edm_2_001,gaindistill_path_hybrid,budget_10,seed_1,xgboost,0.2501983685870814,0.0,0.0,0.024931099998866557
split_fidelity,gametes_heterogeneity_20atts_1600_het_0_4_0_2_75_edm_2_001\gaindistill_path_hybrid\budget_10\seed_2\split_fidelity.json,gametes_heterogeneity_20atts_1600_het_0_4_0_2_75_edm_2_001,gaindistill_path_hybrid,budget_10,seed_2,xgboost,0.205993224726977,0.0,0.2,0.025366300000314368
split_fidelity,gametes_heterogeneity_20atts_1600_het_0_4_0_2_75_edm_2_001\gaindistill_path_hybrid\budget_100\seed_0\split_fidelity.json,gametes_heterogeneity_20atts_1600_het_0_4_0_2_75_edm_2_001,gaindistill_path_hybrid,budget_100,seed_0,xgboost,0.7737276704937988,0.0,0.4,0.030543000000761822
split_fidelity,gametes_heterogeneity_20atts_1600_het_0_4_0_2_75_edm_2_001\gaindistill_path_hybrid\budget_100\seed_1\split_fidelity.json,gametes_heterogeneity_20atts_1600_het_0_4_0_2_75_edm_2_001,gaindistill_path_hybrid,budget_100,seed_1,xgboost,0.5614040859295324,0.0,0.6,0.03370379999978468
split_fidelity,gametes_heterogeneity_20atts_1600_het_0_4_0_2_75_edm_2_001\gaindistill_path_hybrid\budget_100\seed_2\split_fidelity.json,gametes_heterogeneity_20atts_1600_het_0_4_0_2_75_edm_2_001,gaindistill_path_hybrid,budget_100,seed_2,xgboost,0.5533769779912492,1.0,0.4,0.03324880000036501
split_fidelity,gametes_heterogeneity_20atts_1600_het_0_4_0_2_75_edm_2_001\gaindistill_path_hybrid\budget_25\seed_0\split_fidelity.json,gametes_heterogeneity_20atts_1600_het_0_4_0_2_75_edm_2_001,gaindistill_path_hybrid,budget_25,seed_0,xgboost,0.5164753123435416,0.0,0.0,0.04389160000027914
split_fidelity,gametes_heterogeneity_20atts_1600_het_0_4_0_2_75_edm_2_001\gaindistill_path_hybrid\budget_25\seed_1\split_fidelity.json,gametes_heterogeneity_20atts_1600_het_0_4_0_2_75_edm_2_001,gaindistill_path_hybrid,budget_25,seed_1,xgboost,0.44877805857325614,0.0,0.2,0.028178599999591825
split_fidelity,gametes_heterogeneity_20atts_1600_het_0_4_0_2_75_edm_2_001\gaindistill_path_hybrid\budget_25\seed_2\split_fidelity.json,gametes_heterogeneity_20atts_1600_het_0_4_0_2_75_edm_2_001,gaindistill_path_hybrid,budget_25,seed_2,xgboost,0.42672420609342726,0.0,0.4,0.028802099999666098
split_fidelity,gametes_heterogeneity_20atts_1600_het_0_4_0_2_75_edm_2_001\gaindistill_path_hybrid\budget_50\seed_0\split_fidelity.json,gametes_heterogeneity_20atts_1600_het_0_4_0_2_75_edm_2_001,gaindistill_path_hybrid,budget_50,seed_0,xgboost,0.5199900827762155,0.0,0.0,0.027070299998740666
split_fidelity,gametes_heterogeneity_20atts_1600_het_0_4_0_2_75_edm_2_001\gaindistill_path_hybrid\budget_50\seed_1\split_fidelity.json,gametes_heterogeneity_20atts_1600_het_0_4_0_2_75_edm_2_001,gaindistill_path_hybrid,budget_50,seed_1,xgboost,0.4119677030548836,0.0,0.0,0.030834499999400578
split_fidelity,gametes_heterogeneity_20atts_1600_het_0_4_0_2_75_edm_2_001\gaindistill_path_hybrid\budget_50\seed_2\split_fidelity.json,gametes_heterogeneity_20atts_1600_het_0_4_0_2_75_edm_2_001,gaindistill_path_hybrid,budget_50,seed_2,xgboost,0.5672498739042983,0.0,0.2,0.031326199999966775
split_fidelity,gametes_heterogeneity_20atts_1600_het_0_4_0_2_75_edm_2_001\gain_herding\budget_10\seed_0\split_fidelity.json,gametes_heterogeneity_20atts_1600_het_0_4_0_2_75_edm_2_001,gain_herding,budget_10,seed_0,xgboost,0.23489130790260426,0.0,0.0,0.03411380000034114
split_fidelity,gametes_heterogeneity_20atts_1600_het_0_4_0_2_75_edm_2_001\gain_herding\budget_10\seed_1\split_fidelity.json,gametes_heterogeneity_20atts_1600_het_0_4_0_2_75_edm_2_001,gain_herding,budget_10,seed_1,xgboost,0.2733918781134076,0.0,0.0,0.03615929999978107
split_fidelity,gametes_heterogeneity_20atts_1600_het_0_4_0_2_75_edm_2_001\gain_herding\budget_10\seed_2\split_fidelity.json,gametes_heterogeneity_20atts_1600_het_0_4_0_2_75_edm_2_001,gain_herding,budget_10,seed_2,xgboost,0.07370524921679487,0.0,0.0,0.023869499998909305
split_fidelity,gametes_heterogeneity_20atts_1600_het_0_4_0_2_75_edm_2_001\gain_herding\budget_100\seed_0\split_fidelity.json,gametes_heterogeneity_20atts_1600_het_0_4_0_2_75_edm_2_001,gain_herding,budget_100,seed_0,xgboost,0.7253676349639767,0.0,0.4,0.036044099999344326
split_fidelity,gametes_heterogeneity_20atts_1600_het_0_4_0_2_75_edm_2_001\gain_herding\budget_100\seed_1\split_fidelity.json,gametes_heterogeneity_20atts_1600_het_0_4_0_2_75_edm_2_001,gain_herding,budget_100,seed_1,xgboost,0.7290522090995821,1.0,1.0,0.031321399999796995
split_fidelity,gametes_heterogeneity_20atts_1600_het_0_4_0_2_75_edm_2_001\gain_herding\budget_100\seed_2\split_fidelity.json,gametes_heterogeneity_20atts_1600_het_0_4_0_2_75_edm_2_001,gain_herding,budget_100,seed_2,xgboost,0.6018686054544856,0.0,0.4,0.03518660000008822
split_fidelity,gametes_heterogeneity_20atts_1600_het_0_4_0_2_75_edm_2_001\gain_herding\budget_25\seed_0\split_fidelity.json,gametes_heterogeneity_20atts_1600_het_0_4_0_2_75_edm_2_001,gain_herding,budget_25,seed_0,xgboost,0.21386048338212224,0.0,0.4,0.023334200013778172
split_fidelity,gametes_heterogeneity_20atts_1600_het_0_4_0_2_75_edm_2_001\gain_herding\budget_25\seed_1\split_fidelity.json,gametes_heterogeneity_20atts_1600_het_0_4_0_2_75_edm_2_001,gain_herding,budget_25,seed_1,xgboost,0.2855445546722677,0.0,0.0,0.025804699995205738
split_fidelity,gametes_heterogeneity_20atts_1600_het_0_4_0_2_75_edm_2_001\gain_herding\budget_25\seed_2\split_fidelity.json,gametes_heterogeneity_20atts_1600_het_0_4_0_2_75_edm_2_001,gain_herding,budget_25,seed_2,xgboost,0.2645418004185441,0.0,0.2,0.021663199993781745
split_fidelity,gametes_heterogeneity_20atts_1600_het_0_4_0_2_75_edm_2_001\gain_herding\budget_50\seed_0\split_fidelity.json,gametes_heterogeneity_20atts_1600_het_0_4_0_2_75_edm_2_001,gain_herding,budget_50,seed_0,xgboost,0.5705268112518113,0.0,0.0,0.026026700012153015
split_fidelity,gametes_heterogeneity_20atts_1600_het_0_4_0_2_75_edm_2_001\gain_herding\budget_50\seed_1\split_fidelity.json,gametes_heterogeneity_20atts_1600_het_0_4_0_2_75_edm_2_001,gain_herding,budget_50,seed_1,xgboost,0.3636488689883564,0.0,0.2,0.02832979999948293
split_fidelity,gametes_heterogeneity_20atts_1600_het_0_4_0_2_75_edm_2_001\gain_herding\budget_50\seed_2\split_fidelity.json,gametes_heterogeneity_20atts_1600_het_0_4_0_2_75_edm_2_001,gain_herding,budget_50,seed_2,xgboost,0.4937787700497158,0.0,0.0,0.03138519999629352
split_fidelity,gametes_heterogeneity_20atts_1600_het_0_4_0_2_75_edm_2_001\gain_path_herding\budget_10\seed_0\split_fidelity.json,gametes_heterogeneity_20atts_1600_het_0_4_0_2_75_edm_2_001,gain_path_herding,budget_10,seed_0,xgboost,0.2174259316055072,0.0,0.0,0.022868399999424582
split_fidelity,gametes_heterogeneity_20atts_1600_het_0_4_0_2_75_edm_2_001\gain_path_herding\budget_10\seed_1\split_fidelity.json,gametes_heterogeneity_20atts_1600_het_0_4_0_2_75_edm_2_001,gain_path_herding,budget_10,seed_1,xgboost,0.2762821491256523,0.0,0.0,0.021725099999457598
split_fidelity,gametes_heterogeneity_20atts_1600_het_0_4_0_2_75_edm_2_001\gain_path_herding\budget_10\seed_2\split_fidelity.json,gametes_heterogeneity_20atts_1600_het_0_4_0_2_75_edm_2_001,gain_path_herding,budget_10,seed_2,xgboost,0.14641237865466245,0.0,0.2,0.023093300000255113
split_fidelity,gametes_heterogeneity_20atts_1600_het_0_4_0_2_75_edm_2_001\gain_path_herding\budget_100\seed_0\split_fidelity.json,gametes_heterogeneity_20atts_1600_het_0_4_0_2_75_edm_2_001,gain_path_herding,budget_100,seed_0,xgboost,0.6255551534690923,0.0,0.4,0.04456729999947129
split_fidelity,gametes_heterogeneity_20atts_1600_het_0_4_0_2_75_edm_2_001\gain_path_herding\budget_100\seed_1\split_fidelity.json,gametes_heterogeneity_20atts_1600_het_0_4_0_2_75_edm_2_001,gain_path_herding,budget_100,seed_1,xgboost,0.6615455472579531,0.0,0.2,0.030769699998927535
split_fidelity,gametes_heterogeneity_20atts_1600_het_0_4_0_2_75_edm_2_001\gain_path_herding\budget_100\seed_2\split_fidelity.json,gametes_heterogeneity_20atts_1600_het_0_4_0_2_75_edm_2_001,gain_path_herding,budget_100,seed_2,xgboost,0.6615455472579531,0.0,0.4,0.026607600000716047
split_fidelity,gametes_heterogeneity_20atts_1600_het_0_4_0_2_75_edm_2_001\gain_path_herding\budget_25\seed_0\split_fidelity.json,gametes_heterogeneity_20atts_1600_het_0_4_0_2_75_edm_2_001,gain_path_herding,budget_25,seed_0,xgboost,0.40193896529163964,0.0,0.0,0.02466870000353083
split_fidelity,gametes_heterogeneity_20atts_1600_het_0_4_0_2_75_edm_2_001\gain_path_herding\budget_25\seed_1\split_fidelity.json,gametes_heterogeneity_20atts_1600_het_0_4_0_2_75_edm_2_001,gain_path_herding,budget_25,seed_1,xgboost,0.3975460199457435,0.0,0.2,0.02642119998927228
split_fidelity,gametes_heterogeneity_20atts_1600_het_0_4_0_2_75_edm_2_001\gain_path_herding\budget_25\seed_2\split_fidelity.json,gametes_heterogeneity_20atts_1600_het_0_4_0_2_75_edm_2_001,gain_path_herding,budget_25,seed_2,xgboost,0.4282504725952776,0.0,0.2,0.024585899998783134
split_fidelity,gametes_heterogeneity_20atts_1600_het_0_4_0_2_75_edm_2_001\gain_path_herding\budget_50\seed_0\split_fidelity.json,gametes_heterogeneity_20atts_1600_het_0_4_0_2_75_edm_2_001,gain_path_herding,budget_50,seed_0,xgboost,0.4849092854402437,0.0,0.0,0.021796200002427213
split_fidelity,gametes_heterogeneity_20atts_1600_het_0_4_0_2_75_edm_2_001\gain_path_herding\budget_50\seed_1\split_fidelity.json,gametes_heterogeneity_20atts_1600_het_0_4_0_2_75_edm_2_001,gain_path_herding,budget_50,seed_1,xgboost,0.5519599414805068,0.0,0.0,0.021536900007049553
split_fidelity,gametes_heterogeneity_20atts_1600_het_0_4_0_2_75_edm_2_001\gain_path_herding\budget_50\seed_2\split_fidelity.json,gametes_heterogeneity_20atts_1600_het_0_4_0_2_75_edm_2_001,gain_path_herding,budget_50,seed_2,xgboost,0.4129605558096752,0.0,0.2,0.025466200007940643
split_fidelity,gametes_heterogeneity_20atts_1600_het_0_4_0_2_75_edm_2_001\gain_path_refined\budget_25\seed_0\split_fidelity.json,gametes_heterogeneity_20atts_1600_het_0_4_0_2_75_edm_2_001,gain_path_refined,budget_25,seed_0,xgboost,0.3138136646630616,0.0,0.0,0.02036700000462588
split_fidelity,gametes_heterogeneity_20atts_1600_het_0_4_0_2_75_edm_2_001\gain_path_refined\budget_25\seed_1\split_fidelity.json,gametes_heterogeneity_20atts_1600_het_0_4_0_2_75_edm_2_001,gain_path_refined,budget_25,seed_1,xgboost,0.44141179395194274,0.0,0.2,0.02425629999197554
split_fidelity,gametes_heterogeneity_20atts_1600_het_0_4_0_2_75_edm_2_001\gain_path_refined\budget_25\seed_2\split_fidelity.json,gametes_heterogeneity_20atts_1600_het_0_4_0_2_75_edm_2_001,gain_path_refined,budget_25,seed_2,xgboost,0.3399260937273277,0.0,0.0,0.02038400000310503
split_fidelity,gametes_heterogeneity_20atts_1600_het_0_4_0_2_75_edm_2_001\gain_path_refined\budget_50\seed_0\split_fidelity.json,gametes_heterogeneity_20atts_1600_het_0_4_0_2_75_edm_2_001,gain_path_refined,budget_50,seed_0,xgboost,0.529058137936646,0.0,0.0,0.027335999999195337
split_fidelity,gametes_heterogeneity_20atts_1600_het_0_4_0_2_75_edm_2_001\gain_path_refined\budget_50\seed_1\split_fidelity.json,gametes_heterogeneity_20atts_1600_het_0_4_0_2_75_edm_2_001,gain_path_refined,budget_50,seed_1,xgboost,0.3515360653798983,0.0,0.0,0.025303899994469248
split_fidelity,gametes_heterogeneity_20atts_1600_het_0_4_0_2_75_edm_2_001\gain_path_refined\budget_50\seed_2\split_fidelity.json,gametes_heterogeneity_20atts_1600_het_0_4_0_2_75_edm_2_001,gain_path_refined,budget_50,seed_2,xgboost,0.4626693837329107,0.0,0.2,0.024322199999005534
split_fidelity,gametes_heterogeneity_20atts_1600_het_0_4_0_2_75_edm_2_001\gain_path_safeguarded\budget_25\seed_0\split_fidelity.json,gametes_heterogeneity_20atts_1600_het_0_4_0_2_75_edm_2_001,gain_path_safeguarded,budget_25,seed_0,xgboost,0.3138136646630616,0.0,0.0,0.022567699998035096
split_fidelity,gametes_heterogeneity_20atts_1600_het_0_4_0_2_75_edm_2_001\gain_path_safeguarded\budget_25\seed_1\split_fidelity.json,gametes_heterogeneity_20atts_1600_het_0_4_0_2_75_edm_2_001,gain_path_safeguarded,budget_25,seed_1,xgboost,0.44141179395194274,0.0,0.2,0.02546000000438653
split_fidelity,gametes_heterogeneity_20atts_1600_het_0_4_0_2_75_edm_2_001\gain_path_safeguarded\budget_25\seed_2\split_fidelity.json,gametes_heterogeneity_20atts_1600_het_0_4_0_2_75_edm_2_001,gain_path_safeguarded,budget_25,seed_2,xgboost,0.3399260937273277,0.0,0.0,0.027026700001442805
split_fidelity,gametes_heterogeneity_20atts_1600_het_0_4_0_2_75_edm_2_001\gain_path_safeguarded\budget_50\seed_0\split_fidelity.json,gametes_heterogeneity_20atts_1600_het_0_4_0_2_75_edm_2_001,gain_path_safeguarded,budget_50,seed_0,xgboost,0.529058137936646,0.0,0.0,0.025417700002435595
split_fidelity,gametes_heterogeneity_20atts_1600_het_0_4_0_2_75_edm_2_001\gain_path_safeguarded\budget_50\seed_1\split_fidelity.json,gametes_heterogeneity_20atts_1600_het_0_4_0_2_75_edm_2_001,gain_path_safeguarded,budget_50,seed_1,xgboost,0.3515360653798983,0.0,0.0,0.024599700001999736
split_fidelity,gametes_heterogeneity_20atts_1600_het_0_4_0_2_75_edm_2_001\gain_path_safeguarded\budget_50\seed_2\split_fidelity.json,gametes_heterogeneity_20atts_1600_het_0_4_0_2_75_edm_2_001,gain_path_safeguarded,budget_50,seed_2,xgboost,0.4626693837329107,0.0,0.2,0.02655320000485517
split_fidelity,gametes_heterogeneity_20atts_1600_het_0_4_0_2_75_edm_2_001\gain_weighted_coreset\budget_10\seed_0\split_fidelity.json,gametes_heterogeneity_20atts_1600_het_0_4_0_2_75_edm_2_001,gain_weighted_coreset,budget_10,seed_0,xgboost,0.18993110723743603,0.0,0.0,0.03713620000053197
split_fidelity,gametes_heterogeneity_20atts_1600_het_0_4_0_2_75_edm_2_001\gain_weighted_coreset\budget_10\seed_1\split_fidelity.json,gametes_heterogeneity_20atts_1600_het_0_4_0_2_75_edm_2_001,gain_weighted_coreset,budget_10,seed_1,xgboost,0.2703890716638345,0.0,0.0,0.036058599998796126
split_fidelity,gametes_heterogeneity_20atts_1600_het_0_4_0_2_75_edm_2_001\gain_weighted_coreset\budget_10\seed_2\split_fidelity.json,gametes_heterogeneity_20atts_1600_het_0_4_0_2_75_edm_2_001,gain_weighted_coreset,budget_10,seed_2,xgboost,0.26513416037708154,0.0,0.0,0.03422390000014275
split_fidelity,gametes_heterogeneity_20atts_1600_het_0_4_0_2_75_edm_2_001\gain_weighted_coreset\budget_100\seed_0\split_fidelity.json,gametes_heterogeneity_20atts_1600_het_0_4_0_2_75_edm_2_001,gain_weighted_coreset,budget_100,seed_0,xgboost,0.7471460999440733,0.0,0.6,0.04211059999943245
split_fidelity,gametes_heterogeneity_20atts_1600_het_0_4_0_2_75_edm_2_001\gain_weighted_coreset\budget_100\seed_1\split_fidelity.json,gametes_heterogeneity_20atts_1600_het_0_4_0_2_75_edm_2_001,gain_weighted_coreset,budget_100,seed_1,xgboost,0.6346349968746915,1.0,0.8,0.0434783000000607
split_fidelity,gametes_heterogeneity_20atts_1600_het_0_4_0_2_75_edm_2_001\gain_weighted_coreset\budget_100\seed_2\split_fidelity.json,gametes_heterogeneity_20atts_1600_het_0_4_0_2_75_edm_2_001,gain_weighted_coreset,budget_100,seed_2,xgboost,0.5512057110899101,0.0,0.4,0.041141800000332296
split_fidelity,gametes_heterogeneity_20atts_1600_het_0_4_0_2_75_edm_2_001\gain_weighted_coreset\budget_25\seed_0\split_fidelity.json,gametes_heterogeneity_20atts_1600_het_0_4_0_2_75_edm_2_001,gain_weighted_coreset,budget_25,seed_0,xgboost,0.3949568258561199,0.0,0.2,0.032115199999680044
split_fidelity,gametes_heterogeneity_20atts_1600_het_0_4_0_2_75_edm_2_001\gain_weighted_coreset\budget_25\seed_1\split_fidelity.json,gametes_heterogeneity_20atts_1600_het_0_4_0_2_75_edm_2_001,gain_weighted_coreset,budget_25,seed_1,xgboost,0.27844409746800725,0.0,0.0,0.03254120000019611
split_fidelity,gametes_heterogeneity_20atts_1600_het_0_4_0_2_75_edm_2_001\gain_weighted_coreset\budget_25\seed_2\split_fidelity.json,gametes_heterogeneity_20atts_1600_het_0_4_0_2_75_edm_2_001,gain_weighted_coreset,budget_25,seed_2,xgboost,0.31650122089458066,0.0,0.0,0.02382979999856616
split_fidelity,gametes_heterogeneity_20atts_1600_het_0_4_0_2_75_edm_2_001\gain_weighted_coreset\budget_50\seed_0\split_fidelity.json,gametes_heterogeneity_20atts_1600_het_0_4_0_2_75_edm_2_001,gain_weighted_coreset,budget_50,seed_0,xgboost,0.3659322909070825,0.0,0.0,0.03198509999856469
split_fidelity,gametes_heterogeneity_20atts_1600_het_0_4_0_2_75_edm_2_001\gain_weighted_coreset\budget_50\seed_1\split_fidelity.json,gametes_heterogeneity_20atts_1600_het_0_4_0_2_75_edm_2_001,gain_weighted_coreset,budget_50,seed_1,xgboost,0.4728626720154384,0.0,0.0,0.03469070000028296
split_fidelity,gametes_heterogeneity_20atts_1600_het_0_4_0_2_75_edm_2_001\gain_weighted_coreset\budget_50\seed_2\split_fidelity.json,gametes_heterogeneity_20atts_1600_het_0_4_0_2_75_edm_2_001,gain_weighted_coreset,budget_50,seed_2,xgboost,0.3760926235150785,0.0,0.0,0.03220259999943664
split_fidelity,gametes_heterogeneity_20atts_1600_het_0_4_0_2_75_edm_2_001\gradient_sampling\budget_10\seed_0\split_fidelity.json,gametes_heterogeneity_20atts_1600_het_0_4_0_2_75_edm_2_001,gradient_sampling,budget_10,seed_0,xgboost,0.3826487168129725,0.0,0.0,0.02548579999984213
split_fidelity,gametes_heterogeneity_20atts_1600_het_0_4_0_2_75_edm_2_001\gradient_sampling\budget_10\seed_1\split_fidelity.json,gametes_heterogeneity_20atts_1600_het_0_4_0_2_75_edm_2_001,gradient_sampling,budget_10,seed_1,xgboost,0.2762322150993182,0.0,0.0,0.01894480000009935
split_fidelity,gametes_heterogeneity_20atts_1600_het_0_4_0_2_75_edm_2_001\gradient_sampling\budget_10\seed_2\split_fidelity.json,gametes_heterogeneity_20atts_1600_het_0_4_0_2_75_edm_2_001,gradient_sampling,budget_10,seed_2,xgboost,0.23058564861335906,0.0,0.0,0.02166380000016943
split_fidelity,gametes_heterogeneity_20atts_1600_het_0_4_0_2_75_edm_2_001\gradient_sampling\budget_100\seed_0\split_fidelity.json,gametes_heterogeneity_20atts_1600_het_0_4_0_2_75_edm_2_001,gradient_sampling,budget_100,seed_0,xgboost,0.6239031236365328,0.0,0.4,0.031029400000079477
split_fidelity,gametes_heterogeneity_20atts_1600_het_0_4_0_2_75_edm_2_001\gradient_sampling\budget_100\seed_1\split_fidelity.json,gametes_heterogeneity_20atts_1600_het_0_4_0_2_75_edm_2_001,gradient_sampling,budget_100,seed_1,xgboost,0.43849857189455443,0.0,0.0,0.03093269999953918
split_fidelity,gametes_heterogeneity_20atts_1600_het_0_4_0_2_75_edm_2_001\gradient_sampling\budget_100\seed_2\split_fidelity.json,gametes_heterogeneity_20atts_1600_het_0_4_0_2_75_edm_2_001,gradient_sampling,budget_100,seed_2,xgboost,0.5463930799648063,0.0,0.2,0.028839700000389712
split_fidelity,gametes_heterogeneity_20atts_1600_het_0_4_0_2_75_edm_2_001\gradient_sampling\budget_25\seed_0\split_fidelity.json,gametes_heterogeneity_20atts_1600_het_0_4_0_2_75_edm_2_001,gradient_sampling,budget_25,seed_0,xgboost,0.41712829159771925,0.0,0.4,0.029920900000433903
split_fidelity,gametes_heterogeneity_20atts_1600_het_0_4_0_2_75_edm_2_001\gradient_sampling\budget_25\seed_1\split_fidelity.json,gametes_heterogeneity_20atts_1600_het_0_4_0_2_75_edm_2_001,gradient_sampling,budget_25,seed_1,xgboost,0.3640730446211997,0.0,0.0,0.02794499999981781
split_fidelity,gametes_heterogeneity_20atts_1600_het_0_4_0_2_75_edm_2_001\gradient_sampling\budget_25\seed_2\split_fidelity.json,gametes_heterogeneity_20atts_1600_het_0_4_0_2_75_edm_2_001,gradient_sampling,budget_25,seed_2,xgboost,0.36854090406189743,0.0,0.0,0.02340619999995397
split_fidelity,gametes_heterogeneity_20atts_1600_het_0_4_0_2_75_edm_2_001\gradient_sampling\budget_50\seed_0\split_fidelity.json,gametes_heterogeneity_20atts_1600_het_0_4_0_2_75_edm_2_001,gradient_sampling,budget_50,seed_0,xgboost,0.6128961701559389,0.0,0.0,0.026578699999845412
split_fidelity,gametes_heterogeneity_20atts_1600_het_0_4_0_2_75_edm_2_001\gradient_sampling\budget_50\seed_1\split_fidelity.json,gametes_heterogeneity_20atts_1600_het_0_4_0_2_75_edm_2_001,gradient_sampling,budget_50,seed_1,xgboost,0.48021953927908073,0.0,0.0,0.021410700000160432
split_fidelity,gametes_heterogeneity_20atts_1600_het_0_4_0_2_75_edm_2_001\gradient_sampling\budget_50\seed_2\split_fidelity.json,gametes_heterogeneity_20atts_1600_het_0_4_0_2_75_edm_2_001,gradient_sampling,budget_50,seed_2,xgboost,0.4657852709422541,0.0,0.2,0.02560059999996156
split_fidelity,gametes_heterogeneity_20atts_1600_het_0_4_0_2_75_edm_2_001\herding\budget_10\seed_0\split_fidelity.json,gametes_heterogeneity_20atts_1600_het_0_4_0_2_75_edm_2_001,herding,budget_10,seed_0,xgboost,0.21379391252034025,0.0,0.0,0.019824500000140688
split_fidelity,gametes_heterogeneity_20atts_1600_het_0_4_0_2_75_edm_2_001\herding\budget_10\seed_1\split_fidelity.json,gametes_heterogeneity_20atts_1600_het_0_4_0_2_75_edm_2_001,herding,budget_10,seed_1,xgboost,0.3059614524876253,0.0,0.0,0.017845500000476022
split_fidelity,gametes_heterogeneity_20atts_1600_het_0_4_0_2_75_edm_2_001\herding\budget_10\seed_2\split_fidelity.json,gametes_heterogeneity_20atts_1600_het_0_4_0_2_75_edm_2_001,herding,budget_10,seed_2,xgboost,0.2663468004035734,0.0,0.0,0.01956880000034289
split_fidelity,gametes_heterogeneity_20atts_1600_het_0_4_0_2_75_edm_2_001\herding\budget_100\seed_0\split_fidelity.json,gametes_heterogeneity_20atts_1600_het_0_4_0_2_75_edm_2_001,herding,budget_100,seed_0,xgboost,0.46892879284024624,0.0,0.0,0.03677479999987554
split_fidelity,gametes_heterogeneity_20atts_1600_het_0_4_0_2_75_edm_2_001\herding\budget_100\seed_1\split_fidelity.json,gametes_heterogeneity_20atts_1600_het_0_4_0_2_75_edm_2_001,herding,budget_100,seed_1,xgboost,0.39938412788636835,0.0,0.2,0.043486200000188546
split_fidelity,gametes_heterogeneity_20atts_1600_het_0_4_0_2_75_edm_2_001\herding\budget_100\seed_2\split_fidelity.json,gametes_heterogeneity_20atts_1600_het_0_4_0_2_75_edm_2_001,herding,budget_100,seed_2,xgboost,0.4614965385703662,0.0,0.2,0.033304100000350445
split_fidelity,gametes_heterogeneity_20atts_1600_het_0_4_0_2_75_edm_2_001\herding\budget_25\seed_0\split_fidelity.json,gametes_heterogeneity_20atts_1600_het_0_4_0_2_75_edm_2_001,herding,budget_25,seed_0,xgboost,0.3128255001386531,0.0,0.0,0.023144500009948388
split_fidelity,gametes_heterogeneity_20atts_1600_het_0_4_0_2_75_edm_2_001\herding\budget_25\seed_1\split_fidelity.json,gametes_heterogeneity_20atts_1600_het_0_4_0_2_75_edm_2_001,herding,budget_25,seed_1,xgboost,0.3779736555809251,0.0,0.0,0.023017500003334135
split_fidelity,gametes_heterogeneity_20atts_1600_het_0_4_0_2_75_edm_2_001\herding\budget_25\seed_2\split_fidelity.json,gametes_heterogeneity_20atts_1600_het_0_4_0_2_75_edm_2_001,herding,budget_25,seed_2,xgboost,0.42603597572909574,0.0,0.0,0.02895439999701921
split_fidelity,gametes_heterogeneity_20atts_1600_het_0_4_0_2_75_edm_2_001\herding\budget_50\seed_0\split_fidelity.json,gametes_heterogeneity_20atts_1600_het_0_4_0_2_75_edm_2_001,herding,budget_50,seed_0,xgboost,0.3754428830466243,0.0,0.2,0.03147210000315681
split_fidelity,gametes_heterogeneity_20atts_1600_het_0_4_0_2_75_edm_2_001\herding\budget_50\seed_1\split_fidelity.json,gametes_heterogeneity_20atts_1600_het_0_4_0_2_75_edm_2_001,herding,budget_50,seed_1,xgboost,0.3324949240865304,0.0,0.0,0.03567080000357237
split_fidelity,gametes_heterogeneity_20atts_1600_het_0_4_0_2_75_edm_2_001\herding\budget_50\seed_2\split_fidelity.json,gametes_heterogeneity_20atts_1600_het_0_4_0_2_75_edm_2_001,herding,budget_50,seed_2,xgboost,0.3365150138487857,0.0,0.0,0.028214599995408207
split_fidelity,gametes_heterogeneity_20atts_1600_het_0_4_0_2_75_edm_2_001\k_center\budget_10\seed_0\split_fidelity.json,gametes_heterogeneity_20atts_1600_het_0_4_0_2_75_edm_2_001,k_center,budget_10,seed_0,xgboost,0.641017205645294,0.0,0.2,0.03859310000007099
split_fidelity,gametes_heterogeneity_20atts_1600_het_0_4_0_2_75_edm_2_001\k_center\budget_10\seed_1\split_fidelity.json,gametes_heterogeneity_20atts_1600_het_0_4_0_2_75_edm_2_001,k_center,budget_10,seed_1,xgboost,0.7526729611474816,0.0,0.2,0.02543489999970916
split_fidelity,gametes_heterogeneity_20atts_1600_het_0_4_0_2_75_edm_2_001\k_center\budget_10\seed_2\split_fidelity.json,gametes_heterogeneity_20atts_1600_het_0_4_0_2_75_edm_2_001,k_center,budget_10,seed_2,xgboost,0.51170896400501,0.0,0.0,0.0190124000000651
split_fidelity,gametes_heterogeneity_20atts_1600_het_0_4_0_2_75_edm_2_001\k_center\budget_100\seed_0\split_fidelity.json,gametes_heterogeneity_20atts_1600_het_0_4_0_2_75_edm_2_001,k_center,budget_100,seed_0,xgboost,0.597591867618515,1.0,0.2,0.027261499999440275
split_fidelity,gametes_heterogeneity_20atts_1600_het_0_4_0_2_75_edm_2_001\k_center\budget_100\seed_1\split_fidelity.json,gametes_heterogeneity_20atts_1600_het_0_4_0_2_75_edm_2_001,k_center,budget_100,seed_1,xgboost,0.2128170543145705,1.0,0.4,0.02358860000003915
split_fidelity,gametes_heterogeneity_20atts_1600_het_0_4_0_2_75_edm_2_001\k_center\budget_100\seed_2\split_fidelity.json,gametes_heterogeneity_20atts_1600_het_0_4_0_2_75_edm_2_001,k_center,budget_100,seed_2,xgboost,0.6314109945060368,1.0,0.4,0.03320799999983137
split_fidelity,gametes_heterogeneity_20atts_1600_het_0_4_0_2_75_edm_2_001\k_center\budget_25\seed_0\split_fidelity.json,gametes_heterogeneity_20atts_1600_het_0_4_0_2_75_edm_2_001,k_center,budget_25,seed_0,xgboost,0.5525874263907623,0.0,0.2,0.02361269999983051
split_fidelity,gametes_heterogeneity_20atts_1600_het_0_4_0_2_75_edm_2_001\k_center\budget_25\seed_1\split_fidelity.json,gametes_heterogeneity_20atts_1600_het_0_4_0_2_75_edm_2_001,k_center,budget_25,seed_1,xgboost,0.5452840740862585,0.0,0.2,0.027436299999862968
split_fidelity,gametes_heterogeneity_20atts_1600_het_0_4_0_2_75_edm_2_001\k_center\budget_25\seed_2\split_fidelity.json,gametes_heterogeneity_20atts_1600_het_0_4_0_2_75_edm_2_001,k_center,budget_25,seed_2,xgboost,0.6325295259400598,0.0,0.0,0.030120699999315548
split_fidelity,gametes_heterogeneity_20atts_1600_het_0_4_0_2_75_edm_2_001\k_center\budget_50\seed_0\split_fidelity.json,gametes_heterogeneity_20atts_1600_het_0_4_0_2_75_edm_2_001,k_center,budget_50,seed_0,xgboost,0.5874592887455999,1.0,0.4,0.04653599999983271
split_fidelity,gametes_heterogeneity_20atts_1600_het_0_4_0_2_75_edm_2_001\k_center\budget_50\seed_1\split_fidelity.json,gametes_heterogeneity_20atts_1600_het_0_4_0_2_75_edm_2_001,k_center,budget_50,seed_1,xgboost,0.6985228805474224,0.0,0.2,0.03293550000034884
split_fidelity,gametes_heterogeneity_20atts_1600_het_0_4_0_2_75_edm_2_001\k_center\budget_50\seed_2\split_fidelity.json,gametes_heterogeneity_20atts_1600_het_0_4_0_2_75_edm_2_001,k_center,budget_50,seed_2,xgboost,0.5787084251735368,1.0,0.2,0.029281999999511754
split_fidelity,gametes_heterogeneity_20atts_1600_het_0_4_0_2_75_edm_2_001\random\budget_10\seed_0\split_fidelity.json,gametes_heterogeneity_20atts_1600_het_0_4_0_2_75_edm_2_001,random,budget_10,seed_0,xgboost,0.3845994808874995,0.0,0.0,0.02357679999931861
split_fidelity,gametes_heterogeneity_20atts_1600_het_0_4_0_2_75_edm_2_001\random\budget_10\seed_1\split_fidelity.json,gametes_heterogeneity_20atts_1600_het_0_4_0_2_75_edm_2_001,random,budget_10,seed_1,xgboost,0.4492094806850717,0.0,0.0,0.02804999999989377
split_fidelity,gametes_heterogeneity_20atts_1600_het_0_4_0_2_75_edm_2_001\random\budget_10\seed_2\split_fidelity.json,gametes_heterogeneity_20atts_1600_het_0_4_0_2_75_edm_2_001,random,budget_10,seed_2,xgboost,0.27025514412414353,0.0,0.0,0.0257502000004024
split_fidelity,gametes_heterogeneity_20atts_1600_het_0_4_0_2_75_edm_2_001\random\budget_100\seed_0\split_fidelity.json,gametes_heterogeneity_20atts_1600_het_0_4_0_2_75_edm_2_001,random,budget_100,seed_0,xgboost,0.6445988325760924,0.0,0.4,0.033942900000511145
split_fidelity,gametes_heterogeneity_20atts_1600_het_0_4_0_2_75_edm_2_001\random\budget_100\seed_1\split_fidelity.json,gametes_heterogeneity_20atts_1600_het_0_4_0_2_75_edm_2_001,random,budget_100,seed_1,xgboost,0.5404809685166299,1.0,0.2,0.02806799999962095
split_fidelity,gametes_heterogeneity_20atts_1600_het_0_4_0_2_75_edm_2_001\random\budget_100\seed_2\split_fidelity.json,gametes_heterogeneity_20atts_1600_het_0_4_0_2_75_edm_2_001,random,budget_100,seed_2,xgboost,0.4509326578280751,0.0,0.4,0.03518400000029942
split_fidelity,gametes_heterogeneity_20atts_1600_het_0_4_0_2_75_edm_2_001\random\budget_25\seed_0\split_fidelity.json,gametes_heterogeneity_20atts_1600_het_0_4_0_2_75_edm_2_001,random,budget_25,seed_0,xgboost,0.4406244802259618,0.0,0.2,0.023918199993204325
split_fidelity,gametes_heterogeneity_20atts_1600_het_0_4_0_2_75_edm_2_001\random\budget_25\seed_1\split_fidelity.json,gametes_heterogeneity_20atts_1600_het_0_4_0_2_75_edm_2_001,random,budget_25,seed_1,xgboost,0.5271591778564942,0.0,0.0,0.023319400002947077
split_fidelity,gametes_heterogeneity_20atts_1600_het_0_4_0_2_75_edm_2_001\random\budget_25\seed_2\split_fidelity.json,gametes_heterogeneity_20atts_1600_het_0_4_0_2_75_edm_2_001,random,budget_25,seed_2,xgboost,0.3555346530647713,0.0,0.0,0.02330640000582207
split_fidelity,gametes_heterogeneity_20atts_1600_het_0_4_0_2_75_edm_2_001\random\budget_50\seed_0\split_fidelity.json,gametes_heterogeneity_20atts_1600_het_0_4_0_2_75_edm_2_001,random,budget_50,seed_0,xgboost,0.4885701296030674,0.0,0.2,0.020990899996832013
split_fidelity,gametes_heterogeneity_20atts_1600_het_0_4_0_2_75_edm_2_001\random\budget_50\seed_1\split_fidelity.json,gametes_heterogeneity_20atts_1600_het_0_4_0_2_75_edm_2_001,random,budget_50,seed_1,xgboost,0.3904502540062138,0.0,0.2,0.017645900006755255
split_fidelity,gametes_heterogeneity_20atts_1600_het_0_4_0_2_75_edm_2_001\random\budget_50\seed_2\split_fidelity.json,gametes_heterogeneity_20atts_1600_het_0_4_0_2_75_edm_2_001,random,budget_50,seed_2,xgboost,0.6103562851597196,1.0,0.4,0.016917999993893318
split_fidelity,gametes_heterogeneity_20atts_1600_het_0_4_0_2_75_edm_2_001\tree_region\budget_10\seed_0\split_fidelity.json,gametes_heterogeneity_20atts_1600_het_0_4_0_2_75_edm_2_001,tree_region,budget_10,seed_0,xgboost,0.3826487168129725,0.0,0.0,0.029411500000605884
split_fidelity,gametes_heterogeneity_20atts_1600_het_0_4_0_2_75_edm_2_001\tree_region\budget_10\seed_1\split_fidelity.json,gametes_heterogeneity_20atts_1600_het_0_4_0_2_75_edm_2_001,tree_region,budget_10,seed_1,xgboost,0.2762322150993182,0.0,0.0,0.04910740000013902
split_fidelity,gametes_heterogeneity_20atts_1600_het_0_4_0_2_75_edm_2_001\tree_region\budget_10\seed_2\split_fidelity.json,gametes_heterogeneity_20atts_1600_het_0_4_0_2_75_edm_2_001,tree_region,budget_10,seed_2,xgboost,0.23058564861335906,0.0,0.0,0.027080599999862898
split_fidelity,gametes_heterogeneity_20atts_1600_het_0_4_0_2_75_edm_2_001\tree_region\budget_100\seed_0\split_fidelity.json,gametes_heterogeneity_20atts_1600_het_0_4_0_2_75_edm_2_001,tree_region,budget_100,seed_0,xgboost,0.6239031236365328,0.0,0.4,0.05638230000022304
split_fidelity,gametes_heterogeneity_20atts_1600_het_0_4_0_2_75_edm_2_001\tree_region\budget_100\seed_1\split_fidelity.json,gametes_heterogeneity_20atts_1600_het_0_4_0_2_75_edm_2_001,tree_region,budget_100,seed_1,xgboost,0.43849857189455443,0.0,0.0,0.036069400000087626
split_fidelity,gametes_heterogeneity_20atts_1600_het_0_4_0_2_75_edm_2_001\tree_region\budget_100\seed_2\split_fidelity.json,gametes_heterogeneity_20atts_1600_het_0_4_0_2_75_edm_2_001,tree_region,budget_100,seed_2,xgboost,0.5463930799648063,0.0,0.2,0.03813999999965745
split_fidelity,gametes_heterogeneity_20atts_1600_het_0_4_0_2_75_edm_2_001\tree_region\budget_25\seed_0\split_fidelity.json,gametes_heterogeneity_20atts_1600_het_0_4_0_2_75_edm_2_001,tree_region,budget_25,seed_0,xgboost,0.41712829159771925,0.0,0.4,0.027251800000158255
split_fidelity,gametes_heterogeneity_20atts_1600_het_0_4_0_2_75_edm_2_001\tree_region\budget_25\seed_1\split_fidelity.json,gametes_heterogeneity_20atts_1600_het_0_4_0_2_75_edm_2_001,tree_region,budget_25,seed_1,xgboost,0.3640730446211997,0.0,0.0,0.02930389999983163
split_fidelity,gametes_heterogeneity_20atts_1600_het_0_4_0_2_75_edm_2_001\tree_region\budget_25\seed_2\split_fidelity.json,gametes_heterogeneity_20atts_1600_het_0_4_0_2_75_edm_2_001,tree_region,budget_25,seed_2,xgboost,0.36854090406189743,0.0,0.0,0.027349099999810278
split_fidelity,gametes_heterogeneity_20atts_1600_het_0_4_0_2_75_edm_2_001\tree_region\budget_50\seed_0\split_fidelity.json,gametes_heterogeneity_20atts_1600_het_0_4_0_2_75_edm_2_001,tree_region,budget_50,seed_0,xgboost,0.6128961701559389,0.0,0.0,0.03728700000010576
split_fidelity,gametes_heterogeneity_20atts_1600_het_0_4_0_2_75_edm_2_001\tree_region\budget_50\seed_1\split_fidelity.json,gametes_heterogeneity_20atts_1600_het_0_4_0_2_75_edm_2_001,tree_region,budget_50,seed_1,xgboost,0.48021953927908073,0.0,0.0,0.026388700000097742
split_fidelity,gametes_heterogeneity_20atts_1600_het_0_4_0_2_75_edm_2_001\tree_region\budget_50\seed_2\split_fidelity.json,gametes_heterogeneity_20atts_1600_het_0_4_0_2_75_edm_2_001,tree_region,budget_50,seed_2,xgboost,0.4657852709422541,0.0,0.2,0.0283331000000544
split_fidelity,hill_valley_without_noise\distribution_matching\budget_10\seed_0\split_fidelity.json,hill_valley_without_noise,distribution_matching,budget_10,seed_0,xgboost,-0.6878429904647049,0.0,0.0,0.030930300000363786
split_fidelity,hill_valley_without_noise\distribution_matching\budget_10\seed_1\split_fidelity.json,hill_valley_without_noise,distribution_matching,budget_10,seed_1,xgboost,-0.2372545616430708,0.0,0.0,0.035838699999658274
split_fidelity,hill_valley_without_noise\distribution_matching\budget_10\seed_2\split_fidelity.json,hill_valley_without_noise,distribution_matching,budget_10,seed_2,xgboost,-0.2839343650053616,0.0,0.0,0.04225059999953373
split_fidelity,hill_valley_without_noise\distribution_matching\budget_100\seed_0\split_fidelity.json,hill_valley_without_noise,distribution_matching,budget_100,seed_0,xgboost,-0.4801542967953963,0.0,0.0,0.10620720000042638
split_fidelity,hill_valley_without_noise\distribution_matching\budget_100\seed_1\split_fidelity.json,hill_valley_without_noise,distribution_matching,budget_100,seed_1,xgboost,-0.056865134826778324,0.0,0.0,0.10619730000053096
split_fidelity,hill_valley_without_noise\distribution_matching\budget_100\seed_2\split_fidelity.json,hill_valley_without_noise,distribution_matching,budget_100,seed_2,xgboost,-0.15244403930568678,0.0,0.0,0.10148879999997007
split_fidelity,hill_valley_without_noise\distribution_matching\budget_25\seed_0\split_fidelity.json,hill_valley_without_noise,distribution_matching,budget_25,seed_0,xgboost,-0.6544294950436895,0.0,0.0,0.046067199999924924
split_fidelity,hill_valley_without_noise\distribution_matching\budget_25\seed_1\split_fidelity.json,hill_valley_without_noise,distribution_matching,budget_25,seed_1,xgboost,-0.28051703496400004,0.0,0.0,0.047208799999680195
split_fidelity,hill_valley_without_noise\distribution_matching\budget_25\seed_2\split_fidelity.json,hill_valley_without_noise,distribution_matching,budget_25,seed_2,xgboost,-0.36706343696287497,0.0,0.0,0.04621729999962554
split_fidelity,hill_valley_without_noise\distribution_matching\budget_50\seed_0\split_fidelity.json,hill_valley_without_noise,distribution_matching,budget_50,seed_0,xgboost,-0.38734896792376,0.0,0.0,0.0659760999997161
split_fidelity,hill_valley_without_noise\distribution_matching\budget_50\seed_1\split_fidelity.json,hill_valley_without_noise,distribution_matching,budget_50,seed_1,xgboost,-0.08461807537646701,0.0,0.0,0.06859259999964706
split_fidelity,hill_valley_without_noise\distribution_matching\budget_50\seed_2\split_fidelity.json,hill_valley_without_noise,distribution_matching,budget_50,seed_2,xgboost,-0.16259464905831011,0.0,0.0,0.058711399999992864
split_fidelity,hill_valley_without_noise\full_data\budget_10\seed_0\split_fidelity.json,hill_valley_without_noise,full_data,budget_10,seed_0,xgboost,1.0,1.0,1.0,0.444550000000163
split_fidelity,hill_valley_without_noise\full_data\budget_10\seed_1\split_fidelity.json,hill_valley_without_noise,full_data,budget_10,seed_1,xgboost,0.8472092952872708,0.0,0.8,0.4396474000004673
split_fidelity,hill_valley_without_noise\full_data\budget_10\seed_2\split_fidelity.json,hill_valley_without_noise,full_data,budget_10,seed_2,xgboost,0.8389877285054914,0.0,0.0,0.43882140000005165
split_fidelity,hill_valley_without_noise\full_data\budget_100\seed_0\split_fidelity.json,hill_valley_without_noise,full_data,budget_100,seed_0,xgboost,1.0,1.0,1.0,0.4527624000002106
split_fidelity,hill_valley_without_noise\full_data\budget_100\seed_1\split_fidelity.json,hill_valley_without_noise,full_data,budget_100,seed_1,xgboost,0.8472092952872708,0.0,0.8,0.4458963999995831
split_fidelity,hill_valley_without_noise\full_data\budget_100\seed_2\split_fidelity.json,hill_valley_without_noise,full_data,budget_100,seed_2,xgboost,0.8389877285054914,0.0,0.0,0.45433629999934055
split_fidelity,hill_valley_without_noise\full_data\budget_25\seed_0\split_fidelity.json,hill_valley_without_noise,full_data,budget_25,seed_0,xgboost,1.0,1.0,1.0,0.4411676999998235
split_fidelity,hill_valley_without_noise\full_data\budget_25\seed_1\split_fidelity.json,hill_valley_without_noise,full_data,budget_25,seed_1,xgboost,0.8472092952872708,0.0,0.8,0.4873348999999507
split_fidelity,hill_valley_without_noise\full_data\budget_25\seed_2\split_fidelity.json,hill_valley_without_noise,full_data,budget_25,seed_2,xgboost,0.8389877285054914,0.0,0.0,0.4446251999997912
split_fidelity,hill_valley_without_noise\full_data\budget_50\seed_0\split_fidelity.json,hill_valley_without_noise,full_data,budget_50,seed_0,xgboost,1.0,1.0,1.0,0.4565290000000459
split_fidelity,hill_valley_without_noise\full_data\budget_50\seed_1\split_fidelity.json,hill_valley_without_noise,full_data,budget_50,seed_1,xgboost,0.8472092952872708,0.0,0.8,0.44230770000012853
split_fidelity,hill_valley_without_noise\full_data\budget_50\seed_2\split_fidelity.json,hill_valley_without_noise,full_data,budget_50,seed_2,xgboost,0.8389877285054914,0.0,0.0,0.44011649999993097
split_fidelity,hill_valley_without_noise\gaindistill\budget_10\seed_0\split_fidelity.json,hill_valley_without_noise,gaindistill,budget_10,seed_0,xgboost,-0.6527244200756959,0.0,0.0,0.029251299999486946
split_fidelity,hill_valley_without_noise\gaindistill\budget_10\seed_1\split_fidelity.json,hill_valley_without_noise,gaindistill,budget_10,seed_1,xgboost,-0.3582664420712416,0.0,0.0,0.03145969999968656
split_fidelity,hill_valley_without_noise\gaindistill\budget_10\seed_2\split_fidelity.json,hill_valley_without_noise,gaindistill,budget_10,seed_2,xgboost,-0.41200046672568374,1.0,0.2,0.03146259999994072
split_fidelity,hill_valley_without_noise\gaindistill\budget_100\seed_0\split_fidelity.json,hill_valley_without_noise,gaindistill,budget_100,seed_0,xgboost,-0.6926555797045231,0.0,0.0,0.050324300000283984
split_fidelity,hill_valley_without_noise\gaindistill\budget_100\seed_1\split_fidelity.json,hill_valley_without_noise,gaindistill,budget_100,seed_1,xgboost,-0.29106126114160397,0.0,0.0,0.04130340000028809
split_fidelity,hill_valley_without_noise\gaindistill\budget_100\seed_2\split_fidelity.json,hill_valley_without_noise,gaindistill,budget_100,seed_2,xgboost,-0.33223367749488375,1.0,0.2,0.0424553000002561
split_fidelity,hill_valley_without_noise\gaindistill\budget_25\seed_0\split_fidelity.json,hill_valley_without_noise,gaindistill,budget_25,seed_0,xgboost,-0.5148328478843197,0.0,0.0,0.033585000000130094
split_fidelity,hill_valley_without_noise\gaindistill\budget_25\seed_1\split_fidelity.json,hill_valley_without_noise,gaindistill,budget_25,seed_1,xgboost,-0.2891594331026245,0.0,0.0,0.037435500000356114
split_fidelity,hill_valley_without_noise\gaindistill\budget_25\seed_2\split_fidelity.json,hill_valley_without_noise,gaindistill,budget_25,seed_2,xgboost,-0.25422517685874924,1.0,0.2,0.03645719999985886
split_fidelity,hill_valley_without_noise\gaindistill\budget_50\seed_0\split_fidelity.json,hill_valley_without_noise,gaindistill,budget_50,seed_0,xgboost,-0.6853561968398977,0.0,0.0,0.046625699999822245
split_fidelity,hill_valley_without_noise\gaindistill\budget_50\seed_1\split_fidelity.json,hill_valley_without_noise,gaindistill,budget_50,seed_1,xgboost,-0.4418981305186635,0.0,0.0,0.04849809999996069
split_fidelity,hill_valley_without_noise\gaindistill\budget_50\seed_2\split_fidelity.json,hill_valley_without_noise,gaindistill,budget_50,seed_2,xgboost,-0.2851520620013042,1.0,0.2,0.051670300000296265
split_fidelity,hill_valley_without_noise\gaindistill_hybrid\budget_10\seed_0\split_fidelity.json,hill_valley_without_noise,gaindistill_hybrid,budget_10,seed_0,xgboost,-0.5664102427152461,0.0,0.0,0.05482579999988957
split_fidelity,hill_valley_without_noise\gaindistill_hybrid\budget_10\seed_1\split_fidelity.json,hill_valley_without_noise,gaindistill_hybrid,budget_10,seed_1,xgboost,-0.33250627194332966,0.0,0.0,0.06045529999937571
split_fidelity,hill_valley_without_noise\gaindistill_hybrid\budget_10\seed_2\split_fidelity.json,hill_valley_without_noise,gaindistill_hybrid,budget_10,seed_2,xgboost,-0.44110319662822983,0.0,0.0,0.053094400000190944
split_fidelity,hill_valley_without_noise\gaindistill_hybrid\budget_100\seed_0\split_fidelity.json,hill_valley_without_noise,gaindistill_hybrid,budget_100,seed_0,xgboost,0.857431923467098,0.0,0.8,0.30584559999988414
split_fidelity,hill_valley_without_noise\gaindistill_hybrid\budget_100\seed_1\split_fidelity.json,hill_valley_without_noise,gaindistill_hybrid,budget_100,seed_1,xgboost,0.04931962710213752,0.0,0.0,0.4054048999987572
split_fidelity,hill_valley_without_noise\gaindistill_hybrid\budget_100\seed_2\split_fidelity.json,hill_valley_without_noise,gaindistill_hybrid,budget_100,seed_2,xgboost,0.14292874344840628,0.0,0.0,0.3474733999992168
split_fidelity,hill_valley_without_noise\gaindistill_hybrid\budget_25\seed_0\split_fidelity.json,hill_valley_without_noise,gaindistill_hybrid,budget_25,seed_0,xgboost,0.5865211220556383,1.0,1.0,0.12758110000140732
split_fidelity,hill_valley_without_noise\gaindistill_hybrid\budget_25\seed_1\split_fidelity.json,hill_valley_without_noise,gaindistill_hybrid,budget_25,seed_1,xgboost,0.0468493142316179,0.0,0.0,0.10794469999927969
split_fidelity,hill_valley_without_noise\gaindistill_hybrid\budget_25\seed_2\split_fidelity.json,hill_valley_without_noise,gaindistill_hybrid,budget_25,seed_2,xgboost,-0.2438064556645907,0.0,0.0,0.08869480000066687
split_fidelity,hill_valley_without_noise\gaindistill_hybrid\budget_50\seed_0\split_fidelity.json,hill_valley_without_noise,gaindistill_hybrid,budget_50,seed_0,xgboost,0.7482202078963288,1.0,1.0,0.20878740000080143
split_fidelity,hill_valley_without_noise\gaindistill_hybrid\budget_50\seed_1\split_fidelity.json,hill_valley_without_noise,gaindistill_hybrid,budget_50,seed_1,xgboost,0.6112321566129703,0.0,0.8,0.23462610000024142
split_fidelity,hill_valley_without_noise\gaindistill_hybrid\budget_50\seed_2\split_fidelity.json,hill_valley_without_noise,gaindistill_hybrid,budget_50,seed_2,xgboost,-0.5198866459778086,0.0,0.0,0.23601909999888449
split_fidelity,hill_valley_without_noise\gaindistill_path_hybrid\budget_10\seed_0\split_fidelity.json,hill_valley_without_noise,gaindistill_path_hybrid,budget_10,seed_0,xgboost,-0.45365513056731643,0.0,0.0,0.05142780000096536
split_fidelity,hill_valley_without_noise\gaindistill_path_hybrid\budget_10\seed_1\split_fidelity.json,hill_valley_without_noise,gaindistill_path_hybrid,budget_10,seed_1,xgboost,-0.1382576533899287,0.0,0.0,0.05480350000107137
split_fidelity,hill_valley_without_noise\gaindistill_path_hybrid\budget_10\seed_2\split_fidelity.json,hill_valley_without_noise,gaindistill_path_hybrid,budget_10,seed_2,xgboost,-0.24496824466669762,0.0,0.0,0.04373920000034559
split_fidelity,hill_valley_without_noise\gaindistill_path_hybrid\budget_100\seed_0\split_fidelity.json,hill_valley_without_noise,gaindistill_path_hybrid,budget_100,seed_0,xgboost,0.8075877888575345,0.0,0.0,0.3235620999985258
split_fidelity,hill_valley_without_noise\gaindistill_path_hybrid\budget_100\seed_1\split_fidelity.json,hill_valley_without_noise,gaindistill_path_hybrid,budget_100,seed_1,xgboost,0.7684139000990287,0.0,0.8,0.3806700999994064
split_fidelity,hill_valley_without_noise\gaindistill_path_hybrid\budget_100\seed_2\split_fidelity.json,hill_valley_without_noise,gaindistill_path_hybrid,budget_100,seed_2,xgboost,0.5402084900415307,0.0,0.0,0.32812009999906877
split_fidelity,hill_valley_without_noise\gaindistill_path_hybrid\budget_25\seed_0\split_fidelity.json,hill_valley_without_noise,gaindistill_path_hybrid,budget_25,seed_0,xgboost,0.718012129861041,1.0,1.0,0.10730119999971066
split_fidelity,hill_valley_without_noise\gaindistill_path_hybrid\budget_25\seed_1\split_fidelity.json,hill_valley_without_noise,gaindistill_path_hybrid,budget_25,seed_1,xgboost,0.5063518602901694,0.0,0.0,0.10655889999907231
split_fidelity,hill_valley_without_noise\gaindistill_path_hybrid\budget_25\seed_2\split_fidelity.json,hill_valley_without_noise,gaindistill_path_hybrid,budget_25,seed_2,xgboost,-0.2537246557828374,0.0,0.0,0.10965380000016012
split_fidelity,hill_valley_without_noise\gaindistill_path_hybrid\budget_50\seed_0\split_fidelity.json,hill_valley_without_noise,gaindistill_path_hybrid,budget_50,seed_0,xgboost,0.1503483266771732,0.0,0.0,0.19341040000108478
split_fidelity,hill_valley_without_noise\gaindistill_path_hybrid\budget_50\seed_1\split_fidelity.json,hill_valley_without_noise,gaindistill_path_hybrid,budget_50,seed_1,xgboost,0.37413210218941034,0.0,0.0,0.15788219999922148
split_fidelity,hill_valley_without_noise\gaindistill_path_hybrid\budget_50\seed_2\split_fidelity.json,hill_valley_without_noise,gaindistill_path_hybrid,budget_50,seed_2,xgboost,-0.41514881505372225,0.0,0.0,0.19999509999979637
split_fidelity,hill_valley_without_noise\gain_herding\budget_10\seed_0\split_fidelity.json,hill_valley_without_noise,gain_herding,budget_10,seed_0,xgboost,-0.6539839209325679,0.0,0.0,0.07126900000002934
split_fidelity,hill_valley_without_noise\gain_herding\budget_10\seed_1\split_fidelity.json,hill_valley_without_noise,gain_herding,budget_10,seed_1,xgboost,-0.46757077341769704,0.0,0.0,0.05918999999994412
split_fidelity,hill_valley_without_noise\gain_herding\budget_10\seed_2\split_fidelity.json,hill_valley_without_noise,gain_herding,budget_10,seed_2,xgboost,-0.6735694306002875,0.0,0.0,0.04312659999959578
split_fidelity,hill_valley_without_noise\gain_herding\budget_100\seed_0\split_fidelity.json,hill_valley_without_noise,gain_herding,budget_100,seed_0,xgboost,0.6339405392379622,0.0,0.0,0.2569868000009592
split_fidelity,hill_valley_without_noise\gain_herding\budget_100\seed_1\split_fidelity.json,hill_valley_without_noise,gain_herding,budget_100,seed_1,xgboost,0.5774652827740966,0.0,0.0,0.28171149999980116
split_fidelity,hill_valley_without_noise\gain_herding\budget_100\seed_2\split_fidelity.json,hill_valley_without_noise,gain_herding,budget_100,seed_2,xgboost,0.3908459803585389,0.0,0.0,0.2717440999986138
split_fidelity,hill_valley_without_noise\gain_herding\budget_25\seed_0\split_fidelity.json,hill_valley_without_noise,gain_herding,budget_25,seed_0,xgboost,0.7597014980880508,1.0,1.0,0.060147399999550544
split_fidelity,hill_valley_without_noise\gain_herding\budget_25\seed_1\split_fidelity.json,hill_valley_without_noise,gain_herding,budget_25,seed_1,xgboost,0.17219381845375442,0.0,0.8,0.06439339999633376
split_fidelity,hill_valley_without_noise\gain_herding\budget_25\seed_2\split_fidelity.json,hill_valley_without_noise,gain_herding,budget_25,seed_2,xgboost,0.07016902866653739,0.0,0.0,0.05446929999743588
split_fidelity,hill_valley_without_noise\gain_herding\budget_50\seed_0\split_fidelity.json,hill_valley_without_noise,gain_herding,budget_50,seed_0,xgboost,0.6952586743936805,0.0,0.0,0.1118002000002889
split_fidelity,hill_valley_without_noise\gain_herding\budget_50\seed_1\split_fidelity.json,hill_valley_without_noise,gain_herding,budget_50,seed_1,xgboost,0.6061208330102515,0.0,0.0,0.1086529000021983
split_fidelity,hill_valley_without_noise\gain_herding\budget_50\seed_2\split_fidelity.json,hill_valley_without_noise,gain_herding,budget_50,seed_2,xgboost,-0.008047147338670365,0.0,0.0,0.1084021999995457
split_fidelity,hill_valley_without_noise\gain_path_herding\budget_10\seed_0\split_fidelity.json,hill_valley_without_noise,gain_path_herding,budget_10,seed_0,xgboost,-0.4398268105656378,0.0,0.0,0.034703600000284496
split_fidelity,hill_valley_without_noise\gain_path_herding\budget_10\seed_1\split_fidelity.json,hill_valley_without_noise,gain_path_herding,budget_10,seed_1,xgboost,-0.17257120092979064,0.0,0.0,0.0313270000006014
split_fidelity,hill_valley_without_noise\gain_path_herding\budget_10\seed_2\split_fidelity.json,hill_valley_without_noise,gain_path_herding,budget_10,seed_2,xgboost,-0.3583192611183402,0.0,0.0,0.0346585999996023
split_fidelity,hill_valley_without_noise\gain_path_herding\budget_100\seed_0\split_fidelity.json,hill_valley_without_noise,gain_path_herding,budget_100,seed_0,xgboost,0.4915212400333149,0.0,0.0,0.2602678000002925
split_fidelity,hill_valley_without_noise\gain_path_herding\budget_100\seed_1\split_fidelity.json,hill_valley_without_noise,gain_path_herding,budget_100,seed_1,xgboost,0.7998886693268393,0.0,0.0,0.24414900000010675
split_fidelity,hill_valley_without_noise\gain_path_herding\budget_100\seed_2\split_fidelity.json,hill_valley_without_noise,gain_path_herding,budget_100,seed_2,xgboost,0.5693920635152229,0.0,0.8,0.22770549999950163
split_fidelity,hill_valley_without_noise\gain_path_herding\budget_25\seed_0\split_fidelity.json,hill_valley_without_noise,gain_path_herding,budget_25,seed_0,xgboost,0.7172443436892341,1.0,1.0,0.05870680000225548
split_fidelity,hill_valley_without_noise\gain_path_herding\budget_25\seed_1\split_fidelity.json,hill_valley_without_noise,gain_path_herding,budget_25,seed_1,xgboost,0.1798765811406132,0.0,0.0,0.06569750000198837
split_fidelity,hill_valley_without_noise\gain_path_herding\budget_25\seed_2\split_fidelity.json,hill_valley_without_noise,gain_path_herding,budget_25,seed_2,xgboost,-0.32752802201368075,0.0,0.0,0.0564996000030078
split_fidelity,hill_valley_without_noise\gain_path_herding\budget_50\seed_0\split_fidelity.json,hill_valley_without_noise,gain_path_herding,budget_50,seed_0,xgboost,0.4262381252054052,0.0,0.0,0.10612959999707527
split_fidelity,hill_valley_without_noise\gain_path_herding\budget_50\seed_1\split_fidelity.json,hill_valley_without_noise,gain_path_herding,budget_50,seed_1,xgboost,0.6052586005426662,0.0,0.0,0.1056994999962626
split_fidelity,hill_valley_without_noise\gain_path_herding\budget_50\seed_2\split_fidelity.json,hill_valley_without_noise,gain_path_herding,budget_50,seed_2,xgboost,0.002310070541583603,0.0,0.0,0.12909759998728987
split_fidelity,hill_valley_without_noise\gain_path_refined\budget_25\seed_0\split_fidelity.json,hill_valley_without_noise,gain_path_refined,budget_25,seed_0,xgboost,0.7418262959802144,0.0,0.0,0.06526279999525286
split_fidelity,hill_valley_without_noise\gain_path_refined\budget_25\seed_1\split_fidelity.json,hill_valley_without_noise,gain_path_refined,budget_25,seed_1,xgboost,0.2664731800211688,0.0,0.2,0.06883530000050087
split_fidelity,hill_valley_without_noise\gain_path_refined\budget_25\seed_2\split_fidelity.json,hill_valley_without_noise,gain_path_refined,budget_25,seed_2,xgboost,-0.2799370991708832,0.0,0.0,0.06608279999636579
split_fidelity,hill_valley_without_noise\gain_path_refined\budget_50\seed_0\split_fidelity.json,hill_valley_without_noise,gain_path_refined,budget_50,seed_0,xgboost,0.14142848311640246,0.0,0.0,0.119100999989314
split_fidelity,hill_valley_without_noise\gain_path_refined\budget_50\seed_1\split_fidelity.json,hill_valley_without_noise,gain_path_refined,budget_50,seed_1,xgboost,0.5323795149750086,0.0,0.8,0.12076459999661893
split_fidelity,hill_valley_without_noise\gain_path_refined\budget_50\seed_2\split_fidelity.json,hill_valley_without_noise,gain_path_refined,budget_50,seed_2,xgboost,0.36371210493298733,0.0,0.0,0.12190809998719487
split_fidelity,hill_valley_without_noise\gain_path_safeguarded\budget_25\seed_0\split_fidelity.json,hill_valley_without_noise,gain_path_safeguarded,budget_25,seed_0,xgboost,0.7172443436892341,1.0,1.0,0.06804819998797029
split_fidelity,hill_valley_without_noise\gain_path_safeguarded\budget_25\seed_1\split_fidelity.json,hill_valley_without_noise,gain_path_safeguarded,budget_25,seed_1,xgboost,0.1798765811406132,0.0,0.0,0.06506409999565221
split_fidelity,hill_valley_without_noise\gain_path_safeguarded\budget_25\seed_2\split_fidelity.json,hill_valley_without_noise,gain_path_safeguarded,budget_25,seed_2,xgboost,-0.32752802201368075,0.0,0.0,0.07123800000408664
split_fidelity,hill_valley_without_noise\gain_path_safeguarded\budget_50\seed_0\split_fidelity.json,hill_valley_without_noise,gain_path_safeguarded,budget_50,seed_0,xgboost,0.4262381252054052,0.0,0.0,0.1275368999922648
split_fidelity,hill_valley_without_noise\gain_path_safeguarded\budget_50\seed_1\split_fidelity.json,hill_valley_without_noise,gain_path_safeguarded,budget_50,seed_1,xgboost,0.6052586005426662,0.0,0.0,0.12286190000304487
split_fidelity,hill_valley_without_noise\gain_path_safeguarded\budget_50\seed_2\split_fidelity.json,hill_valley_without_noise,gain_path_safeguarded,budget_50,seed_2,xgboost,0.002310070541583603,0.0,0.0,0.11272299999836832
split_fidelity,hill_valley_without_noise\gain_weighted_coreset\budget_10\seed_0\split_fidelity.json,hill_valley_without_noise,gain_weighted_coreset,budget_10,seed_0,xgboost,-0.5664102427152461,0.0,0.0,0.05640069999935804
split_fidelity,hill_valley_without_noise\gain_weighted_coreset\budget_10\seed_1\split_fidelity.json,hill_valley_without_noise,gain_weighted_coreset,budget_10,seed_1,xgboost,-0.33250627194332966,0.0,0.0,0.06631170000036946
split_fidelity,hill_valley_without_noise\gain_weighted_coreset\budget_10\seed_2\split_fidelity.json,hill_valley_without_noise,gain_weighted_coreset,budget_10,seed_2,xgboost,-0.44110319662822983,0.0,0.0,0.05256270000063523
split_fidelity,hill_valley_without_noise\gain_weighted_coreset\budget_100\seed_0\split_fidelity.json,hill_valley_without_noise,gain_weighted_coreset,budget_100,seed_0,xgboost,0.857431923467098,0.0,0.8,0.3291485999998258
split_fidelity,hill_valley_without_noise\gain_weighted_coreset\budget_100\seed_1\split_fidelity.json,hill_valley_without_noise,gain_weighted_coreset,budget_100,seed_1,xgboost,0.04931962710213752,0.0,0.0,0.41499800000019604
split_fidelity,hill_valley_without_noise\gain_weighted_coreset\budget_100\seed_2\split_fidelity.json,hill_valley_without_noise,gain_weighted_coreset,budget_100,seed_2,xgboost,0.14292874344840628,0.0,0.0,0.3678196000000753
split_fidelity,hill_valley_without_noise\gain_weighted_coreset\budget_25\seed_0\split_fidelity.json,hill_valley_without_noise,gain_weighted_coreset,budget_25,seed_0,xgboost,0.5865211220556383,1.0,1.0,0.152791000000434
split_fidelity,hill_valley_without_noise\gain_weighted_coreset\budget_25\seed_1\split_fidelity.json,hill_valley_without_noise,gain_weighted_coreset,budget_25,seed_1,xgboost,0.0468493142316179,0.0,0.0,0.12859740000021702
split_fidelity,hill_valley_without_noise\gain_weighted_coreset\budget_25\seed_2\split_fidelity.json,hill_valley_without_noise,gain_weighted_coreset,budget_25,seed_2,xgboost,-0.2438064556645907,0.0,0.0,0.1117035000006581
split_fidelity,hill_valley_without_noise\gain_weighted_coreset\budget_50\seed_0\split_fidelity.json,hill_valley_without_noise,gain_weighted_coreset,budget_50,seed_0,xgboost,0.7482202078963288,1.0,1.0,0.29914500000086264
split_fidelity,hill_valley_without_noise\gain_weighted_coreset\budget_50\seed_1\split_fidelity.json,hill_valley_without_noise,gain_weighted_coreset,budget_50,seed_1,xgboost,0.6112321566129703,0.0,0.8,0.2235759000013786
split_fidelity,hill_valley_without_noise\gain_weighted_coreset\budget_50\seed_2\split_fidelity.json,hill_valley_without_noise,gain_weighted_coreset,budget_50,seed_2,xgboost,-0.5198866459778086,0.0,0.0,0.20856709999861778
split_fidelity,hill_valley_without_noise\gradient_sampling\budget_10\seed_0\split_fidelity.json,hill_valley_without_noise,gradient_sampling,budget_10,seed_0,xgboost,-0.40142345768580445,0.0,0.0,0.036416900000403984
split_fidelity,hill_valley_without_noise\gradient_sampling\budget_10\seed_1\split_fidelity.json,hill_valley_without_noise,gradient_sampling,budget_10,seed_1,xgboost,-0.22769900684299976,0.0,0.0,0.026902399999926274
split_fidelity,hill_valley_without_noise\gradient_sampling\budget_10\seed_2\split_fidelity.json,hill_valley_without_noise,gradient_sampling,budget_10,seed_2,xgboost,-0.3092158022906623,0.0,0.0,0.034349399999882735
split_fidelity,hill_valley_without_noise\gradient_sampling\budget_100\seed_0\split_fidelity.json,hill_valley_without_noise,gradient_sampling,budget_100,seed_0,xgboost,-0.2770637797356592,0.0,0.0,0.22748460000002524
split_fidelity,hill_valley_without_noise\gradient_sampling\budget_100\seed_1\split_fidelity.json,hill_valley_without_noise,gradient_sampling,budget_100,seed_1,xgboost,0.4945803344986411,0.0,0.0,0.25287910000042757
split_fidelity,hill_valley_without_noise\gradient_sampling\budget_100\seed_2\split_fidelity.json,hill_valley_without_noise,gradient_sampling,budget_100,seed_2,xgboost,0.8001749648456087,1.0,1.0,0.24294949999966775
split_fidelity,hill_valley_without_noise\gradient_sampling\budget_25\seed_0\split_fidelity.json,hill_valley_without_noise,gradient_sampling,budget_25,seed_0,xgboost,0.0070498160608422405,0.0,0.0,0.06082640000022366
split_fidelity,hill_valley_without_noise\gradient_sampling\budget_25\seed_1\split_fidelity.json,hill_valley_without_noise,gradient_sampling,budget_25,seed_1,xgboost,0.3171470011378528,0.0,0.0,0.04867759999979171
split_fidelity,hill_valley_without_noise\gradient_sampling\budget_25\seed_2\split_fidelity.json,hill_valley_without_noise,gradient_sampling,budget_25,seed_2,xgboost,0.06723078650827503,0.0,0.0,0.0642163000002256
split_fidelity,hill_valley_without_noise\gradient_sampling\budget_50\seed_0\split_fidelity.json,hill_valley_without_noise,gradient_sampling,budget_50,seed_0,xgboost,0.3053417463648104,0.0,0.0,0.1135666999998648
split_fidelity,hill_valley_without_noise\gradient_sampling\budget_50\seed_1\split_fidelity.json,hill_valley_without_noise,gradient_sampling,budget_50,seed_1,xgboost,0.41792316909457894,0.0,0.0,0.10327940000024682
split_fidelity,hill_valley_without_noise\gradient_sampling\budget_50\seed_2\split_fidelity.json,hill_valley_without_noise,gradient_sampling,budget_50,seed_2,xgboost,0.7268674776318107,1.0,1.0,0.10074889999941661
split_fidelity,hill_valley_without_noise\herding\budget_10\seed_0\split_fidelity.json,hill_valley_without_noise,herding,budget_10,seed_0,xgboost,-0.14350482933450712,0.0,0.2,0.034674399999858
split_fidelity,hill_valley_without_noise\herding\budget_10\seed_1\split_fidelity.json,hill_valley_without_noise,herding,budget_10,seed_1,xgboost,-0.09781248378829015,0.0,0.0,0.0281449000003704
split_fidelity,hill_valley_without_noise\herding\budget_10\seed_2\split_fidelity.json,hill_valley_without_noise,herding,budget_10,seed_2,xgboost,-0.047656302881679206,0.0,0.0,0.031011499999294756
split_fidelity,hill_valley_without_noise\herding\budget_100\seed_0\split_fidelity.json,hill_valley_without_noise,herding,budget_100,seed_0,xgboost,-0.5606295548634322,0.0,0.0,0.25311710000005405
split_fidelity,hill_valley_without_noise\herding\budget_100\seed_1\split_fidelity.json,hill_valley_without_noise,herding,budget_100,seed_1,xgboost,0.43972543092067906,0.0,0.0,0.2735214000003907
split_fidelity,hill_valley_without_noise\herding\budget_100\seed_2\split_fidelity.json,hill_valley_without_noise,herding,budget_100,seed_2,xgboost,0.40333692038966473,0.0,0.0,0.2370943999994779
split_fidelity,hill_valley_without_noise\herding\budget_25\seed_0\split_fidelity.json,hill_valley_without_noise,herding,budget_25,seed_0,xgboost,-0.181020851359562,0.0,0.0,0.06118839999544434
split_fidelity,hill_valley_without_noise\herding\budget_25\seed_1\split_fidelity.json,hill_valley_without_noise,herding,budget_25,seed_1,xgboost,-0.22213562915555823,0.0,0.0,0.06553849999909289
split_fidelity,hill_valley_without_noise\herding\budget_25\seed_2\split_fidelity.json,hill_valley_without_noise,herding,budget_25,seed_2,xgboost,-0.05052234808405413,0.0,0.0,0.05885830000624992
split_fidelity,hill_valley_without_noise\herding\budget_50\seed_0\split_fidelity.json,hill_valley_without_noise,herding,budget_50,seed_0,xgboost,-0.26000029890245424,0.0,0.0,0.12460689998988528
split_fidelity,hill_valley_without_noise\herding\budget_50\seed_1\split_fidelity.json,hill_valley_without_noise,herding,budget_50,seed_1,xgboost,-0.26397083628010887,0.0,0.0,0.12505489999603014
split_fidelity,hill_valley_without_noise\herding\budget_50\seed_2\split_fidelity.json,hill_valley_without_noise,herding,budget_50,seed_2,xgboost,-0.26438054348702983,0.0,0.0,0.11298530000203755
split_fidelity,hill_valley_without_noise\k_center\budget_10\seed_0\split_fidelity.json,hill_valley_without_noise,k_center,budget_10,seed_0,xgboost,0.49942211199939646,0.0,0.0,0.02490250000028027
split_fidelity,hill_valley_without_noise\k_center\budget_10\seed_1\split_fidelity.json,hill_valley_without_noise,k_center,budget_10,seed_1,xgboost,-0.2917392789047287,0.0,0.0,0.029934400000456662
split_fidelity,hill_valley_without_noise\k_center\budget_10\seed_2\split_fidelity.json,hill_valley_without_noise,k_center,budget_10,seed_2,xgboost,-0.6187087176788004,0.0,0.0,0.0280466999993223
split_fidelity,hill_valley_without_noise\k_center\budget_100\seed_0\split_fidelity.json,hill_valley_without_noise,k_center,budget_100,seed_0,xgboost,0.5542582961097429,0.0,0.0,0.2221946999998181
split_fidelity,hill_valley_without_noise\k_center\budget_100\seed_1\split_fidelity.json,hill_valley_without_noise,k_center,budget_100,seed_1,xgboost,0.6851150559110823,0.0,0.0,0.2283315999993647
split_fidelity,hill_valley_without_noise\k_center\budget_100\seed_2\split_fidelity.json,hill_valley_without_noise,k_center,budget_100,seed_2,xgboost,0.5510979346932867,0.0,0.0,0.2195425999998406
split_fidelity,hill_valley_without_noise\k_center\budget_25\seed_0\split_fidelity.json,hill_valley_without_noise,k_center,budget_25,seed_0,xgboost,0.2971517125178324,0.0,0.0,0.05865610000000743
split_fidelity,hill_valley_without_noise\k_center\budget_25\seed_1\split_fidelity.json,hill_valley_without_noise,k_center,budget_25,seed_1,xgboost,-0.5164761360998179,0.0,0.0,0.06973199999993085
split_fidelity,hill_valley_without_noise\k_center\budget_25\seed_2\split_fidelity.json,hill_valley_without_noise,k_center,budget_25,seed_2,xgboost,-0.5866979404138319,0.0,0.0,0.07423370000014984
split_fidelity,hill_valley_without_noise\k_center\budget_50\seed_0\split_fidelity.json,hill_valley_without_noise,k_center,budget_50,seed_0,xgboost,0.3356952962827107,0.0,0.0,0.13982359999954497
split_fidelity,hill_valley_without_noise\k_center\budget_50\seed_1\split_fidelity.json,hill_valley_without_noise,k_center,budget_50,seed_1,xgboost,-0.5153847183920955,0.0,0.0,0.14253780000035476
split_fidelity,hill_valley_without_noise\k_center\budget_50\seed_2\split_fidelity.json,hill_valley_without_noise,k_center,budget_50,seed_2,xgboost,-0.6239471488029354,0.0,0.0,0.14645329999984824
split_fidelity,hill_valley_without_noise\random\budget_10\seed_0\split_fidelity.json,hill_valley_without_noise,random,budget_10,seed_0,xgboost,0.6644142300075293,0.0,0.4,0.02760709999984101
split_fidelity,hill_valley_without_noise\random\budget_10\seed_1\split_fidelity.json,hill_valley_without_noise,random,budget_10,seed_1,xgboost,-0.29279750745457106,0.0,0.2,0.02790770000046905
split_fidelity,hill_valley_without_noise\random\budget_10\seed_2\split_fidelity.json,hill_valley_without_noise,random,budget_10,seed_2,xgboost,-0.3346169887608635,0.0,0.0,0.0318120000001727
split_fidelity,hill_valley_without_noise\random\budget_100\seed_0\split_fidelity.json,hill_valley_without_noise,random,budget_100,seed_0,xgboost,0.7262203343572449,0.0,0.0,0.25000139999974635
split_fidelity,hill_valley_without_noise\random\budget_100\seed_1\split_fidelity.json,hill_valley_without_noise,random,budget_100,seed_1,xgboost,0.5894627285925699,0.0,0.0,0.23826889999963896
split_fidelity,hill_valley_without_noise\random\budget_100\seed_2\split_fidelity.json,hill_valley_without_noise,random,budget_100,seed_2,xgboost,0.6777580714789188,0.0,0.0,0.23332810000010795
split_fidelity,hill_valley_without_noise\random\budget_25\seed_0\split_fidelity.json,hill_valley_without_noise,random,budget_25,seed_0,xgboost,0.7394107765743356,0.0,0.0,0.06504279999353457
split_fidelity,hill_valley_without_noise\random\budget_25\seed_1\split_fidelity.json,hill_valley_without_noise,random,budget_25,seed_1,xgboost,0.2657755024400863,0.0,0.0,0.06364969999413006
split_fidelity,hill_valley_without_noise\random\budget_25\seed_2\split_fidelity.json,hill_valley_without_noise,random,budget_25,seed_2,xgboost,0.3543739344881485,0.0,0.0,0.05933709999953862
split_fidelity,hill_valley_without_noise\random\budget_50\seed_0\split_fidelity.json,hill_valley_without_noise,random,budget_50,seed_0,xgboost,0.6396076134992864,0.0,0.0,0.10283289999642875
split_fidelity,hill_valley_without_noise\random\budget_50\seed_1\split_fidelity.json,hill_valley_without_noise,random,budget_50,seed_1,xgboost,0.5155432469784322,0.0,0.0,0.09163739999348763
split_fidelity,hill_valley_without_noise\random\budget_50\seed_2\split_fidelity.json,hill_valley_without_noise,random,budget_50,seed_2,xgboost,-0.5020005672236512,0.0,0.0,0.0771342999942135
split_fidelity,hill_valley_without_noise\tree_region\budget_10\seed_0\split_fidelity.json,hill_valley_without_noise,tree_region,budget_10,seed_0,xgboost,-0.40142345768580445,0.0,0.0,0.025502399999822956
split_fidelity,hill_valley_without_noise\tree_region\budget_10\seed_1\split_fidelity.json,hill_valley_without_noise,tree_region,budget_10,seed_1,xgboost,-0.22769900684299976,0.0,0.0,0.041242399999646295
split_fidelity,hill_valley_without_noise\tree_region\budget_10\seed_2\split_fidelity.json,hill_valley_without_noise,tree_region,budget_10,seed_2,xgboost,-0.3092158022906623,0.0,0.0,0.049661200000628014
split_fidelity,hill_valley_without_noise\tree_region\budget_100\seed_0\split_fidelity.json,hill_valley_without_noise,tree_region,budget_100,seed_0,xgboost,-0.2770637797356592,0.0,0.0,0.26663790000020526
split_fidelity,hill_valley_without_noise\tree_region\budget_100\seed_1\split_fidelity.json,hill_valley_without_noise,tree_region,budget_100,seed_1,xgboost,0.4945803344986411,0.0,0.0,0.23835520000011456
split_fidelity,hill_valley_without_noise\tree_region\budget_100\seed_2\split_fidelity.json,hill_valley_without_noise,tree_region,budget_100,seed_2,xgboost,0.8001749648456087,1.0,1.0,0.2323897999995097
split_fidelity,hill_valley_without_noise\tree_region\budget_25\seed_0\split_fidelity.json,hill_valley_without_noise,tree_region,budget_25,seed_0,xgboost,0.0070498160608422405,0.0,0.0,0.055411800000001676
split_fidelity,hill_valley_without_noise\tree_region\budget_25\seed_1\split_fidelity.json,hill_valley_without_noise,tree_region,budget_25,seed_1,xgboost,0.3171470011378528,0.0,0.0,0.06236510000053386
split_fidelity,hill_valley_without_noise\tree_region\budget_25\seed_2\split_fidelity.json,hill_valley_without_noise,tree_region,budget_25,seed_2,xgboost,0.06723078650827503,0.0,0.0,0.05588750000060827
split_fidelity,hill_valley_without_noise\tree_region\budget_50\seed_0\split_fidelity.json,hill_valley_without_noise,tree_region,budget_50,seed_0,xgboost,0.3053417463648104,0.0,0.0,0.1076376999999411
split_fidelity,hill_valley_without_noise\tree_region\budget_50\seed_1\split_fidelity.json,hill_valley_without_noise,tree_region,budget_50,seed_1,xgboost,0.41792316909457894,0.0,0.0,0.10052509999968606
split_fidelity,hill_valley_without_noise\tree_region\budget_50\seed_2\split_fidelity.json,hill_valley_without_noise,tree_region,budget_50,seed_2,xgboost,0.7268674776318107,1.0,1.0,0.11795900000015536
split_fidelity,hill_valley_with_noise\distribution_matching\budget_10\seed_0\split_fidelity.json,hill_valley_with_noise,distribution_matching,budget_10,seed_0,xgboost,-0.15216825116961594,0.0,0.2,0.024776000000201748
split_fidelity,hill_valley_with_noise\distribution_matching\budget_10\seed_1\split_fidelity.json,hill_valley_with_noise,distribution_matching,budget_10,seed_1,xgboost,0.006606427343158203,0.0,0.0,0.028615799999897717
split_fidelity,hill_valley_with_noise\distribution_matching\budget_10\seed_2\split_fidelity.json,hill_valley_with_noise,distribution_matching,budget_10,seed_2,xgboost,-0.11975609014043269,0.0,0.2,0.025389999999788415
split_fidelity,hill_valley_with_noise\distribution_matching\budget_100\seed_0\split_fidelity.json,hill_valley_with_noise,distribution_matching,budget_100,seed_0,xgboost,0.03607125499014307,0.0,0.0,0.08129389999976411
split_fidelity,hill_valley_with_noise\distribution_matching\budget_100\seed_1\split_fidelity.json,hill_valley_with_noise,distribution_matching,budget_100,seed_1,xgboost,0.18171404394741839,0.0,0.0,0.08814090000032593
split_fidelity,hill_valley_with_noise\distribution_matching\budget_100\seed_2\split_fidelity.json,hill_valley_with_noise,distribution_matching,budget_100,seed_2,xgboost,-0.054485157714367634,0.0,0.0,0.08177969999997003
split_fidelity,hill_valley_with_noise\distribution_matching\budget_25\seed_0\split_fidelity.json,hill_valley_with_noise,distribution_matching,budget_25,seed_0,xgboost,-0.1613427568386023,0.0,0.2,0.05141339999954653
split_fidelity,hill_valley_with_noise\distribution_matching\budget_25\seed_1\split_fidelity.json,hill_valley_with_noise,distribution_matching,budget_25,seed_1,xgboost,-0.06582381159532781,0.0,0.2,0.04404009999962
split_fidelity,hill_valley_with_noise\distribution_matching\budget_25\seed_2\split_fidelity.json,hill_valley_with_noise,distribution_matching,budget_25,seed_2,xgboost,-0.3913900896011328,0.0,0.0,0.040048099999694386
split_fidelity,hill_valley_with_noise\distribution_matching\budget_50\seed_0\split_fidelity.json,hill_valley_with_noise,distribution_matching,budget_50,seed_0,xgboost,0.023950497262439672,0.0,0.0,0.07275850000041828
split_fidelity,hill_valley_with_noise\distribution_matching\budget_50\seed_1\split_fidelity.json,hill_valley_with_noise,distribution_matching,budget_50,seed_1,xgboost,-0.021899820528631524,0.0,0.0,0.09357420000014827
split_fidelity,hill_valley_with_noise\distribution_matching\budget_50\seed_2\split_fidelity.json,hill_valley_with_noise,distribution_matching,budget_50,seed_2,xgboost,-0.2335027841129423,0.0,0.0,0.08072450000054232
split_fidelity,hill_valley_with_noise\full_data\budget_10\seed_0\split_fidelity.json,hill_valley_with_noise,full_data,budget_10,seed_0,xgboost,0.9999999999999998,1.0,1.0,0.4161119000000326
split_fidelity,hill_valley_with_noise\full_data\budget_10\seed_1\split_fidelity.json,hill_valley_with_noise,full_data,budget_10,seed_1,xgboost,0.9296004874892468,1.0,0.2,0.4151952000001984
split_fidelity,hill_valley_with_noise\full_data\budget_10\seed_2\split_fidelity.json,hill_valley_with_noise,full_data,budget_10,seed_2,xgboost,0.8749417006007393,1.0,0.2,0.40371049999976094
split_fidelity,hill_valley_with_noise\full_data\budget_100\seed_0\split_fidelity.json,hill_valley_with_noise,full_data,budget_100,seed_0,xgboost,0.9999999999999998,1.0,1.0,0.38586900000063906
split_fidelity,hill_valley_with_noise\full_data\budget_100\seed_1\split_fidelity.json,hill_valley_with_noise,full_data,budget_100,seed_1,xgboost,0.9296004874892468,1.0,0.2,0.3851542000002155
split_fidelity,hill_valley_with_noise\full_data\budget_100\seed_2\split_fidelity.json,hill_valley_with_noise,full_data,budget_100,seed_2,xgboost,0.8749417006007393,1.0,0.2,0.39139650000015536
split_fidelity,hill_valley_with_noise\full_data\budget_25\seed_0\split_fidelity.json,hill_valley_with_noise,full_data,budget_25,seed_0,xgboost,0.9999999999999998,1.0,1.0,0.3995199999999386
split_fidelity,hill_valley_with_noise\full_data\budget_25\seed_1\split_fidelity.json,hill_valley_with_noise,full_data,budget_25,seed_1,xgboost,0.9296004874892468,1.0,0.2,0.3555250999997952
split_fidelity,hill_valley_with_noise\full_data\budget_25\seed_2\split_fidelity.json,hill_valley_with_noise,full_data,budget_25,seed_2,xgboost,0.8749417006007393,1.0,0.2,0.3723383000005924
split_fidelity,hill_valley_with_noise\full_data\budget_50\seed_0\split_fidelity.json,hill_valley_with_noise,full_data,budget_50,seed_0,xgboost,0.9999999999999998,1.0,1.0,0.302938499999982
split_fidelity,hill_valley_with_noise\full_data\budget_50\seed_1\split_fidelity.json,hill_valley_with_noise,full_data,budget_50,seed_1,xgboost,0.9296004874892468,1.0,0.2,0.319214699999975
split_fidelity,hill_valley_with_noise\full_data\budget_50\seed_2\split_fidelity.json,hill_valley_with_noise,full_data,budget_50,seed_2,xgboost,0.8749417006007393,1.0,0.2,0.2519341000006534
split_fidelity,hill_valley_with_noise\gaindistill\budget_10\seed_0\split_fidelity.json,hill_valley_with_noise,gaindistill,budget_10,seed_0,xgboost,-0.18733703870513563,0.0,0.0,0.015563599999950384
split_fidelity,hill_valley_with_noise\gaindistill\budget_10\seed_1\split_fidelity.json,hill_valley_with_noise,gaindistill,budget_10,seed_1,xgboost,-0.10941872681327001,0.0,0.0,0.016018000000258326
split_fidelity,hill_valley_with_noise\gaindistill\budget_10\seed_2\split_fidelity.json,hill_valley_with_noise,gaindistill,budget_10,seed_2,xgboost,-0.25115056956055876,0.0,0.0,0.016791699999885168
split_fidelity,hill_valley_with_noise\gaindistill\budget_100\seed_0\split_fidelity.json,hill_valley_with_noise,gaindistill,budget_100,seed_0,xgboost,-0.329612140212182,0.0,0.0,0.023876199999904202
split_fidelity,hill_valley_with_noise\gaindistill\budget_100\seed_1\split_fidelity.json,hill_valley_with_noise,gaindistill,budget_100,seed_1,xgboost,-0.24996619254511898,0.0,0.0,0.02486990000033984
split_fidelity,hill_valley_with_noise\gaindistill\budget_100\seed_2\split_fidelity.json,hill_valley_with_noise,gaindistill,budget_100,seed_2,xgboost,-0.26223370360334947,0.0,0.0,0.022871199999826786
split_fidelity,hill_valley_with_noise\gaindistill\budget_25\seed_0\split_fidelity.json,hill_valley_with_noise,gaindistill,budget_25,seed_0,xgboost,-0.25739131484566197,0.0,0.0,0.02032450000024255
split_fidelity,hill_valley_with_noise\gaindistill\budget_25\seed_1\split_fidelity.json,hill_valley_with_noise,gaindistill,budget_25,seed_1,xgboost,-0.20054501413232445,0.0,0.0,0.01745279999977356
split_fidelity,hill_valley_with_noise\gaindistill\budget_25\seed_2\split_fidelity.json,hill_valley_with_noise,gaindistill,budget_25,seed_2,xgboost,-0.18701712897636558,0.0,0.0,0.016192999999475433
split_fidelity,hill_valley_with_noise\gaindistill\budget_50\seed_0\split_fidelity.json,hill_valley_with_noise,gaindistill,budget_50,seed_0,xgboost,-0.2428738543070208,0.0,0.0,0.019357700000000477
split_fidelity,hill_valley_with_noise\gaindistill\budget_50\seed_1\split_fidelity.json,hill_valley_with_noise,gaindistill,budget_50,seed_1,xgboost,-0.2152676495698777,0.0,0.0,0.019385399999919173
split_fidelity,hill_valley_with_noise\gaindistill\budget_50\seed_2\split_fidelity.json,hill_valley_with_noise,gaindistill,budget_50,seed_2,xgboost,-0.14854548865619738,0.0,0.0,0.0205231999998432
split_fidelity,hill_valley_with_noise\gaindistill_hybrid\budget_10\seed_0\split_fidelity.json,hill_valley_with_noise,gaindistill_hybrid,budget_10,seed_0,xgboost,-0.24701525827291113,0.0,0.0,0.056718499999988126
split_fidelity,hill_valley_with_noise\gaindistill_hybrid\budget_10\seed_1\split_fidelity.json,hill_valley_with_noise,gaindistill_hybrid,budget_10,seed_1,xgboost,-0.09773804920517537,0.0,0.0,0.0536247000000003
split_fidelity,hill_valley_with_noise\gaindistill_hybrid\budget_10\seed_2\split_fidelity.json,hill_valley_with_noise,gaindistill_hybrid,budget_10,seed_2,xgboost,0.017786997327885103,0.0,0.0,0.048371700000643614
split_fidelity,hill_valley_with_noise\gaindistill_hybrid\budget_100\seed_0\split_fidelity.json,hill_valley_with_noise,gaindistill_hybrid,budget_100,seed_0,xgboost,0.43733762071881577,0.0,0.0,0.38079409999954805
split_fidelity,hill_valley_with_noise\gaindistill_hybrid\budget_100\seed_1\split_fidelity.json,hill_valley_with_noise,gaindistill_hybrid,budget_100,seed_1,xgboost,-0.08209709823954185,0.0,0.0,0.42948729999989155
split_fidelity,hill_valley_with_noise\gaindistill_hybrid\budget_100\seed_2\split_fidelity.json,hill_valley_with_noise,gaindistill_hybrid,budget_100,seed_2,xgboost,0.669124779531346,0.0,0.2,0.3321970000015426
split_fidelity,hill_valley_with_noise\gaindistill_hybrid\budget_25\seed_0\split_fidelity.json,hill_valley_with_noise,gaindistill_hybrid,budget_25,seed_0,xgboost,0.0738385902150047,0.0,0.2,0.12251269999978831
split_fidelity,hill_valley_with_noise\gaindistill_hybrid\budget_25\seed_1\split_fidelity.json,hill_valley_with_noise,gaindistill_hybrid,budget_25,seed_1,xgboost,0.06612599593496846,0.0,0.0,0.12727690000065195
split_fidelity,hill_valley_with_noise\gaindistill_hybrid\budget_25\seed_2\split_fidelity.json,hill_valley_with_noise,gaindistill_hybrid,budget_25,seed_2,xgboost,-0.1088394287244366,0.0,0.0,0.12110220000067784
split_fidelity,hill_valley_with_noise\gaindistill_hybrid\budget_50\seed_0\split_fidelity.json,hill_valley_with_noise,gaindistill_hybrid,budget_50,seed_0,xgboost,0.24953921562828524,0.0,0.0,0.25136509999902046
split_fidelity,hill_valley_with_noise\gaindistill_hybrid\budget_50\seed_1\split_fidelity.json,hill_valley_with_noise,gaindistill_hybrid,budget_50,seed_1,xgboost,0.14966794789202137,0.0,0.0,0.2644000000000233
split_fidelity,hill_valley_with_noise\gaindistill_hybrid\budget_50\seed_2\split_fidelity.json,hill_valley_with_noise,gaindistill_hybrid,budget_50,seed_2,xgboost,0.5487468048628781,0.0,0.0,0.22749800000019604
split_fidelity,hill_valley_with_noise\gaindistill_path_hybrid\budget_10\seed_0\split_fidelity.json,hill_valley_with_noise,gaindistill_path_hybrid,budget_10,seed_0,xgboost,0.15843344128765702,0.0,0.2,0.04124419999970996
split_fidelity,hill_valley_with_noise\gaindistill_path_hybrid\budget_10\seed_1\split_fidelity.json,hill_valley_with_noise,gaindistill_path_hybrid,budget_10,seed_1,xgboost,-0.05832743407470233,0.0,0.0,0.05404679999992368
split_fidelity,hill_valley_with_noise\gaindistill_path_hybrid\budget_10\seed_2\split_fidelity.json,hill_valley_with_noise,gaindistill_path_hybrid,budget_10,seed_2,xgboost,-0.11328678082572989,0.0,0.0,0.04872319999958563
split_fidelity,hill_valley_with_noise\gaindistill_path_hybrid\budget_100\seed_0\split_fidelity.json,hill_valley_with_noise,gaindistill_path_hybrid,budget_100,seed_0,xgboost,0.43187028832630076,1.0,0.2,0.31468559999848367
split_fidelity,hill_valley_with_noise\gaindistill_path_hybrid\budget_100\seed_1\split_fidelity.json,hill_valley_with_noise,gaindistill_path_hybrid,budget_100,seed_1,xgboost,0.37992171861947177,0.0,0.0,0.3624756000008347
split_fidelity,hill_valley_with_noise\gaindistill_path_hybrid\budget_100\seed_2\split_fidelity.json,hill_valley_with_noise,gaindistill_path_hybrid,budget_100,seed_2,xgboost,0.38890799093644973,0.0,0.2,0.2555826000007073
split_fidelity,hill_valley_with_noise\gaindistill_path_hybrid\budget_25\seed_0\split_fidelity.json,hill_valley_with_noise,gaindistill_path_hybrid,budget_25,seed_0,xgboost,0.39589514978420765,0.0,0.2,0.1265084000006027
split_fidelity,hill_valley_with_noise\gaindistill_path_hybrid\budget_25\seed_1\split_fidelity.json,hill_valley_with_noise,gaindistill_path_hybrid,budget_25,seed_1,xgboost,-0.07266396319636241,0.0,0.0,0.11223410000093281
split_fidelity,hill_valley_with_noise\gaindistill_path_hybrid\budget_25\seed_2\split_fidelity.json,hill_valley_with_noise,gaindistill_path_hybrid,budget_25,seed_2,xgboost,0.03447764549857436,0.0,0.0,0.10173889999896346
split_fidelity,hill_valley_with_noise\gaindistill_path_hybrid\budget_50\seed_0\split_fidelity.json,hill_valley_with_noise,gaindistill_path_hybrid,budget_50,seed_0,xgboost,0.1279797694772063,0.0,0.0,0.1710849999999482
split_fidelity,hill_valley_with_noise\gaindistill_path_hybrid\budget_50\seed_1\split_fidelity.json,hill_valley_with_noise,gaindistill_path_hybrid,budget_50,seed_1,xgboost,0.3023815521550774,1.0,0.2,0.19272079999973357
split_fidelity,hill_valley_with_noise\gaindistill_path_hybrid\budget_50\seed_2\split_fidelity.json,hill_valley_with_noise,gaindistill_path_hybrid,budget_50,seed_2,xgboost,0.055722216494009304,0.0,0.0,0.20185620000120252
split_fidelity,hill_valley_with_noise\gain_herding\budget_10\seed_0\split_fidelity.json,hill_valley_with_noise,gain_herding,budget_10,seed_0,xgboost,-0.2760072907629253,0.0,0.0,0.03767140000127256
split_fidelity,hill_valley_with_noise\gain_herding\budget_10\seed_1\split_fidelity.json,hill_valley_with_noise,gain_herding,budget_10,seed_1,xgboost,0.07174056484433654,0.0,0.0,0.04538479999973788
split_fidelity,hill_valley_with_noise\gain_herding\budget_10\seed_2\split_fidelity.json,hill_valley_with_noise,gain_herding,budget_10,seed_2,xgboost,-0.03645933351415694,0.0,0.0,0.04428430000007211
split_fidelity,hill_valley_with_noise\gain_herding\budget_100\seed_0\split_fidelity.json,hill_valley_with_noise,gain_herding,budget_100,seed_0,xgboost,0.40673430862917753,0.0,0.2,0.25302000000010594
split_fidelity,hill_valley_with_noise\gain_herding\budget_100\seed_1\split_fidelity.json,hill_valley_with_noise,gain_herding,budget_100,seed_1,xgboost,0.4517589541679516,0.0,0.0,0.28861959999994724
split_fidelity,hill_valley_with_noise\gain_herding\budget_100\seed_2\split_fidelity.json,hill_valley_with_noise,gain_herding,budget_100,seed_2,xgboost,0.7746020047234908,0.0,0.2,0.2892651999991358
split_fidelity,hill_valley_with_noise\gain_herding\budget_25\seed_0\split_fidelity.json,hill_valley_with_noise,gain_herding,budget_25,seed_0,xgboost,0.0915117779116337,0.0,0.2,0.06626049999613315
split_fidelity,hill_valley_with_noise\gain_herding\budget_25\seed_1\split_fidelity.json,hill_valley_with_noise,gain_herding,budget_25,seed_1,xgboost,-0.048763845862745625,0.0,0.0,0.06293259999074508
split_fidelity,hill_valley_with_noise\gain_herding\budget_25\seed_2\split_fidelity.json,hill_valley_with_noise,gain_herding,budget_25,seed_2,xgboost,-0.1928673326381979,0.0,0.0,0.06060460000298917
split_fidelity,hill_valley_with_noise\gain_herding\budget_50\seed_0\split_fidelity.json,hill_valley_with_noise,gain_herding,budget_50,seed_0,xgboost,0.1562797761200671,0.0,0.2,0.10855910000100266
split_fidelity,hill_valley_with_noise\gain_herding\budget_50\seed_1\split_fidelity.json,hill_valley_with_noise,gain_herding,budget_50,seed_1,xgboost,0.26469247377598176,0.0,0.0,0.1079738999978872
split_fidelity,hill_valley_with_noise\gain_herding\budget_50\seed_2\split_fidelity.json,hill_valley_with_noise,gain_herding,budget_50,seed_2,xgboost,0.40849319763323444,0.0,0.0,0.10221170001022983
split_fidelity,hill_valley_with_noise\gain_path_herding\budget_10\seed_0\split_fidelity.json,hill_valley_with_noise,gain_path_herding,budget_10,seed_0,xgboost,0.320087062226165,0.0,0.0,0.030184200000803685
split_fidelity,hill_valley_with_noise\gain_path_herding\budget_10\seed_1\split_fidelity.json,hill_valley_with_noise,gain_path_herding,budget_10,seed_1,xgboost,0.10611788142218641,0.0,0.0,0.04119670000000042
split_fidelity,hill_valley_with_noise\gain_path_herding\budget_10\seed_2\split_fidelity.json,hill_valley_with_noise,gain_path_herding,budget_10,seed_2,xgboost,-0.10131915312883094,0.0,0.0,0.034162199999627774
split_fidelity,hill_valley_with_noise\gain_path_herding\budget_100\seed_0\split_fidelity.json,hill_valley_with_noise,gain_path_herding,budget_100,seed_0,xgboost,0.27910727942843383,0.0,0.0,0.27337420000003476
split_fidelity,hill_valley_with_noise\gain_path_herding\budget_100\seed_1\split_fidelity.json,hill_valley_with_noise,gain_path_herding,budget_100,seed_1,xgboost,0.4101219031982945,0.0,0.2,0.2358421000008093
split_fidelity,hill_valley_with_noise\gain_path_herding\budget_100\seed_2\split_fidelity.json,hill_valley_with_noise,gain_path_herding,budget_100,seed_2,xgboost,0.3042067860648869,0.0,0.0,0.23213630000100238
split_fidelity,hill_valley_with_noise\gain_path_herding\budget_25\seed_0\split_fidelity.json,hill_valley_with_noise,gain_path_herding,budget_25,seed_0,xgboost,0.5002865894805747,0.0,0.2,0.05781840000418015
split_fidelity,hill_valley_with_noise\gain_path_herding\budget_25\seed_1\split_fidelity.json,hill_valley_with_noise,gain_path_herding,budget_25,seed_1,xgboost,0.11442789644285266,0.0,0.0,0.06192920000466984
split_fidelity,hill_valley_with_noise\gain_path_herding\budget_25\seed_2\split_fidelity.json,hill_valley_with_noise,gain_path_herding,budget_25,seed_2,xgboost,0.15386790293153627,0.0,0.0,0.05283380000037141
split_fidelity,hill_valley_with_noise\gain_path_herding\budget_50\seed_0\split_fidelity.json,hill_valley_with_noise,gain_path_herding,budget_50,seed_0,xgboost,0.07738005571640692,0.0,0.2,0.1025657999998657
split_fidelity,hill_valley_with_noise\gain_path_herding\budget_50\seed_1\split_fidelity.json,hill_valley_with_noise,gain_path_herding,budget_50,seed_1,xgboost,0.22613588229310544,0.0,0.0,0.10124469999573193
split_fidelity,hill_valley_with_noise\gain_path_herding\budget_50\seed_2\split_fidelity.json,hill_valley_with_noise,gain_path_herding,budget_50,seed_2,xgboost,-0.10846498861472648,0.0,0.0,0.10308759998588357
split_fidelity,hill_valley_with_noise\gain_path_refined\budget_25\seed_0\split_fidelity.json,hill_valley_with_noise,gain_path_refined,budget_25,seed_0,xgboost,0.37341217117983827,0.0,0.2,0.0526143999886699
split_fidelity,hill_valley_with_noise\gain_path_refined\budget_25\seed_1\split_fidelity.json,hill_valley_with_noise,gain_path_refined,budget_25,seed_1,xgboost,0.010508914621568416,0.0,0.0,0.06214270000054967
split_fidelity,hill_valley_with_noise\gain_path_refined\budget_25\seed_2\split_fidelity.json,hill_valley_with_noise,gain_path_refined,budget_25,seed_2,xgboost,-0.1737281835839767,0.0,0.0,0.0638351999950828
split_fidelity,hill_valley_with_noise\gain_path_refined\budget_50\seed_0\split_fidelity.json,hill_valley_with_noise,gain_path_refined,budget_50,seed_0,xgboost,0.24832188913841918,0.0,0.2,0.11026309999579098
split_fidelity,hill_valley_with_noise\gain_path_refined\budget_50\seed_1\split_fidelity.json,hill_valley_with_noise,gain_path_refined,budget_50,seed_1,xgboost,0.11270913390601446,0.0,0.0,0.1103346000018064
split_fidelity,hill_valley_with_noise\gain_path_refined\budget_50\seed_2\split_fidelity.json,hill_valley_with_noise,gain_path_refined,budget_50,seed_2,xgboost,-0.16253528253468488,0.0,0.0,0.10815520001051482
split_fidelity,hill_valley_with_noise\gain_path_safeguarded\budget_25\seed_0\split_fidelity.json,hill_valley_with_noise,gain_path_safeguarded,budget_25,seed_0,xgboost,0.5002865894805747,0.0,0.2,0.05942979999235831
split_fidelity,hill_valley_with_noise\gain_path_safeguarded\budget_25\seed_1\split_fidelity.json,hill_valley_with_noise,gain_path_safeguarded,budget_25,seed_1,xgboost,0.11442789644285266,0.0,0.0,0.058022400000481866
split_fidelity,hill_valley_with_noise\gain_path_safeguarded\budget_25\seed_2\split_fidelity.json,hill_valley_with_noise,gain_path_safeguarded,budget_25,seed_2,xgboost,0.15386790293153627,0.0,0.0,0.05812090000836179
split_fidelity,hill_valley_with_noise\gain_path_safeguarded\budget_50\seed_0\split_fidelity.json,hill_valley_with_noise,gain_path_safeguarded,budget_50,seed_0,xgboost,0.07738005571640692,0.0,0.2,0.11453890000120737
split_fidelity,hill_valley_with_noise\gain_path_safeguarded\budget_50\seed_1\split_fidelity.json,hill_valley_with_noise,gain_path_safeguarded,budget_50,seed_1,xgboost,0.22613588229310544,0.0,0.0,0.1078809999889927
split_fidelity,hill_valley_with_noise\gain_path_safeguarded\budget_50\seed_2\split_fidelity.json,hill_valley_with_noise,gain_path_safeguarded,budget_50,seed_2,xgboost,-0.10846498861472648,0.0,0.0,0.10615789999428671
split_fidelity,hill_valley_with_noise\gain_weighted_coreset\budget_10\seed_0\split_fidelity.json,hill_valley_with_noise,gain_weighted_coreset,budget_10,seed_0,xgboost,-0.24701525827291113,0.0,0.0,0.08919720000085363
split_fidelity,hill_valley_with_noise\gain_weighted_coreset\budget_10\seed_1\split_fidelity.json,hill_valley_with_noise,gain_weighted_coreset,budget_10,seed_1,xgboost,-0.09773804920517537,0.0,0.0,0.06686050000098476
split_fidelity,hill_valley_with_noise\gain_weighted_coreset\budget_10\seed_2\split_fidelity.json,hill_valley_with_noise,gain_weighted_coreset,budget_10,seed_2,xgboost,0.017786997327885103,0.0,0.0,0.056467200000042794
split_fidelity,hill_valley_with_noise\gain_weighted_coreset\budget_100\seed_0\split_fidelity.json,hill_valley_with_noise,gain_weighted_coreset,budget_100,seed_0,xgboost,0.43733762071881577,0.0,0.0,0.4362430000001041
split_fidelity,hill_valley_with_noise\gain_weighted_coreset\budget_100\seed_1\split_fidelity.json,hill_valley_with_noise,gain_weighted_coreset,budget_100,seed_1,xgboost,-0.08209709823954185,0.0,0.0,0.4406888000012259
split_fidelity,hill_valley_with_noise\gain_weighted_coreset\budget_100\seed_2\split_fidelity.json,hill_valley_with_noise,gain_weighted_coreset,budget_100,seed_2,xgboost,0.669124779531346,0.0,0.2,0.3058749000010721
split_fidelity,hill_valley_with_noise\gain_weighted_coreset\budget_25\seed_0\split_fidelity.json,hill_valley_with_noise,gain_weighted_coreset,budget_25,seed_0,xgboost,0.0738385902150047,0.0,0.2,0.11436049999974784
split_fidelity,hill_valley_with_noise\gain_weighted_coreset\budget_25\seed_1\split_fidelity.json,hill_valley_with_noise,gain_weighted_coreset,budget_25,seed_1,xgboost,0.06612599593496846,0.0,0.0,0.10613649999868358
split_fidelity,hill_valley_with_noise\gain_weighted_coreset\budget_25\seed_2\split_fidelity.json,hill_valley_with_noise,gain_weighted_coreset,budget_25,seed_2,xgboost,-0.1088394287244366,0.0,0.0,0.11536840000007942
split_fidelity,hill_valley_with_noise\gain_weighted_coreset\budget_50\seed_0\split_fidelity.json,hill_valley_with_noise,gain_weighted_coreset,budget_50,seed_0,xgboost,0.24953921562828524,0.0,0.0,0.21149439999862807
split_fidelity,hill_valley_with_noise\gain_weighted_coreset\budget_50\seed_1\split_fidelity.json,hill_valley_with_noise,gain_weighted_coreset,budget_50,seed_1,xgboost,0.14966794789202137,0.0,0.0,0.23505870000008144
split_fidelity,hill_valley_with_noise\gain_weighted_coreset\budget_50\seed_2\split_fidelity.json,hill_valley_with_noise,gain_weighted_coreset,budget_50,seed_2,xgboost,0.5487468048628781,0.0,0.0,0.20285449999937555
split_fidelity,hill_valley_with_noise\gradient_sampling\budget_10\seed_0\split_fidelity.json,hill_valley_with_noise,gradient_sampling,budget_10,seed_0,xgboost,-0.16041879699418266,0.0,0.0,0.01404640000055224
split_fidelity,hill_valley_with_noise\gradient_sampling\budget_10\seed_1\split_fidelity.json,hill_valley_with_noise,gradient_sampling,budget_10,seed_1,xgboost,-0.2745195426448306,0.0,0.0,0.01485190000039438
split_fidelity,hill_valley_with_noise\gradient_sampling\budget_10\seed_2\split_fidelity.json,hill_valley_with_noise,gradient_sampling,budget_10,seed_2,xgboost,-0.22428494524092357,0.0,0.0,0.013788000000204192
split_fidelity,hill_valley_with_noise\gradient_sampling\budget_100\seed_0\split_fidelity.json,hill_valley_with_noise,gradient_sampling,budget_100,seed_0,xgboost,0.36879972394195715,0.0,0.0,0.09950990000015736
split_fidelity,hill_valley_with_noise\gradient_sampling\budget_100\seed_1\split_fidelity.json,hill_valley_with_noise,gradient_sampling,budget_100,seed_1,xgboost,0.27193401784052174,0.0,0.0,0.10137010000016744
split_fidelity,hill_valley_with_noise\gradient_sampling\budget_100\seed_2\split_fidelity.json,hill_valley_with_noise,gradient_sampling,budget_100,seed_2,xgboost,0.3597551185972896,0.0,0.0,0.09961569999995845
split_fidelity,hill_valley_with_noise\gradient_sampling\budget_25\seed_0\split_fidelity.json,hill_valley_with_noise,gradient_sampling,budget_25,seed_0,xgboost,0.0755223427991201,0.0,0.0,0.02602160000060394
split_fidelity,hill_valley_with_noise\gradient_sampling\budget_25\seed_1\split_fidelity.json,hill_valley_with_noise,gradient_sampling,budget_25,seed_1,xgboost,-0.032861105083274854,0.0,0.0,0.024541300000237243
split_fidelity,hill_valley_with_noise\gradient_sampling\budget_25\seed_2\split_fidelity.json,hill_valley_with_noise,gradient_sampling,budget_25,seed_2,xgboost,-0.1860229450427095,0.0,0.0,0.02394300000014482
split_fidelity,hill_valley_with_noise\gradient_sampling\budget_50\seed_0\split_fidelity.json,hill_valley_with_noise,gradient_sampling,budget_50,seed_0,xgboost,0.20423879276494256,0.0,0.4,0.05156390000047395
split_fidelity,hill_valley_with_noise\gradient_sampling\budget_50\seed_1\split_fidelity.json,hill_valley_with_noise,gradient_sampling,budget_50,seed_1,xgboost,0.08519205061664092,0.0,0.0,0.05085670000062237
split_fidelity,hill_valley_with_noise\gradient_sampling\budget_50\seed_2\split_fidelity.json,hill_valley_with_noise,gradient_sampling,budget_50,seed_2,xgboost,0.26008385375861465,0.0,0.0,0.053693099999691185
split_fidelity,hill_valley_with_noise\herding\budget_10\seed_0\split_fidelity.json,hill_valley_with_noise,herding,budget_10,seed_0,xgboost,-0.023361762884761945,0.0,0.0,0.014294100000370236
split_fidelity,hill_valley_with_noise\herding\budget_10\seed_1\split_fidelity.json,hill_valley_with_noise,herding,budget_10,seed_1,xgboost,-0.04131162552114402,0.0,0.0,0.015754000000015367
split_fidelity,hill_valley_with_noise\herding\budget_10\seed_2\split_fidelity.json,hill_valley_with_noise,herding,budget_10,seed_2,xgboost,-0.020338454079423616,0.0,0.0,0.015161499999521766
split_fidelity,hill_valley_with_noise\herding\budget_100\seed_0\split_fidelity.json,hill_valley_with_noise,herding,budget_100,seed_0,xgboost,0.11100664473033052,0.0,0.0,0.24290110000038112
split_fidelity,hill_valley_with_noise\herding\budget_100\seed_1\split_fidelity.json,hill_valley_with_noise,herding,budget_100,seed_1,xgboost,-0.16266703269191596,0.0,0.0,0.2409697999992204
split_fidelity,hill_valley_with_noise\herding\budget_100\seed_2\split_fidelity.json,hill_valley_with_noise,herding,budget_100,seed_2,xgboost,-0.11851596842238192,0.0,0.0,0.23925640000015846
split_fidelity,hill_valley_with_noise\herding\budget_25\seed_0\split_fidelity.json,hill_valley_with_noise,herding,budget_25,seed_0,xgboost,-0.019611544610951222,0.0,0.0,0.05637109999952372
split_fidelity,hill_valley_with_noise\herding\budget_25\seed_1\split_fidelity.json,hill_valley_with_noise,herding,budget_25,seed_1,xgboost,0.356027625658819,0.0,0.2,0.05805829999735579
split_fidelity,hill_valley_with_noise\herding\budget_25\seed_2\split_fidelity.json,hill_valley_with_noise,herding,budget_25,seed_2,xgboost,0.44741457488423825,0.0,0.2,0.054917299989028834
split_fidelity,hill_valley_with_noise\herding\budget_50\seed_0\split_fidelity.json,hill_valley_with_noise,herding,budget_50,seed_0,xgboost,-0.041199219028034494,0.0,0.0,0.10830079999868758
split_fidelity,hill_valley_with_noise\herding\budget_50\seed_1\split_fidelity.json,hill_valley_with_noise,herding,budget_50,seed_1,xgboost,0.336551995130927,0.0,0.0,0.10544860000663903
split_fidelity,hill_valley_with_noise\herding\budget_50\seed_2\split_fidelity.json,hill_valley_with_noise,herding,budget_50,seed_2,xgboost,0.3255852056502687,0.0,0.0,0.10096349999366794
split_fidelity,hill_valley_with_noise\k_center\budget_10\seed_0\split_fidelity.json,hill_valley_with_noise,k_center,budget_10,seed_0,xgboost,-0.30913842979178674,0.0,0.0,0.03222689999984141
split_fidelity,hill_valley_with_noise\k_center\budget_10\seed_1\split_fidelity.json,hill_valley_with_noise,k_center,budget_10,seed_1,xgboost,-0.16370717897313075,0.0,0.0,0.0291389000003619
split_fidelity,hill_valley_with_noise\k_center\budget_10\seed_2\split_fidelity.json,hill_valley_with_noise,k_center,budget_10,seed_2,xgboost,0.23126684711982368,0.0,0.0,0.027805899999293615
split_fidelity,hill_valley_with_noise\k_center\budget_100\seed_0\split_fidelity.json,hill_valley_with_noise,k_center,budget_100,seed_0,xgboost,0.5776355408351895,0.0,0.0,0.22916299999997136
split_fidelity,hill_valley_with_noise\k_center\budget_100\seed_1\split_fidelity.json,hill_valley_with_noise,k_center,budget_100,seed_1,xgboost,0.5388283417204898,0.0,0.2,0.23341470000013942
split_fidelity,hill_valley_with_noise\k_center\budget_100\seed_2\split_fidelity.json,hill_valley_with_noise,k_center,budget_100,seed_2,xgboost,0.5302812088777625,0.0,0.2,0.21976399999948626
split_fidelity,hill_valley_with_noise\k_center\budget_25\seed_0\split_fidelity.json,hill_valley_with_noise,k_center,budget_25,seed_0,xgboost,-0.35351419163578607,0.0,0.0,0.0690162999999302
split_fidelity,hill_valley_with_noise\k_center\budget_25\seed_1\split_fidelity.json,hill_valley_with_noise,k_center,budget_25,seed_1,xgboost,0.13753033273162368,0.0,0.0,0.06840110000030108
split_fidelity,hill_valley_with_noise\k_center\budget_25\seed_2\split_fidelity.json,hill_valley_with_noise,k_center,budget_25,seed_2,xgboost,0.19478409614023182,0.0,0.0,0.09219530000063969
split_fidelity,hill_valley_with_noise\k_center\budget_50\seed_0\split_fidelity.json,hill_valley_with_noise,k_center,budget_50,seed_0,xgboost,0.3223033232737246,0.0,0.0,0.14910019999933866
split_fidelity,hill_valley_with_noise\k_center\budget_50\seed_1\split_fidelity.json,hill_valley_with_noise,k_center,budget_50,seed_1,xgboost,0.04813547431742921,0.0,0.0,0.1413765000006606
split_fidelity,hill_valley_with_noise\k_center\budget_50\seed_2\split_fidelity.json,hill_valley_with_noise,k_center,budget_50,seed_2,xgboost,0.49816332845304606,0.0,0.0,0.12768569999934698
split_fidelity,hill_valley_with_noise\random\budget_10\seed_0\split_fidelity.json,hill_valley_with_noise,random,budget_10,seed_0,xgboost,0.10941659831451496,0.0,0.0,0.02945999999974447
split_fidelity,hill_valley_with_noise\random\budget_10\seed_1\split_fidelity.json,hill_valley_with_noise,random,budget_10,seed_1,xgboost,-0.05458596633189096,0.0,0.0,0.03360789999987901
split_fidelity,hill_valley_with_noise\random\budget_10\seed_2\split_fidelity.json,hill_valley_with_noise,random,budget_10,seed_2,xgboost,0.11737860060853324,0.0,0.0,0.03751199999987875
split_fidelity,hill_valley_with_noise\random\budget_100\seed_0\split_fidelity.json,hill_valley_with_noise,random,budget_100,seed_0,xgboost,0.1781207298095643,0.0,0.0,0.26265650000004825
split_fidelity,hill_valley_with_noise\random\budget_100\seed_1\split_fidelity.json,hill_valley_with_noise,random,budget_100,seed_1,xgboost,-0.006240523907874181,0.0,0.0,0.24141139999937877
split_fidelity,hill_valley_with_noise\random\budget_100\seed_2\split_fidelity.json,hill_valley_with_noise,random,budget_100,seed_2,xgboost,0.5152797425863215,0.0,0.0,0.21416760000010981
split_fidelity,hill_valley_with_noise\random\budget_25\seed_0\split_fidelity.json,hill_valley_with_noise,random,budget_25,seed_0,xgboost,0.21367372930777626,0.0,0.0,0.05769339999824297
split_fidelity,hill_valley_with_noise\random\budget_25\seed_1\split_fidelity.json,hill_valley_with_noise,random,budget_25,seed_1,xgboost,0.05960903273105609,0.0,0.0,0.05754270000034012
split_fidelity,hill_valley_with_noise\random\budget_25\seed_2\split_fidelity.json,hill_valley_with_noise,random,budget_25,seed_2,xgboost,0.24140048673059744,0.0,0.0,0.05083740000554826
split_fidelity,hill_valley_with_noise\random\budget_50\seed_0\split_fidelity.json,hill_valley_with_noise,random,budget_50,seed_0,xgboost,0.13951286151737824,0.0,0.0,0.09064819999912288
split_fidelity,hill_valley_with_noise\random\budget_50\seed_1\split_fidelity.json,hill_valley_with_noise,random,budget_50,seed_1,xgboost,0.008968321736765582,0.0,0.0,0.08343920001061633
split_fidelity,hill_valley_with_noise\random\budget_50\seed_2\split_fidelity.json,hill_valley_with_noise,random,budget_50,seed_2,xgboost,0.43000736125576483,0.0,0.0,0.06958440000016708
split_fidelity,hill_valley_with_noise\tree_region\budget_10\seed_0\split_fidelity.json,hill_valley_with_noise,tree_region,budget_10,seed_0,xgboost,-0.16041879699418266,0.0,0.0,0.0333491999999751
split_fidelity,hill_valley_with_noise\tree_region\budget_10\seed_1\split_fidelity.json,hill_valley_with_noise,tree_region,budget_10,seed_1,xgboost,-0.2745195426448306,0.0,0.0,0.028706400000373833
split_fidelity,hill_valley_with_noise\tree_region\budget_10\seed_2\split_fidelity.json,hill_valley_with_noise,tree_region,budget_10,seed_2,xgboost,-0.22428494524092357,0.0,0.0,0.03503679999994347
split_fidelity,hill_valley_with_noise\tree_region\budget_100\seed_0\split_fidelity.json,hill_valley_with_noise,tree_region,budget_100,seed_0,xgboost,0.36879972394195715,0.0,0.0,0.23784489999979996
split_fidelity,hill_valley_with_noise\tree_region\budget_100\seed_1\split_fidelity.json,hill_valley_with_noise,tree_region,budget_100,seed_1,xgboost,0.27193401784052174,0.0,0.0,0.23272610000003624
split_fidelity,hill_valley_with_noise\tree_region\budget_100\seed_2\split_fidelity.json,hill_valley_with_noise,tree_region,budget_100,seed_2,xgboost,0.3597551185972896,0.0,0.0,0.16342880000047444
split_fidelity,hill_valley_with_noise\tree_region\budget_25\seed_0\split_fidelity.json,hill_valley_with_noise,tree_region,budget_25,seed_0,xgboost,0.0755223427991201,0.0,0.0,0.05172130000028119
split_fidelity,hill_valley_with_noise\tree_region\budget_25\seed_1\split_fidelity.json,hill_valley_with_noise,tree_region,budget_25,seed_1,xgboost,-0.032861105083274854,0.0,0.0,0.05022760000065318
split_fidelity,hill_valley_with_noise\tree_region\budget_25\seed_2\split_fidelity.json,hill_valley_with_noise,tree_region,budget_25,seed_2,xgboost,-0.1860229450427095,0.0,0.0,0.059554400000706664
split_fidelity,hill_valley_with_noise\tree_region\budget_50\seed_0\split_fidelity.json,hill_valley_with_noise,tree_region,budget_50,seed_0,xgboost,0.20423879276494256,0.0,0.4,0.11894190000020899
split_fidelity,hill_valley_with_noise\tree_region\budget_50\seed_1\split_fidelity.json,hill_valley_with_noise,tree_region,budget_50,seed_1,xgboost,0.08519205061664092,0.0,0.0,0.0851304000007076
split_fidelity,hill_valley_with_noise\tree_region\budget_50\seed_2\split_fidelity.json,hill_valley_with_noise,tree_region,budget_50,seed_2,xgboost,0.26008385375861465,0.0,0.0,0.07663080000020273
split_fidelity,kr_vs_kp\distribution_matching\budget_10\seed_0\split_fidelity.json,kr_vs_kp,distribution_matching,budget_10,seed_0,xgboost,0.16085574934936783,0.0,0.2,0.07336620000023686
split_fidelity,kr_vs_kp\distribution_matching\budget_10\seed_1\split_fidelity.json,kr_vs_kp,distribution_matching,budget_10,seed_1,xgboost,0.056238078725016544,0.0,0.4,0.12931829999979527
split_fidelity,kr_vs_kp\distribution_matching\budget_10\seed_2\split_fidelity.json,kr_vs_kp,distribution_matching,budget_10,seed_2,xgboost,0.03438483636416867,0.0,0.4,0.06186729999990348
split_fidelity,kr_vs_kp\distribution_matching\budget_100\seed_0\split_fidelity.json,kr_vs_kp,distribution_matching,budget_100,seed_0,xgboost,0.5614035087719298,0.0,0.4,0.07623590000002878
split_fidelity,kr_vs_kp\distribution_matching\budget_100\seed_1\split_fidelity.json,kr_vs_kp,distribution_matching,budget_100,seed_1,xgboost,0.4425607618534198,0.0,0.4,0.10664980000001378
split_fidelity,kr_vs_kp\distribution_matching\budget_100\seed_2\split_fidelity.json,kr_vs_kp,distribution_matching,budget_100,seed_2,xgboost,0.31023650104880396,1.0,0.4,0.14188039999953617
split_fidelity,kr_vs_kp\distribution_matching\budget_25\seed_0\split_fidelity.json,kr_vs_kp,distribution_matching,budget_25,seed_0,xgboost,0.3410873515330824,0.0,0.2,0.06729639999957726
split_fidelity,kr_vs_kp\distribution_matching\budget_25\seed_1\split_fidelity.json,kr_vs_kp,distribution_matching,budget_25,seed_1,xgboost,0.13363408414274555,0.0,0.4,0.06389569999919331
split_fidelity,kr_vs_kp\distribution_matching\budget_25\seed_2\split_fidelity.json,kr_vs_kp,distribution_matching,budget_25,seed_2,xgboost,0.34787764791250986,0.0,0.4,0.15524400000049354
split_fidelity,kr_vs_kp\distribution_matching\budget_50\seed_0\split_fidelity.json,kr_vs_kp,distribution_matching,budget_50,seed_0,xgboost,0.42447238566011763,0.0,0.2,0.11213659999975789
split_fidelity,kr_vs_kp\distribution_matching\budget_50\seed_1\split_fidelity.json,kr_vs_kp,distribution_matching,budget_50,seed_1,xgboost,0.22074546758926,1.0,0.4,0.06502300000011019
split_fidelity,kr_vs_kp\distribution_matching\budget_50\seed_2\split_fidelity.json,kr_vs_kp,distribution_matching,budget_50,seed_2,xgboost,0.3903248864785216,0.0,0.2,0.07689789999949426
split_fidelity,kr_vs_kp\full_data\budget_10\seed_0\split_fidelity.json,kr_vs_kp,full_data,budget_10,seed_0,xgboost,0.9999999999999999,1.0,1.0,0.11647479999919597
split_fidelity,kr_vs_kp\full_data\budget_10\seed_1\split_fidelity.json,kr_vs_kp,full_data,budget_10,seed_1,xgboost,0.9658605974395447,0.0,0.4,0.1344321000005948
split_fidelity,kr_vs_kp\full_data\budget_10\seed_2\split_fidelity.json,kr_vs_kp,full_data,budget_10,seed_2,xgboost,0.9345661450924607,1.0,0.6,0.12319670000033511
split_fidelity,kr_vs_kp\full_data\budget_100\seed_0\split_fidelity.json,kr_vs_kp,full_data,budget_100,seed_0,xgboost,0.9999999999999999,1.0,1.0,0.11217949999991106
split_fidelity,kr_vs_kp\full_data\budget_100\seed_1\split_fidelity.json,kr_vs_kp,full_data,budget_100,seed_1,xgboost,0.9658605974395447,0.0,0.4,0.11055390000001353
split_fidelity,kr_vs_kp\full_data\budget_100\seed_2\split_fidelity.json,kr_vs_kp,full_data,budget_100,seed_2,xgboost,0.9345661450924607,1.0,0.6,0.11278990000027989
split_fidelity,kr_vs_kp\full_data\budget_25\seed_0\split_fidelity.json,kr_vs_kp,full_data,budget_25,seed_0,xgboost,0.9999999999999999,1.0,1.0,0.22004759999981616
split_fidelity,kr_vs_kp\full_data\budget_25\seed_1\split_fidelity.json,kr_vs_kp,full_data,budget_25,seed_1,xgboost,0.9658605974395447,0.0,0.4,0.1287918999996691
split_fidelity,kr_vs_kp\full_data\budget_25\seed_2\split_fidelity.json,kr_vs_kp,full_data,budget_25,seed_2,xgboost,0.9345661450924607,1.0,0.6,0.12743130000035308
split_fidelity,kr_vs_kp\full_data\budget_50\seed_0\split_fidelity.json,kr_vs_kp,full_data,budget_50,seed_0,xgboost,0.9999999999999999,1.0,1.0,0.11438509999970847
split_fidelity,kr_vs_kp\full_data\budget_50\seed_1\split_fidelity.json,kr_vs_kp,full_data,budget_50,seed_1,xgboost,0.9658605974395447,0.0,0.4,0.19732010000006994
split_fidelity,kr_vs_kp\full_data\budget_50\seed_2\split_fidelity.json,kr_vs_kp,full_data,budget_50,seed_2,xgboost,0.9345661450924607,1.0,0.6,0.11855009999999311
split_fidelity,kr_vs_kp\gaindistill\budget_10\seed_0\split_fidelity.json,kr_vs_kp,gaindistill,budget_10,seed_0,xgboost,0.2216493646449799,0.0,0.4,0.07130859999961103
split_fidelity,kr_vs_kp\gaindistill\budget_10\seed_1\split_fidelity.json,kr_vs_kp,gaindistill,budget_10,seed_1,xgboost,-0.10033356928858075,0.0,0.2,0.05317590000049677
split_fidelity,kr_vs_kp\gaindistill\budget_10\seed_2\split_fidelity.json,kr_vs_kp,gaindistill,budget_10,seed_2,xgboost,-0.06818171528957247,1.0,0.2,0.06044910000036907
split_fidelity,kr_vs_kp\gaindistill\budget_100\seed_0\split_fidelity.json,kr_vs_kp,gaindistill,budget_100,seed_0,xgboost,-0.16767469131807028,0.0,0.4,0.05573499999991327
split_fidelity,kr_vs_kp\gaindistill\budget_100\seed_1\split_fidelity.json,kr_vs_kp,gaindistill,budget_100,seed_1,xgboost,-0.22439859774633203,0.0,0.2,0.061220399999911024
split_fidelity,kr_vs_kp\gaindistill\budget_100\seed_2\split_fidelity.json,kr_vs_kp,gaindistill,budget_100,seed_2,xgboost,-0.20708832946413436,0.0,0.2,0.0481021999994482
split_fidelity,kr_vs_kp\gaindistill\budget_25\seed_0\split_fidelity.json,kr_vs_kp,gaindistill,budget_25,seed_0,xgboost,-0.21425987925025944,0.0,0.4,0.05703369999991992
split_fidelity,kr_vs_kp\gaindistill\budget_25\seed_1\split_fidelity.json,kr_vs_kp,gaindistill,budget_25,seed_1,xgboost,-0.19660727868895903,0.0,0.2,0.04125280000062048
split_fidelity,kr_vs_kp\gaindistill\budget_25\seed_2\split_fidelity.json,kr_vs_kp,gaindistill,budget_25,seed_2,xgboost,0.022797160055125436,0.0,0.4,0.07141849999970873
split_fidelity,kr_vs_kp\gaindistill\budget_50\seed_0\split_fidelity.json,kr_vs_kp,gaindistill,budget_50,seed_0,xgboost,-0.0953276026967627,0.0,0.4,0.04444299999977375
split_fidelity,kr_vs_kp\gaindistill\budget_50\seed_1\split_fidelity.json,kr_vs_kp,gaindistill,budget_50,seed_1,xgboost,-0.12447791357796037,0.0,0.2,0.04648469999938243
split_fidelity,kr_vs_kp\gaindistill\budget_50\seed_2\split_fidelity.json,kr_vs_kp,gaindistill,budget_50,seed_2,xgboost,-0.08921152828865303,0.0,0.2,0.03469249999943713
split_fidelity,kr_vs_kp\gaindistill_hybrid\budget_10\seed_0\split_fidelity.json,kr_vs_kp,gaindistill_hybrid,budget_10,seed_0,xgboost,0.34121162550272954,1.0,0.6,0.03057260000059614
split_fidelity,kr_vs_kp\gaindistill_hybrid\budget_10\seed_1\split_fidelity.json,kr_vs_kp,gaindistill_hybrid,budget_10,seed_1,xgboost,0.18269787386567204,0.0,0.4,0.023899199999505072
split_fidelity,kr_vs_kp\gaindistill_hybrid\budget_10\seed_2\split_fidelity.json,kr_vs_kp,gaindistill_hybrid,budget_10,seed_2,xgboost,0.3213375448594127,0.0,0.2,0.023875999999290798
split_fidelity,kr_vs_kp\gaindistill_hybrid\budget_100\seed_0\split_fidelity.json,kr_vs_kp,gaindistill_hybrid,budget_100,seed_0,xgboost,0.6290083586415567,0.0,0.4,0.041183499999533524
split_fidelity,kr_vs_kp\gaindistill_hybrid\budget_100\seed_1\split_fidelity.json,kr_vs_kp,gaindistill_hybrid,budget_100,seed_1,xgboost,0.7785680417259363,0.0,0.4,0.034723200000371435
split_fidelity,kr_vs_kp\gaindistill_hybrid\budget_100\seed_2\split_fidelity.json,kr_vs_kp,gaindistill_hybrid,budget_100,seed_2,xgboost,0.7228544333807492,1.0,0.6,0.04183819999889238
split_fidelity,kr_vs_kp\gaindistill_hybrid\budget_25\seed_0\split_fidelity.json,kr_vs_kp,gaindistill_hybrid,budget_25,seed_0,xgboost,0.4566481647535795,1.0,0.6,0.04755449999902339
split_fidelity,kr_vs_kp\gaindistill_hybrid\budget_25\seed_1\split_fidelity.json,kr_vs_kp,gaindistill_hybrid,budget_25,seed_1,xgboost,0.3597438658954822,0.0,0.2,0.03628089999983786
split_fidelity,kr_vs_kp\gaindistill_hybrid\budget_25\seed_2\split_fidelity.json,kr_vs_kp,gaindistill_hybrid,budget_25,seed_2,xgboost,0.5189183690381585,1.0,0.4,0.036281099999541766
split_fidelity,kr_vs_kp\gaindistill_hybrid\budget_50\seed_0\split_fidelity.json,kr_vs_kp,gaindistill_hybrid,budget_50,seed_0,xgboost,0.37277686606575694,1.0,0.4,0.04185229999893636
split_fidelity,kr_vs_kp\gaindistill_hybrid\budget_50\seed_1\split_fidelity.json,kr_vs_kp,gaindistill_hybrid,budget_50,seed_1,xgboost,0.6349188638768599,0.0,0.4,0.040292699999554316
split_fidelity,kr_vs_kp\gaindistill_hybrid\budget_50\seed_2\split_fidelity.json,kr_vs_kp,gaindistill_hybrid,budget_50,seed_2,xgboost,0.5215277871224647,0.0,0.2,0.02773199999865028
split_fidelity,kr_vs_kp\gaindistill_path_hybrid\budget_10\seed_0\split_fidelity.json,kr_vs_kp,gaindistill_path_hybrid,budget_10,seed_0,xgboost,0.28611673225749634,0.0,0.6,0.02577490000112448
split_fidelity,kr_vs_kp\gaindistill_path_hybrid\budget_10\seed_1\split_fidelity.json,kr_vs_kp,gaindistill_path_hybrid,budget_10,seed_1,xgboost,0.27105372636427355,0.0,0.4,0.020226399999955902
split_fidelity,kr_vs_kp\gaindistill_path_hybrid\budget_10\seed_2\split_fidelity.json,kr_vs_kp,gaindistill_path_hybrid,budget_10,seed_2,xgboost,0.3137760019208658,0.0,0.4,0.02407850000054168
split_fidelity,kr_vs_kp\gaindistill_path_hybrid\budget_100\seed_0\split_fidelity.json,kr_vs_kp,gaindistill_path_hybrid,budget_100,seed_0,xgboost,0.8404457088667613,1.0,0.4,0.026213400000415277
split_fidelity,kr_vs_kp\gaindistill_path_hybrid\budget_100\seed_1\split_fidelity.json,kr_vs_kp,gaindistill_path_hybrid,budget_100,seed_1,xgboost,0.7998340361391978,0.0,0.4,0.03041280000070401
split_fidelity,kr_vs_kp\gaindistill_path_hybrid\budget_100\seed_2\split_fidelity.json,kr_vs_kp,gaindistill_path_hybrid,budget_100,seed_2,xgboost,0.7272835055156334,1.0,0.6,0.03849390000141284
split_fidelity,kr_vs_kp\gaindistill_path_hybrid\budget_25\seed_0\split_fidelity.json,kr_vs_kp,gaindistill_path_hybrid,budget_25,seed_0,xgboost,0.3344412514336208,1.0,0.6,0.030718299998625298
split_fidelity,kr_vs_kp\gaindistill_path_hybrid\budget_25\seed_1\split_fidelity.json,kr_vs_kp,gaindistill_path_hybrid,budget_25,seed_1,xgboost,0.47289772282403153,0.0,0.2,0.02788719999989553
split_fidelity,kr_vs_kp\gaindistill_path_hybrid\budget_25\seed_2\split_fidelity.json,kr_vs_kp,gaindistill_path_hybrid,budget_25,seed_2,xgboost,0.4755071409083377,1.0,0.4,0.025460999999268097
split_fidelity,kr_vs_kp\gaindistill_path_hybrid\budget_50\seed_0\split_fidelity.json,kr_vs_kp,gaindistill_path_hybrid,budget_50,seed_0,xgboost,0.44478717346127866,1.0,0.4,0.030533299999660812
split_fidelity,kr_vs_kp\gaindistill_path_hybrid\budget_50\seed_1\split_fidelity.json,kr_vs_kp,gaindistill_path_hybrid,budget_50,seed_1,xgboost,0.5364002996442381,0.0,0.4,0.028500899999926332
split_fidelity,kr_vs_kp\gaindistill_path_hybrid\budget_50\seed_2\split_fidelity.json,kr_vs_kp,gaindistill_path_hybrid,budget_50,seed_2,xgboost,0.5992411835548141,0.0,0.4,0.02703240000118967
split_fidelity,kr_vs_kp\gain_herding\budget_10\seed_0\split_fidelity.json,kr_vs_kp,gain_herding,budget_10,seed_0,xgboost,0.3208586513499352,0.0,0.2,0.024818199999572244
split_fidelity,kr_vs_kp\gain_herding\budget_10\seed_1\split_fidelity.json,kr_vs_kp,gain_herding,budget_10,seed_1,xgboost,0.1604293256749676,0.0,0.2,0.028312200000073062
split_fidelity,kr_vs_kp\gain_herding\budget_10\seed_2\split_fidelity.json,kr_vs_kp,gain_herding,budget_10,seed_2,xgboost,0.33857771120060326,1.0,0.2,0.02779249999912281
split_fidelity,kr_vs_kp\gain_herding\budget_100\seed_0\split_fidelity.json,kr_vs_kp,gain_herding,budget_100,seed_0,xgboost,0.6795092181932535,1.0,0.6,0.030212400000891648
split_fidelity,kr_vs_kp\gain_herding\budget_100\seed_1\split_fidelity.json,kr_vs_kp,gain_herding,budget_100,seed_1,xgboost,0.6702228544333807,0.0,0.4,0.035240999999587075
split_fidelity,kr_vs_kp\gain_herding\budget_100\seed_2\split_fidelity.json,kr_vs_kp,gain_herding,budget_100,seed_2,xgboost,0.5154101469890943,1.0,0.4,0.052423900000576396
split_fidelity,kr_vs_kp\gain_herding\budget_25\seed_0\split_fidelity.json,kr_vs_kp,gain_herding,budget_25,seed_0,xgboost,0.5313724098950743,1.0,0.6,0.024919200004660524
split_fidelity,kr_vs_kp\gain_herding\budget_25\seed_1\split_fidelity.json,kr_vs_kp,gain_herding,budget_25,seed_1,xgboost,0.23330569871955606,0.0,0.4,0.02385399999911897
split_fidelity,kr_vs_kp\gain_herding\budget_25\seed_2\split_fidelity.json,kr_vs_kp,gain_herding,budget_25,seed_2,xgboost,0.6690785187986862,1.0,0.4,0.02523970000038389
split_fidelity,kr_vs_kp\gain_herding\budget_50\seed_0\split_fidelity.json,kr_vs_kp,gain_herding,budget_50,seed_0,xgboost,0.4595684264856469,1.0,0.6,0.030309599998872727
split_fidelity,kr_vs_kp\gain_herding\budget_50\seed_1\split_fidelity.json,kr_vs_kp,gain_herding,budget_50,seed_1,xgboost,0.5386076145833778,0.0,0.6,0.023511199993663467
split_fidelity,kr_vs_kp\gain_herding\budget_50\seed_2\split_fidelity.json,kr_vs_kp,gain_herding,budget_50,seed_2,xgboost,0.480963196902796,1.0,0.4,0.02816299999540206
split_fidelity,kr_vs_kp\gain_path_herding\budget_10\seed_0\split_fidelity.json,kr_vs_kp,gain_path_herding,budget_10,seed_0,xgboost,0.3709187528174428,1.0,0.2,0.022089399999458692
split_fidelity,kr_vs_kp\gain_path_herding\budget_10\seed_1\split_fidelity.json,kr_vs_kp,gain_path_herding,budget_10,seed_1,xgboost,0.22268548190704454,0.0,0.4,0.02576969999972789
split_fidelity,kr_vs_kp\gain_path_herding\budget_10\seed_2\split_fidelity.json,kr_vs_kp,gain_path_herding,budget_10,seed_2,xgboost,0.24817155741394684,1.0,0.4,0.024421699999948032
split_fidelity,kr_vs_kp\gain_path_herding\budget_100\seed_0\split_fidelity.json,kr_vs_kp,gain_path_herding,budget_100,seed_0,xgboost,0.7792792792792793,1.0,0.4,0.027182300000276882
split_fidelity,kr_vs_kp\gain_path_herding\budget_100\seed_1\split_fidelity.json,kr_vs_kp,gain_path_herding,budget_100,seed_1,xgboost,0.7749392462193472,0.0,0.6,0.026221399999485584
split_fidelity,kr_vs_kp\gain_path_herding\budget_100\seed_2\split_fidelity.json,kr_vs_kp,gain_path_herding,budget_100,seed_2,xgboost,0.756920160182122,1.0,0.4,0.03491340000073251
split_fidelity,kr_vs_kp\gain_path_herding\budget_25\seed_0\split_fidelity.json,kr_vs_kp,gain_path_herding,budget_25,seed_0,xgboost,0.4258251278012177,1.0,0.4,0.0274929000006523
split_fidelity,kr_vs_kp\gain_path_herding\budget_25\seed_1\split_fidelity.json,kr_vs_kp,gain_path_herding,budget_25,seed_1,xgboost,0.3908196630813102,0.0,0.2,0.02643549999629613
split_fidelity,kr_vs_kp\gain_path_herding\budget_25\seed_2\split_fidelity.json,kr_vs_kp,gain_path_herding,budget_25,seed_2,xgboost,0.4505990591945061,1.0,0.4,0.019593700009863824
split_fidelity,kr_vs_kp\gain_path_herding\budget_50\seed_0\split_fidelity.json,kr_vs_kp,gain_path_herding,budget_50,seed_0,xgboost,0.4526154277141972,1.0,0.4,0.02480850000574719
split_fidelity,kr_vs_kp\gain_path_herding\budget_50\seed_1\split_fidelity.json,kr_vs_kp,gain_path_herding,budget_50,seed_1,xgboost,0.48114774888512774,0.0,0.6,0.02170749999640975
split_fidelity,kr_vs_kp\gain_path_herding\budget_50\seed_2\split_fidelity.json,kr_vs_kp,gain_path_herding,budget_50,seed_2,xgboost,0.5281005602598223,1.0,0.4,0.023371899995254353
split_fidelity,kr_vs_kp\gain_path_refined\budget_25\seed_0\split_fidelity.json,kr_vs_kp,gain_path_refined,budget_25,seed_0,xgboost,0.5179210863223283,1.0,0.4,0.02051719999872148
split_fidelity,kr_vs_kp\gain_path_refined\budget_25\seed_1\split_fidelity.json,kr_vs_kp,gain_path_refined,budget_25,seed_1,xgboost,0.3953268397723845,0.0,0.2,0.01901940000243485
split_fidelity,kr_vs_kp\gain_path_refined\budget_25\seed_2\split_fidelity.json,kr_vs_kp,gain_path_refined,budget_25,seed_2,xgboost,0.44182192563820344,1.0,0.4,0.02031659999920521
split_fidelity,kr_vs_kp\gain_path_refined\budget_50\seed_0\split_fidelity.json,kr_vs_kp,gain_path_refined,budget_50,seed_0,xgboost,0.3963943289886916,1.0,0.4,0.019630999988294207
split_fidelity,kr_vs_kp\gain_path_refined\budget_50\seed_1\split_fidelity.json,kr_vs_kp,gain_path_refined,budget_50,seed_1,xgboost,0.48351910299496087,0.0,0.6,0.020013699991977774
split_fidelity,kr_vs_kp\gain_path_refined\budget_50\seed_2\split_fidelity.json,kr_vs_kp,gain_path_refined,budget_50,seed_2,xgboost,0.5164809251216405,1.0,0.4,0.02161080000223592
split_fidelity,kr_vs_kp\gain_path_safeguarded\budget_25\seed_0\split_fidelity.json,kr_vs_kp,gain_path_safeguarded,budget_25,seed_0,xgboost,0.4258251278012177,1.0,0.4,0.020026900005177595
split_fidelity,kr_vs_kp\gain_path_safeguarded\budget_25\seed_1\split_fidelity.json,kr_vs_kp,gain_path_safeguarded,budget_25,seed_1,xgboost,0.3908196630813102,0.0,0.2,0.01993110000330489
split_fidelity,kr_vs_kp\gain_path_safeguarded\budget_25\seed_2\split_fidelity.json,kr_vs_kp,gain_path_safeguarded,budget_25,seed_2,xgboost,0.4505990591945061,1.0,0.4,0.021771300002001226
split_fidelity,kr_vs_kp\gain_path_safeguarded\budget_50\seed_0\split_fidelity.json,kr_vs_kp,gain_path_safeguarded,budget_50,seed_0,xgboost,0.3963943289886916,1.0,0.4,0.02490600000601262
split_fidelity,kr_vs_kp\gain_path_safeguarded\budget_50\seed_1\split_fidelity.json,kr_vs_kp,gain_path_safeguarded,budget_50,seed_1,xgboost,0.48351910299496087,0.0,0.6,0.025678099991637282
split_fidelity,kr_vs_kp\gain_path_safeguarded\budget_50\seed_2\split_fidelity.json,kr_vs_kp,gain_path_safeguarded,budget_50,seed_2,xgboost,0.5164809251216405,1.0,0.4,0.022706799994921312
split_fidelity,kr_vs_kp\gain_weighted_coreset\budget_10\seed_0\split_fidelity.json,kr_vs_kp,gain_weighted_coreset,budget_10,seed_0,xgboost,0.34121162550272954,1.0,0.6,0.05115049999949406
split_fidelity,kr_vs_kp\gain_weighted_coreset\budget_10\seed_1\split_fidelity.json,kr_vs_kp,gain_weighted_coreset,budget_10,seed_1,xgboost,0.18269787386567204,0.0,0.4,0.04437519999919459
split_fidelity,kr_vs_kp\gain_weighted_coreset\budget_10\seed_2\split_fidelity.json,kr_vs_kp,gain_weighted_coreset,budget_10,seed_2,xgboost,0.3213375448594127,0.0,0.2,0.04127800000060233
split_fidelity,kr_vs_kp\gain_weighted_coreset\budget_100\seed_0\split_fidelity.json,kr_vs_kp,gain_weighted_coreset,budget_100,seed_0,xgboost,0.6290083586415567,0.0,0.4,0.04337450000093668
split_fidelity,kr_vs_kp\gain_weighted_coreset\budget_100\seed_1\split_fidelity.json,kr_vs_kp,gain_weighted_coreset,budget_100,seed_1,xgboost,0.7785680417259363,0.0,0.4,0.05534139999872423
split_fidelity,kr_vs_kp\gain_weighted_coreset\budget_100\seed_2\split_fidelity.json,kr_vs_kp,gain_weighted_coreset,budget_100,seed_2,xgboost,0.7228544333807492,1.0,0.6,0.07857499999954598
split_fidelity,kr_vs_kp\gain_weighted_coreset\budget_25\seed_0\split_fidelity.json,kr_vs_kp,gain_weighted_coreset,budget_25,seed_0,xgboost,0.4566481647535795,1.0,0.6,0.05341490000137128
split_fidelity,kr_vs_kp\gain_weighted_coreset\budget_25\seed_1\split_fidelity.json,kr_vs_kp,gain_weighted_coreset,budget_25,seed_1,xgboost,0.3597438658954822,0.0,0.2,0.04292720000012196
split_fidelity,kr_vs_kp\gain_weighted_coreset\budget_25\seed_2\split_fidelity.json,kr_vs_kp,gain_weighted_coreset,budget_25,seed_2,xgboost,0.5189183690381585,1.0,0.4,0.02897549999943294
split_fidelity,kr_vs_kp\gain_weighted_coreset\budget_50\seed_0\split_fidelity.json,kr_vs_kp,gain_weighted_coreset,budget_50,seed_0,xgboost,0.37277686606575694,1.0,0.4,0.03408380000109901
split_fidelity,kr_vs_kp\gain_weighted_coreset\budget_50\seed_1\split_fidelity.json,kr_vs_kp,gain_weighted_coreset,budget_50,seed_1,xgboost,0.6349188638768599,0.0,0.4,0.03365190000113216
split_fidelity,kr_vs_kp\gain_weighted_coreset\budget_50\seed_2\split_fidelity.json,kr_vs_kp,gain_weighted_coreset,budget_50,seed_2,xgboost,0.5215277871224647,0.0,0.2,0.10423700000137615
split_fidelity,kr_vs_kp\gradient_sampling\budget_10\seed_0\split_fidelity.json,kr_vs_kp,gradient_sampling,budget_10,seed_0,xgboost,-0.17553669809065217,0.0,0.0,0.04405650000080641
split_fidelity,kr_vs_kp\gradient_sampling\budget_10\seed_1\split_fidelity.json,kr_vs_kp,gradient_sampling,budget_10,seed_1,xgboost,-0.22406815096003205,0.0,0.2,0.03130700000019715
split_fidelity,kr_vs_kp\gradient_sampling\budget_10\seed_2\split_fidelity.json,kr_vs_kp,gradient_sampling,budget_10,seed_2,xgboost,-0.2154829531478932,0.0,0.0,0.044878800000333285
split_fidelity,kr_vs_kp\gradient_sampling\budget_100\seed_0\split_fidelity.json,kr_vs_kp,gradient_sampling,budget_100,seed_0,xgboost,0.2554857524361585,0.0,0.4,0.048296099999788566
split_fidelity,kr_vs_kp\gradient_sampling\budget_100\seed_1\split_fidelity.json,kr_vs_kp,gradient_sampling,budget_100,seed_1,xgboost,0.14055274681376406,0.0,0.2,0.04706869999972696
split_fidelity,kr_vs_kp\gradient_sampling\budget_100\seed_2\split_fidelity.json,kr_vs_kp,gradient_sampling,budget_100,seed_2,xgboost,0.06393074306550113,0.0,0.4,0.051675499999873864
split_fidelity,kr_vs_kp\gradient_sampling\budget_25\seed_0\split_fidelity.json,kr_vs_kp,gradient_sampling,budget_25,seed_0,xgboost,-0.16000424421431364,0.0,0.2,0.04363530000046012
split_fidelity,kr_vs_kp\gradient_sampling\budget_25\seed_1\split_fidelity.json,kr_vs_kp,gradient_sampling,budget_25,seed_1,xgboost,-0.19266307902193167,0.0,0.2,0.04226739999921847
split_fidelity,kr_vs_kp\gradient_sampling\budget_25\seed_2\split_fidelity.json,kr_vs_kp,gradient_sampling,budget_25,seed_2,xgboost,-0.12892306306512372,0.0,0.0,0.04514270000072429
split_fidelity,kr_vs_kp\gradient_sampling\budget_50\seed_0\split_fidelity.json,kr_vs_kp,gradient_sampling,budget_50,seed_0,xgboost,-0.12353771420599508,0.0,0.0,0.047081599999728496
split_fidelity,kr_vs_kp\gradient_sampling\budget_50\seed_1\split_fidelity.json,kr_vs_kp,gradient_sampling,budget_50,seed_1,xgboost,-0.03441730408649753,0.0,0.2,0.04662629999984347
split_fidelity,kr_vs_kp\gradient_sampling\budget_50\seed_2\split_fidelity.json,kr_vs_kp,gradient_sampling,budget_50,seed_2,xgboost,-0.18989992302471806,0.0,0.0,0.06334249999963504
split_fidelity,kr_vs_kp\herding\budget_10\seed_0\split_fidelity.json,kr_vs_kp,herding,budget_10,seed_0,xgboost,0.41001606990754763,1.0,0.4,0.05286239999986719
split_fidelity,kr_vs_kp\herding\budget_10\seed_1\split_fidelity.json,kr_vs_kp,herding,budget_10,seed_1,xgboost,0.35377915408738025,0.0,0.4,0.07009459999972023
split_fidelity,kr_vs_kp\herding\budget_10\seed_2\split_fidelity.json,kr_vs_kp,herding,budget_10,seed_2,xgboost,0.4145532308442066,1.0,0.4,0.07703860000037821
split_fidelity,kr_vs_kp\herding\budget_100\seed_0\split_fidelity.json,kr_vs_kp,herding,budget_100,seed_0,xgboost,0.5910384068278804,1.0,0.6,0.11591200000020763
split_fidelity,kr_vs_kp\herding\budget_100\seed_1\split_fidelity.json,kr_vs_kp,herding,budget_100,seed_1,xgboost,0.5851114272166903,0.0,0.6,0.04676279999966937
split_fidelity,kr_vs_kp\herding\budget_100\seed_2\split_fidelity.json,kr_vs_kp,herding,budget_100,seed_2,xgboost,0.549786628733997,1.0,0.4,0.05415230000016891
split_fidelity,kr_vs_kp\herding\budget_25\seed_0\split_fidelity.json,kr_vs_kp,herding,budget_25,seed_0,xgboost,0.38927157725417894,1.0,0.6,0.022747199996956624
split_fidelity,kr_vs_kp\herding\budget_25\seed_1\split_fidelity.json,kr_vs_kp,herding,budget_25,seed_1,xgboost,0.35865204465308803,0.0,0.4,0.021786199999041855
split_fidelity,kr_vs_kp\herding\budget_25\seed_2\split_fidelity.json,kr_vs_kp,herding,budget_25,seed_2,xgboost,0.38594852720444817,1.0,0.4,0.023496900001191534
split_fidelity,kr_vs_kp\herding\budget_50\seed_0\split_fidelity.json,kr_vs_kp,herding,budget_50,seed_0,xgboost,0.31823572153959656,1.0,0.4,0.02691459999186918
split_fidelity,kr_vs_kp\herding\budget_50\seed_1\split_fidelity.json,kr_vs_kp,herding,budget_50,seed_1,xgboost,0.2753142121516182,0.0,0.4,0.02433960000053048
split_fidelity,kr_vs_kp\herding\budget_50\seed_2\split_fidelity.json,kr_vs_kp,herding,budget_50,seed_2,xgboost,0.3248755130471291,1.0,0.4,0.02610679999634158
split_fidelity,kr_vs_kp\k_center\budget_10\seed_0\split_fidelity.json,kr_vs_kp,k_center,budget_10,seed_0,xgboost,0.46230440967283065,1.0,0.8,0.05106179999984306
split_fidelity,kr_vs_kp\k_center\budget_10\seed_1\split_fidelity.json,kr_vs_kp,k_center,budget_10,seed_1,xgboost,0.24408748783320114,0.0,0.4,0.05991069999981846
split_fidelity,kr_vs_kp\k_center\budget_10\seed_2\split_fidelity.json,kr_vs_kp,k_center,budget_10,seed_2,xgboost,0.2754860123281176,1.0,0.4,0.06252539999968576
split_fidelity,kr_vs_kp\k_center\budget_100\seed_0\split_fidelity.json,kr_vs_kp,k_center,budget_100,seed_0,xgboost,0.6266002844950213,0.0,0.2,0.058347999999568856
split_fidelity,kr_vs_kp\k_center\budget_100\seed_1\split_fidelity.json,kr_vs_kp,k_center,budget_100,seed_1,xgboost,0.6552868658131815,0.0,0.4,0.06922880000001896
split_fidelity,kr_vs_kp\k_center\budget_100\seed_2\split_fidelity.json,kr_vs_kp,k_center,budget_100,seed_2,xgboost,0.615931721194879,0.0,0.4,0.06582279999929597
split_fidelity,kr_vs_kp\k_center\budget_25\seed_0\split_fidelity.json,kr_vs_kp,k_center,budget_25,seed_0,xgboost,0.4340919867235656,1.0,0.2,0.09466950000023644
split_fidelity,kr_vs_kp\k_center\budget_25\seed_1\split_fidelity.json,kr_vs_kp,k_center,budget_25,seed_1,xgboost,0.5128022759601706,0.0,0.6,0.0777289000006931
split_fidelity,kr_vs_kp\k_center\budget_25\seed_2\split_fidelity.json,kr_vs_kp,k_center,budget_25,seed_2,xgboost,0.4615931721194878,1.0,0.4,0.059195200000431214
split_fidelity,kr_vs_kp\k_center\budget_50\seed_0\split_fidelity.json,kr_vs_kp,k_center,budget_50,seed_0,xgboost,0.542674253200569,1.0,0.2,0.06528699999944365
split_fidelity,kr_vs_kp\k_center\budget_50\seed_1\split_fidelity.json,kr_vs_kp,k_center,budget_50,seed_1,xgboost,0.4601706970128022,0.0,0.6,0.06433239999932994
split_fidelity,kr_vs_kp\k_center\budget_50\seed_2\split_fidelity.json,kr_vs_kp,k_center,budget_50,seed_2,xgboost,0.28615457562825986,0.0,0.2,0.058782699999937904
split_fidelity,kr_vs_kp\random\budget_10\seed_0\split_fidelity.json,kr_vs_kp,random,budget_10,seed_0,xgboost,0.344204709936964,1.0,0.4,0.06641050000052928
split_fidelity,kr_vs_kp\random\budget_10\seed_1\split_fidelity.json,kr_vs_kp,random,budget_10,seed_1,xgboost,0.2164987008521971,0.0,0.4,0.044188500000018394
split_fidelity,kr_vs_kp\random\budget_10\seed_2\split_fidelity.json,kr_vs_kp,random,budget_10,seed_2,xgboost,0.06494758545095661,1.0,0.2,0.0661961000005249
split_fidelity,kr_vs_kp\random\budget_100\seed_0\split_fidelity.json,kr_vs_kp,random,budget_100,seed_0,xgboost,0.331337799171344,1.0,0.4,0.08221489999959886
split_fidelity,kr_vs_kp\random\budget_100\seed_1\split_fidelity.json,kr_vs_kp,random,budget_100,seed_1,xgboost,0.6568668140280561,0.0,0.6,0.07882679999966058
split_fidelity,kr_vs_kp\random\budget_100\seed_2\split_fidelity.json,kr_vs_kp,random,budget_100,seed_2,xgboost,0.5344081569461246,0.0,0.6,0.08115389999966283
split_fidelity,kr_vs_kp\random\budget_25\seed_0\split_fidelity.json,kr_vs_kp,random,budget_25,seed_0,xgboost,-0.02206144380367942,1.0,0.2,0.0234486000117613
split_fidelity,kr_vs_kp\random\budget_25\seed_1\split_fidelity.json,kr_vs_kp,random,budget_25,seed_1,xgboost,0.2091092764832625,0.0,0.4,0.0227113000000827
split_fidelity,kr_vs_kp\random\budget_25\seed_2\split_fidelity.json,kr_vs_kp,random,budget_25,seed_2,xgboost,0.44771551513952157,1.0,0.6,0.021270800003549084
split_fidelity,kr_vs_kp\random\budget_50\seed_0\split_fidelity.json,kr_vs_kp,random,budget_50,seed_0,xgboost,0.10505098706560455,1.0,0.4,0.023595799997565337
split_fidelity,kr_vs_kp\random\budget_50\seed_1\split_fidelity.json,kr_vs_kp,random,budget_50,seed_1,xgboost,0.3379196419176488,0.0,0.6,0.02007499999308493
split_fidelity,kr_vs_kp\random\budget_50\seed_2\split_fidelity.json,kr_vs_kp,random,budget_50,seed_2,xgboost,0.48067347806316113,0.0,0.6,0.01720020000357181
split_fidelity,kr_vs_kp\tree_region\budget_10\seed_0\split_fidelity.json,kr_vs_kp,tree_region,budget_10,seed_0,xgboost,-0.17553669809065217,0.0,0.0,0.05839820000073814
split_fidelity,kr_vs_kp\tree_region\budget_10\seed_1\split_fidelity.json,kr_vs_kp,tree_region,budget_10,seed_1,xgboost,-0.22406815096003205,0.0,0.2,0.05715520000012475
split_fidelity,kr_vs_kp\tree_region\budget_10\seed_2\split_fidelity.json,kr_vs_kp,tree_region,budget_10,seed_2,xgboost,-0.2154829531478932,0.0,0.0,0.057046200000513636
split_fidelity,kr_vs_kp\tree_region\budget_100\seed_0\split_fidelity.json,kr_vs_kp,tree_region,budget_100,seed_0,xgboost,0.2554857524361585,0.0,0.4,0.05874229999972158
split_fidelity,kr_vs_kp\tree_region\budget_100\seed_1\split_fidelity.json,kr_vs_kp,tree_region,budget_100,seed_1,xgboost,0.14055274681376406,0.0,0.2,0.08015220000015688
split_fidelity,kr_vs_kp\tree_region\budget_100\seed_2\split_fidelity.json,kr_vs_kp,tree_region,budget_100,seed_2,xgboost,0.06393074306550113,0.0,0.4,0.05650280000008934
split_fidelity,kr_vs_kp\tree_region\budget_25\seed_0\split_fidelity.json,kr_vs_kp,tree_region,budget_25,seed_0,xgboost,-0.16000424421431364,0.0,0.2,0.0526201000002402
split_fidelity,kr_vs_kp\tree_region\budget_25\seed_1\split_fidelity.json,kr_vs_kp,tree_region,budget_25,seed_1,xgboost,-0.19266307902193167,0.0,0.2,0.03913479999937408
split_fidelity,kr_vs_kp\tree_region\budget_25\seed_2\split_fidelity.json,kr_vs_kp,tree_region,budget_25,seed_2,xgboost,-0.12892306306512372,0.0,0.0,0.049538899999788555
split_fidelity,kr_vs_kp\tree_region\budget_50\seed_0\split_fidelity.json,kr_vs_kp,tree_region,budget_50,seed_0,xgboost,-0.12353771420599508,0.0,0.0,0.040165499999602616
split_fidelity,kr_vs_kp\tree_region\budget_50\seed_1\split_fidelity.json,kr_vs_kp,tree_region,budget_50,seed_1,xgboost,-0.03441730408649753,0.0,0.2,0.05089840000073309
split_fidelity,kr_vs_kp\tree_region\budget_50\seed_2\split_fidelity.json,kr_vs_kp,tree_region,budget_50,seed_2,xgboost,-0.18989992302471806,0.0,0.0,0.04780720000053407
split_fidelity,pc1\distribution_matching\budget_10\seed_0\split_fidelity.json,pc1,distribution_matching,budget_10,seed_0,xgboost,0.09610944988579531,0.0,0.0,0.035892799999601266
split_fidelity,pc1\distribution_matching\budget_10\seed_1\split_fidelity.json,pc1,distribution_matching,budget_10,seed_1,xgboost,-0.10829896790740211,0.0,0.0,0.04452260000016395
split_fidelity,pc1\distribution_matching\budget_10\seed_2\split_fidelity.json,pc1,distribution_matching,budget_10,seed_2,xgboost,0.07937850475126884,1.0,0.2,0.0354258999996091
split_fidelity,pc1\distribution_matching\budget_100\seed_0\split_fidelity.json,pc1,distribution_matching,budget_100,seed_0,xgboost,-0.03371278939107728,0.0,0.0,0.06050580000010086
split_fidelity,pc1\distribution_matching\budget_100\seed_1\split_fidelity.json,pc1,distribution_matching,budget_100,seed_1,xgboost,-0.04442731338829815,0.0,0.0,0.05974309999965044
split_fidelity,pc1\distribution_matching\budget_100\seed_2\split_fidelity.json,pc1,distribution_matching,budget_100,seed_2,xgboost,-0.17054347018913418,0.0,0.2,0.06434230000013486
split_fidelity,pc1\distribution_matching\budget_25\seed_0\split_fidelity.json,pc1,distribution_matching,budget_25,seed_0,xgboost,-0.030481881074659458,0.0,0.0,0.03907080000044516
split_fidelity,pc1\distribution_matching\budget_25\seed_1\split_fidelity.json,pc1,distribution_matching,budget_25,seed_1,xgboost,-0.08920674442077793,0.0,0.0,0.0488682000004701
split_fidelity,pc1\distribution_matching\budget_25\seed_2\split_fidelity.json,pc1,distribution_matching,budget_25,seed_2,xgboost,-0.24142056219347086,0.0,0.0,0.04954690000067785
split_fidelity,pc1\distribution_matching\budget_50\seed_0\split_fidelity.json,pc1,distribution_matching,budget_50,seed_0,xgboost,0.029056485942518764,0.0,0.0,0.054843500000060885
split_fidelity,pc1\distribution_matching\budget_50\seed_1\split_fidelity.json,pc1,distribution_matching,budget_50,seed_1,xgboost,-0.0876343432594918,0.0,0.0,0.053165700000135985
split_fidelity,pc1\distribution_matching\budget_50\seed_2\split_fidelity.json,pc1,distribution_matching,budget_50,seed_2,xgboost,0.05579902143462408,0.0,0.2,0.057148200000483484
split_fidelity,pc1\full_data\budget_10\seed_0\split_fidelity.json,pc1,full_data,budget_10,seed_0,xgboost,1.0,1.0,1.0,0.1130062000001999
split_fidelity,pc1\full_data\budget_10\seed_1\split_fidelity.json,pc1,full_data,budget_10,seed_1,xgboost,0.7690833200219463,0.0,0.2,0.1283622999999352
split_fidelity,pc1\full_data\budget_10\seed_2\split_fidelity.json,pc1,full_data,budget_10,seed_2,xgboost,0.8928627238537751,0.0,0.2,0.09776260000035109
split_fidelity,pc1\full_data\budget_100\seed_0\split_fidelity.json,pc1,full_data,budget_100,seed_0,xgboost,1.0,1.0,1.0,0.09631699999954435
split_fidelity,pc1\full_data\budget_100\seed_1\split_fidelity.json,pc1,full_data,budget_100,seed_1,xgboost,0.7690833200219463,0.0,0.2,0.0957512000004499
split_fidelity,pc1\full_data\budget_100\seed_2\split_fidelity.json,pc1,full_data,budget_100,seed_2,xgboost,0.8928627238537751,0.0,0.2,0.09272270000019489
split_fidelity,pc1\full_data\budget_25\seed_0\split_fidelity.json,pc1,full_data,budget_25,seed_0,xgboost,1.0,1.0,1.0,0.11984000000029482
split_fidelity,pc1\full_data\budget_25\seed_1\split_fidelity.json,pc1,full_data,budget_25,seed_1,xgboost,0.7690833200219463,0.0,0.2,0.13526460000048246
split_fidelity,pc1\full_data\budget_25\seed_2\split_fidelity.json,pc1,full_data,budget_25,seed_2,xgboost,0.8928627238537751,0.0,0.2,0.12216590000025462
split_fidelity,pc1\full_data\budget_50\seed_0\split_fidelity.json,pc1,full_data,budget_50,seed_0,xgboost,1.0,1.0,1.0,0.12041800000042713
split_fidelity,pc1\full_data\budget_50\seed_1\split_fidelity.json,pc1,full_data,budget_50,seed_1,xgboost,0.7690833200219463,0.0,0.2,0.12758759999996983
split_fidelity,pc1\full_data\budget_50\seed_2\split_fidelity.json,pc1,full_data,budget_50,seed_2,xgboost,0.8928627238537751,0.0,0.2,0.14259149999998044
split_fidelity,pc1\gaindistill\budget_10\seed_0\split_fidelity.json,pc1,gaindistill,budget_10,seed_0,xgboost,-0.1441071591225761,0.0,0.2,0.044837899999947695
split_fidelity,pc1\gaindistill\budget_10\seed_1\split_fidelity.json,pc1,gaindistill,budget_10,seed_1,xgboost,0.04835512273574283,0.0,0.0,0.04137429999991582
split_fidelity,pc1\gaindistill\budget_10\seed_2\split_fidelity.json,pc1,gaindistill,budget_10,seed_2,xgboost,0.034706394569927024,0.0,0.0,0.04396450000058394
split_fidelity,pc1\gaindistill\budget_100\seed_0\split_fidelity.json,pc1,gaindistill,budget_100,seed_0,xgboost,0.16584341812099765,0.0,0.2,0.04478949999975157
split_fidelity,pc1\gaindistill\budget_100\seed_1\split_fidelity.json,pc1,gaindistill,budget_100,seed_1,xgboost,-0.005837005250585625,0.0,0.2,0.0491199999996752
split_fidelity,pc1\gaindistill\budget_100\seed_2\split_fidelity.json,pc1,gaindistill,budget_100,seed_2,xgboost,0.22733006041611098,0.0,0.2,0.04581240000061371
split_fidelity,pc1\gaindistill\budget_25\seed_0\split_fidelity.json,pc1,gaindistill,budget_25,seed_0,xgboost,0.07390748709790329,0.0,0.2,0.03734660000009171
split_fidelity,pc1\gaindistill\budget_25\seed_1\split_fidelity.json,pc1,gaindistill,budget_25,seed_1,xgboost,0.009639106114466292,0.0,0.0,0.039050399999723595
split_fidelity,pc1\gaindistill\budget_25\seed_2\split_fidelity.json,pc1,gaindistill,budget_25,seed_2,xgboost,0.21861356303314144,0.0,0.2,0.04369979999955831
split_fidelity,pc1\gaindistill\budget_50\seed_0\split_fidelity.json,pc1,gaindistill,budget_50,seed_0,xgboost,0.23683898828955127,0.0,0.4,0.04675520000000688
split_fidelity,pc1\gaindistill\budget_50\seed_1\split_fidelity.json,pc1,gaindistill,budget_50,seed_1,xgboost,0.08605935166196389,0.0,0.0,0.046249799999714014
split_fidelity,pc1\gaindistill\budget_50\seed_2\split_fidelity.json,pc1,gaindistill,budget_50,seed_2,xgboost,0.2543329019701481,0.0,0.2,0.052688700000544486
split_fidelity,pc1\gaindistill_anchor\budget_25\seed_0\split_fidelity.json,pc1,gaindistill_anchor,budget_25,seed_0,xgboost,0.42451398570197757,0.0,0.6,0.022728100000676932
split_fidelity,pc1\gaindistill_anchor\budget_25\seed_1\split_fidelity.json,pc1,gaindistill_anchor,budget_25,seed_1,xgboost,-0.09784281968305672,0.0,0.0,0.022165400001540547
split_fidelity,pc1\gaindistill_anchor\budget_25\seed_2\split_fidelity.json,pc1,gaindistill_anchor,budget_25,seed_2,xgboost,0.2255326860591714,0.0,0.2,0.01790189999883296
split_fidelity,pc1\gaindistill_anchor\budget_50\seed_0\split_fidelity.json,pc1,gaindistill_anchor,budget_50,seed_0,xgboost,0.21809948623853143,0.0,0.0,0.019158099999913247
split_fidelity,pc1\gaindistill_anchor\budget_50\seed_1\split_fidelity.json,pc1,gaindistill_anchor,budget_50,seed_1,xgboost,0.0940201998807324,0.0,0.0,0.018446699999913108
split_fidelity,pc1\gaindistill_anchor\budget_50\seed_2\split_fidelity.json,pc1,gaindistill_anchor,budget_50,seed_2,xgboost,0.251829262725825,0.0,0.0,0.018423999998049112
split_fidelity,pc1\gaindistill_full\budget_25\seed_0\split_fidelity.json,pc1,gaindistill_full,budget_25,seed_0,xgboost,0.37545406631346206,0.0,0.6,0.028182600000945968
split_fidelity,pc1\gaindistill_full\budget_25\seed_1\split_fidelity.json,pc1,gaindistill_full,budget_25,seed_1,xgboost,-0.03477638406204054,0.0,0.2,0.03436189999956696
split_fidelity,pc1\gaindistill_full\budget_25\seed_2\split_fidelity.json,pc1,gaindistill_full,budget_25,seed_2,xgboost,0.2255326860591714,0.0,0.2,0.019618500000433414
split_fidelity,pc1\gaindistill_full\budget_50\seed_0\split_fidelity.json,pc1,gaindistill_full,budget_50,seed_0,xgboost,0.21707854478462377,0.0,0.0,0.02088290000028792
split_fidelity,pc1\gaindistill_full\budget_50\seed_1\split_fidelity.json,pc1,gaindistill_full,budget_50,seed_1,xgboost,-0.010196721491104914,0.0,0.0,0.02100570000038715
split_fidelity,pc1\gaindistill_full\budget_50\seed_2\split_fidelity.json,pc1,gaindistill_full,budget_50,seed_2,xgboost,0.251829262725825,0.0,0.0,0.02165679999961867
split_fidelity,pc1\gaindistill_hybrid\budget_10\seed_0\split_fidelity.json,pc1,gaindistill_hybrid,budget_10,seed_0,xgboost,0.0536342851153257,0.0,0.0,0.05608579999898211
split_fidelity,pc1\gaindistill_hybrid\budget_10\seed_1\split_fidelity.json,pc1,gaindistill_hybrid,budget_10,seed_1,xgboost,0.18802267761900013,0.0,0.2,0.04337630000009085
split_fidelity,pc1\gaindistill_hybrid\budget_10\seed_2\split_fidelity.json,pc1,gaindistill_hybrid,budget_10,seed_2,xgboost,0.23401253733033742,0.0,0.2,0.03748819999964326
split_fidelity,pc1\gaindistill_hybrid\budget_100\seed_0\split_fidelity.json,pc1,gaindistill_hybrid,budget_100,seed_0,xgboost,0.7024937364598707,0.0,0.2,0.06151500000123633
split_fidelity,pc1\gaindistill_hybrid\budget_100\seed_1\split_fidelity.json,pc1,gaindistill_hybrid,budget_100,seed_1,xgboost,0.5912404830402547,0.0,0.2,0.06358379999983299
split_fidelity,pc1\gaindistill_hybrid\budget_100\seed_2\split_fidelity.json,pc1,gaindistill_hybrid,budget_100,seed_2,xgboost,0.7142797612226401,0.0,0.4,0.05660689999967872
split_fidelity,pc1\gaindistill_hybrid\budget_25\seed_0\split_fidelity.json,pc1,gaindistill_hybrid,budget_25,seed_0,xgboost,0.24443823758156594,0.0,0.0,0.08339429999978165
split_fidelity,pc1\gaindistill_hybrid\budget_25\seed_1\split_fidelity.json,pc1,gaindistill_hybrid,budget_25,seed_1,xgboost,0.04732196965608095,0.0,0.0,0.037764700000479934
split_fidelity,pc1\gaindistill_hybrid\budget_25\seed_2\split_fidelity.json,pc1,gaindistill_hybrid,budget_25,seed_2,xgboost,0.20044590633964024,0.0,0.0,0.04332280000016908
split_fidelity,pc1\gaindistill_hybrid\budget_50\seed_0\split_fidelity.json,pc1,gaindistill_hybrid,budget_50,seed_0,xgboost,0.6353434880708089,0.0,0.2,0.04624580000017886
split_fidelity,pc1\gaindistill_hybrid\budget_50\seed_1\split_fidelity.json,pc1,gaindistill_hybrid,budget_50,seed_1,xgboost,0.4847164225816478,0.0,0.0,0.12537650000012945
split_fidelity,pc1\gaindistill_hybrid\budget_50\seed_2\split_fidelity.json,pc1,gaindistill_hybrid,budget_50,seed_2,xgboost,0.431801726254315,0.0,0.0,0.051170799999454175
split_fidelity,pc1\gaindistill_path_hybrid\budget_10\seed_0\split_fidelity.json,pc1,gaindistill_path_hybrid,budget_10,seed_0,xgboost,-0.0908586128561244,0.0,0.0,0.028264999999009888
split_fidelity,pc1\gaindistill_path_hybrid\budget_10\seed_1\split_fidelity.json,pc1,gaindistill_path_hybrid,budget_10,seed_1,xgboost,-0.04134117557909121,0.0,0.0,0.030846600000586477
split_fidelity,pc1\gaindistill_path_hybrid\budget_10\seed_2\split_fidelity.json,pc1,gaindistill_path_hybrid,budget_10,seed_2,xgboost,0.16482590433110664,0.0,0.0,0.028984300000956864
split_fidelity,pc1\gaindistill_path_hybrid\budget_100\seed_0\split_fidelity.json,pc1,gaindistill_path_hybrid,budget_100,seed_0,xgboost,0.6840779893932786,0.0,0.2,0.054640599999402184
split_fidelity,pc1\gaindistill_path_hybrid\budget_100\seed_1\split_fidelity.json,pc1,gaindistill_path_hybrid,budget_100,seed_1,xgboost,0.652174516982656,0.0,0.0,0.056863700001485995
split_fidelity,pc1\gaindistill_path_hybrid\budget_100\seed_2\split_fidelity.json,pc1,gaindistill_path_hybrid,budget_100,seed_2,xgboost,0.5798462318503116,0.0,0.4,0.050031200000375975
split_fidelity,pc1\gaindistill_path_hybrid\budget_25\seed_0\split_fidelity.json,pc1,gaindistill_path_hybrid,budget_25,seed_0,xgboost,0.33299606005723714,0.0,0.0,0.029540900000938564
split_fidelity,pc1\gaindistill_path_hybrid\budget_25\seed_1\split_fidelity.json,pc1,gaindistill_path_hybrid,budget_25,seed_1,xgboost,0.12627813905827442,0.0,0.0,0.043019200000344426
split_fidelity,pc1\gaindistill_path_hybrid\budget_25\seed_2\split_fidelity.json,pc1,gaindistill_path_hybrid,budget_25,seed_2,xgboost,0.2665064460655365,0.0,0.0,0.03219390000049316
split_fidelity,pc1\gaindistill_path_hybrid\budget_50\seed_0\split_fidelity.json,pc1,gaindistill_path_hybrid,budget_50,seed_0,xgboost,0.4352712159527171,0.0,0.2,0.06441719999929774
split_fidelity,pc1\gaindistill_path_hybrid\budget_50\seed_1\split_fidelity.json,pc1,gaindistill_path_hybrid,budget_50,seed_1,xgboost,0.3444501548844757,0.0,0.2,0.061436899999534944
split_fidelity,pc1\gaindistill_path_hybrid\budget_50\seed_2\split_fidelity.json,pc1,gaindistill_path_hybrid,budget_50,seed_2,xgboost,0.44372135031862886,0.0,0.4,0.053839700000025914
split_fidelity,pc1\gain_herding\budget_10\seed_0\split_fidelity.json,pc1,gain_herding,budget_10,seed_0,xgboost,-0.042224777594013274,0.0,0.0,0.03678090000175871
split_fidelity,pc1\gain_herding\budget_10\seed_1\split_fidelity.json,pc1,gain_herding,budget_10,seed_1,xgboost,-0.059375884498455565,0.0,0.0,0.023313799996685702
split_fidelity,pc1\gain_herding\budget_10\seed_2\split_fidelity.json,pc1,gain_herding,budget_10,seed_2,xgboost,-0.2161836386856938,0.0,0.2,0.025446200001169927
split_fidelity,pc1\gain_herding\budget_100\seed_0\split_fidelity.json,pc1,gain_herding,budget_100,seed_0,xgboost,0.18503219936723012,0.0,0.4,0.044330900000204565
split_fidelity,pc1\gain_herding\budget_100\seed_1\split_fidelity.json,pc1,gain_herding,budget_100,seed_1,xgboost,0.4515316137875595,0.0,0.4,0.041067300000577234
split_fidelity,pc1\gain_herding\budget_100\seed_2\split_fidelity.json,pc1,gain_herding,budget_100,seed_2,xgboost,0.33304664289644403,0.0,0.0,0.04789679999885266
split_fidelity,pc1\gain_herding\budget_25\seed_0\split_fidelity.json,pc1,gain_herding,budget_25,seed_0,xgboost,0.4875105744585182,0.0,0.2,0.026446599993505515
split_fidelity,pc1\gain_herding\budget_25\seed_1\split_fidelity.json,pc1,gain_herding,budget_25,seed_1,xgboost,-0.04263245261464492,0.0,0.0,0.02763480000430718
split_fidelity,pc1\gain_herding\budget_25\seed_2\split_fidelity.json,pc1,gain_herding,budget_25,seed_2,xgboost,0.37603428832101754,0.0,0.0,0.02712959999917075
split_fidelity,pc1\gain_herding\budget_50\seed_0\split_fidelity.json,pc1,gain_herding,budget_50,seed_0,xgboost,0.3201057052762368,0.0,0.2,0.034522899994044565
split_fidelity,pc1\gain_herding\budget_50\seed_1\split_fidelity.json,pc1,gain_herding,budget_50,seed_1,xgboost,0.20240345197508386,0.0,0.0,0.031769499997608364
split_fidelity,pc1\gain_herding\budget_50\seed_2\split_fidelity.json,pc1,gain_herding,budget_50,seed_2,xgboost,0.20783854704057647,0.0,0.0,0.032752199986134656
split_fidelity,pc1\gain_path_diverse\budget_25\seed_0\split_fidelity.json,pc1,gain_path_diverse,budget_25,seed_0,xgboost,0.08602846964515497,0.0,0.4,0.032240699998510536
split_fidelity,pc1\gain_path_diverse\budget_50\seed_0\split_fidelity.json,pc1,gain_path_diverse,budget_50,seed_0,xgboost,0.2777689998524646,0.0,0.0,0.04808569999659085
split_fidelity,pc1\gain_path_dual\budget_25\seed_0\split_fidelity.json,pc1,gain_path_dual,budget_25,seed_0,xgboost,0.2342322636786826,0.0,0.2,0.04225420000148006
split_fidelity,pc1\gain_path_dual\budget_50\seed_0\split_fidelity.json,pc1,gain_path_dual,budget_50,seed_0,xgboost,0.3223819230717117,0.0,0.0,0.045209299998532515
split_fidelity,pc1\gain_path_herding\budget_10\seed_0\split_fidelity.json,pc1,gain_path_herding,budget_10,seed_0,xgboost,0.0267210552687739,0.0,0.0,0.03910180000093533
split_fidelity,pc1\gain_path_herding\budget_10\seed_1\split_fidelity.json,pc1,gain_path_herding,budget_10,seed_1,xgboost,-0.003940549773724177,0.0,0.2,0.027656199999910314
split_fidelity,pc1\gain_path_herding\budget_10\seed_2\split_fidelity.json,pc1,gain_path_herding,budget_10,seed_2,xgboost,0.037367064025325074,0.0,0.0,0.022465600002760766
split_fidelity,pc1\gain_path_herding\budget_100\seed_0\split_fidelity.json,pc1,gain_path_herding,budget_100,seed_0,xgboost,0.2767020633873951,0.0,0.0,0.055335000000923174
split_fidelity,pc1\gain_path_herding\budget_100\seed_1\split_fidelity.json,pc1,gain_path_herding,budget_100,seed_1,xgboost,0.4859722293267964,0.0,0.2,0.040113800001563504
split_fidelity,pc1\gain_path_herding\budget_100\seed_2\split_fidelity.json,pc1,gain_path_herding,budget_100,seed_2,xgboost,0.37253390988291424,0.0,0.4,0.03546730000016396
split_fidelity,pc1\gain_path_herding\budget_25\seed_0\split_fidelity.json,pc1,gain_path_herding,budget_25,seed_0,xgboost,0.48117234096662204,0.0,0.4,0.029250200008391403
split_fidelity,pc1\gain_path_herding\budget_25\seed_1\split_fidelity.json,pc1,gain_path_herding,budget_25,seed_1,xgboost,0.24155921481155593,0.0,0.2,0.027418199999374337
split_fidelity,pc1\gain_path_herding\budget_25\seed_2\split_fidelity.json,pc1,gain_path_herding,budget_25,seed_2,xgboost,0.35785863673697493,0.0,0.0,0.022374199994374067
split_fidelity,pc1\gain_path_herding\budget_50\seed_0\split_fidelity.json,pc1,gain_path_herding,budget_50,seed_0,xgboost,0.48008209204519847,0.0,0.2,0.028962099997443147
split_fidelity,pc1\gain_path_herding\budget_50\seed_1\split_fidelity.json,pc1,gain_path_herding,budget_50,seed_1,xgboost,0.33497252692125457,0.0,0.0,0.027933200006373227
split_fidelity,pc1\gain_path_herding\budget_50\seed_2\split_fidelity.json,pc1,gain_path_herding,budget_50,seed_2,xgboost,0.28425656242914316,0.0,0.0,0.026511000003665686
split_fidelity,pc1\gain_path_prior_weighted\budget_25\seed_0\split_fidelity.json,pc1,gain_path_prior_weighted,budget_25,seed_0,xgboost,0.3320553498996673,0.0,0.4,0.02024829999936628
split_fidelity,pc1\gain_path_prior_weighted\budget_25\seed_1\split_fidelity.json,pc1,gain_path_prior_weighted,budget_25,seed_1,xgboost,0.26570272391319005,0.0,0.2,0.02319549999810988
split_fidelity,pc1\gain_path_prior_weighted\budget_25\seed_2\split_fidelity.json,pc1,gain_path_prior_weighted,budget_25,seed_2,xgboost,-0.09358346472312049,0.0,0.0,0.02144350000162376
split_fidelity,pc1\gain_path_prior_weighted\budget_50\seed_0\split_fidelity.json,pc1,gain_path_prior_weighted,budget_50,seed_0,xgboost,0.3009172846543315,0.0,0.0,0.032073400001536356
split_fidelity,pc1\gain_path_prior_weighted\budget_50\seed_1\split_fidelity.json,pc1,gain_path_prior_weighted,budget_50,seed_1,xgboost,0.37234102774395705,0.0,0.2,0.027943400000367546
split_fidelity,pc1\gain_path_prior_weighted\budget_50\seed_2\split_fidelity.json,pc1,gain_path_prior_weighted,budget_50,seed_2,xgboost,0.2876640036526138,0.0,0.0,0.03630919999704929
split_fidelity,pc1\gain_path_refined\budget_25\seed_0\split_fidelity.json,pc1,gain_path_refined,budget_25,seed_0,xgboost,0.4919372626209658,0.0,0.4,0.027573800005484372
split_fidelity,pc1\gain_path_refined\budget_25\seed_1\split_fidelity.json,pc1,gain_path_refined,budget_25,seed_1,xgboost,0.2879860339313278,0.0,0.0,0.0236358999973163
split_fidelity,pc1\gain_path_refined\budget_25\seed_2\split_fidelity.json,pc1,gain_path_refined,budget_25,seed_2,xgboost,0.35264169026493825,0.0,0.2,0.02181739998923149
split_fidelity,pc1\gain_path_refined\budget_50\seed_0\split_fidelity.json,pc1,gain_path_refined,budget_50,seed_0,xgboost,0.35765531132577694,0.0,0.2,0.03447559999767691
split_fidelity,pc1\gain_path_refined\budget_50\seed_1\split_fidelity.json,pc1,gain_path_refined,budget_50,seed_1,xgboost,0.2763236223261861,0.0,0.0,0.03699140000389889
split_fidelity,pc1\gain_path_refined\budget_50\seed_2\split_fidelity.json,pc1,gain_path_refined,budget_50,seed_2,xgboost,0.38507878595888834,0.0,0.0,0.03416599999764003
split_fidelity,pc1\gain_path_refined_weighted\budget_50\seed_0\split_fidelity.json,pc1,gain_path_refined_weighted,budget_50,seed_0,xgboost,0.048064034449191974,0.0,0.4,0.02280629999950179
split_fidelity,pc1\gain_path_safeguarded\budget_25\seed_0\split_fidelity.json,pc1,gain_path_safeguarded,budget_25,seed_0,xgboost,0.4919372626209658,0.0,0.4,0.02774160000262782
split_fidelity,pc1\gain_path_safeguarded\budget_25\seed_1\split_fidelity.json,pc1,gain_path_safeguarded,budget_25,seed_1,xgboost,0.2879860339313278,0.0,0.0,0.028614499999093823
split_fidelity,pc1\gain_path_safeguarded\budget_25\seed_2\split_fidelity.json,pc1,gain_path_safeguarded,budget_25,seed_2,xgboost,0.35264169026493825,0.0,0.2,0.026550499998847954
split_fidelity,pc1\gain_path_safeguarded\budget_50\seed_0\split_fidelity.json,pc1,gain_path_safeguarded,budget_50,seed_0,xgboost,0.35765531132577694,0.0,0.2,0.03034490000572987
split_fidelity,pc1\gain_path_safeguarded\budget_50\seed_1\split_fidelity.json,pc1,gain_path_safeguarded,budget_50,seed_1,xgboost,0.2763236223261861,0.0,0.0,0.03294150000147056
split_fidelity,pc1\gain_path_safeguarded\budget_50\seed_2\split_fidelity.json,pc1,gain_path_safeguarded,budget_50,seed_2,xgboost,0.38507878595888834,0.0,0.0,0.03172529999574181
split_fidelity,pc1\gain_weighted_coreset\budget_10\seed_0\split_fidelity.json,pc1,gain_weighted_coreset,budget_10,seed_0,xgboost,0.0536342851153257,0.0,0.0,0.03609689999939292
split_fidelity,pc1\gain_weighted_coreset\budget_10\seed_1\split_fidelity.json,pc1,gain_weighted_coreset,budget_10,seed_1,xgboost,0.18802267761900013,0.0,0.2,0.036041999999724794
split_fidelity,pc1\gain_weighted_coreset\budget_10\seed_2\split_fidelity.json,pc1,gain_weighted_coreset,budget_10,seed_2,xgboost,0.23401253733033742,0.0,0.2,0.03725959999974293
split_fidelity,pc1\gain_weighted_coreset\budget_100\seed_0\split_fidelity.json,pc1,gain_weighted_coreset,budget_100,seed_0,xgboost,0.7024937364598707,0.0,0.2,0.06153039999844623
split_fidelity,pc1\gain_weighted_coreset\budget_100\seed_1\split_fidelity.json,pc1,gain_weighted_coreset,budget_100,seed_1,xgboost,0.5912404830402547,0.0,0.2,0.07094160000087868
split_fidelity,pc1\gain_weighted_coreset\budget_100\seed_2\split_fidelity.json,pc1,gain_weighted_coreset,budget_100,seed_2,xgboost,0.7142797612226401,0.0,0.4,0.0683392000009917
split_fidelity,pc1\gain_weighted_coreset\budget_25\seed_0\split_fidelity.json,pc1,gain_weighted_coreset,budget_25,seed_0,xgboost,0.24443823758156594,0.0,0.0,0.04847220000010566
split_fidelity,pc1\gain_weighted_coreset\budget_25\seed_1\split_fidelity.json,pc1,gain_weighted_coreset,budget_25,seed_1,xgboost,0.04732196965608095,0.0,0.0,0.04141209999943385
split_fidelity,pc1\gain_weighted_coreset\budget_25\seed_2\split_fidelity.json,pc1,gain_weighted_coreset,budget_25,seed_2,xgboost,0.20044590633964024,0.0,0.0,0.044713400000546244
split_fidelity,pc1\gain_weighted_coreset\budget_50\seed_0\split_fidelity.json,pc1,gain_weighted_coreset,budget_50,seed_0,xgboost,0.6353434880708089,0.0,0.2,0.05595010000070033
split_fidelity,pc1\gain_weighted_coreset\budget_50\seed_1\split_fidelity.json,pc1,gain_weighted_coreset,budget_50,seed_1,xgboost,0.4847164225816478,0.0,0.0,0.05699009999989357
split_fidelity,pc1\gain_weighted_coreset\budget_50\seed_2\split_fidelity.json,pc1,gain_weighted_coreset,budget_50,seed_2,xgboost,0.431801726254315,0.0,0.0,0.04692629999954079
split_fidelity,pc1\gradient_sampling\budget_10\seed_0\split_fidelity.json,pc1,gradient_sampling,budget_10,seed_0,xgboost,-0.11667026777721988,0.0,0.0,0.055044700000507873
split_fidelity,pc1\gradient_sampling\budget_10\seed_1\split_fidelity.json,pc1,gradient_sampling,budget_10,seed_1,xgboost,0.14696325172502997,0.0,0.0,0.06327830000009271
split_fidelity,pc1\gradient_sampling\budget_10\seed_2\split_fidelity.json,pc1,gradient_sampling,budget_10,seed_2,xgboost,-0.07223421012512705,0.0,0.0,0.048181799999838404
split_fidelity,pc1\gradient_sampling\budget_100\seed_0\split_fidelity.json,pc1,gradient_sampling,budget_100,seed_0,xgboost,0.39687142779449425,0.0,0.2,0.07728849999966769
split_fidelity,pc1\gradient_sampling\budget_100\seed_1\split_fidelity.json,pc1,gradient_sampling,budget_100,seed_1,xgboost,0.2750116334239474,1.0,0.4,0.07542790000024979
split_fidelity,pc1\gradient_sampling\budget_100\seed_2\split_fidelity.json,pc1,gradient_sampling,budget_100,seed_2,xgboost,0.4994460726586336,0.0,0.0,0.06719479999992473
split_fidelity,pc1\gradient_sampling\budget_25\seed_0\split_fidelity.json,pc1,gradient_sampling,budget_25,seed_0,xgboost,0.0743908095179673,0.0,0.2,0.07198249999964901
split_fidelity,pc1\gradient_sampling\budget_25\seed_1\split_fidelity.json,pc1,gradient_sampling,budget_25,seed_1,xgboost,0.20789392121754682,0.0,0.0,0.0666056000000026
split_fidelity,pc1\gradient_sampling\budget_25\seed_2\split_fidelity.json,pc1,gradient_sampling,budget_25,seed_2,xgboost,-0.06819998687980398,0.0,0.0,0.07238219999999274
split_fidelity,pc1\gradient_sampling\budget_50\seed_0\split_fidelity.json,pc1,gradient_sampling,budget_50,seed_0,xgboost,0.2125558176296975,0.0,0.2,0.09151850000034756
split_fidelity,pc1\gradient_sampling\budget_50\seed_1\split_fidelity.json,pc1,gradient_sampling,budget_50,seed_1,xgboost,-0.017044241088718326,0.0,0.4,0.06300980000014533
split_fidelity,pc1\gradient_sampling\budget_50\seed_2\split_fidelity.json,pc1,gradient_sampling,budget_50,seed_2,xgboost,0.2993452567605896,0.0,0.0,0.05508989999998448
split_fidelity,pc1\herding\budget_10\seed_0\split_fidelity.json,pc1,herding,budget_10,seed_0,xgboost,0.08837096313196635,0.0,0.0,0.05008380000072066
split_fidelity,pc1\herding\budget_10\seed_1\split_fidelity.json,pc1,herding,budget_10,seed_1,xgboost,0.2369996283535848,0.0,0.0,0.023961200000485405
split_fidelity,pc1\herding\budget_10\seed_2\split_fidelity.json,pc1,herding,budget_10,seed_2,xgboost,0.2827171815444719,0.0,0.0,0.021731199998612283
split_fidelity,pc1\herding\budget_100\seed_0\split_fidelity.json,pc1,herding,budget_100,seed_0,xgboost,0.4895089571338913,0.0,0.0,0.07742280000002211
split_fidelity,pc1\herding\budget_100\seed_1\split_fidelity.json,pc1,herding,budget_100,seed_1,xgboost,0.24018771799117794,0.0,0.4,0.03988050000043586
split_fidelity,pc1\herding\budget_100\seed_2\split_fidelity.json,pc1,herding,budget_100,seed_2,xgboost,0.36291590506798144,0.0,0.4,0.036423800000193296
split_fidelity,pc1\herding\budget_25\seed_0\split_fidelity.json,pc1,herding,budget_25,seed_0,xgboost,0.35918951855637127,0.0,0.0,0.03033559999312274
split_fidelity,pc1\herding\budget_25\seed_1\split_fidelity.json,pc1,herding,budget_25,seed_1,xgboost,0.3671681130168438,0.0,0.0,0.0262592999933986
split_fidelity,pc1\herding\budget_25\seed_2\split_fidelity.json,pc1,herding,budget_25,seed_2,xgboost,0.44849115727685207,0.0,0.0,0.028834299999289215
split_fidelity,pc1\herding\budget_50\seed_0\split_fidelity.json,pc1,herding,budget_50,seed_0,xgboost,0.2714877288634083,0.0,0.0,0.029688199996598996
split_fidelity,pc1\herding\budget_50\seed_1\split_fidelity.json,pc1,herding,budget_50,seed_1,xgboost,0.27774277841802075,0.0,0.0,0.030563699998310767
split_fidelity,pc1\herding\budget_50\seed_2\split_fidelity.json,pc1,herding,budget_50,seed_2,xgboost,0.355918492576432,0.0,0.0,0.03027750000183005
split_fidelity,pc1\k_center\budget_10\seed_0\split_fidelity.json,pc1,k_center,budget_10,seed_0,xgboost,-0.212931385318284,0.0,0.0,0.052789600000323844
split_fidelity,pc1\k_center\budget_10\seed_1\split_fidelity.json,pc1,k_center,budget_10,seed_1,xgboost,0.060091943222192294,0.0,0.0,0.04747620000034658
split_fidelity,pc1\k_center\budget_10\seed_2\split_fidelity.json,pc1,k_center,budget_10,seed_2,xgboost,0.169220069773724,1.0,0.2,0.05155399999966903
split_fidelity,pc1\k_center\budget_100\seed_0\split_fidelity.json,pc1,k_center,budget_100,seed_0,xgboost,0.4942294488555332,0.0,0.2,0.08851959999992687
split_fidelity,pc1\k_center\budget_100\seed_1\split_fidelity.json,pc1,k_center,budget_100,seed_1,xgboost,0.06203467053241193,0.0,0.2,0.09552660000008473
split_fidelity,pc1\k_center\budget_100\seed_2\split_fidelity.json,pc1,k_center,budget_100,seed_2,xgboost,0.4450711086285743,0.0,0.0,0.07506349999948725
split_fidelity,pc1\k_center\budget_25\seed_0\split_fidelity.json,pc1,k_center,budget_25,seed_0,xgboost,0.23995768985851917,0.0,0.0,0.07183489999988524
split_fidelity,pc1\k_center\budget_25\seed_1\split_fidelity.json,pc1,k_center,budget_25,seed_1,xgboost,0.12108780828526178,0.0,0.2,0.05077889999938634
split_fidelity,pc1\k_center\budget_25\seed_2\split_fidelity.json,pc1,k_center,budget_25,seed_2,xgboost,-0.06735575885139176,0.0,0.0,0.05933120000008785
split_fidelity,pc1\k_center\budget_50\seed_0\split_fidelity.json,pc1,k_center,budget_50,seed_0,xgboost,0.3519505329779703,0.0,0.2,0.06350930000007793
split_fidelity,pc1\k_center\budget_50\seed_1\split_fidelity.json,pc1,k_center,budget_50,seed_1,xgboost,0.16181357908703947,0.0,0.0,0.07130450000022392
split_fidelity,pc1\k_center\budget_50\seed_2\split_fidelity.json,pc1,k_center,budget_50,seed_2,xgboost,0.11312110671759251,0.0,0.0,0.05473879999954079
split_fidelity,pc1\math_tuned\budget_50\seed_0\split_fidelity.json,pc1,math_tuned,budget_50,seed_0,xgboost,0.2741713966339327,0.0,0.0,0.03918159999739146
split_fidelity,pc1\math_tuned_more_probes\budget_50\seed_0\split_fidelity.json,pc1,math_tuned_more_probes,budget_50,seed_0,xgboost,0.17441430429921476,0.0,0.0,0.032920900001045084
split_fidelity,pc1\math_tuned_no_anchor\budget_50\seed_0\split_fidelity.json,pc1,math_tuned_no_anchor,budget_50,seed_0,xgboost,0.27348729640801495,0.0,0.0,0.03168129999903613
split_fidelity,pc1\math_tuned_no_hist\budget_50\seed_0\split_fidelity.json,pc1,math_tuned_no_hist,budget_50,seed_0,xgboost,0.2624791861737038,0.0,0.0,0.03231400000004214
split_fidelity,pc1\random\budget_10\seed_0\split_fidelity.json,pc1,random,budget_10,seed_0,xgboost,0.0875692648467285,0.0,0.0,0.05501399999957357
split_fidelity,pc1\random\budget_10\seed_1\split_fidelity.json,pc1,random,budget_10,seed_1,xgboost,-0.18438798659801825,0.0,0.0,0.021344199998566182
split_fidelity,pc1\random\budget_10\seed_2\split_fidelity.json,pc1,random,budget_10,seed_2,xgboost,0.030071864194482812,0.0,0.2,0.02062139999907231
split_fidelity,pc1\random\budget_100\seed_0\split_fidelity.json,pc1,random,budget_100,seed_0,xgboost,0.5960972367455578,0.0,0.0,0.07402550000006158
split_fidelity,pc1\random\budget_100\seed_1\split_fidelity.json,pc1,random,budget_100,seed_1,xgboost,0.22634666900741185,0.0,0.2,0.038228699999308446
split_fidelity,pc1\random\budget_100\seed_2\split_fidelity.json,pc1,random,budget_100,seed_2,xgboost,0.32104888337872295,0.0,0.0,0.03774609999891254
split_fidelity,pc1\random\budget_25\seed_0\split_fidelity.json,pc1,random,budget_25,seed_0,xgboost,0.013658431581725191,0.0,0.0,0.02164500000071712
split_fidelity,pc1\random\budget_25\seed_1\split_fidelity.json,pc1,random,budget_25,seed_1,xgboost,0.19044766775762415,0.0,0.0,0.02340649999678135
split_fidelity,pc1\random\budget_25\seed_2\split_fidelity.json,pc1,random,budget_25,seed_2,xgboost,0.24212750614770384,0.0,0.0,0.022180100000696257
split_fidelity,pc1\random\budget_50\seed_0\split_fidelity.json,pc1,random,budget_50,seed_0,xgboost,0.088550583218983,0.0,0.0,0.02434279999579303
split_fidelity,pc1\random\budget_50\seed_1\split_fidelity.json,pc1,random,budget_50,seed_1,xgboost,0.10783330868295543,0.0,0.2,0.025370000003022142
split_fidelity,pc1\random\budget_50\seed_2\split_fidelity.json,pc1,random,budget_50,seed_2,xgboost,0.30072258004507557,0.0,0.0,0.022001500008627772
split_fidelity,pc1\refined_no_conf\budget_25\seed_0\split_fidelity.json,pc1,refined_no_conf,budget_25,seed_0,xgboost,0.4919372626209658,0.0,0.4,0.015821599999981117
split_fidelity,pc1\refined_no_conf\budget_25\seed_1\split_fidelity.json,pc1,refined_no_conf,budget_25,seed_1,xgboost,0.2879860339313278,0.0,0.0,0.01521730000001753
split_fidelity,pc1\refined_no_conf\budget_25\seed_2\split_fidelity.json,pc1,refined_no_conf,budget_25,seed_2,xgboost,0.35264169026493825,0.0,0.2,0.015936699999997472
split_fidelity,pc1\refined_no_conf\budget_50\seed_0\split_fidelity.json,pc1,refined_no_conf,budget_50,seed_0,xgboost,0.35765531132577694,0.0,0.2,0.017538299999955598
split_fidelity,pc1\refined_no_conf\budget_50\seed_1\split_fidelity.json,pc1,refined_no_conf,budget_50,seed_1,xgboost,0.306931542820716,0.0,0.2,0.01723810000009962
split_fidelity,pc1\refined_no_conf\budget_50\seed_2\split_fidelity.json,pc1,refined_no_conf,budget_50,seed_2,xgboost,0.38507878595888834,0.0,0.0,0.01807450000001154
split_fidelity,pc1\refined_no_gain_weight\budget_25\seed_0\split_fidelity.json,pc1,refined_no_gain_weight,budget_25,seed_0,xgboost,0.4919372626209658,0.0,0.4,0.015859800000043833
split_fidelity,pc1\refined_no_gain_weight\budget_25\seed_1\split_fidelity.json,pc1,refined_no_gain_weight,budget_25,seed_1,xgboost,0.2879860339313278,0.0,0.0,0.013889800000015384
split_fidelity,pc1\refined_no_gain_weight\budget_25\seed_2\split_fidelity.json,pc1,refined_no_gain_weight,budget_25,seed_2,xgboost,0.35264169026493825,0.0,0.2,0.014740800000026866
split_fidelity,pc1\refined_no_gain_weight\budget_50\seed_0\split_fidelity.json,pc1,refined_no_gain_weight,budget_50,seed_0,xgboost,0.35765531132577694,0.0,0.2,0.0195578000000296
split_fidelity,pc1\refined_no_gain_weight\budget_50\seed_1\split_fidelity.json,pc1,refined_no_gain_weight,budget_50,seed_1,xgboost,0.2763236223261861,0.0,0.0,0.020533099999965998
split_fidelity,pc1\refined_no_gain_weight\budget_50\seed_2\split_fidelity.json,pc1,refined_no_gain_weight,budget_50,seed_2,xgboost,0.38507878595888834,0.0,0.0,0.02139539999996032
split_fidelity,pc1\refined_no_grad\budget_25\seed_0\split_fidelity.json,pc1,refined_no_grad,budget_25,seed_0,xgboost,0.13398549823897826,0.0,0.2,0.017342500000040673
split_fidelity,pc1\refined_no_grad\budget_25\seed_1\split_fidelity.json,pc1,refined_no_grad,budget_25,seed_1,xgboost,0.43747603239945393,0.0,0.2,0.01732290000006742
split_fidelity,pc1\refined_no_grad\budget_25\seed_2\split_fidelity.json,pc1,refined_no_grad,budget_25,seed_2,xgboost,0.28081011092911323,0.0,0.2,0.01641779999999926
split_fidelity,pc1\refined_no_grad\budget_50\seed_0\split_fidelity.json,pc1,refined_no_grad,budget_50,seed_0,xgboost,0.3750946279216762,0.0,0.0,0.021550899999965623
split_fidelity,pc1\refined_no_grad\budget_50\seed_1\split_fidelity.json,pc1,refined_no_grad,budget_50,seed_1,xgboost,0.2651006343745549,0.0,0.2,0.02103030000000672
split_fidelity,pc1\refined_no_grad\budget_50\seed_2\split_fidelity.json,pc1,refined_no_grad,budget_50,seed_2,xgboost,0.20536278408987158,0.0,0.2,0.021244800000090436
split_fidelity,pc1\refined_no_hess\budget_25\seed_0\split_fidelity.json,pc1,refined_no_hess,budget_25,seed_0,xgboost,0.2830365272204362,0.0,0.0,0.01708510000003116
split_fidelity,pc1\refined_no_hess\budget_25\seed_1\split_fidelity.json,pc1,refined_no_hess,budget_25,seed_1,xgboost,0.1723091315976357,0.0,0.4,0.016339399999992565
split_fidelity,pc1\refined_no_hess\budget_25\seed_2\split_fidelity.json,pc1,refined_no_hess,budget_25,seed_2,xgboost,0.07354651861846898,0.0,0.0,0.016413100000022496
split_fidelity,pc1\refined_no_hess\budget_50\seed_0\split_fidelity.json,pc1,refined_no_hess,budget_50,seed_0,xgboost,0.14445204551934332,0.0,0.0,0.02036630000009154
split_fidelity,pc1\refined_no_hess\budget_50\seed_1\split_fidelity.json,pc1,refined_no_hess,budget_50,seed_1,xgboost,0.3105159744663018,0.0,0.2,0.02032459999998082
split_fidelity,pc1\refined_no_hess\budget_50\seed_2\split_fidelity.json,pc1,refined_no_hess,budget_50,seed_2,xgboost,0.14814855394009782,0.0,0.2,0.019715300000029856
split_fidelity,pc1\refined_no_path\budget_25\seed_0\split_fidelity.json,pc1,refined_no_path,budget_25,seed_0,xgboost,0.4363430530940072,0.0,0.2,0.016379799999981515
split_fidelity,pc1\refined_no_path\budget_25\seed_1\split_fidelity.json,pc1,refined_no_path,budget_25,seed_1,xgboost,0.16988794913561944,0.0,0.0,0.016995199999996657
split_fidelity,pc1\refined_no_path\budget_25\seed_2\split_fidelity.json,pc1,refined_no_path,budget_25,seed_2,xgboost,0.26386240990955967,0.0,0.0,0.015797700000007353
split_fidelity,pc1\refined_no_path\budget_50\seed_0\split_fidelity.json,pc1,refined_no_path,budget_50,seed_0,xgboost,0.3711797368507401,0.0,0.2,0.019733199999905082
split_fidelity,pc1\refined_no_path\budget_50\seed_1\split_fidelity.json,pc1,refined_no_path,budget_50,seed_1,xgboost,0.2599282724786704,0.0,0.0,0.02110139999990679
split_fidelity,pc1\refined_no_path\budget_50\seed_2\split_fidelity.json,pc1,refined_no_path,budget_50,seed_2,xgboost,0.27489828862111504,0.0,0.0,0.01907410000001164
split_fidelity,pc1\refined_no_raw\budget_25\seed_0\split_fidelity.json,pc1,refined_no_raw,budget_25,seed_0,xgboost,0.31596548200955765,0.0,0.8,0.01598300000000563
split_fidelity,pc1\refined_no_raw\budget_25\seed_1\split_fidelity.json,pc1,refined_no_raw,budget_25,seed_1,xgboost,0.3291143865181998,0.0,0.0,0.015665599999920232
split_fidelity,pc1\refined_no_raw\budget_25\seed_2\split_fidelity.json,pc1,refined_no_raw,budget_25,seed_2,xgboost,0.25803023146706855,0.0,0.2,0.016466099999888684
split_fidelity,pc1\refined_no_raw\budget_50\seed_0\split_fidelity.json,pc1,refined_no_raw,budget_50,seed_0,xgboost,0.21772912344093448,0.0,0.2,0.020195899999976064
split_fidelity,pc1\refined_no_raw\budget_50\seed_1\split_fidelity.json,pc1,refined_no_raw,budget_50,seed_1,xgboost,0.22871406997866947,0.0,0.2,0.020659000000023298
split_fidelity,pc1\refined_no_raw\budget_50\seed_2\split_fidelity.json,pc1,refined_no_raw,budget_50,seed_2,xgboost,0.35880823338880413,0.0,0.2,0.019424500000013722
split_fidelity,pc1\refined_no_refine\budget_25\seed_0\split_fidelity.json,pc1,refined_no_refine,budget_25,seed_0,xgboost,0.48117234096662204,0.0,0.4,0.0157589000000371
split_fidelity,pc1\refined_no_refine\budget_25\seed_1\split_fidelity.json,pc1,refined_no_refine,budget_25,seed_1,xgboost,0.24155921481155593,0.0,0.2,0.016212099999961538
split_fidelity,pc1\refined_no_refine\budget_25\seed_2\split_fidelity.json,pc1,refined_no_refine,budget_25,seed_2,xgboost,0.35785863673697493,0.0,0.0,0.01589179999996304
split_fidelity,pc1\refined_no_refine\budget_50\seed_0\split_fidelity.json,pc1,refined_no_refine,budget_50,seed_0,xgboost,0.48008209204519847,0.0,0.2,0.022775000000024193
split_fidelity,pc1\refined_no_refine\budget_50\seed_1\split_fidelity.json,pc1,refined_no_refine,budget_50,seed_1,xgboost,0.33497252692125457,0.0,0.0,0.01967920000004142
split_fidelity,pc1\refined_no_refine\budget_50\seed_2\split_fidelity.json,pc1,refined_no_refine,budget_50,seed_2,xgboost,0.28425656242914316,0.0,0.0,0.019943000000012034
split_fidelity,pc1\refined_path_occupancy_only\budget_25\seed_0\split_fidelity.json,pc1,refined_path_occupancy_only,budget_25,seed_0,xgboost,0.2716739421556326,0.0,0.2,0.015875800000003437
split_fidelity,pc1\refined_path_occupancy_only\budget_25\seed_1\split_fidelity.json,pc1,refined_path_occupancy_only,budget_25,seed_1,xgboost,0.1004391933602986,0.0,0.2,0.017352800000026036
split_fidelity,pc1\refined_path_occupancy_only\budget_25\seed_2\split_fidelity.json,pc1,refined_path_occupancy_only,budget_25,seed_2,xgboost,0.2946909394817502,0.0,0.0,0.016913400000021284
split_fidelity,pc1\refined_path_occupancy_only\budget_50\seed_0\split_fidelity.json,pc1,refined_path_occupancy_only,budget_50,seed_0,xgboost,0.24813870792993764,0.0,0.2,0.020030300000030365
split_fidelity,pc1\refined_path_occupancy_only\budget_50\seed_1\split_fidelity.json,pc1,refined_path_occupancy_only,budget_50,seed_1,xgboost,-0.02992929455266626,0.0,0.0,0.019800300000042625
split_fidelity,pc1\refined_path_occupancy_only\budget_50\seed_2\split_fidelity.json,pc1,refined_path_occupancy_only,budget_50,seed_2,xgboost,0.11613056379841322,0.0,0.0,0.021213399999965077
split_fidelity,pc1\tree_region\budget_10\seed_0\split_fidelity.json,pc1,tree_region,budget_10,seed_0,xgboost,-0.11667026777721988,0.0,0.0,0.032277000000249245
split_fidelity,pc1\tree_region\budget_10\seed_1\split_fidelity.json,pc1,tree_region,budget_10,seed_1,xgboost,0.14696325172502997,0.0,0.0,0.033363200000167126
split_fidelity,pc1\tree_region\budget_10\seed_2\split_fidelity.json,pc1,tree_region,budget_10,seed_2,xgboost,-0.07223421012512705,0.0,0.0,0.0393158000006224
split_fidelity,pc1\tree_region\budget_100\seed_0\split_fidelity.json,pc1,tree_region,budget_100,seed_0,xgboost,0.39687142779449425,0.0,0.2,0.0668020000002798
split_fidelity,pc1\tree_region\budget_100\seed_1\split_fidelity.json,pc1,tree_region,budget_100,seed_1,xgboost,0.2750116334239474,1.0,0.4,0.06841979999990144
split_fidelity,pc1\tree_region\budget_100\seed_2\split_fidelity.json,pc1,tree_region,budget_100,seed_2,xgboost,0.4994460726586336,0.0,0.0,0.06927420000010898
split_fidelity,pc1\tree_region\budget_25\seed_0\split_fidelity.json,pc1,tree_region,budget_25,seed_0,xgboost,0.0743908095179673,0.0,0.2,0.04617139999936626
split_fidelity,pc1\tree_region\budget_25\seed_1\split_fidelity.json,pc1,tree_region,budget_25,seed_1,xgboost,0.20789392121754682,0.0,0.0,0.04393329999948037
split_fidelity,pc1\tree_region\budget_25\seed_2\split_fidelity.json,pc1,tree_region,budget_25,seed_2,xgboost,-0.06819998687980398,0.0,0.0,0.0457550999999512
split_fidelity,pc1\tree_region\budget_50\seed_0\split_fidelity.json,pc1,tree_region,budget_50,seed_0,xgboost,0.2125558176296975,0.0,0.2,0.06605090000084601
split_fidelity,pc1\tree_region\budget_50\seed_1\split_fidelity.json,pc1,tree_region,budget_50,seed_1,xgboost,-0.017044241088718326,0.0,0.4,0.06411750000006577
split_fidelity,pc1\tree_region\budget_50\seed_2\split_fidelity.json,pc1,tree_region,budget_50,seed_2,xgboost,0.2993452567605896,0.0,0.0,0.06765309999991587
split_fidelity,pc3\distribution_matching\budget_10\seed_0\split_fidelity.json,pc3,distribution_matching,budget_10,seed_0,xgboost,-0.04466195206418671,0.0,0.0,0.02290519999951357
split_fidelity,pc3\distribution_matching\budget_10\seed_1\split_fidelity.json,pc3,distribution_matching,budget_10,seed_1,xgboost,0.03497636798958112,0.0,0.0,0.018467400000190537
split_fidelity,pc3\distribution_matching\budget_10\seed_2\split_fidelity.json,pc3,distribution_matching,budget_10,seed_2,xgboost,0.06390347635680725,0.0,0.0,0.018296100000043225
split_fidelity,pc3\distribution_matching\budget_100\seed_0\split_fidelity.json,pc3,distribution_matching,budget_100,seed_0,xgboost,0.02499843738078396,0.0,0.0,0.035081300000456395
split_fidelity,pc3\distribution_matching\budget_100\seed_1\split_fidelity.json,pc3,distribution_matching,budget_100,seed_1,xgboost,0.10642585821119296,0.0,0.0,0.0360367999992377
split_fidelity,pc3\distribution_matching\budget_100\seed_2\split_fidelity.json,pc3,distribution_matching,budget_100,seed_2,xgboost,0.06111761521739295,0.0,0.0,0.04297060000044439
split_fidelity,pc3\distribution_matching\budget_25\seed_0\split_fidelity.json,pc3,distribution_matching,budget_25,seed_0,xgboost,0.045733612997045404,0.0,0.0,0.024949099999503233
split_fidelity,pc3\distribution_matching\budget_25\seed_1\split_fidelity.json,pc3,distribution_matching,budget_25,seed_1,xgboost,0.09764426481347213,0.0,0.0,0.02361410000048636
split_fidelity,pc3\distribution_matching\budget_25\seed_2\split_fidelity.json,pc3,distribution_matching,budget_25,seed_2,xgboost,0.011027901790542707,0.0,0.0,0.02621389999967505
split_fidelity,pc3\distribution_matching\budget_50\seed_0\split_fidelity.json,pc3,distribution_matching,budget_50,seed_0,xgboost,0.00819868529420384,0.0,0.0,0.03304740000021411
split_fidelity,pc3\distribution_matching\budget_50\seed_1\split_fidelity.json,pc3,distribution_matching,budget_50,seed_1,xgboost,0.02925627536308122,0.0,0.0,0.029997800000273855
split_fidelity,pc3\distribution_matching\budget_50\seed_2\split_fidelity.json,pc3,distribution_matching,budget_50,seed_2,xgboost,0.038238089543409425,0.0,0.0,0.032547900000281516
split_fidelity,pc3\full_data\budget_10\seed_0\split_fidelity.json,pc3,full_data,budget_10,seed_0,xgboost,0.9999999999999998,1.0,1.0,0.08512840000003052
split_fidelity,pc3\full_data\budget_10\seed_1\split_fidelity.json,pc3,full_data,budget_10,seed_1,xgboost,0.9094998403848817,0.0,0.8,0.09157359999971959
split_fidelity,pc3\full_data\budget_10\seed_2\split_fidelity.json,pc3,full_data,budget_10,seed_2,xgboost,0.811900663106182,0.0,0.6,0.08876950000012584
split_fidelity,pc3\full_data\budget_100\seed_0\split_fidelity.json,pc3,full_data,budget_100,seed_0,xgboost,0.9999999999999998,1.0,1.0,0.08619090000047436
split_fidelity,pc3\full_data\budget_100\seed_1\split_fidelity.json,pc3,full_data,budget_100,seed_1,xgboost,0.9094998403848817,0.0,0.8,0.0874309999999241
split_fidelity,pc3\full_data\budget_100\seed_2\split_fidelity.json,pc3,full_data,budget_100,seed_2,xgboost,0.811900663106182,0.0,0.6,0.08861049999995885
split_fidelity,pc3\full_data\budget_25\seed_0\split_fidelity.json,pc3,full_data,budget_25,seed_0,xgboost,0.9999999999999998,1.0,1.0,0.09259230000043317
split_fidelity,pc3\full_data\budget_25\seed_1\split_fidelity.json,pc3,full_data,budget_25,seed_1,xgboost,0.9094998403848817,0.0,0.8,0.09766859999945154
split_fidelity,pc3\full_data\budget_25\seed_2\split_fidelity.json,pc3,full_data,budget_25,seed_2,xgboost,0.811900663106182,0.0,0.6,0.08740810000017518
split_fidelity,pc3\full_data\budget_50\seed_0\split_fidelity.json,pc3,full_data,budget_50,seed_0,xgboost,0.9999999999999998,1.0,1.0,0.08876719999989291
split_fidelity,pc3\full_data\budget_50\seed_1\split_fidelity.json,pc3,full_data,budget_50,seed_1,xgboost,0.9094998403848817,0.0,0.8,0.09723850000045786
split_fidelity,pc3\full_data\budget_50\seed_2\split_fidelity.json,pc3,full_data,budget_50,seed_2,xgboost,0.811900663106182,0.0,0.6,0.07782760000009148
split_fidelity,pc3\gaindistill\budget_10\seed_0\split_fidelity.json,pc3,gaindistill,budget_10,seed_0,xgboost,0.09560592487176496,0.0,0.4,0.023723700000118697
split_fidelity,pc3\gaindistill\budget_10\seed_1\split_fidelity.json,pc3,gaindistill,budget_10,seed_1,xgboost,0.1928189038442157,1.0,0.4,0.01583200000004581
split_fidelity,pc3\gaindistill\budget_10\seed_2\split_fidelity.json,pc3,gaindistill,budget_10,seed_2,xgboost,0.28889839320410987,0.0,0.4,0.01890739999998914
split_fidelity,pc3\gaindistill\budget_100\seed_0\split_fidelity.json,pc3,gaindistill,budget_100,seed_0,xgboost,0.014965327113072276,0.0,0.4,0.024408399999629182
split_fidelity,pc3\gaindistill\budget_100\seed_1\split_fidelity.json,pc3,gaindistill,budget_100,seed_1,xgboost,0.23047967051439808,1.0,0.4,0.020499700000073062
split_fidelity,pc3\gaindistill\budget_100\seed_2\split_fidelity.json,pc3,gaindistill,budget_100,seed_2,xgboost,0.1970418857276093,0.0,0.6,0.026453800000126648
split_fidelity,pc3\gaindistill\budget_25\seed_0\split_fidelity.json,pc3,gaindistill,budget_25,seed_0,xgboost,0.06842385767996563,1.0,0.2,0.01946959999986575
split_fidelity,pc3\gaindistill\budget_25\seed_1\split_fidelity.json,pc3,gaindistill,budget_25,seed_1,xgboost,0.04865727514039047,0.0,0.4,0.02433759999985341
split_fidelity,pc3\gaindistill\budget_25\seed_2\split_fidelity.json,pc3,gaindistill,budget_25,seed_2,xgboost,0.09136639685702436,0.0,0.6,0.020332699999926263
split_fidelity,pc3\gaindistill\budget_50\seed_0\split_fidelity.json,pc3,gaindistill,budget_50,seed_0,xgboost,0.09408411815619629,0.0,0.4,0.025723499999912747
split_fidelity,pc3\gaindistill\budget_50\seed_1\split_fidelity.json,pc3,gaindistill,budget_50,seed_1,xgboost,0.19809264930794002,0.0,0.6,0.02695529999982682
split_fidelity,pc3\gaindistill\budget_50\seed_2\split_fidelity.json,pc3,gaindistill,budget_50,seed_2,xgboost,0.13529872426474915,0.0,0.4,0.02542749999975058
split_fidelity,pc3\gaindistill_hybrid\budget_10\seed_0\split_fidelity.json,pc3,gaindistill_hybrid,budget_10,seed_0,xgboost,-0.04367940672950243,0.0,0.0,0.03820900000027905
split_fidelity,pc3\gaindistill_hybrid\budget_10\seed_1\split_fidelity.json,pc3,gaindistill_hybrid,budget_10,seed_1,xgboost,0.18799067563041574,0.0,0.0,0.03678659999968659
split_fidelity,pc3\gaindistill_hybrid\budget_10\seed_2\split_fidelity.json,pc3,gaindistill_hybrid,budget_10,seed_2,xgboost,-0.019116028574311647,0.0,0.0,0.03079489999981888
split_fidelity,pc3\gaindistill_hybrid\budget_100\seed_0\split_fidelity.json,pc3,gaindistill_hybrid,budget_100,seed_0,xgboost,0.7013364030760039,0.0,0.0,0.09159550000003946
split_fidelity,pc3\gaindistill_hybrid\budget_100\seed_1\split_fidelity.json,pc3,gaindistill_hybrid,budget_100,seed_1,xgboost,0.6465367271108141,0.0,0.4,0.09202030000051309
split_fidelity,pc3\gaindistill_hybrid\budget_100\seed_2\split_fidelity.json,pc3,gaindistill_hybrid,budget_100,seed_2,xgboost,0.5420956643116864,0.0,0.4,0.07787110000026587
split_fidelity,pc3\gaindistill_hybrid\budget_25\seed_0\split_fidelity.json,pc3,gaindistill_hybrid,budget_25,seed_0,xgboost,0.23882312806104547,0.0,0.0,0.04309419999844977
split_fidelity,pc3\gaindistill_hybrid\budget_25\seed_1\split_fidelity.json,pc3,gaindistill_hybrid,budget_25,seed_1,xgboost,0.26369473226487566,0.0,0.2,0.05483789999925648
split_fidelity,pc3\gaindistill_hybrid\budget_25\seed_2\split_fidelity.json,pc3,gaindistill_hybrid,budget_25,seed_2,xgboost,0.2673024269712212,0.0,0.0,0.0497202999995352
split_fidelity,pc3\gaindistill_hybrid\budget_50\seed_0\split_fidelity.json,pc3,gaindistill_hybrid,budget_50,seed_0,xgboost,0.47778505102102276,0.0,0.0,0.06600619999881019
split_fidelity,pc3\gaindistill_hybrid\budget_50\seed_1\split_fidelity.json,pc3,gaindistill_hybrid,budget_50,seed_1,xgboost,0.5018791447487557,0.0,0.2,0.05372630000056233
split_fidelity,pc3\gaindistill_hybrid\budget_50\seed_2\split_fidelity.json,pc3,gaindistill_hybrid,budget_50,seed_2,xgboost,0.50426443931952,0.0,0.2,0.0752228000001196
split_fidelity,pc3\gaindistill_path_hybrid\budget_10\seed_0\split_fidelity.json,pc3,gaindistill_path_hybrid,budget_10,seed_0,xgboost,0.1132546554574576,0.0,0.0,0.035170999999536434
split_fidelity,pc3\gaindistill_path_hybrid\budget_10\seed_1\split_fidelity.json,pc3,gaindistill_path_hybrid,budget_10,seed_1,xgboost,0.09860800232932462,0.0,0.0,0.024594699998488068
split_fidelity,pc3\gaindistill_path_hybrid\budget_10\seed_2\split_fidelity.json,pc3,gaindistill_path_hybrid,budget_10,seed_2,xgboost,0.1768148775879564,0.0,0.0,0.05230019999908109
split_fidelity,pc3\gaindistill_path_hybrid\budget_100\seed_0\split_fidelity.json,pc3,gaindistill_path_hybrid,budget_100,seed_0,xgboost,-0.1736646821224954,0.0,0.0,0.030816299999059993
split_fidelity,pc3\gaindistill_path_hybrid\budget_100\seed_1\split_fidelity.json,pc3,gaindistill_path_hybrid,budget_100,seed_1,xgboost,0.6563910744262166,0.0,0.2,0.10426809999989928
split_fidelity,pc3\gaindistill_path_hybrid\budget_100\seed_2\split_fidelity.json,pc3,gaindistill_path_hybrid,budget_100,seed_2,xgboost,0.7200929042500337,0.0,0.4,0.09700990000055754
split_fidelity,pc3\gaindistill_path_hybrid\budget_25\seed_0\split_fidelity.json,pc3,gaindistill_path_hybrid,budget_25,seed_0,xgboost,0.17269724928755362,0.0,0.0,0.05288410000139265
split_fidelity,pc3\gaindistill_path_hybrid\budget_25\seed_1\split_fidelity.json,pc3,gaindistill_path_hybrid,budget_25,seed_1,xgboost,0.33235841377309094,0.0,0.2,0.05175079999935406
split_fidelity,pc3\gaindistill_path_hybrid\budget_25\seed_2\split_fidelity.json,pc3,gaindistill_path_hybrid,budget_25,seed_2,xgboost,0.502423426591889,0.0,0.0,0.0420018999993772
split_fidelity,pc3\gaindistill_path_hybrid\budget_50\seed_0\split_fidelity.json,pc3,gaindistill_path_hybrid,budget_50,seed_0,xgboost,0.4764037922024226,0.0,0.2,0.06558340000083263
split_fidelity,pc3\gaindistill_path_hybrid\budget_50\seed_1\split_fidelity.json,pc3,gaindistill_path_hybrid,budget_50,seed_1,xgboost,0.5687466343820938,0.0,0.2,0.06128979999994044
split_fidelity,pc3\gaindistill_path_hybrid\budget_50\seed_2\split_fidelity.json,pc3,gaindistill_path_hybrid,budget_50,seed_2,xgboost,0.4552690216225882,0.0,0.2,0.06797250000090571
split_fidelity,pc3\gain_herding\budget_10\seed_0\split_fidelity.json,pc3,gain_herding,budget_10,seed_0,xgboost,-0.021502551634849463,0.0,0.0,0.022325400001136586
split_fidelity,pc3\gain_herding\budget_10\seed_1\split_fidelity.json,pc3,gain_herding,budget_10,seed_1,xgboost,0.12621220096624777,0.0,0.0,0.025204199999279808
split_fidelity,pc3\gain_herding\budget_10\seed_2\split_fidelity.json,pc3,gain_herding,budget_10,seed_2,xgboost,-0.026168237762920925,0.0,0.0,0.025800400000662194
split_fidelity,pc3\gain_herding\budget_100\seed_0\split_fidelity.json,pc3,gain_herding,budget_100,seed_0,xgboost,0.7247759784559571,0.0,0.2,0.061412499999278225
split_fidelity,pc3\gain_herding\budget_100\seed_1\split_fidelity.json,pc3,gain_herding,budget_100,seed_1,xgboost,0.7932290398927933,0.0,0.4,0.05475570000089647
split_fidelity,pc3\gain_herding\budget_100\seed_2\split_fidelity.json,pc3,gain_herding,budget_100,seed_2,xgboost,0.719117283747525,0.0,0.4,0.05975419999958831
split_fidelity,pc3\gain_herding\budget_25\seed_0\split_fidelity.json,pc3,gain_herding,budget_25,seed_0,xgboost,0.3118220396613766,0.0,0.0,0.033003399992594495
split_fidelity,pc3\gain_herding\budget_25\seed_1\split_fidelity.json,pc3,gain_herding,budget_25,seed_1,xgboost,0.30311414731166236,0.0,0.2,0.029748300003120676
split_fidelity,pc3\gain_herding\budget_25\seed_2\split_fidelity.json,pc3,gain_herding,budget_25,seed_2,xgboost,0.3362099900950634,0.0,0.0,0.03126530000008643
split_fidelity,pc3\gain_herding\budget_50\seed_0\split_fidelity.json,pc3,gain_herding,budget_50,seed_0,xgboost,0.557230688702063,0.0,0.0,0.046319400003994815
split_fidelity,pc3\gain_herding\budget_50\seed_1\split_fidelity.json,pc3,gain_herding,budget_50,seed_1,xgboost,0.6637161436992218,0.0,0.4,0.040759800001978874
split_fidelity,pc3\gain_herding\budget_50\seed_2\split_fidelity.json,pc3,gain_herding,budget_50,seed_2,xgboost,0.6125276952788246,0.0,0.4,0.04101609998906497
split_fidelity,pc3\gain_path_herding\budget_10\seed_0\split_fidelity.json,pc3,gain_path_herding,budget_10,seed_0,xgboost,0.10211849978439975,0.0,0.0,0.033598099998926045
split_fidelity,pc3\gain_path_herding\budget_10\seed_1\split_fidelity.json,pc3,gain_path_herding,budget_10,seed_1,xgboost,0.11669384986981979,0.0,0.0,0.02516009999999369
split_fidelity,pc3\gain_path_herding\budget_10\seed_2\split_fidelity.json,pc3,gain_path_herding,budget_10,seed_2,xgboost,0.009797147044230053,0.0,0.0,0.03843989999950281
split_fidelity,pc3\gain_path_herding\budget_100\seed_0\split_fidelity.json,pc3,gain_path_herding,budget_100,seed_0,xgboost,0.6589576507890482,0.0,0.4,0.06589730000087002
split_fidelity,pc3\gain_path_herding\budget_100\seed_1\split_fidelity.json,pc3,gain_path_herding,budget_100,seed_1,xgboost,0.7649555011003266,0.0,0.2,0.08166520000122546
split_fidelity,pc3\gain_path_herding\budget_100\seed_2\split_fidelity.json,pc3,gain_path_herding,budget_100,seed_2,xgboost,0.761232617826788,0.0,0.4,0.0703085999994073
split_fidelity,pc3\gain_path_herding\budget_25\seed_0\split_fidelity.json,pc3,gain_path_herding,budget_25,seed_0,xgboost,0.16062417486012834,0.0,0.0,0.03356450000137556
split_fidelity,pc3\gain_path_herding\budget_25\seed_1\split_fidelity.json,pc3,gain_path_herding,budget_25,seed_1,xgboost,0.2638003674710076,0.0,0.2,0.03341799999179784
split_fidelity,pc3\gain_path_herding\budget_25\seed_2\split_fidelity.json,pc3,gain_path_herding,budget_25,seed_2,xgboost,0.38171163161140015,0.0,0.0,0.03153169999131933
split_fidelity,pc3\gain_path_herding\budget_50\seed_0\split_fidelity.json,pc3,gain_path_herding,budget_50,seed_0,xgboost,0.4496232247742931,0.0,0.0,0.03906380000989884
split_fidelity,pc3\gain_path_herding\budget_50\seed_1\split_fidelity.json,pc3,gain_path_herding,budget_50,seed_1,xgboost,0.559079315272695,0.0,0.2,0.037271399996825494
split_fidelity,pc3\gain_path_herding\budget_50\seed_2\split_fidelity.json,pc3,gain_path_herding,budget_50,seed_2,xgboost,0.6550084344921586,0.0,0.2,0.0378091000020504
split_fidelity,pc3\gain_path_refined\budget_25\seed_0\split_fidelity.json,pc3,gain_path_refined,budget_25,seed_0,xgboost,0.24211727226718485,0.0,0.0,0.0256636999984039
split_fidelity,pc3\gain_path_refined\budget_25\seed_1\split_fidelity.json,pc3,gain_path_refined,budget_25,seed_1,xgboost,0.27242869895868316,0.0,0.2,0.02464210000471212
split_fidelity,pc3\gain_path_refined\budget_25\seed_2\split_fidelity.json,pc3,gain_path_refined,budget_25,seed_2,xgboost,0.44997639569648495,0.0,0.0,0.027518100003362633
split_fidelity,pc3\gain_path_refined\budget_50\seed_0\split_fidelity.json,pc3,gain_path_refined,budget_50,seed_0,xgboost,0.3607736918105845,0.0,0.0,0.03315350000048056
split_fidelity,pc3\gain_path_refined\budget_50\seed_1\split_fidelity.json,pc3,gain_path_refined,budget_50,seed_1,xgboost,0.6147067075196052,0.0,0.2,0.03181349999795202
split_fidelity,pc3\gain_path_refined\budget_50\seed_2\split_fidelity.json,pc3,gain_path_refined,budget_50,seed_2,xgboost,0.6189416637568786,0.0,0.2,0.043771800003014505
split_fidelity,pc3\gain_path_safeguarded\budget_25\seed_0\split_fidelity.json,pc3,gain_path_safeguarded,budget_25,seed_0,xgboost,0.16062417486012834,0.0,0.0,0.033486300002550706
split_fidelity,pc3\gain_path_safeguarded\budget_25\seed_1\split_fidelity.json,pc3,gain_path_safeguarded,budget_25,seed_1,xgboost,0.2638003674710076,0.0,0.2,0.030053499998757616
split_fidelity,pc3\gain_path_safeguarded\budget_25\seed_2\split_fidelity.json,pc3,gain_path_safeguarded,budget_25,seed_2,xgboost,0.38171163161140015,0.0,0.0,0.027360399995814078
split_fidelity,pc3\gain_path_safeguarded\budget_50\seed_0\split_fidelity.json,pc3,gain_path_safeguarded,budget_50,seed_0,xgboost,0.3607736918105845,0.0,0.0,0.04136109999672044
split_fidelity,pc3\gain_path_safeguarded\budget_50\seed_1\split_fidelity.json,pc3,gain_path_safeguarded,budget_50,seed_1,xgboost,0.6147067075196052,0.0,0.2,0.0383531999978004
split_fidelity,pc3\gain_path_safeguarded\budget_50\seed_2\split_fidelity.json,pc3,gain_path_safeguarded,budget_50,seed_2,xgboost,0.6189416637568786,0.0,0.2,0.04331860000093002
split_fidelity,pc3\gain_weighted_coreset\budget_10\seed_0\split_fidelity.json,pc3,gain_weighted_coreset,budget_10,seed_0,xgboost,-0.04367940672950243,0.0,0.0,0.043285800000376184
split_fidelity,pc3\gain_weighted_coreset\budget_10\seed_1\split_fidelity.json,pc3,gain_weighted_coreset,budget_10,seed_1,xgboost,0.18799067563041574,0.0,0.0,0.04125749999911932
split_fidelity,pc3\gain_weighted_coreset\budget_10\seed_2\split_fidelity.json,pc3,gain_weighted_coreset,budget_10,seed_2,xgboost,-0.019116028574311647,0.0,0.0,0.0329197999999451
split_fidelity,pc3\gain_weighted_coreset\budget_100\seed_0\split_fidelity.json,pc3,gain_weighted_coreset,budget_100,seed_0,xgboost,0.7013364030760039,0.0,0.0,0.07329100000060862
split_fidelity,pc3\gain_weighted_coreset\budget_100\seed_1\split_fidelity.json,pc3,gain_weighted_coreset,budget_100,seed_1,xgboost,0.6465367271108141,0.0,0.4,0.0949017000002641
split_fidelity,pc3\gain_weighted_coreset\budget_100\seed_2\split_fidelity.json,pc3,gain_weighted_coreset,budget_100,seed_2,xgboost,0.5420956643116864,0.0,0.4,0.11070909999943979
split_fidelity,pc3\gain_weighted_coreset\budget_25\seed_0\split_fidelity.json,pc3,gain_weighted_coreset,budget_25,seed_0,xgboost,0.23882312806104547,0.0,0.0,0.05523150000044552
split_fidelity,pc3\gain_weighted_coreset\budget_25\seed_1\split_fidelity.json,pc3,gain_weighted_coreset,budget_25,seed_1,xgboost,0.26369473226487566,0.0,0.2,0.054548199999771896
split_fidelity,pc3\gain_weighted_coreset\budget_25\seed_2\split_fidelity.json,pc3,gain_weighted_coreset,budget_25,seed_2,xgboost,0.2673024269712212,0.0,0.0,0.04728660000000673
split_fidelity,pc3\gain_weighted_coreset\budget_50\seed_0\split_fidelity.json,pc3,gain_weighted_coreset,budget_50,seed_0,xgboost,0.47778505102102276,0.0,0.0,0.07254089999878488
split_fidelity,pc3\gain_weighted_coreset\budget_50\seed_1\split_fidelity.json,pc3,gain_weighted_coreset,budget_50,seed_1,xgboost,0.5018791447487557,0.0,0.2,0.07620970000061789
split_fidelity,pc3\gain_weighted_coreset\budget_50\seed_2\split_fidelity.json,pc3,gain_weighted_coreset,budget_50,seed_2,xgboost,0.50426443931952,0.0,0.2,0.053268499999830965
split_fidelity,pc3\gradient_sampling\budget_10\seed_0\split_fidelity.json,pc3,gradient_sampling,budget_10,seed_0,xgboost,-0.26640268575871107,0.0,0.0,0.01875819999986561
split_fidelity,pc3\gradient_sampling\budget_10\seed_1\split_fidelity.json,pc3,gradient_sampling,budget_10,seed_1,xgboost,-0.041081194409969095,0.0,0.0,0.019641800000499643
split_fidelity,pc3\gradient_sampling\budget_10\seed_2\split_fidelity.json,pc3,gradient_sampling,budget_10,seed_2,xgboost,-0.16569883835629876,0.0,0.0,0.020663299999796436
split_fidelity,pc3\gradient_sampling\budget_100\seed_0\split_fidelity.json,pc3,gradient_sampling,budget_100,seed_0,xgboost,0.19739524755468915,0.0,0.2,0.06300669999927777
split_fidelity,pc3\gradient_sampling\budget_100\seed_1\split_fidelity.json,pc3,gradient_sampling,budget_100,seed_1,xgboost,0.12315174096256438,0.0,0.0,0.05756290000044828
split_fidelity,pc3\gradient_sampling\budget_100\seed_2\split_fidelity.json,pc3,gradient_sampling,budget_100,seed_2,xgboost,0.16381415802626745,0.0,0.0,0.05292569999983243
split_fidelity,pc3\gradient_sampling\budget_25\seed_0\split_fidelity.json,pc3,gradient_sampling,budget_25,seed_0,xgboost,0.015563326726998901,0.0,0.0,0.02642290000039793
split_fidelity,pc3\gradient_sampling\budget_25\seed_1\split_fidelity.json,pc3,gradient_sampling,budget_25,seed_1,xgboost,-0.10688400066592252,0.0,0.0,0.02743559999998979
split_fidelity,pc3\gradient_sampling\budget_25\seed_2\split_fidelity.json,pc3,gradient_sampling,budget_25,seed_2,xgboost,-0.12836524670014238,0.0,0.0,0.02730780000001687
split_fidelity,pc3\gradient_sampling\budget_50\seed_0\split_fidelity.json,pc3,gradient_sampling,budget_50,seed_0,xgboost,0.03900188997351855,0.0,0.0,0.03931820000070729
split_fidelity,pc3\gradient_sampling\budget_50\seed_1\split_fidelity.json,pc3,gradient_sampling,budget_50,seed_1,xgboost,-0.04273744191753228,0.0,0.0,0.04093839999950433
split_fidelity,pc3\gradient_sampling\budget_50\seed_2\split_fidelity.json,pc3,gradient_sampling,budget_50,seed_2,xgboost,-0.13594882366977193,0.0,0.0,0.03931929999998829
split_fidelity,pc3\herding\budget_10\seed_0\split_fidelity.json,pc3,herding,budget_10,seed_0,xgboost,-0.05196706009343363,0.0,0.0,0.02166860000033921
split_fidelity,pc3\herding\budget_10\seed_1\split_fidelity.json,pc3,herding,budget_10,seed_1,xgboost,0.006858695754760522,0.0,0.0,0.02971030000026076
split_fidelity,pc3\herding\budget_10\seed_2\split_fidelity.json,pc3,herding,budget_10,seed_2,xgboost,-0.13083361443977337,0.0,0.0,0.02672160000020085
split_fidelity,pc3\herding\budget_100\seed_0\split_fidelity.json,pc3,herding,budget_100,seed_0,xgboost,0.3777300499572902,0.0,0.4,0.07008530000075552
split_fidelity,pc3\herding\budget_100\seed_1\split_fidelity.json,pc3,herding,budget_100,seed_1,xgboost,0.3981136334342895,1.0,0.2,0.05526449999979377
split_fidelity,pc3\herding\budget_100\seed_2\split_fidelity.json,pc3,herding,budget_100,seed_2,xgboost,0.37312566189394053,0.0,0.2,0.06417440000041097
split_fidelity,pc3\herding\budget_25\seed_0\split_fidelity.json,pc3,herding,budget_25,seed_0,xgboost,0.22340727284955855,0.0,0.4,0.0331919000018388
split_fidelity,pc3\herding\budget_25\seed_1\split_fidelity.json,pc3,herding,budget_25,seed_1,xgboost,0.18942813245361345,0.0,0.4,0.031141600004048087
split_fidelity,pc3\herding\budget_25\seed_2\split_fidelity.json,pc3,herding,budget_25,seed_2,xgboost,0.14440883617099082,0.0,0.2,0.030288399997516535
split_fidelity,pc3\herding\budget_50\seed_0\split_fidelity.json,pc3,herding,budget_50,seed_0,xgboost,0.37285339832039516,0.0,0.2,0.038981100005912594
split_fidelity,pc3\herding\budget_50\seed_1\split_fidelity.json,pc3,herding,budget_50,seed_1,xgboost,0.4675598160172189,0.0,0.4,0.040549400000600144
split_fidelity,pc3\herding\budget_50\seed_2\split_fidelity.json,pc3,herding,budget_50,seed_2,xgboost,0.3663536168538154,0.0,0.4,0.039064099997631274
split_fidelity,pc3\k_center\budget_10\seed_0\split_fidelity.json,pc3,k_center,budget_10,seed_0,xgboost,-0.004572446581083616,0.0,0.0,0.019815900000139663
split_fidelity,pc3\k_center\budget_10\seed_1\split_fidelity.json,pc3,k_center,budget_10,seed_1,xgboost,-0.038534678219388184,0.0,0.2,0.033665599999949336
split_fidelity,pc3\k_center\budget_10\seed_2\split_fidelity.json,pc3,k_center,budget_10,seed_2,xgboost,0.25866675680301826,0.0,0.0,0.029759099999864702
split_fidelity,pc3\k_center\budget_100\seed_0\split_fidelity.json,pc3,k_center,budget_100,seed_0,xgboost,0.32318083167720985,0.0,0.0,0.07604890000038722
split_fidelity,pc3\k_center\budget_100\seed_1\split_fidelity.json,pc3,k_center,budget_100,seed_1,xgboost,0.423532143151358,0.0,0.4,0.0658858999995573
split_fidelity,pc3\k_center\budget_100\seed_2\split_fidelity.json,pc3,k_center,budget_100,seed_2,xgboost,0.41353471011641607,0.0,0.4,0.07790990000012243
split_fidelity,pc3\k_center\budget_25\seed_0\split_fidelity.json,pc3,k_center,budget_25,seed_0,xgboost,0.2368618568606382,0.0,0.0,0.03594749999956548
split_fidelity,pc3\k_center\budget_25\seed_1\split_fidelity.json,pc3,k_center,budget_25,seed_1,xgboost,0.24613757905344166,0.0,0.2,0.036645799999860174
split_fidelity,pc3\k_center\budget_25\seed_2\split_fidelity.json,pc3,k_center,budget_25,seed_2,xgboost,0.2984769769008764,0.0,0.4,0.030414799999562092
split_fidelity,pc3\k_center\budget_50\seed_0\split_fidelity.json,pc3,k_center,budget_50,seed_0,xgboost,0.2089012642581355,0.0,0.0,0.04670579999947222
split_fidelity,pc3\k_center\budget_50\seed_1\split_fidelity.json,pc3,k_center,budget_50,seed_1,xgboost,0.364745924569301,0.0,0.2,0.045866299999943294
split_fidelity,pc3\k_center\budget_50\seed_2\split_fidelity.json,pc3,k_center,budget_50,seed_2,xgboost,0.24286800082503524,0.0,0.2,0.04664230000071257
split_fidelity,pc3\random\budget_10\seed_0\split_fidelity.json,pc3,random,budget_10,seed_0,xgboost,0.29288996641750836,0.0,0.4,0.021432999999888125
split_fidelity,pc3\random\budget_10\seed_1\split_fidelity.json,pc3,random,budget_10,seed_1,xgboost,-0.01165794149325016,0.0,0.0,0.01983769999969809
split_fidelity,pc3\random\budget_10\seed_2\split_fidelity.json,pc3,random,budget_10,seed_2,xgboost,-0.07197082891937079,0.0,0.0,0.021554800000558316
split_fidelity,pc3\random\budget_100\seed_0\split_fidelity.json,pc3,random,budget_100,seed_0,xgboost,0.5850789908213133,0.0,0.4,0.051947699999800534
split_fidelity,pc3\random\budget_100\seed_1\split_fidelity.json,pc3,random,budget_100,seed_1,xgboost,0.5458362152783193,0.0,0.4,0.04954859999998007
split_fidelity,pc3\random\budget_100\seed_2\split_fidelity.json,pc3,random,budget_100,seed_2,xgboost,0.5456064680756509,0.0,0.4,0.04635130000042409
split_fidelity,pc3\random\budget_25\seed_0\split_fidelity.json,pc3,random,budget_25,seed_0,xgboost,0.20036814770469413,0.0,0.4,0.030551800009561703
split_fidelity,pc3\random\budget_25\seed_1\split_fidelity.json,pc3,random,budget_25,seed_1,xgboost,0.1073464921664487,0.0,0.0,0.027640400003292598
split_fidelity,pc3\random\budget_25\seed_2\split_fidelity.json,pc3,random,budget_25,seed_2,xgboost,0.19310238489410778,1.0,0.4,0.026602500001899898
split_fidelity,pc3\random\budget_50\seed_0\split_fidelity.json,pc3,random,budget_50,seed_0,xgboost,0.28643261459307984,0.0,0.2,0.034215299994684756
split_fidelity,pc3\random\budget_50\seed_1\split_fidelity.json,pc3,random,budget_50,seed_1,xgboost,0.3810898092304721,0.0,0.2,0.031775100011145696
split_fidelity,pc3\random\budget_50\seed_2\split_fidelity.json,pc3,random,budget_50,seed_2,xgboost,0.43703696715320317,0.0,0.4,0.027902600006200373
split_fidelity,pc3\tree_region\budget_10\seed_0\split_fidelity.json,pc3,tree_region,budget_10,seed_0,xgboost,-0.26640268575871107,0.0,0.0,0.016446600000563194
split_fidelity,pc3\tree_region\budget_10\seed_1\split_fidelity.json,pc3,tree_region,budget_10,seed_1,xgboost,-0.041081194409969095,0.0,0.0,0.019230200000492914
split_fidelity,pc3\tree_region\budget_10\seed_2\split_fidelity.json,pc3,tree_region,budget_10,seed_2,xgboost,-0.16569883835629876,0.0,0.0,0.018709100000705803
split_fidelity,pc3\tree_region\budget_100\seed_0\split_fidelity.json,pc3,tree_region,budget_100,seed_0,xgboost,0.19739524755468915,0.0,0.2,0.05783990000054473
split_fidelity,pc3\tree_region\budget_100\seed_1\split_fidelity.json,pc3,tree_region,budget_100,seed_1,xgboost,0.12315174096256438,0.0,0.0,0.05900030000066181
split_fidelity,pc3\tree_region\budget_100\seed_2\split_fidelity.json,pc3,tree_region,budget_100,seed_2,xgboost,0.16381415802626745,0.0,0.0,0.05161619999944378
split_fidelity,pc3\tree_region\budget_25\seed_0\split_fidelity.json,pc3,tree_region,budget_25,seed_0,xgboost,0.015563326726998901,0.0,0.0,0.02360659999976633
split_fidelity,pc3\tree_region\budget_25\seed_1\split_fidelity.json,pc3,tree_region,budget_25,seed_1,xgboost,-0.10688400066592252,0.0,0.0,0.03090769999926124
split_fidelity,pc3\tree_region\budget_25\seed_2\split_fidelity.json,pc3,tree_region,budget_25,seed_2,xgboost,-0.12836524670014238,0.0,0.0,0.02512600000045495
split_fidelity,pc3\tree_region\budget_50\seed_0\split_fidelity.json,pc3,tree_region,budget_50,seed_0,xgboost,0.03900188997351855,0.0,0.0,0.03532069999982923
split_fidelity,pc3\tree_region\budget_50\seed_1\split_fidelity.json,pc3,tree_region,budget_50,seed_1,xgboost,-0.04273744191753228,0.0,0.0,0.035710399999516085
split_fidelity,pc3\tree_region\budget_50\seed_2\split_fidelity.json,pc3,tree_region,budget_50,seed_2,xgboost,-0.13594882366977193,0.0,0.0,0.03909730000032141
split_fidelity,pc4\distribution_matching\budget_10\seed_0\split_fidelity.json,pc4,distribution_matching,budget_10,seed_0,xgboost,0.18262154690783267,0.0,0.0,0.02218059999995603
split_fidelity,pc4\distribution_matching\budget_10\seed_1\split_fidelity.json,pc4,distribution_matching,budget_10,seed_1,xgboost,0.11430284049601173,0.0,0.0,0.019678799999383045
split_fidelity,pc4\distribution_matching\budget_10\seed_2\split_fidelity.json,pc4,distribution_matching,budget_10,seed_2,xgboost,0.05118435945140813,0.0,0.4,0.019184499999937543
split_fidelity,pc4\distribution_matching\budget_100\seed_0\split_fidelity.json,pc4,distribution_matching,budget_100,seed_0,xgboost,0.281449309789378,0.0,0.2,0.03767289999996137
split_fidelity,pc4\distribution_matching\budget_100\seed_1\split_fidelity.json,pc4,distribution_matching,budget_100,seed_1,xgboost,0.3553869198826425,0.0,0.2,0.03178550000029645
split_fidelity,pc4\distribution_matching\budget_100\seed_2\split_fidelity.json,pc4,distribution_matching,budget_100,seed_2,xgboost,0.15047975018733853,0.0,0.4,0.03723999999965599
split_fidelity,pc4\distribution_matching\budget_25\seed_0\split_fidelity.json,pc4,distribution_matching,budget_25,seed_0,xgboost,0.27423839727491867,0.0,0.0,0.024354999999559368
split_fidelity,pc4\distribution_matching\budget_25\seed_1\split_fidelity.json,pc4,distribution_matching,budget_25,seed_1,xgboost,0.2457167700276543,0.0,0.2,0.028975199999877077
split_fidelity,pc4\distribution_matching\budget_25\seed_2\split_fidelity.json,pc4,distribution_matching,budget_25,seed_2,xgboost,0.06049369864265063,0.0,0.2,0.022767100000237406
split_fidelity,pc4\distribution_matching\budget_50\seed_0\split_fidelity.json,pc4,distribution_matching,budget_50,seed_0,xgboost,0.2279526780061958,0.0,0.2,0.02975590000005468
split_fidelity,pc4\distribution_matching\budget_50\seed_1\split_fidelity.json,pc4,distribution_matching,budget_50,seed_1,xgboost,0.2680929442428615,0.0,0.2,0.033327299999655224
split_fidelity,pc4\distribution_matching\budget_50\seed_2\split_fidelity.json,pc4,distribution_matching,budget_50,seed_2,xgboost,0.17365298166725338,0.0,0.4,0.030298399999992398
split_fidelity,pc4\full_data\budget_10\seed_0\split_fidelity.json,pc4,full_data,budget_10,seed_0,xgboost,1.0,1.0,1.0,0.09071720000065397
split_fidelity,pc4\full_data\budget_10\seed_1\split_fidelity.json,pc4,full_data,budget_10,seed_1,xgboost,0.9406283124663952,0.0,0.4,0.09851139999955194
split_fidelity,pc4\full_data\budget_10\seed_2\split_fidelity.json,pc4,full_data,budget_10,seed_2,xgboost,0.9174003278341792,1.0,0.4,0.0951521999995748
split_fidelity,pc4\full_data\budget_100\seed_0\split_fidelity.json,pc4,full_data,budget_100,seed_0,xgboost,1.0,1.0,1.0,0.10888570000042819
split_fidelity,pc4\full_data\budget_100\seed_1\split_fidelity.json,pc4,full_data,budget_100,seed_1,xgboost,0.9406283124663952,0.0,0.4,0.10212349999983417
split_fidelity,pc4\full_data\budget_100\seed_2\split_fidelity.json,pc4,full_data,budget_100,seed_2,xgboost,0.9174003278341792,1.0,0.4,0.10868930000015098
split_fidelity,pc4\full_data\budget_25\seed_0\split_fidelity.json,pc4,full_data,budget_25,seed_0,xgboost,1.0,1.0,1.0,0.09775970000009693
split_fidelity,pc4\full_data\budget_25\seed_1\split_fidelity.json,pc4,full_data,budget_25,seed_1,xgboost,0.9406283124663952,0.0,0.4,0.08901019999939308
split_fidelity,pc4\full_data\budget_25\seed_2\split_fidelity.json,pc4,full_data,budget_25,seed_2,xgboost,0.9174003278341792,1.0,0.4,0.09305700000004435
split_fidelity,pc4\full_data\budget_50\seed_0\split_fidelity.json,pc4,full_data,budget_50,seed_0,xgboost,1.0,1.0,1.0,0.10765899999933026
split_fidelity,pc4\full_data\budget_50\seed_1\split_fidelity.json,pc4,full_data,budget_50,seed_1,xgboost,0.9406283124663952,0.0,0.4,0.10914630000024772
split_fidelity,pc4\full_data\budget_50\seed_2\split_fidelity.json,pc4,full_data,budget_50,seed_2,xgboost,0.9174003278341792,1.0,0.4,0.08171589999983553
split_fidelity,pc4\gaindistill\budget_10\seed_0\split_fidelity.json,pc4,gaindistill,budget_10,seed_0,xgboost,0.009356756987040022,0.0,0.2,0.022851499999887892
split_fidelity,pc4\gaindistill\budget_10\seed_1\split_fidelity.json,pc4,gaindistill,budget_10,seed_1,xgboost,-0.05574818793829152,1.0,0.2,0.019998700000542158
split_fidelity,pc4\gaindistill\budget_10\seed_2\split_fidelity.json,pc4,gaindistill,budget_10,seed_2,xgboost,0.02480129700187329,1.0,0.4,0.02766109999993205
split_fidelity,pc4\gaindistill\budget_100\seed_0\split_fidelity.json,pc4,gaindistill,budget_100,seed_0,xgboost,0.08496631348637929,0.0,0.2,0.020784899999853224
split_fidelity,pc4\gaindistill\budget_100\seed_1\split_fidelity.json,pc4,gaindistill,budget_100,seed_1,xgboost,-0.008638346289086562,1.0,0.2,0.026203000000350585
split_fidelity,pc4\gaindistill\budget_100\seed_2\split_fidelity.json,pc4,gaindistill,budget_100,seed_2,xgboost,0.05041884715825372,0.0,0.4,0.02474389999952109
split_fidelity,pc4\gaindistill\budget_25\seed_0\split_fidelity.json,pc4,gaindistill,budget_25,seed_0,xgboost,0.33134730063396184,0.0,0.2,0.01894839999931719
split_fidelity,pc4\gaindistill\budget_25\seed_1\split_fidelity.json,pc4,gaindistill,budget_25,seed_1,xgboost,0.1152550904753553,1.0,0.4,0.01661809999950492
split_fidelity,pc4\gaindistill\budget_25\seed_2\split_fidelity.json,pc4,gaindistill,budget_25,seed_2,xgboost,0.049306575149807484,1.0,0.4,0.020849700000326266
split_fidelity,pc4\gaindistill\budget_50\seed_0\split_fidelity.json,pc4,gaindistill,budget_50,seed_0,xgboost,0.14028612578466512,0.0,0.0,0.019022299999960524
split_fidelity,pc4\gaindistill\budget_50\seed_1\split_fidelity.json,pc4,gaindistill,budget_50,seed_1,xgboost,0.09487037340139501,1.0,0.2,0.02542540000013105
split_fidelity,pc4\gaindistill\budget_50\seed_2\split_fidelity.json,pc4,gaindistill,budget_50,seed_2,xgboost,0.11082008721361283,0.0,0.6,0.021760199999334873
split_fidelity,pc4\gaindistill_hybrid\budget_10\seed_0\split_fidelity.json,pc4,gaindistill_hybrid,budget_10,seed_0,xgboost,0.26787499486826655,0.0,0.0,0.02841669999907026
split_fidelity,pc4\gaindistill_hybrid\budget_10\seed_1\split_fidelity.json,pc4,gaindistill_hybrid,budget_10,seed_1,xgboost,0.4524521478500191,0.0,0.0,0.04765659999975469
split_fidelity,pc4\gaindistill_hybrid\budget_10\seed_2\split_fidelity.json,pc4,gaindistill_hybrid,budget_10,seed_2,xgboost,0.14975567491639777,0.0,0.2,0.04315420000057202
split_fidelity,pc4\gaindistill_hybrid\budget_100\seed_0\split_fidelity.json,pc4,gaindistill_hybrid,budget_100,seed_0,xgboost,0.7401317808361999,1.0,0.2,0.1022742000004655
split_fidelity,pc4\gaindistill_hybrid\budget_100\seed_1\split_fidelity.json,pc4,gaindistill_hybrid,budget_100,seed_1,xgboost,0.7556148878287076,0.0,0.6,0.1026093000000401
split_fidelity,pc4\gaindistill_hybrid\budget_100\seed_2\split_fidelity.json,pc4,gaindistill_hybrid,budget_100,seed_2,xgboost,0.7071228159501388,0.0,0.4,0.10219159999905969
split_fidelity,pc4\gaindistill_hybrid\budget_25\seed_0\split_fidelity.json,pc4,gaindistill_hybrid,budget_25,seed_0,xgboost,0.44010267103440337,0.0,0.4,0.06019240000023274
split_fidelity,pc4\gaindistill_hybrid\budget_25\seed_1\split_fidelity.json,pc4,gaindistill_hybrid,budget_25,seed_1,xgboost,0.527600086091692,0.0,0.2,0.04240089999984775
split_fidelity,pc4\gaindistill_hybrid\budget_25\seed_2\split_fidelity.json,pc4,gaindistill_hybrid,budget_25,seed_2,xgboost,0.2927375779490149,0.0,0.4,0.06036649999987276
split_fidelity,pc4\gaindistill_hybrid\budget_50\seed_0\split_fidelity.json,pc4,gaindistill_hybrid,budget_50,seed_0,xgboost,0.6938508943931018,0.0,0.2,0.07861659999980475
split_fidelity,pc4\gaindistill_hybrid\budget_50\seed_1\split_fidelity.json,pc4,gaindistill_hybrid,budget_50,seed_1,xgboost,0.6002759070159628,0.0,0.2,0.08533729999908246
split_fidelity,pc4\gaindistill_hybrid\budget_50\seed_2\split_fidelity.json,pc4,gaindistill_hybrid,budget_50,seed_2,xgboost,0.5615137264522998,0.0,0.4,0.07172549999995681
split_fidelity,pc4\gaindistill_path_hybrid\budget_10\seed_0\split_fidelity.json,pc4,gaindistill_path_hybrid,budget_10,seed_0,xgboost,0.12429196522877603,0.0,0.0,0.029728600000453298
split_fidelity,pc4\gaindistill_path_hybrid\budget_10\seed_1\split_fidelity.json,pc4,gaindistill_path_hybrid,budget_10,seed_1,xgboost,0.2798481260537769,0.0,0.4,0.022224399999686284
split_fidelity,pc4\gaindistill_path_hybrid\budget_10\seed_2\split_fidelity.json,pc4,gaindistill_path_hybrid,budget_10,seed_2,xgboost,0.29876658249252175,0.0,0.4,0.032170399999813526
split_fidelity,pc4\gaindistill_path_hybrid\budget_100\seed_0\split_fidelity.json,pc4,gaindistill_path_hybrid,budget_100,seed_0,xgboost,0.636129728743771,0.0,0.2,0.09799940000084462
split_fidelity,pc4\gaindistill_path_hybrid\budget_100\seed_1\split_fidelity.json,pc4,gaindistill_path_hybrid,budget_100,seed_1,xgboost,0.7152370784225006,0.0,0.2,0.10143029999926512
split_fidelity,pc4\gaindistill_path_hybrid\budget_100\seed_2\split_fidelity.json,pc4,gaindistill_path_hybrid,budget_100,seed_2,xgboost,0.5908484031302875,0.0,0.0,0.08190640000066196
split_fidelity,pc4\gaindistill_path_hybrid\budget_25\seed_0\split_fidelity.json,pc4,gaindistill_path_hybrid,budget_25,seed_0,xgboost,0.38511340104070374,0.0,0.2,0.0424224000016693
split_fidelity,pc4\gaindistill_path_hybrid\budget_25\seed_1\split_fidelity.json,pc4,gaindistill_path_hybrid,budget_25,seed_1,xgboost,0.396164819165345,0.0,0.2,0.05056489999878977
split_fidelity,pc4\gaindistill_path_hybrid\budget_25\seed_2\split_fidelity.json,pc4,gaindistill_path_hybrid,budget_25,seed_2,xgboost,0.5278852800340418,0.0,0.4,0.048958199999106
split_fidelity,pc4\gaindistill_path_hybrid\budget_50\seed_0\split_fidelity.json,pc4,gaindistill_path_hybrid,budget_50,seed_0,xgboost,0.6483289768345063,0.0,0.2,0.06767519999993965
split_fidelity,pc4\gaindistill_path_hybrid\budget_50\seed_1\split_fidelity.json,pc4,gaindistill_path_hybrid,budget_50,seed_1,xgboost,0.4539459029746835,0.0,0.4,0.06531830000130867
split_fidelity,pc4\gaindistill_path_hybrid\budget_50\seed_2\split_fidelity.json,pc4,gaindistill_path_hybrid,budget_50,seed_2,xgboost,0.5204501140270331,0.0,0.2,0.07295320000048378
split_fidelity,pc4\gain_herding\budget_10\seed_0\split_fidelity.json,pc4,gain_herding,budget_10,seed_0,xgboost,0.3133511181617541,0.0,0.2,0.026957199999742443
split_fidelity,pc4\gain_herding\budget_10\seed_1\split_fidelity.json,pc4,gain_herding,budget_10,seed_1,xgboost,0.35446680475463005,0.0,0.2,0.028558300000440795
split_fidelity,pc4\gain_herding\budget_10\seed_2\split_fidelity.json,pc4,gain_herding,budget_10,seed_2,xgboost,0.051311951573922286,0.0,0.2,0.03272309999920253
split_fidelity,pc4\gain_herding\budget_100\seed_0\split_fidelity.json,pc4,gain_herding,budget_100,seed_0,xgboost,0.7975085333372586,1.0,0.4,0.05997149999893736
split_fidelity,pc4\gain_herding\budget_100\seed_1\split_fidelity.json,pc4,gain_herding,budget_100,seed_1,xgboost,0.7594923096811627,0.0,0.4,0.07903589999841643
split_fidelity,pc4\gain_herding\budget_100\seed_2\split_fidelity.json,pc4,gain_herding,budget_100,seed_2,xgboost,0.7073739800627542,0.0,0.2,0.07381139999961306
split_fidelity,pc4\gain_herding\budget_25\seed_0\split_fidelity.json,pc4,gain_herding,budget_25,seed_0,xgboost,0.567720390786389,0.0,0.4,0.029499399999622256
split_fidelity,pc4\gain_herding\budget_25\seed_1\split_fidelity.json,pc4,gain_herding,budget_25,seed_1,xgboost,0.58587888291548,0.0,0.2,0.031208900007186458
split_fidelity,pc4\gain_herding\budget_25\seed_2\split_fidelity.json,pc4,gain_herding,budget_25,seed_2,xgboost,0.31648627666812823,0.0,0.4,0.029459099998348393
split_fidelity,pc4\gain_herding\budget_50\seed_0\split_fidelity.json,pc4,gain_herding,budget_50,seed_0,xgboost,0.7204024915512013,0.0,0.6,0.03976289999263827
split_fidelity,pc4\gain_herding\budget_50\seed_1\split_fidelity.json,pc4,gain_herding,budget_50,seed_1,xgboost,0.7555273572241114,0.0,0.2,0.03940310000325553
split_fidelity,pc4\gain_herding\budget_50\seed_2\split_fidelity.json,pc4,gain_herding,budget_50,seed_2,xgboost,0.6052823778664936,0.0,0.4,0.04090899998845998
split_fidelity,pc4\gain_path_herding\budget_10\seed_0\split_fidelity.json,pc4,gain_path_herding,budget_10,seed_0,xgboost,0.11385127941248907,0.0,0.0,0.03795209999952931
split_fidelity,pc4\gain_path_herding\budget_10\seed_1\split_fidelity.json,pc4,gain_path_herding,budget_10,seed_1,xgboost,0.26077833373846804,0.0,0.4,0.021698300000934978
split_fidelity,pc4\gain_path_herding\budget_10\seed_2\split_fidelity.json,pc4,gain_path_herding,budget_10,seed_2,xgboost,0.2656628748352051,0.0,0.2,0.0248094000016863
split_fidelity,pc4\gain_path_herding\budget_100\seed_0\split_fidelity.json,pc4,gain_path_herding,budget_100,seed_0,xgboost,0.7220091620264854,0.0,0.2,0.059193700000832905
split_fidelity,pc4\gain_path_herding\budget_100\seed_1\split_fidelity.json,pc4,gain_path_herding,budget_100,seed_1,xgboost,0.7731160082877142,0.0,0.0,0.06625680000070133
split_fidelity,pc4\gain_path_herding\budget_100\seed_2\split_fidelity.json,pc4,gain_path_herding,budget_100,seed_2,xgboost,0.6755234771573603,0.0,0.4,0.06446309999955702
split_fidelity,pc4\gain_path_herding\budget_25\seed_0\split_fidelity.json,pc4,gain_path_herding,budget_25,seed_0,xgboost,0.4565091495284106,0.0,0.2,0.0264405999914743
split_fidelity,pc4\gain_path_herding\budget_25\seed_1\split_fidelity.json,pc4,gain_path_herding,budget_25,seed_1,xgboost,0.4946160906154907,0.0,0.2,0.028570199996465817
split_fidelity,pc4\gain_path_herding\budget_25\seed_2\split_fidelity.json,pc4,gain_path_herding,budget_25,seed_2,xgboost,0.603111915131019,0.0,0.4,0.02615779999177903
split_fidelity,pc4\gain_path_herding\budget_50\seed_0\split_fidelity.json,pc4,gain_path_herding,budget_50,seed_0,xgboost,0.6979002248812244,0.0,0.2,0.03396010000142269
split_fidelity,pc4\gain_path_herding\budget_50\seed_1\split_fidelity.json,pc4,gain_path_herding,budget_50,seed_1,xgboost,0.6061317385718709,1.0,0.2,0.037709399999585
split_fidelity,pc4\gain_path_herding\budget_50\seed_2\split_fidelity.json,pc4,gain_path_herding,budget_50,seed_2,xgboost,0.5632605175442775,0.0,0.2,0.03271820000372827
split_fidelity,pc4\gain_path_refined\budget_25\seed_0\split_fidelity.json,pc4,gain_path_refined,budget_25,seed_0,xgboost,0.45321209492419945,0.0,0.2,0.02772019999974873
split_fidelity,pc4\gain_path_refined\budget_25\seed_1\split_fidelity.json,pc4,gain_path_refined,budget_25,seed_1,xgboost,0.4668995651955093,0.0,0.2,0.024421099995379336
split_fidelity,pc4\gain_path_refined\budget_25\seed_2\split_fidelity.json,pc4,gain_path_refined,budget_25,seed_2,xgboost,0.5336552287188258,0.0,0.4,0.03118059999542311
split_fidelity,pc4\gain_path_refined\budget_50\seed_0\split_fidelity.json,pc4,gain_path_refined,budget_50,seed_0,xgboost,0.6654486226393949,0.0,0.2,0.037295699992682785
split_fidelity,pc4\gain_path_refined\budget_50\seed_1\split_fidelity.json,pc4,gain_path_refined,budget_50,seed_1,xgboost,0.6862149275862931,0.0,0.0,0.03407010000955779
split_fidelity,pc4\gain_path_refined\budget_50\seed_2\split_fidelity.json,pc4,gain_path_refined,budget_50,seed_2,xgboost,0.5886919407516774,0.0,0.2,0.039173099998151883
split_fidelity,pc4\gain_path_safeguarded\budget_25\seed_0\split_fidelity.json,pc4,gain_path_safeguarded,budget_25,seed_0,xgboost,0.4565091495284106,0.0,0.2,0.023412700000335462
split_fidelity,pc4\gain_path_safeguarded\budget_25\seed_1\split_fidelity.json,pc4,gain_path_safeguarded,budget_25,seed_1,xgboost,0.4946160906154907,0.0,0.2,0.025749200009158812
split_fidelity,pc4\gain_path_safeguarded\budget_25\seed_2\split_fidelity.json,pc4,gain_path_safeguarded,budget_25,seed_2,xgboost,0.603111915131019,0.0,0.4,0.03157269999792334
split_fidelity,pc4\gain_path_safeguarded\budget_50\seed_0\split_fidelity.json,pc4,gain_path_safeguarded,budget_50,seed_0,xgboost,0.6654486226393949,0.0,0.2,0.03798269999970216
split_fidelity,pc4\gain_path_safeguarded\budget_50\seed_1\split_fidelity.json,pc4,gain_path_safeguarded,budget_50,seed_1,xgboost,0.6862149275862931,0.0,0.0,0.036793300008866936
split_fidelity,pc4\gain_path_safeguarded\budget_50\seed_2\split_fidelity.json,pc4,gain_path_safeguarded,budget_50,seed_2,xgboost,0.5886919407516774,0.0,0.2,0.03671399998711422
split_fidelity,pc4\gain_weighted_coreset\budget_10\seed_0\split_fidelity.json,pc4,gain_weighted_coreset,budget_10,seed_0,xgboost,0.26787499486826655,0.0,0.0,0.03247240000018792
split_fidelity,pc4\gain_weighted_coreset\budget_10\seed_1\split_fidelity.json,pc4,gain_weighted_coreset,budget_10,seed_1,xgboost,0.4524521478500191,0.0,0.0,0.03904089999923599
split_fidelity,pc4\gain_weighted_coreset\budget_10\seed_2\split_fidelity.json,pc4,gain_weighted_coreset,budget_10,seed_2,xgboost,0.14975567491639777,0.0,0.2,0.03350760000103037
split_fidelity,pc4\gain_weighted_coreset\budget_100\seed_0\split_fidelity.json,pc4,gain_weighted_coreset,budget_100,seed_0,xgboost,0.7401317808361999,1.0,0.2,0.10417180000149528
split_fidelity,pc4\gain_weighted_coreset\budget_100\seed_1\split_fidelity.json,pc4,gain_weighted_coreset,budget_100,seed_1,xgboost,0.7556148878287076,0.0,0.6,0.09658149999995658
split_fidelity,pc4\gain_weighted_coreset\budget_100\seed_2\split_fidelity.json,pc4,gain_weighted_coreset,budget_100,seed_2,xgboost,0.7071228159501388,0.0,0.4,0.1042950999999448
split_fidelity,pc4\gain_weighted_coreset\budget_25\seed_0\split_fidelity.json,pc4,gain_weighted_coreset,budget_25,seed_0,xgboost,0.44010267103440337,0.0,0.4,0.038112600001113606
split_fidelity,pc4\gain_weighted_coreset\budget_25\seed_1\split_fidelity.json,pc4,gain_weighted_coreset,budget_25,seed_1,xgboost,0.527600086091692,0.0,0.2,0.05855900000096881
split_fidelity,pc4\gain_weighted_coreset\budget_25\seed_2\split_fidelity.json,pc4,gain_weighted_coreset,budget_25,seed_2,xgboost,0.2927375779490149,0.0,0.4,0.054715000000214786
split_fidelity,pc4\gain_weighted_coreset\budget_50\seed_0\split_fidelity.json,pc4,gain_weighted_coreset,budget_50,seed_0,xgboost,0.6938508943931018,0.0,0.2,0.05934040000101959
split_fidelity,pc4\gain_weighted_coreset\budget_50\seed_1\split_fidelity.json,pc4,gain_weighted_coreset,budget_50,seed_1,xgboost,0.6002759070159628,0.0,0.2,0.06774220000079367
split_fidelity,pc4\gain_weighted_coreset\budget_50\seed_2\split_fidelity.json,pc4,gain_weighted_coreset,budget_50,seed_2,xgboost,0.5615137264522998,0.0,0.4,0.06525279999914346
split_fidelity,pc4\gradient_sampling\budget_10\seed_0\split_fidelity.json,pc4,gradient_sampling,budget_10,seed_0,xgboost,0.03199773582711333,0.0,0.0,0.02423330000056012
split_fidelity,pc4\gradient_sampling\budget_10\seed_1\split_fidelity.json,pc4,gradient_sampling,budget_10,seed_1,xgboost,0.08572854909936004,0.0,0.0,0.020330299999841372
split_fidelity,pc4\gradient_sampling\budget_10\seed_2\split_fidelity.json,pc4,gradient_sampling,budget_10,seed_2,xgboost,-0.022726016767467844,0.0,0.0,0.01956030000019382
split_fidelity,pc4\gradient_sampling\budget_100\seed_0\split_fidelity.json,pc4,gradient_sampling,budget_100,seed_0,xgboost,0.8176562047603793,0.0,0.6,0.050306199999795354
split_fidelity,pc4\gradient_sampling\budget_100\seed_1\split_fidelity.json,pc4,gradient_sampling,budget_100,seed_1,xgboost,0.8393969283599556,0.0,0.6,0.057829299999866635
split_fidelity,pc4\gradient_sampling\budget_100\seed_2\split_fidelity.json,pc4,gradient_sampling,budget_100,seed_2,xgboost,0.7568810903256862,0.0,0.4,0.05315299999983836
split_fidelity,pc4\gradient_sampling\budget_25\seed_0\split_fidelity.json,pc4,gradient_sampling,budget_25,seed_0,xgboost,0.21248953749442268,0.0,0.0,0.033572400000593916
split_fidelity,pc4\gradient_sampling\budget_25\seed_1\split_fidelity.json,pc4,gradient_sampling,budget_25,seed_1,xgboost,0.09453388022421931,0.0,0.0,0.02752280000004248
split_fidelity,pc4\gradient_sampling\budget_25\seed_2\split_fidelity.json,pc4,gradient_sampling,budget_25,seed_2,xgboost,0.07732308796015505,0.0,0.0,0.02685380000002624
split_fidelity,pc4\gradient_sampling\budget_50\seed_0\split_fidelity.json,pc4,gradient_sampling,budget_50,seed_0,xgboost,0.22113378097466557,0.0,0.2,0.03876719999971101
split_fidelity,pc4\gradient_sampling\budget_50\seed_1\split_fidelity.json,pc4,gradient_sampling,budget_50,seed_1,xgboost,0.00842932733546566,0.0,0.2,0.04408339999918098
split_fidelity,pc4\gradient_sampling\budget_50\seed_2\split_fidelity.json,pc4,gradient_sampling,budget_50,seed_2,xgboost,0.38166912278980153,0.0,0.0,0.042902500000309374
split_fidelity,pc4\herding\budget_10\seed_0\split_fidelity.json,pc4,herding,budget_10,seed_0,xgboost,0.2155467949195277,0.0,0.0,0.01949400000012247
split_fidelity,pc4\herding\budget_10\seed_1\split_fidelity.json,pc4,herding,budget_10,seed_1,xgboost,0.311782207338089,0.0,0.0,0.021871000000828644
split_fidelity,pc4\herding\budget_10\seed_2\split_fidelity.json,pc4,herding,budget_10,seed_2,xgboost,0.15475661896868798,0.0,0.0,0.023319699999774457
split_fidelity,pc4\herding\budget_100\seed_0\split_fidelity.json,pc4,herding,budget_100,seed_0,xgboost,0.5822276846772254,0.0,0.0,0.0572838000007323
split_fidelity,pc4\herding\budget_100\seed_1\split_fidelity.json,pc4,herding,budget_100,seed_1,xgboost,0.5503629339046595,0.0,0.2,0.0524027000001297
split_fidelity,pc4\herding\budget_100\seed_2\split_fidelity.json,pc4,herding,budget_100,seed_2,xgboost,0.5278998253428073,0.0,0.2,0.047653900000113936
split_fidelity,pc4\herding\budget_25\seed_0\split_fidelity.json,pc4,herding,budget_25,seed_0,xgboost,0.4906253714381195,0.0,0.0,0.03092859999742359
split_fidelity,pc4\herding\budget_25\seed_1\split_fidelity.json,pc4,herding,budget_25,seed_1,xgboost,0.5193805560905446,0.0,0.2,0.029264100012369454
split_fidelity,pc4\herding\budget_25\seed_2\split_fidelity.json,pc4,herding,budget_25,seed_2,xgboost,0.4571032958772921,0.0,0.2,0.02723350000451319
split_fidelity,pc4\herding\budget_50\seed_0\split_fidelity.json,pc4,herding,budget_50,seed_0,xgboost,0.4673771410434896,0.0,0.0,0.034111000000848435
split_fidelity,pc4\herding\budget_50\seed_1\split_fidelity.json,pc4,herding,budget_50,seed_1,xgboost,0.5123983957471462,0.0,0.2,0.04287649999605492
split_fidelity,pc4\herding\budget_50\seed_2\split_fidelity.json,pc4,herding,budget_50,seed_2,xgboost,0.5165653741797692,0.0,0.2,0.035181399987777695
split_fidelity,pc4\k_center\budget_10\seed_0\split_fidelity.json,pc4,k_center,budget_10,seed_0,xgboost,-0.034713961156745826,0.0,0.0,0.028842700000495824
split_fidelity,pc4\k_center\budget_10\seed_1\split_fidelity.json,pc4,k_center,budget_10,seed_1,xgboost,0.1881413406694749,0.0,0.0,0.02784109999993234
split_fidelity,pc4\k_center\budget_10\seed_2\split_fidelity.json,pc4,k_center,budget_10,seed_2,xgboost,0.15472214959542688,0.0,0.0,0.02435369999966497
split_fidelity,pc4\k_center\budget_100\seed_0\split_fidelity.json,pc4,k_center,budget_100,seed_0,xgboost,0.6670055346700127,1.0,0.2,0.0693888000005245
split_fidelity,pc4\k_center\budget_100\seed_1\split_fidelity.json,pc4,k_center,budget_100,seed_1,xgboost,0.5549536983011009,0.0,0.6,0.07195669999964593
split_fidelity,pc4\k_center\budget_100\seed_2\split_fidelity.json,pc4,k_center,budget_100,seed_2,xgboost,0.6297192258883249,0.0,0.6,0.06043279999994411
split_fidelity,pc4\k_center\budget_25\seed_0\split_fidelity.json,pc4,k_center,budget_25,seed_0,xgboost,0.41260548007976516,0.0,0.0,0.03965950000019802
split_fidelity,pc4\k_center\budget_25\seed_1\split_fidelity.json,pc4,k_center,budget_25,seed_1,xgboost,0.29799035407653846,0.0,0.0,0.02830640000047424
split_fidelity,pc4\k_center\budget_25\seed_2\split_fidelity.json,pc4,k_center,budget_25,seed_2,xgboost,0.4223359670322222,0.0,0.0,0.02705470000000787
split_fidelity,pc4\k_center\budget_50\seed_0\split_fidelity.json,pc4,k_center,budget_50,seed_0,xgboost,0.48036018911754136,1.0,0.2,0.04291190000003553
split_fidelity,pc4\k_center\budget_50\seed_1\split_fidelity.json,pc4,k_center,budget_50,seed_1,xgboost,0.4495706984626429,0.0,0.2,0.04108340000038879
split_fidelity,pc4\k_center\budget_50\seed_2\split_fidelity.json,pc4,k_center,budget_50,seed_2,xgboost,0.5496696839877672,0.0,0.2,0.04878759999974136
split_fidelity,pc4\random\budget_10\seed_0\split_fidelity.json,pc4,random,budget_10,seed_0,xgboost,0.35469772201819993,0.0,0.0,0.039586099999723956
split_fidelity,pc4\random\budget_10\seed_1\split_fidelity.json,pc4,random,budget_10,seed_1,xgboost,0.21967050454165457,0.0,0.0,0.03409190000002127
split_fidelity,pc4\random\budget_10\seed_2\split_fidelity.json,pc4,random,budget_10,seed_2,xgboost,0.24408350000741658,0.0,0.2,0.03778760000022885
split_fidelity,pc4\random\budget_100\seed_0\split_fidelity.json,pc4,random,budget_100,seed_0,xgboost,0.5562137068219373,0.0,0.4,0.06712220000008529
split_fidelity,pc4\random\budget_100\seed_1\split_fidelity.json,pc4,random,budget_100,seed_1,xgboost,0.6754672053905798,0.0,0.2,0.05697290000080102
split_fidelity,pc4\random\budget_100\seed_2\split_fidelity.json,pc4,random,budget_100,seed_2,xgboost,0.6387225021200656,1.0,0.6,0.06919300000026851
split_fidelity,pc4\random\budget_25\seed_0\split_fidelity.json,pc4,random,budget_25,seed_0,xgboost,0.22551215257010718,0.0,0.2,0.027842499999678694
split_fidelity,pc4\random\budget_25\seed_1\split_fidelity.json,pc4,random,budget_25,seed_1,xgboost,-0.10217749058059329,0.0,0.0,0.03002079999714624
split_fidelity,pc4\random\budget_25\seed_2\split_fidelity.json,pc4,random,budget_25,seed_2,xgboost,0.2934610360233102,0.0,0.4,0.028741200003423728
split_fidelity,pc4\random\budget_50\seed_0\split_fidelity.json,pc4,random,budget_50,seed_0,xgboost,0.5282326416395089,0.0,0.2,0.03574149998894427
split_fidelity,pc4\random\budget_50\seed_1\split_fidelity.json,pc4,random,budget_50,seed_1,xgboost,0.33936181717455893,0.0,0.2,0.03472039999905974
split_fidelity,pc4\random\budget_50\seed_2\split_fidelity.json,pc4,random,budget_50,seed_2,xgboost,0.5421605321374527,0.0,0.4,0.02695980000135023
split_fidelity,pc4\tree_region\budget_10\seed_0\split_fidelity.json,pc4,tree_region,budget_10,seed_0,xgboost,0.03199773582711333,0.0,0.0,0.019297499999993306
split_fidelity,pc4\tree_region\budget_10\seed_1\split_fidelity.json,pc4,tree_region,budget_10,seed_1,xgboost,0.08572854909936004,0.0,0.0,0.017538300000524032
split_fidelity,pc4\tree_region\budget_10\seed_2\split_fidelity.json,pc4,tree_region,budget_10,seed_2,xgboost,-0.022726016767467844,0.0,0.0,0.0181628999998793
split_fidelity,pc4\tree_region\budget_100\seed_0\split_fidelity.json,pc4,tree_region,budget_100,seed_0,xgboost,0.8176562047603793,0.0,0.6,0.04864610000004177
split_fidelity,pc4\tree_region\budget_100\seed_1\split_fidelity.json,pc4,tree_region,budget_100,seed_1,xgboost,0.8393969283599556,0.0,0.6,0.046731999999792606
split_fidelity,pc4\tree_region\budget_100\seed_2\split_fidelity.json,pc4,tree_region,budget_100,seed_2,xgboost,0.7568810903256862,0.0,0.4,0.05007590000059281
split_fidelity,pc4\tree_region\budget_25\seed_0\split_fidelity.json,pc4,tree_region,budget_25,seed_0,xgboost,0.21248953749442268,0.0,0.0,0.032567500000368454
split_fidelity,pc4\tree_region\budget_25\seed_1\split_fidelity.json,pc4,tree_region,budget_25,seed_1,xgboost,0.09453388022421931,0.0,0.0,0.02602249999927153
split_fidelity,pc4\tree_region\budget_25\seed_2\split_fidelity.json,pc4,tree_region,budget_25,seed_2,xgboost,0.07732308796015505,0.0,0.0,0.02992290000020148
split_fidelity,pc4\tree_region\budget_50\seed_0\split_fidelity.json,pc4,tree_region,budget_50,seed_0,xgboost,0.22113378097466557,0.0,0.2,0.0391485999998622
split_fidelity,pc4\tree_region\budget_50\seed_1\split_fidelity.json,pc4,tree_region,budget_50,seed_1,xgboost,0.00842932733546566,0.0,0.2,0.03988070000013977
split_fidelity,pc4\tree_region\budget_50\seed_2\split_fidelity.json,pc4,tree_region,budget_50,seed_2,xgboost,0.38166912278980153,0.0,0.0,0.046165199999450124
split_fidelity,phoneme\distribution_matching\budget_10\seed_0\split_fidelity.json,phoneme,distribution_matching,budget_10,seed_0,xgboost,0.09173291231413384,0.0,0.0,0.03346160000000964
split_fidelity,phoneme\distribution_matching\budget_10\seed_1\split_fidelity.json,phoneme,distribution_matching,budget_10,seed_1,xgboost,-0.06578637757486731,0.0,0.0,0.03534089999993739
split_fidelity,phoneme\distribution_matching\budget_10\seed_2\split_fidelity.json,phoneme,distribution_matching,budget_10,seed_2,xgboost,-0.2567592936527459,0.0,0.0,0.03594910000083473
split_fidelity,phoneme\distribution_matching\budget_100\seed_0\split_fidelity.json,phoneme,distribution_matching,budget_100,seed_0,xgboost,0.08083690653849851,1.0,0.6,0.04852030000074592
split_fidelity,phoneme\distribution_matching\budget_100\seed_1\split_fidelity.json,phoneme,distribution_matching,budget_100,seed_1,xgboost,0.2574012502523463,0.0,0.4,0.04433329999937996
split_fidelity,phoneme\distribution_matching\budget_100\seed_2\split_fidelity.json,phoneme,distribution_matching,budget_100,seed_2,xgboost,-0.0351557351842903,0.0,0.2,0.04787370000030933
split_fidelity,phoneme\distribution_matching\budget_25\seed_0\split_fidelity.json,phoneme,distribution_matching,budget_25,seed_0,xgboost,0.07645010283964578,0.0,0.2,0.04529499999989639
split_fidelity,phoneme\distribution_matching\budget_25\seed_1\split_fidelity.json,phoneme,distribution_matching,budget_25,seed_1,xgboost,0.0703322776596495,0.0,0.0,0.0390201000000161
split_fidelity,phoneme\distribution_matching\budget_25\seed_2\split_fidelity.json,phoneme,distribution_matching,budget_25,seed_2,xgboost,-0.12205469291962405,0.0,0.2,0.039440100000319944
split_fidelity,phoneme\distribution_matching\budget_50\seed_0\split_fidelity.json,phoneme,distribution_matching,budget_50,seed_0,xgboost,0.24735482709715262,0.0,0.0,0.04531969999970897
split_fidelity,phoneme\distribution_matching\budget_50\seed_1\split_fidelity.json,phoneme,distribution_matching,budget_50,seed_1,xgboost,0.08046108923599246,0.0,0.2,0.047191900000143505
split_fidelity,phoneme\distribution_matching\budget_50\seed_2\split_fidelity.json,phoneme,distribution_matching,budget_50,seed_2,xgboost,0.10394666754685758,0.0,0.2,0.0589350000000195
split_fidelity,phoneme\full_data\budget_10\seed_0\split_fidelity.json,phoneme,full_data,budget_10,seed_0,xgboost,1.0,1.0,1.0,0.11209839999992255
split_fidelity,phoneme\full_data\budget_10\seed_1\split_fidelity.json,phoneme,full_data,budget_10,seed_1,xgboost,0.7684779628814973,0.0,0.8,0.12347749999935331
split_fidelity,phoneme\full_data\budget_10\seed_2\split_fidelity.json,phoneme,full_data,budget_10,seed_2,xgboost,0.8451104863155121,0.0,0.6,0.1184201000005487
split_fidelity,phoneme\full_data\budget_100\seed_0\split_fidelity.json,phoneme,full_data,budget_100,seed_0,xgboost,1.0,1.0,1.0,0.11492970000017522
split_fidelity,phoneme\full_data\budget_100\seed_1\split_fidelity.json,phoneme,full_data,budget_100,seed_1,xgboost,0.7684779628814973,0.0,0.8,0.18044890000055602
split_fidelity,phoneme\full_data\budget_100\seed_2\split_fidelity.json,phoneme,full_data,budget_100,seed_2,xgboost,0.8451104863155121,0.0,0.6,0.17256300000008196
split_fidelity,phoneme\full_data\budget_25\seed_0\split_fidelity.json,phoneme,full_data,budget_25,seed_0,xgboost,1.0,1.0,1.0,0.11045580000063637
split_fidelity,phoneme\full_data\budget_25\seed_1\split_fidelity.json,phoneme,full_data,budget_25,seed_1,xgboost,0.7684779628814973,0.0,0.8,0.1282208000002356
split_fidelity,phoneme\full_data\budget_25\seed_2\split_fidelity.json,phoneme,full_data,budget_25,seed_2,xgboost,0.8451104863155121,0.0,0.6,0.18479410000054486
split_fidelity,phoneme\full_data\budget_50\seed_0\split_fidelity.json,phoneme,full_data,budget_50,seed_0,xgboost,1.0,1.0,1.0,0.16597340000043914
split_fidelity,phoneme\full_data\budget_50\seed_1\split_fidelity.json,phoneme,full_data,budget_50,seed_1,xgboost,0.7684779628814973,0.0,0.8,0.1142269000001761
split_fidelity,phoneme\full_data\budget_50\seed_2\split_fidelity.json,phoneme,full_data,budget_50,seed_2,xgboost,0.8451104863155121,0.0,0.6,0.11609520000001794
split_fidelity,phoneme\gaindistill\budget_10\seed_0\split_fidelity.json,phoneme,gaindistill,budget_10,seed_0,xgboost,-0.06498067795478155,1.0,0.2,0.04796790000000328
split_fidelity,phoneme\gaindistill\budget_10\seed_1\split_fidelity.json,phoneme,gaindistill,budget_10,seed_1,xgboost,0.015914568633420372,0.0,0.2,0.059623100000862905
split_fidelity,phoneme\gaindistill\budget_10\seed_2\split_fidelity.json,phoneme,gaindistill,budget_10,seed_2,xgboost,0.019974058801646013,1.0,0.4,0.05910760000006121
split_fidelity,phoneme\gaindistill\budget_100\seed_0\split_fidelity.json,phoneme,gaindistill,budget_100,seed_0,xgboost,0.02861753348203308,0.0,0.0,0.052210800000466406
split_fidelity,phoneme\gaindistill\budget_100\seed_1\split_fidelity.json,phoneme,gaindistill,budget_100,seed_1,xgboost,0.2943204541089834,0.0,0.0,0.05126199999995151
split_fidelity,phoneme\gaindistill\budget_100\seed_2\split_fidelity.json,phoneme,gaindistill,budget_100,seed_2,xgboost,-0.0467107867080827,0.0,0.4,0.05268849999993108
split_fidelity,phoneme\gaindistill\budget_25\seed_0\split_fidelity.json,phoneme,gaindistill,budget_25,seed_0,xgboost,0.12344123209754251,0.0,0.2,0.04174409999995987
split_fidelity,phoneme\gaindistill\budget_25\seed_1\split_fidelity.json,phoneme,gaindistill,budget_25,seed_1,xgboost,0.3332827978621771,0.0,0.0,0.04417349999948783
split_fidelity,phoneme\gaindistill\budget_25\seed_2\split_fidelity.json,phoneme,gaindistill,budget_25,seed_2,xgboost,0.044201437503300495,0.0,0.2,0.04687839999951393
split_fidelity,phoneme\gaindistill\budget_50\seed_0\split_fidelity.json,phoneme,gaindistill,budget_50,seed_0,xgboost,0.21437845973509911,1.0,0.4,0.03878869999971357
split_fidelity,phoneme\gaindistill\budget_50\seed_1\split_fidelity.json,phoneme,gaindistill,budget_50,seed_1,xgboost,0.22854832356713942,0.0,0.2,0.05637750000005326
split_fidelity,phoneme\gaindistill\budget_50\seed_2\split_fidelity.json,phoneme,gaindistill,budget_50,seed_2,xgboost,0.025863772530341632,1.0,0.2,0.042179099999884784
split_fidelity,phoneme\gaindistill_hybrid\budget_10\seed_0\split_fidelity.json,phoneme,gaindistill_hybrid,budget_10,seed_0,xgboost,-0.0944922937851144,0.0,0.0,0.029279300000780495
split_fidelity,phoneme\gaindistill_hybrid\budget_10\seed_1\split_fidelity.json,phoneme,gaindistill_hybrid,budget_10,seed_1,xgboost,0.20695683487657343,0.0,0.0,0.03704440000001341
split_fidelity,phoneme\gaindistill_hybrid\budget_10\seed_2\split_fidelity.json,phoneme,gaindistill_hybrid,budget_10,seed_2,xgboost,-0.004532556638148687,0.0,0.0,0.026929200001177378
split_fidelity,phoneme\gaindistill_hybrid\budget_100\seed_0\split_fidelity.json,phoneme,gaindistill_hybrid,budget_100,seed_0,xgboost,0.315782249033703,1.0,0.2,0.06599280000045837
split_fidelity,phoneme\gaindistill_hybrid\budget_100\seed_1\split_fidelity.json,phoneme,gaindistill_hybrid,budget_100,seed_1,xgboost,0.1886974096105171,0.0,0.4,0.054519500001333654
split_fidelity,phoneme\gaindistill_hybrid\budget_100\seed_2\split_fidelity.json,phoneme,gaindistill_hybrid,budget_100,seed_2,xgboost,0.22141194042964463,0.0,0.4,0.042339500001617125
split_fidelity,phoneme\gaindistill_hybrid\budget_25\seed_0\split_fidelity.json,phoneme,gaindistill_hybrid,budget_25,seed_0,xgboost,0.08067248749973759,0.0,0.4,0.03497389999938605
split_fidelity,phoneme\gaindistill_hybrid\budget_25\seed_1\split_fidelity.json,phoneme,gaindistill_hybrid,budget_25,seed_1,xgboost,0.2158846746413667,0.0,0.2,0.03338390000135405
split_fidelity,phoneme\gaindistill_hybrid\budget_25\seed_2\split_fidelity.json,phoneme,gaindistill_hybrid,budget_25,seed_2,xgboost,0.22238879741773732,0.0,0.2,0.05460979999952542
split_fidelity,phoneme\gaindistill_hybrid\budget_50\seed_0\split_fidelity.json,phoneme,gaindistill_hybrid,budget_50,seed_0,xgboost,0.04136849824286732,1.0,0.2,0.04275670000060927
split_fidelity,phoneme\gaindistill_hybrid\budget_50\seed_1\split_fidelity.json,phoneme,gaindistill_hybrid,budget_50,seed_1,xgboost,0.2570689006624205,0.0,0.4,0.06603970000105619
split_fidelity,phoneme\gaindistill_hybrid\budget_50\seed_2\split_fidelity.json,phoneme,gaindistill_hybrid,budget_50,seed_2,xgboost,0.1003602337126038,0.0,0.2,0.03614500000003318
split_fidelity,phoneme\gaindistill_path_hybrid\budget_10\seed_0\split_fidelity.json,phoneme,gaindistill_path_hybrid,budget_10,seed_0,xgboost,-0.09386543668198018,0.0,0.0,0.02458929999920656
split_fidelity,phoneme\gaindistill_path_hybrid\budget_10\seed_1\split_fidelity.json,phoneme,gaindistill_path_hybrid,budget_10,seed_1,xgboost,0.2434802729389163,0.0,0.0,0.0400657999998657
split_fidelity,phoneme\gaindistill_path_hybrid\budget_10\seed_2\split_fidelity.json,phoneme,gaindistill_path_hybrid,budget_10,seed_2,xgboost,0.24551401430529665,0.0,0.0,0.030559900000298512
split_fidelity,phoneme\gaindistill_path_hybrid\budget_100\seed_0\split_fidelity.json,phoneme,gaindistill_path_hybrid,budget_100,seed_0,xgboost,0.18211176534335152,1.0,0.2,0.055612899999687215
split_fidelity,phoneme\gaindistill_path_hybrid\budget_100\seed_1\split_fidelity.json,phoneme,gaindistill_path_hybrid,budget_100,seed_1,xgboost,0.45766947828803495,0.0,0.2,0.07434250000005704
split_fidelity,phoneme\gaindistill_path_hybrid\budget_100\seed_2\split_fidelity.json,phoneme,gaindistill_path_hybrid,budget_100,seed_2,xgboost,0.29248121952290995,1.0,0.2,0.052982699999120086
split_fidelity,phoneme\gaindistill_path_hybrid\budget_25\seed_0\split_fidelity.json,phoneme,gaindistill_path_hybrid,budget_25,seed_0,xgboost,0.0861206339569606,0.0,0.4,0.03364210000108869
split_fidelity,phoneme\gaindistill_path_hybrid\budget_25\seed_1\split_fidelity.json,phoneme,gaindistill_path_hybrid,budget_25,seed_1,xgboost,0.3135358455958333,0.0,0.2,0.034919300000183284
split_fidelity,phoneme\gaindistill_path_hybrid\budget_25\seed_2\split_fidelity.json,phoneme,gaindistill_path_hybrid,budget_25,seed_2,xgboost,0.13574846995949813,0.0,0.2,0.04733160000068892
split_fidelity,phoneme\gaindistill_path_hybrid\budget_50\seed_0\split_fidelity.json,phoneme,gaindistill_path_hybrid,budget_50,seed_0,xgboost,0.3113318643210634,1.0,0.2,0.049738599998818245
split_fidelity,phoneme\gaindistill_path_hybrid\budget_50\seed_1\split_fidelity.json,phoneme,gaindistill_path_hybrid,budget_50,seed_1,xgboost,0.34525562802440557,0.0,0.4,0.04206940000040049
split_fidelity,phoneme\gaindistill_path_hybrid\budget_50\seed_2\split_fidelity.json,phoneme,gaindistill_path_hybrid,budget_50,seed_2,xgboost,-0.037374350300931364,0.0,0.0,0.038226499998927466
split_fidelity,phoneme\gain_herding\budget_10\seed_0\split_fidelity.json,phoneme,gain_herding,budget_10,seed_0,xgboost,0.15634690747876248,0.0,0.0,0.025175299999318668
split_fidelity,phoneme\gain_herding\budget_10\seed_1\split_fidelity.json,phoneme,gain_herding,budget_10,seed_1,xgboost,-0.003437905938868711,0.0,0.0,0.024047800001426367
split_fidelity,phoneme\gain_herding\budget_10\seed_2\split_fidelity.json,phoneme,gain_herding,budget_10,seed_2,xgboost,-0.0336507992832251,0.0,0.2,0.03008869999939634
split_fidelity,phoneme\gain_herding\budget_100\seed_0\split_fidelity.json,phoneme,gain_herding,budget_100,seed_0,xgboost,0.1964021240472492,1.0,0.4,0.05230640000081621
split_fidelity,phoneme\gain_herding\budget_100\seed_1\split_fidelity.json,phoneme,gain_herding,budget_100,seed_1,xgboost,0.47915511096659835,0.0,0.2,0.030837899999824003
split_fidelity,phoneme\gain_herding\budget_100\seed_2\split_fidelity.json,phoneme,gain_herding,budget_100,seed_2,xgboost,0.28887888239687215,0.0,0.4,0.02974300000096264
split_fidelity,phoneme\gain_herding\budget_25\seed_0\split_fidelity.json,phoneme,gain_herding,budget_25,seed_0,xgboost,-0.10247703409423946,0.0,0.4,0.025373800002853386
split_fidelity,phoneme\gain_herding\budget_25\seed_1\split_fidelity.json,phoneme,gain_herding,budget_25,seed_1,xgboost,0.36470865796915125,0.0,0.2,0.02518289998988621
split_fidelity,phoneme\gain_herding\budget_25\seed_2\split_fidelity.json,phoneme,gain_herding,budget_25,seed_2,xgboost,-0.04607907744110017,0.0,0.2,0.021549400000367314
split_fidelity,phoneme\gain_herding\budget_50\seed_0\split_fidelity.json,phoneme,gain_herding,budget_50,seed_0,xgboost,0.19693023491164469,1.0,0.2,0.028442099996027537
split_fidelity,phoneme\gain_herding\budget_50\seed_1\split_fidelity.json,phoneme,gain_herding,budget_50,seed_1,xgboost,0.22415826686813428,0.0,0.4,0.02386260000639595
split_fidelity,phoneme\gain_herding\budget_50\seed_2\split_fidelity.json,phoneme,gain_herding,budget_50,seed_2,xgboost,-0.12761938233097572,0.0,0.2,0.03095680000842549
split_fidelity,phoneme\gain_path_herding\budget_10\seed_0\split_fidelity.json,phoneme,gain_path_herding,budget_10,seed_0,xgboost,-0.134560216330798,0.0,0.0,0.022167700000863988
split_fidelity,phoneme\gain_path_herding\budget_10\seed_1\split_fidelity.json,phoneme,gain_path_herding,budget_10,seed_1,xgboost,-0.01301078575008878,0.0,0.0,0.02375690000008035
split_fidelity,phoneme\gain_path_herding\budget_10\seed_2\split_fidelity.json,phoneme,gain_path_herding,budget_10,seed_2,xgboost,0.15297314470632078,0.0,0.0,0.04213800000070478
split_fidelity,phoneme\gain_path_herding\budget_100\seed_0\split_fidelity.json,phoneme,gain_path_herding,budget_100,seed_0,xgboost,0.42048188418885235,1.0,0.2,0.03757729999961157
split_fidelity,phoneme\gain_path_herding\budget_100\seed_1\split_fidelity.json,phoneme,gain_path_herding,budget_100,seed_1,xgboost,0.4181792679583548,0.0,0.4,0.04316079999989597
split_fidelity,phoneme\gain_path_herding\budget_100\seed_2\split_fidelity.json,phoneme,gain_path_herding,budget_100,seed_2,xgboost,0.24334446250494224,1.0,0.2,0.040477000000464614
split_fidelity,phoneme\gain_path_herding\budget_25\seed_0\split_fidelity.json,phoneme,gain_path_herding,budget_25,seed_0,xgboost,0.13669483175047772,0.0,0.4,0.02472079999279231
split_fidelity,phoneme\gain_path_herding\budget_25\seed_1\split_fidelity.json,phoneme,gain_path_herding,budget_25,seed_1,xgboost,0.35374075932231774,0.0,0.2,0.023149399989051744
split_fidelity,phoneme\gain_path_herding\budget_25\seed_2\split_fidelity.json,phoneme,gain_path_herding,budget_25,seed_2,xgboost,0.15876354332992842,0.0,0.2,0.019175800000084564
split_fidelity,phoneme\gain_path_herding\budget_50\seed_0\split_fidelity.json,phoneme,gain_path_herding,budget_50,seed_0,xgboost,0.3072571614348156,1.0,0.2,0.026363299999502487
split_fidelity,phoneme\gain_path_herding\budget_50\seed_1\split_fidelity.json,phoneme,gain_path_herding,budget_50,seed_1,xgboost,0.4048415992451338,0.0,0.4,0.025181599994539283
split_fidelity,phoneme\gain_path_herding\budget_50\seed_2\split_fidelity.json,phoneme,gain_path_herding,budget_50,seed_2,xgboost,0.17720691804452765,0.0,0.0,0.0221332000073744
split_fidelity,phoneme\gain_path_refined\budget_25\seed_0\split_fidelity.json,phoneme,gain_path_refined,budget_25,seed_0,xgboost,0.0905196081477252,0.0,0.2,0.019976000010501593
split_fidelity,phoneme\gain_path_refined\budget_25\seed_1\split_fidelity.json,phoneme,gain_path_refined,budget_25,seed_1,xgboost,0.31677367118299526,0.0,0.2,0.01986259999102913
split_fidelity,phoneme\gain_path_refined\budget_25\seed_2\split_fidelity.json,phoneme,gain_path_refined,budget_25,seed_2,xgboost,0.058335758735215994,0.0,0.2,0.022146899995277636
split_fidelity,phoneme\gain_path_refined\budget_50\seed_0\split_fidelity.json,phoneme,gain_path_refined,budget_50,seed_0,xgboost,0.308037423689629,1.0,0.4,0.022420599998440593
split_fidelity,phoneme\gain_path_refined\budget_50\seed_1\split_fidelity.json,phoneme,gain_path_refined,budget_50,seed_1,xgboost,0.5060807084569079,0.0,0.4,0.023962199993547983
split_fidelity,phoneme\gain_path_refined\budget_50\seed_2\split_fidelity.json,phoneme,gain_path_refined,budget_50,seed_2,xgboost,0.21719516648581214,0.0,0.0,0.025533200008794665
split_fidelity,phoneme\gain_path_safeguarded\budget_25\seed_0\split_fidelity.json,phoneme,gain_path_safeguarded,budget_25,seed_0,xgboost,0.0905196081477252,0.0,0.2,0.02057190000778064
split_fidelity,phoneme\gain_path_safeguarded\budget_25\seed_1\split_fidelity.json,phoneme,gain_path_safeguarded,budget_25,seed_1,xgboost,0.31677367118299526,0.0,0.2,0.020470499992370605
split_fidelity,phoneme\gain_path_safeguarded\budget_25\seed_2\split_fidelity.json,phoneme,gain_path_safeguarded,budget_25,seed_2,xgboost,0.058335758735215994,0.0,0.2,0.01888370000233408
split_fidelity,phoneme\gain_path_safeguarded\budget_50\seed_0\split_fidelity.json,phoneme,gain_path_safeguarded,budget_50,seed_0,xgboost,0.308037423689629,1.0,0.4,0.02467899999464862
split_fidelity,phoneme\gain_path_safeguarded\budget_50\seed_1\split_fidelity.json,phoneme,gain_path_safeguarded,budget_50,seed_1,xgboost,0.5060807084569079,0.0,0.4,0.022115400002803653
split_fidelity,phoneme\gain_path_safeguarded\budget_50\seed_2\split_fidelity.json,phoneme,gain_path_safeguarded,budget_50,seed_2,xgboost,0.21719516648581214,0.0,0.0,0.024243199994089082
split_fidelity,phoneme\gain_weighted_coreset\budget_10\seed_0\split_fidelity.json,phoneme,gain_weighted_coreset,budget_10,seed_0,xgboost,-0.0944922937851144,0.0,0.0,0.03322630000002391
split_fidelity,phoneme\gain_weighted_coreset\budget_10\seed_1\split_fidelity.json,phoneme,gain_weighted_coreset,budget_10,seed_1,xgboost,0.20695683487657343,0.0,0.0,0.03564130000086152
split_fidelity,phoneme\gain_weighted_coreset\budget_10\seed_2\split_fidelity.json,phoneme,gain_weighted_coreset,budget_10,seed_2,xgboost,-0.004532556638148687,0.0,0.0,0.035322800000358257
split_fidelity,phoneme\gain_weighted_coreset\budget_100\seed_0\split_fidelity.json,phoneme,gain_weighted_coreset,budget_100,seed_0,xgboost,0.315782249033703,1.0,0.2,0.06738949999999022
split_fidelity,phoneme\gain_weighted_coreset\budget_100\seed_1\split_fidelity.json,phoneme,gain_weighted_coreset,budget_100,seed_1,xgboost,0.1886974096105171,0.0,0.4,0.040996700001414865
split_fidelity,phoneme\gain_weighted_coreset\budget_100\seed_2\split_fidelity.json,phoneme,gain_weighted_coreset,budget_100,seed_2,xgboost,0.22141194042964463,0.0,0.4,0.0424087999999756
split_fidelity,phoneme\gain_weighted_coreset\budget_25\seed_0\split_fidelity.json,phoneme,gain_weighted_coreset,budget_25,seed_0,xgboost,0.08067248749973759,0.0,0.4,0.03544340000007651
split_fidelity,phoneme\gain_weighted_coreset\budget_25\seed_1\split_fidelity.json,phoneme,gain_weighted_coreset,budget_25,seed_1,xgboost,0.2158846746413667,0.0,0.2,0.03348499999992782
split_fidelity,phoneme\gain_weighted_coreset\budget_25\seed_2\split_fidelity.json,phoneme,gain_weighted_coreset,budget_25,seed_2,xgboost,0.22238879741773732,0.0,0.2,0.044764000000213855
split_fidelity,phoneme\gain_weighted_coreset\budget_50\seed_0\split_fidelity.json,phoneme,gain_weighted_coreset,budget_50,seed_0,xgboost,0.04136849824286732,1.0,0.2,0.041180999998687184
split_fidelity,phoneme\gain_weighted_coreset\budget_50\seed_1\split_fidelity.json,phoneme,gain_weighted_coreset,budget_50,seed_1,xgboost,0.2570689006624205,0.0,0.4,0.05860759999995935
split_fidelity,phoneme\gain_weighted_coreset\budget_50\seed_2\split_fidelity.json,phoneme,gain_weighted_coreset,budget_50,seed_2,xgboost,0.1003602337126038,0.0,0.2,0.04018189999987953
split_fidelity,phoneme\gradient_sampling\budget_10\seed_0\split_fidelity.json,phoneme,gradient_sampling,budget_10,seed_0,xgboost,0.005211000037344371,0.0,0.0,0.04173770000033983
split_fidelity,phoneme\gradient_sampling\budget_10\seed_1\split_fidelity.json,phoneme,gradient_sampling,budget_10,seed_1,xgboost,0.24275040531670597,0.0,0.2,0.04344489999948564
split_fidelity,phoneme\gradient_sampling\budget_10\seed_2\split_fidelity.json,phoneme,gradient_sampling,budget_10,seed_2,xgboost,-0.21471106104713586,0.0,0.0,0.03786729999956151
split_fidelity,phoneme\gradient_sampling\budget_100\seed_0\split_fidelity.json,phoneme,gradient_sampling,budget_100,seed_0,xgboost,-0.23844117006572083,0.0,0.0,0.05665789999966364
split_fidelity,phoneme\gradient_sampling\budget_100\seed_1\split_fidelity.json,phoneme,gradient_sampling,budget_100,seed_1,xgboost,0.07269620550732005,0.0,0.0,0.05498679999982414
split_fidelity,phoneme\gradient_sampling\budget_100\seed_2\split_fidelity.json,phoneme,gradient_sampling,budget_100,seed_2,xgboost,0.03336179845227295,0.0,0.0,0.0632568999999421
split_fidelity,phoneme\gradient_sampling\budget_25\seed_0\split_fidelity.json,phoneme,gradient_sampling,budget_25,seed_0,xgboost,-0.1642267280126276,0.0,0.0,0.04237990000001446
split_fidelity,phoneme\gradient_sampling\budget_25\seed_1\split_fidelity.json,phoneme,gradient_sampling,budget_25,seed_1,xgboost,0.17105776071064843,0.0,0.0,0.04247120000036375
split_fidelity,phoneme\gradient_sampling\budget_25\seed_2\split_fidelity.json,phoneme,gradient_sampling,budget_25,seed_2,xgboost,-0.2902796514033518,0.0,0.0,0.04289520000020275
split_fidelity,phoneme\gradient_sampling\budget_50\seed_0\split_fidelity.json,phoneme,gradient_sampling,budget_50,seed_0,xgboost,-0.07940206422736037,0.0,0.0,0.04701070000010077
split_fidelity,phoneme\gradient_sampling\budget_50\seed_1\split_fidelity.json,phoneme,gradient_sampling,budget_50,seed_1,xgboost,0.1015094761539266,0.0,0.0,0.06093760000021575
split_fidelity,phoneme\gradient_sampling\budget_50\seed_2\split_fidelity.json,phoneme,gradient_sampling,budget_50,seed_2,xgboost,-0.175802692001935,0.0,0.0,0.05500140000003739
split_fidelity,phoneme\herding\budget_10\seed_0\split_fidelity.json,phoneme,herding,budget_10,seed_0,xgboost,-0.10109593417981387,0.0,0.0,0.04692109999996319
split_fidelity,phoneme\herding\budget_10\seed_1\split_fidelity.json,phoneme,herding,budget_10,seed_1,xgboost,0.07221719744937191,0.0,0.0,0.04089459999977407
split_fidelity,phoneme\herding\budget_10\seed_2\split_fidelity.json,phoneme,herding,budget_10,seed_2,xgboost,-0.22299731612668502,0.0,0.0,0.04264509999939037
split_fidelity,phoneme\herding\budget_100\seed_0\split_fidelity.json,phoneme,herding,budget_100,seed_0,xgboost,-0.22707591477427724,0.0,0.0,0.05737730000055308
split_fidelity,phoneme\herding\budget_100\seed_1\split_fidelity.json,phoneme,herding,budget_100,seed_1,xgboost,0.16797570010488774,0.0,0.0,0.06298900000001595
split_fidelity,phoneme\herding\budget_100\seed_2\split_fidelity.json,phoneme,herding,budget_100,seed_2,xgboost,-0.29113655617505474,0.0,0.0,0.06679669999994076
split_fidelity,phoneme\herding\budget_25\seed_0\split_fidelity.json,phoneme,herding,budget_25,seed_0,xgboost,-0.033673965747491444,0.0,0.0,0.01814139999623876
split_fidelity,phoneme\herding\budget_25\seed_1\split_fidelity.json,phoneme,herding,budget_25,seed_1,xgboost,0.1222863918559119,0.0,0.0,0.022964000003412366
split_fidelity,phoneme\herding\budget_25\seed_2\split_fidelity.json,phoneme,herding,budget_25,seed_2,xgboost,-0.12200495399099559,0.0,0.0,0.02197879999584984
split_fidelity,phoneme\herding\budget_50\seed_0\split_fidelity.json,phoneme,herding,budget_50,seed_0,xgboost,-0.10742762179269916,0.0,0.0,0.025139599994872697
split_fidelity,phoneme\herding\budget_50\seed_1\split_fidelity.json,phoneme,herding,budget_50,seed_1,xgboost,0.14090866461038928,0.0,0.0,0.022885200000018813
split_fidelity,phoneme\herding\budget_50\seed_2\split_fidelity.json,phoneme,herding,budget_50,seed_2,xgboost,-0.20403124493279529,0.0,0.0,0.022535000010975637
split_fidelity,phoneme\k_center\budget_10\seed_0\split_fidelity.json,phoneme,k_center,budget_10,seed_0,xgboost,-0.27648266347897604,0.0,0.0,0.03986869999971532
split_fidelity,phoneme\k_center\budget_10\seed_1\split_fidelity.json,phoneme,k_center,budget_10,seed_1,xgboost,0.15775676321012927,0.0,0.2,0.04083580000042275
split_fidelity,phoneme\k_center\budget_10\seed_2\split_fidelity.json,phoneme,k_center,budget_10,seed_2,xgboost,0.08998784169656748,0.0,0.0,0.04475159999947209
split_fidelity,phoneme\k_center\budget_100\seed_0\split_fidelity.json,phoneme,k_center,budget_100,seed_0,xgboost,0.23937520996872566,0.0,0.2,0.05661049999980605
split_fidelity,phoneme\k_center\budget_100\seed_1\split_fidelity.json,phoneme,k_center,budget_100,seed_1,xgboost,0.17810179887051475,0.0,0.2,0.06478330000027199
split_fidelity,phoneme\k_center\budget_100\seed_2\split_fidelity.json,phoneme,k_center,budget_100,seed_2,xgboost,-0.08914710590439609,0.0,0.4,0.061906099999760045
split_fidelity,phoneme\k_center\budget_25\seed_0\split_fidelity.json,phoneme,k_center,budget_25,seed_0,xgboost,0.20749079822509217,0.0,0.2,0.05092179999974178
split_fidelity,phoneme\k_center\budget_25\seed_1\split_fidelity.json,phoneme,k_center,budget_25,seed_1,xgboost,0.027534490273276535,0.0,0.2,0.05368220000036672
split_fidelity,phoneme\k_center\budget_25\seed_2\split_fidelity.json,phoneme,k_center,budget_25,seed_2,xgboost,0.27354356241097333,0.0,0.0,0.05915670000013051
split_fidelity,phoneme\k_center\budget_50\seed_0\split_fidelity.json,phoneme,k_center,budget_50,seed_0,xgboost,0.22648325295034635,0.0,0.0,0.10564309999972465
split_fidelity,phoneme\k_center\budget_50\seed_1\split_fidelity.json,phoneme,k_center,budget_50,seed_1,xgboost,0.000541932851431011,0.0,0.0,0.05961300000035408
split_fidelity,phoneme\k_center\budget_50\seed_2\split_fidelity.json,phoneme,k_center,budget_50,seed_2,xgboost,0.053415999009696305,0.0,0.0,0.1018127999996068
split_fidelity,phoneme\random\budget_10\seed_0\split_fidelity.json,phoneme,random,budget_10,seed_0,xgboost,0.1607834614026627,0.0,0.0,0.03380540000034671
split_fidelity,phoneme\random\budget_10\seed_1\split_fidelity.json,phoneme,random,budget_10,seed_1,xgboost,0.06625697797621287,0.0,0.2,0.04201859999920998
split_fidelity,phoneme\random\budget_10\seed_2\split_fidelity.json,phoneme,random,budget_10,seed_2,xgboost,-0.0705517926964744,0.0,0.0,0.04211419999955979
split_fidelity,phoneme\random\budget_100\seed_0\split_fidelity.json,phoneme,random,budget_100,seed_0,xgboost,0.13367770834085901,0.0,0.2,0.0784550999997009
split_fidelity,phoneme\random\budget_100\seed_1\split_fidelity.json,phoneme,random,budget_100,seed_1,xgboost,0.3923710065094454,0.0,0.4,0.09838639999998122
split_fidelity,phoneme\random\budget_100\seed_2\split_fidelity.json,phoneme,random,budget_100,seed_2,xgboost,0.31591837631243685,0.0,0.2,0.12359509999987495
split_fidelity,phoneme\random\budget_25\seed_0\split_fidelity.json,phoneme,random,budget_25,seed_0,xgboost,0.14937612452532906,0.0,0.2,0.021730899999965914
split_fidelity,phoneme\random\budget_25\seed_1\split_fidelity.json,phoneme,random,budget_25,seed_1,xgboost,0.28861535975823177,0.0,0.2,0.022428099997341633
split_fidelity,phoneme\random\budget_25\seed_2\split_fidelity.json,phoneme,random,budget_25,seed_2,xgboost,0.10860414371508145,0.0,0.0,0.02155379999021534
split_fidelity,phoneme\random\budget_50\seed_0\split_fidelity.json,phoneme,random,budget_50,seed_0,xgboost,0.22850372255493312,0.0,0.0,0.022756299993488938
split_fidelity,phoneme\random\budget_50\seed_1\split_fidelity.json,phoneme,random,budget_50,seed_1,xgboost,0.11851001769776388,0.0,0.4,0.02091949999157805
split_fidelity,phoneme\random\budget_50\seed_2\split_fidelity.json,phoneme,random,budget_50,seed_2,xgboost,0.2537863395393093,0.0,0.0,0.01852579999831505
split_fidelity,phoneme\tree_region\budget_10\seed_0\split_fidelity.json,phoneme,tree_region,budget_10,seed_0,xgboost,0.005211000037344371,0.0,0.0,0.08512280000013561
split_fidelity,phoneme\tree_region\budget_10\seed_1\split_fidelity.json,phoneme,tree_region,budget_10,seed_1,xgboost,0.24275040531670597,0.0,0.2,0.08978189999925235
split_fidelity,phoneme\tree_region\budget_10\seed_2\split_fidelity.json,phoneme,tree_region,budget_10,seed_2,xgboost,-0.21471106104713586,0.0,0.0,0.06104319999940344
split_fidelity,phoneme\tree_region\budget_100\seed_0\split_fidelity.json,phoneme,tree_region,budget_100,seed_0,xgboost,-0.23844117006572083,0.0,0.0,0.07152099999984785
split_fidelity,phoneme\tree_region\budget_100\seed_1\split_fidelity.json,phoneme,tree_region,budget_100,seed_1,xgboost,0.07269620550732005,0.0,0.0,0.12765409999974509
split_fidelity,phoneme\tree_region\budget_100\seed_2\split_fidelity.json,phoneme,tree_region,budget_100,seed_2,xgboost,0.03336179845227295,0.0,0.0,0.12753840000004857
split_fidelity,phoneme\tree_region\budget_25\seed_0\split_fidelity.json,phoneme,tree_region,budget_25,seed_0,xgboost,-0.1642267280126276,0.0,0.0,0.08365099999991799
split_fidelity,phoneme\tree_region\budget_25\seed_1\split_fidelity.json,phoneme,tree_region,budget_25,seed_1,xgboost,0.17105776071064843,0.0,0.0,0.08541210000021238
split_fidelity,phoneme\tree_region\budget_25\seed_2\split_fidelity.json,phoneme,tree_region,budget_25,seed_2,xgboost,-0.2902796514033518,0.0,0.0,0.05907350000052247
split_fidelity,phoneme\tree_region\budget_50\seed_0\split_fidelity.json,phoneme,tree_region,budget_50,seed_0,xgboost,-0.07940206422736037,0.0,0.0,0.07121149999966292
split_fidelity,phoneme\tree_region\budget_50\seed_1\split_fidelity.json,phoneme,tree_region,budget_50,seed_1,xgboost,0.1015094761539266,0.0,0.0,0.06040149999989808
split_fidelity,phoneme\tree_region\budget_50\seed_2\split_fidelity.json,phoneme,tree_region,budget_50,seed_2,xgboost,-0.175802692001935,0.0,0.0,0.06868719999965833
split_fidelity,qsar_biodeg\distribution_matching\budget_10\seed_0\split_fidelity.json,qsar_biodeg,distribution_matching,budget_10,seed_0,xgboost,-0.12382323352472105,0.0,0.0,0.06509910000022501
split_fidelity,qsar_biodeg\distribution_matching\budget_10\seed_1\split_fidelity.json,qsar_biodeg,distribution_matching,budget_10,seed_1,xgboost,0.056209996082494045,0.0,0.2,0.05798069999946165
split_fidelity,qsar_biodeg\distribution_matching\budget_10\seed_2\split_fidelity.json,qsar_biodeg,distribution_matching,budget_10,seed_2,xgboost,-0.035951736400339177,0.0,0.0,0.07430509999994683
split_fidelity,qsar_biodeg\distribution_matching\budget_100\seed_0\split_fidelity.json,qsar_biodeg,distribution_matching,budget_100,seed_0,xgboost,0.21284792626728108,0.0,0.2,0.11199169999963487
split_fidelity,qsar_biodeg\distribution_matching\budget_100\seed_1\split_fidelity.json,qsar_biodeg,distribution_matching,budget_100,seed_1,xgboost,0.22698104035002425,0.0,0.0,0.08214430000043649
split_fidelity,qsar_biodeg\distribution_matching\budget_100\seed_2\split_fidelity.json,qsar_biodeg,distribution_matching,budget_100,seed_2,xgboost,0.13335591383281395,0.0,0.0,0.0729564000002938
split_fidelity,qsar_biodeg\distribution_matching\budget_25\seed_0\split_fidelity.json,qsar_biodeg,distribution_matching,budget_25,seed_0,xgboost,-0.14026479958944374,0.0,0.0,0.10026430000016262
split_fidelity,qsar_biodeg\distribution_matching\budget_25\seed_1\split_fidelity.json,qsar_biodeg,distribution_matching,budget_25,seed_1,xgboost,0.04394509208758715,0.0,0.0,0.09619089999978314
split_fidelity,qsar_biodeg\distribution_matching\budget_25\seed_2\split_fidelity.json,qsar_biodeg,distribution_matching,budget_25,seed_2,xgboost,0.13229889616329765,0.0,0.0,0.06355880000046454
split_fidelity,qsar_biodeg\distribution_matching\budget_50\seed_0\split_fidelity.json,qsar_biodeg,distribution_matching,budget_50,seed_0,xgboost,0.049736020289408094,0.0,0.0,0.07417699999950855
split_fidelity,qsar_biodeg\distribution_matching\budget_50\seed_1\split_fidelity.json,qsar_biodeg,distribution_matching,budget_50,seed_1,xgboost,0.19072984742349972,0.0,0.0,0.07776600000033795
split_fidelity,qsar_biodeg\distribution_matching\budget_50\seed_2\split_fidelity.json,qsar_biodeg,distribution_matching,budget_50,seed_2,xgboost,0.1674787247614978,0.0,0.0,0.060173699999722885
split_fidelity,qsar_biodeg\full_data\budget_10\seed_0\split_fidelity.json,qsar_biodeg,full_data,budget_10,seed_0,xgboost,0.9999999999999998,1.0,1.0,0.14756469999974797
split_fidelity,qsar_biodeg\full_data\budget_10\seed_1\split_fidelity.json,qsar_biodeg,full_data,budget_10,seed_1,xgboost,0.9160636155288561,0.0,0.6,0.15067890000045736
split_fidelity,qsar_biodeg\full_data\budget_10\seed_2\split_fidelity.json,qsar_biodeg,full_data,budget_10,seed_2,xgboost,0.8607167050535156,1.0,0.8,0.25459589999991294
split_fidelity,qsar_biodeg\full_data\budget_100\seed_0\split_fidelity.json,qsar_biodeg,full_data,budget_100,seed_0,xgboost,0.9999999999999998,1.0,1.0,0.2468207000001712
split_fidelity,qsar_biodeg\full_data\budget_100\seed_1\split_fidelity.json,qsar_biodeg,full_data,budget_100,seed_1,xgboost,0.9160636155288561,0.0,0.6,0.13835710000057588
split_fidelity,qsar_biodeg\full_data\budget_100\seed_2\split_fidelity.json,qsar_biodeg,full_data,budget_100,seed_2,xgboost,0.8607167050535156,1.0,0.8,0.13048149999940506
split_fidelity,qsar_biodeg\full_data\budget_25\seed_0\split_fidelity.json,qsar_biodeg,full_data,budget_25,seed_0,xgboost,0.9999999999999998,1.0,1.0,0.241904099999374
split_fidelity,qsar_biodeg\full_data\budget_25\seed_1\split_fidelity.json,qsar_biodeg,full_data,budget_25,seed_1,xgboost,0.9160636155288561,0.0,0.6,0.28868430000056833
split_fidelity,qsar_biodeg\full_data\budget_25\seed_2\split_fidelity.json,qsar_biodeg,full_data,budget_25,seed_2,xgboost,0.8607167050535156,1.0,0.8,0.13862260000041715
split_fidelity,qsar_biodeg\full_data\budget_50\seed_0\split_fidelity.json,qsar_biodeg,full_data,budget_50,seed_0,xgboost,0.9999999999999998,1.0,1.0,0.13306550000015704
split_fidelity,qsar_biodeg\full_data\budget_50\seed_1\split_fidelity.json,qsar_biodeg,full_data,budget_50,seed_1,xgboost,0.9160636155288561,0.0,0.6,0.15483659999972588
split_fidelity,qsar_biodeg\full_data\budget_50\seed_2\split_fidelity.json,qsar_biodeg,full_data,budget_50,seed_2,xgboost,0.8607167050535156,1.0,0.8,0.13469050000003335
split_fidelity,qsar_biodeg\gaindistill\budget_10\seed_0\split_fidelity.json,qsar_biodeg,gaindistill,budget_10,seed_0,xgboost,-0.02861429741315646,0.0,0.0,0.05822939999961818
split_fidelity,qsar_biodeg\gaindistill\budget_10\seed_1\split_fidelity.json,qsar_biodeg,gaindistill,budget_10,seed_1,xgboost,0.22995965632152604,0.0,0.2,0.048686199999792734
split_fidelity,qsar_biodeg\gaindistill\budget_10\seed_2\split_fidelity.json,qsar_biodeg,gaindistill,budget_10,seed_2,xgboost,0.003872445930957081,1.0,0.2,0.04932870000084222
split_fidelity,qsar_biodeg\gaindistill\budget_100\seed_0\split_fidelity.json,qsar_biodeg,gaindistill,budget_100,seed_0,xgboost,0.02302916095109136,0.0,0.0,0.06966700000066339
split_fidelity,qsar_biodeg\gaindistill\budget_100\seed_1\split_fidelity.json,qsar_biodeg,gaindistill,budget_100,seed_1,xgboost,0.05704883124588003,1.0,0.2,0.05296679999992193
split_fidelity,qsar_biodeg\gaindistill\budget_100\seed_2\split_fidelity.json,qsar_biodeg,gaindistill,budget_100,seed_2,xgboost,-0.016920656453388624,0.0,0.2,0.05705780000062077
split_fidelity,qsar_biodeg\gaindistill\budget_25\seed_0\split_fidelity.json,qsar_biodeg,gaindistill,budget_25,seed_0,xgboost,-0.18602901812801118,0.0,0.2,0.045088400000167894
split_fidelity,qsar_biodeg\gaindistill\budget_25\seed_1\split_fidelity.json,qsar_biodeg,gaindistill,budget_25,seed_1,xgboost,-0.057511626191963094,1.0,0.2,0.07220580000011978
split_fidelity,qsar_biodeg\gaindistill\budget_25\seed_2\split_fidelity.json,qsar_biodeg,gaindistill,budget_25,seed_2,xgboost,0.051510471591393305,0.0,0.2,0.0970735999999306
split_fidelity,qsar_biodeg\gaindistill\budget_50\seed_0\split_fidelity.json,qsar_biodeg,gaindistill,budget_50,seed_0,xgboost,-0.16947910960627904,0.0,0.0,0.11049559999992198
split_fidelity,qsar_biodeg\gaindistill\budget_50\seed_1\split_fidelity.json,qsar_biodeg,gaindistill,budget_50,seed_1,xgboost,0.19645341215183884,1.0,0.2,0.056807999999364256
split_fidelity,qsar_biodeg\gaindistill\budget_50\seed_2\split_fidelity.json,qsar_biodeg,gaindistill,budget_50,seed_2,xgboost,-0.26887640981897093,0.0,0.2,0.0640824000001885
split_fidelity,qsar_biodeg\gaindistill_hybrid\budget_10\seed_0\split_fidelity.json,qsar_biodeg,gaindistill_hybrid,budget_10,seed_0,xgboost,0.11507121057403685,0.0,0.0,0.038013499999578926
split_fidelity,qsar_biodeg\gaindistill_hybrid\budget_10\seed_1\split_fidelity.json,qsar_biodeg,gaindistill_hybrid,budget_10,seed_1,xgboost,0.17683745454586036,0.0,0.2,0.03974989999915124
split_fidelity,qsar_biodeg\gaindistill_hybrid\budget_10\seed_2\split_fidelity.json,qsar_biodeg,gaindistill_hybrid,budget_10,seed_2,xgboost,-0.08405199987289481,0.0,0.0,0.040176500000598026
split_fidelity,qsar_biodeg\gaindistill_hybrid\budget_100\seed_0\split_fidelity.json,qsar_biodeg,gaindistill_hybrid,budget_100,seed_0,xgboost,0.6461382488479261,0.0,0.6,0.11228090000076918
split_fidelity,qsar_biodeg\gaindistill_hybrid\budget_100\seed_1\split_fidelity.json,qsar_biodeg,gaindistill_hybrid,budget_100,seed_1,xgboost,0.6909507604694769,0.0,0.6,0.12632699999994657
split_fidelity,qsar_biodeg\gaindistill_hybrid\budget_100\seed_2\split_fidelity.json,qsar_biodeg,gaindistill_hybrid,budget_100,seed_2,xgboost,0.668595041322314,0.0,0.6,0.1222407999994175
split_fidelity,qsar_biodeg\gaindistill_hybrid\budget_25\seed_0\split_fidelity.json,qsar_biodeg,gaindistill_hybrid,budget_25,seed_0,xgboost,0.37027490355979964,0.0,0.0,0.06389069999931962
split_fidelity,qsar_biodeg\gaindistill_hybrid\budget_25\seed_1\split_fidelity.json,qsar_biodeg,gaindistill_hybrid,budget_25,seed_1,xgboost,0.32507157784951196,0.0,0.0,0.04546659999869007
split_fidelity,qsar_biodeg\gaindistill_hybrid\budget_25\seed_2\split_fidelity.json,qsar_biodeg,gaindistill_hybrid,budget_25,seed_2,xgboost,0.30404305735127923,0.0,0.0,0.06024510000133887
split_fidelity,qsar_biodeg\gaindistill_hybrid\budget_50\seed_0\split_fidelity.json,qsar_biodeg,gaindistill_hybrid,budget_50,seed_0,xgboost,0.5276682027649768,0.0,0.4,0.08243399999992107
split_fidelity,qsar_biodeg\gaindistill_hybrid\budget_50\seed_1\split_fidelity.json,qsar_biodeg,gaindistill_hybrid,budget_50,seed_1,xgboost,0.4948095263732827,0.0,0.0,0.07836049999968964
split_fidelity,qsar_biodeg\gaindistill_hybrid\budget_50\seed_2\split_fidelity.json,qsar_biodeg,gaindistill_hybrid,budget_50,seed_2,xgboost,0.4069618173774101,1.0,0.6,0.06941060000099242
split_fidelity,qsar_biodeg\gaindistill_path_hybrid\budget_10\seed_0\split_fidelity.json,qsar_biodeg,gaindistill_path_hybrid,budget_10,seed_0,xgboost,0.11334644793303547,0.0,0.0,0.03288620000057563
split_fidelity,qsar_biodeg\gaindistill_path_hybrid\budget_10\seed_1\split_fidelity.json,qsar_biodeg,gaindistill_path_hybrid,budget_10,seed_1,xgboost,0.2062337232933191,0.0,0.0,0.032047000000602566
split_fidelity,qsar_biodeg\gaindistill_path_hybrid\budget_10\seed_2\split_fidelity.json,qsar_biodeg,gaindistill_path_hybrid,budget_10,seed_2,xgboost,0.010375560335850022,0.0,0.0,0.03244769999946584
split_fidelity,qsar_biodeg\gaindistill_path_hybrid\budget_100\seed_0\split_fidelity.json,qsar_biodeg,gaindistill_path_hybrid,budget_100,seed_0,xgboost,0.6754961597542241,0.0,0.4,0.0942683000012039
split_fidelity,qsar_biodeg\gaindistill_path_hybrid\budget_100\seed_1\split_fidelity.json,qsar_biodeg,gaindistill_path_hybrid,budget_100,seed_1,xgboost,0.6787971386901868,1.0,0.4,0.09934090000024298
split_fidelity,qsar_biodeg\gaindistill_path_hybrid\budget_100\seed_2\split_fidelity.json,qsar_biodeg,gaindistill_path_hybrid,budget_100,seed_2,xgboost,0.7107844465519576,0.0,0.6,0.10590370000136318
split_fidelity,qsar_biodeg\gaindistill_path_hybrid\budget_25\seed_0\split_fidelity.json,qsar_biodeg,gaindistill_path_hybrid,budget_25,seed_0,xgboost,0.35959944150129824,0.0,0.0,0.04470059999948717
split_fidelity,qsar_biodeg\gaindistill_path_hybrid\budget_25\seed_1\split_fidelity.json,qsar_biodeg,gaindistill_path_hybrid,budget_25,seed_1,xgboost,0.33924767133366146,0.0,0.0,0.04304020000017772
split_fidelity,qsar_biodeg\gaindistill_path_hybrid\budget_25\seed_2\split_fidelity.json,qsar_biodeg,gaindistill_path_hybrid,budget_25,seed_2,xgboost,0.33382167482017466,0.0,0.0,0.04713679999986198
split_fidelity,qsar_biodeg\gaindistill_path_hybrid\budget_50\seed_0\split_fidelity.json,qsar_biodeg,gaindistill_path_hybrid,budget_50,seed_0,xgboost,0.36115514592933945,1.0,0.4,0.05918959999871731
split_fidelity,qsar_biodeg\gaindistill_path_hybrid\budget_50\seed_1\split_fidelity.json,qsar_biodeg,gaindistill_path_hybrid,budget_50,seed_1,xgboost,0.5309588546419074,1.0,0.6,0.05685610000000452
split_fidelity,qsar_biodeg\gaindistill_path_hybrid\budget_50\seed_2\split_fidelity.json,qsar_biodeg,gaindistill_path_hybrid,budget_50,seed_2,xgboost,0.47068825362417005,0.0,0.4,0.06795969999984663
split_fidelity,qsar_biodeg\gain_herding\budget_10\seed_0\split_fidelity.json,qsar_biodeg,gain_herding,budget_10,seed_0,xgboost,0.12834802761877498,0.0,0.0,0.03892420000011043
split_fidelity,qsar_biodeg\gain_herding\budget_10\seed_1\split_fidelity.json,qsar_biodeg,gain_herding,budget_10,seed_1,xgboost,0.07608361658813789,0.0,0.0,0.03395300000011048
split_fidelity,qsar_biodeg\gain_herding\budget_10\seed_2\split_fidelity.json,qsar_biodeg,gain_herding,budget_10,seed_2,xgboost,-0.08218116503701427,0.0,0.0,0.034798000000591855
split_fidelity,qsar_biodeg\gain_herding\budget_100\seed_0\split_fidelity.json,qsar_biodeg,gain_herding,budget_100,seed_0,xgboost,0.6696159754224269,0.0,0.6,0.07545329999993555
split_fidelity,qsar_biodeg\gain_herding\budget_100\seed_1\split_fidelity.json,qsar_biodeg,gain_herding,budget_100,seed_1,xgboost,0.6963400236127508,1.0,0.4,0.08366360000036366
split_fidelity,qsar_biodeg\gain_herding\budget_100\seed_2\split_fidelity.json,qsar_biodeg,gain_herding,budget_100,seed_2,xgboost,0.6417016664408616,0.0,0.6,0.08460399999967194
split_fidelity,qsar_biodeg\gain_herding\budget_25\seed_0\split_fidelity.json,qsar_biodeg,gain_herding,budget_25,seed_0,xgboost,0.3838480350278779,0.0,0.0,0.027895599996554665
split_fidelity,qsar_biodeg\gain_herding\budget_25\seed_1\split_fidelity.json,qsar_biodeg,gain_herding,budget_25,seed_1,xgboost,0.30270840901057183,0.0,0.0,0.02814819999912288
split_fidelity,qsar_biodeg\gain_herding\budget_25\seed_2\split_fidelity.json,qsar_biodeg,gain_herding,budget_25,seed_2,xgboost,0.34006418681004236,0.0,0.0,0.025959000005968846
split_fidelity,qsar_biodeg\gain_herding\budget_50\seed_0\split_fidelity.json,qsar_biodeg,gain_herding,budget_50,seed_0,xgboost,0.49051920122887854,0.0,0.4,0.04206529998918995
split_fidelity,qsar_biodeg\gain_herding\budget_50\seed_1\split_fidelity.json,qsar_biodeg,gain_herding,budget_50,seed_1,xgboost,0.5050810908422969,0.0,0.2,0.038664499996230006
split_fidelity,qsar_biodeg\gain_herding\budget_50\seed_2\split_fidelity.json,qsar_biodeg,gain_herding,budget_50,seed_2,xgboost,0.37044225187264335,0.0,0.6,0.034336299999267794
split_fidelity,qsar_biodeg\gain_path_herding\budget_10\seed_0\split_fidelity.json,qsar_biodeg,gain_path_herding,budget_10,seed_0,xgboost,0.08320719774508206,0.0,0.0,0.024977200000648736
split_fidelity,qsar_biodeg\gain_path_herding\budget_10\seed_1\split_fidelity.json,qsar_biodeg,gain_path_herding,budget_10,seed_1,xgboost,0.18070133376631334,0.0,0.0,0.025359999999636784
split_fidelity,qsar_biodeg\gain_path_herding\budget_10\seed_2\split_fidelity.json,qsar_biodeg,gain_path_herding,budget_10,seed_2,xgboost,0.12702940928832848,0.0,0.0,0.028491000000940403
split_fidelity,qsar_biodeg\gain_path_herding\budget_100\seed_0\split_fidelity.json,qsar_biodeg,gain_path_herding,budget_100,seed_0,xgboost,0.7020890937019969,0.0,0.6,0.06510250000064843
split_fidelity,qsar_biodeg\gain_path_herding\budget_100\seed_1\split_fidelity.json,qsar_biodeg,gain_path_herding,budget_100,seed_1,xgboost,0.6557885964303076,0.0,0.6,0.06792529999984254
split_fidelity,qsar_biodeg\gain_path_herding\budget_100\seed_2\split_fidelity.json,qsar_biodeg,gain_path_herding,budget_100,seed_2,xgboost,0.7073770491803276,0.0,0.4,0.0629399999997986
split_fidelity,qsar_biodeg\gain_path_herding\budget_25\seed_0\split_fidelity.json,qsar_biodeg,gain_path_herding,budget_25,seed_0,xgboost,0.38919124845691055,0.0,0.0,0.028001500002574176
split_fidelity,qsar_biodeg\gain_path_herding\budget_25\seed_1\split_fidelity.json,qsar_biodeg,gain_path_herding,budget_25,seed_1,xgboost,0.3654862878771251,0.0,0.0,0.026976299996022135
split_fidelity,qsar_biodeg\gain_path_herding\budget_25\seed_2\split_fidelity.json,qsar_biodeg,gain_path_herding,budget_25,seed_2,xgboost,0.35463344925036394,0.0,0.0,0.027004200004739687
split_fidelity,qsar_biodeg\gain_path_herding\budget_50\seed_0\split_fidelity.json,qsar_biodeg,gain_path_herding,budget_50,seed_0,xgboost,0.4146973886328724,0.0,0.4,0.03351890000340063
split_fidelity,qsar_biodeg\gain_path_herding\budget_50\seed_1\split_fidelity.json,qsar_biodeg,gain_path_herding,budget_50,seed_1,xgboost,0.47303101962581046,1.0,0.4,0.037849000000278465
split_fidelity,qsar_biodeg\gain_path_herding\budget_50\seed_2\split_fidelity.json,qsar_biodeg,gain_path_herding,budget_50,seed_2,xgboost,0.45813575396287753,0.0,0.2,0.03527380000741687
split_fidelity,qsar_biodeg\gain_path_refined\budget_25\seed_0\split_fidelity.json,qsar_biodeg,gain_path_refined,budget_25,seed_0,xgboost,0.35615238923757353,0.0,0.4,0.024611500004539266
split_fidelity,qsar_biodeg\gain_path_refined\budget_25\seed_1\split_fidelity.json,qsar_biodeg,gain_path_refined,budget_25,seed_1,xgboost,0.3810869846394107,0.0,0.0,0.024658499998622574
split_fidelity,qsar_biodeg\gain_path_refined\budget_25\seed_2\split_fidelity.json,qsar_biodeg,gain_path_refined,budget_25,seed_2,xgboost,0.41884742280881104,0.0,0.0,0.027873600003658794
split_fidelity,qsar_biodeg\gain_path_refined\budget_50\seed_0\split_fidelity.json,qsar_biodeg,gain_path_refined,budget_50,seed_0,xgboost,0.5159401411395811,0.0,0.2,0.03468409999914002
split_fidelity,qsar_biodeg\gain_path_refined\budget_50\seed_1\split_fidelity.json,qsar_biodeg,gain_path_refined,budget_50,seed_1,xgboost,0.5008125564275295,1.0,0.4,0.031053099999553524
split_fidelity,qsar_biodeg\gain_path_refined\budget_50\seed_2\split_fidelity.json,qsar_biodeg,gain_path_refined,budget_50,seed_2,xgboost,0.5178363365397641,0.0,0.4,0.03202389999933075
split_fidelity,qsar_biodeg\gain_path_safeguarded\budget_25\seed_0\split_fidelity.json,qsar_biodeg,gain_path_safeguarded,budget_25,seed_0,xgboost,0.38919124845691055,0.0,0.0,0.027548800004296936
split_fidelity,qsar_biodeg\gain_path_safeguarded\budget_25\seed_1\split_fidelity.json,qsar_biodeg,gain_path_safeguarded,budget_25,seed_1,xgboost,0.3654862878771251,0.0,0.0,0.02767570001014974
split_fidelity,qsar_biodeg\gain_path_safeguarded\budget_25\seed_2\split_fidelity.json,qsar_biodeg,gain_path_safeguarded,budget_25,seed_2,xgboost,0.35463344925036394,0.0,0.0,0.028950000007171184
split_fidelity,qsar_biodeg\gain_path_safeguarded\budget_50\seed_0\split_fidelity.json,qsar_biodeg,gain_path_safeguarded,budget_50,seed_0,xgboost,0.5159401411395811,0.0,0.2,0.034462199997506104
split_fidelity,qsar_biodeg\gain_path_safeguarded\budget_50\seed_1\split_fidelity.json,qsar_biodeg,gain_path_safeguarded,budget_50,seed_1,xgboost,0.5008125564275295,1.0,0.4,0.0381554000050528
split_fidelity,qsar_biodeg\gain_path_safeguarded\budget_50\seed_2\split_fidelity.json,qsar_biodeg,gain_path_safeguarded,budget_50,seed_2,xgboost,0.5178363365397641,0.0,0.4,0.03706650000822265
split_fidelity,qsar_biodeg\gain_weighted_coreset\budget_10\seed_0\split_fidelity.json,qsar_biodeg,gain_weighted_coreset,budget_10,seed_0,xgboost,0.11507121057403685,0.0,0.0,0.04397220000100788
split_fidelity,qsar_biodeg\gain_weighted_coreset\budget_10\seed_1\split_fidelity.json,qsar_biodeg,gain_weighted_coreset,budget_10,seed_1,xgboost,0.17683745454586036,0.0,0.2,0.03883260000111477
split_fidelity,qsar_biodeg\gain_weighted_coreset\budget_10\seed_2\split_fidelity.json,qsar_biodeg,gain_weighted_coreset,budget_10,seed_2,xgboost,-0.08405199987289481,0.0,0.0,0.0405559999999241
split_fidelity,qsar_biodeg\gain_weighted_coreset\budget_100\seed_0\split_fidelity.json,qsar_biodeg,gain_weighted_coreset,budget_100,seed_0,xgboost,0.6461382488479261,0.0,0.6,0.11496549999901617
split_fidelity,qsar_biodeg\gain_weighted_coreset\budget_100\seed_1\split_fidelity.json,qsar_biodeg,gain_weighted_coreset,budget_100,seed_1,xgboost,0.6909507604694769,0.0,0.6,0.1178981000011845
split_fidelity,qsar_biodeg\gain_weighted_coreset\budget_100\seed_2\split_fidelity.json,qsar_biodeg,gain_weighted_coreset,budget_100,seed_2,xgboost,0.668595041322314,0.0,0.6,0.1128604000004998
split_fidelity,qsar_biodeg\gain_weighted_coreset\budget_25\seed_0\split_fidelity.json,qsar_biodeg,gain_weighted_coreset,budget_25,seed_0,xgboost,0.37027490355979964,0.0,0.0,0.16419459999997343
split_fidelity,qsar_biodeg\gain_weighted_coreset\budget_25\seed_1\split_fidelity.json,qsar_biodeg,gain_weighted_coreset,budget_25,seed_1,xgboost,0.32507157784951196,0.0,0.0,0.055903200000102515
split_fidelity,qsar_biodeg\gain_weighted_coreset\budget_25\seed_2\split_fidelity.json,qsar_biodeg,gain_weighted_coreset,budget_25,seed_2,xgboost,0.30404305735127923,0.0,0.0,0.050718399999823305
split_fidelity,qsar_biodeg\gain_weighted_coreset\budget_50\seed_0\split_fidelity.json,qsar_biodeg,gain_weighted_coreset,budget_50,seed_0,xgboost,0.5276682027649768,0.0,0.4,0.07391000000097847
split_fidelity,qsar_biodeg\gain_weighted_coreset\budget_50\seed_1\split_fidelity.json,qsar_biodeg,gain_weighted_coreset,budget_50,seed_1,xgboost,0.4948095263732827,0.0,0.0,0.08212210000056075
split_fidelity,qsar_biodeg\gain_weighted_coreset\budget_50\seed_2\split_fidelity.json,qsar_biodeg,gain_weighted_coreset,budget_50,seed_2,xgboost,0.4069618173774101,1.0,0.6,0.08190660000036587
split_fidelity,qsar_biodeg\gradient_sampling\budget_10\seed_0\split_fidelity.json,qsar_biodeg,gradient_sampling,budget_10,seed_0,xgboost,-0.30111642084080426,0.0,0.0,0.11025770000014745
split_fidelity,qsar_biodeg\gradient_sampling\budget_10\seed_1\split_fidelity.json,qsar_biodeg,gradient_sampling,budget_10,seed_1,xgboost,-0.3209490418759969,0.0,0.0,0.07882700000027398
split_fidelity,qsar_biodeg\gradient_sampling\budget_10\seed_2\split_fidelity.json,qsar_biodeg,gradient_sampling,budget_10,seed_2,xgboost,-0.27868234454381396,0.0,0.0,0.05873609999980545
split_fidelity,qsar_biodeg\gradient_sampling\budget_100\seed_0\split_fidelity.json,qsar_biodeg,gradient_sampling,budget_100,seed_0,xgboost,0.5011443967593443,0.0,0.2,0.10788769999999204
split_fidelity,qsar_biodeg\gradient_sampling\budget_100\seed_1\split_fidelity.json,qsar_biodeg,gradient_sampling,budget_100,seed_1,xgboost,0.6162030770809142,0.0,0.0,0.09774689999994735
split_fidelity,qsar_biodeg\gradient_sampling\budget_100\seed_2\split_fidelity.json,qsar_biodeg,gradient_sampling,budget_100,seed_2,xgboost,0.5720498802010389,0.0,0.2,0.11371330000019952
split_fidelity,qsar_biodeg\gradient_sampling\budget_25\seed_0\split_fidelity.json,qsar_biodeg,gradient_sampling,budget_25,seed_0,xgboost,-0.3027812339128183,0.0,0.0,0.07907559999966907
split_fidelity,qsar_biodeg\gradient_sampling\budget_25\seed_1\split_fidelity.json,qsar_biodeg,gradient_sampling,budget_25,seed_1,xgboost,-0.1656943180396528,0.0,0.2,0.06619879999925615
split_fidelity,qsar_biodeg\gradient_sampling\budget_25\seed_2\split_fidelity.json,qsar_biodeg,gradient_sampling,budget_25,seed_2,xgboost,0.008211403334432456,0.0,0.0,0.08380850000048667
split_fidelity,qsar_biodeg\gradient_sampling\budget_50\seed_0\split_fidelity.json,qsar_biodeg,gradient_sampling,budget_50,seed_0,xgboost,0.09917832714411023,0.0,0.2,0.07441629999993893
split_fidelity,qsar_biodeg\gradient_sampling\budget_50\seed_1\split_fidelity.json,qsar_biodeg,gradient_sampling,budget_50,seed_1,xgboost,0.26242926589154203,0.0,0.0,0.12236329999996087
split_fidelity,qsar_biodeg\gradient_sampling\budget_50\seed_2\split_fidelity.json,qsar_biodeg,gradient_sampling,budget_50,seed_2,xgboost,0.17779343515422272,0.0,0.0,0.10994620000019495
split_fidelity,qsar_biodeg\herding\budget_10\seed_0\split_fidelity.json,qsar_biodeg,herding,budget_10,seed_0,xgboost,-0.1312556374965236,0.0,0.0,0.05270149999978457
split_fidelity,qsar_biodeg\herding\budget_10\seed_1\split_fidelity.json,qsar_biodeg,herding,budget_10,seed_1,xgboost,0.0035152414225053095,0.0,0.0,0.05134150000048976
split_fidelity,qsar_biodeg\herding\budget_10\seed_2\split_fidelity.json,qsar_biodeg,herding,budget_10,seed_2,xgboost,-0.12132298462332876,0.0,0.0,0.07931059999918944
split_fidelity,qsar_biodeg\herding\budget_100\seed_0\split_fidelity.json,qsar_biodeg,herding,budget_100,seed_0,xgboost,0.5786113671274961,0.0,0.4,0.13255750000007538
split_fidelity,qsar_biodeg\herding\budget_100\seed_1\split_fidelity.json,qsar_biodeg,herding,budget_100,seed_1,xgboost,0.5513716230293769,0.0,0.4,0.09693969999989349
split_fidelity,qsar_biodeg\herding\budget_100\seed_2\split_fidelity.json,qsar_biodeg,herding,budget_100,seed_2,xgboost,0.5063245263598345,0.0,0.4,0.08103400000072725
split_fidelity,qsar_biodeg\herding\budget_25\seed_0\split_fidelity.json,qsar_biodeg,herding,budget_25,seed_0,xgboost,0.08615990724437496,0.0,0.0,0.024762000000919215
split_fidelity,qsar_biodeg\herding\budget_25\seed_1\split_fidelity.json,qsar_biodeg,herding,budget_25,seed_1,xgboost,0.06776105275258096,0.0,0.2,0.025713299997732975
split_fidelity,qsar_biodeg\herding\budget_25\seed_2\split_fidelity.json,qsar_biodeg,herding,budget_25,seed_2,xgboost,0.02098565583705588,0.0,0.0,0.024430100005702116
split_fidelity,qsar_biodeg\herding\budget_50\seed_0\split_fidelity.json,qsar_biodeg,herding,budget_50,seed_0,xgboost,0.30559988940908595,0.0,0.2,0.03818059999321122
split_fidelity,qsar_biodeg\herding\budget_50\seed_1\split_fidelity.json,qsar_biodeg,herding,budget_50,seed_1,xgboost,0.20245577730161274,0.0,0.2,0.038420999990194105
split_fidelity,qsar_biodeg\herding\budget_50\seed_2\split_fidelity.json,qsar_biodeg,herding,budget_50,seed_2,xgboost,0.18338710665724525,0.0,0.2,0.04050740000093356
split_fidelity,qsar_biodeg\k_center\budget_10\seed_0\split_fidelity.json,qsar_biodeg,k_center,budget_10,seed_0,xgboost,0.14821131097215004,0.0,0.0,0.05537269999967975
split_fidelity,qsar_biodeg\k_center\budget_10\seed_1\split_fidelity.json,qsar_biodeg,k_center,budget_10,seed_1,xgboost,0.3417058400289169,0.0,0.2,0.04891039999984059
split_fidelity,qsar_biodeg\k_center\budget_10\seed_2\split_fidelity.json,qsar_biodeg,k_center,budget_10,seed_2,xgboost,0.07155838091791555,0.0,0.0,0.05075300000044081
split_fidelity,qsar_biodeg\k_center\budget_100\seed_0\split_fidelity.json,qsar_biodeg,k_center,budget_100,seed_0,xgboost,0.3959821750882937,0.0,0.4,0.0893607999996675
split_fidelity,qsar_biodeg\k_center\budget_100\seed_1\split_fidelity.json,qsar_biodeg,k_center,budget_100,seed_1,xgboost,0.4167858879088825,0.0,0.6,0.09356939999997849
split_fidelity,qsar_biodeg\k_center\budget_100\seed_2\split_fidelity.json,qsar_biodeg,k_center,budget_100,seed_2,xgboost,0.575457255114483,1.0,0.2,0.08678449999933946
split_fidelity,qsar_biodeg\k_center\budget_25\seed_0\split_fidelity.json,qsar_biodeg,k_center,budget_25,seed_0,xgboost,0.3537356238475221,0.0,0.2,0.06267719999959809
split_fidelity,qsar_biodeg\k_center\budget_25\seed_1\split_fidelity.json,qsar_biodeg,k_center,budget_25,seed_1,xgboost,0.5081760570259856,0.0,0.6,0.05557209999915358
split_fidelity,qsar_biodeg\k_center\budget_25\seed_2\split_fidelity.json,qsar_biodeg,k_center,budget_25,seed_2,xgboost,0.25145773956933315,0.0,0.6,0.06245870000020659
split_fidelity,qsar_biodeg\k_center\budget_50\seed_0\split_fidelity.json,qsar_biodeg,k_center,budget_50,seed_0,xgboost,0.2923265509278033,0.0,0.0,0.0678872999997111
split_fidelity,qsar_biodeg\k_center\budget_50\seed_1\split_fidelity.json,qsar_biodeg,k_center,budget_50,seed_1,xgboost,0.3064980432619467,0.0,0.0,0.12194760000056704
split_fidelity,qsar_biodeg\k_center\budget_50\seed_2\split_fidelity.json,qsar_biodeg,k_center,budget_50,seed_2,xgboost,0.4008921585585878,0.0,0.6,0.09809780000068713
split_fidelity,qsar_biodeg\random\budget_10\seed_0\split_fidelity.json,qsar_biodeg,random,budget_10,seed_0,xgboost,-0.07887793252091885,0.0,0.0,0.07553700000062236
split_fidelity,qsar_biodeg\random\budget_10\seed_1\split_fidelity.json,qsar_biodeg,random,budget_10,seed_1,xgboost,0.013252704619722689,0.0,0.0,0.05274869999993825
split_fidelity,qsar_biodeg\random\budget_10\seed_2\split_fidelity.json,qsar_biodeg,random,budget_10,seed_2,xgboost,-0.18178308338360705,0.0,0.0,0.0676460999993651
split_fidelity,qsar_biodeg\random\budget_100\seed_0\split_fidelity.json,qsar_biodeg,random,budget_100,seed_0,xgboost,0.4677419354838709,0.0,0.4,0.13116749999971944
split_fidelity,qsar_biodeg\random\budget_100\seed_1\split_fidelity.json,qsar_biodeg,random,budget_100,seed_1,xgboost,0.6053545385096186,1.0,0.4,0.08438440000008995
split_fidelity,qsar_biodeg\random\budget_100\seed_2\split_fidelity.json,qsar_biodeg,random,budget_100,seed_2,xgboost,0.472808562525403,0.0,0.0,0.09090399999968213
split_fidelity,qsar_biodeg\random\budget_25\seed_0\split_fidelity.json,qsar_biodeg,random,budget_25,seed_0,xgboost,0.007180197786024939,0.0,0.0,0.029475799994543195
split_fidelity,qsar_biodeg\random\budget_25\seed_1\split_fidelity.json,qsar_biodeg,random,budget_25,seed_1,xgboost,0.12225394016746279,0.0,0.0,0.03285200000391342
split_fidelity,qsar_biodeg\random\budget_25\seed_2\split_fidelity.json,qsar_biodeg,random,budget_25,seed_2,xgboost,0.0872362051860625,0.0,0.0,0.030499899992719293
split_fidelity,qsar_biodeg\random\budget_50\seed_0\split_fidelity.json,qsar_biodeg,random,budget_50,seed_0,xgboost,0.23300368360759474,0.0,0.2,0.038344900007359684
split_fidelity,qsar_biodeg\random\budget_50\seed_1\split_fidelity.json,qsar_biodeg,random,budget_50,seed_1,xgboost,0.37228756263701995,1.0,0.4,0.03126920000067912
split_fidelity,qsar_biodeg\random\budget_50\seed_2\split_fidelity.json,qsar_biodeg,random,budget_50,seed_2,xgboost,0.18435171385991053,0.0,0.2,0.024409599995124154
split_fidelity,qsar_biodeg\tree_region\budget_10\seed_0\split_fidelity.json,qsar_biodeg,tree_region,budget_10,seed_0,xgboost,-0.30111642084080426,0.0,0.0,0.044954199999665434
split_fidelity,qsar_biodeg\tree_region\budget_10\seed_1\split_fidelity.json,qsar_biodeg,tree_region,budget_10,seed_1,xgboost,-0.3209490418759969,0.0,0.0,0.048010699999395
split_fidelity,qsar_biodeg\tree_region\budget_10\seed_2\split_fidelity.json,qsar_biodeg,tree_region,budget_10,seed_2,xgboost,-0.27868234454381396,0.0,0.0,0.036027000000103726
split_fidelity,qsar_biodeg\tree_region\budget_100\seed_0\split_fidelity.json,qsar_biodeg,tree_region,budget_100,seed_0,xgboost,0.5011443967593443,0.0,0.2,0.10426089999964461
split_fidelity,qsar_biodeg\tree_region\budget_100\seed_1\split_fidelity.json,qsar_biodeg,tree_region,budget_100,seed_1,xgboost,0.6162030770809142,0.0,0.0,0.07832980000057432
split_fidelity,qsar_biodeg\tree_region\budget_100\seed_2\split_fidelity.json,qsar_biodeg,tree_region,budget_100,seed_2,xgboost,0.5720498802010389,0.0,0.2,0.08503510000082315
split_fidelity,qsar_biodeg\tree_region\budget_25\seed_0\split_fidelity.json,qsar_biodeg,tree_region,budget_25,seed_0,xgboost,-0.3027812339128183,0.0,0.0,0.049116899999717134
split_fidelity,qsar_biodeg\tree_region\budget_25\seed_1\split_fidelity.json,qsar_biodeg,tree_region,budget_25,seed_1,xgboost,-0.1656943180396528,0.0,0.2,0.051289499999256805
split_fidelity,qsar_biodeg\tree_region\budget_25\seed_2\split_fidelity.json,qsar_biodeg,tree_region,budget_25,seed_2,xgboost,0.008211403334432456,0.0,0.0,0.05227389999981824
split_fidelity,qsar_biodeg\tree_region\budget_50\seed_0\split_fidelity.json,qsar_biodeg,tree_region,budget_50,seed_0,xgboost,0.09917832714411023,0.0,0.2,0.06840889999966748
split_fidelity,qsar_biodeg\tree_region\budget_50\seed_1\split_fidelity.json,qsar_biodeg,tree_region,budget_50,seed_1,xgboost,0.26242926589154203,0.0,0.0,0.07258609999917098
split_fidelity,qsar_biodeg\tree_region\budget_50\seed_2\split_fidelity.json,qsar_biodeg,tree_region,budget_50,seed_2,xgboost,0.17779343515422272,0.0,0.0,0.10961540000062087
split_fidelity,sick\distribution_matching\budget_10\seed_0\split_fidelity.json,sick,distribution_matching,budget_10,seed_0,xgboost,0.1349237945644797,0.0,0.0,0.01727960000062012
split_fidelity,sick\distribution_matching\budget_10\seed_1\split_fidelity.json,sick,distribution_matching,budget_10,seed_1,xgboost,0.1522588115057806,0.0,0.0,0.020651099999668077
split_fidelity,sick\distribution_matching\budget_10\seed_2\split_fidelity.json,sick,distribution_matching,budget_10,seed_2,xgboost,-0.0579510620976243,0.0,0.0,0.018853499999750056
split_fidelity,sick\distribution_matching\budget_100\seed_0\split_fidelity.json,sick,distribution_matching,budget_100,seed_0,xgboost,0.14911292455874095,0.0,0.2,0.031764299999849754
split_fidelity,sick\distribution_matching\budget_100\seed_1\split_fidelity.json,sick,distribution_matching,budget_100,seed_1,xgboost,0.2393469683655182,0.0,0.2,0.03092430000015156
split_fidelity,sick\distribution_matching\budget_100\seed_2\split_fidelity.json,sick,distribution_matching,budget_100,seed_2,xgboost,0.3041603168348897,0.0,0.0,0.02504620000036084
split_fidelity,sick\distribution_matching\budget_25\seed_0\split_fidelity.json,sick,distribution_matching,budget_25,seed_0,xgboost,-0.046172779329714364,0.0,0.2,0.019716300000254705
split_fidelity,sick\distribution_matching\budget_25\seed_1\split_fidelity.json,sick,distribution_matching,budget_25,seed_1,xgboost,0.2037192185518387,0.0,0.0,0.0249216999991404
split_fidelity,sick\distribution_matching\budget_25\seed_2\split_fidelity.json,sick,distribution_matching,budget_25,seed_2,xgboost,-0.0681567796561139,0.0,0.0,0.020523299999695155
split_fidelity,sick\distribution_matching\budget_50\seed_0\split_fidelity.json,sick,distribution_matching,budget_50,seed_0,xgboost,0.15529134122992908,0.0,0.4,0.02670659999967029
split_fidelity,sick\distribution_matching\budget_50\seed_1\split_fidelity.json,sick,distribution_matching,budget_50,seed_1,xgboost,0.1792536244296259,0.0,0.0,0.028645899999901303
split_fidelity,sick\distribution_matching\budget_50\seed_2\split_fidelity.json,sick,distribution_matching,budget_50,seed_2,xgboost,0.20857426484972755,0.0,0.2,0.032611099999485305
split_fidelity,sick\full_data\budget_10\seed_0\split_fidelity.json,sick,full_data,budget_10,seed_0,xgboost,1.0,1.0,1.0,0.08144380000067031
split_fidelity,sick\full_data\budget_10\seed_1\split_fidelity.json,sick,full_data,budget_10,seed_1,xgboost,0.9525167029134582,0.0,1.0,0.08621009999933449
split_fidelity,sick\full_data\budget_10\seed_2\split_fidelity.json,sick,full_data,budget_10,seed_2,xgboost,0.931432718225171,1.0,0.8,0.07773639999959414
split_fidelity,sick\full_data\budget_100\seed_0\split_fidelity.json,sick,full_data,budget_100,seed_0,xgboost,1.0,1.0,1.0,0.07689180000033957
split_fidelity,sick\full_data\budget_100\seed_1\split_fidelity.json,sick,full_data,budget_100,seed_1,xgboost,0.9525167029134582,0.0,1.0,0.09028610000041226
split_fidelity,sick\full_data\budget_100\seed_2\split_fidelity.json,sick,full_data,budget_100,seed_2,xgboost,0.931432718225171,1.0,0.8,0.07669810000061261
split_fidelity,sick\full_data\budget_25\seed_0\split_fidelity.json,sick,full_data,budget_25,seed_0,xgboost,1.0,1.0,1.0,0.09164879999934783
split_fidelity,sick\full_data\budget_25\seed_1\split_fidelity.json,sick,full_data,budget_25,seed_1,xgboost,0.9525167029134582,0.0,1.0,0.07947700000022451
split_fidelity,sick\full_data\budget_25\seed_2\split_fidelity.json,sick,full_data,budget_25,seed_2,xgboost,0.931432718225171,1.0,0.8,0.0772010999999111
split_fidelity,sick\full_data\budget_50\seed_0\split_fidelity.json,sick,full_data,budget_50,seed_0,xgboost,1.0,1.0,1.0,0.07781679999970947
split_fidelity,sick\full_data\budget_50\seed_1\split_fidelity.json,sick,full_data,budget_50,seed_1,xgboost,0.9525167029134582,0.0,1.0,0.08306999999967957
split_fidelity,sick\full_data\budget_50\seed_2\split_fidelity.json,sick,full_data,budget_50,seed_2,xgboost,0.931432718225171,1.0,0.8,0.08863879999989877
split_fidelity,sick\gaindistill\budget_10\seed_0\split_fidelity.json,sick,gaindistill,budget_10,seed_0,xgboost,0.07039975315926829,0.0,0.2,0.021560400000453228
split_fidelity,sick\gaindistill\budget_10\seed_1\split_fidelity.json,sick,gaindistill,budget_10,seed_1,xgboost,-0.2535482153034392,0.0,0.0,0.019265400000222144
split_fidelity,sick\gaindistill\budget_10\seed_2\split_fidelity.json,sick,gaindistill,budget_10,seed_2,xgboost,0.08476557935853359,0.0,0.4,0.018810199999279575
split_fidelity,sick\gaindistill\budget_100\seed_0\split_fidelity.json,sick,gaindistill,budget_100,seed_0,xgboost,0.004358849572719438,0.0,0.0,0.022410900000068068
split_fidelity,sick\gaindistill\budget_100\seed_1\split_fidelity.json,sick,gaindistill,budget_100,seed_1,xgboost,-0.28758726076175944,0.0,0.0,0.022471199999927194
split_fidelity,sick\gaindistill\budget_100\seed_2\split_fidelity.json,sick,gaindistill,budget_100,seed_2,xgboost,0.17349959953132915,0.0,0.0,0.028447699999560427
split_fidelity,sick\gaindistill\budget_25\seed_0\split_fidelity.json,sick,gaindistill,budget_25,seed_0,xgboost,0.14450399911755535,0.0,0.0,0.026010000000496802
split_fidelity,sick\gaindistill\budget_25\seed_1\split_fidelity.json,sick,gaindistill,budget_25,seed_1,xgboost,-0.24920412268658532,0.0,0.0,0.022533199999998033
split_fidelity,sick\gaindistill\budget_25\seed_2\split_fidelity.json,sick,gaindistill,budget_25,seed_2,xgboost,0.10557371567798086,0.0,0.0,0.02227729999958683
split_fidelity,sick\gaindistill\budget_50\seed_0\split_fidelity.json,sick,gaindistill,budget_50,seed_0,xgboost,0.14950778335957765,0.0,0.0,0.020850500000051397
split_fidelity,sick\gaindistill\budget_50\seed_1\split_fidelity.json,sick,gaindistill,budget_50,seed_1,xgboost,-0.20805180533867712,0.0,0.0,0.01848870000048919
split_fidelity,sick\gaindistill\budget_50\seed_2\split_fidelity.json,sick,gaindistill,budget_50,seed_2,xgboost,0.1801108206215545,0.0,0.2,0.03550879999966128
split_fidelity,sick\gaindistill_hybrid\budget_10\seed_0\split_fidelity.json,sick,gaindistill_hybrid,budget_10,seed_0,xgboost,-0.021205491199817666,0.0,0.0,0.04591750000145112
split_fidelity,sick\gaindistill_hybrid\budget_10\seed_1\split_fidelity.json,sick,gaindistill_hybrid,budget_10,seed_1,xgboost,0.3025727386533937,0.0,0.0,0.03469550000045274
split_fidelity,sick\gaindistill_hybrid\budget_10\seed_2\split_fidelity.json,sick,gaindistill_hybrid,budget_10,seed_2,xgboost,0.20935107646484352,0.0,0.0,0.023706400001174188
split_fidelity,sick\gaindistill_hybrid\budget_100\seed_0\split_fidelity.json,sick,gaindistill_hybrid,budget_100,seed_0,xgboost,0.46021405304792934,0.0,0.2,0.060394100000848994
split_fidelity,sick\gaindistill_hybrid\budget_100\seed_1\split_fidelity.json,sick,gaindistill_hybrid,budget_100,seed_1,xgboost,0.34546131389721585,0.0,0.2,0.05269420000149694
split_fidelity,sick\gaindistill_hybrid\budget_100\seed_2\split_fidelity.json,sick,gaindistill_hybrid,budget_100,seed_2,xgboost,0.19927482706584415,0.0,0.2,0.05401449999953911
split_fidelity,sick\gaindistill_hybrid\budget_25\seed_0\split_fidelity.json,sick,gaindistill_hybrid,budget_25,seed_0,xgboost,0.2163804027846071,0.0,0.0,0.03682219999973313
split_fidelity,sick\gaindistill_hybrid\budget_25\seed_1\split_fidelity.json,sick,gaindistill_hybrid,budget_25,seed_1,xgboost,0.3972703767087471,0.0,0.0,0.11797959999967134
split_fidelity,sick\gaindistill_hybrid\budget_25\seed_2\split_fidelity.json,sick,gaindistill_hybrid,budget_25,seed_2,xgboost,0.2565213940882615,0.0,0.0,0.0436504999997851
split_fidelity,sick\gaindistill_hybrid\budget_50\seed_0\split_fidelity.json,sick,gaindistill_hybrid,budget_50,seed_0,xgboost,0.3269734751283825,0.0,0.0,0.05748440000024857
split_fidelity,sick\gaindistill_hybrid\budget_50\seed_1\split_fidelity.json,sick,gaindistill_hybrid,budget_50,seed_1,xgboost,0.22767728127932743,0.0,0.0,0.048594199999570264
split_fidelity,sick\gaindistill_hybrid\budget_50\seed_2\split_fidelity.json,sick,gaindistill_hybrid,budget_50,seed_2,xgboost,0.23447875482615926,0.0,0.0,0.04303450000043085
split_fidelity,sick\gaindistill_path_hybrid\budget_10\seed_0\split_fidelity.json,sick,gaindistill_path_hybrid,budget_10,seed_0,xgboost,0.07459070802992712,0.0,0.0,0.029433899999276036
split_fidelity,sick\gaindistill_path_hybrid\budget_10\seed_1\split_fidelity.json,sick,gaindistill_path_hybrid,budget_10,seed_1,xgboost,0.22114522588327784,0.0,0.0,0.029809399999066954
split_fidelity,sick\gaindistill_path_hybrid\budget_10\seed_2\split_fidelity.json,sick,gaindistill_path_hybrid,budget_10,seed_2,xgboost,0.19294880554992908,0.0,0.0,0.0254917000002024
split_fidelity,sick\gaindistill_path_hybrid\budget_100\seed_0\split_fidelity.json,sick,gaindistill_path_hybrid,budget_100,seed_0,xgboost,0.3666772795180133,0.0,0.4,0.03970449999906123
split_fidelity,sick\gaindistill_path_hybrid\budget_100\seed_1\split_fidelity.json,sick,gaindistill_path_hybrid,budget_100,seed_1,xgboost,0.46360249907685,0.0,0.2,0.047804900001210626
split_fidelity,sick\gaindistill_path_hybrid\budget_100\seed_2\split_fidelity.json,sick,gaindistill_path_hybrid,budget_100,seed_2,xgboost,0.17729674812610893,0.0,0.2,0.037793800000144984
split_fidelity,sick\gaindistill_path_hybrid\budget_25\seed_0\split_fidelity.json,sick,gaindistill_path_hybrid,budget_25,seed_0,xgboost,0.29814789105824346,0.0,0.0,0.03035000000090804
split_fidelity,sick\gaindistill_path_hybrid\budget_25\seed_1\split_fidelity.json,sick,gaindistill_path_hybrid,budget_25,seed_1,xgboost,0.34823757791642007,0.0,0.0,0.031749699999636505
split_fidelity,sick\gaindistill_path_hybrid\budget_25\seed_2\split_fidelity.json,sick,gaindistill_path_hybrid,budget_25,seed_2,xgboost,0.19024952959160618,0.0,0.0,0.027878900000359863
split_fidelity,sick\gaindistill_path_hybrid\budget_50\seed_0\split_fidelity.json,sick,gaindistill_path_hybrid,budget_50,seed_0,xgboost,0.29509184432068736,0.0,0.0,0.029308799999853363
split_fidelity,sick\gaindistill_path_hybrid\budget_50\seed_1\split_fidelity.json,sick,gaindistill_path_hybrid,budget_50,seed_1,xgboost,0.2108697089761039,0.0,0.0,0.036786799999390496
split_fidelity,sick\gaindistill_path_hybrid\budget_50\seed_2\split_fidelity.json,sick,gaindistill_path_hybrid,budget_50,seed_2,xgboost,0.2949086122703209,0.0,0.0,0.04334919999928388
split_fidelity,sick\gain_herding\budget_10\seed_0\split_fidelity.json,sick,gain_herding,budget_10,seed_0,xgboost,-0.11342460629502286,0.0,0.0,0.02313309999954072
split_fidelity,sick\gain_herding\budget_10\seed_1\split_fidelity.json,sick,gain_herding,budget_10,seed_1,xgboost,0.08333886895063829,0.0,0.0,0.025460799999564188
split_fidelity,sick\gain_herding\budget_10\seed_2\split_fidelity.json,sick,gain_herding,budget_10,seed_2,xgboost,0.16642992178258534,0.0,0.0,0.03827369999999064
split_fidelity,sick\gain_herding\budget_100\seed_0\split_fidelity.json,sick,gain_herding,budget_100,seed_0,xgboost,0.44788028703681027,0.0,0.0,0.1641500999994605
split_fidelity,sick\gain_herding\budget_100\seed_1\split_fidelity.json,sick,gain_herding,budget_100,seed_1,xgboost,0.5547816375712691,0.0,0.0,0.05051839999941876
split_fidelity,sick\gain_herding\budget_100\seed_2\split_fidelity.json,sick,gain_herding,budget_100,seed_2,xgboost,0.31835040003839044,0.0,0.2,0.06319660000008298
split_fidelity,sick\gain_herding\budget_25\seed_0\split_fidelity.json,sick,gain_herding,budget_25,seed_0,xgboost,0.08645809971795748,0.0,0.0,0.027981800012639724
split_fidelity,sick\gain_herding\budget_25\seed_1\split_fidelity.json,sick,gain_herding,budget_25,seed_1,xgboost,0.05198145344665535,0.0,0.0,0.02196320000803098
split_fidelity,sick\gain_herding\budget_25\seed_2\split_fidelity.json,sick,gain_herding,budget_25,seed_2,xgboost,0.042942798100872495,0.0,0.0,0.025098099999013357
split_fidelity,sick\gain_herding\budget_50\seed_0\split_fidelity.json,sick,gain_herding,budget_50,seed_0,xgboost,0.08541967729271512,0.0,0.0,0.025871099991491064
split_fidelity,sick\gain_herding\budget_50\seed_1\split_fidelity.json,sick,gain_herding,budget_50,seed_1,xgboost,0.2912668440161065,0.0,0.0,0.026948800004902296
split_fidelity,sick\gain_herding\budget_50\seed_2\split_fidelity.json,sick,gain_herding,budget_50,seed_2,xgboost,0.16980711523622327,0.0,0.0,0.026843499988899566
split_fidelity,sick\gain_path_herding\budget_10\seed_0\split_fidelity.json,sick,gain_path_herding,budget_10,seed_0,xgboost,-0.048511194935124874,0.0,0.0,0.01848529999915627
split_fidelity,sick\gain_path_herding\budget_10\seed_1\split_fidelity.json,sick,gain_path_herding,budget_10,seed_1,xgboost,-0.036903303104158514,0.0,0.0,0.021106500000314554
split_fidelity,sick\gain_path_herding\budget_10\seed_2\split_fidelity.json,sick,gain_path_herding,budget_10,seed_2,xgboost,0.1030239046982506,0.0,0.0,0.02229590000024473
split_fidelity,sick\gain_path_herding\budget_100\seed_0\split_fidelity.json,sick,gain_path_herding,budget_100,seed_0,xgboost,0.452886287379687,0.0,0.0,0.03679469999951834
split_fidelity,sick\gain_path_herding\budget_100\seed_1\split_fidelity.json,sick,gain_path_herding,budget_100,seed_1,xgboost,0.4182449162538168,0.0,0.0,0.03592179999941436
split_fidelity,sick\gain_path_herding\budget_100\seed_2\split_fidelity.json,sick,gain_path_herding,budget_100,seed_2,xgboost,0.31840223513022947,0.0,0.2,0.02925850000065111
split_fidelity,sick\gain_path_herding\budget_25\seed_0\split_fidelity.json,sick,gain_path_herding,budget_25,seed_0,xgboost,0.09650178482627496,0.0,0.0,0.02293890000146348
split_fidelity,sick\gain_path_herding\budget_25\seed_1\split_fidelity.json,sick,gain_path_herding,budget_25,seed_1,xgboost,0.19544765478996914,0.0,0.0,0.021589600000879727
split_fidelity,sick\gain_path_herding\budget_25\seed_2\split_fidelity.json,sick,gain_path_herding,budget_25,seed_2,xgboost,0.04467674971276312,0.0,0.0,0.01920819999941159
split_fidelity,sick\gain_path_herding\budget_50\seed_0\split_fidelity.json,sick,gain_path_herding,budget_50,seed_0,xgboost,0.29898114140733023,0.0,0.0,0.02406860000337474
split_fidelity,sick\gain_path_herding\budget_50\seed_1\split_fidelity.json,sick,gain_path_herding,budget_50,seed_1,xgboost,0.2684927346763335,0.0,0.0,0.023731499997666106
split_fidelity,sick\gain_path_herding\budget_50\seed_2\split_fidelity.json,sick,gain_path_herding,budget_50,seed_2,xgboost,0.2918502546587149,0.0,0.0,0.023078600002918392
split_fidelity,sick\gain_path_refined\budget_25\seed_0\split_fidelity.json,sick,gain_path_refined,budget_25,seed_0,xgboost,0.04695459557166615,0.0,0.0,0.019714200010639615
split_fidelity,sick\gain_path_refined\budget_25\seed_1\split_fidelity.json,sick,gain_path_refined,budget_25,seed_1,xgboost,0.09720875132088587,0.0,0.0,0.021677800003089942
split_fidelity,sick\gain_path_refined\budget_25\seed_2\split_fidelity.json,sick,gain_path_refined,budget_25,seed_2,xgboost,-0.004962290510180846,0.0,0.0,0.02367729999241419
split_fidelity,sick\gain_path_refined\budget_50\seed_0\split_fidelity.json,sick,gain_path_refined,budget_50,seed_0,xgboost,0.25722689884549566,0.0,0.0,0.02493299999332521
split_fidelity,sick\gain_path_refined\budget_50\seed_1\split_fidelity.json,sick,gain_path_refined,budget_50,seed_1,xgboost,0.2386090892284135,0.0,0.2,0.02825709999888204
split_fidelity,sick\gain_path_refined\budget_50\seed_2\split_fidelity.json,sick,gain_path_refined,budget_50,seed_2,xgboost,0.40161937463052666,0.0,0.0,0.028283499996177852
split_fidelity,sick\gain_path_safeguarded\budget_25\seed_0\split_fidelity.json,sick,gain_path_safeguarded,budget_25,seed_0,xgboost,0.09650178482627496,0.0,0.0,0.02373069999157451
split_fidelity,sick\gain_path_safeguarded\budget_25\seed_1\split_fidelity.json,sick,gain_path_safeguarded,budget_25,seed_1,xgboost,0.19544765478996914,0.0,0.0,0.023636400001123548
split_fidelity,sick\gain_path_safeguarded\budget_25\seed_2\split_fidelity.json,sick,gain_path_safeguarded,budget_25,seed_2,xgboost,0.04467674971276312,0.0,0.0,0.021999099990352988
split_fidelity,sick\gain_path_safeguarded\budget_50\seed_0\split_fidelity.json,sick,gain_path_safeguarded,budget_50,seed_0,xgboost,0.25722689884549566,0.0,0.0,0.027599699998972937
split_fidelity,sick\gain_path_safeguarded\budget_50\seed_1\split_fidelity.json,sick,gain_path_safeguarded,budget_50,seed_1,xgboost,0.2386090892284135,0.0,0.2,0.027428400004282594
split_fidelity,sick\gain_path_safeguarded\budget_50\seed_2\split_fidelity.json,sick,gain_path_safeguarded,budget_50,seed_2,xgboost,0.40161937463052666,0.0,0.0,0.027943000008235686
split_fidelity,sick\gain_weighted_coreset\budget_10\seed_0\split_fidelity.json,sick,gain_weighted_coreset,budget_10,seed_0,xgboost,-0.021205491199817666,0.0,0.0,0.04653940000025614
split_fidelity,sick\gain_weighted_coreset\budget_10\seed_1\split_fidelity.json,sick,gain_weighted_coreset,budget_10,seed_1,xgboost,0.3025727386533937,0.0,0.0,0.054610999999567866
split_fidelity,sick\gain_weighted_coreset\budget_10\seed_2\split_fidelity.json,sick,gain_weighted_coreset,budget_10,seed_2,xgboost,0.20935107646484352,0.0,0.0,0.04899459999978717
split_fidelity,sick\gain_weighted_coreset\budget_100\seed_0\split_fidelity.json,sick,gain_weighted_coreset,budget_100,seed_0,xgboost,0.46021405304792934,0.0,0.2,0.05192460000034771
split_fidelity,sick\gain_weighted_coreset\budget_100\seed_1\split_fidelity.json,sick,gain_weighted_coreset,budget_100,seed_1,xgboost,0.34546131389721585,0.0,0.2,0.0461250000007567
split_fidelity,sick\gain_weighted_coreset\budget_100\seed_2\split_fidelity.json,sick,gain_weighted_coreset,budget_100,seed_2,xgboost,0.19927482706584415,0.0,0.2,0.061714899999060435
split_fidelity,sick\gain_weighted_coreset\budget_25\seed_0\split_fidelity.json,sick,gain_weighted_coreset,budget_25,seed_0,xgboost,0.2163804027846071,0.0,0.0,0.06534509999983129
split_fidelity,sick\gain_weighted_coreset\budget_25\seed_1\split_fidelity.json,sick,gain_weighted_coreset,budget_25,seed_1,xgboost,0.3972703767087471,0.0,0.0,0.051720100000238745
split_fidelity,sick\gain_weighted_coreset\budget_25\seed_2\split_fidelity.json,sick,gain_weighted_coreset,budget_25,seed_2,xgboost,0.2565213940882615,0.0,0.0,0.06566439999915019
split_fidelity,sick\gain_weighted_coreset\budget_50\seed_0\split_fidelity.json,sick,gain_weighted_coreset,budget_50,seed_0,xgboost,0.3269734751283825,0.0,0.0,0.04842400000052294
split_fidelity,sick\gain_weighted_coreset\budget_50\seed_1\split_fidelity.json,sick,gain_weighted_coreset,budget_50,seed_1,xgboost,0.22767728127932743,0.0,0.0,0.06411839999964286
split_fidelity,sick\gain_weighted_coreset\budget_50\seed_2\split_fidelity.json,sick,gain_weighted_coreset,budget_50,seed_2,xgboost,0.23447875482615926,0.0,0.0,0.03853209999942919
split_fidelity,sick\gradient_sampling\budget_10\seed_0\split_fidelity.json,sick,gradient_sampling,budget_10,seed_0,xgboost,0.013326423331738961,0.0,0.2,0.018497600000046077
split_fidelity,sick\gradient_sampling\budget_10\seed_1\split_fidelity.json,sick,gradient_sampling,budget_10,seed_1,xgboost,0.015871169679266828,0.0,0.0,0.015280499999789754
split_fidelity,sick\gradient_sampling\budget_10\seed_2\split_fidelity.json,sick,gradient_sampling,budget_10,seed_2,xgboost,-0.08954300570909376,0.0,0.0,0.013785299999653944
split_fidelity,sick\gradient_sampling\budget_100\seed_0\split_fidelity.json,sick,gradient_sampling,budget_100,seed_0,xgboost,0.6162403105983661,0.0,0.4,0.02044560000013007
split_fidelity,sick\gradient_sampling\budget_100\seed_1\split_fidelity.json,sick,gradient_sampling,budget_100,seed_1,xgboost,0.47551008912466797,1.0,0.4,0.021271900000101596
split_fidelity,sick\gradient_sampling\budget_100\seed_2\split_fidelity.json,sick,gradient_sampling,budget_100,seed_2,xgboost,0.7855656265422786,0.0,0.4,0.02171970000017609
split_fidelity,sick\gradient_sampling\budget_25\seed_0\split_fidelity.json,sick,gradient_sampling,budget_25,seed_0,xgboost,0.20261302725175973,0.0,0.4,0.01604739999947924
split_fidelity,sick\gradient_sampling\budget_25\seed_1\split_fidelity.json,sick,gradient_sampling,budget_25,seed_1,xgboost,0.40769451252536976,0.0,0.2,0.020266300000002957
split_fidelity,sick\gradient_sampling\budget_25\seed_2\split_fidelity.json,sick,gradient_sampling,budget_25,seed_2,xgboost,0.24549842971943103,0.0,0.2,0.01877729999978328
split_fidelity,sick\gradient_sampling\budget_50\seed_0\split_fidelity.json,sick,gradient_sampling,budget_50,seed_0,xgboost,0.40222191219441417,0.0,0.4,0.024545299999772396
split_fidelity,sick\gradient_sampling\budget_50\seed_1\split_fidelity.json,sick,gradient_sampling,budget_50,seed_1,xgboost,0.3130115750631384,0.0,0.8,0.023037799999656272
split_fidelity,sick\gradient_sampling\budget_50\seed_2\split_fidelity.json,sick,gradient_sampling,budget_50,seed_2,xgboost,0.5148688352638716,0.0,0.6,0.028033599999616854
split_fidelity,sick\herding\budget_10\seed_0\split_fidelity.json,sick,herding,budget_10,seed_0,xgboost,0.06339740877458351,0.0,0.0,0.01935380000031728
split_fidelity,sick\herding\budget_10\seed_1\split_fidelity.json,sick,herding,budget_10,seed_1,xgboost,0.16715041098962855,0.0,0.0,0.019734699999389704
split_fidelity,sick\herding\budget_10\seed_2\split_fidelity.json,sick,herding,budget_10,seed_2,xgboost,-0.042252157398270956,0.0,0.0,0.01844359999995504
split_fidelity,sick\herding\budget_100\seed_0\split_fidelity.json,sick,herding,budget_100,seed_0,xgboost,-0.002116137756980968,0.0,0.0,0.027123199999550707
split_fidelity,sick\herding\budget_100\seed_1\split_fidelity.json,sick,herding,budget_100,seed_1,xgboost,0.00823887849408149,0.0,0.0,0.023103599999558355
split_fidelity,sick\herding\budget_100\seed_2\split_fidelity.json,sick,herding,budget_100,seed_2,xgboost,-0.043760205286449784,0.0,0.0,0.020842500000071595
split_fidelity,sick\herding\budget_25\seed_0\split_fidelity.json,sick,herding,budget_25,seed_0,xgboost,0.08416496400202227,0.0,0.0,0.023114399999030866
split_fidelity,sick\herding\budget_25\seed_1\split_fidelity.json,sick,herding,budget_25,seed_1,xgboost,0.1875690441496838,0.0,0.0,0.023155999995651655
split_fidelity,sick\herding\budget_25\seed_2\split_fidelity.json,sick,herding,budget_25,seed_2,xgboost,-0.03237906989554676,0.0,0.0,0.02262459999474231
split_fidelity,sick\herding\budget_50\seed_0\split_fidelity.json,sick,herding,budget_50,seed_0,xgboost,0.12898295208226987,0.0,0.0,0.022560500001418404
split_fidelity,sick\herding\budget_50\seed_1\split_fidelity.json,sick,herding,budget_50,seed_1,xgboost,0.2374731316346061,0.0,0.0,0.021563700007391162
split_fidelity,sick\herding\budget_50\seed_2\split_fidelity.json,sick,herding,budget_50,seed_2,xgboost,0.005323373920929299,0.0,0.0,0.026693599997088313
split_fidelity,sick\k_center\budget_10\seed_0\split_fidelity.json,sick,k_center,budget_10,seed_0,xgboost,0.23620578532279765,0.0,0.0,0.012500000000727596
split_fidelity,sick\k_center\budget_10\seed_1\split_fidelity.json,sick,k_center,budget_10,seed_1,xgboost,0.17703503348806507,0.0,0.0,0.011287799999990966
split_fidelity,sick\k_center\budget_10\seed_2\split_fidelity.json,sick,k_center,budget_10,seed_2,xgboost,0.12492644336064729,0.0,0.0,0.010758499999610649
split_fidelity,sick\k_center\budget_100\seed_0\split_fidelity.json,sick,k_center,budget_100,seed_0,xgboost,0.6708171282543713,0.0,0.4,0.01607380000041303
split_fidelity,sick\k_center\budget_100\seed_1\split_fidelity.json,sick,k_center,budget_100,seed_1,xgboost,0.5114545321018472,1.0,0.4,0.016113599999698636
split_fidelity,sick\k_center\budget_100\seed_2\split_fidelity.json,sick,k_center,budget_100,seed_2,xgboost,0.5842726332798938,0.0,0.8,0.01933140000073763
split_fidelity,sick\k_center\budget_25\seed_0\split_fidelity.json,sick,k_center,budget_25,seed_0,xgboost,0.4556245219545277,0.0,0.2,0.014223899999706191
split_fidelity,sick\k_center\budget_25\seed_1\split_fidelity.json,sick,k_center,budget_25,seed_1,xgboost,0.22716117215819867,0.0,0.0,0.014766999999665131
split_fidelity,sick\k_center\budget_25\seed_2\split_fidelity.json,sick,k_center,budget_25,seed_2,xgboost,0.15694264179370918,0.0,0.2,0.013300100000378734
split_fidelity,sick\k_center\budget_50\seed_0\split_fidelity.json,sick,k_center,budget_50,seed_0,xgboost,0.5150076052792177,0.0,0.2,0.016546500000004016
split_fidelity,sick\k_center\budget_50\seed_1\split_fidelity.json,sick,k_center,budget_50,seed_1,xgboost,0.4766562989113664,0.0,0.2,0.01676099999986036
split_fidelity,sick\k_center\budget_50\seed_2\split_fidelity.json,sick,k_center,budget_50,seed_2,xgboost,0.3247136643528589,0.0,0.2,0.020780300000296847
split_fidelity,sick\random\budget_10\seed_0\split_fidelity.json,sick,random,budget_10,seed_0,xgboost,-0.04467546841246215,0.0,0.2,0.013480999999956111
split_fidelity,sick\random\budget_10\seed_1\split_fidelity.json,sick,random,budget_10,seed_1,xgboost,-0.027738031164322947,0.0,0.0,0.014095599999564001
split_fidelity,sick\random\budget_10\seed_2\split_fidelity.json,sick,random,budget_10,seed_2,xgboost,-0.17385423510568246,0.0,0.0,0.013096600000608305
split_fidelity,sick\random\budget_100\seed_0\split_fidelity.json,sick,random,budget_100,seed_0,xgboost,0.39922998929190895,0.0,0.4,0.017921499999829393
split_fidelity,sick\random\budget_100\seed_1\split_fidelity.json,sick,random,budget_100,seed_1,xgboost,0.5378978614441525,0.0,0.0,0.02000809999935882
split_fidelity,sick\random\budget_100\seed_2\split_fidelity.json,sick,random,budget_100,seed_2,xgboost,0.27221857935650257,0.0,0.0,0.018255599999974947
split_fidelity,sick\random\budget_25\seed_0\split_fidelity.json,sick,random,budget_25,seed_0,xgboost,0.2373983200767824,0.0,0.0,0.024267900007544085
split_fidelity,sick\random\budget_25\seed_1\split_fidelity.json,sick,random,budget_25,seed_1,xgboost,-0.1357819379601274,0.0,0.0,0.026291699992725626
split_fidelity,sick\random\budget_25\seed_2\split_fidelity.json,sick,random,budget_25,seed_2,xgboost,-0.050847722971673205,0.0,0.0,0.023861499998020008
split_fidelity,sick\random\budget_50\seed_0\split_fidelity.json,sick,random,budget_50,seed_0,xgboost,0.4064660722561637,0.0,0.0,0.024288000000524335
split_fidelity,sick\random\budget_50\seed_1\split_fidelity.json,sick,random,budget_50,seed_1,xgboost,0.12319742155270422,0.0,0.0,0.021288599993567914
split_fidelity,sick\random\budget_50\seed_2\split_fidelity.json,sick,random,budget_50,seed_2,xgboost,0.16435458875274198,0.0,0.0,0.020577700008288957
split_fidelity,sick\tree_region\budget_10\seed_0\split_fidelity.json,sick,tree_region,budget_10,seed_0,xgboost,0.013326423331738961,0.0,0.2,0.01798540000072535
split_fidelity,sick\tree_region\budget_10\seed_1\split_fidelity.json,sick,tree_region,budget_10,seed_1,xgboost,0.015871169679266828,0.0,0.0,0.016590300000643765
split_fidelity,sick\tree_region\budget_10\seed_2\split_fidelity.json,sick,tree_region,budget_10,seed_2,xgboost,-0.08954300570909376,0.0,0.0,0.020625099999961094
split_fidelity,sick\tree_region\budget_100\seed_0\split_fidelity.json,sick,tree_region,budget_100,seed_0,xgboost,0.6162403105983661,0.0,0.4,0.0321936000000278
split_fidelity,sick\tree_region\budget_100\seed_1\split_fidelity.json,sick,tree_region,budget_100,seed_1,xgboost,0.47551008912466797,1.0,0.4,0.03647850000015751
split_fidelity,sick\tree_region\budget_100\seed_2\split_fidelity.json,sick,tree_region,budget_100,seed_2,xgboost,0.7855656265422786,0.0,0.4,0.031717000000753615
split_fidelity,sick\tree_region\budget_25\seed_0\split_fidelity.json,sick,tree_region,budget_25,seed_0,xgboost,0.20261302725175973,0.0,0.4,0.024600600000667328
split_fidelity,sick\tree_region\budget_25\seed_1\split_fidelity.json,sick,tree_region,budget_25,seed_1,xgboost,0.40769451252536976,0.0,0.2,0.02369029999954364
split_fidelity,sick\tree_region\budget_25\seed_2\split_fidelity.json,sick,tree_region,budget_25,seed_2,xgboost,0.24549842971943103,0.0,0.2,0.027096099999653234
split_fidelity,sick\tree_region\budget_50\seed_0\split_fidelity.json,sick,tree_region,budget_50,seed_0,xgboost,0.40222191219441417,0.0,0.4,0.029311400000551657
split_fidelity,sick\tree_region\budget_50\seed_1\split_fidelity.json,sick,tree_region,budget_50,seed_1,xgboost,0.3130115750631384,0.0,0.8,0.025703699999212404
split_fidelity,sick\tree_region\budget_50\seed_2\split_fidelity.json,sick,tree_region,budget_50,seed_2,xgboost,0.5148688352638716,0.0,0.6,0.03096319999986008
split_fidelity,spambase\distribution_matching\budget_10\seed_0\split_fidelity.json,spambase,distribution_matching,budget_10,seed_0,xgboost,-0.08101383806976378,0.0,0.0,0.04198149999956513
split_fidelity,spambase\distribution_matching\budget_10\seed_1\split_fidelity.json,spambase,distribution_matching,budget_10,seed_1,xgboost,-0.06390809783971615,0.0,0.0,0.03491570000005595
split_fidelity,spambase\distribution_matching\budget_10\seed_2\split_fidelity.json,spambase,distribution_matching,budget_10,seed_2,xgboost,-0.09511530266717638,0.0,0.0,0.04408309999962512
split_fidelity,spambase\distribution_matching\budget_100\seed_0\split_fidelity.json,spambase,distribution_matching,budget_100,seed_0,xgboost,0.14380746300214867,0.0,0.0,0.05559880000055273
split_fidelity,spambase\distribution_matching\budget_100\seed_1\split_fidelity.json,spambase,distribution_matching,budget_100,seed_1,xgboost,0.2140440256772464,0.0,0.0,0.08165809999991325
split_fidelity,spambase\distribution_matching\budget_100\seed_2\split_fidelity.json,spambase,distribution_matching,budget_100,seed_2,xgboost,0.15506286039208889,0.0,0.0,0.05678749999970023
split_fidelity,spambase\distribution_matching\budget_25\seed_0\split_fidelity.json,spambase,distribution_matching,budget_25,seed_0,xgboost,-0.03548843625017767,0.0,0.0,0.061442499999429856
split_fidelity,spambase\distribution_matching\budget_25\seed_1\split_fidelity.json,spambase,distribution_matching,budget_25,seed_1,xgboost,0.1874349452325459,0.0,0.0,0.040237100000013015
split_fidelity,spambase\distribution_matching\budget_25\seed_2\split_fidelity.json,spambase,distribution_matching,budget_25,seed_2,xgboost,0.03734106673575536,0.0,0.0,0.04561360000025161
split_fidelity,spambase\distribution_matching\budget_50\seed_0\split_fidelity.json,spambase,distribution_matching,budget_50,seed_0,xgboost,0.15858459696513807,0.0,0.0,0.06959089999963908
split_fidelity,spambase\distribution_matching\budget_50\seed_1\split_fidelity.json,spambase,distribution_matching,budget_50,seed_1,xgboost,0.17183342920268424,0.0,0.0,0.06839509999917937
split_fidelity,spambase\distribution_matching\budget_50\seed_2\split_fidelity.json,spambase,distribution_matching,budget_50,seed_2,xgboost,0.05666061040600361,0.0,0.0,0.05511750000005122
split_fidelity,spambase\full_data\budget_10\seed_0\split_fidelity.json,spambase,full_data,budget_10,seed_0,xgboost,1.0,1.0,1.0,0.3245402999991711
split_fidelity,spambase\full_data\budget_10\seed_1\split_fidelity.json,spambase,full_data,budget_10,seed_1,xgboost,0.9365785427599984,1.0,0.8,0.31647939999947994
split_fidelity,spambase\full_data\budget_10\seed_2\split_fidelity.json,spambase,full_data,budget_10,seed_2,xgboost,0.9207291091296458,1.0,1.0,0.33409579999988637
split_fidelity,spambase\full_data\budget_100\seed_0\split_fidelity.json,spambase,full_data,budget_100,seed_0,xgboost,1.0,1.0,1.0,0.32456750000073953
split_fidelity,spambase\full_data\budget_100\seed_1\split_fidelity.json,spambase,full_data,budget_100,seed_1,xgboost,0.9365785427599984,1.0,0.8,0.32852399999956106
split_fidelity,spambase\full_data\budget_100\seed_2\split_fidelity.json,spambase,full_data,budget_100,seed_2,xgboost,0.9207291091296458,1.0,1.0,0.5019098000002487
split_fidelity,spambase\full_data\budget_25\seed_0\split_fidelity.json,spambase,full_data,budget_25,seed_0,xgboost,1.0,1.0,1.0,0.4623050999998668
split_fidelity,spambase\full_data\budget_25\seed_1\split_fidelity.json,spambase,full_data,budget_25,seed_1,xgboost,0.9365785427599984,1.0,0.8,0.32676809999975376
split_fidelity,spambase\full_data\budget_25\seed_2\split_fidelity.json,spambase,full_data,budget_25,seed_2,xgboost,0.9207291091296458,1.0,1.0,0.3250173000005816
split_fidelity,spambase\full_data\budget_50\seed_0\split_fidelity.json,spambase,full_data,budget_50,seed_0,xgboost,1.0,1.0,1.0,0.5223845000000438
split_fidelity,spambase\full_data\budget_50\seed_1\split_fidelity.json,spambase,full_data,budget_50,seed_1,xgboost,0.9365785427599984,1.0,0.8,0.4645405999999639
split_fidelity,spambase\full_data\budget_50\seed_2\split_fidelity.json,spambase,full_data,budget_50,seed_2,xgboost,0.9207291091296458,1.0,1.0,0.5519589999994423
split_fidelity,spambase\gaindistill\budget_10\seed_0\split_fidelity.json,spambase,gaindistill,budget_10,seed_0,xgboost,0.2902925713578034,0.0,0.0,0.0732640000005631
split_fidelity,spambase\gaindistill\budget_10\seed_1\split_fidelity.json,spambase,gaindistill,budget_10,seed_1,xgboost,-0.029945205489320482,0.0,0.2,0.05971640000007028
split_fidelity,spambase\gaindistill\budget_10\seed_2\split_fidelity.json,spambase,gaindistill,budget_10,seed_2,xgboost,0.15876692297038378,0.0,0.0,0.11249490000045625
split_fidelity,spambase\gaindistill\budget_100\seed_0\split_fidelity.json,spambase,gaindistill,budget_100,seed_0,xgboost,0.4401859588887556,0.0,0.0,0.07123380000030011
split_fidelity,spambase\gaindistill\budget_100\seed_1\split_fidelity.json,spambase,gaindistill,budget_100,seed_1,xgboost,0.02302678257758079,1.0,0.4,0.055927600000359234
split_fidelity,spambase\gaindistill\budget_100\seed_2\split_fidelity.json,spambase,gaindistill,budget_100,seed_2,xgboost,0.12501246221831536,0.0,0.2,0.07588120000036724
split_fidelity,spambase\gaindistill\budget_25\seed_0\split_fidelity.json,spambase,gaindistill,budget_25,seed_0,xgboost,0.40187692659411334,0.0,0.0,0.06194299999970099
split_fidelity,spambase\gaindistill\budget_25\seed_1\split_fidelity.json,spambase,gaindistill,budget_25,seed_1,xgboost,0.44083326871007944,0.0,0.0,0.042492999999922176
split_fidelity,spambase\gaindistill\budget_25\seed_2\split_fidelity.json,spambase,gaindistill,budget_25,seed_2,xgboost,-0.09768259655473134,0.0,0.2,0.06019769999966229
split_fidelity,spambase\gaindistill\budget_50\seed_0\split_fidelity.json,spambase,gaindistill,budget_50,seed_0,xgboost,0.44329888661252986,0.0,0.2,0.07954269999936514
split_fidelity,spambase\gaindistill\budget_50\seed_1\split_fidelity.json,spambase,gaindistill,budget_50,seed_1,xgboost,0.2776471688483267,0.0,0.0,0.06100179999975808
split_fidelity,spambase\gaindistill\budget_50\seed_2\split_fidelity.json,spambase,gaindistill,budget_50,seed_2,xgboost,0.26558543644053095,0.0,0.0,0.05629360000057204
split_fidelity,spambase\gaindistill_anchor\budget_25\seed_0\split_fidelity.json,spambase,gaindistill_anchor,budget_25,seed_0,xgboost,0.7818592183849018,0.0,0.6,0.018570000000181608
split_fidelity,spambase\gaindistill_anchor\budget_25\seed_1\split_fidelity.json,spambase,gaindistill_anchor,budget_25,seed_1,xgboost,0.4203440654308473,0.0,0.2,0.018512999999074964
split_fidelity,spambase\gaindistill_anchor\budget_25\seed_2\split_fidelity.json,spambase,gaindistill_anchor,budget_25,seed_2,xgboost,0.4612115685193481,0.0,0.2,0.017544300000736257
split_fidelity,spambase\gaindistill_anchor\budget_50\seed_0\split_fidelity.json,spambase,gaindistill_anchor,budget_50,seed_0,xgboost,0.31636400157091643,0.0,0.0,0.01933189999908791
split_fidelity,spambase\gaindistill_anchor\budget_50\seed_1\split_fidelity.json,spambase,gaindistill_anchor,budget_50,seed_1,xgboost,0.13063108951527136,0.0,0.0,0.018902499999967404
split_fidelity,spambase\gaindistill_anchor\budget_50\seed_2\split_fidelity.json,spambase,gaindistill_anchor,budget_50,seed_2,xgboost,0.1410019165958396,0.0,0.0,0.015529000000242377
split_fidelity,spambase\gaindistill_full\budget_25\seed_0\split_fidelity.json,spambase,gaindistill_full,budget_25,seed_0,xgboost,0.7815816577049945,0.0,0.6,0.01998699999967357
split_fidelity,spambase\gaindistill_full\budget_25\seed_1\split_fidelity.json,spambase,gaindistill_full,budget_25,seed_1,xgboost,0.4203440654308473,0.0,0.2,0.022655200000372133
split_fidelity,spambase\gaindistill_full\budget_25\seed_2\split_fidelity.json,spambase,gaindistill_full,budget_25,seed_2,xgboost,0.4612115685193481,0.0,0.2,0.02115380000032019
split_fidelity,spambase\gaindistill_full\budget_50\seed_0\split_fidelity.json,spambase,gaindistill_full,budget_50,seed_0,xgboost,0.3160645320337242,0.0,0.0,0.018179099999542814
split_fidelity,spambase\gaindistill_full\budget_50\seed_1\split_fidelity.json,spambase,gaindistill_full,budget_50,seed_1,xgboost,0.14710749838088605,0.0,0.0,0.018033099999229307
split_fidelity,spambase\gaindistill_full\budget_50\seed_2\split_fidelity.json,spambase,gaindistill_full,budget_50,seed_2,xgboost,0.1410019165958396,0.0,0.0,0.017041700000845594
split_fidelity,spambase\gaindistill_hybrid\budget_10\seed_0\split_fidelity.json,spambase,gaindistill_hybrid,budget_10,seed_0,xgboost,0.07379184161043485,0.0,0.0,0.05925960000058694
split_fidelity,spambase\gaindistill_hybrid\budget_10\seed_1\split_fidelity.json,spambase,gaindistill_hybrid,budget_10,seed_1,xgboost,0.16424041947217852,0.0,0.2,0.04146740000032878
split_fidelity,spambase\gaindistill_hybrid\budget_10\seed_2\split_fidelity.json,spambase,gaindistill_hybrid,budget_10,seed_2,xgboost,0.1676022704816813,0.0,0.0,0.06291039999996428
split_fidelity,spambase\gaindistill_hybrid\budget_100\seed_0\split_fidelity.json,spambase,gaindistill_hybrid,budget_100,seed_0,xgboost,0.47565988295837297,0.0,0.0,0.10811589999866555
split_fidelity,spambase\gaindistill_hybrid\budget_100\seed_1\split_fidelity.json,spambase,gaindistill_hybrid,budget_100,seed_1,xgboost,0.5430259205574189,1.0,0.2,0.1297657999984949
split_fidelity,spambase\gaindistill_hybrid\budget_100\seed_2\split_fidelity.json,spambase,gaindistill_hybrid,budget_100,seed_2,xgboost,0.614888404046465,1.0,0.2,0.15520589999869117
split_fidelity,spambase\gaindistill_hybrid\budget_25\seed_0\split_fidelity.json,spambase,gaindistill_hybrid,budget_25,seed_0,xgboost,0.3081078121528545,0.0,0.0,0.06503879999945639
split_fidelity,spambase\gaindistill_hybrid\budget_25\seed_1\split_fidelity.json,spambase,gaindistill_hybrid,budget_25,seed_1,xgboost,0.2167964078163012,0.0,0.0,0.03437909999956901
split_fidelity,spambase\gaindistill_hybrid\budget_25\seed_2\split_fidelity.json,spambase,gaindistill_hybrid,budget_25,seed_2,xgboost,0.33287958827014275,0.0,0.2,0.036750499999470776
split_fidelity,spambase\gaindistill_hybrid\budget_50\seed_0\split_fidelity.json,spambase,gaindistill_hybrid,budget_50,seed_0,xgboost,0.33702801507014435,0.0,0.2,0.0652834000011353
split_fidelity,spambase\gaindistill_hybrid\budget_50\seed_1\split_fidelity.json,spambase,gaindistill_hybrid,budget_50,seed_1,xgboost,0.2759283099185906,1.0,0.2,0.034681799999816576
split_fidelity,spambase\gaindistill_hybrid\budget_50\seed_2\split_fidelity.json,spambase,gaindistill_hybrid,budget_50,seed_2,xgboost,0.43892565816916734,0.0,0.2,0.033539900001414935
split_fidelity,spambase\gaindistill_path_hybrid\budget_10\seed_0\split_fidelity.json,spambase,gaindistill_path_hybrid,budget_10,seed_0,xgboost,0.09050911860250564,0.0,0.0,0.028394499999194522
split_fidelity,spambase\gaindistill_path_hybrid\budget_10\seed_1\split_fidelity.json,spambase,gaindistill_path_hybrid,budget_10,seed_1,xgboost,0.18887069947105617,0.0,0.0,0.0345595000017056
split_fidelity,spambase\gaindistill_path_hybrid\budget_10\seed_2\split_fidelity.json,spambase,gaindistill_path_hybrid,budget_10,seed_2,xgboost,-0.049144686211631,0.0,0.0,0.029858300000341842
split_fidelity,spambase\gaindistill_path_hybrid\budget_100\seed_0\split_fidelity.json,spambase,gaindistill_path_hybrid,budget_100,seed_0,xgboost,0.6591239436457925,0.0,0.2,0.09249950000048557
split_fidelity,spambase\gaindistill_path_hybrid\budget_100\seed_1\split_fidelity.json,spambase,gaindistill_path_hybrid,budget_100,seed_1,xgboost,0.515849944126909,1.0,0.2,0.1094390000016574
split_fidelity,spambase\gaindistill_path_hybrid\budget_100\seed_2\split_fidelity.json,spambase,gaindistill_path_hybrid,budget_100,seed_2,xgboost,0.5542287988071419,1.0,0.2,0.07644090000030701
split_fidelity,spambase\gaindistill_path_hybrid\budget_25\seed_0\split_fidelity.json,spambase,gaindistill_path_hybrid,budget_25,seed_0,xgboost,0.39668751437792277,0.0,0.2,0.021756900001491886
split_fidelity,spambase\gaindistill_path_hybrid\budget_25\seed_1\split_fidelity.json,spambase,gaindistill_path_hybrid,budget_25,seed_1,xgboost,0.22169794097497147,0.0,0.2,0.02008130000103847
split_fidelity,spambase\gaindistill_path_hybrid\budget_25\seed_2\split_fidelity.json,spambase,gaindistill_path_hybrid,budget_25,seed_2,xgboost,0.332197023665002,0.0,0.0,0.039709800001219264
split_fidelity,spambase\gaindistill_path_hybrid\budget_50\seed_0\split_fidelity.json,spambase,gaindistill_path_hybrid,budget_50,seed_0,xgboost,0.47679289453716384,0.0,0.2,0.04739500000141561
split_fidelity,spambase\gaindistill_path_hybrid\budget_50\seed_1\split_fidelity.json,spambase,gaindistill_path_hybrid,budget_50,seed_1,xgboost,0.30478440854907735,0.0,0.2,0.05263360000026296
split_fidelity,spambase\gaindistill_path_hybrid\budget_50\seed_2\split_fidelity.json,spambase,gaindistill_path_hybrid,budget_50,seed_2,xgboost,0.3539765049539444,1.0,0.2,0.05859979999877396
split_fidelity,spambase\gain_herding\budget_10\seed_0\split_fidelity.json,spambase,gain_herding,budget_10,seed_0,xgboost,0.45469088572514055,0.0,0.0,0.030193499998858897
split_fidelity,spambase\gain_herding\budget_10\seed_1\split_fidelity.json,spambase,gain_herding,budget_10,seed_1,xgboost,0.5444256662428636,0.0,0.4,0.022529200003191363
split_fidelity,spambase\gain_herding\budget_10\seed_2\split_fidelity.json,spambase,gain_herding,budget_10,seed_2,xgboost,0.2511590550412969,0.0,0.0,0.026572799997666152
split_fidelity,spambase\gain_herding\budget_100\seed_0\split_fidelity.json,spambase,gain_herding,budget_100,seed_0,xgboost,0.17135104339378707,0.0,0.2,0.06953369999973802
split_fidelity,spambase\gain_herding\budget_100\seed_1\split_fidelity.json,spambase,gain_herding,budget_100,seed_1,xgboost,0.2881647182765239,0.0,0.0,0.05307340000217664
split_fidelity,spambase\gain_herding\budget_100\seed_2\split_fidelity.json,spambase,gain_herding,budget_100,seed_2,xgboost,-0.04753147919595545,0.0,0.0,0.050500400000601076
split_fidelity,spambase\gain_herding\budget_25\seed_0\split_fidelity.json,spambase,gain_herding,budget_25,seed_0,xgboost,0.5257123138494239,0.0,0.0,0.02621549999457784
split_fidelity,spambase\gain_herding\budget_25\seed_1\split_fidelity.json,spambase,gain_herding,budget_25,seed_1,xgboost,0.534307478585518,0.0,0.0,0.029977100013638847
split_fidelity,spambase\gain_herding\budget_25\seed_2\split_fidelity.json,spambase,gain_herding,budget_25,seed_2,xgboost,0.5198387390939669,0.0,0.2,0.026056899994728155
split_fidelity,spambase\gain_herding\budget_50\seed_0\split_fidelity.json,spambase,gain_herding,budget_50,seed_0,xgboost,0.4212988578165834,0.0,0.2,0.032557400001678616
split_fidelity,spambase\gain_herding\budget_50\seed_1\split_fidelity.json,spambase,gain_herding,budget_50,seed_1,xgboost,0.49640755164150924,0.0,0.0,0.03146959999867249
split_fidelity,spambase\gain_herding\budget_50\seed_2\split_fidelity.json,spambase,gain_herding,budget_50,seed_2,xgboost,0.3026562972439905,0.0,0.0,0.03354050000780262
split_fidelity,spambase\gain_path_diverse\budget_25\seed_0\split_fidelity.json,spambase,gain_path_diverse,budget_25,seed_0,xgboost,0.5177806429905031,0.0,0.2,0.028137900000729132
split_fidelity,spambase\gain_path_diverse\budget_50\seed_0\split_fidelity.json,spambase,gain_path_diverse,budget_50,seed_0,xgboost,0.13165703433878442,0.0,0.0,0.03879050000250572
split_fidelity,spambase\gain_path_dual\budget_25\seed_0\split_fidelity.json,spambase,gain_path_dual,budget_25,seed_0,xgboost,0.6792142055302564,0.0,0.4,0.031374800000776304
split_fidelity,spambase\gain_path_dual\budget_50\seed_0\split_fidelity.json,spambase,gain_path_dual,budget_50,seed_0,xgboost,0.5348180259487554,0.0,0.0,0.04543499999999767
split_fidelity,spambase\gain_path_herding\budget_10\seed_0\split_fidelity.json,spambase,gain_path_herding,budget_10,seed_0,xgboost,0.7894622459344272,0.0,0.0,0.030034399998839945
split_fidelity,spambase\gain_path_herding\budget_10\seed_1\split_fidelity.json,spambase,gain_path_herding,budget_10,seed_1,xgboost,0.3594762263060236,0.0,0.4,0.01935070000035921
split_fidelity,spambase\gain_path_herding\budget_10\seed_2\split_fidelity.json,spambase,gain_path_herding,budget_10,seed_2,xgboost,0.5674253239925586,0.0,0.0,0.02552080000168644
split_fidelity,spambase\gain_path_herding\budget_100\seed_0\split_fidelity.json,spambase,gain_path_herding,budget_100,seed_0,xgboost,0.16636263204534388,0.0,0.0,0.06107079999856069
split_fidelity,spambase\gain_path_herding\budget_100\seed_1\split_fidelity.json,spambase,gain_path_herding,budget_100,seed_1,xgboost,0.3062666864009933,0.0,0.0,0.0499761999999464
split_fidelity,spambase\gain_path_herding\budget_100\seed_2\split_fidelity.json,spambase,gain_path_herding,budget_100,seed_2,xgboost,0.06309552723634408,0.0,0.0,0.05179649999990943
split_fidelity,spambase\gain_path_herding\budget_25\seed_0\split_fidelity.json,spambase,gain_path_herding,budget_25,seed_0,xgboost,0.7589458538357207,0.0,0.2,0.02843179999035783
split_fidelity,spambase\gain_path_herding\budget_25\seed_1\split_fidelity.json,spambase,gain_path_herding,budget_25,seed_1,xgboost,0.5151984623729254,0.0,0.2,0.026028199994470924
split_fidelity,spambase\gain_path_herding\budget_25\seed_2\split_fidelity.json,spambase,gain_path_herding,budget_25,seed_2,xgboost,0.5061464034317655,0.0,0.2,0.023619999992661178
split_fidelity,spambase\gain_path_herding\budget_50\seed_0\split_fidelity.json,spambase,gain_path_herding,budget_50,seed_0,xgboost,0.5248313201319842,0.0,0.0,0.031260200004908256
split_fidelity,spambase\gain_path_herding\budget_50\seed_1\split_fidelity.json,spambase,gain_path_herding,budget_50,seed_1,xgboost,0.386795807473531,0.0,0.0,0.03193940001074225
split_fidelity,spambase\gain_path_herding\budget_50\seed_2\split_fidelity.json,spambase,gain_path_herding,budget_50,seed_2,xgboost,0.11889498380872528,0.0,0.0,0.030515899998135865
split_fidelity,spambase\gain_path_prior_weighted\budget_25\seed_0\split_fidelity.json,spambase,gain_path_prior_weighted,budget_25,seed_0,xgboost,0.7538475023995306,0.0,0.2,0.030364099999133032
split_fidelity,spambase\gain_path_prior_weighted\budget_25\seed_1\split_fidelity.json,spambase,gain_path_prior_weighted,budget_25,seed_1,xgboost,0.47680922642157614,0.0,0.2,0.027403700001741527
split_fidelity,spambase\gain_path_prior_weighted\budget_25\seed_2\split_fidelity.json,spambase,gain_path_prior_weighted,budget_25,seed_2,xgboost,0.505657334777034,0.0,0.0,0.024711600002774503
split_fidelity,spambase\gain_path_prior_weighted\budget_50\seed_0\split_fidelity.json,spambase,gain_path_prior_weighted,budget_50,seed_0,xgboost,0.5685684808321585,0.0,0.0,0.040897499999118736
split_fidelity,spambase\gain_path_prior_weighted\budget_50\seed_1\split_fidelity.json,spambase,gain_path_prior_weighted,budget_50,seed_1,xgboost,0.38107557966391026,0.0,0.0,0.03223199999774806
split_fidelity,spambase\gain_path_prior_weighted\budget_50\seed_2\split_fidelity.json,spambase,gain_path_prior_weighted,budget_50,seed_2,xgboost,0.13129998017387132,0.0,0.0,0.033518000000185566
split_fidelity,spambase\gain_path_refined\budget_25\seed_0\split_fidelity.json,spambase,gain_path_refined,budget_25,seed_0,xgboost,0.7557845030575454,0.0,0.2,0.021882300003198907
split_fidelity,spambase\gain_path_refined\budget_25\seed_1\split_fidelity.json,spambase,gain_path_refined,budget_25,seed_1,xgboost,0.5081287843322154,0.0,0.2,0.024106899989419617
split_fidelity,spambase\gain_path_refined\budget_25\seed_2\split_fidelity.json,spambase,gain_path_refined,budget_25,seed_2,xgboost,0.5171652617456117,0.0,0.0,0.022515700009535067
split_fidelity,spambase\gain_path_refined\budget_50\seed_0\split_fidelity.json,spambase,gain_path_refined,budget_50,seed_0,xgboost,0.5449240006135462,0.0,0.0,0.030138999994960614
split_fidelity,spambase\gain_path_refined\budget_50\seed_1\split_fidelity.json,spambase,gain_path_refined,budget_50,seed_1,xgboost,0.3235350085251979,0.0,0.0,0.027101100000436418
split_fidelity,spambase\gain_path_refined\budget_50\seed_2\split_fidelity.json,spambase,gain_path_refined,budget_50,seed_2,xgboost,0.06158548674939447,0.0,0.0,0.036973299997043796
split_fidelity,spambase\gain_path_refined_weighted\budget_50\seed_0\split_fidelity.json,spambase,gain_path_refined_weighted,budget_50,seed_0,xgboost,0.3702787983258952,0.0,0.0,0.06645330000173999
split_fidelity,spambase\gain_path_safeguarded\budget_25\seed_0\split_fidelity.json,spambase,gain_path_safeguarded,budget_25,seed_0,xgboost,0.7589458538357207,0.0,0.2,0.02706880000187084
split_fidelity,spambase\gain_path_safeguarded\budget_25\seed_1\split_fidelity.json,spambase,gain_path_safeguarded,budget_25,seed_1,xgboost,0.5151984623729254,0.0,0.2,0.025832200000877492
split_fidelity,spambase\gain_path_safeguarded\budget_25\seed_2\split_fidelity.json,spambase,gain_path_safeguarded,budget_25,seed_2,xgboost,0.5061464034317655,0.0,0.2,0.02563940000254661
split_fidelity,spambase\gain_path_safeguarded\budget_50\seed_0\split_fidelity.json,spambase,gain_path_safeguarded,budget_50,seed_0,xgboost,0.5248313201319842,0.0,0.0,0.03226749999157619
split_fidelity,spambase\gain_path_safeguarded\budget_50\seed_1\split_fidelity.json,spambase,gain_path_safeguarded,budget_50,seed_1,xgboost,0.386795807473531,0.0,0.0,0.033107399998698384
split_fidelity,spambase\gain_path_safeguarded\budget_50\seed_2\split_fidelity.json,spambase,gain_path_safeguarded,budget_50,seed_2,xgboost,0.11889498380872528,0.0,0.0,0.03496649999578949
split_fidelity,spambase\gain_weighted_coreset\budget_10\seed_0\split_fidelity.json,spambase,gain_weighted_coreset,budget_10,seed_0,xgboost,0.07379184161043485,0.0,0.0,0.02878249999957916
split_fidelity,spambase\gain_weighted_coreset\budget_10\seed_1\split_fidelity.json,spambase,gain_weighted_coreset,budget_10,seed_1,xgboost,0.16424041947217852,0.0,0.2,0.027796099999250146
split_fidelity,spambase\gain_weighted_coreset\budget_10\seed_2\split_fidelity.json,spambase,gain_weighted_coreset,budget_10,seed_2,xgboost,0.1676022704816813,0.0,0.0,0.020329800001491094
split_fidelity,spambase\gain_weighted_coreset\budget_100\seed_0\split_fidelity.json,spambase,gain_weighted_coreset,budget_100,seed_0,xgboost,0.47565988295837297,0.0,0.0,0.0575671999995393
split_fidelity,spambase\gain_weighted_coreset\budget_100\seed_1\split_fidelity.json,spambase,gain_weighted_coreset,budget_100,seed_1,xgboost,0.5430259205574189,1.0,0.2,0.04871579999962705
split_fidelity,spambase\gain_weighted_coreset\budget_100\seed_2\split_fidelity.json,spambase,gain_weighted_coreset,budget_100,seed_2,xgboost,0.614888404046465,1.0,0.2,0.052798700000494136
split_fidelity,spambase\gain_weighted_coreset\budget_25\seed_0\split_fidelity.json,spambase,gain_weighted_coreset,budget_25,seed_0,xgboost,0.3081078121528545,0.0,0.0,0.0830974000000424
split_fidelity,spambase\gain_weighted_coreset\budget_25\seed_1\split_fidelity.json,spambase,gain_weighted_coreset,budget_25,seed_1,xgboost,0.2167964078163012,0.0,0.0,0.057439799998974195
split_fidelity,spambase\gain_weighted_coreset\budget_25\seed_2\split_fidelity.json,spambase,gain_weighted_coreset,budget_25,seed_2,xgboost,0.33287958827014275,0.0,0.2,0.04339110000000801
split_fidelity,spambase\gain_weighted_coreset\budget_50\seed_0\split_fidelity.json,spambase,gain_weighted_coreset,budget_50,seed_0,xgboost,0.33702801507014435,0.0,0.2,0.08636470000055851
split_fidelity,spambase\gain_weighted_coreset\budget_50\seed_1\split_fidelity.json,spambase,gain_weighted_coreset,budget_50,seed_1,xgboost,0.2759283099185906,1.0,0.2,0.08603060000132245
split_fidelity,spambase\gain_weighted_coreset\budget_50\seed_2\split_fidelity.json,spambase,gain_weighted_coreset,budget_50,seed_2,xgboost,0.43892565816916734,0.0,0.2,0.1168959000005998
split_fidelity,spambase\gradient_sampling\budget_10\seed_0\split_fidelity.json,spambase,gradient_sampling,budget_10,seed_0,xgboost,-0.2772904106700605,0.0,0.0,0.046233500000198546
split_fidelity,spambase\gradient_sampling\budget_10\seed_1\split_fidelity.json,spambase,gradient_sampling,budget_10,seed_1,xgboost,-0.4090805085657937,0.0,0.0,0.050581399999828136
split_fidelity,spambase\gradient_sampling\budget_10\seed_2\split_fidelity.json,spambase,gradient_sampling,budget_10,seed_2,xgboost,-0.23267906097989743,0.0,0.0,0.04528829999981099
split_fidelity,spambase\gradient_sampling\budget_100\seed_0\split_fidelity.json,spambase,gradient_sampling,budget_100,seed_0,xgboost,-0.0676507058152295,0.0,0.0,0.08909599999969942
split_fidelity,spambase\gradient_sampling\budget_100\seed_1\split_fidelity.json,spambase,gradient_sampling,budget_100,seed_1,xgboost,-0.054171908992771974,0.0,0.0,0.08081969999966532
split_fidelity,spambase\gradient_sampling\budget_100\seed_2\split_fidelity.json,spambase,gradient_sampling,budget_100,seed_2,xgboost,0.033782477519759616,0.0,0.0,0.08668180000040593
split_fidelity,spambase\gradient_sampling\budget_25\seed_0\split_fidelity.json,spambase,gradient_sampling,budget_25,seed_0,xgboost,-0.1559492766604095,0.0,0.0,0.05160539999997127
split_fidelity,spambase\gradient_sampling\budget_25\seed_1\split_fidelity.json,spambase,gradient_sampling,budget_25,seed_1,xgboost,-0.2689798330701109,0.0,0.0,0.059353599999667495
split_fidelity,spambase\gradient_sampling\budget_25\seed_2\split_fidelity.json,spambase,gradient_sampling,budget_25,seed_2,xgboost,-0.2957419674183176,0.0,0.0,0.05926599999929749
split_fidelity,spambase\gradient_sampling\budget_50\seed_0\split_fidelity.json,spambase,gradient_sampling,budget_50,seed_0,xgboost,-0.14859574661009986,0.0,0.0,0.06260240000028716
split_fidelity,spambase\gradient_sampling\budget_50\seed_1\split_fidelity.json,spambase,gradient_sampling,budget_50,seed_1,xgboost,-0.3806078934625804,0.0,0.0,0.06800350000048638
split_fidelity,spambase\gradient_sampling\budget_50\seed_2\split_fidelity.json,spambase,gradient_sampling,budget_50,seed_2,xgboost,-0.2334738369379887,0.0,0.0,0.06833160000041971
split_fidelity,spambase\herding\budget_10\seed_0\split_fidelity.json,spambase,herding,budget_10,seed_0,xgboost,0.09587451393218778,0.0,0.0,0.05375000000003638
split_fidelity,spambase\herding\budget_10\seed_1\split_fidelity.json,spambase,herding,budget_10,seed_1,xgboost,0.6895704761778946,0.0,0.0,0.023775699999532662
split_fidelity,spambase\herding\budget_10\seed_2\split_fidelity.json,spambase,herding,budget_10,seed_2,xgboost,0.7169506425432731,0.0,0.0,0.023900899999716785
split_fidelity,spambase\herding\budget_100\seed_0\split_fidelity.json,spambase,herding,budget_100,seed_0,xgboost,0.31668961387464306,0.0,0.0,0.09536850000040431
split_fidelity,spambase\herding\budget_100\seed_1\split_fidelity.json,spambase,herding,budget_100,seed_1,xgboost,0.54101130398613,0.0,0.2,0.05497779999859631
split_fidelity,spambase\herding\budget_100\seed_2\split_fidelity.json,spambase,herding,budget_100,seed_2,xgboost,0.4763597911598278,0.0,0.2,0.051461200000630924
split_fidelity,spambase\herding\budget_25\seed_0\split_fidelity.json,spambase,herding,budget_25,seed_0,xgboost,0.7225657305160791,0.0,0.4,0.023858800006564707
split_fidelity,spambase\herding\budget_25\seed_1\split_fidelity.json,spambase,herding,budget_25,seed_1,xgboost,0.7014021067882836,0.0,0.4,0.029227200007881038
split_fidelity,spambase\herding\budget_25\seed_2\split_fidelity.json,spambase,herding,budget_25,seed_2,xgboost,0.6754424810992217,0.0,0.4,0.02762550000625197
split_fidelity,spambase\herding\budget_50\seed_0\split_fidelity.json,spambase,herding,budget_50,seed_0,xgboost,0.6599711850918828,0.0,0.0,0.03658800000266638
split_fidelity,spambase\herding\budget_50\seed_1\split_fidelity.json,spambase,herding,budget_50,seed_1,xgboost,0.6441534777023635,0.0,0.0,0.043822799998451956
split_fidelity,spambase\herding\budget_50\seed_2\split_fidelity.json,spambase,herding,budget_50,seed_2,xgboost,0.6241765649679561,0.0,0.0,0.03316760000598151
split_fidelity,spambase\k_center\budget_10\seed_0\split_fidelity.json,spambase,k_center,budget_10,seed_0,xgboost,-0.24246166159802554,0.0,0.0,0.06700970000019879
split_fidelity,spambase\k_center\budget_10\seed_1\split_fidelity.json,spambase,k_center,budget_10,seed_1,xgboost,-0.17609469570979808,0.0,0.0,0.06263760000001639
split_fidelity,spambase\k_center\budget_10\seed_2\split_fidelity.json,spambase,k_center,budget_10,seed_2,xgboost,-0.20404766535560862,0.0,0.0,0.06816020000042045
split_fidelity,spambase\k_center\budget_100\seed_0\split_fidelity.json,spambase,k_center,budget_100,seed_0,xgboost,0.4776344526642345,0.0,0.0,0.15146670000012818
split_fidelity,spambase\k_center\budget_100\seed_1\split_fidelity.json,spambase,k_center,budget_100,seed_1,xgboost,0.4408406390794575,0.0,0.0,0.16528309999921476
split_fidelity,spambase\k_center\budget_100\seed_2\split_fidelity.json,spambase,k_center,budget_100,seed_2,xgboost,0.5029443039116986,0.0,0.2,0.15517350000027363
split_fidelity,spambase\k_center\budget_25\seed_0\split_fidelity.json,spambase,k_center,budget_25,seed_0,xgboost,0.17131795752371762,1.0,0.2,0.09416819999933068
split_fidelity,spambase\k_center\budget_25\seed_1\split_fidelity.json,spambase,k_center,budget_25,seed_1,xgboost,0.18403583783361005,0.0,0.2,0.06859220000023925
split_fidelity,spambase\k_center\budget_25\seed_2\split_fidelity.json,spambase,k_center,budget_25,seed_2,xgboost,0.2780307672212024,0.0,0.2,0.07910290000017994
split_fidelity,spambase\k_center\budget_50\seed_0\split_fidelity.json,spambase,k_center,budget_50,seed_0,xgboost,0.29453431891010573,0.0,0.0,0.08314539999992121
split_fidelity,spambase\k_center\budget_50\seed_1\split_fidelity.json,spambase,k_center,budget_50,seed_1,xgboost,0.3701312220592191,0.0,0.0,0.07729590000053577
split_fidelity,spambase\k_center\budget_50\seed_2\split_fidelity.json,spambase,k_center,budget_50,seed_2,xgboost,0.36443693934947513,0.0,0.2,0.08031710000068415
split_fidelity,spambase\math_full\budget_50\seed_0\split_fidelity.json,spambase,math_full,budget_50,seed_0,xgboost,0.31636400157091643,0.0,0.0,0.03701639999781037
split_fidelity,spambase\math_no_anchor\budget_50\seed_0\split_fidelity.json,spambase,math_no_anchor,budget_50,seed_0,xgboost,0.3160645320337242,0.0,0.0,0.0315716999975848
split_fidelity,spambase\math_no_hist\budget_50\seed_0\split_fidelity.json,spambase,math_no_hist,budget_50,seed_0,xgboost,0.3308517534494729,0.0,0.0,0.021318700000847457
split_fidelity,spambase\math_no_newton\budget_50\seed_0\split_fidelity.json,spambase,math_no_newton,budget_50,seed_0,xgboost,0.3323162325276935,0.0,0.0,0.0325330000014219
split_fidelity,spambase\math_no_probes\budget_50\seed_0\split_fidelity.json,spambase,math_no_probes,budget_50,seed_0,xgboost,0.3336346289048447,0.0,0.0,0.027279099998850143
split_fidelity,spambase\math_no_soft_routing\budget_50\seed_0\split_fidelity.json,spambase,math_no_soft_routing,budget_50,seed_0,xgboost,0.19488162736161482,0.0,0.0,0.021271199999318924
split_fidelity,spambase\math_root_only\budget_50\seed_0\split_fidelity.json,spambase,math_root_only,budget_50,seed_0,xgboost,0.2662503309690635,0.0,0.0,0.030955900001572445
split_fidelity,spambase\math_tuned\budget_50\seed_0\split_fidelity.json,spambase,math_tuned,budget_50,seed_0,xgboost,0.28535794826893923,0.0,0.0,0.038226500000746455
split_fidelity,spambase\math_tuned_more_probes\budget_50\seed_0\split_fidelity.json,spambase,math_tuned_more_probes,budget_50,seed_0,xgboost,0.21424488938836198,0.0,0.0,0.0353017000015825
split_fidelity,spambase\math_tuned_no_anchor\budget_50\seed_0\split_fidelity.json,spambase,math_tuned_no_anchor,budget_50,seed_0,xgboost,0.2872314589101541,0.0,0.0,0.03469200000108685
split_fidelity,spambase\math_tuned_no_hist\budget_50\seed_0\split_fidelity.json,spambase,math_tuned_no_hist,budget_50,seed_0,xgboost,0.3063792489528239,0.0,0.0,0.02144369999950868
split_fidelity,spambase\random\budget_10\seed_0\split_fidelity.json,spambase,random,budget_10,seed_0,xgboost,0.053033754921224405,0.0,0.0,0.06639139999970212
split_fidelity,spambase\random\budget_10\seed_1\split_fidelity.json,spambase,random,budget_10,seed_1,xgboost,0.6981726707939441,0.0,0.2,0.02212790000339737
split_fidelity,spambase\random\budget_10\seed_2\split_fidelity.json,spambase,random,budget_10,seed_2,xgboost,0.38268651018219735,0.0,0.0,0.01999200000136625
split_fidelity,spambase\random\budget_100\seed_0\split_fidelity.json,spambase,random,budget_100,seed_0,xgboost,0.33428165527502546,1.0,0.2,0.1804363999999623
split_fidelity,spambase\random\budget_100\seed_1\split_fidelity.json,spambase,random,budget_100,seed_1,xgboost,0.3328041087331273,0.0,0.0,0.04406160000144155
split_fidelity,spambase\random\budget_100\seed_2\split_fidelity.json,spambase,random,budget_100,seed_2,xgboost,0.17758876216275288,0.0,0.0,0.04143629999816767
split_fidelity,spambase\random\budget_25\seed_0\split_fidelity.json,spambase,random,budget_25,seed_0,xgboost,0.6096287158072061,0.0,0.4,0.025695799995446578
split_fidelity,spambase\random\budget_25\seed_1\split_fidelity.json,spambase,random,budget_25,seed_1,xgboost,0.6405363693830859,0.0,0.0,0.021479000002727844
split_fidelity,spambase\random\budget_25\seed_2\split_fidelity.json,spambase,random,budget_25,seed_2,xgboost,0.4025180928603627,0.0,0.0,0.02224989999376703
split_fidelity,spambase\random\budget_50\seed_0\split_fidelity.json,spambase,random,budget_50,seed_0,xgboost,0.3419443313365152,0.0,0.0,0.023514000000432134
split_fidelity,spambase\random\budget_50\seed_1\split_fidelity.json,spambase,random,budget_50,seed_1,xgboost,0.4341456288947722,0.0,0.0,0.022548299995833077
split_fidelity,spambase\random\budget_50\seed_2\split_fidelity.json,spambase,random,budget_50,seed_2,xgboost,0.37436058423309276,0.0,0.0,0.02127890000701882
split_fidelity,spambase\refined_no_conf\budget_25\seed_0\split_fidelity.json,spambase,refined_no_conf,budget_25,seed_0,xgboost,0.7557845030575454,0.0,0.2,0.016791600000033213
split_fidelity,spambase\refined_no_conf\budget_25\seed_1\split_fidelity.json,spambase,refined_no_conf,budget_25,seed_1,xgboost,0.5342805684978831,0.0,0.4,0.01742720000004283
split_fidelity,spambase\refined_no_conf\budget_25\seed_2\split_fidelity.json,spambase,refined_no_conf,budget_25,seed_2,xgboost,0.5171652617456117,0.0,0.0,0.01730859999997847
split_fidelity,spambase\refined_no_conf\budget_50\seed_0\split_fidelity.json,spambase,refined_no_conf,budget_50,seed_0,xgboost,0.5627909100048643,0.0,0.0,0.019328400000063084
split_fidelity,spambase\refined_no_conf\budget_50\seed_1\split_fidelity.json,spambase,refined_no_conf,budget_50,seed_1,xgboost,0.40267713327146915,0.0,0.0,0.02073140000004514
split_fidelity,spambase\refined_no_conf\budget_50\seed_2\split_fidelity.json,spambase,refined_no_conf,budget_50,seed_2,xgboost,0.06158548674939447,0.0,0.0,0.02039690000003702
split_fidelity,spambase\refined_no_gain_weight\budget_25\seed_0\split_fidelity.json,spambase,refined_no_gain_weight,budget_25,seed_0,xgboost,0.7557845030575454,0.0,0.2,0.023983699999917008
split_fidelity,spambase\refined_no_gain_weight\budget_25\seed_1\split_fidelity.json,spambase,refined_no_gain_weight,budget_25,seed_1,xgboost,0.5081287843322154,0.0,0.2,0.020616899999936322
split_fidelity,spambase\refined_no_gain_weight\budget_25\seed_2\split_fidelity.json,spambase,refined_no_gain_weight,budget_25,seed_2,xgboost,0.5171652617456117,0.0,0.0,0.02052009999999882
split_fidelity,spambase\refined_no_gain_weight\budget_50\seed_0\split_fidelity.json,spambase,refined_no_gain_weight,budget_50,seed_0,xgboost,0.5449240006135462,0.0,0.0,0.024470299999961753
split_fidelity,spambase\refined_no_gain_weight\budget_50\seed_1\split_fidelity.json,spambase,refined_no_gain_weight,budget_50,seed_1,xgboost,0.3235350085251979,0.0,0.0,0.02409099999999853
split_fidelity,spambase\refined_no_gain_weight\budget_50\seed_2\split_fidelity.json,spambase,refined_no_gain_weight,budget_50,seed_2,xgboost,0.06158548674939447,0.0,0.0,0.02475159999994503
split_fidelity,spambase\refined_no_grad\budget_25\seed_0\split_fidelity.json,spambase,refined_no_grad,budget_25,seed_0,xgboost,0.42175998717903695,0.0,0.2,0.017822499999965657
split_fidelity,spambase\refined_no_grad\budget_25\seed_1\split_fidelity.json,spambase,refined_no_grad,budget_25,seed_1,xgboost,0.4263782397000916,0.0,0.2,0.018098199999940334
split_fidelity,spambase\refined_no_grad\budget_25\seed_2\split_fidelity.json,spambase,refined_no_grad,budget_25,seed_2,xgboost,0.6147862493897049,0.0,0.0,0.017469400000095447
split_fidelity,spambase\refined_no_grad\budget_50\seed_0\split_fidelity.json,spambase,refined_no_grad,budget_50,seed_0,xgboost,0.40759190411149004,0.0,0.0,0.025272000000086337
split_fidelity,spambase\refined_no_grad\budget_50\seed_1\split_fidelity.json,spambase,refined_no_grad,budget_50,seed_1,xgboost,0.2091842716804535,0.0,0.0,0.022851100000025326
split_fidelity,spambase\refined_no_grad\budget_50\seed_2\split_fidelity.json,spambase,refined_no_grad,budget_50,seed_2,xgboost,0.205075333627711,0.0,0.0,0.025345000000015716
split_fidelity,spambase\refined_no_hess\budget_25\seed_0\split_fidelity.json,spambase,refined_no_hess,budget_25,seed_0,xgboost,0.5470448810866302,0.0,0.2,0.017219299999965187
split_fidelity,spambase\refined_no_hess\budget_25\seed_1\split_fidelity.json,spambase,refined_no_hess,budget_25,seed_1,xgboost,0.5783159859778709,0.0,0.2,0.01690839999992022
split_fidelity,spambase\refined_no_hess\budget_25\seed_2\split_fidelity.json,spambase,refined_no_hess,budget_25,seed_2,xgboost,0.40298662831263315,0.0,0.0,0.017400299999962954
split_fidelity,spambase\refined_no_hess\budget_50\seed_0\split_fidelity.json,spambase,refined_no_hess,budget_50,seed_0,xgboost,0.5550077424403755,0.0,0.0,0.029702499999984866
split_fidelity,spambase\refined_no_hess\budget_50\seed_1\split_fidelity.json,spambase,refined_no_hess,budget_50,seed_1,xgboost,0.3855839924830407,0.0,0.0,0.02799049999998715
split_fidelity,spambase\refined_no_hess\budget_50\seed_2\split_fidelity.json,spambase,refined_no_hess,budget_50,seed_2,xgboost,0.3027200824835326,0.0,0.0,0.025687500000003638
split_fidelity,spambase\refined_no_path\budget_25\seed_0\split_fidelity.json,spambase,refined_no_path,budget_25,seed_0,xgboost,0.47417561764292954,0.0,0.4,0.02124530000003233
split_fidelity,spambase\refined_no_path\budget_25\seed_1\split_fidelity.json,spambase,refined_no_path,budget_25,seed_1,xgboost,0.5828840310645742,0.0,0.0,0.021408199999996214
split_fidelity,spambase\refined_no_path\budget_25\seed_2\split_fidelity.json,spambase,refined_no_path,budget_25,seed_2,xgboost,0.5636478094716124,0.0,0.2,0.023320499999954336
split_fidelity,spambase\refined_no_path\budget_50\seed_0\split_fidelity.json,spambase,refined_no_path,budget_50,seed_0,xgboost,0.4244725044973158,0.0,0.2,0.027131499999995867
split_fidelity,spambase\refined_no_path\budget_50\seed_1\split_fidelity.json,spambase,refined_no_path,budget_50,seed_1,xgboost,0.47770144813118953,0.0,0.0,0.026353900000003705
split_fidelity,spambase\refined_no_path\budget_50\seed_2\split_fidelity.json,spambase,refined_no_path,budget_50,seed_2,xgboost,0.29838411208939597,0.0,0.0,0.02709119999997256
split_fidelity,spambase\refined_no_raw\budget_25\seed_0\split_fidelity.json,spambase,refined_no_raw,budget_25,seed_0,xgboost,0.5740617990113828,0.0,0.2,0.020128900000031535
split_fidelity,spambase\refined_no_raw\budget_25\seed_1\split_fidelity.json,spambase,refined_no_raw,budget_25,seed_1,xgboost,0.36137380643464756,0.0,0.0,0.021616999999992004
split_fidelity,spambase\refined_no_raw\budget_25\seed_2\split_fidelity.json,spambase,refined_no_raw,budget_25,seed_2,xgboost,0.5836637852066946,0.0,0.4,0.01886930000000575
split_fidelity,spambase\refined_no_raw\budget_50\seed_0\split_fidelity.json,spambase,refined_no_raw,budget_50,seed_0,xgboost,0.3297792499771012,0.0,0.0,0.022996999999918444
split_fidelity,spambase\refined_no_raw\budget_50\seed_1\split_fidelity.json,spambase,refined_no_raw,budget_50,seed_1,xgboost,0.08389283030198542,0.0,0.0,0.022413700000015524
split_fidelity,spambase\refined_no_raw\budget_50\seed_2\split_fidelity.json,spambase,refined_no_raw,budget_50,seed_2,xgboost,0.48340413157799844,0.0,0.0,0.0227417000000969
split_fidelity,spambase\refined_no_refine\budget_25\seed_0\split_fidelity.json,spambase,refined_no_refine,budget_25,seed_0,xgboost,0.7589458538357207,0.0,0.2,0.018208099999924343
split_fidelity,spambase\refined_no_refine\budget_25\seed_1\split_fidelity.json,spambase,refined_no_refine,budget_25,seed_1,xgboost,0.5151984623729254,0.0,0.2,0.017900999999937994
split_fidelity,spambase\refined_no_refine\budget_25\seed_2\split_fidelity.json,spambase,refined_no_refine,budget_25,seed_2,xgboost,0.5061464034317655,0.0,0.2,0.017980599999987135
split_fidelity,spambase\refined_no_refine\budget_50\seed_0\split_fidelity.json,spambase,refined_no_refine,budget_50,seed_0,xgboost,0.5248313201319842,0.0,0.0,0.027383699999973032
split_fidelity,spambase\refined_no_refine\budget_50\seed_1\split_fidelity.json,spambase,refined_no_refine,budget_50,seed_1,xgboost,0.386795807473531,0.0,0.0,0.023591699999997218
split_fidelity,spambase\refined_no_refine\budget_50\seed_2\split_fidelity.json,spambase,refined_no_refine,budget_50,seed_2,xgboost,0.11889498380872528,0.0,0.0,0.025913100000025224
split_fidelity,spambase\refined_path_occupancy_only\budget_25\seed_0\split_fidelity.json,spambase,refined_path_occupancy_only,budget_25,seed_0,xgboost,0.5282347013086547,0.0,0.0,0.018477200000006633
split_fidelity,spambase\refined_path_occupancy_only\budget_25\seed_1\split_fidelity.json,spambase,refined_path_occupancy_only,budget_25,seed_1,xgboost,0.3035605822152949,0.0,0.0,0.018084700000031262
split_fidelity,spambase\refined_path_occupancy_only\budget_25\seed_2\split_fidelity.json,spambase,refined_path_occupancy_only,budget_25,seed_2,xgboost,0.5817009015518942,0.0,0.0,0.023859600000037062
split_fidelity,spambase\refined_path_occupancy_only\budget_50\seed_0\split_fidelity.json,spambase,refined_path_occupancy_only,budget_50,seed_0,xgboost,0.357840532472042,0.0,0.0,0.023111299999982293
split_fidelity,spambase\refined_path_occupancy_only\budget_50\seed_1\split_fidelity.json,spambase,refined_path_occupancy_only,budget_50,seed_1,xgboost,0.1338797289047255,0.0,0.0,0.02597389999993993
split_fidelity,spambase\refined_path_occupancy_only\budget_50\seed_2\split_fidelity.json,spambase,refined_path_occupancy_only,budget_50,seed_2,xgboost,0.39935166322230303,0.0,0.0,0.024755400000003647
split_fidelity,spambase\tree_region\budget_10\seed_0\split_fidelity.json,spambase,tree_region,budget_10,seed_0,xgboost,-0.2772904106700605,0.0,0.0,0.057402100000217615
split_fidelity,spambase\tree_region\budget_10\seed_1\split_fidelity.json,spambase,tree_region,budget_10,seed_1,xgboost,-0.4090805085657937,0.0,0.0,0.06010160000005271
split_fidelity,spambase\tree_region\budget_10\seed_2\split_fidelity.json,spambase,tree_region,budget_10,seed_2,xgboost,-0.23267906097989743,0.0,0.0,0.05545169999913924
split_fidelity,spambase\tree_region\budget_100\seed_0\split_fidelity.json,spambase,tree_region,budget_100,seed_0,xgboost,-0.0676507058152295,0.0,0.0,0.15292799999951967
split_fidelity,spambase\tree_region\budget_100\seed_1\split_fidelity.json,spambase,tree_region,budget_100,seed_1,xgboost,-0.054171908992771974,0.0,0.0,0.07765659999950003
split_fidelity,spambase\tree_region\budget_100\seed_2\split_fidelity.json,spambase,tree_region,budget_100,seed_2,xgboost,0.033782477519759616,0.0,0.0,0.13194039999962115
split_fidelity,spambase\tree_region\budget_25\seed_0\split_fidelity.json,spambase,tree_region,budget_25,seed_0,xgboost,-0.1559492766604095,0.0,0.0,0.04715589999977965
split_fidelity,spambase\tree_region\budget_25\seed_1\split_fidelity.json,spambase,tree_region,budget_25,seed_1,xgboost,-0.2689798330701109,0.0,0.0,0.06520570000066073
split_fidelity,spambase\tree_region\budget_25\seed_2\split_fidelity.json,spambase,tree_region,budget_25,seed_2,xgboost,-0.2957419674183176,0.0,0.0,0.06695080000008602
split_fidelity,spambase\tree_region\budget_50\seed_0\split_fidelity.json,spambase,tree_region,budget_50,seed_0,xgboost,-0.14859574661009986,0.0,0.0,0.07125269999960437
split_fidelity,spambase\tree_region\budget_50\seed_1\split_fidelity.json,spambase,tree_region,budget_50,seed_1,xgboost,-0.3806078934625804,0.0,0.0,0.08322930000031192
split_fidelity,spambase\tree_region\budget_50\seed_2\split_fidelity.json,spambase,tree_region,budget_50,seed_2,xgboost,-0.2334738369379887,0.0,0.0,0.05308409999997821
split_fidelity,tic_tac_toe\distribution_matching\budget_10\seed_0\split_fidelity.json,tic_tac_toe,distribution_matching,budget_10,seed_0,xgboost,-0.06707946336429307,0.0,0.0,0.02215139999952953
split_fidelity,tic_tac_toe\distribution_matching\budget_10\seed_1\split_fidelity.json,tic_tac_toe,distribution_matching,budget_10,seed_1,xgboost,-0.5665634674922602,0.0,0.0,0.023570700000163924
split_fidelity,tic_tac_toe\distribution_matching\budget_10\seed_2\split_fidelity.json,tic_tac_toe,distribution_matching,budget_10,seed_2,xgboost,-0.12487100103199174,0.0,0.0,0.019658700000036333
split_fidelity,tic_tac_toe\distribution_matching\budget_100\seed_0\split_fidelity.json,tic_tac_toe,distribution_matching,budget_100,seed_0,xgboost,-0.1475748194014448,0.0,0.2,0.024387899999965157
split_fidelity,tic_tac_toe\distribution_matching\budget_100\seed_1\split_fidelity.json,tic_tac_toe,distribution_matching,budget_100,seed_1,xgboost,-0.11661506707946334,0.0,0.2,0.0255778000000646
split_fidelity,tic_tac_toe\distribution_matching\budget_100\seed_2\split_fidelity.json,tic_tac_toe,distribution_matching,budget_100,seed_2,xgboost,0.2672858617131063,0.0,0.2,0.02755319999960193
split_fidelity,tic_tac_toe\distribution_matching\budget_25\seed_0\split_fidelity.json,tic_tac_toe,distribution_matching,budget_25,seed_0,xgboost,-0.04231166150670795,0.0,0.4,0.02592460000050778
split_fidelity,tic_tac_toe\distribution_matching\budget_25\seed_1\split_fidelity.json,tic_tac_toe,distribution_matching,budget_25,seed_1,xgboost,-0.07120743034055728,0.0,0.0,0.028390200000103505
split_fidelity,tic_tac_toe\distribution_matching\budget_25\seed_2\split_fidelity.json,tic_tac_toe,distribution_matching,budget_25,seed_2,xgboost,-0.1867905056759546,0.0,0.0,0.02499230000012176
split_fidelity,tic_tac_toe\distribution_matching\budget_50\seed_0\split_fidelity.json,tic_tac_toe,distribution_matching,budget_50,seed_0,xgboost,-0.17853457172342618,0.0,0.0,0.02461680000033084
split_fidelity,tic_tac_toe\distribution_matching\budget_50\seed_1\split_fidelity.json,tic_tac_toe,distribution_matching,budget_50,seed_1,xgboost,0.5335397316821465,0.0,0.4,0.025439200000619167
split_fidelity,tic_tac_toe\distribution_matching\budget_50\seed_2\split_fidelity.json,tic_tac_toe,distribution_matching,budget_50,seed_2,xgboost,0.08978328173374613,0.0,0.4,0.024489499999617692
split_fidelity,tic_tac_toe\full_data\budget_10\seed_0\split_fidelity.json,tic_tac_toe,full_data,budget_10,seed_0,xgboost,1.0,1.0,1.0,0.032946999999694526
split_fidelity,tic_tac_toe\full_data\budget_10\seed_1\split_fidelity.json,tic_tac_toe,full_data,budget_10,seed_1,xgboost,0.8823529411764706,0.0,0.8,0.03673849999995582
split_fidelity,tic_tac_toe\full_data\budget_10\seed_2\split_fidelity.json,tic_tac_toe,full_data,budget_10,seed_2,xgboost,0.915376676986584,0.0,1.0,0.043525099999897066
split_fidelity,tic_tac_toe\full_data\budget_100\seed_0\split_fidelity.json,tic_tac_toe,full_data,budget_100,seed_0,xgboost,1.0,1.0,1.0,0.033099899999797344
split_fidelity,tic_tac_toe\full_data\budget_100\seed_1\split_fidelity.json,tic_tac_toe,full_data,budget_100,seed_1,xgboost,0.8823529411764706,0.0,0.8,0.034478800000215415
split_fidelity,tic_tac_toe\full_data\budget_100\seed_2\split_fidelity.json,tic_tac_toe,full_data,budget_100,seed_2,xgboost,0.915376676986584,0.0,1.0,0.032047000000602566
split_fidelity,tic_tac_toe\full_data\budget_25\seed_0\split_fidelity.json,tic_tac_toe,full_data,budget_25,seed_0,xgboost,1.0,1.0,1.0,0.04290880000007746
split_fidelity,tic_tac_toe\full_data\budget_25\seed_1\split_fidelity.json,tic_tac_toe,full_data,budget_25,seed_1,xgboost,0.8823529411764706,0.0,0.8,0.03745080000044254
split_fidelity,tic_tac_toe\full_data\budget_25\seed_2\split_fidelity.json,tic_tac_toe,full_data,budget_25,seed_2,xgboost,0.915376676986584,0.0,1.0,0.02352729999984149
split_fidelity,tic_tac_toe\full_data\budget_50\seed_0\split_fidelity.json,tic_tac_toe,full_data,budget_50,seed_0,xgboost,1.0,1.0,1.0,0.019390499999644817
split_fidelity,tic_tac_toe\full_data\budget_50\seed_1\split_fidelity.json,tic_tac_toe,full_data,budget_50,seed_1,xgboost,0.8823529411764706,0.0,0.8,0.01965310000014142
split_fidelity,tic_tac_toe\full_data\budget_50\seed_2\split_fidelity.json,tic_tac_toe,full_data,budget_50,seed_2,xgboost,0.915376676986584,0.0,1.0,0.0223679999999149
split_fidelity,tic_tac_toe\gaindistill\budget_10\seed_0\split_fidelity.json,tic_tac_toe,gaindistill,budget_10,seed_0,xgboost,0.6826163789156268,0.0,0.6,0.012255300000106217
split_fidelity,tic_tac_toe\gaindistill\budget_10\seed_1\split_fidelity.json,tic_tac_toe,gaindistill,budget_10,seed_1,xgboost,0.4360781914551222,0.0,0.4,0.010944799999379029
split_fidelity,tic_tac_toe\gaindistill\budget_10\seed_2\split_fidelity.json,tic_tac_toe,gaindistill,budget_10,seed_2,xgboost,0.7096014854807187,0.0,0.6,0.010895800000071176
split_fidelity,tic_tac_toe\gaindistill\budget_100\seed_0\split_fidelity.json,tic_tac_toe,gaindistill,budget_100,seed_0,xgboost,0.45183782605458195,0.0,0.8,0.015120399999432266
split_fidelity,tic_tac_toe\gaindistill\budget_100\seed_1\split_fidelity.json,tic_tac_toe,gaindistill,budget_100,seed_1,xgboost,0.5712560428859508,0.0,0.8,0.018125000000509317
split_fidelity,tic_tac_toe\gaindistill\budget_100\seed_2\split_fidelity.json,tic_tac_toe,gaindistill,budget_100,seed_2,xgboost,0.5850161649565727,0.0,0.4,0.01925219999975525
split_fidelity,tic_tac_toe\gaindistill\budget_25\seed_0\split_fidelity.json,tic_tac_toe,gaindistill,budget_25,seed_0,xgboost,0.5030473135729763,0.0,0.6,0.016840100000081293
split_fidelity,tic_tac_toe\gaindistill\budget_25\seed_1\split_fidelity.json,tic_tac_toe,gaindistill,budget_25,seed_1,xgboost,0.32914166533467865,0.0,0.4,0.016510999999809428
split_fidelity,tic_tac_toe\gaindistill\budget_25\seed_2\split_fidelity.json,tic_tac_toe,gaindistill,budget_25,seed_2,xgboost,0.7502343555872837,0.0,0.4,0.014119200000095589
split_fidelity,tic_tac_toe\gaindistill\budget_50\seed_0\split_fidelity.json,tic_tac_toe,gaindistill,budget_50,seed_0,xgboost,0.5858802852132743,0.0,0.6,0.02364419999958045
split_fidelity,tic_tac_toe\gaindistill\budget_50\seed_1\split_fidelity.json,tic_tac_toe,gaindistill,budget_50,seed_1,xgboost,0.6236559639473398,0.0,0.6,0.015716199999587843
split_fidelity,tic_tac_toe\gaindistill\budget_50\seed_2\split_fidelity.json,tic_tac_toe,gaindistill,budget_50,seed_2,xgboost,0.589695121101008,0.0,0.4,0.017977800000153366
split_fidelity,tic_tac_toe\gaindistill_hybrid\budget_10\seed_0\split_fidelity.json,tic_tac_toe,gaindistill_hybrid,budget_10,seed_0,xgboost,0.13106295149638802,1.0,0.6,0.031357899999420624
split_fidelity,tic_tac_toe\gaindistill_hybrid\budget_10\seed_1\split_fidelity.json,tic_tac_toe,gaindistill_hybrid,budget_10,seed_1,xgboost,0.38906088751289986,0.0,0.2,0.032581900000877795
split_fidelity,tic_tac_toe\gaindistill_hybrid\budget_10\seed_2\split_fidelity.json,tic_tac_toe,gaindistill_hybrid,budget_10,seed_2,xgboost,0.12899896800825592,1.0,0.4,0.03540670000074897
split_fidelity,tic_tac_toe\gaindistill_hybrid\budget_100\seed_0\split_fidelity.json,tic_tac_toe,gaindistill_hybrid,budget_100,seed_0,xgboost,0.6099071207430341,1.0,1.0,0.0357769999991433
split_fidelity,tic_tac_toe\gaindistill_hybrid\budget_100\seed_1\split_fidelity.json,tic_tac_toe,gaindistill_hybrid,budget_100,seed_1,xgboost,0.632610939112487,1.0,0.6,0.038974499999312684
split_fidelity,tic_tac_toe\gaindistill_hybrid\budget_100\seed_2\split_fidelity.json,tic_tac_toe,gaindistill_hybrid,budget_100,seed_2,xgboost,0.6821465428276574,0.0,0.8,0.033539999998538406
split_fidelity,tic_tac_toe\gaindistill_hybrid\budget_25\seed_0\split_fidelity.json,tic_tac_toe,gaindistill_hybrid,budget_25,seed_0,xgboost,0.8390092879256965,1.0,0.6,0.02818710000065039
split_fidelity,tic_tac_toe\gaindistill_hybrid\budget_25\seed_1\split_fidelity.json,tic_tac_toe,gaindistill_hybrid,budget_25,seed_1,xgboost,0.30443756449948395,0.0,0.4,0.02723390000028303
split_fidelity,tic_tac_toe\gaindistill_hybrid\budget_25\seed_2\split_fidelity.json,tic_tac_toe,gaindistill_hybrid,budget_25,seed_2,xgboost,0.24458204334365324,0.0,0.6,0.030863200001476798
split_fidelity,tic_tac_toe\gaindistill_hybrid\budget_50\seed_0\split_fidelity.json,tic_tac_toe,gaindistill_hybrid,budget_50,seed_0,xgboost,0.6697626418988648,0.0,0.8,0.02720500000032189
split_fidelity,tic_tac_toe\gaindistill_hybrid\budget_50\seed_1\split_fidelity.json,tic_tac_toe,gaindistill_hybrid,budget_50,seed_1,xgboost,0.3622291021671827,0.0,0.4,0.02647389999947336
split_fidelity,tic_tac_toe\gaindistill_hybrid\budget_50\seed_2\split_fidelity.json,tic_tac_toe,gaindistill_hybrid,budget_50,seed_2,xgboost,0.5190918472652218,0.0,0.8,0.02771250000114378
split_fidelity,tic_tac_toe\gaindistill_path_hybrid\budget_10\seed_0\split_fidelity.json,tic_tac_toe,gaindistill_path_hybrid,budget_10,seed_0,xgboost,-0.24664602683178533,0.0,0.4,0.023232999999891035
split_fidelity,tic_tac_toe\gaindistill_path_hybrid\budget_10\seed_1\split_fidelity.json,tic_tac_toe,gaindistill_path_hybrid,budget_10,seed_1,xgboost,0.04437564499484004,0.0,0.4,0.02931689999968512
split_fidelity,tic_tac_toe\gaindistill_path_hybrid\budget_10\seed_2\split_fidelity.json,tic_tac_toe,gaindistill_path_hybrid,budget_10,seed_2,xgboost,-0.23426212590299278,0.0,0.2,0.02497389999916777
split_fidelity,tic_tac_toe\gaindistill_path_hybrid\budget_100\seed_0\split_fidelity.json,tic_tac_toe,gaindistill_path_hybrid,budget_100,seed_0,xgboost,0.6904024767801857,0.0,0.8,0.02853020000111428
split_fidelity,tic_tac_toe\gaindistill_path_hybrid\budget_100\seed_1\split_fidelity.json,tic_tac_toe,gaindistill_path_hybrid,budget_100,seed_1,xgboost,0.7461300309597524,0.0,0.8,0.026314999999158317
split_fidelity,tic_tac_toe\gaindistill_path_hybrid\budget_100\seed_2\split_fidelity.json,tic_tac_toe,gaindistill_path_hybrid,budget_100,seed_2,xgboost,0.6243550051599587,0.0,0.8,0.019748599999729777
split_fidelity,tic_tac_toe\gaindistill_path_hybrid\budget_25\seed_0\split_fidelity.json,tic_tac_toe,gaindistill_path_hybrid,budget_25,seed_0,xgboost,0.3168214654282766,0.0,0.6,0.01591319999897678
split_fidelity,tic_tac_toe\gaindistill_path_hybrid\budget_25\seed_1\split_fidelity.json,tic_tac_toe,gaindistill_path_hybrid,budget_25,seed_1,xgboost,0.4840041279669762,0.0,0.4,0.016287000000374974
split_fidelity,tic_tac_toe\gaindistill_path_hybrid\budget_25\seed_2\split_fidelity.json,tic_tac_toe,gaindistill_path_hybrid,budget_25,seed_2,xgboost,0.1393188854489164,0.0,0.6,0.026801800000612275
split_fidelity,tic_tac_toe\gaindistill_path_hybrid\budget_50\seed_0\split_fidelity.json,tic_tac_toe,gaindistill_path_hybrid,budget_50,seed_0,xgboost,0.2507739938080495,1.0,0.4,0.029184999999415595
split_fidelity,tic_tac_toe\gaindistill_path_hybrid\budget_50\seed_1\split_fidelity.json,tic_tac_toe,gaindistill_path_hybrid,budget_50,seed_1,xgboost,0.20123839009287925,0.0,0.6,0.027629300000626245
split_fidelity,tic_tac_toe\gaindistill_path_hybrid\budget_50\seed_2\split_fidelity.json,tic_tac_toe,gaindistill_path_hybrid,budget_50,seed_2,xgboost,0.564499484004128,0.0,1.0,0.03189630000088073
split_fidelity,tic_tac_toe\gain_herding\budget_10\seed_0\split_fidelity.json,tic_tac_toe,gain_herding,budget_10,seed_0,xgboost,-0.2280701754385965,0.0,0.4,0.0458306000000448
split_fidelity,tic_tac_toe\gain_herding\budget_10\seed_1\split_fidelity.json,tic_tac_toe,gain_herding,budget_10,seed_1,xgboost,0.04437564499484004,0.0,0.2,0.02383449999979348
split_fidelity,tic_tac_toe\gain_herding\budget_10\seed_2\split_fidelity.json,tic_tac_toe,gain_herding,budget_10,seed_2,xgboost,-0.25696594427244585,0.0,0.2,0.05677780000041821
split_fidelity,tic_tac_toe\gain_herding\budget_100\seed_0\split_fidelity.json,tic_tac_toe,gain_herding,budget_100,seed_0,xgboost,0.6078431372549019,0.0,0.8,0.037261000001308275
split_fidelity,tic_tac_toe\gain_herding\budget_100\seed_1\split_fidelity.json,tic_tac_toe,gain_herding,budget_100,seed_1,xgboost,0.5933952528379773,0.0,0.8,0.054332899999280926
split_fidelity,tic_tac_toe\gain_herding\budget_100\seed_2\split_fidelity.json,tic_tac_toe,gain_herding,budget_100,seed_2,xgboost,0.5830753353973168,0.0,0.8,0.0553725999998278
split_fidelity,tic_tac_toe\gain_herding\budget_25\seed_0\split_fidelity.json,tic_tac_toe,gain_herding,budget_25,seed_0,xgboost,0.8059855521155831,1.0,0.8,0.024641099997097626
split_fidelity,tic_tac_toe\gain_herding\budget_25\seed_1\split_fidelity.json,tic_tac_toe,gain_herding,budget_25,seed_1,xgboost,0.1991744066047472,0.0,0.4,0.02554289999534376
split_fidelity,tic_tac_toe\gain_herding\budget_25\seed_2\split_fidelity.json,tic_tac_toe,gain_herding,budget_25,seed_2,xgboost,0.10835913312693499,0.0,0.6,0.022475699995993637
split_fidelity,tic_tac_toe\gain_herding\budget_50\seed_0\split_fidelity.json,tic_tac_toe,gain_herding,budget_50,seed_0,xgboost,0.6140350877192982,1.0,0.8,0.024511300012818538
split_fidelity,tic_tac_toe\gain_herding\budget_50\seed_1\split_fidelity.json,tic_tac_toe,gain_herding,budget_50,seed_1,xgboost,0.4613003095975232,0.0,0.4,0.02633990001049824
split_fidelity,tic_tac_toe\gain_herding\budget_50\seed_2\split_fidelity.json,tic_tac_toe,gain_herding,budget_50,seed_2,xgboost,0.46955624355005166,0.0,0.8,0.023519700000179
split_fidelity,tic_tac_toe\gain_path_herding\budget_10\seed_0\split_fidelity.json,tic_tac_toe,gain_path_herding,budget_10,seed_0,xgboost,0.027863777089783277,0.0,0.2,0.022347499998431886
split_fidelity,tic_tac_toe\gain_path_herding\budget_10\seed_1\split_fidelity.json,tic_tac_toe,gain_path_herding,budget_10,seed_1,xgboost,-0.2528379772961816,0.0,0.0,0.024637099999381462
split_fidelity,tic_tac_toe\gain_path_herding\budget_10\seed_2\split_fidelity.json,tic_tac_toe,gain_path_herding,budget_10,seed_2,xgboost,-0.16202270381836945,0.0,0.2,0.022911899999598972
split_fidelity,tic_tac_toe\gain_path_herding\budget_100\seed_0\split_fidelity.json,tic_tac_toe,gain_path_herding,budget_100,seed_0,xgboost,0.7791537667698658,0.0,1.0,0.026318199999877834
split_fidelity,tic_tac_toe\gain_path_herding\budget_100\seed_1\split_fidelity.json,tic_tac_toe,gain_path_herding,budget_100,seed_1,xgboost,0.8782249742002064,0.0,0.8,0.025275399999372894
split_fidelity,tic_tac_toe\gain_path_herding\budget_100\seed_2\split_fidelity.json,tic_tac_toe,gain_path_herding,budget_100,seed_2,xgboost,0.6367389060887513,0.0,1.0,0.01971369999955641
split_fidelity,tic_tac_toe\gain_path_herding\budget_25\seed_0\split_fidelity.json,tic_tac_toe,gain_path_herding,budget_25,seed_0,xgboost,0.32301341589267285,0.0,0.6,0.025910700001986697
split_fidelity,tic_tac_toe\gain_path_herding\budget_25\seed_1\split_fidelity.json,tic_tac_toe,gain_path_herding,budget_25,seed_1,xgboost,0.49226006191950467,0.0,0.6,0.026514899989706464
split_fidelity,tic_tac_toe\gain_path_herding\budget_25\seed_2\split_fidelity.json,tic_tac_toe,gain_path_herding,budget_25,seed_2,xgboost,0.1475748194014448,0.0,0.6,0.02021809999132529
split_fidelity,tic_tac_toe\gain_path_herding\budget_50\seed_0\split_fidelity.json,tic_tac_toe,gain_path_herding,budget_50,seed_0,xgboost,0.762641898864809,1.0,0.8,0.019245899995439686
split_fidelity,tic_tac_toe\gain_path_herding\budget_50\seed_1\split_fidelity.json,tic_tac_toe,gain_path_herding,budget_50,seed_1,xgboost,0.5933952528379773,0.0,0.6,0.02258429999346845
split_fidelity,tic_tac_toe\gain_path_herding\budget_50\seed_2\split_fidelity.json,tic_tac_toe,gain_path_herding,budget_50,seed_2,xgboost,0.5521155830753354,0.0,0.6,0.019713200003025122
split_fidelity,tic_tac_toe\gain_path_refined\budget_25\seed_0\split_fidelity.json,tic_tac_toe,gain_path_refined,budget_25,seed_0,xgboost,0.19711042311661509,0.0,0.4,0.021570900004007854
split_fidelity,tic_tac_toe\gain_path_refined\budget_25\seed_1\split_fidelity.json,tic_tac_toe,gain_path_refined,budget_25,seed_1,xgboost,0.4674922600619195,0.0,0.6,0.019623500003945082
split_fidelity,tic_tac_toe\gain_path_refined\budget_25\seed_2\split_fidelity.json,tic_tac_toe,gain_path_refined,budget_25,seed_2,xgboost,0.24458204334365324,0.0,0.4,0.023917400001664646
split_fidelity,tic_tac_toe\gain_path_refined\budget_50\seed_0\split_fidelity.json,tic_tac_toe,gain_path_refined,budget_50,seed_0,xgboost,0.8493292053663571,1.0,0.6,0.024286100000608712
split_fidelity,tic_tac_toe\gain_path_refined\budget_50\seed_1\split_fidelity.json,tic_tac_toe,gain_path_refined,budget_50,seed_1,xgboost,0.7337461300309597,0.0,0.8,0.020095100000617094
split_fidelity,tic_tac_toe\gain_path_refined\budget_50\seed_2\split_fidelity.json,tic_tac_toe,gain_path_refined,budget_50,seed_2,xgboost,0.6656346749226005,0.0,0.8,0.020053899992490187
split_fidelity,tic_tac_toe\gain_path_safeguarded\budget_25\seed_0\split_fidelity.json,tic_tac_toe,gain_path_safeguarded,budget_25,seed_0,xgboost,0.19711042311661509,0.0,0.4,0.025057499995455146
split_fidelity,tic_tac_toe\gain_path_safeguarded\budget_25\seed_1\split_fidelity.json,tic_tac_toe,gain_path_safeguarded,budget_25,seed_1,xgboost,0.4674922600619195,0.0,0.6,0.025606499999412335
split_fidelity,tic_tac_toe\gain_path_safeguarded\budget_25\seed_2\split_fidelity.json,tic_tac_toe,gain_path_safeguarded,budget_25,seed_2,xgboost,0.24458204334365324,0.0,0.4,0.026582199992844835
split_fidelity,tic_tac_toe\gain_path_safeguarded\budget_50\seed_0\split_fidelity.json,tic_tac_toe,gain_path_safeguarded,budget_50,seed_0,xgboost,0.8493292053663571,1.0,0.6,0.02210159999958705
split_fidelity,tic_tac_toe\gain_path_safeguarded\budget_50\seed_1\split_fidelity.json,tic_tac_toe,gain_path_safeguarded,budget_50,seed_1,xgboost,0.7337461300309597,0.0,0.8,0.0224649000010686
split_fidelity,tic_tac_toe\gain_path_safeguarded\budget_50\seed_2\split_fidelity.json,tic_tac_toe,gain_path_safeguarded,budget_50,seed_2,xgboost,0.6656346749226005,0.0,0.8,0.024762200002442114
split_fidelity,tic_tac_toe\gain_weighted_coreset\budget_10\seed_0\split_fidelity.json,tic_tac_toe,gain_weighted_coreset,budget_10,seed_0,xgboost,0.13106295149638802,1.0,0.6,0.04553909999958705
split_fidelity,tic_tac_toe\gain_weighted_coreset\budget_10\seed_1\split_fidelity.json,tic_tac_toe,gain_weighted_coreset,budget_10,seed_1,xgboost,0.38906088751289986,0.0,0.2,0.03211089999967953
split_fidelity,tic_tac_toe\gain_weighted_coreset\budget_10\seed_2\split_fidelity.json,tic_tac_toe,gain_weighted_coreset,budget_10,seed_2,xgboost,0.12899896800825592,1.0,0.4,0.028870899999674293
split_fidelity,tic_tac_toe\gain_weighted_coreset\budget_100\seed_0\split_fidelity.json,tic_tac_toe,gain_weighted_coreset,budget_100,seed_0,xgboost,0.6099071207430341,1.0,1.0,0.03364280000096187
split_fidelity,tic_tac_toe\gain_weighted_coreset\budget_100\seed_1\split_fidelity.json,tic_tac_toe,gain_weighted_coreset,budget_100,seed_1,xgboost,0.632610939112487,1.0,0.6,0.0383218000006309
split_fidelity,tic_tac_toe\gain_weighted_coreset\budget_100\seed_2\split_fidelity.json,tic_tac_toe,gain_weighted_coreset,budget_100,seed_2,xgboost,0.6821465428276574,0.0,0.8,0.037873600000239094
split_fidelity,tic_tac_toe\gain_weighted_coreset\budget_25\seed_0\split_fidelity.json,tic_tac_toe,gain_weighted_coreset,budget_25,seed_0,xgboost,0.8390092879256965,1.0,0.6,0.03779409999879135
split_fidelity,tic_tac_toe\gain_weighted_coreset\budget_25\seed_1\split_fidelity.json,tic_tac_toe,gain_weighted_coreset,budget_25,seed_1,xgboost,0.30443756449948395,0.0,0.4,0.04247930000019551
split_fidelity,tic_tac_toe\gain_weighted_coreset\budget_25\seed_2\split_fidelity.json,tic_tac_toe,gain_weighted_coreset,budget_25,seed_2,xgboost,0.24458204334365324,0.0,0.6,0.05537009999898146
split_fidelity,tic_tac_toe\gain_weighted_coreset\budget_50\seed_0\split_fidelity.json,tic_tac_toe,gain_weighted_coreset,budget_50,seed_0,xgboost,0.6697626418988648,0.0,0.8,0.041492600001220126
split_fidelity,tic_tac_toe\gain_weighted_coreset\budget_50\seed_1\split_fidelity.json,tic_tac_toe,gain_weighted_coreset,budget_50,seed_1,xgboost,0.3622291021671827,0.0,0.4,0.036707200000819284
split_fidelity,tic_tac_toe\gain_weighted_coreset\budget_50\seed_2\split_fidelity.json,tic_tac_toe,gain_weighted_coreset,budget_50,seed_2,xgboost,0.5190918472652218,0.0,0.8,0.0314870999991399
split_fidelity,tic_tac_toe\gradient_sampling\budget_10\seed_0\split_fidelity.json,tic_tac_toe,gradient_sampling,budget_10,seed_0,xgboost,0.1393188854489164,0.0,0.2,0.02962500000012369
split_fidelity,tic_tac_toe\gradient_sampling\budget_10\seed_1\split_fidelity.json,tic_tac_toe,gradient_sampling,budget_10,seed_1,xgboost,-0.05056759545923632,0.0,0.2,0.016353899999558053
split_fidelity,tic_tac_toe\gradient_sampling\budget_10\seed_2\split_fidelity.json,tic_tac_toe,gradient_sampling,budget_10,seed_2,xgboost,-0.2239422084623323,0.0,0.2,0.020327000000179396
split_fidelity,tic_tac_toe\gradient_sampling\budget_100\seed_0\split_fidelity.json,tic_tac_toe,gradient_sampling,budget_100,seed_0,xgboost,0.3498452012383901,0.0,0.2,0.022217100000489154
split_fidelity,tic_tac_toe\gradient_sampling\budget_100\seed_1\split_fidelity.json,tic_tac_toe,gradient_sampling,budget_100,seed_1,xgboost,0.4613003095975232,0.0,0.2,0.022991900000306487
split_fidelity,tic_tac_toe\gradient_sampling\budget_100\seed_2\split_fidelity.json,tic_tac_toe,gradient_sampling,budget_100,seed_2,xgboost,0.16202270381836945,0.0,0.0,0.020377900000312366
split_fidelity,tic_tac_toe\gradient_sampling\budget_25\seed_0\split_fidelity.json,tic_tac_toe,gradient_sampling,budget_25,seed_0,xgboost,0.2714138286893705,0.0,0.2,0.014770900000257825
split_fidelity,tic_tac_toe\gradient_sampling\budget_25\seed_1\split_fidelity.json,tic_tac_toe,gradient_sampling,budget_25,seed_1,xgboost,-0.2507739938080495,0.0,0.2,0.015613699999448727
split_fidelity,tic_tac_toe\gradient_sampling\budget_25\seed_2\split_fidelity.json,tic_tac_toe,gradient_sampling,budget_25,seed_2,xgboost,-0.2693498452012384,0.0,0.0,0.017348800000036135
split_fidelity,tic_tac_toe\gradient_sampling\budget_50\seed_0\split_fidelity.json,tic_tac_toe,gradient_sampling,budget_50,seed_0,xgboost,-0.2672858617131063,0.0,0.0,0.016444099999716855
split_fidelity,tic_tac_toe\gradient_sampling\budget_50\seed_1\split_fidelity.json,tic_tac_toe,gradient_sampling,budget_50,seed_1,xgboost,-0.0010319917440660476,0.0,0.4,0.024367800000618445
split_fidelity,tic_tac_toe\gradient_sampling\budget_50\seed_2\split_fidelity.json,tic_tac_toe,gradient_sampling,budget_50,seed_2,xgboost,-0.07533539731682146,0.0,0.0,0.024390100000346138
split_fidelity,tic_tac_toe\herding\budget_10\seed_0\split_fidelity.json,tic_tac_toe,herding,budget_10,seed_0,xgboost,-0.29205366357069146,0.0,0.0,0.018172000000049593
split_fidelity,tic_tac_toe\herding\budget_10\seed_1\split_fidelity.json,tic_tac_toe,herding,budget_10,seed_1,xgboost,-0.19504643962848298,0.0,0.0,0.024133699999765668
split_fidelity,tic_tac_toe\herding\budget_10\seed_2\split_fidelity.json,tic_tac_toe,herding,budget_10,seed_2,xgboost,-0.38906088751289986,0.0,0.0,0.020903500000713393
split_fidelity,tic_tac_toe\herding\budget_100\seed_0\split_fidelity.json,tic_tac_toe,herding,budget_100,seed_0,xgboost,0.7358101135190918,0.0,0.8,0.023046299999805342
split_fidelity,tic_tac_toe\herding\budget_100\seed_1\split_fidelity.json,tic_tac_toe,herding,budget_100,seed_1,xgboost,0.6305469556243549,0.0,0.6,0.02139459999943938
split_fidelity,tic_tac_toe\herding\budget_100\seed_2\split_fidelity.json,tic_tac_toe,herding,budget_100,seed_2,xgboost,0.5727554179566564,1.0,0.8,0.02672030000030645
split_fidelity,tic_tac_toe\herding\budget_25\seed_0\split_fidelity.json,tic_tac_toe,herding,budget_25,seed_0,xgboost,0.3663570691434469,0.0,0.4,0.02383949999057222
split_fidelity,tic_tac_toe\herding\budget_25\seed_1\split_fidelity.json,tic_tac_toe,herding,budget_25,seed_1,xgboost,0.29411764705882354,0.0,0.2,0.023131100009777583
split_fidelity,tic_tac_toe\herding\budget_25\seed_2\split_fidelity.json,tic_tac_toe,herding,budget_25,seed_2,xgboost,0.2280701754385965,0.0,0.4,0.01939719999791123
split_fidelity,tic_tac_toe\herding\budget_50\seed_0\split_fidelity.json,tic_tac_toe,herding,budget_50,seed_0,xgboost,0.5975232198142414,1.0,0.6,0.024689400001079775
split_fidelity,tic_tac_toe\herding\budget_50\seed_1\split_fidelity.json,tic_tac_toe,herding,budget_50,seed_1,xgboost,0.5190918472652218,0.0,0.4,0.024569900007918477
split_fidelity,tic_tac_toe\herding\budget_50\seed_2\split_fidelity.json,tic_tac_toe,herding,budget_50,seed_2,xgboost,0.5190918472652218,0.0,0.6,0.02349069999763742
split_fidelity,tic_tac_toe\k_center\budget_10\seed_0\split_fidelity.json,tic_tac_toe,k_center,budget_10,seed_0,xgboost,0.04850361197110423,0.0,0.2,0.021496299999853363
split_fidelity,tic_tac_toe\k_center\budget_10\seed_1\split_fidelity.json,tic_tac_toe,k_center,budget_10,seed_1,xgboost,0.029927760577915376,0.0,0.2,0.022440099999585073
split_fidelity,tic_tac_toe\k_center\budget_10\seed_2\split_fidelity.json,tic_tac_toe,k_center,budget_10,seed_2,xgboost,-0.28586171310629516,0.0,0.2,0.01730429999952321
split_fidelity,tic_tac_toe\k_center\budget_100\seed_0\split_fidelity.json,tic_tac_toe,k_center,budget_100,seed_0,xgboost,0.653250773993808,0.0,0.8,0.026944100000036997
split_fidelity,tic_tac_toe\k_center\budget_100\seed_1\split_fidelity.json,tic_tac_toe,k_center,budget_100,seed_1,xgboost,0.8039215686274509,0.0,0.6,0.02818589999969845
split_fidelity,tic_tac_toe\k_center\budget_100\seed_2\split_fidelity.json,tic_tac_toe,k_center,budget_100,seed_2,xgboost,0.8472652218782251,0.0,0.8,0.02658010000050126
split_fidelity,tic_tac_toe\k_center\budget_25\seed_0\split_fidelity.json,tic_tac_toe,k_center,budget_25,seed_0,xgboost,0.5376676986584108,0.0,0.6,0.024152899999535293
split_fidelity,tic_tac_toe\k_center\budget_25\seed_1\split_fidelity.json,tic_tac_toe,k_center,budget_25,seed_1,xgboost,0.47368421052631576,0.0,0.6,0.025170399999296933
split_fidelity,tic_tac_toe\k_center\budget_25\seed_2\split_fidelity.json,tic_tac_toe,k_center,budget_25,seed_2,xgboost,0.3498452012383901,0.0,0.8,0.023181599999588798
split_fidelity,tic_tac_toe\k_center\budget_50\seed_0\split_fidelity.json,tic_tac_toe,k_center,budget_50,seed_0,xgboost,0.8431372549019607,0.0,1.0,0.028779599999325
split_fidelity,tic_tac_toe\k_center\budget_50\seed_1\split_fidelity.json,tic_tac_toe,k_center,budget_50,seed_1,xgboost,0.6243550051599587,0.0,0.8,0.026769200000671844
split_fidelity,tic_tac_toe\k_center\budget_50\seed_2\split_fidelity.json,tic_tac_toe,k_center,budget_50,seed_2,xgboost,0.43653250773993807,0.0,0.6,0.024933100000453123
split_fidelity,tic_tac_toe\random\budget_10\seed_0\split_fidelity.json,tic_tac_toe,random,budget_10,seed_0,xgboost,0.11661506707946334,0.0,0.0,0.02121309999984078
split_fidelity,tic_tac_toe\random\budget_10\seed_1\split_fidelity.json,tic_tac_toe,random,budget_10,seed_1,xgboost,0.4097007223942208,0.0,0.6,0.02012620000004972
split_fidelity,tic_tac_toe\random\budget_10\seed_2\split_fidelity.json,tic_tac_toe,random,budget_10,seed_2,xgboost,0.24045407636738902,0.0,0.4,0.02511049999975512
split_fidelity,tic_tac_toe\random\budget_100\seed_0\split_fidelity.json,tic_tac_toe,random,budget_100,seed_0,xgboost,0.7564499484004128,1.0,0.8,0.03293790000043373
split_fidelity,tic_tac_toe\random\budget_100\seed_1\split_fidelity.json,tic_tac_toe,random,budget_100,seed_1,xgboost,0.760577915376677,0.0,0.8,0.03157420000025013
split_fidelity,tic_tac_toe\random\budget_100\seed_2\split_fidelity.json,tic_tac_toe,random,budget_100,seed_2,xgboost,0.6862745098039216,0.0,0.6,0.030290000000604778
split_fidelity,tic_tac_toe\random\budget_25\seed_0\split_fidelity.json,tic_tac_toe,random,budget_25,seed_0,xgboost,0.27554179566563464,1.0,0.6,0.024972800005343743
split_fidelity,tic_tac_toe\random\budget_25\seed_1\split_fidelity.json,tic_tac_toe,random,budget_25,seed_1,xgboost,0.43653250773993807,1.0,0.6,0.02024899999378249
split_fidelity,tic_tac_toe\random\budget_25\seed_2\split_fidelity.json,tic_tac_toe,random,budget_25,seed_2,xgboost,0.3684210526315789,0.0,0.6,0.02250869999988936
split_fidelity,tic_tac_toe\random\budget_50\seed_0\split_fidelity.json,tic_tac_toe,random,budget_50,seed_0,xgboost,0.8059855521155831,0.0,0.6,0.02483619999838993
split_fidelity,tic_tac_toe\random\budget_50\seed_1\split_fidelity.json,tic_tac_toe,random,budget_50,seed_1,xgboost,0.7729618163054695,1.0,0.8,0.022371099999872968
split_fidelity,tic_tac_toe\random\budget_50\seed_2\split_fidelity.json,tic_tac_toe,random,budget_50,seed_2,xgboost,0.5562435500515995,0.0,0.8,0.020935199994710274
split_fidelity,tic_tac_toe\tree_region\budget_10\seed_0\split_fidelity.json,tic_tac_toe,tree_region,budget_10,seed_0,xgboost,0.1393188854489164,0.0,0.2,0.019064999999500287
split_fidelity,tic_tac_toe\tree_region\budget_10\seed_1\split_fidelity.json,tic_tac_toe,tree_region,budget_10,seed_1,xgboost,-0.05056759545923632,0.0,0.2,0.019671099999868602
split_fidelity,tic_tac_toe\tree_region\budget_10\seed_2\split_fidelity.json,tic_tac_toe,tree_region,budget_10,seed_2,xgboost,-0.2239422084623323,0.0,0.2,0.017354200000227138
split_fidelity,tic_tac_toe\tree_region\budget_100\seed_0\split_fidelity.json,tic_tac_toe,tree_region,budget_100,seed_0,xgboost,0.3498452012383901,0.0,0.2,0.023137299999689276
split_fidelity,tic_tac_toe\tree_region\budget_100\seed_1\split_fidelity.json,tic_tac_toe,tree_region,budget_100,seed_1,xgboost,0.4613003095975232,0.0,0.2,0.023028900000099384
split_fidelity,tic_tac_toe\tree_region\budget_100\seed_2\split_fidelity.json,tic_tac_toe,tree_region,budget_100,seed_2,xgboost,0.16202270381836945,0.0,0.0,0.02349950000007084
split_fidelity,tic_tac_toe\tree_region\budget_25\seed_0\split_fidelity.json,tic_tac_toe,tree_region,budget_25,seed_0,xgboost,0.2714138286893705,0.0,0.2,0.032189600000492646
split_fidelity,tic_tac_toe\tree_region\budget_25\seed_1\split_fidelity.json,tic_tac_toe,tree_region,budget_25,seed_1,xgboost,-0.2507739938080495,0.0,0.2,0.03649099999984173
split_fidelity,tic_tac_toe\tree_region\budget_25\seed_2\split_fidelity.json,tic_tac_toe,tree_region,budget_25,seed_2,xgboost,-0.2693498452012384,0.0,0.0,0.033710599999722035
split_fidelity,tic_tac_toe\tree_region\budget_50\seed_0\split_fidelity.json,tic_tac_toe,tree_region,budget_50,seed_0,xgboost,-0.2672858617131063,0.0,0.0,0.027335199999470206
split_fidelity,tic_tac_toe\tree_region\budget_50\seed_1\split_fidelity.json,tic_tac_toe,tree_region,budget_50,seed_1,xgboost,-0.0010319917440660476,0.0,0.4,0.028228799999851617
split_fidelity,tic_tac_toe\tree_region\budget_50\seed_2\split_fidelity.json,tic_tac_toe,tree_region,budget_50,seed_2,xgboost,-0.07533539731682146,0.0,0.0,0.02862710000044899
