dataset,method,budget,root_agreement_mean,top5_overlap_mean,gain_rank_correlation_mean
adult,distribution_matching,budget_10,0.0,0.06666666666666667,0.23475000024974738
adult,distribution_matching,budget_100,0.0,0.13333333333333333,0.3411361104590238
adult,distribution_matching,budget_25,0.0,0.06666666666666667,0.21160181479610343
adult,distribution_matching,budget_50,0.0,0.06666666666666667,0.28136744945916264
adult,full_data,budget_10,0.3333333333333333,0.4666666666666666,0.9647288845153318
adult,full_data,budget_100,0.3333333333333333,0.4666666666666666,0.9647288845153318
adult,full_data,budget_25,0.3333333333333333,0.4666666666666666,0.9647288845153318
adult,full_data,budget_50,0.3333333333333333,0.4666666666666666,0.9647288845153318
adult,gain_herding,budget_10,0.0,0.06666666666666667,0.34616122976384284
adult,gain_herding,budget_100,0.0,0.0,0.49145839022812404
adult,gain_herding,budget_25,0.0,0.26666666666666666,0.429603201195175
adult,gain_herding,budget_50,0.0,0.20000000000000004,0.4899634453441979
adult,gain_path_diverse,budget_25,0.0,0.4,0.4475998218880746
adult,gain_path_diverse,budget_50,0.0,0.0,0.461029983506392
adult,gain_path_dual,budget_25,0.0,0.2,0.5255633801812775
adult,gain_path_dual,budget_50,0.0,0.0,0.6048731390150325
adult,gain_path_herding,budget_10,0.0,0.3333333333333333,0.5100782897863109
adult,gain_path_herding,budget_100,0.0,0.13333333333333333,0.5161196215180147
adult,gain_path_herding,budget_25,0.0,0.20000000000000004,0.5676076558171703
adult,gain_path_herding,budget_50,0.0,0.13333333333333333,0.4690188484992903
adult,gain_path_prior_weighted,budget_25,0.0,0.20000000000000004,0.5951038809699848
adult,gain_path_prior_weighted,budget_50,0.0,0.20000000000000004,0.48654402796555773
adult,gain_path_refined,budget_25,0.0,0.13333333333333333,0.5549763496517063
adult,gain_path_refined,budget_50,0.0,0.13333333333333333,0.5102999652856576
adult,gain_path_refined_weighted,budget_50,0.0,0.2,0.26122998282680204
adult,gain_path_safeguarded,budget_25,0.0,0.13333333333333333,0.5549763496517063
adult,gain_path_safeguarded,budget_50,0.0,0.13333333333333333,0.5102999652856576
adult,gain_weighted_coreset,budget_10,0.0,0.06666666666666667,0.28465699824006935
adult,gain_weighted_coreset,budget_100,0.3333333333333333,0.26666666666666666,0.4256063561227604
adult,gain_weighted_coreset,budget_25,0.0,0.06666666666666667,0.1984656396216915
adult,gain_weighted_coreset,budget_50,0.0,0.20000000000000004,0.3787755330146803
adult,gaindistill,budget_10,0.3333333333333333,0.06666666666666667,-0.11153222019969199
adult,gaindistill,budget_100,0.3333333333333333,0.26666666666666666,-0.06250716227394101
adult,gaindistill,budget_25,0.3333333333333333,0.20000000000000004,0.07788789172915211
adult,gaindistill,budget_50,0.3333333333333333,0.06666666666666667,-0.03835614857144961
adult,gaindistill_anchor,budget_25,0.0,0.13333333333333333,0.31778883737101743
adult,gaindistill_anchor,budget_50,0.0,0.13333333333333333,0.25446170631980636
adult,gaindistill_full,budget_25,0.0,0.13333333333333333,0.31778883737101743
adult,gaindistill_full,budget_50,0.0,0.13333333333333333,0.25446170631980636
adult,gaindistill_hybrid,budget_10,0.0,0.06666666666666667,0.28465699824006935
adult,gaindistill_hybrid,budget_100,0.3333333333333333,0.26666666666666666,0.4256063561227604
adult,gaindistill_hybrid,budget_25,0.0,0.06666666666666667,0.1984656396216915
adult,gaindistill_hybrid,budget_50,0.0,0.20000000000000004,0.3787755330146803
adult,gaindistill_path_hybrid,budget_10,0.0,0.06666666666666667,0.24950253595952576
adult,gaindistill_path_hybrid,budget_100,0.0,0.20000000000000004,0.47137656312716275
adult,gaindistill_path_hybrid,budget_25,0.0,0.06666666666666667,0.35382978324554876
adult,gaindistill_path_hybrid,budget_50,0.0,0.06666666666666667,0.3478240866196129
adult,gradient_sampling,budget_10,0.0,0.06666666666666667,0.4105571638912228
adult,gradient_sampling,budget_100,0.0,0.0,0.2749818151701553
adult,gradient_sampling,budget_25,0.0,0.0,0.3276118390432606
adult,gradient_sampling,budget_50,0.0,0.0,0.3411959993133742
adult,herding,budget_10,0.0,0.20000000000000004,0.3660981568766535
adult,herding,budget_100,0.0,0.13333333333333333,0.40738870765806706
adult,herding,budget_25,0.0,0.0,0.4856769813301885
adult,herding,budget_50,0.0,0.3333333333333333,0.5492198571118673
adult,k_center,budget_10,0.0,0.0,-0.008236493676510784
adult,k_center,budget_100,0.0,0.06666666666666667,0.4183249790589834
adult,k_center,budget_25,0.0,0.0,0.1384710411730765
adult,k_center,budget_50,0.0,0.0,0.21484422299000616
adult,math_full,budget_50,0.0,0.0,0.31731293914591446
adult,math_no_anchor,budget_50,0.0,0.0,0.31731293914591446
adult,math_no_hist,budget_50,0.0,0.0,0.16719489957706177
adult,math_no_newton,budget_50,0.0,0.0,0.1664484937753785
adult,math_no_probes,budget_50,0.0,0.2,0.2825485234735735
adult,math_no_soft_routing,budget_50,0.0,0.0,0.06455279266679306
adult,math_root_only,budget_50,0.0,0.2,0.2439729145411224
adult,math_tuned,budget_50,0.0,0.2,0.36663226795107995
adult,math_tuned_more_probes,budget_50,0.0,0.2,0.3651733838841535
adult,math_tuned_no_anchor,budget_50,0.0,0.2,0.36663226795107995
adult,math_tuned_no_hist,budget_50,0.0,0.2,0.36725427278581596
adult,random,budget_10,0.0,0.06666666666666667,0.22879147629124177
adult,random,budget_100,0.0,0.13333333333333333,0.3752717022907099
adult,random,budget_25,0.0,0.26666666666666666,0.22908030945182464
adult,random,budget_50,0.0,0.26666666666666666,0.41060764863892457
adult,refined_no_conf,budget_25,0.0,0.13333333333333333,0.5497805060250104
adult,refined_no_conf,budget_50,0.0,0.06666666666666667,0.5583775878718013
adult,refined_no_gain_weight,budget_25,0.0,0.13333333333333333,0.5549763496517063
adult,refined_no_gain_weight,budget_50,0.0,0.13333333333333333,0.5102999652856576
adult,refined_no_grad,budget_25,0.0,0.3333333333333333,0.31178218611026537
adult,refined_no_grad,budget_50,0.0,0.26666666666666666,0.4875427450579461
adult,refined_no_hess,budget_25,0.0,0.26666666666666666,0.43868654931131096
adult,refined_no_hess,budget_50,0.0,0.06666666666666667,0.5453368886061954
adult,refined_no_path,budget_25,0.0,0.3333333333333333,0.43966284211335355
adult,refined_no_path,budget_50,0.0,0.26666666666666666,0.4882775351508039
adult,refined_no_raw,budget_25,0.0,0.26666666666666666,0.511096288464881
adult,refined_no_raw,budget_50,0.0,0.20000000000000004,0.5293545576328432
adult,refined_no_refine,budget_25,0.0,0.20000000000000004,0.5676076558171703
adult,refined_no_refine,budget_50,0.0,0.13333333333333333,0.4690188484992903
adult,refined_path_occupancy_only,budget_25,0.0,0.06666666666666667,0.4326500261755717
adult,refined_path_occupancy_only,budget_50,0.0,0.20000000000000004,0.4788117286444045
adult,sketch_no_conf,budget_50,0.0,0.0,0.2874229735996674
adult,sketch_no_gain_weight,budget_50,0.0,0.0,0.2874229735996674
adult,sketch_no_grad,budget_50,0.0,0.0,0.3262764950636184
adult,sketch_no_hess,budget_50,0.0,0.0,0.2716677505544555
adult,sketch_no_raw,budget_50,0.0,0.0,0.26071433127605714
adult,sketch_occupancy_only,budget_50,0.0,0.0,0.45421623762028923
adult,tree_region,budget_10,0.0,0.06666666666666667,0.4105571638912228
adult,tree_region,budget_100,0.0,0.0,0.2749818151701553
adult,tree_region,budget_25,0.0,0.0,0.3276118390432606
adult,tree_region,budget_50,0.0,0.0,0.3411959993133742
agaricus_lepiota,distribution_matching,budget_10,0.0,0.13333333333333333,0.3156211948254059
agaricus_lepiota,distribution_matching,budget_100,1.0,0.26666666666666666,0.3583948271949493
agaricus_lepiota,distribution_matching,budget_25,0.3333333333333333,0.13333333333333333,0.39300143759426714
agaricus_lepiota,distribution_matching,budget_50,1.0,0.3333333333333333,0.3313004286598276
agaricus_lepiota,full_data,budget_10,1.0,0.7999999999999999,0.9711746874275317
agaricus_lepiota,full_data,budget_100,1.0,0.7999999999999999,0.9711746874275317
agaricus_lepiota,full_data,budget_25,1.0,0.7999999999999999,0.9711746874275317
agaricus_lepiota,full_data,budget_50,1.0,0.7999999999999999,0.9711746874275317
agaricus_lepiota,gain_herding,budget_10,1.0,0.20000000000000004,0.35335775082305565
agaricus_lepiota,gain_herding,budget_100,0.6666666666666666,0.4000000000000001,0.6983643667902258
agaricus_lepiota,gain_herding,budget_25,0.6666666666666666,0.39999999999999997,0.4272359310300744
agaricus_lepiota,gain_herding,budget_50,1.0,0.5333333333333333,0.4936908430501687
agaricus_lepiota,gain_path_herding,budget_10,0.3333333333333333,0.3333333333333333,0.35569229662492735
agaricus_lepiota,gain_path_herding,budget_100,1.0,0.6,0.7149299829248758
agaricus_lepiota,gain_path_herding,budget_25,0.6666666666666666,0.3333333333333333,0.45556342429991536
agaricus_lepiota,gain_path_herding,budget_50,0.3333333333333333,0.4000000000000001,0.5444591264138725
agaricus_lepiota,gain_path_refined,budget_25,0.6666666666666666,0.3333333333333333,0.4730206475353753
agaricus_lepiota,gain_path_refined,budget_50,0.3333333333333333,0.4666666666666666,0.5544359604815637
agaricus_lepiota,gain_path_safeguarded,budget_25,0.6666666666666666,0.3333333333333333,0.4730206475353753
agaricus_lepiota,gain_path_safeguarded,budget_50,0.3333333333333333,0.4666666666666666,0.5544359604815637
agaricus_lepiota,gain_weighted_coreset,budget_10,0.6666666666666666,0.3333333333333333,0.3266192066448827
agaricus_lepiota,gain_weighted_coreset,budget_100,0.3333333333333333,0.3333333333333333,0.5135573221728348
agaricus_lepiota,gain_weighted_coreset,budget_25,0.0,0.4666666666666666,0.3792712456409038
agaricus_lepiota,gain_weighted_coreset,budget_50,0.3333333333333333,0.4000000000000001,0.5405667654079296
agaricus_lepiota,gaindistill,budget_10,0.3333333333333333,0.20000000000000004,0.14225976141107946
agaricus_lepiota,gaindistill,budget_100,0.0,0.20000000000000004,0.1478431271307352
agaricus_lepiota,gaindistill,budget_25,0.3333333333333333,0.20000000000000004,0.05143311893265526
agaricus_lepiota,gaindistill,budget_50,0.0,0.20000000000000004,0.16553480355553535
agaricus_lepiota,gaindistill_hybrid,budget_10,0.6666666666666666,0.3333333333333333,0.3266192066448827
agaricus_lepiota,gaindistill_hybrid,budget_100,0.3333333333333333,0.3333333333333333,0.5135573221728348
agaricus_lepiota,gaindistill_hybrid,budget_25,0.0,0.4666666666666666,0.3792712456409038
agaricus_lepiota,gaindistill_hybrid,budget_50,0.3333333333333333,0.4000000000000001,0.5405667654079296
agaricus_lepiota,gaindistill_path_hybrid,budget_10,0.3333333333333333,0.20000000000000004,0.3335440058148896
agaricus_lepiota,gaindistill_path_hybrid,budget_100,0.6666666666666666,0.4000000000000001,0.5858738843100965
agaricus_lepiota,gaindistill_path_hybrid,budget_25,0.0,0.4666666666666666,0.43666023311498486
agaricus_lepiota,gaindistill_path_hybrid,budget_50,0.0,0.4666666666666666,0.5185597825647544
agaricus_lepiota,gradient_sampling,budget_10,0.0,0.0,0.14344708902115047
agaricus_lepiota,gradient_sampling,budget_100,0.0,0.20000000000000004,0.3684888122298786
agaricus_lepiota,gradient_sampling,budget_25,0.0,0.0,0.1731195698089751
agaricus_lepiota,gradient_sampling,budget_50,0.0,0.13333333333333333,0.31233079984072426
agaricus_lepiota,herding,budget_10,0.0,0.4000000000000001,0.2373789907635445
agaricus_lepiota,herding,budget_100,1.0,0.3333333333333333,0.42326881148074064
agaricus_lepiota,herding,budget_25,0.0,0.20000000000000004,0.3545204030482956
agaricus_lepiota,herding,budget_50,0.0,0.39999999999999997,0.4072330090387615
agaricus_lepiota,k_center,budget_10,0.0,0.3333333333333333,0.47336383154896905
agaricus_lepiota,k_center,budget_100,0.6666666666666666,0.39999999999999997,0.7117432512520394
agaricus_lepiota,k_center,budget_25,0.0,0.6666666666666666,0.608577086613478
agaricus_lepiota,k_center,budget_50,1.0,0.6,0.6096760031844518
agaricus_lepiota,random,budget_10,0.3333333333333333,0.4000000000000001,0.2568659578788334
agaricus_lepiota,random,budget_100,1.0,0.6,0.550588525151943
agaricus_lepiota,random,budget_25,0.3333333333333333,0.3333333333333333,0.44646924320868714
agaricus_lepiota,random,budget_50,0.0,0.3333333333333333,0.4234995406970445
agaricus_lepiota,sketch_no_conf,budget_50,1.0,0.4,0.5149472983188091
agaricus_lepiota,sketch_no_gain_weight,budget_50,1.0,0.4,0.5149472983188091
agaricus_lepiota,sketch_no_grad,budget_50,0.0,0.6,0.5801076644341128
agaricus_lepiota,sketch_no_hess,budget_50,1.0,0.6,0.6196931750344553
agaricus_lepiota,sketch_no_raw,budget_50,1.0,0.6,0.68897800705018
agaricus_lepiota,sketch_occupancy_only,budget_50,0.0,0.4,0.4997320015347639
agaricus_lepiota,tree_region,budget_10,0.0,0.0,0.14344708902115047
agaricus_lepiota,tree_region,budget_100,0.0,0.20000000000000004,0.3684888122298786
agaricus_lepiota,tree_region,budget_25,0.0,0.0,0.1731195698089751
agaricus_lepiota,tree_region,budget_50,0.0,0.13333333333333333,0.31233079984072426
australian,ablation_full,budget_50,0.0,0.0,-0.07708805106169259
australian,ablation_no_child,budget_50,0.0,0.0,0.02258761085528273
australian,ablation_no_entropy_anneal,budget_50,0.0,0.2,-0.04096760016585501
australian,ablation_no_gain,budget_50,1.0,0.4,-0.21383910802816739
australian,ablation_no_hist,budget_50,0.0,0.2,-0.052283547650056036
australian,ablation_no_margin,budget_50,0.0,0.0,-0.22676272350543394
australian,ablation_no_marginal,budget_50,0.0,0.0,-0.18055029173132459
australian,ablation_no_newton,budget_50,0.0,0.0,-0.0752644577295871
australian,ablation_no_pairwise,budget_50,0.0,0.0,-0.10371428990865916
australian,distribution_matching,budget_10,0.0,0.13333333333333333,0.05084920864213318
australian,distribution_matching,budget_100,0.3333333333333333,0.20000000000000004,0.28047750152903284
australian,distribution_matching,budget_25,0.0,0.06666666666666667,0.16429566108498897
australian,distribution_matching,budget_50,0.0,0.06666666666666667,0.26053188752244494
australian,full_data,budget_10,0.6666666666666666,0.7999999999999999,0.9286456271911572
australian,full_data,budget_100,0.6666666666666666,0.7999999999999999,0.9286456271911572
australian,full_data,budget_25,0.6666666666666666,0.7999999999999999,0.9286456271911572
australian,full_data,budget_50,0.6666666666666666,0.7999999999999999,0.9286456271911572
australian,gain_herding,budget_10,0.6666666666666666,0.3333333333333333,0.6188192711179881
australian,gain_herding,budget_100,0.6666666666666666,0.3333333333333333,0.31467671554068805
australian,gain_herding,budget_25,0.3333333333333333,0.3333333333333333,0.2518908766025329
australian,gain_herding,budget_50,0.3333333333333333,0.3333333333333333,0.32142109064776897
australian,gain_path_diverse,budget_25,0.0,0.0,-0.07124082359519561
australian,gain_path_diverse,budget_50,0.0,0.2,0.17417978293796604
australian,gain_path_dual,budget_25,1.0,0.2,0.4169990911455912
australian,gain_path_dual,budget_50,1.0,0.4,0.28127473778491596
australian,gain_path_herding,budget_10,1.0,0.26666666666666666,0.502689832903534
australian,gain_path_herding,budget_100,0.3333333333333333,0.20000000000000004,0.3617257212452152
australian,gain_path_herding,budget_25,0.0,0.26666666666666666,0.2754432434106623
australian,gain_path_herding,budget_50,0.3333333333333333,0.20000000000000004,0.3639648167019553
australian,gain_path_prior_weighted,budget_25,0.0,0.26666666666666666,0.24840194870762802
australian,gain_path_prior_weighted,budget_50,0.3333333333333333,0.26666666666666666,0.3352843508160552
australian,gain_path_refined,budget_25,0.0,0.26666666666666666,0.24383897358878004
australian,gain_path_refined,budget_50,0.0,0.20000000000000004,0.40275916219494334
australian,gain_path_refined_weighted,budget_50,0.0,0.2,0.26861600973353555
australian,gain_path_safeguarded,budget_25,0.0,0.26666666666666666,0.24383897358878004
australian,gain_path_safeguarded,budget_50,0.0,0.20000000000000004,0.40275916219494334
australian,gain_weighted_coreset,budget_10,0.0,0.06666666666666667,0.088597660791066
australian,gain_weighted_coreset,budget_100,0.0,0.3333333333333333,0.5218816866859738
australian,gain_weighted_coreset,budget_25,0.0,0.13333333333333333,0.32494752424084045
australian,gain_weighted_coreset,budget_50,0.0,0.13333333333333333,0.2820197644081936
australian,gaindistill,budget_10,0.0,0.13333333333333333,-0.09080441690895041
australian,gaindistill,budget_100,0.0,0.06666666666666667,-0.0769258859006972
australian,gaindistill,budget_25,0.0,0.13333333333333333,-0.15617112596869434
australian,gaindistill,budget_50,0.0,0.13333333333333333,-0.17276428637348498
australian,gaindistill_anchor,budget_25,0.6666666666666666,0.3333333333333333,0.30782204154847176
australian,gaindistill_anchor,budget_50,0.0,0.26666666666666666,0.3536662669951272
australian,gaindistill_full,budget_25,0.6666666666666666,0.26666666666666666,0.30672873099192705
australian,gaindistill_full,budget_50,0.0,0.26666666666666666,0.35375185886718175
australian,gaindistill_hybrid,budget_10,0.0,0.06666666666666667,0.088597660791066
australian,gaindistill_hybrid,budget_100,0.0,0.3333333333333333,0.5218816866859738
australian,gaindistill_hybrid,budget_25,0.0,0.13333333333333333,0.32494752424084045
australian,gaindistill_hybrid,budget_50,0.0,0.13333333333333333,0.2820197644081936
australian,gaindistill_path_hybrid,budget_10,0.0,0.13333333333333333,0.04644684253970208
australian,gaindistill_path_hybrid,budget_100,0.0,0.4666666666666666,0.5461123351000267
australian,gaindistill_path_hybrid,budget_25,0.0,0.06666666666666667,0.2922110322225781
australian,gaindistill_path_hybrid,budget_50,0.0,0.4000000000000001,0.39309074925521675
australian,gradient_sampling,budget_10,0.0,0.06666666666666667,-0.08013049167456805
australian,gradient_sampling,budget_100,0.3333333333333333,0.5333333333333333,0.6787015957332887
australian,gradient_sampling,budget_25,0.0,0.0,-0.034366557859083685
australian,gradient_sampling,budget_50,0.6666666666666666,0.26666666666666666,0.37207215153143514
australian,herding,budget_10,0.0,0.20000000000000004,0.19217195103900062
australian,herding,budget_100,0.6666666666666666,0.13333333333333333,0.41365197326932296
australian,herding,budget_25,0.0,0.0,0.24193607198825995
australian,herding,budget_50,0.0,0.4000000000000001,0.24458347606778194
australian,k_center,budget_10,0.3333333333333333,0.20000000000000004,0.15334497917148063
australian,k_center,budget_100,0.0,0.4666666666666666,0.6883326960817796
australian,k_center,budget_25,0.0,0.20000000000000004,0.3092972765820155
australian,k_center,budget_50,0.3333333333333333,0.4000000000000001,0.3427515833788775
australian,math_full,budget_50,0.0,0.4,0.3017081436827933
australian,math_no_anchor,budget_50,0.0,0.4,0.27859068870511
australian,math_no_hist,budget_50,0.0,0.2,0.26709999010999613
australian,math_no_newton,budget_50,0.0,0.2,0.277390906397547
australian,math_no_probes,budget_50,0.0,0.4,0.32091702949357037
australian,math_no_soft_routing,budget_50,0.0,0.2,0.16130887591838264
australian,math_root_only,budget_50,0.0,0.2,0.27813303978366843
australian,math_tuned,budget_50,0.0,0.4,0.30373664160485864
australian,math_tuned_more_probes,budget_50,0.0,0.2,0.23507693449885533
australian,math_tuned_no_anchor,budget_50,0.0,0.4,0.3526556006400312
australian,math_tuned_no_hist,budget_50,0.0,0.4,0.3895519988200362
australian,random,budget_10,0.0,0.06666666666666667,0.2223206159268296
australian,random,budget_100,0.3333333333333333,0.26666666666666666,0.3970867716719035
australian,random,budget_25,0.6666666666666666,0.26666666666666666,0.22171161829540323
australian,random,budget_50,0.6666666666666666,0.20000000000000004,0.26984384181697646
australian,refined_no_conf,budget_25,0.0,0.26666666666666666,0.24383897358878004
australian,refined_no_conf,budget_50,0.3333333333333333,0.26666666666666666,0.364338827854703
australian,refined_no_gain_weight,budget_25,0.0,0.26666666666666666,0.24383897358878004
australian,refined_no_gain_weight,budget_50,0.0,0.20000000000000004,0.40275916219494334
australian,refined_no_grad,budget_25,0.0,0.26666666666666666,0.2532020307116274
australian,refined_no_grad,budget_50,0.6666666666666666,0.26666666666666666,0.443344032199247
australian,refined_no_hess,budget_25,0.3333333333333333,0.3333333333333333,0.2819892112720612
australian,refined_no_hess,budget_50,1.0,0.5333333333333333,0.37899630739959095
australian,refined_no_path,budget_25,0.3333333333333333,0.5333333333333333,0.32032042274823475
australian,refined_no_path,budget_50,0.6666666666666666,0.26666666666666666,0.36964172087794717
australian,refined_no_raw,budget_25,0.0,0.26666666666666666,0.3323278818795315
australian,refined_no_raw,budget_50,0.3333333333333333,0.26666666666666666,0.27209920454294534
australian,refined_no_refine,budget_25,0.0,0.26666666666666666,0.2754432434106623
australian,refined_no_refine,budget_50,0.3333333333333333,0.20000000000000004,0.3639648167019553
australian,refined_path_occupancy_only,budget_25,0.0,0.3333333333333333,0.30858713998198933
australian,refined_path_occupancy_only,budget_50,0.6666666666666666,0.20000000000000004,0.14589202045813185
australian,sketch_no_conf,budget_50,0.0,0.0,0.20494708548780183
australian,sketch_no_gain_weight,budget_50,0.0,0.0,0.19300636587016848
australian,sketch_no_grad,budget_50,0.0,0.0,0.5289648431595813
australian,sketch_no_hess,budget_50,0.0,0.4,0.24985703957375047
australian,sketch_no_raw,budget_50,0.0,0.2,0.19884069216435388
australian,sketch_occupancy_only,budget_50,0.0,0.0,0.4645091079608972
australian,tree_region,budget_10,0.0,0.06666666666666667,-0.08013049167456805
australian,tree_region,budget_100,0.3333333333333333,0.5333333333333333,0.6787015957332887
australian,tree_region,budget_25,0.0,0.0,-0.034366557859083685
australian,tree_region,budget_50,0.6666666666666666,0.26666666666666666,0.37207215153143514
bank_marketing,ablation_full,budget_50,1.0,0.2,-0.1419889373861555
bank_marketing,ablation_no_child,budget_50,0.0,0.2,-0.15992864993549577
bank_marketing,ablation_no_entropy_anneal,budget_50,0.0,0.4,-0.17805643845096158
bank_marketing,ablation_no_gain,budget_50,0.0,0.4,-0.04470487925573353
bank_marketing,ablation_no_hist,budget_50,1.0,0.2,0.09594762908057193
bank_marketing,ablation_no_margin,budget_50,0.0,0.4,0.22823406710448418
bank_marketing,ablation_no_marginal,budget_50,0.0,0.4,-0.09254341063736457
bank_marketing,ablation_no_newton,budget_50,0.0,0.2,0.07531271425319352
bank_marketing,ablation_no_pairwise,budget_50,1.0,0.2,-0.022565867580924756
bank_marketing,distribution_matching,budget_10,0.0,0.13333333333333333,0.14727916516142037
bank_marketing,distribution_matching,budget_100,0.0,0.06666666666666667,0.23053466612748322
bank_marketing,distribution_matching,budget_25,0.0,0.26666666666666666,0.1854943774524087
bank_marketing,distribution_matching,budget_50,0.0,0.13333333333333333,0.23822953858718302
bank_marketing,full_data,budget_10,0.3333333333333333,0.7333333333333334,0.9538456071246179
bank_marketing,full_data,budget_100,0.3333333333333333,0.7333333333333334,0.9538456071246179
bank_marketing,full_data,budget_25,0.3333333333333333,0.7333333333333334,0.9538456071246179
bank_marketing,full_data,budget_50,0.3333333333333333,0.7333333333333334,0.9538456071246179
bank_marketing,gain_herding,budget_10,0.0,0.26666666666666666,0.36035969539018403
bank_marketing,gain_herding,budget_100,0.0,0.0,0.3586802831177119
bank_marketing,gain_herding,budget_25,0.0,0.13333333333333333,0.460280956315308
bank_marketing,gain_herding,budget_50,0.0,0.06666666666666667,0.4104135768123736
bank_marketing,gain_path_diverse,budget_25,0.0,0.0,0.572635961608833
bank_marketing,gain_path_diverse,budget_50,0.0,0.0,0.45535170045744444
bank_marketing,gain_path_dual,budget_25,0.0,0.0,0.5675876047167451
bank_marketing,gain_path_dual,budget_50,0.0,0.0,0.3636902801152521
bank_marketing,gain_path_herding,budget_10,0.3333333333333333,0.4000000000000001,0.34121564139845245
bank_marketing,gain_path_herding,budget_100,0.0,0.0,0.1839407055860344
bank_marketing,gain_path_herding,budget_25,0.0,0.13333333333333333,0.3136334425159327
bank_marketing,gain_path_herding,budget_50,0.0,0.0,0.19767876020702582
bank_marketing,gain_path_prior_weighted,budget_25,0.3333333333333333,0.13333333333333333,0.4391896836597529
bank_marketing,gain_path_prior_weighted,budget_50,0.0,0.06666666666666667,0.31596795675824646
bank_marketing,gain_path_refined,budget_25,0.0,0.13333333333333333,0.2761917905165279
bank_marketing,gain_path_refined,budget_50,0.0,0.0,0.23571502257662022
bank_marketing,gain_path_refined_weighted,budget_50,0.0,0.0,0.3258274872680148
bank_marketing,gain_path_safeguarded,budget_25,0.0,0.13333333333333333,0.2761917905165279
bank_marketing,gain_path_safeguarded,budget_50,0.0,0.0,0.23571502257662022
bank_marketing,gain_weighted_coreset,budget_10,0.0,0.06666666666666667,0.05442570569106838
bank_marketing,gain_weighted_coreset,budget_100,0.0,0.13333333333333333,0.2182635197596765
bank_marketing,gain_weighted_coreset,budget_25,0.0,0.20000000000000004,0.2851399627602817
bank_marketing,gain_weighted_coreset,budget_50,0.0,0.20000000000000004,0.1621040462362834
bank_marketing,gaindistill,budget_10,0.0,0.0,-0.12057532306678258
bank_marketing,gaindistill,budget_100,0.0,0.20000000000000004,-0.03866367370847385
bank_marketing,gaindistill,budget_25,0.0,0.0,-0.17478137994669427
bank_marketing,gaindistill,budget_50,0.3333333333333333,0.06666666666666667,-0.128470586296434
bank_marketing,gaindistill_anchor,budget_25,0.0,0.20000000000000004,0.2747122467057883
bank_marketing,gaindistill_anchor,budget_50,0.0,0.0,0.24708067611018034
bank_marketing,gaindistill_full,budget_25,0.0,0.20000000000000004,0.2747205131753136
bank_marketing,gaindistill_full,budget_50,0.0,0.0,0.24707978236268544
bank_marketing,gaindistill_hybrid,budget_10,0.0,0.06666666666666667,0.05442570569106838
bank_marketing,gaindistill_hybrid,budget_100,0.0,0.13333333333333333,0.2182635197596765
bank_marketing,gaindistill_hybrid,budget_25,0.0,0.20000000000000004,0.2851399627602817
bank_marketing,gaindistill_hybrid,budget_50,0.0,0.20000000000000004,0.1621040462362834
bank_marketing,gaindistill_path_hybrid,budget_10,0.0,0.0,0.1457521700658421
bank_marketing,gaindistill_path_hybrid,budget_100,0.0,0.13333333333333333,0.27268122173460846
bank_marketing,gaindistill_path_hybrid,budget_25,0.0,0.13333333333333333,0.10794887411146843
bank_marketing,gaindistill_path_hybrid,budget_50,0.0,0.06666666666666667,0.24450872239055568
bank_marketing,gradient_sampling,budget_10,0.0,0.0,0.17380333404621015
bank_marketing,gradient_sampling,budget_100,0.0,0.0,0.231676064182848
bank_marketing,gradient_sampling,budget_25,0.0,0.13333333333333333,0.16301272361015293
bank_marketing,gradient_sampling,budget_50,0.0,0.0,0.16453381391277241
bank_marketing,herding,budget_10,0.0,0.0,0.36424691404626636
bank_marketing,herding,budget_100,0.0,0.0,0.24155930874546253
bank_marketing,herding,budget_25,0.0,0.4000000000000001,0.3880327611679056
bank_marketing,herding,budget_50,0.0,0.0,0.2713000207221317
bank_marketing,k_center,budget_10,0.0,0.0,0.05825037435053897
bank_marketing,k_center,budget_100,0.0,0.13333333333333333,0.10845736513891317
bank_marketing,k_center,budget_25,0.0,0.13333333333333333,-0.001903918316519972
bank_marketing,k_center,budget_50,0.0,0.13333333333333333,0.05423568272791152
bank_marketing,math_tuned,budget_50,0.0,0.0,0.24888181106888066
bank_marketing,math_tuned_more_probes,budget_50,0.0,0.0,0.32095111269872906
bank_marketing,math_tuned_no_anchor,budget_50,0.0,0.0,0.24893672519691318
bank_marketing,math_tuned_no_hist,budget_50,0.0,0.0,0.24893672519691318
bank_marketing,random,budget_10,0.0,0.0,0.0835192212430963
bank_marketing,random,budget_100,0.0,0.06666666666666667,0.056954153605540715
bank_marketing,random,budget_25,0.0,0.20000000000000004,0.2757549992722066
bank_marketing,random,budget_50,0.0,0.06666666666666667,0.32250835139610234
bank_marketing,refined_no_conf,budget_25,0.0,0.06666666666666667,0.5328075000411011
bank_marketing,refined_no_conf,budget_50,0.0,0.0,0.31516491084044146
bank_marketing,refined_no_gain_weight,budget_25,0.0,0.13333333333333333,0.2761917905165279
bank_marketing,refined_no_gain_weight,budget_50,0.0,0.0,0.23571502257662022
bank_marketing,refined_no_grad,budget_25,0.0,0.20000000000000004,0.31442568701154205
bank_marketing,refined_no_grad,budget_50,0.0,0.0,0.313487693050886
bank_marketing,refined_no_hess,budget_25,0.0,0.06666666666666667,0.5426037412391004
bank_marketing,refined_no_hess,budget_50,0.0,0.06666666666666667,0.498886196845985
bank_marketing,refined_no_path,budget_25,0.0,0.06666666666666667,0.481830243609168
bank_marketing,refined_no_path,budget_50,0.0,0.0,0.4332504391503093
bank_marketing,refined_no_raw,budget_25,0.0,0.13333333333333333,0.4400553578455155
bank_marketing,refined_no_raw,budget_50,0.0,0.0,0.43159463586950747
bank_marketing,refined_no_refine,budget_25,0.0,0.13333333333333333,0.3136334425159327
bank_marketing,refined_no_refine,budget_50,0.0,0.0,0.19767876020702582
bank_marketing,refined_path_occupancy_only,budget_25,0.0,0.0,0.41603936777827144
bank_marketing,refined_path_occupancy_only,budget_50,0.0,0.06666666666666667,0.2632236757748137
bank_marketing,sketch_no_conf,budget_50,0.0,0.0,0.3316312521349726
bank_marketing,sketch_no_gain_weight,budget_50,0.0,0.4,0.24391571046002802
bank_marketing,sketch_no_grad,budget_50,0.0,0.2,0.3307613052360431
bank_marketing,sketch_no_hess,budget_50,0.0,0.4,0.3829969468458564
bank_marketing,sketch_no_raw,budget_50,0.0,0.0,0.183426750474423
bank_marketing,sketch_occupancy_only,budget_50,0.0,0.0,0.09525776831982628
bank_marketing,tree_region,budget_10,0.0,0.0,0.17380333404621015
bank_marketing,tree_region,budget_100,0.0,0.0,0.231676064182848
bank_marketing,tree_region,budget_25,0.0,0.13333333333333333,0.16301272361015293
bank_marketing,tree_region,budget_50,0.0,0.0,0.16453381391277241
breast_w,distribution_matching,budget_10,0.0,0.0,-0.006120369397764207
breast_w,distribution_matching,budget_100,0.0,0.3333333333333333,0.0172284053053426
breast_w,distribution_matching,budget_25,0.0,0.0,0.021988742328274916
breast_w,distribution_matching,budget_50,0.0,0.19999999999999998,0.04236118238976857
breast_w,full_data,budget_10,0.3333333333333333,0.6,0.9729307756857422
breast_w,full_data,budget_100,0.3333333333333333,0.6,0.9729307756857422
breast_w,full_data,budget_25,0.3333333333333333,0.6,0.9729307756857422
breast_w,full_data,budget_50,0.3333333333333333,0.6,0.9729307756857422
breast_w,gain_herding,budget_10,0.0,0.13333333333333333,0.0016572802637366592
breast_w,gain_herding,budget_100,0.0,0.39999999999999997,0.6158674907797973
breast_w,gain_herding,budget_25,0.0,0.20000000000000004,0.031921237763725734
breast_w,gain_herding,budget_50,0.0,0.13333333333333333,-0.032933897777152464
breast_w,gain_path_diverse,budget_25,0.0,0.2,0.6129111129390495
breast_w,gain_path_diverse,budget_50,0.0,0.6,0.778824924057198
breast_w,gain_path_dual,budget_25,0.0,0.0,0.05287179183794287
breast_w,gain_path_dual,budget_50,0.0,0.0,-0.006268059568793066
breast_w,gain_path_herding,budget_10,0.0,0.0,-0.021046361603562474
breast_w,gain_path_herding,budget_100,0.0,0.5333333333333333,0.6406340777827605
breast_w,gain_path_herding,budget_25,0.0,0.0,0.011069003560653127
breast_w,gain_path_herding,budget_50,0.0,0.13333333333333333,0.1322792732781564
breast_w,gain_path_prior_weighted,budget_25,0.0,0.0,0.0005191466116408113
breast_w,gain_path_prior_weighted,budget_50,0.0,0.13333333333333333,0.14898369150904592
breast_w,gain_path_refined,budget_25,0.0,0.0,-0.015040877893551992
breast_w,gain_path_refined,budget_50,0.0,0.13333333333333333,0.34428392257516127
breast_w,gain_path_refined_weighted,budget_50,0.0,0.2,0.3362376824479515
breast_w,gain_path_safeguarded,budget_25,0.0,0.0,-0.015040877893551992
breast_w,gain_path_safeguarded,budget_50,0.0,0.13333333333333333,0.34428392257516127
breast_w,gain_weighted_coreset,budget_10,0.0,0.0,0.013618991658177535
breast_w,gain_weighted_coreset,budget_100,0.0,0.26666666666666666,0.30611867496229206
breast_w,gain_weighted_coreset,budget_25,0.0,0.13333333333333333,0.020017718116064915
breast_w,gain_weighted_coreset,budget_50,0.0,0.0,-0.020838510998595655
breast_w,gaindistill,budget_10,0.3333333333333333,0.06666666666666667,-0.046071993926029765
breast_w,gaindistill,budget_100,0.3333333333333333,0.13333333333333333,0.09488640720744869
breast_w,gaindistill,budget_25,0.0,0.06666666666666667,-0.08353803910852475
breast_w,gaindistill,budget_50,0.0,0.20000000000000004,0.017454379628308887
breast_w,gaindistill_hybrid,budget_10,0.0,0.0,0.013618991658177535
breast_w,gaindistill_hybrid,budget_100,0.0,0.26666666666666666,0.30611867496229206
breast_w,gaindistill_hybrid,budget_25,0.0,0.13333333333333333,0.020017718116064915
breast_w,gaindistill_hybrid,budget_50,0.0,0.0,-0.020838510998595655
breast_w,gaindistill_path_hybrid,budget_10,0.0,0.0,-0.04454524042036867
breast_w,gaindistill_path_hybrid,budget_100,0.3333333333333333,0.3333333333333333,0.4332385155436704
breast_w,gaindistill_path_hybrid,budget_25,0.0,0.19999999999999998,0.01573903345859164
breast_w,gaindistill_path_hybrid,budget_50,0.0,0.13333333333333333,0.14703906102943057
breast_w,gradient_sampling,budget_10,0.0,0.13333333333333333,0.17360716464141432
breast_w,gradient_sampling,budget_100,0.6666666666666666,0.6666666666666666,0.9627468269017219
breast_w,gradient_sampling,budget_25,0.3333333333333333,0.26666666666666666,0.6774790965451327
breast_w,gradient_sampling,budget_50,0.0,0.5333333333333333,0.9056588427354093
breast_w,herding,budget_10,0.0,0.0,-0.12008862969805234
breast_w,herding,budget_100,0.0,0.13333333333333333,0.025945015514586816
breast_w,herding,budget_25,0.0,0.0,-0.09381117328204674
breast_w,herding,budget_50,0.0,0.0,-0.043851135203587986
breast_w,k_center,budget_10,0.0,0.06666666666666667,0.478745951592426
breast_w,k_center,budget_100,0.6666666666666666,0.7333333333333334,0.9361589673011337
breast_w,k_center,budget_25,0.6666666666666666,0.26666666666666666,0.6544766999605851
breast_w,k_center,budget_50,0.6666666666666666,0.4666666666666666,0.7521230143072236
breast_w,math_tuned,budget_50,0.0,0.2,0.3325035193005854
breast_w,math_tuned_more_probes,budget_50,0.0,0.2,0.3325035193005854
breast_w,math_tuned_no_anchor,budget_50,0.0,0.2,0.3325035193005854
breast_w,math_tuned_no_hist,budget_50,0.0,0.2,0.3306957101578129
breast_w,random,budget_10,0.0,0.0,-0.039867102832915106
breast_w,random,budget_100,0.3333333333333333,0.19999999999999998,0.4068855779253761
breast_w,random,budget_25,0.0,0.0,0.13055113063370843
breast_w,random,budget_50,0.0,0.06666666666666667,0.32410228857790985
breast_w,refined_no_conf,budget_25,0.0,0.0,-0.015040877893551992
breast_w,refined_no_conf,budget_50,0.0,0.13333333333333333,0.34428392257516127
breast_w,refined_no_gain_weight,budget_25,0.0,0.0,-0.015040877893551992
breast_w,refined_no_gain_weight,budget_50,0.0,0.13333333333333333,0.34428392257516127
breast_w,refined_no_grad,budget_25,0.3333333333333333,0.13333333333333333,0.33023039855032593
breast_w,refined_no_grad,budget_50,0.3333333333333333,0.20000000000000004,0.36364134707685375
breast_w,refined_no_hess,budget_25,0.0,0.13333333333333333,-0.011024151745665936
breast_w,refined_no_hess,budget_50,0.0,0.13333333333333333,0.17306585492194074
breast_w,refined_no_path,budget_25,0.0,0.26666666666666666,-0.021510213365789118
breast_w,refined_no_path,budget_50,0.0,0.26666666666666666,0.42715445093866816
breast_w,refined_no_raw,budget_25,0.0,0.0,-0.0036071667129731915
breast_w,refined_no_raw,budget_50,0.0,0.26666666666666666,0.3105574718259095
breast_w,refined_no_refine,budget_25,0.0,0.0,0.011069003560653127
breast_w,refined_no_refine,budget_50,0.0,0.13333333333333333,0.1322792732781564
breast_w,refined_path_occupancy_only,budget_25,0.0,0.06666666666666667,0.11135796184941411
breast_w,refined_path_occupancy_only,budget_50,0.0,0.13333333333333333,0.32360248646093775
breast_w,sketch_no_conf,budget_50,0.0,0.0,-0.06912647254945545
breast_w,sketch_no_gain_weight,budget_50,0.0,0.0,-0.06912647254945545
breast_w,sketch_no_grad,budget_50,0.0,0.4,0.38765651626287323
breast_w,sketch_no_hess,budget_50,0.0,0.2,0.047699488775283405
breast_w,sketch_no_raw,budget_50,0.0,0.0,0.014862562050826112
breast_w,sketch_occupancy_only,budget_50,0.0,0.0,0.004460250426020598
breast_w,tree_region,budget_10,0.0,0.13333333333333333,0.17360716464141432
breast_w,tree_region,budget_100,0.6666666666666666,0.6666666666666666,0.9627468269017219
breast_w,tree_region,budget_25,0.3333333333333333,0.26666666666666666,0.6774790965451327
breast_w,tree_region,budget_50,0.0,0.5333333333333333,0.9056588427354093
credit_approval,distribution_matching,budget_10,0.0,0.06666666666666667,0.06447975227881546
credit_approval,distribution_matching,budget_100,0.0,0.13333333333333333,0.21934680453331468
credit_approval,distribution_matching,budget_25,0.0,0.06666666666666667,0.1329871224218475
credit_approval,distribution_matching,budget_50,0.0,0.0,0.17381795768002384
credit_approval,full_data,budget_10,0.3333333333333333,0.6666666666666666,0.9129279903835897
credit_approval,full_data,budget_100,0.3333333333333333,0.6666666666666666,0.9129279903835897
credit_approval,full_data,budget_25,0.3333333333333333,0.6666666666666666,0.9129279903835897
credit_approval,full_data,budget_50,0.3333333333333333,0.6666666666666666,0.9129279903835897
credit_approval,gain_herding,budget_10,0.0,0.26666666666666666,0.2207354640006426
credit_approval,gain_herding,budget_100,0.6666666666666666,0.3333333333333333,0.6477718667110461
credit_approval,gain_herding,budget_25,0.0,0.20000000000000004,0.3030637180222187
credit_approval,gain_herding,budget_50,0.0,0.20000000000000004,0.5445098711691845
credit_approval,gain_path_herding,budget_10,0.0,0.06666666666666667,0.10553601838271133
credit_approval,gain_path_herding,budget_100,0.3333333333333333,0.3333333333333333,0.5931278706723268
credit_approval,gain_path_herding,budget_25,0.0,0.06666666666666667,0.32421485635252595
credit_approval,gain_path_herding,budget_50,0.0,0.3333333333333333,0.45656315402009073
credit_approval,gain_path_refined,budget_25,0.0,0.20000000000000004,0.2949601300245037
credit_approval,gain_path_refined,budget_50,0.3333333333333333,0.20000000000000004,0.40039659523711024
credit_approval,gain_path_safeguarded,budget_25,0.0,0.20000000000000004,0.2949601300245037
credit_approval,gain_path_safeguarded,budget_50,0.3333333333333333,0.20000000000000004,0.40039659523711024
credit_approval,gain_weighted_coreset,budget_10,0.0,0.26666666666666666,0.19074348337091243
credit_approval,gain_weighted_coreset,budget_100,0.0,0.26666666666666666,0.612223423755179
credit_approval,gain_weighted_coreset,budget_25,0.0,0.26666666666666666,0.2901658344686283
credit_approval,gain_weighted_coreset,budget_50,0.0,0.13333333333333333,0.5340745546744384
credit_approval,gaindistill,budget_10,0.6666666666666666,0.20000000000000004,-0.031709664611872655
credit_approval,gaindistill,budget_100,0.3333333333333333,0.06666666666666667,0.020700289045422458
credit_approval,gaindistill,budget_25,0.0,0.0,0.05545975585310795
credit_approval,gaindistill,budget_50,0.0,0.20000000000000004,0.029394211712301433
credit_approval,gaindistill_hybrid,budget_10,0.0,0.26666666666666666,0.19074348337091243
credit_approval,gaindistill_hybrid,budget_100,0.0,0.26666666666666666,0.612223423755179
credit_approval,gaindistill_hybrid,budget_25,0.0,0.26666666666666666,0.2901658344686283
credit_approval,gaindistill_hybrid,budget_50,0.0,0.13333333333333333,0.5340745546744384
credit_approval,gaindistill_path_hybrid,budget_10,0.0,0.06666666666666667,0.10324713782180354
credit_approval,gaindistill_path_hybrid,budget_100,0.3333333333333333,0.3333333333333333,0.6069102950254651
credit_approval,gaindistill_path_hybrid,budget_25,0.0,0.13333333333333333,0.32476681823245374
credit_approval,gaindistill_path_hybrid,budget_50,0.3333333333333333,0.39999999999999997,0.4457423884250434
credit_approval,gradient_sampling,budget_10,0.0,0.06666666666666667,-0.12593795276052192
credit_approval,gradient_sampling,budget_100,0.3333333333333333,0.3333333333333333,0.7302845629906125
credit_approval,gradient_sampling,budget_25,0.0,0.0,0.05372297270275896
credit_approval,gradient_sampling,budget_50,0.0,0.3333333333333333,0.25329263540969965
credit_approval,herding,budget_10,0.0,0.06666666666666667,0.33135404001449675
credit_approval,herding,budget_100,0.6666666666666666,0.4000000000000001,0.4935962351965281
credit_approval,herding,budget_25,0.0,0.06666666666666667,0.44093482591397937
credit_approval,herding,budget_50,0.0,0.06666666666666667,0.4335651119300354
credit_approval,k_center,budget_10,0.0,0.06666666666666667,0.09596536571674126
credit_approval,k_center,budget_100,0.0,0.3333333333333333,0.653533547444094
credit_approval,k_center,budget_25,0.0,0.26666666666666666,0.3705562811340584
credit_approval,k_center,budget_50,0.3333333333333333,0.3333333333333333,0.46898200780929383
credit_approval,random,budget_10,0.0,0.06666666666666667,0.04527717938353715
credit_approval,random,budget_100,0.3333333333333333,0.3333333333333333,0.5458129914549142
credit_approval,random,budget_25,0.0,0.3333333333333333,0.23879198275177513
credit_approval,random,budget_50,0.6666666666666666,0.3333333333333333,0.423146000834057
credit_approval,tree_region,budget_10,0.0,0.06666666666666667,-0.12593795276052192
credit_approval,tree_region,budget_100,0.3333333333333333,0.3333333333333333,0.7302845629906125
credit_approval,tree_region,budget_25,0.0,0.0,0.05372297270275896
credit_approval,tree_region,budget_50,0.0,0.3333333333333333,0.25329263540969965
credit_g,ablation_full,budget_50,0.0,0.0,0.1577636876896865
credit_g,ablation_no_child,budget_50,0.0,0.2,-0.01676318591374771
credit_g,ablation_no_entropy_anneal,budget_50,0.0,0.0,-0.094867986165762
credit_g,ablation_no_gain,budget_50,1.0,0.2,0.033038778650759486
credit_g,ablation_no_hist,budget_50,0.0,0.0,0.07986375740441556
credit_g,ablation_no_margin,budget_50,0.0,0.2,-0.01184370986319113
credit_g,ablation_no_marginal,budget_50,1.0,0.2,-0.05358269865091757
credit_g,ablation_no_newton,budget_50,0.0,0.2,-0.0350057773797125
credit_g,ablation_no_pairwise,budget_50,0.0,0.0,0.11414551726271849
credit_g,distribution_matching,budget_10,0.0,0.0,-0.014663591943988684
credit_g,distribution_matching,budget_100,0.0,0.20000000000000004,0.3052232980377081
credit_g,distribution_matching,budget_25,0.0,0.0,0.232956414576027
credit_g,distribution_matching,budget_50,0.0,0.06666666666666667,0.202919133056103
credit_g,full_data,budget_10,0.6666666666666666,0.6666666666666666,0.8842134580460924
credit_g,full_data,budget_100,0.6666666666666666,0.6666666666666666,0.8842134580460924
credit_g,full_data,budget_25,0.6666666666666666,0.6666666666666666,0.8842134580460924
credit_g,full_data,budget_50,0.6666666666666666,0.6666666666666666,0.8842134580460924
credit_g,gain_herding,budget_10,0.0,0.3333333333333333,0.25227309126020453
credit_g,gain_herding,budget_100,0.0,0.06666666666666667,0.36546140636974994
credit_g,gain_herding,budget_25,0.0,0.06666666666666667,0.2057411091116207
credit_g,gain_herding,budget_50,0.0,0.06666666666666667,0.23451864464264538
credit_g,gain_path_diverse,budget_25,0.0,0.0,0.3130788123515106
credit_g,gain_path_diverse,budget_50,0.0,0.0,0.3810657190122798
credit_g,gain_path_dual,budget_25,0.0,0.0,0.17323321367739736
credit_g,gain_path_dual,budget_50,0.0,0.0,0.34738928758295345
credit_g,gain_path_herding,budget_10,0.0,0.0,0.3008474197688753
credit_g,gain_path_herding,budget_100,0.0,0.0,0.33697837774182665
credit_g,gain_path_herding,budget_25,0.0,0.13333333333333333,0.4088592644182183
credit_g,gain_path_herding,budget_50,0.0,0.0,0.3991832243142687
credit_g,gain_path_prior_weighted,budget_25,0.0,0.06666666666666667,0.45302380125903724
credit_g,gain_path_prior_weighted,budget_50,0.0,0.0,0.42114385894869893
credit_g,gain_path_refined,budget_25,0.0,0.0,0.40802182599678466
credit_g,gain_path_refined,budget_50,0.0,0.06666666666666667,0.4375931080061361
credit_g,gain_path_refined_weighted,budget_50,0.0,0.0,0.4253868483104229
credit_g,gain_path_safeguarded,budget_25,0.0,0.0,0.40802182599678466
credit_g,gain_path_safeguarded,budget_50,0.0,0.06666666666666667,0.4375931080061361
credit_g,gain_weighted_coreset,budget_10,0.0,0.0,0.05106403462137544
credit_g,gain_weighted_coreset,budget_100,0.0,0.26666666666666666,0.4995536860793584
credit_g,gain_weighted_coreset,budget_25,0.0,0.13333333333333333,0.38962855259663937
credit_g,gain_weighted_coreset,budget_50,0.0,0.26666666666666666,0.36609206796724386
credit_g,gaindistill,budget_10,0.3333333333333333,0.13333333333333333,0.0739889501257216
credit_g,gaindistill,budget_100,0.3333333333333333,0.26666666666666666,-0.05237274509372094
credit_g,gaindistill,budget_25,0.0,0.0,-0.05228124938816664
credit_g,gaindistill,budget_50,0.3333333333333333,0.06666666666666667,0.03845734697753174
credit_g,gaindistill_anchor,budget_25,0.0,0.20000000000000004,0.33181103691766567
credit_g,gaindistill_anchor,budget_50,0.0,0.06666666666666667,0.35665741651424754
credit_g,gaindistill_full,budget_25,0.0,0.13333333333333333,0.36523186898530763
credit_g,gaindistill_full,budget_50,0.0,0.06666666666666667,0.2909837191819801
credit_g,gaindistill_hybrid,budget_10,0.0,0.0,0.05106403462137544
credit_g,gaindistill_hybrid,budget_100,0.0,0.26666666666666666,0.4995536860793584
credit_g,gaindistill_hybrid,budget_25,0.0,0.13333333333333333,0.38962855259663937
credit_g,gaindistill_hybrid,budget_50,0.0,0.26666666666666666,0.36609206796724386
credit_g,gaindistill_path_hybrid,budget_10,0.0,0.0,0.11254600880221378
credit_g,gaindistill_path_hybrid,budget_100,0.0,0.20000000000000004,0.4515346765413922
credit_g,gaindistill_path_hybrid,budget_25,0.0,0.06666666666666667,0.2988847399338744
credit_g,gaindistill_path_hybrid,budget_50,0.0,0.26666666666666666,0.4474644654019872
credit_g,gradient_sampling,budget_10,0.0,0.0,-0.06733442308551013
credit_g,gradient_sampling,budget_100,0.0,0.06666666666666667,0.07280923888519036
credit_g,gradient_sampling,budget_25,0.0,0.06666666666666667,0.057474378143717364
credit_g,gradient_sampling,budget_50,0.0,0.06666666666666667,0.13679216248430556
credit_g,herding,budget_10,0.0,0.13333333333333333,0.15750486189590043
credit_g,herding,budget_100,0.0,0.06666666666666667,0.34927363594671634
credit_g,herding,budget_25,0.0,0.0,0.4232848309439823
credit_g,herding,budget_50,0.0,0.20000000000000004,0.3176370661420785
credit_g,k_center,budget_10,0.0,0.06666666666666667,0.11944681226159774
credit_g,k_center,budget_100,0.0,0.26666666666666666,0.37859266231079075
credit_g,k_center,budget_25,0.0,0.0,0.28084094842252255
credit_g,k_center,budget_50,0.0,0.26666666666666666,0.2741517754896557
credit_g,math_full,budget_50,0.0,0.0,0.26668288465538975
credit_g,math_no_anchor,budget_50,0.0,0.2,0.22849609946571237
credit_g,math_no_hist,budget_50,0.0,0.4,0.304501477701365
credit_g,math_no_newton,budget_50,0.0,0.2,0.24062014076904661
credit_g,math_no_probes,budget_50,0.0,0.0,0.3444108761347916
credit_g,math_no_soft_routing,budget_50,0.0,0.0,0.18318216635151535
credit_g,math_root_only,budget_50,0.0,0.0,0.31379832932984364
credit_g,math_tuned,budget_50,0.0,0.4,0.26994401507103716
credit_g,math_tuned_more_probes,budget_50,0.0,0.2,0.323910463562234
credit_g,math_tuned_no_anchor,budget_50,0.0,0.2,0.31289099869000625
credit_g,math_tuned_no_hist,budget_50,0.0,0.4,0.354352064014749
credit_g,random,budget_10,0.0,0.06666666666666667,-0.02984654683509787
credit_g,random,budget_100,0.3333333333333333,0.06666666666666667,0.23674591425261074
credit_g,random,budget_25,0.0,0.20000000000000004,0.29849091745705497
credit_g,random,budget_50,0.0,0.13333333333333333,0.1760279863892792
credit_g,refined_no_conf,budget_25,0.0,0.0,0.38274786774608266
credit_g,refined_no_conf,budget_50,0.0,0.06666666666666667,0.3896657268977715
credit_g,refined_no_gain_weight,budget_25,0.0,0.0,0.40802182599678466
credit_g,refined_no_gain_weight,budget_50,0.0,0.06666666666666667,0.4375931080061361
credit_g,refined_no_grad,budget_25,0.0,0.06666666666666667,0.4133137485499989
credit_g,refined_no_grad,budget_50,0.0,0.06666666666666667,0.3512294487978824
credit_g,refined_no_hess,budget_25,0.0,0.06666666666666667,0.31261359389430415
credit_g,refined_no_hess,budget_50,0.0,0.0,0.36472535641830567
credit_g,refined_no_path,budget_25,0.0,0.06666666666666667,0.2927384814011032
credit_g,refined_no_path,budget_50,0.0,0.06666666666666667,0.2937162088526302
credit_g,refined_no_raw,budget_25,0.3333333333333333,0.13333333333333333,0.37586317727725077
credit_g,refined_no_raw,budget_50,0.0,0.13333333333333333,0.4161002682744989
credit_g,refined_no_refine,budget_25,0.0,0.13333333333333333,0.4088592644182183
credit_g,refined_no_refine,budget_50,0.0,0.0,0.3991832243142687
credit_g,refined_path_occupancy_only,budget_25,0.0,0.06666666666666667,0.37134264543034834
credit_g,refined_path_occupancy_only,budget_50,0.0,0.06666666666666667,0.37986090636556447
credit_g,tree_region,budget_10,0.0,0.0,-0.05726427388891333
credit_g,tree_region,budget_100,0.0,0.06666666666666667,0.07280923888519036
credit_g,tree_region,budget_25,0.0,0.06666666666666667,0.057474378143717364
credit_g,tree_region,budget_50,0.0,0.06666666666666667,0.13679216248430556
diabetes,ablation_full,budget_50,0.0,0.0,-0.07369190885831438
diabetes,ablation_no_child,budget_50,0.0,0.0,0.16904506523414484
diabetes,ablation_no_entropy_anneal,budget_50,0.0,0.0,0.12202964055486015
diabetes,ablation_no_gain,budget_50,1.0,0.4,-0.06177805478775755
diabetes,ablation_no_hist,budget_50,0.0,0.4,0.10393994685799267
diabetes,ablation_no_margin,budget_50,0.0,0.0,0.12625138234345415
diabetes,ablation_no_marginal,budget_50,0.0,0.4,0.11116828699378643
diabetes,ablation_no_newton,budget_50,0.0,0.2,0.2049078587762741
diabetes,ablation_no_pairwise,budget_50,0.0,0.2,0.15075260783281383
diabetes,distribution_matching,budget_10,0.0,0.06666666666666667,-0.025096331167146185
diabetes,distribution_matching,budget_100,0.0,0.13333333333333333,0.30801982245179044
diabetes,distribution_matching,budget_25,0.0,0.13333333333333333,0.13095493793894517
diabetes,distribution_matching,budget_50,0.0,0.13333333333333333,0.21282942154430465
diabetes,full_data,budget_10,0.6666666666666666,0.7999999999999999,0.9225444536037513
diabetes,full_data,budget_100,0.6666666666666666,0.7999999999999999,0.9225444536037513
diabetes,full_data,budget_25,0.6666666666666666,0.7999999999999999,0.9225444536037513
diabetes,full_data,budget_50,0.6666666666666666,0.7999999999999999,0.9225444536037513
diabetes,gain_herding,budget_10,0.0,0.0,0.09690097735727748
diabetes,gain_herding,budget_100,0.0,0.26666666666666666,0.5031432180595252
diabetes,gain_herding,budget_25,0.0,0.20000000000000004,0.19239876710094297
diabetes,gain_herding,budget_50,0.0,0.20000000000000004,0.32752943590966166
diabetes,gain_path_diverse,budget_25,1.0,0.2,0.3516425587694006
diabetes,gain_path_diverse,budget_50,1.0,0.6,0.3116093639360999
diabetes,gain_path_dual,budget_25,0.0,0.0,0.07231370360248303
diabetes,gain_path_dual,budget_50,0.0,0.0,0.46066110755870265
diabetes,gain_path_herding,budget_10,0.0,0.0,0.11573172057142105
diabetes,gain_path_herding,budget_100,0.3333333333333333,0.06666666666666667,0.5528701076704668
diabetes,gain_path_herding,budget_25,0.0,0.20000000000000004,0.3003979000453045
diabetes,gain_path_herding,budget_50,0.0,0.20000000000000004,0.29347021124337486
diabetes,gain_path_prior_weighted,budget_25,0.0,0.20000000000000004,0.2691961113440303
diabetes,gain_path_prior_weighted,budget_50,0.3333333333333333,0.20000000000000004,0.31393555761445424
diabetes,gain_path_refined,budget_25,0.0,0.06666666666666667,0.19314710918946817
diabetes,gain_path_refined,budget_50,0.0,0.26666666666666666,0.313043944249167
diabetes,gain_path_refined_weighted,budget_50,0.0,0.2,0.2156972035053475
diabetes,gain_path_safeguarded,budget_25,0.0,0.06666666666666667,0.19314710918946817
diabetes,gain_path_safeguarded,budget_50,0.0,0.26666666666666666,0.313043944249167
diabetes,gain_weighted_coreset,budget_10,0.0,0.0,0.10552547489317105
diabetes,gain_weighted_coreset,budget_100,0.0,0.46666666666666673,0.5418256100982871
diabetes,gain_weighted_coreset,budget_25,0.0,0.20000000000000004,0.221067718212107
diabetes,gain_weighted_coreset,budget_50,0.0,0.20000000000000004,0.34496493902399045
diabetes,gaindistill,budget_10,0.3333333333333333,0.13333333333333333,-0.04078950152870026
diabetes,gaindistill,budget_100,0.3333333333333333,0.20000000000000004,-0.03935283312682434
diabetes,gaindistill,budget_25,0.3333333333333333,0.13333333333333333,-0.015554347126186141
diabetes,gaindistill,budget_50,0.0,0.0,-0.07613000699581868
diabetes,gaindistill_hybrid,budget_10,0.0,0.0,0.10552547489317105
diabetes,gaindistill_hybrid,budget_100,0.0,0.46666666666666673,0.5418256100982871
diabetes,gaindistill_hybrid,budget_25,0.0,0.20000000000000004,0.221067718212107
diabetes,gaindistill_hybrid,budget_50,0.0,0.20000000000000004,0.34496493902399045
diabetes,gaindistill_path_hybrid,budget_10,0.0,0.0,0.16844654761788755
diabetes,gaindistill_path_hybrid,budget_100,0.0,0.13333333333333333,0.5789101136000315
diabetes,gaindistill_path_hybrid,budget_25,0.0,0.0,0.27012762409516683
diabetes,gaindistill_path_hybrid,budget_50,0.0,0.13333333333333333,0.2833716150728669
diabetes,gradient_sampling,budget_10,0.0,0.0,-0.07473533724530092
diabetes,gradient_sampling,budget_100,0.0,0.19999999999999998,0.3263493057689011
diabetes,gradient_sampling,budget_25,0.0,0.0,-0.07229518995872093
diabetes,gradient_sampling,budget_50,0.0,0.0,0.06643273638016212
diabetes,herding,budget_10,0.0,0.0,0.026430727778128937
diabetes,herding,budget_100,0.0,0.20000000000000004,0.4107967470147467
diabetes,herding,budget_25,0.0,0.06666666666666667,0.039598148243165786
diabetes,herding,budget_50,0.0,0.06666666666666667,0.15694249271094407
diabetes,k_center,budget_10,0.0,0.20000000000000004,0.10859289519243324
diabetes,k_center,budget_100,0.0,0.3333333333333333,0.39358999281029994
diabetes,k_center,budget_25,0.6666666666666666,0.20000000000000004,0.19308311572580641
diabetes,k_center,budget_50,0.3333333333333333,0.26666666666666666,0.29503611769934507
diabetes,math_tuned,budget_50,1.0,0.2,0.23342412495504536
diabetes,math_tuned_more_probes,budget_50,1.0,0.2,0.23342412495504536
diabetes,math_tuned_no_anchor,budget_50,1.0,0.4,0.23487386191573728
diabetes,math_tuned_no_hist,budget_50,0.0,0.2,0.2673282006948635
diabetes,random,budget_10,0.0,0.0,0.046291806071744705
diabetes,random,budget_100,0.6666666666666666,0.26666666666666666,0.35839708759296635
diabetes,random,budget_25,0.3333333333333333,0.13333333333333333,0.13645703568984915
diabetes,random,budget_50,0.3333333333333333,0.06666666666666667,0.23528326299761523
diabetes,refined_no_conf,budget_25,0.0,0.13333333333333333,0.2800902111627402
diabetes,refined_no_conf,budget_50,0.0,0.13333333333333333,0.27986789040744275
diabetes,refined_no_gain_weight,budget_25,0.0,0.06666666666666667,0.19314710918946817
diabetes,refined_no_gain_weight,budget_50,0.0,0.26666666666666666,0.313043944249167
diabetes,refined_no_grad,budget_25,0.0,0.20000000000000004,0.27609924754130016
diabetes,refined_no_grad,budget_50,0.3333333333333333,0.3333333333333333,0.4168997118451483
diabetes,refined_no_hess,budget_25,0.0,0.06666666666666667,0.14097269277049757
diabetes,refined_no_hess,budget_50,0.0,0.13333333333333333,0.3644764460689591
diabetes,refined_no_path,budget_25,0.0,0.13333333333333333,0.2422724150001537
diabetes,refined_no_path,budget_50,0.0,0.20000000000000004,0.33457553847236804
diabetes,refined_no_raw,budget_25,0.0,0.20000000000000004,0.23042674745874792
diabetes,refined_no_raw,budget_50,0.0,0.06666666666666667,0.2651554684307716
diabetes,refined_no_refine,budget_25,0.0,0.20000000000000004,0.3003979000453045
diabetes,refined_no_refine,budget_50,0.0,0.20000000000000004,0.29347021124337486
diabetes,refined_path_occupancy_only,budget_25,0.0,0.13333333333333333,0.2151120148391417
diabetes,refined_path_occupancy_only,budget_50,0.0,0.06666666666666667,0.2840027265036871
diabetes,tree_region,budget_10,0.0,0.0,-0.07473533724530092
diabetes,tree_region,budget_100,0.0,0.19999999999999998,0.3263493057689011
diabetes,tree_region,budget_25,0.0,0.0,-0.07229518995872093
diabetes,tree_region,budget_50,0.0,0.0,0.06643273638016212
electricity,ablation_full,budget_50,0.0,0.2,-0.21326641028237417
electricity,ablation_no_child,budget_50,0.0,0.2,-0.23728739204157628
electricity,ablation_no_entropy_anneal,budget_50,0.0,0.2,0.08979480073543139
electricity,ablation_no_gain,budget_50,0.0,0.0,0.2672041206345051
electricity,ablation_no_hist,budget_50,0.0,0.2,-0.3425121891898198
electricity,ablation_no_margin,budget_50,0.0,0.0,-0.05923241806008357
electricity,ablation_no_marginal,budget_50,0.0,0.2,-0.17050151994796403
electricity,ablation_no_newton,budget_50,0.0,0.2,-0.21151163130567033
electricity,ablation_no_pairwise,budget_50,0.0,0.2,-0.2764143457741385
electricity,distribution_matching,budget_10,0.0,0.0,0.20036016642161739
electricity,distribution_matching,budget_100,0.0,0.26666666666666666,0.1752820341422617
electricity,distribution_matching,budget_25,0.0,0.0,0.209191456862062
electricity,distribution_matching,budget_50,0.0,0.06666666666666667,0.0909384375410336
electricity,full_data,budget_10,0.6666666666666666,0.6666666666666666,0.9616681852957706
electricity,full_data,budget_100,0.6666666666666666,0.6666666666666666,0.9616681852957706
electricity,full_data,budget_25,0.6666666666666666,0.6666666666666666,0.9616681852957706
electricity,full_data,budget_50,0.6666666666666666,0.6666666666666666,0.9616681852957706
electricity,gain_herding,budget_10,0.0,0.13333333333333333,0.12768279778959887
electricity,gain_herding,budget_100,0.0,0.13333333333333333,0.40088173557579515
electricity,gain_herding,budget_25,0.0,0.0,0.23961821923416546
electricity,gain_herding,budget_50,0.0,0.06666666666666667,0.38302902391040566
electricity,gain_path_herding,budget_10,0.0,0.13333333333333333,0.09629087041727442
electricity,gain_path_herding,budget_100,0.0,0.06666666666666667,0.38679185457819726
electricity,gain_path_herding,budget_25,0.0,0.06666666666666667,0.27655695464131186
electricity,gain_path_herding,budget_50,0.0,0.13333333333333333,0.31084014899338397
electricity,gain_path_refined,budget_25,0.0,0.06666666666666667,0.2907889619537409
electricity,gain_path_refined,budget_50,0.0,0.20000000000000004,0.39732484018897124
electricity,gain_path_safeguarded,budget_25,0.0,0.06666666666666667,0.2907889619537409
electricity,gain_path_safeguarded,budget_50,0.0,0.20000000000000004,0.39732484018897124
electricity,gain_weighted_coreset,budget_10,0.0,0.13333333333333333,0.15095021389912452
electricity,gain_weighted_coreset,budget_100,0.0,0.13333333333333333,0.39030908083310223
electricity,gain_weighted_coreset,budget_25,0.0,0.0,0.31132139788273433
electricity,gain_weighted_coreset,budget_50,0.0,0.13333333333333333,0.29794312142758866
electricity,gaindistill,budget_10,0.0,0.26666666666666666,-0.08822198828104122
electricity,gaindistill,budget_100,0.3333333333333333,0.39999999999999997,0.1860115168799591
electricity,gaindistill,budget_25,0.0,0.13333333333333333,-0.11452428843243216
electricity,gaindistill,budget_50,0.0,0.13333333333333333,0.006006714987804778
electricity,gaindistill_hybrid,budget_10,0.0,0.13333333333333333,0.15095021389912452
electricity,gaindistill_hybrid,budget_100,0.0,0.13333333333333333,0.39030908083310223
electricity,gaindistill_hybrid,budget_25,0.0,0.0,0.31132139788273433
electricity,gaindistill_hybrid,budget_50,0.0,0.13333333333333333,0.29794312142758866
electricity,gaindistill_path_hybrid,budget_10,0.0,0.13333333333333333,0.018819274275135703
electricity,gaindistill_path_hybrid,budget_100,0.0,0.13333333333333333,0.1999441343800735
electricity,gaindistill_path_hybrid,budget_25,0.0,0.06666666666666667,0.18699686200155197
electricity,gaindistill_path_hybrid,budget_50,0.0,0.06666666666666667,0.17445778758548955
electricity,gradient_sampling,budget_10,0.0,0.06666666666666667,0.19506388186355508
electricity,gradient_sampling,budget_100,0.0,0.0,0.26412036292150026
electricity,gradient_sampling,budget_25,0.0,0.0,0.17140606365893038
electricity,gradient_sampling,budget_50,0.0,0.0,0.1916119671565438
electricity,herding,budget_10,0.0,0.0,0.2378273185144946
electricity,herding,budget_100,0.0,0.0,0.24276027242048825
electricity,herding,budget_25,0.0,0.0,0.21584967118966503
electricity,herding,budget_50,0.0,0.0,0.2757123455295507
electricity,k_center,budget_10,0.0,0.0,0.13734173474577435
electricity,k_center,budget_100,0.0,0.13333333333333333,0.2808197140304329
electricity,k_center,budget_25,0.0,0.06666666666666667,0.16608088417825037
electricity,k_center,budget_50,0.0,0.06666666666666667,0.20960238795806044
electricity,random,budget_10,0.0,0.13333333333333333,0.1466361869237823
electricity,random,budget_100,0.0,0.0,0.3786890353547056
electricity,random,budget_25,0.0,0.06666666666666667,0.15886315088302136
electricity,random,budget_50,0.0,0.13333333333333333,0.274156070444548
electricity,tree_region,budget_10,0.0,0.06666666666666667,0.19506388186355508
electricity,tree_region,budget_100,0.0,0.0,0.26412036292150026
electricity,tree_region,budget_25,0.0,0.0,0.17140606365893038
electricity,tree_region,budget_50,0.0,0.0,0.1916119671565438
gametes_epistasis_2_way_1000atts_0_4h_edm_1_edm_1_1,distribution_matching,budget_10,0.0,0.0,0.23845743082490997
gametes_epistasis_2_way_1000atts_0_4h_edm_1_edm_1_1,distribution_matching,budget_100,0.0,0.0,0.43661897379747766
gametes_epistasis_2_way_1000atts_0_4h_edm_1_edm_1_1,distribution_matching,budget_25,0.0,0.13333333333333333,0.2806881193050552
gametes_epistasis_2_way_1000atts_0_4h_edm_1_edm_1_1,distribution_matching,budget_50,0.0,0.0,0.34237748900581616
gametes_epistasis_2_way_1000atts_0_4h_edm_1_edm_1_1,full_data,budget_10,0.6666666666666666,0.5333333333333333,0.9180248719188802
gametes_epistasis_2_way_1000atts_0_4h_edm_1_edm_1_1,full_data,budget_100,0.6666666666666666,0.5333333333333333,0.9180248719188802
gametes_epistasis_2_way_1000atts_0_4h_edm_1_edm_1_1,full_data,budget_25,0.6666666666666666,0.5333333333333333,0.9180248719188802
gametes_epistasis_2_way_1000atts_0_4h_edm_1_edm_1_1,full_data,budget_50,0.6666666666666666,0.5333333333333333,0.9180248719188802
gametes_epistasis_2_way_1000atts_0_4h_edm_1_edm_1_1,gain_herding,budget_10,0.0,0.0,0.23276374269993472
gametes_epistasis_2_way_1000atts_0_4h_edm_1_edm_1_1,gain_herding,budget_100,0.0,0.13333333333333333,0.6883383767932078
gametes_epistasis_2_way_1000atts_0_4h_edm_1_edm_1_1,gain_herding,budget_25,0.0,0.13333333333333333,0.3791880338086715
gametes_epistasis_2_way_1000atts_0_4h_edm_1_edm_1_1,gain_herding,budget_50,0.0,0.06666666666666667,0.5807079720564166
gametes_epistasis_2_way_1000atts_0_4h_edm_1_edm_1_1,gain_path_herding,budget_10,0.0,0.0,0.18552184391331503
gametes_epistasis_2_way_1000atts_0_4h_edm_1_edm_1_1,gain_path_herding,budget_100,0.0,0.06666666666666667,0.6955835578911578
gametes_epistasis_2_way_1000atts_0_4h_edm_1_edm_1_1,gain_path_herding,budget_25,0.0,0.13333333333333333,0.3667363428940189
gametes_epistasis_2_way_1000atts_0_4h_edm_1_edm_1_1,gain_path_herding,budget_50,0.0,0.0,0.5418528276533671
gametes_epistasis_2_way_1000atts_0_4h_edm_1_edm_1_1,gain_path_refined,budget_25,0.0,0.13333333333333333,0.38731345962983416
gametes_epistasis_2_way_1000atts_0_4h_edm_1_edm_1_1,gain_path_refined,budget_50,0.0,0.13333333333333333,0.5754584612326213
gametes_epistasis_2_way_1000atts_0_4h_edm_1_edm_1_1,gain_path_safeguarded,budget_25,0.0,0.13333333333333333,0.3667363428940189
gametes_epistasis_2_way_1000atts_0_4h_edm_1_edm_1_1,gain_path_safeguarded,budget_50,0.0,0.0,0.5418528276533671
gametes_epistasis_2_way_1000atts_0_4h_edm_1_edm_1_1,gain_weighted_coreset,budget_10,0.0,0.0,0.22155501085782228
gametes_epistasis_2_way_1000atts_0_4h_edm_1_edm_1_1,gain_weighted_coreset,budget_100,0.0,0.06666666666666667,0.6890180600411974
gametes_epistasis_2_way_1000atts_0_4h_edm_1_edm_1_1,gain_weighted_coreset,budget_25,0.0,0.13333333333333333,0.3269761326435883
gametes_epistasis_2_way_1000atts_0_4h_edm_1_edm_1_1,gain_weighted_coreset,budget_50,0.0,0.06666666666666667,0.6132094763303444
gametes_epistasis_2_way_1000atts_0_4h_edm_1_edm_1_1,gaindistill,budget_10,0.0,0.13333333333333333,0.22984764117413134
gametes_epistasis_2_way_1000atts_0_4h_edm_1_edm_1_1,gaindistill,budget_100,0.0,0.13333333333333333,0.07621972767325358
gametes_epistasis_2_way_1000atts_0_4h_edm_1_edm_1_1,gaindistill,budget_25,0.3333333333333333,0.13333333333333333,0.4456677307511499
gametes_epistasis_2_way_1000atts_0_4h_edm_1_edm_1_1,gaindistill,budget_50,0.0,0.13333333333333333,0.11215615881700203
gametes_epistasis_2_way_1000atts_0_4h_edm_1_edm_1_1,gaindistill_hybrid,budget_10,0.0,0.0,0.22155501085782228
gametes_epistasis_2_way_1000atts_0_4h_edm_1_edm_1_1,gaindistill_hybrid,budget_100,0.0,0.06666666666666667,0.6890180600411974
gametes_epistasis_2_way_1000atts_0_4h_edm_1_edm_1_1,gaindistill_hybrid,budget_25,0.0,0.13333333333333333,0.3269761326435883
gametes_epistasis_2_way_1000atts_0_4h_edm_1_edm_1_1,gaindistill_hybrid,budget_50,0.0,0.06666666666666667,0.6132094763303444
gametes_epistasis_2_way_1000atts_0_4h_edm_1_edm_1_1,gaindistill_path_hybrid,budget_10,0.0,0.06666666666666667,0.20571982892704066
gametes_epistasis_2_way_1000atts_0_4h_edm_1_edm_1_1,gaindistill_path_hybrid,budget_100,0.0,0.13333333333333333,0.7094845455678316
gametes_epistasis_2_way_1000atts_0_4h_edm_1_edm_1_1,gaindistill_path_hybrid,budget_25,0.0,0.0,0.34873624431106665
gametes_epistasis_2_way_1000atts_0_4h_edm_1_edm_1_1,gaindistill_path_hybrid,budget_50,0.0,0.0,0.5438621804297367
gametes_epistasis_2_way_1000atts_0_4h_edm_1_edm_1_1,gradient_sampling,budget_10,0.0,0.0,0.18198168043449922
gametes_epistasis_2_way_1000atts_0_4h_edm_1_edm_1_1,gradient_sampling,budget_100,0.0,0.06666666666666667,0.40298069589665425
gametes_epistasis_2_way_1000atts_0_4h_edm_1_edm_1_1,gradient_sampling,budget_25,0.0,0.0,0.20050334258685545
gametes_epistasis_2_way_1000atts_0_4h_edm_1_edm_1_1,gradient_sampling,budget_50,0.0,0.06666666666666667,0.32974036520637756
gametes_epistasis_2_way_1000atts_0_4h_edm_1_edm_1_1,herding,budget_10,0.0,0.06666666666666667,0.19922141019195064
gametes_epistasis_2_way_1000atts_0_4h_edm_1_edm_1_1,herding,budget_100,0.0,0.13333333333333333,0.5432103127702089
gametes_epistasis_2_way_1000atts_0_4h_edm_1_edm_1_1,herding,budget_25,0.0,0.13333333333333333,0.44800050908824013
gametes_epistasis_2_way_1000atts_0_4h_edm_1_edm_1_1,herding,budget_50,0.0,0.20000000000000004,0.4295707611716459
gametes_epistasis_2_way_1000atts_0_4h_edm_1_edm_1_1,k_center,budget_10,0.0,0.06666666666666667,0.24724722612511404
gametes_epistasis_2_way_1000atts_0_4h_edm_1_edm_1_1,k_center,budget_100,0.0,0.0,0.40804665062744444
gametes_epistasis_2_way_1000atts_0_4h_edm_1_edm_1_1,k_center,budget_25,0.0,0.06666666666666667,0.29849289713333566
gametes_epistasis_2_way_1000atts_0_4h_edm_1_edm_1_1,k_center,budget_50,0.0,0.06666666666666667,0.37021114545285155
gametes_epistasis_2_way_1000atts_0_4h_edm_1_edm_1_1,random,budget_10,0.0,0.0,0.23019570228861128
gametes_epistasis_2_way_1000atts_0_4h_edm_1_edm_1_1,random,budget_100,0.0,0.06666666666666667,0.47857513830345244
gametes_epistasis_2_way_1000atts_0_4h_edm_1_edm_1_1,random,budget_25,0.0,0.06666666666666667,0.30864439408918654
gametes_epistasis_2_way_1000atts_0_4h_edm_1_edm_1_1,random,budget_50,0.0,0.0,0.3194574561003157
gametes_epistasis_2_way_1000atts_0_4h_edm_1_edm_1_1,tree_region,budget_10,0.0,0.0,0.18198168043449922
gametes_epistasis_2_way_1000atts_0_4h_edm_1_edm_1_1,tree_region,budget_100,0.0,0.06666666666666667,0.40298069589665425
gametes_epistasis_2_way_1000atts_0_4h_edm_1_edm_1_1,tree_region,budget_25,0.0,0.0,0.20050334258685545
gametes_epistasis_2_way_1000atts_0_4h_edm_1_edm_1_1,tree_region,budget_50,0.0,0.06666666666666667,0.32974036520637756
gametes_epistasis_2_way_20atts_0_1h_edm_1_1,distribution_matching,budget_10,0.0,0.0,0.27773139108229344
gametes_epistasis_2_way_20atts_0_1h_edm_1_1,distribution_matching,budget_100,0.3333333333333333,0.3333333333333333,0.5599168412130141
gametes_epistasis_2_way_20atts_0_1h_edm_1_1,distribution_matching,budget_25,0.0,0.0,0.31202247219827145
gametes_epistasis_2_way_20atts_0_1h_edm_1_1,distribution_matching,budget_50,0.0,0.06666666666666667,0.45812385393819605
gametes_epistasis_2_way_20atts_0_1h_edm_1_1,full_data,budget_10,0.6666666666666666,0.7333333333333334,0.8167239404352807
gametes_epistasis_2_way_20atts_0_1h_edm_1_1,full_data,budget_100,0.6666666666666666,0.7333333333333334,0.8167239404352807
gametes_epistasis_2_way_20atts_0_1h_edm_1_1,full_data,budget_25,0.6666666666666666,0.7333333333333334,0.8167239404352807
gametes_epistasis_2_way_20atts_0_1h_edm_1_1,full_data,budget_50,0.6666666666666666,0.7333333333333334,0.8167239404352807
gametes_epistasis_2_way_20atts_0_1h_edm_1_1,gain_herding,budget_10,0.0,0.0,0.2541230941601773
gametes_epistasis_2_way_20atts_0_1h_edm_1_1,gain_herding,budget_100,0.3333333333333333,0.6,0.6689745692394258
gametes_epistasis_2_way_20atts_0_1h_edm_1_1,gain_herding,budget_25,0.0,0.13333333333333333,0.3785874006535163
gametes_epistasis_2_way_20atts_0_1h_edm_1_1,gain_herding,budget_50,0.0,0.0,0.35519270545674764
gametes_epistasis_2_way_20atts_0_1h_edm_1_1,gain_path_herding,budget_10,0.0,0.0,0.21574589026475074
gametes_epistasis_2_way_20atts_0_1h_edm_1_1,gain_path_herding,budget_100,0.0,0.6,0.6077514918210234
gametes_epistasis_2_way_20atts_0_1h_edm_1_1,gain_path_herding,budget_25,0.0,0.0,0.3842995397098934
gametes_epistasis_2_way_20atts_0_1h_edm_1_1,gain_path_herding,budget_50,0.0,0.20000000000000004,0.4012751347357484
gametes_epistasis_2_way_20atts_0_1h_edm_1_1,gain_path_refined,budget_25,0.0,0.06666666666666667,0.36906284658840494
gametes_epistasis_2_way_20atts_0_1h_edm_1_1,gain_path_refined,budget_50,0.0,0.20000000000000004,0.4420333000186801
gametes_epistasis_2_way_20atts_0_1h_edm_1_1,gain_path_safeguarded,budget_25,0.0,0.06666666666666667,0.36906284658840494
gametes_epistasis_2_way_20atts_0_1h_edm_1_1,gain_path_safeguarded,budget_50,0.0,0.20000000000000004,0.4420333000186801
gametes_epistasis_2_way_20atts_0_1h_edm_1_1,gain_weighted_coreset,budget_10,0.0,0.06666666666666667,0.2985566460810225
gametes_epistasis_2_way_20atts_0_1h_edm_1_1,gain_weighted_coreset,budget_100,0.6666666666666666,0.5333333333333333,0.6575007142767381
gametes_epistasis_2_way_20atts_0_1h_edm_1_1,gain_weighted_coreset,budget_25,0.0,0.13333333333333333,0.5241073179142713
gametes_epistasis_2_way_20atts_0_1h_edm_1_1,gain_weighted_coreset,budget_50,0.0,0.06666666666666667,0.3833564666449738
gametes_epistasis_2_way_20atts_0_1h_edm_1_1,gaindistill,budget_10,0.3333333333333333,0.26666666666666666,0.2604197068906681
gametes_epistasis_2_way_20atts_0_1h_edm_1_1,gaindistill,budget_100,0.3333333333333333,0.20000000000000004,0.17768696238738516
gametes_epistasis_2_way_20atts_0_1h_edm_1_1,gaindistill,budget_25,0.3333333333333333,0.26666666666666666,0.2833425452506772
gametes_epistasis_2_way_20atts_0_1h_edm_1_1,gaindistill,budget_50,0.3333333333333333,0.20000000000000004,0.2201076761743601
gametes_epistasis_2_way_20atts_0_1h_edm_1_1,gaindistill_hybrid,budget_10,0.0,0.06666666666666667,0.2985566460810225
gametes_epistasis_2_way_20atts_0_1h_edm_1_1,gaindistill_hybrid,budget_100,0.6666666666666666,0.5333333333333333,0.6575007142767381
gametes_epistasis_2_way_20atts_0_1h_edm_1_1,gaindistill_hybrid,budget_25,0.0,0.13333333333333333,0.5241073179142713
gametes_epistasis_2_way_20atts_0_1h_edm_1_1,gaindistill_hybrid,budget_50,0.0,0.06666666666666667,0.3833564666449738
gametes_epistasis_2_way_20atts_0_1h_edm_1_1,gaindistill_path_hybrid,budget_10,0.0,0.0,0.2710524470938272
gametes_epistasis_2_way_20atts_0_1h_edm_1_1,gaindistill_path_hybrid,budget_100,0.6666666666666666,0.7333333333333334,0.5664486010956743
gametes_epistasis_2_way_20atts_0_1h_edm_1_1,gaindistill_path_hybrid,budget_25,0.0,0.13333333333333333,0.44114363654880145
gametes_epistasis_2_way_20atts_0_1h_edm_1_1,gaindistill_path_hybrid,budget_50,0.0,0.20000000000000004,0.43950156891370024
gametes_epistasis_2_way_20atts_0_1h_edm_1_1,gradient_sampling,budget_10,0.0,0.06666666666666667,0.47066034682818064
gametes_epistasis_2_way_20atts_0_1h_edm_1_1,gradient_sampling,budget_100,0.0,0.0,0.47615217762179807
gametes_epistasis_2_way_20atts_0_1h_edm_1_1,gradient_sampling,budget_25,0.0,0.06666666666666667,0.40551234193588975
gametes_epistasis_2_way_20atts_0_1h_edm_1_1,gradient_sampling,budget_50,0.0,0.06666666666666667,0.5075004928673306
gametes_epistasis_2_way_20atts_0_1h_edm_1_1,herding,budget_10,0.0,0.06666666666666667,0.2009809772746428
gametes_epistasis_2_way_20atts_0_1h_edm_1_1,herding,budget_100,0.0,0.20000000000000004,0.4188815835547412
gametes_epistasis_2_way_20atts_0_1h_edm_1_1,herding,budget_25,0.0,0.06666666666666667,0.33951753792282197
gametes_epistasis_2_way_20atts_0_1h_edm_1_1,herding,budget_50,0.0,0.06666666666666667,0.4492294257853428
gametes_epistasis_2_way_20atts_0_1h_edm_1_1,k_center,budget_10,0.0,0.13333333333333333,0.46384889620967446
gametes_epistasis_2_way_20atts_0_1h_edm_1_1,k_center,budget_100,0.0,0.6666666666666666,0.6760010723599229
gametes_epistasis_2_way_20atts_0_1h_edm_1_1,k_center,budget_25,0.0,0.20000000000000004,0.5291852501766957
gametes_epistasis_2_way_20atts_0_1h_edm_1_1,k_center,budget_50,0.0,0.4000000000000001,0.5999853769101411
gametes_epistasis_2_way_20atts_0_1h_edm_1_1,random,budget_10,0.0,0.06666666666666667,0.3021279617312435
gametes_epistasis_2_way_20atts_0_1h_edm_1_1,random,budget_100,0.0,0.13333333333333333,0.5809576115146594
gametes_epistasis_2_way_20atts_0_1h_edm_1_1,random,budget_25,0.0,0.13333333333333333,0.4398775119634833
gametes_epistasis_2_way_20atts_0_1h_edm_1_1,random,budget_50,0.0,0.20000000000000004,0.473546905005272
gametes_epistasis_2_way_20atts_0_1h_edm_1_1,tree_region,budget_10,0.0,0.06666666666666667,0.47066034682818064
gametes_epistasis_2_way_20atts_0_1h_edm_1_1,tree_region,budget_100,0.0,0.0,0.47615217762179807
gametes_epistasis_2_way_20atts_0_1h_edm_1_1,tree_region,budget_25,0.0,0.06666666666666667,0.40551234193588975
gametes_epistasis_2_way_20atts_0_1h_edm_1_1,tree_region,budget_50,0.0,0.06666666666666667,0.5075004928673306
gametes_epistasis_2_way_20atts_0_4h_edm_1_1,distribution_matching,budget_10,0.0,0.20000000000000004,0.4347102989316003
gametes_epistasis_2_way_20atts_0_4h_edm_1_1,distribution_matching,budget_100,0.0,0.13333333333333333,0.62002220695726
gametes_epistasis_2_way_20atts_0_4h_edm_1_1,distribution_matching,budget_25,0.0,0.13333333333333333,0.4456307411667688
gametes_epistasis_2_way_20atts_0_4h_edm_1_1,distribution_matching,budget_50,0.0,0.0,0.5638233539536573
gametes_epistasis_2_way_20atts_0_4h_edm_1_1,full_data,budget_10,1.0,0.6,0.8918974836423823
gametes_epistasis_2_way_20atts_0_4h_edm_1_1,full_data,budget_100,1.0,0.6,0.8918974836423823
gametes_epistasis_2_way_20atts_0_4h_edm_1_1,full_data,budget_25,1.0,0.6,0.8918974836423823
gametes_epistasis_2_way_20atts_0_4h_edm_1_1,full_data,budget_50,1.0,0.6,0.8918974836423823
gametes_epistasis_2_way_20atts_0_4h_edm_1_1,gain_herding,budget_10,0.0,0.06666666666666667,0.20510770920398516
gametes_epistasis_2_way_20atts_0_4h_edm_1_1,gain_herding,budget_100,0.0,0.06666666666666667,0.5843112074975018
gametes_epistasis_2_way_20atts_0_4h_edm_1_1,gain_herding,budget_25,0.0,0.06666666666666667,0.41884652748886625
gametes_epistasis_2_way_20atts_0_4h_edm_1_1,gain_herding,budget_50,0.0,0.06666666666666667,0.5171713330541791
gametes_epistasis_2_way_20atts_0_4h_edm_1_1,gain_path_herding,budget_10,0.0,0.06666666666666667,0.20674371916460685
gametes_epistasis_2_way_20atts_0_4h_edm_1_1,gain_path_herding,budget_100,0.0,0.20000000000000004,0.6467137526867237
gametes_epistasis_2_way_20atts_0_4h_edm_1_1,gain_path_herding,budget_25,0.0,0.0,0.3575413601632886
gametes_epistasis_2_way_20atts_0_4h_edm_1_1,gain_path_herding,budget_50,0.0,0.06666666666666667,0.5017678875242378
gametes_epistasis_2_way_20atts_0_4h_edm_1_1,gain_path_refined,budget_25,0.0,0.13333333333333333,0.3792885032366176
gametes_epistasis_2_way_20atts_0_4h_edm_1_1,gain_path_refined,budget_50,0.0,0.13333333333333333,0.5061057887105789
gametes_epistasis_2_way_20atts_0_4h_edm_1_1,gain_path_safeguarded,budget_25,0.0,0.13333333333333333,0.3792885032366176
gametes_epistasis_2_way_20atts_0_4h_edm_1_1,gain_path_safeguarded,budget_50,0.0,0.13333333333333333,0.5061057887105789
gametes_epistasis_2_way_20atts_0_4h_edm_1_1,gain_weighted_coreset,budget_10,0.0,0.06666666666666667,0.30727203193378144
gametes_epistasis_2_way_20atts_0_4h_edm_1_1,gain_weighted_coreset,budget_100,0.0,0.13333333333333333,0.6199179753920163
gametes_epistasis_2_way_20atts_0_4h_edm_1_1,gain_weighted_coreset,budget_25,0.0,0.06666666666666667,0.3873513257999685
gametes_epistasis_2_way_20atts_0_4h_edm_1_1,gain_weighted_coreset,budget_50,0.0,0.13333333333333333,0.46971417456648507
gametes_epistasis_2_way_20atts_0_4h_edm_1_1,gaindistill,budget_10,0.0,0.26666666666666666,0.23994684822043566
gametes_epistasis_2_way_20atts_0_4h_edm_1_1,gaindistill,budget_100,0.3333333333333333,0.26666666666666666,0.2355612420606519
gametes_epistasis_2_way_20atts_0_4h_edm_1_1,gaindistill,budget_25,0.0,0.20000000000000004,0.11949252233160162
gametes_epistasis_2_way_20atts_0_4h_edm_1_1,gaindistill,budget_50,0.0,0.06666666666666667,0.1212989398207064
gametes_epistasis_2_way_20atts_0_4h_edm_1_1,gaindistill_hybrid,budget_10,0.0,0.06666666666666667,0.30727203193378144
gametes_epistasis_2_way_20atts_0_4h_edm_1_1,gaindistill_hybrid,budget_100,0.0,0.13333333333333333,0.6199179753920163
gametes_epistasis_2_way_20atts_0_4h_edm_1_1,gaindistill_hybrid,budget_25,0.0,0.06666666666666667,0.3873513257999685
gametes_epistasis_2_way_20atts_0_4h_edm_1_1,gaindistill_hybrid,budget_50,0.0,0.13333333333333333,0.46971417456648507
gametes_epistasis_2_way_20atts_0_4h_edm_1_1,gaindistill_path_hybrid,budget_10,0.0,0.06666666666666667,0.245967030587437
gametes_epistasis_2_way_20atts_0_4h_edm_1_1,gaindistill_path_hybrid,budget_100,0.0,0.13333333333333333,0.532974229914508
gametes_epistasis_2_way_20atts_0_4h_edm_1_1,gaindistill_path_hybrid,budget_25,0.0,0.06666666666666667,0.3736980934571177
gametes_epistasis_2_way_20atts_0_4h_edm_1_1,gaindistill_path_hybrid,budget_50,0.0,0.06666666666666667,0.45599913368991024
gametes_epistasis_2_way_20atts_0_4h_edm_1_1,gradient_sampling,budget_10,0.0,0.0,0.30058066820363727
gametes_epistasis_2_way_20atts_0_4h_edm_1_1,gradient_sampling,budget_100,0.0,0.13333333333333333,0.4921586116948134
gametes_epistasis_2_way_20atts_0_4h_edm_1_1,gradient_sampling,budget_25,0.0,0.13333333333333333,0.3398768436474451
gametes_epistasis_2_way_20atts_0_4h_edm_1_1,gradient_sampling,budget_50,0.0,0.0,0.30762091361506877
gametes_epistasis_2_way_20atts_0_4h_edm_1_1,herding,budget_10,0.0,0.13333333333333333,0.14005281687471716
gametes_epistasis_2_way_20atts_0_4h_edm_1_1,herding,budget_100,0.0,0.13333333333333333,0.3767937876651623
gametes_epistasis_2_way_20atts_0_4h_edm_1_1,herding,budget_25,0.0,0.06666666666666667,0.3824225145887225
gametes_epistasis_2_way_20atts_0_4h_edm_1_1,herding,budget_50,0.0,0.06666666666666667,0.38281719862056723
gametes_epistasis_2_way_20atts_0_4h_edm_1_1,k_center,budget_10,0.0,0.26666666666666666,0.5804040427408909
gametes_epistasis_2_way_20atts_0_4h_edm_1_1,k_center,budget_100,0.6666666666666666,0.26666666666666666,0.6604856854682287
gametes_epistasis_2_way_20atts_0_4h_edm_1_1,k_center,budget_25,0.0,0.13333333333333333,0.6502961181369126
gametes_epistasis_2_way_20atts_0_4h_edm_1_1,k_center,budget_50,0.0,0.13333333333333333,0.6154084878578633
gametes_epistasis_2_way_20atts_0_4h_edm_1_1,random,budget_10,0.0,0.06666666666666667,0.37689122817458937
gametes_epistasis_2_way_20atts_0_4h_edm_1_1,random,budget_100,0.0,0.13333333333333333,0.5847400032086117
gametes_epistasis_2_way_20atts_0_4h_edm_1_1,random,budget_25,0.0,0.13333333333333333,0.5052342587209999
gametes_epistasis_2_way_20atts_0_4h_edm_1_1,random,budget_50,0.0,0.20000000000000004,0.4722622850557235
gametes_epistasis_2_way_20atts_0_4h_edm_1_1,tree_region,budget_10,0.0,0.0,0.30058066820363727
gametes_epistasis_2_way_20atts_0_4h_edm_1_1,tree_region,budget_100,0.0,0.13333333333333333,0.4921586116948134
gametes_epistasis_2_way_20atts_0_4h_edm_1_1,tree_region,budget_25,0.0,0.13333333333333333,0.3398768436474451
gametes_epistasis_2_way_20atts_0_4h_edm_1_1,tree_region,budget_50,0.0,0.0,0.30762091361506877
gametes_epistasis_3_way_20atts_0_2h_edm_1_1,distribution_matching,budget_10,0.0,0.20000000000000004,0.38219840382525766
gametes_epistasis_3_way_20atts_0_2h_edm_1_1,distribution_matching,budget_100,0.0,0.0,0.4804116156734744
gametes_epistasis_3_way_20atts_0_2h_edm_1_1,distribution_matching,budget_25,0.0,0.13333333333333333,0.35425275497502157
gametes_epistasis_3_way_20atts_0_2h_edm_1_1,distribution_matching,budget_50,0.0,0.06666666666666667,0.43614209855459674
gametes_epistasis_3_way_20atts_0_2h_edm_1_1,full_data,budget_10,0.3333333333333333,0.7999999999999999,0.920240043644299
gametes_epistasis_3_way_20atts_0_2h_edm_1_1,full_data,budget_100,0.3333333333333333,0.7999999999999999,0.920240043644299
gametes_epistasis_3_way_20atts_0_2h_edm_1_1,full_data,budget_25,0.3333333333333333,0.7999999999999999,0.920240043644299
gametes_epistasis_3_way_20atts_0_2h_edm_1_1,full_data,budget_50,0.3333333333333333,0.7999999999999999,0.920240043644299
gametes_epistasis_3_way_20atts_0_2h_edm_1_1,gain_herding,budget_10,0.0,0.06666666666666667,0.16235826862123948
gametes_epistasis_3_way_20atts_0_2h_edm_1_1,gain_herding,budget_100,0.6666666666666666,0.4000000000000001,0.5684596777208731
gametes_epistasis_3_way_20atts_0_2h_edm_1_1,gain_herding,budget_25,0.0,0.06666666666666667,0.37042043668489116
gametes_epistasis_3_way_20atts_0_2h_edm_1_1,gain_herding,budget_50,0.0,0.13333333333333333,0.4345953763691391
gametes_epistasis_3_way_20atts_0_2h_edm_1_1,gain_path_herding,budget_10,0.0,0.0,0.1670543655772706
gametes_epistasis_3_way_20atts_0_2h_edm_1_1,gain_path_herding,budget_100,0.0,0.39999999999999997,0.6138517576897858
gametes_epistasis_3_way_20atts_0_2h_edm_1_1,gain_path_herding,budget_25,0.0,0.26666666666666666,0.28483200300331285
gametes_epistasis_3_way_20atts_0_2h_edm_1_1,gain_path_herding,budget_50,0.0,0.0,0.44450905042194266
gametes_epistasis_3_way_20atts_0_2h_edm_1_1,gain_path_refined,budget_25,0.0,0.20000000000000004,0.3572820644502883
gametes_epistasis_3_way_20atts_0_2h_edm_1_1,gain_path_refined,budget_50,0.0,0.0,0.40933587324766724
gametes_epistasis_3_way_20atts_0_2h_edm_1_1,gain_path_safeguarded,budget_25,0.0,0.20000000000000004,0.3572820644502883
gametes_epistasis_3_way_20atts_0_2h_edm_1_1,gain_path_safeguarded,budget_50,0.0,0.0,0.40933587324766724
gametes_epistasis_3_way_20atts_0_2h_edm_1_1,gain_weighted_coreset,budget_10,0.0,0.0,0.23707425475770183
gametes_epistasis_3_way_20atts_0_2h_edm_1_1,gain_weighted_coreset,budget_100,0.6666666666666666,0.4000000000000001,0.40205184375324804
gametes_epistasis_3_way_20atts_0_2h_edm_1_1,gain_weighted_coreset,budget_25,0.0,0.20000000000000004,0.33864949075117784
gametes_epistasis_3_way_20atts_0_2h_edm_1_1,gain_weighted_coreset,budget_50,0.0,0.06666666666666667,0.32810558296125175
gametes_epistasis_3_way_20atts_0_2h_edm_1_1,gaindistill,budget_10,0.0,0.13333333333333333,0.17170070617835584
gametes_epistasis_3_way_20atts_0_2h_edm_1_1,gaindistill,budget_100,0.0,0.13333333333333333,0.2648010288007047
gametes_epistasis_3_way_20atts_0_2h_edm_1_1,gaindistill,budget_25,0.0,0.13333333333333333,0.18517403481801176
gametes_epistasis_3_way_20atts_0_2h_edm_1_1,gaindistill,budget_50,0.0,0.13333333333333333,0.2044405073111412
gametes_epistasis_3_way_20atts_0_2h_edm_1_1,gaindistill_hybrid,budget_10,0.0,0.0,0.23707425475770183
gametes_epistasis_3_way_20atts_0_2h_edm_1_1,gaindistill_hybrid,budget_100,0.6666666666666666,0.4000000000000001,0.40205184375324804
gametes_epistasis_3_way_20atts_0_2h_edm_1_1,gaindistill_hybrid,budget_25,0.0,0.20000000000000004,0.33864949075117784
gametes_epistasis_3_way_20atts_0_2h_edm_1_1,gaindistill_hybrid,budget_50,0.0,0.06666666666666667,0.32810558296125175
gametes_epistasis_3_way_20atts_0_2h_edm_1_1,gaindistill_path_hybrid,budget_10,0.0,0.0,0.1614357186328664
gametes_epistasis_3_way_20atts_0_2h_edm_1_1,gaindistill_path_hybrid,budget_100,0.3333333333333333,0.13333333333333333,0.4454723064137733
gametes_epistasis_3_way_20atts_0_2h_edm_1_1,gaindistill_path_hybrid,budget_25,0.0,0.26666666666666666,0.30829546892717
gametes_epistasis_3_way_20atts_0_2h_edm_1_1,gaindistill_path_hybrid,budget_50,0.0,0.0,0.43020965528707905
gametes_epistasis_3_way_20atts_0_2h_edm_1_1,gradient_sampling,budget_10,0.0,0.06666666666666667,0.30759405714386806
gametes_epistasis_3_way_20atts_0_2h_edm_1_1,gradient_sampling,budget_100,0.0,0.13333333333333333,0.5509095961318562
gametes_epistasis_3_way_20atts_0_2h_edm_1_1,gradient_sampling,budget_25,0.0,0.13333333333333333,0.33163093165257196
gametes_epistasis_3_way_20atts_0_2h_edm_1_1,gradient_sampling,budget_50,0.0,0.13333333333333333,0.4297937761827266
gametes_epistasis_3_way_20atts_0_2h_edm_1_1,herding,budget_10,0.0,0.13333333333333333,0.2363559103853616
gametes_epistasis_3_way_20atts_0_2h_edm_1_1,herding,budget_100,0.0,0.20000000000000004,0.3936045116989641
gametes_epistasis_3_way_20atts_0_2h_edm_1_1,herding,budget_25,0.0,0.06666666666666667,0.26027665075006884
gametes_epistasis_3_way_20atts_0_2h_edm_1_1,herding,budget_50,0.0,0.0,0.3020930380687909
gametes_epistasis_3_way_20atts_0_2h_edm_1_1,k_center,budget_10,0.0,0.26666666666666666,0.5777371497575937
gametes_epistasis_3_way_20atts_0_2h_edm_1_1,k_center,budget_100,0.3333333333333333,0.4666666666666666,0.6885979268957994
gametes_epistasis_3_way_20atts_0_2h_edm_1_1,k_center,budget_25,0.0,0.06666666666666667,0.5291871249318058
gametes_epistasis_3_way_20atts_0_2h_edm_1_1,k_center,budget_50,0.0,0.13333333333333333,0.5866066557555919
gametes_epistasis_3_way_20atts_0_2h_edm_1_1,random,budget_10,0.0,0.0,0.31023476873019495
gametes_epistasis_3_way_20atts_0_2h_edm_1_1,random,budget_100,0.0,0.13333333333333333,0.5449388852295886
gametes_epistasis_3_way_20atts_0_2h_edm_1_1,random,budget_25,0.0,0.0,0.4164292889643301
gametes_epistasis_3_way_20atts_0_2h_edm_1_1,random,budget_50,0.0,0.06666666666666667,0.4827455729982823
gametes_epistasis_3_way_20atts_0_2h_edm_1_1,tree_region,budget_10,0.0,0.06666666666666667,0.30759405714386806
gametes_epistasis_3_way_20atts_0_2h_edm_1_1,tree_region,budget_100,0.0,0.13333333333333333,0.5509095961318562
gametes_epistasis_3_way_20atts_0_2h_edm_1_1,tree_region,budget_25,0.0,0.13333333333333333,0.33163093165257196
gametes_epistasis_3_way_20atts_0_2h_edm_1_1,tree_region,budget_50,0.0,0.13333333333333333,0.4297937761827266
gametes_heterogeneity_20atts_1600_het_0_4_0_2_50_edm_2_001,distribution_matching,budget_10,0.0,0.06666666666666667,0.26716917677721347
gametes_heterogeneity_20atts_1600_het_0_4_0_2_50_edm_2_001,distribution_matching,budget_100,0.3333333333333333,0.20000000000000004,0.4674882904678874
gametes_heterogeneity_20atts_1600_het_0_4_0_2_50_edm_2_001,distribution_matching,budget_25,0.0,0.26666666666666666,0.4249273797787632
gametes_heterogeneity_20atts_1600_het_0_4_0_2_50_edm_2_001,distribution_matching,budget_50,0.0,0.20000000000000004,0.47044623318899226
gametes_heterogeneity_20atts_1600_het_0_4_0_2_50_edm_2_001,full_data,budget_10,0.3333333333333333,0.7999999999999999,0.8817030242298106
gametes_heterogeneity_20atts_1600_het_0_4_0_2_50_edm_2_001,full_data,budget_100,0.3333333333333333,0.7999999999999999,0.8817030242298106
gametes_heterogeneity_20atts_1600_het_0_4_0_2_50_edm_2_001,full_data,budget_25,0.3333333333333333,0.7999999999999999,0.8817030242298106
gametes_heterogeneity_20atts_1600_het_0_4_0_2_50_edm_2_001,full_data,budget_50,0.3333333333333333,0.7999999999999999,0.8817030242298106
gametes_heterogeneity_20atts_1600_het_0_4_0_2_50_edm_2_001,gain_herding,budget_10,0.0,0.26666666666666666,0.2345029583852544
gametes_heterogeneity_20atts_1600_het_0_4_0_2_50_edm_2_001,gain_herding,budget_100,0.0,0.3333333333333333,0.5206737896654489
gametes_heterogeneity_20atts_1600_het_0_4_0_2_50_edm_2_001,gain_herding,budget_25,0.0,0.20000000000000004,0.3655222594810927
gametes_heterogeneity_20atts_1600_het_0_4_0_2_50_edm_2_001,gain_herding,budget_50,0.0,0.26666666666666666,0.4003079439322132
gametes_heterogeneity_20atts_1600_het_0_4_0_2_50_edm_2_001,gain_path_herding,budget_10,0.0,0.0,0.058167891584672254
gametes_heterogeneity_20atts_1600_het_0_4_0_2_50_edm_2_001,gain_path_herding,budget_100,0.3333333333333333,0.39999999999999997,0.5085063459224004
gametes_heterogeneity_20atts_1600_het_0_4_0_2_50_edm_2_001,gain_path_herding,budget_25,0.0,0.20000000000000004,0.36563231932022305
gametes_heterogeneity_20atts_1600_het_0_4_0_2_50_edm_2_001,gain_path_herding,budget_50,0.0,0.13333333333333333,0.34822556421317746
gametes_heterogeneity_20atts_1600_het_0_4_0_2_50_edm_2_001,gain_path_refined,budget_25,0.0,0.26666666666666666,0.4492448519796424
gametes_heterogeneity_20atts_1600_het_0_4_0_2_50_edm_2_001,gain_path_refined,budget_50,0.0,0.20000000000000004,0.34793231175851075
gametes_heterogeneity_20atts_1600_het_0_4_0_2_50_edm_2_001,gain_path_safeguarded,budget_25,0.0,0.26666666666666666,0.4492448519796424
gametes_heterogeneity_20atts_1600_het_0_4_0_2_50_edm_2_001,gain_path_safeguarded,budget_50,0.0,0.20000000000000004,0.34793231175851075
gametes_heterogeneity_20atts_1600_het_0_4_0_2_50_edm_2_001,gain_weighted_coreset,budget_10,0.0,0.26666666666666666,0.21021120209067332
gametes_heterogeneity_20atts_1600_het_0_4_0_2_50_edm_2_001,gain_weighted_coreset,budget_100,0.3333333333333333,0.39999999999999997,0.564987001094051
gametes_heterogeneity_20atts_1600_het_0_4_0_2_50_edm_2_001,gain_weighted_coreset,budget_25,0.0,0.06666666666666667,0.3978270692913861
gametes_heterogeneity_20atts_1600_het_0_4_0_2_50_edm_2_001,gain_weighted_coreset,budget_50,0.0,0.13333333333333333,0.4022852434633213
gametes_heterogeneity_20atts_1600_het_0_4_0_2_50_edm_2_001,gaindistill,budget_10,0.0,0.20000000000000004,0.23214415127777974
gametes_heterogeneity_20atts_1600_het_0_4_0_2_50_edm_2_001,gaindistill,budget_100,0.0,0.20000000000000004,0.33847447556167326
gametes_heterogeneity_20atts_1600_het_0_4_0_2_50_edm_2_001,gaindistill,budget_25,0.0,0.20000000000000004,0.20681941889564204
gametes_heterogeneity_20atts_1600_het_0_4_0_2_50_edm_2_001,gaindistill,budget_50,0.3333333333333333,0.20000000000000004,0.2671828925317747
gametes_heterogeneity_20atts_1600_het_0_4_0_2_50_edm_2_001,gaindistill_hybrid,budget_10,0.0,0.26666666666666666,0.21021120209067332
gametes_heterogeneity_20atts_1600_het_0_4_0_2_50_edm_2_001,gaindistill_hybrid,budget_100,0.3333333333333333,0.39999999999999997,0.564987001094051
gametes_heterogeneity_20atts_1600_het_0_4_0_2_50_edm_2_001,gaindistill_hybrid,budget_25,0.0,0.06666666666666667,0.3978270692913861
gametes_heterogeneity_20atts_1600_het_0_4_0_2_50_edm_2_001,gaindistill_hybrid,budget_50,0.0,0.13333333333333333,0.4022852434633213
gametes_heterogeneity_20atts_1600_het_0_4_0_2_50_edm_2_001,gaindistill_path_hybrid,budget_10,0.0,0.06666666666666667,0.22987958207455553
gametes_heterogeneity_20atts_1600_het_0_4_0_2_50_edm_2_001,gaindistill_path_hybrid,budget_100,0.0,0.3333333333333333,0.5067534091119613
gametes_heterogeneity_20atts_1600_het_0_4_0_2_50_edm_2_001,gaindistill_path_hybrid,budget_25,0.0,0.26666666666666666,0.465753835382343
gametes_heterogeneity_20atts_1600_het_0_4_0_2_50_edm_2_001,gaindistill_path_hybrid,budget_50,0.0,0.20000000000000004,0.3696177136584972
gametes_heterogeneity_20atts_1600_het_0_4_0_2_50_edm_2_001,gradient_sampling,budget_10,0.0,0.0,0.3490939238733605
gametes_heterogeneity_20atts_1600_het_0_4_0_2_50_edm_2_001,gradient_sampling,budget_100,0.0,0.26666666666666666,0.4597779944429085
gametes_heterogeneity_20atts_1600_het_0_4_0_2_50_edm_2_001,gradient_sampling,budget_25,0.0,0.06666666666666667,0.3645896518487109
gametes_heterogeneity_20atts_1600_het_0_4_0_2_50_edm_2_001,gradient_sampling,budget_50,0.0,0.20000000000000004,0.4451662188792351
gametes_heterogeneity_20atts_1600_het_0_4_0_2_50_edm_2_001,herding,budget_10,0.0,0.0,0.169493483136675
gametes_heterogeneity_20atts_1600_het_0_4_0_2_50_edm_2_001,herding,budget_100,0.0,0.39999999999999997,0.386808093236145
gametes_heterogeneity_20atts_1600_het_0_4_0_2_50_edm_2_001,herding,budget_25,0.0,0.13333333333333333,0.17767451547638738
gametes_heterogeneity_20atts_1600_het_0_4_0_2_50_edm_2_001,herding,budget_50,0.0,0.13333333333333333,0.26950005466759536
gametes_heterogeneity_20atts_1600_het_0_4_0_2_50_edm_2_001,k_center,budget_10,0.0,0.13333333333333333,0.4434336668489293
gametes_heterogeneity_20atts_1600_het_0_4_0_2_50_edm_2_001,k_center,budget_100,0.0,0.3333333333333333,0.597754310234076
gametes_heterogeneity_20atts_1600_het_0_4_0_2_50_edm_2_001,k_center,budget_25,0.0,0.13333333333333333,0.40692503970415356
gametes_heterogeneity_20atts_1600_het_0_4_0_2_50_edm_2_001,k_center,budget_50,0.0,0.20000000000000004,0.5403016521493359
gametes_heterogeneity_20atts_1600_het_0_4_0_2_50_edm_2_001,random,budget_10,0.0,0.06666666666666667,0.37129459661860054
gametes_heterogeneity_20atts_1600_het_0_4_0_2_50_edm_2_001,random,budget_100,0.0,0.4666666666666666,0.5255391097452927
gametes_heterogeneity_20atts_1600_het_0_4_0_2_50_edm_2_001,random,budget_25,0.0,0.06666666666666667,0.31514543670933676
gametes_heterogeneity_20atts_1600_het_0_4_0_2_50_edm_2_001,random,budget_50,0.0,0.20000000000000004,0.48993935512688336
gametes_heterogeneity_20atts_1600_het_0_4_0_2_50_edm_2_001,tree_region,budget_10,0.0,0.0,0.3490939238733605
gametes_heterogeneity_20atts_1600_het_0_4_0_2_50_edm_2_001,tree_region,budget_100,0.0,0.26666666666666666,0.4597779944429085
gametes_heterogeneity_20atts_1600_het_0_4_0_2_50_edm_2_001,tree_region,budget_25,0.0,0.06666666666666667,0.3645896518487109
gametes_heterogeneity_20atts_1600_het_0_4_0_2_50_edm_2_001,tree_region,budget_50,0.0,0.20000000000000004,0.4451662188792351
gametes_heterogeneity_20atts_1600_het_0_4_0_2_75_edm_2_001,distribution_matching,budget_10,0.0,0.06666666666666667,0.34521396431438967
gametes_heterogeneity_20atts_1600_het_0_4_0_2_75_edm_2_001,distribution_matching,budget_100,0.3333333333333333,0.20000000000000004,0.5575838601182039
gametes_heterogeneity_20atts_1600_het_0_4_0_2_75_edm_2_001,distribution_matching,budget_25,0.0,0.20000000000000004,0.3853488731072849
gametes_heterogeneity_20atts_1600_het_0_4_0_2_75_edm_2_001,distribution_matching,budget_50,0.0,0.06666666666666667,0.526697264747351
gametes_heterogeneity_20atts_1600_het_0_4_0_2_75_edm_2_001,full_data,budget_10,1.0,0.6666666666666666,0.8662806636619842
gametes_heterogeneity_20atts_1600_het_0_4_0_2_75_edm_2_001,full_data,budget_100,1.0,0.6666666666666666,0.8662806636619842
gametes_heterogeneity_20atts_1600_het_0_4_0_2_75_edm_2_001,full_data,budget_25,1.0,0.6666666666666666,0.8662806636619842
gametes_heterogeneity_20atts_1600_het_0_4_0_2_75_edm_2_001,full_data,budget_50,1.0,0.6666666666666666,0.8662806636619842
gametes_heterogeneity_20atts_1600_het_0_4_0_2_75_edm_2_001,gain_herding,budget_10,0.0,0.0,0.19399614507760224
gametes_heterogeneity_20atts_1600_het_0_4_0_2_75_edm_2_001,gain_herding,budget_100,0.3333333333333333,0.6,0.6854294831726815
gametes_heterogeneity_20atts_1600_het_0_4_0_2_75_edm_2_001,gain_herding,budget_25,0.0,0.20000000000000004,0.25464894615764466
gametes_heterogeneity_20atts_1600_het_0_4_0_2_75_edm_2_001,gain_herding,budget_50,0.0,0.06666666666666667,0.4759848167632945
gametes_heterogeneity_20atts_1600_het_0_4_0_2_75_edm_2_001,gain_path_herding,budget_10,0.0,0.06666666666666667,0.21337348646194063
gametes_heterogeneity_20atts_1600_het_0_4_0_2_75_edm_2_001,gain_path_herding,budget_100,0.0,0.3333333333333333,0.6495487493283328
gametes_heterogeneity_20atts_1600_het_0_4_0_2_75_edm_2_001,gain_path_herding,budget_25,0.0,0.13333333333333333,0.4092451526108869
gametes_heterogeneity_20atts_1600_het_0_4_0_2_75_edm_2_001,gain_path_herding,budget_50,0.0,0.06666666666666667,0.4832765942434752
gametes_heterogeneity_20atts_1600_het_0_4_0_2_75_edm_2_001,gain_path_refined,budget_25,0.0,0.06666666666666667,0.36505051744744405
gametes_heterogeneity_20atts_1600_het_0_4_0_2_75_edm_2_001,gain_path_refined,budget_50,0.0,0.06666666666666667,0.44775452901648505
gametes_heterogeneity_20atts_1600_het_0_4_0_2_75_edm_2_001,gain_path_safeguarded,budget_25,0.0,0.06666666666666667,0.36505051744744405
gametes_heterogeneity_20atts_1600_het_0_4_0_2_75_edm_2_001,gain_path_safeguarded,budget_50,0.0,0.06666666666666667,0.44775452901648505
gametes_heterogeneity_20atts_1600_het_0_4_0_2_75_edm_2_001,gain_weighted_coreset,budget_10,0.0,0.0,0.24181811309278403
gametes_heterogeneity_20atts_1600_het_0_4_0_2_75_edm_2_001,gain_weighted_coreset,budget_100,0.3333333333333333,0.6,0.6443289359695583
gametes_heterogeneity_20atts_1600_het_0_4_0_2_75_edm_2_001,gain_weighted_coreset,budget_25,0.0,0.06666666666666667,0.32996738140623594
gametes_heterogeneity_20atts_1600_het_0_4_0_2_75_edm_2_001,gain_weighted_coreset,budget_50,0.0,0.0,0.40496252881253314
gametes_heterogeneity_20atts_1600_het_0_4_0_2_75_edm_2_001,gaindistill,budget_10,0.0,0.20000000000000004,0.2512227633913579
gametes_heterogeneity_20atts_1600_het_0_4_0_2_75_edm_2_001,gaindistill,budget_100,0.3333333333333333,0.20000000000000004,0.21415107557817373
gametes_heterogeneity_20atts_1600_het_0_4_0_2_75_edm_2_001,gaindistill,budget_25,0.0,0.20000000000000004,0.25281642813806665
gametes_heterogeneity_20atts_1600_het_0_4_0_2_75_edm_2_001,gaindistill,budget_50,0.0,0.20000000000000004,0.26182189953284934
gametes_heterogeneity_20atts_1600_het_0_4_0_2_75_edm_2_001,gaindistill_hybrid,budget_10,0.0,0.0,0.24181811309278403
gametes_heterogeneity_20atts_1600_het_0_4_0_2_75_edm_2_001,gaindistill_hybrid,budget_100,0.3333333333333333,0.6,0.6443289359695583
gametes_heterogeneity_20atts_1600_het_0_4_0_2_75_edm_2_001,gaindistill_hybrid,budget_25,0.0,0.06666666666666667,0.32996738140623594
gametes_heterogeneity_20atts_1600_het_0_4_0_2_75_edm_2_001,gaindistill_hybrid,budget_50,0.0,0.0,0.40496252881253314
gametes_heterogeneity_20atts_1600_het_0_4_0_2_75_edm_2_001,gaindistill_path_hybrid,budget_10,0.0,0.06666666666666667,0.24790059314411436
gametes_heterogeneity_20atts_1600_het_0_4_0_2_75_edm_2_001,gaindistill_path_hybrid,budget_100,0.3333333333333333,0.4666666666666666,0.6295029114715268
gametes_heterogeneity_20atts_1600_het_0_4_0_2_75_edm_2_001,gaindistill_path_hybrid,budget_25,0.0,0.20000000000000004,0.463992525670075
gametes_heterogeneity_20atts_1600_het_0_4_0_2_75_edm_2_001,gaindistill_path_hybrid,budget_50,0.0,0.06666666666666667,0.4997358865784658
gametes_heterogeneity_20atts_1600_het_0_4_0_2_75_edm_2_001,gradient_sampling,budget_10,0.0,0.0,0.29648886017521664
gametes_heterogeneity_20atts_1600_het_0_4_0_2_75_edm_2_001,gradient_sampling,budget_100,0.0,0.20000000000000004,0.5362649251652979
gametes_heterogeneity_20atts_1600_het_0_4_0_2_75_edm_2_001,gradient_sampling,budget_25,0.0,0.13333333333333333,0.3832474134269388
gametes_heterogeneity_20atts_1600_het_0_4_0_2_75_edm_2_001,gradient_sampling,budget_50,0.0,0.06666666666666667,0.519633660125758
gametes_heterogeneity_20atts_1600_het_0_4_0_2_75_edm_2_001,herding,budget_10,0.0,0.0,0.26203405513717964
gametes_heterogeneity_20atts_1600_het_0_4_0_2_75_edm_2_001,herding,budget_100,0.0,0.13333333333333333,0.4432698197656603
gametes_heterogeneity_20atts_1600_het_0_4_0_2_75_edm_2_001,herding,budget_25,0.0,0.0,0.37227837714955797
gametes_heterogeneity_20atts_1600_het_0_4_0_2_75_edm_2_001,herding,budget_50,0.0,0.06666666666666667,0.3481509403273135
gametes_heterogeneity_20atts_1600_het_0_4_0_2_75_edm_2_001,k_center,budget_10,0.0,0.13333333333333333,0.6351330435992618
gametes_heterogeneity_20atts_1600_het_0_4_0_2_75_edm_2_001,k_center,budget_100,1.0,0.3333333333333333,0.4806066388130408
gametes_heterogeneity_20atts_1600_het_0_4_0_2_75_edm_2_001,k_center,budget_25,0.0,0.13333333333333333,0.5768003421390269
gametes_heterogeneity_20atts_1600_het_0_4_0_2_75_edm_2_001,k_center,budget_50,0.6666666666666666,0.26666666666666666,0.621563531488853
gametes_heterogeneity_20atts_1600_het_0_4_0_2_75_edm_2_001,random,budget_10,0.0,0.0,0.36802136856557155
gametes_heterogeneity_20atts_1600_het_0_4_0_2_75_edm_2_001,random,budget_100,0.3333333333333333,0.3333333333333333,0.5453374863069325
gametes_heterogeneity_20atts_1600_het_0_4_0_2_75_edm_2_001,random,budget_25,0.0,0.06666666666666667,0.44110610371574244
gametes_heterogeneity_20atts_1600_het_0_4_0_2_75_edm_2_001,random,budget_50,0.3333333333333333,0.26666666666666666,0.49645888958966694
gametes_heterogeneity_20atts_1600_het_0_4_0_2_75_edm_2_001,tree_region,budget_10,0.0,0.0,0.29648886017521664
gametes_heterogeneity_20atts_1600_het_0_4_0_2_75_edm_2_001,tree_region,budget_100,0.0,0.20000000000000004,0.5362649251652979
gametes_heterogeneity_20atts_1600_het_0_4_0_2_75_edm_2_001,tree_region,budget_25,0.0,0.13333333333333333,0.3832474134269388
gametes_heterogeneity_20atts_1600_het_0_4_0_2_75_edm_2_001,tree_region,budget_50,0.0,0.06666666666666667,0.519633660125758
hill_valley_with_noise,distribution_matching,budget_10,0.0,0.13333333333333333,-0.08843930465563014
hill_valley_with_noise,distribution_matching,budget_100,0.0,0.0,0.054433380407731276
hill_valley_with_noise,distribution_matching,budget_25,0.0,0.13333333333333333,-0.20618555267835434
hill_valley_with_noise,distribution_matching,budget_50,0.0,0.0,-0.07715070245971138
hill_valley_with_noise,full_data,budget_10,1.0,0.4666666666666666,0.9348473960299953
hill_valley_with_noise,full_data,budget_100,1.0,0.4666666666666666,0.9348473960299953
hill_valley_with_noise,full_data,budget_25,1.0,0.4666666666666666,0.9348473960299953
hill_valley_with_noise,full_data,budget_50,1.0,0.4666666666666666,0.9348473960299953
hill_valley_with_noise,gain_herding,budget_10,0.0,0.0,-0.08024201981091524
hill_valley_with_noise,gain_herding,budget_100,0.0,0.13333333333333333,0.54436508917354
hill_valley_with_noise,gain_herding,budget_25,0.0,0.06666666666666667,-0.05003980019643661
hill_valley_with_noise,gain_herding,budget_50,0.0,0.06666666666666667,0.2764884825097611
hill_valley_with_noise,gain_path_herding,budget_10,0.0,0.0,0.10829526350650683
hill_valley_with_noise,gain_path_herding,budget_100,0.0,0.06666666666666667,0.33114532289720505
hill_valley_with_noise,gain_path_herding,budget_25,0.0,0.06666666666666667,0.2561941296183212
hill_valley_with_noise,gain_path_herding,budget_50,0.0,0.06666666666666667,0.0650169831315953
hill_valley_with_noise,gain_path_refined,budget_25,0.0,0.06666666666666667,0.07006430073914333
hill_valley_with_noise,gain_path_refined,budget_50,0.0,0.06666666666666667,0.06616524683658292
hill_valley_with_noise,gain_path_safeguarded,budget_25,0.0,0.06666666666666667,0.2561941296183212
hill_valley_with_noise,gain_path_safeguarded,budget_50,0.0,0.06666666666666667,0.0650169831315953
hill_valley_with_noise,gain_weighted_coreset,budget_10,0.0,0.0,-0.10898877005006713
hill_valley_with_noise,gain_weighted_coreset,budget_100,0.0,0.06666666666666667,0.3414551006702066
hill_valley_with_noise,gain_weighted_coreset,budget_25,0.0,0.06666666666666667,0.010375052475178856
hill_valley_with_noise,gain_weighted_coreset,budget_50,0.0,0.0,0.31598465612772825
hill_valley_with_noise,gaindistill,budget_10,0.0,0.0,-0.18263544502632145
hill_valley_with_noise,gaindistill,budget_100,0.0,0.0,-0.28060401212021685
hill_valley_with_noise,gaindistill,budget_25,0.0,0.0,-0.214984485984784
hill_valley_with_noise,gaindistill,budget_50,0.0,0.0,-0.20222899751103196
hill_valley_with_noise,gaindistill_hybrid,budget_10,0.0,0.0,-0.10898877005006713
hill_valley_with_noise,gaindistill_hybrid,budget_100,0.0,0.06666666666666667,0.3414551006702066
hill_valley_with_noise,gaindistill_hybrid,budget_25,0.0,0.06666666666666667,0.010375052475178856
hill_valley_with_noise,gaindistill_hybrid,budget_50,0.0,0.0,0.31598465612772825
hill_valley_with_noise,gaindistill_path_hybrid,budget_10,0.0,0.06666666666666667,-0.0043935912042584
hill_valley_with_noise,gaindistill_path_hybrid,budget_100,0.3333333333333333,0.13333333333333333,0.40023333262740746
hill_valley_with_noise,gaindistill_path_hybrid,budget_25,0.0,0.06666666666666667,0.11923627736213986
hill_valley_with_noise,gaindistill_path_hybrid,budget_50,0.3333333333333333,0.06666666666666667,0.16202784604209766
hill_valley_with_noise,gradient_sampling,budget_10,0.0,0.0,-0.21974109495997896
hill_valley_with_noise,gradient_sampling,budget_100,0.0,0.0,0.3334962867932562
hill_valley_with_noise,gradient_sampling,budget_25,0.0,0.0,-0.04778723577562142
hill_valley_with_noise,gradient_sampling,budget_50,0.0,0.13333333333333333,0.18317156571339935
hill_valley_with_noise,herding,budget_10,0.0,0.0,-0.028337280828443195
hill_valley_with_noise,herding,budget_100,0.0,0.0,-0.05672545212798912
hill_valley_with_noise,herding,budget_25,0.0,0.13333333333333333,0.261276885310702
hill_valley_with_noise,herding,budget_50,0.0,0.0,0.20697932725105375
hill_valley_with_noise,k_center,budget_10,0.0,0.0,-0.08052625388169794
hill_valley_with_noise,k_center,budget_100,0.0,0.13333333333333333,0.548915030477814
hill_valley_with_noise,k_center,budget_25,0.0,0.0,-0.0070665875879768565
hill_valley_with_noise,k_center,budget_50,0.0,0.0,0.28953404201473326
hill_valley_with_noise,random,budget_10,0.0,0.0,0.05740307753038574
hill_valley_with_noise,random,budget_100,0.0,0.0,0.22905331616267052
hill_valley_with_noise,random,budget_25,0.0,0.0,0.17156108292314323
hill_valley_with_noise,random,budget_50,0.0,0.0,0.1928295148366362
hill_valley_with_noise,tree_region,budget_10,0.0,0.0,-0.21974109495997896
hill_valley_with_noise,tree_region,budget_100,0.0,0.0,0.3334962867932562
hill_valley_with_noise,tree_region,budget_25,0.0,0.0,-0.04778723577562142
hill_valley_with_noise,tree_region,budget_50,0.0,0.13333333333333333,0.18317156571339935
hill_valley_without_noise,distribution_matching,budget_10,0.0,0.0,-0.40301063903771245
hill_valley_without_noise,distribution_matching,budget_100,0.0,0.0,-0.22982115697595382
hill_valley_without_noise,distribution_matching,budget_25,0.0,0.0,-0.4340033223235215
hill_valley_without_noise,distribution_matching,budget_50,0.0,0.0,-0.21152056411951237
hill_valley_without_noise,full_data,budget_10,0.3333333333333333,0.6,0.8953990079309208
hill_valley_without_noise,full_data,budget_100,0.3333333333333333,0.6,0.8953990079309208
hill_valley_without_noise,full_data,budget_25,0.3333333333333333,0.6,0.8953990079309208
hill_valley_without_noise,full_data,budget_50,0.3333333333333333,0.6,0.8953990079309208
hill_valley_without_noise,gain_herding,budget_10,0.0,0.0,-0.5983747083168508
hill_valley_without_noise,gain_herding,budget_100,0.0,0.0,0.5340839341235326
hill_valley_without_noise,gain_herding,budget_25,0.3333333333333333,0.6,0.33402144840278086
hill_valley_without_noise,gain_herding,budget_50,0.0,0.0,0.43111078668842057
hill_valley_without_noise,gain_path_herding,budget_10,0.0,0.0,-0.3235724242045896
hill_valley_without_noise,gain_path_herding,budget_100,0.0,0.26666666666666666,0.6202673242917923
hill_valley_without_noise,gain_path_herding,budget_25,0.3333333333333333,0.3333333333333333,0.18986430093872217
hill_valley_without_noise,gain_path_herding,budget_50,0.0,0.0,0.34460226542988504
hill_valley_without_noise,gain_path_refined,budget_25,0.0,0.06666666666666667,0.24278745894350004
hill_valley_without_noise,gain_path_refined,budget_50,0.0,0.26666666666666666,0.3458400343414661
hill_valley_without_noise,gain_path_safeguarded,budget_25,0.3333333333333333,0.3333333333333333,0.18986430093872217
hill_valley_without_noise,gain_path_safeguarded,budget_50,0.0,0.0,0.34460226542988504
hill_valley_without_noise,gain_weighted_coreset,budget_10,0.0,0.0,-0.44667323709560186
hill_valley_without_noise,gain_weighted_coreset,budget_100,0.0,0.26666666666666666,0.3498934313392139
hill_valley_without_noise,gain_weighted_coreset,budget_25,0.3333333333333333,0.3333333333333333,0.12985466020755518
hill_valley_without_noise,gain_weighted_coreset,budget_50,0.3333333333333333,0.6,0.2798552395104968
hill_valley_without_noise,gaindistill,budget_10,0.3333333333333333,0.06666666666666667,-0.4743304429575404
hill_valley_without_noise,gaindistill,budget_100,0.3333333333333333,0.06666666666666667,-0.4386501727803369
hill_valley_without_noise,gaindistill,budget_25,0.3333333333333333,0.06666666666666667,-0.3527391526152311
hill_valley_without_noise,gaindistill,budget_50,0.3333333333333333,0.06666666666666667,-0.47080212978662184
hill_valley_without_noise,gaindistill_hybrid,budget_10,0.0,0.0,-0.44667323709560186
hill_valley_without_noise,gaindistill_hybrid,budget_100,0.0,0.26666666666666666,0.3498934313392139
hill_valley_without_noise,gaindistill_hybrid,budget_25,0.3333333333333333,0.3333333333333333,0.12985466020755518
hill_valley_without_noise,gaindistill_hybrid,budget_50,0.3333333333333333,0.6,0.2798552395104968
hill_valley_without_noise,gaindistill_path_hybrid,budget_10,0.0,0.0,-0.2789603428746476
hill_valley_without_noise,gaindistill_path_hybrid,budget_100,0.0,0.26666666666666666,0.7054033929993646
hill_valley_without_noise,gaindistill_path_hybrid,budget_25,0.3333333333333333,0.3333333333333333,0.32354644478945765
hill_valley_without_noise,gaindistill_path_hybrid,budget_50,0.0,0.0,0.036443871270953776
hill_valley_without_noise,gradient_sampling,budget_10,0.0,0.0,-0.3127794222731555
hill_valley_without_noise,gradient_sampling,budget_100,0.3333333333333333,0.3333333333333333,0.33923050653619685
hill_valley_without_noise,gradient_sampling,budget_25,0.0,0.0,0.13047586790232338
hill_valley_without_noise,gradient_sampling,budget_50,0.3333333333333333,0.3333333333333333,0.48337746436373336
hill_valley_without_noise,herding,budget_10,0.0,0.06666666666666667,-0.09632453866815882
hill_valley_without_noise,herding,budget_100,0.0,0.0,0.09414426548230385
hill_valley_without_noise,herding,budget_25,0.0,0.0,-0.15122627619972479
hill_valley_without_noise,herding,budget_50,0.0,0.0,-0.2627838928898643
hill_valley_without_noise,k_center,budget_10,0.0,0.0,-0.1370086281947109
hill_valley_without_noise,k_center,budget_100,0.0,0.0,0.5968237622380373
hill_valley_without_noise,k_center,budget_25,0.0,0.0,-0.2686741213319392
hill_valley_without_noise,k_center,budget_50,0.0,0.0,-0.26787885697077346
hill_valley_without_noise,random,budget_10,0.0,0.20000000000000004,0.01233324459736492
hill_valley_without_noise,random,budget_100,0.0,0.0,0.6644803781429112
hill_valley_without_noise,random,budget_25,0.0,0.0,0.4531867378341901
hill_valley_without_noise,random,budget_50,0.0,0.0,0.21771676441802248
hill_valley_without_noise,tree_region,budget_10,0.0,0.0,-0.3127794222731555
hill_valley_without_noise,tree_region,budget_100,0.3333333333333333,0.3333333333333333,0.33923050653619685
hill_valley_without_noise,tree_region,budget_25,0.0,0.0,0.13047586790232338
hill_valley_without_noise,tree_region,budget_50,0.3333333333333333,0.3333333333333333,0.48337746436373336
kr_vs_kp,distribution_matching,budget_10,0.0,0.3333333333333333,0.08382622147951768
kr_vs_kp,distribution_matching,budget_100,0.3333333333333333,0.4000000000000001,0.4380669238913845
kr_vs_kp,distribution_matching,budget_25,0.0,0.3333333333333333,0.2741996945294459
kr_vs_kp,distribution_matching,budget_50,0.3333333333333333,0.26666666666666666,0.3451809132426331
kr_vs_kp,full_data,budget_10,0.6666666666666666,0.6666666666666666,0.966808914177335
kr_vs_kp,full_data,budget_100,0.6666666666666666,0.6666666666666666,0.966808914177335
kr_vs_kp,full_data,budget_25,0.6666666666666666,0.6666666666666666,0.966808914177335
kr_vs_kp,full_data,budget_50,0.6666666666666666,0.6666666666666666,0.966808914177335
kr_vs_kp,gain_herding,budget_10,0.3333333333333333,0.20000000000000004,0.27328856274183533
kr_vs_kp,gain_herding,budget_100,0.6666666666666666,0.4666666666666666,0.6217140732052427
kr_vs_kp,gain_herding,budget_25,0.6666666666666666,0.4666666666666666,0.47791887580443887
kr_vs_kp,gain_herding,budget_50,0.6666666666666666,0.5333333333333333,0.49304641265727356
kr_vs_kp,gain_path_herding,budget_10,0.6666666666666666,0.3333333333333333,0.28059193071281135
kr_vs_kp,gain_path_herding,budget_100,0.6666666666666666,0.4666666666666666,0.7703795618935828
kr_vs_kp,gain_path_herding,budget_25,0.6666666666666666,0.3333333333333333,0.42241461669234465
kr_vs_kp,gain_path_herding,budget_50,0.6666666666666666,0.4666666666666666,0.4872879122863824
kr_vs_kp,gain_path_refined,budget_25,0.6666666666666666,0.3333333333333333,0.45168995057763867
kr_vs_kp,gain_path_refined,budget_50,0.6666666666666666,0.4666666666666666,0.46546478570176425
kr_vs_kp,gain_path_safeguarded,budget_25,0.6666666666666666,0.3333333333333333,0.42241461669234465
kr_vs_kp,gain_path_safeguarded,budget_50,0.6666666666666666,0.4666666666666666,0.46546478570176425
kr_vs_kp,gain_weighted_coreset,budget_10,0.3333333333333333,0.39999999999999997,0.2817490147426048
kr_vs_kp,gain_weighted_coreset,budget_100,0.3333333333333333,0.4666666666666666,0.710143611249414
kr_vs_kp,gain_weighted_coreset,budget_25,0.6666666666666666,0.39999999999999997,0.44510346656240674
kr_vs_kp,gain_weighted_coreset,budget_50,0.3333333333333333,0.3333333333333333,0.5097411723550271
kr_vs_kp,gaindistill,budget_10,0.3333333333333333,0.26666666666666666,0.017711360022275555
kr_vs_kp,gaindistill,budget_100,0.0,0.26666666666666666,-0.1997205395095122
kr_vs_kp,gaindistill,budget_25,0.0,0.3333333333333333,-0.12935666596136433
kr_vs_kp,gaindistill,budget_50,0.0,0.26666666666666666,-0.10300568152112537
kr_vs_kp,gaindistill_hybrid,budget_10,0.3333333333333333,0.39999999999999997,0.2817490147426048
kr_vs_kp,gaindistill_hybrid,budget_100,0.3333333333333333,0.4666666666666666,0.710143611249414
kr_vs_kp,gaindistill_hybrid,budget_25,0.6666666666666666,0.39999999999999997,0.44510346656240674
kr_vs_kp,gaindistill_hybrid,budget_50,0.3333333333333333,0.3333333333333333,0.5097411723550271
kr_vs_kp,gaindistill_path_hybrid,budget_10,0.0,0.4666666666666666,0.2903154868475452
kr_vs_kp,gaindistill_path_hybrid,budget_100,0.6666666666666666,0.4666666666666666,0.7891877501738641
kr_vs_kp,gaindistill_path_hybrid,budget_25,0.6666666666666666,0.39999999999999997,0.42761537172199665
kr_vs_kp,gaindistill_path_hybrid,budget_50,0.3333333333333333,0.4000000000000001,0.5268095522201103
kr_vs_kp,gradient_sampling,budget_10,0.0,0.06666666666666667,-0.2050292673995258
kr_vs_kp,gradient_sampling,budget_100,0.0,0.3333333333333333,0.1533230807718079
kr_vs_kp,gradient_sampling,budget_25,0.0,0.13333333333333333,-0.160530128767123
kr_vs_kp,gradient_sampling,budget_50,0.0,0.06666666666666667,-0.1159516471057369
kr_vs_kp,herding,budget_10,0.6666666666666666,0.4000000000000001,0.3927828182797115
kr_vs_kp,herding,budget_100,0.6666666666666666,0.5333333333333333,0.5753121542595226
kr_vs_kp,herding,budget_25,0.6666666666666666,0.4666666666666666,0.3779573830372384
kr_vs_kp,herding,budget_50,0.6666666666666666,0.4000000000000001,0.306141815579448
kr_vs_kp,k_center,budget_10,0.6666666666666666,0.5333333333333333,0.32729263661138314
kr_vs_kp,k_center,budget_100,0.0,0.3333333333333333,0.6326062905010272
kr_vs_kp,k_center,budget_25,0.6666666666666666,0.39999999999999997,0.4694958116010746
kr_vs_kp,k_center,budget_50,0.3333333333333333,0.3333333333333333,0.42966650861387706
kr_vs_kp,random,budget_10,0.6666666666666666,0.3333333333333333,0.20855033208003926
kr_vs_kp,random,budget_100,0.3333333333333333,0.5333333333333333,0.5075375900485083
kr_vs_kp,random,budget_25,0.6666666666666666,0.39999999999999997,0.2115877826063682
kr_vs_kp,random,budget_50,0.3333333333333333,0.5333333333333333,0.30788136901547153
kr_vs_kp,tree_region,budget_10,0.0,0.06666666666666667,-0.2050292673995258
kr_vs_kp,tree_region,budget_100,0.0,0.3333333333333333,0.1533230807718079
kr_vs_kp,tree_region,budget_25,0.0,0.13333333333333333,-0.160530128767123
kr_vs_kp,tree_region,budget_50,0.0,0.06666666666666667,-0.1159516471057369
pc1,distribution_matching,budget_10,0.3333333333333333,0.06666666666666667,0.02239632890988735
pc1,distribution_matching,budget_100,0.0,0.06666666666666667,-0.08289452432283655
pc1,distribution_matching,budget_25,0.0,0.0,-0.12036972922963608
pc1,distribution_matching,budget_50,0.0,0.06666666666666667,-0.0009262786274496551
pc1,full_data,budget_10,0.3333333333333333,0.4666666666666666,0.8873153479585737
pc1,full_data,budget_100,0.3333333333333333,0.4666666666666666,0.8873153479585737
pc1,full_data,budget_25,0.3333333333333333,0.4666666666666666,0.8873153479585737
pc1,full_data,budget_50,0.3333333333333333,0.4666666666666666,0.8873153479585737
pc1,gain_herding,budget_10,0.0,0.06666666666666667,-0.10592810025938755
pc1,gain_herding,budget_100,0.0,0.26666666666666666,0.32320348535041127
pc1,gain_herding,budget_25,0.0,0.06666666666666667,0.2736374700549636
pc1,gain_herding,budget_50,0.0,0.06666666666666667,0.2434492347639657
pc1,gain_path_diverse,budget_25,0.0,0.4,0.08602846964515497
pc1,gain_path_diverse,budget_50,0.0,0.0,0.2777689998524646
pc1,gain_path_dual,budget_25,0.0,0.2,0.2342322636786826
pc1,gain_path_dual,budget_50,0.0,0.0,0.3223819230717117
pc1,gain_path_herding,budget_10,0.0,0.06666666666666667,0.020049189840124933
pc1,gain_path_herding,budget_100,0.0,0.20000000000000004,0.37840273419903525
pc1,gain_path_herding,budget_25,0.0,0.20000000000000004,0.36019673083838427
pc1,gain_path_herding,budget_50,0.0,0.06666666666666667,0.36643706046519875
pc1,gain_path_prior_weighted,budget_25,0.0,0.20000000000000004,0.16805820302991228
pc1,gain_path_prior_weighted,budget_50,0.0,0.06666666666666667,0.32030743868363415
pc1,gain_path_refined,budget_25,0.0,0.20000000000000004,0.37752166227241063
pc1,gain_path_refined,budget_50,0.0,0.06666666666666667,0.33968590653695047
pc1,gain_path_refined_weighted,budget_50,0.0,0.4,0.048064034449191974
pc1,gain_path_safeguarded,budget_25,0.0,0.20000000000000004,0.37752166227241063
pc1,gain_path_safeguarded,budget_50,0.0,0.06666666666666667,0.33968590653695047
pc1,gain_weighted_coreset,budget_10,0.0,0.13333333333333333,0.15855650002155441
pc1,gain_weighted_coreset,budget_100,0.0,0.26666666666666666,0.669337993574255
pc1,gain_weighted_coreset,budget_25,0.0,0.0,0.1640687045257624
pc1,gain_weighted_coreset,budget_50,0.0,0.06666666666666667,0.5172872123022573
pc1,gaindistill,budget_10,0.0,0.06666666666666667,-0.020348547272302082
pc1,gaindistill,budget_100,0.0,0.20000000000000004,0.12911215776217433
pc1,gaindistill,budget_25,0.0,0.13333333333333333,0.100720052081837
pc1,gaindistill,budget_50,0.0,0.20000000000000004,0.19241041397388772
pc1,gaindistill_anchor,budget_25,0.0,0.26666666666666666,0.18406795069269744
pc1,gaindistill_anchor,budget_50,0.0,0.0,0.18798298294836294
pc1,gaindistill_full,budget_25,0.0,0.3333333333333333,0.1887367894368643
pc1,gaindistill_full,budget_50,0.0,0.0,0.1529036953397813
pc1,gaindistill_hybrid,budget_10,0.0,0.13333333333333333,0.15855650002155441
pc1,gaindistill_hybrid,budget_100,0.0,0.26666666666666666,0.669337993574255
pc1,gaindistill_hybrid,budget_25,0.0,0.0,0.1640687045257624
pc1,gaindistill_hybrid,budget_50,0.0,0.06666666666666667,0.5172872123022573
pc1,gaindistill_path_hybrid,budget_10,0.0,0.0,0.010875371965297012
pc1,gaindistill_path_hybrid,budget_100,0.0,0.20000000000000004,0.6386995794087488
pc1,gaindistill_path_hybrid,budget_25,0.0,0.0,0.241926881727016
pc1,gaindistill_path_hybrid,budget_50,0.0,0.26666666666666666,0.40781424038527386
pc1,gradient_sampling,budget_10,0.0,0.0,-0.013980408725772322
pc1,gradient_sampling,budget_100,0.3333333333333333,0.20000000000000004,0.39044304462569174
pc1,gradient_sampling,budget_25,0.0,0.06666666666666667,0.07136158128523672
pc1,gradient_sampling,budget_50,0.0,0.20000000000000004,0.1649522777671896
pc1,herding,budget_10,0.0,0.0,0.20269592434334102
pc1,herding,budget_100,0.0,0.26666666666666666,0.36420419339768356
pc1,herding,budget_25,0.0,0.0,0.3916162629500224
pc1,herding,budget_50,0.0,0.0,0.30171633328595365
pc1,k_center,budget_10,0.3333333333333333,0.06666666666666667,0.005460209225877431
pc1,k_center,budget_100,0.0,0.13333333333333333,0.33377840933883984
pc1,k_center,budget_25,0.0,0.06666666666666667,0.09789657976412973
pc1,k_center,budget_50,0.0,0.06666666666666667,0.20896173959420075
pc1,math_tuned,budget_50,0.0,0.0,0.2741713966339327
pc1,math_tuned_more_probes,budget_50,0.0,0.0,0.17441430429921476
pc1,math_tuned_no_anchor,budget_50,0.0,0.0,0.27348729640801495
pc1,math_tuned_no_hist,budget_50,0.0,0.0,0.2624791861737038
pc1,random,budget_10,0.0,0.06666666666666667,-0.022248952518935647
pc1,random,budget_100,0.0,0.06666666666666667,0.38116426304389756
pc1,random,budget_25,0.0,0.0,0.14874453516235106
pc1,random,budget_50,0.0,0.06666666666666667,0.16570215731567134
pc1,refined_no_conf,budget_25,0.0,0.20000000000000004,0.37752166227241063
pc1,refined_no_conf,budget_50,0.0,0.13333333333333333,0.34988854670179376
pc1,refined_no_gain_weight,budget_25,0.0,0.20000000000000004,0.37752166227241063
pc1,refined_no_gain_weight,budget_50,0.0,0.06666666666666667,0.33968590653695047
pc1,refined_no_grad,budget_25,0.0,0.20000000000000004,0.2840905471891818
pc1,refined_no_grad,budget_50,0.0,0.13333333333333333,0.2818526821287009
pc1,refined_no_hess,budget_25,0.0,0.13333333333333333,0.176297392478847
pc1,refined_no_hess,budget_50,0.0,0.13333333333333333,0.20103885797524765
pc1,refined_no_path,budget_25,0.0,0.06666666666666667,0.2900311373797288
pc1,refined_no_path,budget_50,0.0,0.06666666666666667,0.30200209931684185
pc1,refined_no_raw,budget_25,0.0,0.3333333333333333,0.30103669999827537
pc1,refined_no_raw,budget_50,0.0,0.20000000000000004,0.2684171422694694
pc1,refined_no_refine,budget_25,0.0,0.20000000000000004,0.36019673083838427
pc1,refined_no_refine,budget_50,0.0,0.06666666666666667,0.36643706046519875
pc1,refined_path_occupancy_only,budget_25,0.0,0.13333333333333333,0.22226802499922713
pc1,refined_path_occupancy_only,budget_50,0.0,0.06666666666666667,0.11144665905856153
pc1,tree_region,budget_10,0.0,0.0,-0.013980408725772322
pc1,tree_region,budget_100,0.3333333333333333,0.20000000000000004,0.39044304462569174
pc1,tree_region,budget_25,0.0,0.06666666666666667,0.07136158128523672
pc1,tree_region,budget_50,0.0,0.20000000000000004,0.1649522777671896
pc3,distribution_matching,budget_10,0.0,0.0,0.01807263076073389
pc3,distribution_matching,budget_100,0.0,0.0,0.06418063693645663
pc3,distribution_matching,budget_25,0.0,0.0,0.05146859320035341
pc3,distribution_matching,budget_50,0.0,0.0,0.025231016733564825
pc3,full_data,budget_10,0.3333333333333333,0.7999999999999999,0.9071335011636878
pc3,full_data,budget_100,0.3333333333333333,0.7999999999999999,0.9071335011636878
pc3,full_data,budget_25,0.3333333333333333,0.7999999999999999,0.9071335011636878
pc3,full_data,budget_50,0.3333333333333333,0.7999999999999999,0.9071335011636878
pc3,gain_herding,budget_10,0.0,0.0,0.026180470522825794
pc3,gain_herding,budget_100,0.0,0.3333333333333333,0.7457074340320918
pc3,gain_herding,budget_25,0.0,0.06666666666666667,0.3170487256893675
pc3,gain_herding,budget_50,0.0,0.26666666666666666,0.6111581758933698
pc3,gain_path_herding,budget_10,0.0,0.0,0.07620316556614987
pc3,gain_path_herding,budget_100,0.0,0.3333333333333333,0.7283819232387209
pc3,gain_path_herding,budget_25,0.0,0.06666666666666667,0.26871205798084535
pc3,gain_path_herding,budget_50,0.0,0.13333333333333333,0.5545703248463822
pc3,gain_path_refined,budget_25,0.0,0.06666666666666667,0.3215074556407843
pc3,gain_path_refined,budget_50,0.0,0.13333333333333333,0.5314740210290227
pc3,gain_path_safeguarded,budget_25,0.0,0.06666666666666667,0.26871205798084535
pc3,gain_path_safeguarded,budget_50,0.0,0.13333333333333333,0.5314740210290227
pc3,gain_weighted_coreset,budget_10,0.0,0.0,0.041731746775533894
pc3,gain_weighted_coreset,budget_100,0.0,0.26666666666666666,0.6299895981661682
pc3,gain_weighted_coreset,budget_25,0.0,0.06666666666666667,0.25660676243238073
pc3,gain_weighted_coreset,budget_50,0.0,0.13333333333333333,0.49464287836309956
pc3,gaindistill,budget_10,0.3333333333333333,0.4000000000000001,0.19244107397336352
pc3,gaindistill,budget_100,0.3333333333333333,0.4666666666666666,0.14749562778502656
pc3,gaindistill,budget_25,0.3333333333333333,0.39999999999999997,0.06948250989246015
pc3,gaindistill,budget_50,0.0,0.4666666666666666,0.14249183057629514
pc3,gaindistill_hybrid,budget_10,0.0,0.0,0.041731746775533894
pc3,gaindistill_hybrid,budget_100,0.0,0.26666666666666666,0.6299895981661682
pc3,gaindistill_hybrid,budget_25,0.0,0.06666666666666667,0.25660676243238073
pc3,gaindistill_hybrid,budget_50,0.0,0.13333333333333333,0.49464287836309956
pc3,gaindistill_path_hybrid,budget_10,0.0,0.0,0.1295591784582462
pc3,gaindistill_path_hybrid,budget_100,0.0,0.20000000000000004,0.40093976551791827
pc3,gaindistill_path_hybrid,budget_25,0.0,0.06666666666666667,0.33582636321751114
pc3,gaindistill_path_hybrid,budget_50,0.0,0.20000000000000004,0.5001398160690349
pc3,gradient_sampling,budget_10,0.0,0.0,-0.15772757284165964
pc3,gradient_sampling,budget_100,0.0,0.06666666666666667,0.161453715514507
pc3,gradient_sampling,budget_25,0.0,0.0,-0.073228640213022
pc3,gradient_sampling,budget_50,0.0,0.0,-0.046561458537928556
pc3,herding,budget_10,0.0,0.0,-0.05864732625948216
pc3,herding,budget_100,0.3333333333333333,0.26666666666666666,0.3829897817618401
pc3,herding,budget_25,0.0,0.3333333333333333,0.1857480804913876
pc3,herding,budget_50,0.0,0.3333333333333333,0.40225561039714314
pc3,k_center,budget_10,0.0,0.06666666666666667,0.07185321066751549
pc3,k_center,budget_100,0.0,0.26666666666666666,0.38674922831499464
pc3,k_center,budget_25,0.0,0.20000000000000004,0.2604921376049854
pc3,k_center,budget_50,0.0,0.13333333333333333,0.2721717298841572
pc3,random,budget_10,0.0,0.13333333333333333,0.06975373200162914
pc3,random,budget_100,0.0,0.4000000000000001,0.5588405580584278
pc3,random,budget_25,0.3333333333333333,0.26666666666666666,0.16693900825508354
pc3,random,budget_50,0.0,0.26666666666666666,0.36818646365891833
pc3,tree_region,budget_10,0.0,0.0,-0.15772757284165964
pc3,tree_region,budget_100,0.0,0.06666666666666667,0.161453715514507
pc3,tree_region,budget_25,0.0,0.0,-0.073228640213022
pc3,tree_region,budget_50,0.0,0.0,-0.046561458537928556
pc4,distribution_matching,budget_10,0.0,0.13333333333333333,0.11603624895175084
pc4,distribution_matching,budget_100,0.0,0.26666666666666666,0.26243865995311966
pc4,distribution_matching,budget_25,0.0,0.13333333333333333,0.19348295531507453
pc4,distribution_matching,budget_50,0.0,0.26666666666666666,0.22323286797210354
pc4,full_data,budget_10,0.6666666666666666,0.6,0.9526762134335248
pc4,full_data,budget_100,0.6666666666666666,0.6,0.9526762134335248
pc4,full_data,budget_25,0.6666666666666666,0.6,0.9526762134335248
pc4,full_data,budget_50,0.6666666666666666,0.6,0.9526762134335248
pc4,gain_herding,budget_10,0.0,0.20000000000000004,0.23970995816343546
pc4,gain_herding,budget_100,0.3333333333333333,0.3333333333333333,0.7547916076937251
pc4,gain_herding,budget_25,0.0,0.3333333333333333,0.4900285167899991
pc4,gain_herding,budget_50,0.0,0.39999999999999997,0.6937374088806022
pc4,gain_path_herding,budget_10,0.0,0.20000000000000004,0.21343082932872073
pc4,gain_path_herding,budget_100,0.0,0.20000000000000004,0.7235495491571866
pc4,gain_path_herding,budget_25,0.0,0.26666666666666666,0.5180790517583068
pc4,gain_path_herding,budget_50,0.3333333333333333,0.20000000000000004,0.6224308269991242
pc4,gain_path_refined,budget_25,0.0,0.26666666666666666,0.48458896294617815
pc4,gain_path_refined,budget_50,0.0,0.13333333333333333,0.6467851636591218
pc4,gain_path_safeguarded,budget_25,0.0,0.26666666666666666,0.5180790517583068
pc4,gain_path_safeguarded,budget_50,0.0,0.13333333333333333,0.6467851636591218
pc4,gain_weighted_coreset,budget_10,0.0,0.06666666666666667,0.2900276058782278
pc4,gain_weighted_coreset,budget_100,0.3333333333333333,0.39999999999999997,0.7342898282050155
pc4,gain_weighted_coreset,budget_25,0.0,0.3333333333333333,0.4201467783583701
pc4,gain_weighted_coreset,budget_50,0.0,0.26666666666666666,0.6185468426204548
pc4,gaindistill,budget_10,0.6666666666666666,0.26666666666666666,-0.007196711316459403
pc4,gaindistill,budget_100,0.3333333333333333,0.26666666666666666,0.04224893811851548
pc4,gaindistill,budget_25,0.6666666666666666,0.3333333333333333,0.16530298875304153
pc4,gaindistill,budget_50,0.3333333333333333,0.26666666666666666,0.115325528799891
pc4,gaindistill_hybrid,budget_10,0.0,0.06666666666666667,0.2900276058782278
pc4,gaindistill_hybrid,budget_100,0.3333333333333333,0.39999999999999997,0.7342898282050155
pc4,gaindistill_hybrid,budget_25,0.0,0.3333333333333333,0.4201467783583701
pc4,gaindistill_hybrid,budget_50,0.0,0.26666666666666666,0.6185468426204548
pc4,gaindistill_path_hybrid,budget_10,0.0,0.26666666666666666,0.23430222459169156
pc4,gaindistill_path_hybrid,budget_100,0.0,0.13333333333333333,0.6474050700988531
pc4,gaindistill_path_hybrid,budget_25,0.0,0.26666666666666666,0.4363878334133635
pc4,gaindistill_path_hybrid,budget_50,0.0,0.26666666666666666,0.5409083312787409
pc4,gradient_sampling,budget_10,0.0,0.0,0.031666756053001836
pc4,gradient_sampling,budget_100,0.0,0.5333333333333333,0.8046447411486737
pc4,gradient_sampling,budget_25,0.0,0.0,0.12811550189293233
pc4,gradient_sampling,budget_50,0.0,0.13333333333333333,0.2037440770333109
pc4,herding,budget_10,0.0,0.0,0.22736187374210157
pc4,herding,budget_100,0.0,0.13333333333333333,0.5534968146415641
pc4,herding,budget_25,0.0,0.13333333333333333,0.4890364078019854
pc4,herding,budget_50,0.0,0.13333333333333333,0.49878030365680165
pc4,k_center,budget_10,0.0,0.0,0.10271650970271866
pc4,k_center,budget_100,0.3333333333333333,0.4666666666666666,0.6172261529531461
pc4,k_center,budget_25,0.0,0.0,0.3776439337295086
pc4,k_center,budget_50,0.3333333333333333,0.20000000000000004,0.49320019052265046
pc4,random,budget_10,0.0,0.06666666666666667,0.27281724218909037
pc4,random,budget_100,0.3333333333333333,0.39999999999999997,0.6234678047775276
pc4,random,budget_25,0.0,0.20000000000000004,0.13893189933760802
pc4,random,budget_50,0.0,0.26666666666666666,0.4699183303171735
pc4,tree_region,budget_10,0.0,0.0,0.031666756053001836
pc4,tree_region,budget_100,0.0,0.5333333333333333,0.8046447411486737
pc4,tree_region,budget_25,0.0,0.0,0.12811550189293233
pc4,tree_region,budget_50,0.0,0.13333333333333333,0.2037440770333109
phoneme,distribution_matching,budget_10,0.0,0.0,-0.07693758630449313
phoneme,distribution_matching,budget_100,0.3333333333333333,0.39999999999999997,0.10102747386885151
phoneme,distribution_matching,budget_25,0.0,0.13333333333333333,0.008242562526557076
phoneme,distribution_matching,budget_50,0.0,0.13333333333333333,0.14392086129333423
phoneme,full_data,budget_10,0.3333333333333333,0.7999999999999999,0.8711961497323365
phoneme,full_data,budget_100,0.3333333333333333,0.7999999999999999,0.8711961497323365
phoneme,full_data,budget_25,0.3333333333333333,0.7999999999999999,0.8711961497323365
phoneme,full_data,budget_50,0.3333333333333333,0.7999999999999999,0.8711961497323365
phoneme,gain_herding,budget_10,0.0,0.06666666666666667,0.03975273408555622
phoneme,gain_herding,budget_100,0.3333333333333333,0.3333333333333333,0.32147870580357324
phoneme,gain_herding,budget_25,0.0,0.26666666666666666,0.07205084881127054
phoneme,gain_herding,budget_50,0.3333333333333333,0.26666666666666666,0.09782303981626776
phoneme,gain_path_herding,budget_10,0.0,0.0,0.0018007142084779937
phoneme,gain_path_herding,budget_100,0.6666666666666666,0.26666666666666666,0.3606685382173831
phoneme,gain_path_herding,budget_25,0.0,0.26666666666666666,0.21639971146757464
phoneme,gain_path_herding,budget_50,0.3333333333333333,0.20000000000000004,0.2964352262414924
phoneme,gain_path_refined,budget_25,0.0,0.20000000000000004,0.15520967935531216
phoneme,gain_path_refined,budget_50,0.3333333333333333,0.26666666666666666,0.34377109954411633
phoneme,gain_path_safeguarded,budget_25,0.0,0.20000000000000004,0.15520967935531216
phoneme,gain_path_safeguarded,budget_50,0.3333333333333333,0.26666666666666666,0.34377109954411633
phoneme,gain_weighted_coreset,budget_10,0.0,0.0,0.035977328151103445
phoneme,gain_weighted_coreset,budget_100,0.3333333333333333,0.3333333333333333,0.2419638663579549
phoneme,gain_weighted_coreset,budget_25,0.0,0.26666666666666666,0.17298198651961386
phoneme,gain_weighted_coreset,budget_50,0.3333333333333333,0.26666666666666666,0.13293254420596387
phoneme,gaindistill,budget_10,0.6666666666666666,0.26666666666666666,-0.009697350173238388
phoneme,gaindistill,budget_100,0.0,0.13333333333333333,0.0920757336276446
phoneme,gaindistill,budget_25,0.0,0.13333333333333333,0.16697515582100672
phoneme,gaindistill,budget_50,0.6666666666666666,0.26666666666666666,0.15626351861086005
phoneme,gaindistill_hybrid,budget_10,0.0,0.0,0.035977328151103445
phoneme,gaindistill_hybrid,budget_100,0.3333333333333333,0.3333333333333333,0.2419638663579549
phoneme,gaindistill_hybrid,budget_25,0.0,0.26666666666666666,0.17298198651961386
phoneme,gaindistill_hybrid,budget_50,0.3333333333333333,0.26666666666666666,0.13293254420596387
phoneme,gaindistill_path_hybrid,budget_10,0.0,0.0,0.1317096168540776
phoneme,gaindistill_path_hybrid,budget_100,0.6666666666666666,0.20000000000000004,0.31075415438476545
phoneme,gaindistill_path_hybrid,budget_25,0.0,0.26666666666666666,0.17846831650409734
phoneme,gaindistill_path_hybrid,budget_50,0.3333333333333333,0.20000000000000004,0.20640438068151254
phoneme,gradient_sampling,budget_10,0.0,0.06666666666666667,0.011083448102304827
phoneme,gradient_sampling,budget_100,0.0,0.0,-0.04412772203537594
phoneme,gradient_sampling,budget_25,0.0,0.0,-0.094482872901777
phoneme,gradient_sampling,budget_50,0.0,0.0,-0.05123176002512292
phoneme,herding,budget_10,0.0,0.0,-0.083958684285709
phoneme,herding,budget_100,0.0,0.0,-0.11674559028148142
phoneme,herding,budget_25,0.0,0.0,-0.011130842627525043
phoneme,herding,budget_50,0.0,0.0,-0.05685006737170172
phoneme,k_center,budget_10,0.0,0.06666666666666667,-0.00957935285742643
phoneme,k_center,budget_100,0.0,0.26666666666666666,0.10944330097828144
phoneme,k_center,budget_25,0.0,0.13333333333333333,0.169522950303114
phoneme,k_center,budget_50,0.0,0.0,0.09348039493715789
phoneme,random,budget_10,0.0,0.06666666666666667,0.05216288222746706
phoneme,random,budget_100,0.0,0.26666666666666666,0.2806556970542471
phoneme,random,budget_25,0.0,0.13333333333333333,0.18219854266621408
phoneme,random,budget_50,0.0,0.13333333333333333,0.20026669326400212
phoneme,tree_region,budget_10,0.0,0.06666666666666667,0.011083448102304827
phoneme,tree_region,budget_100,0.0,0.0,-0.04412772203537594
phoneme,tree_region,budget_25,0.0,0.0,-0.094482872901777
phoneme,tree_region,budget_50,0.0,0.0,-0.05123176002512292
qsar_biodeg,distribution_matching,budget_10,0.0,0.06666666666666667,-0.034521657947522065
qsar_biodeg,distribution_matching,budget_100,0.0,0.06666666666666667,0.19106162681670644
qsar_biodeg,distribution_matching,budget_25,0.0,0.0,0.011993062887147021
qsar_biodeg,distribution_matching,budget_50,0.0,0.0,0.13598153082480188
qsar_biodeg,full_data,budget_10,0.6666666666666666,0.7999999999999999,0.9255934401941238
qsar_biodeg,full_data,budget_100,0.6666666666666666,0.7999999999999999,0.9255934401941238
qsar_biodeg,full_data,budget_25,0.6666666666666666,0.7999999999999999,0.9255934401941238
qsar_biodeg,full_data,budget_50,0.6666666666666666,0.7999999999999999,0.9255934401941238
qsar_biodeg,gain_herding,budget_10,0.0,0.0,0.04075015972329953
qsar_biodeg,gain_herding,budget_100,0.3333333333333333,0.5333333333333333,0.6692192218253464
qsar_biodeg,gain_herding,budget_25,0.0,0.0,0.3422068769494973
qsar_biodeg,gain_herding,budget_50,0.0,0.39999999999999997,0.4553475146479396
qsar_biodeg,gain_path_herding,budget_10,0.0,0.0,0.1303126469332413
qsar_biodeg,gain_path_herding,budget_100,0.0,0.5333333333333333,0.688418246437544
qsar_biodeg,gain_path_herding,budget_25,0.0,0.0,0.36977032852813324
qsar_biodeg,gain_path_herding,budget_50,0.3333333333333333,0.3333333333333333,0.44862138740718677
qsar_biodeg,gain_path_refined,budget_25,0.0,0.13333333333333333,0.38536226556193176
qsar_biodeg,gain_path_refined,budget_50,0.3333333333333333,0.3333333333333333,0.5115296780356249
qsar_biodeg,gain_path_safeguarded,budget_25,0.0,0.0,0.36977032852813324
qsar_biodeg,gain_path_safeguarded,budget_50,0.3333333333333333,0.3333333333333333,0.5115296780356249
qsar_biodeg,gain_weighted_coreset,budget_10,0.0,0.06666666666666667,0.06928555508233414
qsar_biodeg,gain_weighted_coreset,budget_100,0.0,0.6,0.6685613502132389
qsar_biodeg,gain_weighted_coreset,budget_25,0.0,0.0,0.3331298462535303
qsar_biodeg,gain_weighted_coreset,budget_50,0.3333333333333333,0.3333333333333333,0.4764798488385565
qsar_biodeg,gaindistill,budget_10,0.3333333333333333,0.13333333333333333,0.06840593494644222
qsar_biodeg,gaindistill,budget_100,0.3333333333333333,0.13333333333333333,0.02105244524786092
qsar_biodeg,gaindistill,budget_25,0.3333333333333333,0.20000000000000004,-0.06401005757619366
qsar_biodeg,gaindistill,budget_50,0.3333333333333333,0.13333333333333333,-0.08063403575780372
qsar_biodeg,gaindistill_hybrid,budget_10,0.0,0.06666666666666667,0.06928555508233414
qsar_biodeg,gaindistill_hybrid,budget_100,0.0,0.6,0.6685613502132389
qsar_biodeg,gaindistill_hybrid,budget_25,0.0,0.0,0.3331298462535303
qsar_biodeg,gaindistill_hybrid,budget_50,0.3333333333333333,0.3333333333333333,0.4764798488385565
qsar_biodeg,gaindistill_path_hybrid,budget_10,0.0,0.0,0.1099852438540682
qsar_biodeg,gaindistill_path_hybrid,budget_100,0.3333333333333333,0.4666666666666666,0.6883592483321227
qsar_biodeg,gaindistill_path_hybrid,budget_25,0.0,0.0,0.3442229292183781
qsar_biodeg,gaindistill_path_hybrid,budget_50,0.6666666666666666,0.4666666666666666,0.45426741806513893
qsar_biodeg,gradient_sampling,budget_10,0.0,0.0,-0.3002492690868717
qsar_biodeg,gradient_sampling,budget_100,0.0,0.13333333333333333,0.5631324513470991
qsar_biodeg,gradient_sampling,budget_25,0.0,0.06666666666666667,-0.15342138287267956
qsar_biodeg,gradient_sampling,budget_50,0.0,0.06666666666666667,0.17980034272995835
qsar_biodeg,herding,budget_10,0.0,0.0,-0.08302112689911569
qsar_biodeg,herding,budget_100,0.0,0.4000000000000001,0.5454358388389026
qsar_biodeg,herding,budget_25,0.0,0.06666666666666667,0.05830220527800393
qsar_biodeg,herding,budget_50,0.0,0.20000000000000004,0.2304809244559813
qsar_biodeg,k_center,budget_10,0.0,0.06666666666666667,0.18715851063966082
qsar_biodeg,k_center,budget_100,0.3333333333333333,0.39999999999999997,0.46274177270388633
qsar_biodeg,k_center,budget_25,0.0,0.4666666666666666,0.3711231401476136
qsar_biodeg,k_center,budget_50,0.0,0.19999999999999998,0.33323891758277924
qsar_biodeg,random,budget_10,0.0,0.0,-0.0824694370949344
qsar_biodeg,random,budget_100,0.3333333333333333,0.26666666666666666,0.5153016788396309
qsar_biodeg,random,budget_25,0.0,0.0,0.07222344771318341
qsar_biodeg,random,budget_50,0.3333333333333333,0.26666666666666666,0.26321432003484174
qsar_biodeg,tree_region,budget_10,0.0,0.0,-0.3002492690868717
qsar_biodeg,tree_region,budget_100,0.0,0.13333333333333333,0.5631324513470991
qsar_biodeg,tree_region,budget_25,0.0,0.06666666666666667,-0.15342138287267956
qsar_biodeg,tree_region,budget_50,0.0,0.06666666666666667,0.17980034272995835
sick,distribution_matching,budget_10,0.0,0.0,0.07641051465754534
sick,distribution_matching,budget_100,0.0,0.13333333333333333,0.2308734032530496
sick,distribution_matching,budget_25,0.0,0.06666666666666667,0.029796553188670142
sick,distribution_matching,budget_50,0.0,0.20000000000000004,0.18103974350309415
sick,full_data,budget_10,0.6666666666666666,0.9333333333333332,0.9613164737128764
sick,full_data,budget_100,0.6666666666666666,0.9333333333333332,0.9613164737128764
sick,full_data,budget_25,0.6666666666666666,0.9333333333333332,0.9613164737128764
sick,full_data,budget_50,0.6666666666666666,0.9333333333333332,0.9613164737128764
sick,gain_herding,budget_10,0.0,0.0,0.045448061479400254
sick,gain_herding,budget_100,0.0,0.06666666666666667,0.44033744154882326
sick,gain_herding,budget_25,0.0,0.0,0.06046078375516178
sick,gain_herding,budget_50,0.0,0.0,0.18216454551501493
sick,gain_path_herding,budget_10,0.0,0.0,0.005869802219655736
sick,gain_path_herding,budget_100,0.0,0.06666666666666667,0.3965111462545778
sick,gain_path_herding,budget_25,0.0,0.0,0.11220872977633574
sick,gain_path_herding,budget_50,0.0,0.0,0.28644137691412624
sick,gain_path_refined,budget_25,0.0,0.0,0.04640035212745706
sick,gain_path_refined,budget_50,0.0,0.06666666666666667,0.29915178756814526
sick,gain_path_safeguarded,budget_25,0.0,0.0,0.11220872977633574
sick,gain_path_safeguarded,budget_50,0.0,0.06666666666666667,0.29915178756814526
sick,gain_weighted_coreset,budget_10,0.0,0.0,0.16357277463947317
sick,gain_weighted_coreset,budget_100,0.0,0.20000000000000004,0.3349833980036631
sick,gain_weighted_coreset,budget_25,0.0,0.0,0.2900573911938719
sick,gain_weighted_coreset,budget_50,0.0,0.0,0.2630431704112897
sick,gaindistill,budget_10,0.0,0.20000000000000004,-0.03279429426187911
sick,gaindistill,budget_100,0.0,0.0,-0.03657627055257029
sick,gaindistill,budget_25,0.0,0.0,0.0002911973696502988
sick,gaindistill,budget_50,0.0,0.06666666666666667,0.04052226621415168
sick,gaindistill_hybrid,budget_10,0.0,0.0,0.16357277463947317
sick,gaindistill_hybrid,budget_100,0.0,0.20000000000000004,0.3349833980036631
sick,gaindistill_hybrid,budget_25,0.0,0.0,0.2900573911938719
sick,gaindistill_hybrid,budget_50,0.0,0.0,0.2630431704112897
sick,gaindistill_path_hybrid,budget_10,0.0,0.0,0.162894913154378
sick,gaindistill_path_hybrid,budget_100,0.0,0.26666666666666666,0.3358588422403241
sick,gaindistill_path_hybrid,budget_25,0.0,0.0,0.27887833285542324
sick,gaindistill_path_hybrid,budget_50,0.0,0.0,0.26695672185570407
sick,gradient_sampling,budget_10,0.0,0.06666666666666667,-0.020115137566029326
sick,gradient_sampling,budget_100,0.3333333333333333,0.4000000000000001,0.6257720087551042
sick,gradient_sampling,budget_25,0.0,0.26666666666666666,0.2852686564988535
sick,gradient_sampling,budget_50,0.0,0.6,0.4100341075071414
sick,herding,budget_10,0.0,0.0,0.06276522078864703
sick,herding,budget_100,0.0,0.0,-0.012545821516449755
sick,herding,budget_25,0.0,0.0,0.07978497941871977
sick,herding,budget_50,0.0,0.0,0.12392648587926842
sick,k_center,budget_10,0.0,0.0,0.17938908739050333
sick,k_center,budget_100,0.3333333333333333,0.5333333333333333,0.5888480978787042
sick,k_center,budget_25,0.0,0.13333333333333333,0.2799094453021452
sick,k_center,budget_50,0.0,0.20000000000000004,0.4387925228478144
sick,random,budget_10,0.0,0.06666666666666667,-0.08208924489415585
sick,random,budget_100,0.0,0.13333333333333333,0.40311547669752135
sick,random,budget_25,0.0,0.0,0.016922886381660597
sick,random,budget_50,0.0,0.0,0.23133936085386997
sick,tree_region,budget_10,0.0,0.06666666666666667,-0.020115137566029326
sick,tree_region,budget_100,0.3333333333333333,0.4000000000000001,0.6257720087551042
sick,tree_region,budget_25,0.0,0.26666666666666666,0.2852686564988535
sick,tree_region,budget_50,0.0,0.6,0.4100341075071414
spambase,distribution_matching,budget_10,0.0,0.0,-0.08001241285888544
spambase,distribution_matching,budget_100,0.0,0.0,0.17097144969049463
spambase,distribution_matching,budget_25,0.0,0.0,0.06309585857270786
spambase,distribution_matching,budget_50,0.0,0.0,0.1290262121912753
spambase,full_data,budget_10,1.0,0.9333333333333332,0.9524358839632147
spambase,full_data,budget_100,1.0,0.9333333333333332,0.9524358839632147
spambase,full_data,budget_25,1.0,0.9333333333333332,0.9524358839632147
spambase,full_data,budget_50,1.0,0.9333333333333332,0.9524358839632147
spambase,gain_herding,budget_10,0.0,0.13333333333333333,0.416758535669767
spambase,gain_herding,budget_100,0.0,0.06666666666666667,0.1373280941581185
spambase,gain_herding,budget_25,0.0,0.06666666666666667,0.5266195105096362
spambase,gain_herding,budget_50,0.0,0.06666666666666667,0.4067875689006944
spambase,gain_path_diverse,budget_25,0.0,0.2,0.5177806429905031
spambase,gain_path_diverse,budget_50,0.0,0.0,0.13165703433878442
spambase,gain_path_dual,budget_25,0.0,0.4,0.6792142055302564
spambase,gain_path_dual,budget_50,0.0,0.0,0.5348180259487554
spambase,gain_path_herding,budget_10,0.0,0.13333333333333333,0.5721212654110032
spambase,gain_path_herding,budget_100,0.0,0.0,0.17857494856089373
spambase,gain_path_herding,budget_25,0.0,0.20000000000000004,0.5934302398801372
spambase,gain_path_herding,budget_50,0.0,0.0,0.3435073704714135
spambase,gain_path_prior_weighted,budget_25,0.0,0.13333333333333333,0.5787713545327136
spambase,gain_path_prior_weighted,budget_50,0.0,0.0,0.3603146802233133
spambase,gain_path_refined,budget_25,0.0,0.13333333333333333,0.5936928497117909
spambase,gain_path_refined,budget_50,0.0,0.0,0.31001483196271284
spambase,gain_path_refined_weighted,budget_50,0.0,0.0,0.3702787983258952
spambase,gain_path_safeguarded,budget_25,0.0,0.20000000000000004,0.5934302398801372
spambase,gain_path_safeguarded,budget_50,0.0,0.0,0.3435073704714135
spambase,gain_weighted_coreset,budget_10,0.0,0.06666666666666667,0.13521151052143154
spambase,gain_weighted_coreset,budget_100,0.6666666666666666,0.13333333333333333,0.5445247358540857
spambase,gain_weighted_coreset,budget_25,0.0,0.06666666666666667,0.28592793607976613
spambase,gain_weighted_coreset,budget_50,0.3333333333333333,0.20000000000000004,0.3506273277193008
spambase,gaindistill,budget_10,0.0,0.06666666666666667,0.1397047629462889
spambase,gaindistill,budget_100,0.3333333333333333,0.20000000000000004,0.19607506789488394
spambase,gaindistill,budget_25,0.0,0.06666666666666667,0.24834253291648714
spambase,gaindistill,budget_50,0.0,0.06666666666666667,0.3288438306337958
spambase,gaindistill_anchor,budget_25,0.0,0.3333333333333333,0.5544716174450324
spambase,gaindistill_anchor,budget_50,0.0,0.0,0.1959990025606758
spambase,gaindistill_full,budget_25,0.0,0.3333333333333333,0.5543790972183966
spambase,gaindistill_full,budget_50,0.0,0.0,0.20139131567014998
spambase,gaindistill_hybrid,budget_10,0.0,0.06666666666666667,0.13521151052143154
spambase,gaindistill_hybrid,budget_100,0.6666666666666666,0.13333333333333333,0.5445247358540857
spambase,gaindistill_hybrid,budget_25,0.0,0.06666666666666667,0.28592793607976613
spambase,gaindistill_hybrid,budget_50,0.3333333333333333,0.20000000000000004,0.3506273277193008
spambase,gaindistill_path_hybrid,budget_10,0.0,0.0,0.07674504395397695
spambase,gaindistill_path_hybrid,budget_100,0.6666666666666666,0.20000000000000004,0.5764008955266146
spambase,gaindistill_path_hybrid,budget_25,0.0,0.13333333333333333,0.31686082633929874
spambase,gaindistill_path_hybrid,budget_50,0.3333333333333333,0.20000000000000004,0.37851793601339523
spambase,gradient_sampling,budget_10,0.0,0.0,-0.30634999340525054
spambase,gradient_sampling,budget_100,0.0,0.0,-0.029346712429413956
spambase,gradient_sampling,budget_25,0.0,0.0,-0.24022369238294602
spambase,gradient_sampling,budget_50,0.0,0.0,-0.254225825670223
spambase,herding,budget_10,0.0,0.0,0.5007985442177851
spambase,herding,budget_100,0.0,0.13333333333333333,0.444686903006867
spambase,herding,budget_25,0.0,0.4000000000000001,0.6998034394678614
spambase,herding,budget_50,0.0,0.0,0.6427670759207341
spambase,k_center,budget_10,0.0,0.0,-0.20753467422114405
spambase,k_center,budget_100,0.0,0.06666666666666667,0.47380646521846354
spambase,k_center,budget_25,0.3333333333333333,0.20000000000000004,0.21112818752617668
spambase,k_center,budget_50,0.0,0.06666666666666667,0.3430341601062667
spambase,math_full,budget_50,0.0,0.0,0.31636400157091643
spambase,math_no_anchor,budget_50,0.0,0.0,0.3160645320337242
spambase,math_no_hist,budget_50,0.0,0.0,0.3308517534494729
spambase,math_no_newton,budget_50,0.0,0.0,0.3323162325276935
spambase,math_no_probes,budget_50,0.0,0.0,0.3336346289048447
spambase,math_no_soft_routing,budget_50,0.0,0.0,0.19488162736161482
spambase,math_root_only,budget_50,0.0,0.0,0.2662503309690635
spambase,math_tuned,budget_50,0.0,0.0,0.28535794826893923
spambase,math_tuned_more_probes,budget_50,0.0,0.0,0.21424488938836198
spambase,math_tuned_no_anchor,budget_50,0.0,0.0,0.2872314589101541
spambase,math_tuned_no_hist,budget_50,0.0,0.0,0.3063792489528239
spambase,random,budget_10,0.0,0.06666666666666667,0.37796431196578856
spambase,random,budget_100,0.3333333333333333,0.06666666666666667,0.28155817539030187
spambase,random,budget_25,0.0,0.13333333333333333,0.5508943926835516
spambase,random,budget_50,0.0,0.0,0.3834835148214601
spambase,refined_no_conf,budget_25,0.0,0.20000000000000004,0.6024101111003467
spambase,refined_no_conf,budget_50,0.0,0.0,0.3423511766752427
spambase,refined_no_gain_weight,budget_25,0.0,0.13333333333333333,0.5936928497117909
spambase,refined_no_gain_weight,budget_50,0.0,0.0,0.31001483196271284
spambase,refined_no_grad,budget_25,0.0,0.13333333333333333,0.4876414920896111
spambase,refined_no_grad,budget_50,0.0,0.0,0.27395050313988484
spambase,refined_no_hess,budget_25,0.0,0.13333333333333333,0.5094491651257115
spambase,refined_no_hess,budget_50,0.0,0.0,0.41443727246898293
spambase,refined_no_path,budget_25,0.0,0.20000000000000004,0.5402358193930387
spambase,refined_no_path,budget_50,0.0,0.06666666666666667,0.4001860215726338
spambase,refined_no_raw,budget_25,0.0,0.20000000000000004,0.5063664635509083
spambase,refined_no_raw,budget_50,0.0,0.0,0.29902540395236166
spambase,refined_no_refine,budget_25,0.0,0.20000000000000004,0.5934302398801372
spambase,refined_no_refine,budget_50,0.0,0.0,0.3435073704714135
spambase,refined_path_occupancy_only,budget_25,0.0,0.0,0.47116539502528126
spambase,refined_path_occupancy_only,budget_50,0.0,0.0,0.29702397486635684
spambase,tree_region,budget_10,0.0,0.0,-0.30634999340525054
spambase,tree_region,budget_100,0.0,0.0,-0.029346712429413956
spambase,tree_region,budget_25,0.0,0.0,-0.24022369238294602
spambase,tree_region,budget_50,0.0,0.0,-0.254225825670223
tic_tac_toe,distribution_matching,budget_10,0.0,0.0,-0.2528379772961817
tic_tac_toe,distribution_matching,budget_100,0.0,0.20000000000000004,0.0010319917440660593
tic_tac_toe,distribution_matching,budget_25,0.0,0.13333333333333333,-0.10010319917440662
tic_tac_toe,distribution_matching,budget_50,0.0,0.26666666666666666,0.14826281389748883
tic_tac_toe,full_data,budget_10,0.3333333333333333,0.9333333333333332,0.9325765393876848
tic_tac_toe,full_data,budget_100,0.3333333333333333,0.9333333333333332,0.9325765393876848
tic_tac_toe,full_data,budget_25,0.3333333333333333,0.9333333333333332,0.9325765393876848
tic_tac_toe,full_data,budget_50,0.3333333333333333,0.9333333333333332,0.9325765393876848
tic_tac_toe,gain_herding,budget_10,0.0,0.26666666666666666,-0.14688682490540075
tic_tac_toe,gain_herding,budget_100,0.0,0.8000000000000002,0.5947712418300654
tic_tac_toe,gain_herding,budget_25,0.3333333333333333,0.6,0.3711730306157551
tic_tac_toe,gain_herding,budget_50,0.3333333333333333,0.6666666666666666,0.5149638802889577
tic_tac_toe,gain_path_herding,budget_10,0.0,0.13333333333333333,-0.12899896800825594
tic_tac_toe,gain_path_herding,budget_100,0.0,0.9333333333333332,0.7647058823529411
tic_tac_toe,gain_path_herding,budget_25,0.0,0.6,0.32094943240454077
tic_tac_toe,gain_path_herding,budget_50,0.3333333333333333,0.6666666666666666,0.6360509115927072
tic_tac_toe,gain_path_refined,budget_25,0.0,0.4666666666666666,0.30306157550739593
tic_tac_toe,gain_path_refined,budget_50,0.3333333333333333,0.7333333333333334,0.7495700034399725
tic_tac_toe,gain_path_safeguarded,budget_25,0.0,0.4666666666666666,0.30306157550739593
tic_tac_toe,gain_path_safeguarded,budget_50,0.3333333333333333,0.7333333333333334,0.7495700034399725
tic_tac_toe,gain_weighted_coreset,budget_10,0.6666666666666666,0.39999999999999997,0.2163742690058479
tic_tac_toe,gain_weighted_coreset,budget_100,0.6666666666666666,0.7999999999999999,0.6415548675610595
tic_tac_toe,gain_weighted_coreset,budget_25,0.3333333333333333,0.5333333333333333,0.4626762985896112
tic_tac_toe,gain_weighted_coreset,budget_50,0.0,0.6666666666666666,0.5170278637770898
tic_tac_toe,gaindistill,budget_10,0.0,0.5333333333333333,0.6094320186171559
tic_tac_toe,gaindistill,budget_100,0.0,0.6666666666666666,0.5360366779657019
tic_tac_toe,gaindistill,budget_25,0.0,0.4666666666666666,0.5274744448316462
tic_tac_toe,gaindistill,budget_50,0.0,0.5333333333333333,0.5997437900872074
tic_tac_toe,gaindistill_hybrid,budget_10,0.6666666666666666,0.39999999999999997,0.2163742690058479
tic_tac_toe,gaindistill_hybrid,budget_100,0.6666666666666666,0.7999999999999999,0.6415548675610595
tic_tac_toe,gaindistill_hybrid,budget_25,0.3333333333333333,0.5333333333333333,0.4626762985896112
tic_tac_toe,gaindistill_hybrid,budget_50,0.0,0.6666666666666666,0.5170278637770898
tic_tac_toe,gaindistill_path_hybrid,budget_10,0.0,0.3333333333333333,-0.14551083591331268
tic_tac_toe,gaindistill_path_hybrid,budget_100,0.0,0.8000000000000002,0.6869625042999656
tic_tac_toe,gaindistill_path_hybrid,budget_25,0.0,0.5333333333333333,0.31338149294805645
tic_tac_toe,gaindistill_path_hybrid,budget_50,0.3333333333333333,0.6666666666666666,0.33883728930168555
tic_tac_toe,gradient_sampling,budget_10,0.0,0.20000000000000004,-0.045063639490884065
tic_tac_toe,gradient_sampling,budget_100,0.0,0.13333333333333333,0.3243894048847609
tic_tac_toe,gradient_sampling,budget_25,0.0,0.13333333333333333,-0.0829033367733058
tic_tac_toe,gradient_sampling,budget_50,0.0,0.13333333333333333,-0.11455108359133126
tic_tac_toe,herding,budget_10,0.0,0.0,-0.29205366357069146
tic_tac_toe,herding,budget_100,0.3333333333333333,0.7333333333333334,0.6463708290333677
tic_tac_toe,herding,budget_25,0.0,0.3333333333333333,0.2961816305469556
tic_tac_toe,herding,budget_50,0.3333333333333333,0.5333333333333333,0.5452356381148951
tic_tac_toe,k_center,budget_10,0.0,0.20000000000000004,-0.06914344685242518
tic_tac_toe,k_center,budget_100,0.0,0.7333333333333334,0.7681458548331613
tic_tac_toe,k_center,budget_25,0.0,0.6666666666666666,0.4537323701410389
tic_tac_toe,k_center,budget_50,0.0,0.7999999999999999,0.6346749226006191
tic_tac_toe,random,budget_10,0.0,0.3333333333333333,0.2555899552803577
tic_tac_toe,random,budget_100,0.3333333333333333,0.7333333333333334,0.7344341245270037
tic_tac_toe,random,budget_25,0.6666666666666666,0.6,0.3601651186790506
tic_tac_toe,random,budget_50,0.3333333333333333,0.7333333333333334,0.7117303061575507
tic_tac_toe,tree_region,budget_10,0.0,0.20000000000000004,-0.045063639490884065
tic_tac_toe,tree_region,budget_100,0.0,0.13333333333333333,0.3243894048847609
tic_tac_toe,tree_region,budget_25,0.0,0.13333333333333333,-0.0829033367733058
tic_tac_toe,tree_region,budget_50,0.0,0.13333333333333333,-0.11455108359133126
