dataset,method,budget,distill_train_rows,downstream_train_seconds,auroc_mean
adult,distribution_matching,budget_10,20.0,0.13543750000008004,0.6135381770973198
adult,distribution_matching,budget_100,200.0,0.2527805133332246,0.7926294968581645
adult,distribution_matching,budget_25,50.0,0.17027060666659963,0.7379023495531325
adult,distribution_matching,budget_50,100.0,0.20339330666665772,0.7359447572403262
adult,full_data,budget_10,12000.0,2.1310281800001274,0.8343787899263476
adult,full_data,budget_100,12000.0,2.2171748600000987,0.8343787899263476
adult,full_data,budget_25,12000.0,2.3199875266667127,0.8343787899263476
adult,full_data,budget_50,12000.0,2.4362948400001185,0.8343787899263476
adult,gain_herding,budget_10,20.0,0.15507779333250557,0.6381466302636877
adult,gain_herding,budget_100,200.0,0.30896332000023297,0.8238256895299283
adult,gain_herding,budget_25,50.0,0.13546618666829696,0.7658355216693028
adult,gain_herding,budget_50,100.0,0.23741240666810579,0.7936205736352616
adult,gain_path_diverse,budget_25,50.0,0.21440681999956723,0.7756449757670524
adult,gain_path_diverse,budget_50,100.0,0.2535115400001814,0.7888548937839215
adult,gain_path_dual,budget_25,50.0,0.21443963999918197,0.7805967582635376
adult,gain_path_dual,budget_50,100.0,0.28730126000009476,0.7833937521343441
adult,gain_path_herding,budget_10,20.0,0.20248154000025048,0.6386739616216998
adult,gain_path_herding,budget_100,200.0,0.5582974199998716,0.8193877360777075
adult,gain_path_herding,budget_25,50.0,0.26273714000126347,0.7741610645381647
adult,gain_path_herding,budget_50,100.0,0.21771552666614297,0.7996730494628198
adult,gain_path_prior_weighted,budget_25,50.0,0.24669216666710175,0.7659108381775489
adult,gain_path_prior_weighted,budget_50,100.0,0.30921514666624716,0.7845268232263419
adult,gain_path_refined,budget_25,50.0,0.21375330000009854,0.777213212766704
adult,gain_path_refined,budget_50,100.0,0.2169201466681746,0.8007325294708842
adult,gain_path_refined_weighted,budget_50,100.0,0.16497518000032868,0.7852570019513507
adult,gain_path_safeguarded,budget_25,50.0,0.17902403999857294,0.777213212766704
adult,gain_path_safeguarded,budget_50,100.0,0.2139486133324681,0.8007325294708842
adult,gain_weighted_coreset,budget_10,20.0,0.22290428666638035,0.6332949571174158
adult,gain_weighted_coreset,budget_100,200.0,0.501883900000151,0.7995892795334453
adult,gain_weighted_coreset,budget_25,50.0,0.20850877999970788,0.7748661261803957
adult,gain_weighted_coreset,budget_50,100.0,0.28816212666691476,0.7817125982724682
adult,gaindistill,budget_10,20.0,0.17485920000011296,0.4939709968911096
adult,gaindistill,budget_100,200.0,0.24943613333337755,0.5314957332804358
adult,gaindistill,budget_25,50.0,0.1780270800002351,0.5373441342579292
adult,gaindistill,budget_50,100.0,0.17391786666673095,0.48433569484863565
adult,gaindistill_anchor,budget_25,50.0,0.20683451333388803,0.7733651807289327
adult,gaindistill_anchor,budget_50,100.0,0.29911059999940337,0.781566226706627
adult,gaindistill_full,budget_25,50.0,0.21681924666651564,0.773357815830525
adult,gaindistill_full,budget_50,100.0,0.3334095733334834,0.7815637717404911
adult,gaindistill_hybrid,budget_10,20.0,0.19162764666701454,0.6332949571174158
adult,gaindistill_hybrid,budget_100,200.0,0.5612809999996292,0.7995892795334453
adult,gaindistill_hybrid,budget_25,50.0,0.22361262666672702,0.7748661261803957
adult,gaindistill_hybrid,budget_50,100.0,0.3177893333329848,0.7817125982724682
adult,gaindistill_path_hybrid,budget_10,20.0,0.20681137333328176,0.6399071768039978
adult,gaindistill_path_hybrid,budget_100,200.0,0.6572087199997138,0.8093793949828598
adult,gaindistill_path_hybrid,budget_25,50.0,0.2159052066666239,0.7755140982799372
adult,gaindistill_path_hybrid,budget_50,100.0,0.39162671333336524,0.7984046078324768
adult,gradient_sampling,budget_10,20.0,0.16026682666664177,0.36271088245957966
adult,gradient_sampling,budget_100,200.0,0.29421235333326573,0.21628429990097917
adult,gradient_sampling,budget_25,50.0,0.23349425999986123,0.22680444353502616
adult,gradient_sampling,budget_50,100.0,0.30175149333335866,0.21497114777888673
adult,herding,budget_10,20.0,0.19447705999997802,0.6239615927496049
adult,herding,budget_100,200.0,0.27636283333328415,0.7635620261669283
adult,herding,budget_25,50.0,0.1681609066678599,0.7517833997274292
adult,herding,budget_50,100.0,0.30250145999792344,0.7651190768586207
adult,k_center,budget_10,20.0,0.1814255199999631,0.6147019584260749
adult,k_center,budget_100,200.0,0.4289986600000096,0.797289045744241
adult,k_center,budget_25,50.0,0.22122180666665373,0.7226491238492201
adult,k_center,budget_50,100.0,0.23205215999987558,0.7540752958957946
adult,math_full,budget_50,100.0,0.1775664599990705,0.7866771419608487
adult,math_no_anchor,budget_50,100.0,0.2723737000000256,0.7866771419608487
adult,math_no_hist,budget_50,100.0,0.1505696000000171,0.7866745711944232
adult,math_no_newton,budget_50,100.0,0.17809085999979288,0.7873666284641512
adult,math_no_probes,budget_50,100.0,0.15871535999904154,0.7610737674477743
adult,math_no_soft_routing,budget_50,100.0,0.1328339400002733,0.7609546089499496
adult,math_root_only,budget_50,100.0,0.13911293999990448,0.780101121444743
adult,math_tuned,budget_50,100.0,0.30362744000012754,0.7901729674183148
adult,math_tuned_more_probes,budget_50,100.0,0.6151002399994467,0.7926663329302326
adult,math_tuned_no_anchor,budget_50,100.0,0.5731848400006129,0.7901729674183148
adult,math_tuned_no_hist,budget_50,100.0,0.49305585999973117,0.7900688513780871
adult,random,budget_10,20.0,0.17909358666656772,0.6096995480430504
adult,random,budget_100,200.0,0.2835405533336598,0.8035022060534138
adult,random,budget_25,50.0,0.161950033333657,0.7341100869347513
adult,random,budget_50,100.0,0.1925574466692827,0.7766866804306891
adult,refined_no_conf,budget_25,50.0,0.1396501399993819,0.7752528296669224
adult,refined_no_conf,budget_50,100.0,0.34618704666694006,0.802904803940267
adult,refined_no_gain_weight,budget_25,50.0,0.30312508666635646,0.777213212766704
adult,refined_no_gain_weight,budget_50,100.0,0.2579482200021933,0.8007325294708842
adult,refined_no_grad,budget_25,50.0,0.24607977999936945,0.7706627841145627
adult,refined_no_grad,budget_50,100.0,0.24359196000150404,0.7942202338540525
adult,refined_no_hess,budget_25,50.0,0.23269211333342052,0.7722696984108842
adult,refined_no_hess,budget_50,100.0,0.2840779066667892,0.7973883213323704
adult,refined_no_path,budget_25,50.0,0.21077126000115337,0.7650925354322831
adult,refined_no_path,budget_50,100.0,0.2522074199980125,0.7994912198483548
adult,refined_no_raw,budget_25,50.0,0.182977719999811,0.766499439468699
adult,refined_no_raw,budget_50,100.0,0.19745791333164864,0.7908274706541802
adult,refined_no_refine,budget_25,50.0,0.3085305866659231,0.7741610645381647
adult,refined_no_refine,budget_50,100.0,0.2927532133355271,0.7996730494628198
adult,refined_path_occupancy_only,budget_25,50.0,0.20432229333382565,0.7709422217929891
adult,refined_path_occupancy_only,budget_50,100.0,0.21321637333506563,0.7856931521614645
adult,sketch_no_conf,budget_50,100.0,0.20436073999953805,0.8035040588580447
adult,sketch_no_gain_weight,budget_50,100.0,0.3403600399997231,0.8035040588580447
adult,sketch_no_grad,budget_50,100.0,0.24826070000017353,0.798936154321024
adult,sketch_no_hess,budget_50,100.0,0.16613490000054298,0.7882948488441452
adult,sketch_no_raw,budget_50,100.0,0.15576073999982326,0.813094719888943
adult,sketch_occupancy_only,budget_50,100.0,0.13243404000022566,0.7902533907193248
adult,tree_region,budget_10,20.0,0.19484901999997722,0.36271088245957966
adult,tree_region,budget_100,200.0,0.24192593333348972,0.21628429990097917
adult,tree_region,budget_25,50.0,0.15836178666668274,0.22680444353502616
adult,tree_region,budget_50,100.0,0.20081679333331218,0.21497114777888673
agaricus_lepiota,distribution_matching,budget_10,20.0,0.16420871333339165,0.7169472548551922
agaricus_lepiota,distribution_matching,budget_100,200.0,0.4335452600000887,0.9362381960232562
agaricus_lepiota,distribution_matching,budget_25,50.0,0.28556588666669996,0.8920701631497534
agaricus_lepiota,distribution_matching,budget_50,100.0,0.3631122933333851,0.9252757322415756
agaricus_lepiota,full_data,budget_10,4887.0,1.4862551466666143,1.0
agaricus_lepiota,full_data,budget_100,4887.0,1.5721059733332974,1.0
agaricus_lepiota,full_data,budget_25,4887.0,1.5604459933333905,1.0
agaricus_lepiota,full_data,budget_50,4887.0,1.7318606600001052,1.0
agaricus_lepiota,gain_herding,budget_10,20.0,0.240673893332981,0.7742293134143899
agaricus_lepiota,gain_herding,budget_100,200.0,0.47162857999998475,0.9983713707457628
agaricus_lepiota,gain_herding,budget_25,50.0,0.1973947400052566,0.9476374937476538
agaricus_lepiota,gain_herding,budget_50,100.0,0.27525817333274366,0.9917528911754612
agaricus_lepiota,gain_path_herding,budget_10,20.0,0.26296752666700435,0.7718511071055839
agaricus_lepiota,gain_path_herding,budget_100,200.0,0.7525288733336007,0.9984211379119127
agaricus_lepiota,gain_path_herding,budget_25,50.0,0.22964244666703357,0.9416279952134957
agaricus_lepiota,gain_path_herding,budget_50,100.0,0.28065125333475105,0.9914601253790406
agaricus_lepiota,gain_path_refined,budget_25,50.0,0.21535782666566472,0.9437092591082972
agaricus_lepiota,gain_path_refined,budget_50,100.0,0.256305046666724,0.9917759380532131
agaricus_lepiota,gain_path_safeguarded,budget_25,50.0,0.21770516000203013,0.9437092591082972
agaricus_lepiota,gain_path_safeguarded,budget_50,100.0,0.29416349999858843,0.9917759380532131
agaricus_lepiota,gain_weighted_coreset,budget_10,20.0,0.2639316266666962,0.7773756147930763
agaricus_lepiota,gain_weighted_coreset,budget_100,200.0,0.5442764399998851,0.9776624427476307
agaricus_lepiota,gain_weighted_coreset,budget_25,50.0,0.28519913333366276,0.9462099963064611
agaricus_lepiota,gain_weighted_coreset,budget_50,100.0,0.44649509333321474,0.9905644673504242
agaricus_lepiota,gaindistill,budget_10,20.0,0.18761882666664556,0.48269471340855274
agaricus_lepiota,gaindistill,budget_100,200.0,0.2674176666667942,0.38106849954761696
agaricus_lepiota,gaindistill,budget_25,50.0,0.19400341999983842,0.4751881742343958
agaricus_lepiota,gaindistill,budget_50,100.0,0.2633469266666604,0.4158171527142479
agaricus_lepiota,gaindistill_hybrid,budget_10,20.0,0.26425021333319215,0.7773756147930763
agaricus_lepiota,gaindistill_hybrid,budget_100,200.0,0.49481977333331695,0.9776624427476307
agaricus_lepiota,gaindistill_hybrid,budget_25,50.0,0.2861756666664102,0.9462099963064611
agaricus_lepiota,gaindistill_hybrid,budget_50,100.0,0.37908418666641713,0.9905644673504242
agaricus_lepiota,gaindistill_path_hybrid,budget_10,20.0,0.30454956666653743,0.7753172468139452
agaricus_lepiota,gaindistill_path_hybrid,budget_100,200.0,0.498208940000283,0.9839717016546451
agaricus_lepiota,gaindistill_path_hybrid,budget_25,50.0,0.5180084266665896,0.9370889679930196
agaricus_lepiota,gaindistill_path_hybrid,budget_50,100.0,0.46341052666696975,0.9916622636059608
agaricus_lepiota,gradient_sampling,budget_10,20.0,0.4166748933332807,0.3520933408613091
agaricus_lepiota,gradient_sampling,budget_100,200.0,0.7422500466668377,0.27203427443094846
agaricus_lepiota,gradient_sampling,budget_25,50.0,0.241614806666621,0.2009770769111548
agaricus_lepiota,gradient_sampling,budget_50,100.0,0.3920968733332605,0.20027389553625252
agaricus_lepiota,herding,budget_10,20.0,0.3140531866665697,0.7618286338837411
agaricus_lepiota,herding,budget_100,200.0,0.4565826666665089,0.9865115380318772
agaricus_lepiota,herding,budget_25,50.0,0.23309537333552727,0.923715086244637
agaricus_lepiota,herding,budget_50,100.0,0.3524979999987409,0.9835507187304693
agaricus_lepiota,k_center,budget_10,20.0,0.20917753333348324,0.7238904035417717
agaricus_lepiota,k_center,budget_100,200.0,0.550481113333323,0.9994473781408918
agaricus_lepiota,k_center,budget_25,50.0,0.306655753333204,0.9095032139827118
agaricus_lepiota,k_center,budget_50,100.0,0.3212906599999769,0.9959432966294194
agaricus_lepiota,random,budget_10,20.0,0.17988087333330138,0.7499604982553816
agaricus_lepiota,random,budget_100,200.0,0.31227239999995315,0.9930702869386601
agaricus_lepiota,random,budget_25,50.0,0.23365730666555465,0.9146372330864599
agaricus_lepiota,random,budget_50,100.0,0.23995496000085648,0.9800561478301213
agaricus_lepiota,sketch_no_conf,budget_50,100.0,0.27254457999952136,0.9900371064795944
agaricus_lepiota,sketch_no_gain_weight,budget_50,100.0,0.4019585000001825,0.9900371064795944
agaricus_lepiota,sketch_no_grad,budget_50,100.0,0.37151971999956,0.992840019443916
agaricus_lepiota,sketch_no_hess,budget_50,100.0,0.2669919599997229,0.9922938386336121
agaricus_lepiota,sketch_no_raw,budget_50,100.0,0.3151852199996938,0.992862361831955
agaricus_lepiota,sketch_occupancy_only,budget_50,100.0,0.3555562600002304,0.9839854895247413
agaricus_lepiota,tree_region,budget_10,20.0,0.22015135333319147,0.3520933408613091
agaricus_lepiota,tree_region,budget_100,200.0,0.4045378399998905,0.27203427443094846
agaricus_lepiota,tree_region,budget_25,50.0,0.21721852666675356,0.2009770769111548
agaricus_lepiota,tree_region,budget_50,100.0,0.26802378666664783,0.20027389553625252
australian,ablation_full,budget_50,100.0,0.5255857599999217,0.5647008728975942
australian,ablation_no_child,budget_50,100.0,0.7658523800004332,0.7318075367255694
australian,ablation_no_entropy_anneal,budget_50,100.0,0.8157290600001943,0.5939110070257612
australian,ablation_no_gain,budget_50,100.0,0.8317249400000947,0.43389397487758147
australian,ablation_no_hist,budget_50,100.0,0.5728278200000204,0.5782414307004471
australian,ablation_no_margin,budget_50,100.0,0.5647411800000555,0.48279753033851397
australian,ablation_no_marginal,budget_50,100.0,0.3935697599998093,0.5692143921652119
australian,ablation_no_newton,budget_50,100.0,0.2907188600000154,0.7091334894613583
australian,ablation_no_pairwise,budget_50,100.0,0.2116881199997806,0.5022141792633595
australian,distribution_matching,budget_10,20.0,0.16295803333353737,0.6631608828330139
australian,distribution_matching,budget_100,200.0,0.6093692199999471,0.8732311404442552
australian,distribution_matching,budget_25,50.0,0.2832709066664999,0.8307501241927471
australian,distribution_matching,budget_50,100.0,0.32186873999993015,0.8468738911361862
australian,full_data,budget_10,414.0,0.5223728999999366,0.8943155205450287
australian,full_data,budget_100,414.0,0.5777327800000421,0.8943155205450287
australian,full_data,budget_25,414.0,0.45849196666677017,0.8943155205450287
australian,full_data,budget_50,414.0,0.5686806799999734,0.8943155205450287
australian,gain_herding,budget_10,20.0,0.19525688666666005,0.6901781278830459
australian,gain_herding,budget_100,200.0,0.5526588799999445,0.8924065006032219
australian,gain_herding,budget_25,50.0,0.1964861733353852,0.8670073096302604
australian,gain_herding,budget_50,100.0,0.3183020533353556,0.888233624299198
australian,gain_path_diverse,budget_25,50.0,0.40499303999968106,0.8502448371300829
australian,gain_path_diverse,budget_50,100.0,0.4589193600004364,0.8771769214392166
australian,gain_path_dual,budget_25,50.0,0.32449649999907704,0.8658292527144986
australian,gain_path_dual,budget_50,100.0,0.4210551199990732,0.8819672131147541
australian,gain_path_herding,budget_10,20.0,0.2754499266668669,0.7025903058689944
australian,gain_path_herding,budget_100,200.0,0.48351739333277993,0.8878007238662976
australian,gain_path_herding,budget_25,50.0,0.245009586669039,0.8643673266624087
australian,gain_path_herding,budget_50,100.0,0.3303006733311728,0.8919736001703215
australian,gain_path_prior_weighted,budget_25,50.0,0.36440245333287746,0.8650840962316373
australian,gain_path_prior_weighted,budget_50,100.0,0.41813433333300054,0.8938826201121283
australian,gain_path_refined,budget_25,50.0,0.25216518666323584,0.8653111915406997
australian,gain_path_refined,budget_50,100.0,0.2844615266658366,0.8858562202824498
australian,gain_path_refined_weighted,budget_50,100.0,0.17799209999939195,0.8923994038748138
australian,gain_path_safeguarded,budget_25,50.0,0.23395116000028793,0.8653111915406997
australian,gain_path_safeguarded,budget_50,100.0,0.30334855333106436,0.8858562202824498
australian,gain_weighted_coreset,budget_10,20.0,0.19668868000007933,0.6958484138812008
australian,gain_weighted_coreset,budget_100,200.0,0.4022579399997388,0.8950393868426656
australian,gain_weighted_coreset,budget_25,50.0,0.3791332199999791,0.8608047690014903
australian,gain_weighted_coreset,budget_50,100.0,0.6066378066669131,0.884365907316727
australian,gaindistill,budget_10,20.0,0.15793813333330037,0.5433681073025336
australian,gaindistill,budget_100,200.0,0.5273619933333975,0.5264495067773757
australian,gaindistill,budget_25,50.0,0.28151237333331663,0.4187353629976581
australian,gaindistill,budget_50,100.0,0.287479706666636,0.5091334894613583
australian,gaindistill_anchor,budget_25,50.0,0.2800060866664959,0.8664324746291959
australian,gaindistill_anchor,budget_50,100.0,0.25391383333311146,0.8937052019019232
australian,gaindistill_full,budget_25,50.0,0.3079247866667477,0.8652118373429849
australian,gaindistill_full,budget_50,100.0,0.500687646666726,0.8942303598041302
australian,gaindistill_hybrid,budget_10,20.0,0.2373826933328625,0.6958484138812008
australian,gaindistill_hybrid,budget_100,200.0,0.5194628599998395,0.8950393868426656
australian,gaindistill_hybrid,budget_25,50.0,0.34900634666652575,0.8608047690014903
australian,gaindistill_hybrid,budget_50,100.0,0.43683034666634435,0.884365907316727
australian,gaindistill_path_hybrid,budget_10,20.0,0.2884884066665109,0.7059328649492583
australian,gaindistill_path_hybrid,budget_100,200.0,0.9761828333332232,0.8846071960826059
australian,gaindistill_path_hybrid,budget_25,50.0,0.5061955266666094,0.8715776027251436
australian,gaindistill_path_hybrid,budget_50,100.0,0.9176841999998335,0.8740401674827905
australian,gradient_sampling,budget_10,20.0,0.29642989333345515,0.31121283088496204
australian,gradient_sampling,budget_100,200.0,0.4518651266665984,0.883634944290682
australian,gradient_sampling,budget_25,50.0,0.3009085666666579,0.20454190618125043
australian,gradient_sampling,budget_50,100.0,0.40940121999998763,0.4116812149599035
australian,herding,budget_10,20.0,0.20313831333332927,0.7095167127954014
australian,herding,budget_100,200.0,0.42707472666709995,0.8715350223546945
australian,herding,budget_25,50.0,0.2140313000001091,0.8643815201192251
australian,herding,budget_50,100.0,0.31560731333253594,0.8757717692143921
australian,k_center,budget_10,20.0,0.3075359733332637,0.6434319778582073
australian,k_center,budget_100,200.0,0.5055765466668163,0.881896245830672
australian,k_center,budget_25,50.0,0.2554456466667034,0.81671279540132
australian,k_center,budget_50,100.0,0.3539892066667259,0.8659215101838053
australian,math_full,budget_50,100.0,0.37447003999986916,0.9016393442622951
australian,math_no_anchor,budget_50,100.0,0.2924544399997103,0.9012987012987013
australian,math_no_hist,budget_50,100.0,0.27398830000020097,0.8986161379604003
australian,math_no_newton,budget_50,100.0,0.23734463999935543,0.9041941664892483
australian,math_no_probes,budget_50,100.0,0.1870550200001162,0.9058973813072173
australian,math_no_soft_routing,budget_50,100.0,0.168792399999802,0.9071960826059187
australian,math_root_only,budget_50,100.0,0.1430093199996918,0.9021503087076856
australian,math_tuned,budget_50,100.0,0.6131280399997194,0.8993400042580371
australian,math_tuned_more_probes,budget_50,100.0,0.7751462600004743,0.9011070896316798
australian,math_tuned_no_anchor,budget_50,100.0,0.6004514999985986,0.8985309772195018
australian,math_tuned_no_hist,budget_50,100.0,0.6760786200000439,0.8997232275920801
australian,random,budget_10,20.0,0.23846930000048208,0.6890994251649989
australian,random,budget_100,200.0,0.5492879066663591,0.8933645589383293
australian,random,budget_25,50.0,0.23334906666520208,0.8462777659498971
australian,random,budget_50,100.0,0.2675981333324065,0.8786956213185722
australian,refined_no_conf,budget_25,50.0,0.2822331933353174,0.8653111915406997
australian,refined_no_conf,budget_50,100.0,0.4058588266663719,0.8842523596621957
australian,refined_no_gain_weight,budget_25,50.0,0.2979973933310248,0.8653111915406997
australian,refined_no_gain_weight,budget_50,100.0,0.27537724666278035,0.8858562202824498
australian,refined_no_grad,budget_25,50.0,0.1895448200016593,0.8709388971684054
australian,refined_no_grad,budget_50,100.0,0.2671622933325125,0.8894329714001845
australian,refined_no_hess,budget_25,50.0,0.22119434666625845,0.8680860123483074
australian,refined_no_hess,budget_50,100.0,0.29924313999751273,0.8919948903555461
australian,refined_no_path,budget_25,50.0,0.27515794666833243,0.8646015186998794
australian,refined_no_path,budget_50,100.0,0.32687707333437477,0.8820381803988362
australian,refined_no_raw,budget_25,50.0,0.20459672666814488,0.8630331417216663
australian,refined_no_raw,budget_50,100.0,0.3111816733338249,0.88301043219076
australian,refined_no_refine,budget_25,50.0,0.2607254666654626,0.8643673266624087
australian,refined_no_refine,budget_50,100.0,0.34514110000260795,0.8919736001703215
australian,refined_path_occupancy_only,budget_25,50.0,0.2577470600013233,0.8657724788872331
australian,refined_path_occupancy_only,budget_50,100.0,0.2601048866674925,0.8898445816478604
australian,sketch_no_conf,budget_50,100.0,0.40367561999992174,0.8734937193953588
australian,sketch_no_gain_weight,budget_50,100.0,0.3534159199996793,0.872216308281882
australian,sketch_no_grad,budget_50,100.0,0.34581295999996653,0.8969129231424313
australian,sketch_no_hess,budget_50,100.0,0.24159827999974368,0.8832446242282307
australian,sketch_no_raw,budget_50,100.0,0.21794731999943906,0.8807536725569513
australian,sketch_occupancy_only,budget_50,100.0,0.15899418000008153,0.901256120928252
australian,tree_region,budget_10,20.0,0.24489792666663562,0.31121283088496204
australian,tree_region,budget_100,200.0,0.47728056000014474,0.883634944290682
australian,tree_region,budget_25,50.0,0.2874771266665145,0.20454190618125043
australian,tree_region,budget_50,100.0,0.306811333333341,0.4116812149599035
bank_marketing,ablation_full,budget_50,100.0,0.29024174000005587,0.6133990257656322
bank_marketing,ablation_no_child,budget_50,100.0,0.41733276000031766,0.5400999811504985
bank_marketing,ablation_no_entropy_anneal,budget_50,100.0,0.2679210799997236,0.5289408337783068
bank_marketing,ablation_no_gain,budget_50,100.0,0.28102109999999814,0.5965668451207369
bank_marketing,ablation_no_hist,budget_50,100.0,0.4542743199997858,0.6126699561370279
bank_marketing,ablation_no_margin,budget_50,100.0,0.2850511200000255,0.4554154133162334
bank_marketing,ablation_no_marginal,budget_50,100.0,0.29301247999974295,0.5213825473010363
bank_marketing,ablation_no_newton,budget_50,100.0,0.44218589999982216,0.5978679456043386
bank_marketing,ablation_no_pairwise,budget_50,100.0,0.13732199999994918,0.6436154434996797
bank_marketing,distribution_matching,budget_10,20.0,0.17671172666662946,0.6310830301351608
bank_marketing,distribution_matching,budget_100,200.0,0.32572479333333226,0.8156439549365593
bank_marketing,distribution_matching,budget_25,50.0,0.2479439133334381,0.7519498324455076
bank_marketing,distribution_matching,budget_50,100.0,0.320730059999975,0.7931884204663161
bank_marketing,full_data,budget_10,12000.0,2.2373926599999927,0.8824502048898395
bank_marketing,full_data,budget_100,12000.0,1.9637507799998275,0.8824502048898395
bank_marketing,full_data,budget_25,12000.0,2.100060153333349,0.8824502048898395
bank_marketing,full_data,budget_50,12000.0,2.216462253333278,0.8824502048898395
bank_marketing,gain_herding,budget_10,20.0,0.18799461333352763,0.6479659609922394
bank_marketing,gain_herding,budget_100,200.0,0.2806524133333975,0.8435128319042664
bank_marketing,gain_herding,budget_25,50.0,0.16166203333414159,0.7911118438105651
bank_marketing,gain_herding,budget_50,100.0,0.22251785333501176,0.8210652776624516
bank_marketing,gain_path_diverse,budget_25,50.0,0.24109169999937877,0.7543842061783939
bank_marketing,gain_path_diverse,budget_50,100.0,0.44874263999954567,0.8028289404701223
bank_marketing,gain_path_dual,budget_25,50.0,0.3209115799982101,0.7723323864135703
bank_marketing,gain_path_dual,budget_50,100.0,0.44043094000007843,0.8376806385314117
bank_marketing,gain_path_herding,budget_10,20.0,0.2321128933336392,0.6629847104884244
bank_marketing,gain_path_herding,budget_100,200.0,0.48633450666675343,0.8497753313158507
bank_marketing,gain_path_herding,budget_25,50.0,0.23837368666524222,0.784531387854658
bank_marketing,gain_path_herding,budget_50,100.0,0.3020443866659965,0.824950840782725
bank_marketing,gain_path_prior_weighted,budget_25,50.0,0.3142909466664908,0.7771451308585736
bank_marketing,gain_path_prior_weighted,budget_50,100.0,0.3656294666669661,0.8035065527776953
bank_marketing,gain_path_refined,budget_25,50.0,0.19883744666779724,0.7856533473623729
bank_marketing,gain_path_refined,budget_50,100.0,0.2074236999983744,0.8303178373459741
bank_marketing,gain_path_refined_weighted,budget_50,100.0,0.12002615999954287,0.7848289998672656
bank_marketing,gain_path_safeguarded,budget_25,50.0,0.17183056000212674,0.7856533473623729
bank_marketing,gain_path_safeguarded,budget_50,100.0,0.22059423999938493,0.8303178373459741
bank_marketing,gain_weighted_coreset,budget_10,20.0,0.23077055333342286,0.638437103577102
bank_marketing,gain_weighted_coreset,budget_100,200.0,0.49163387999966895,0.7928843838647458
bank_marketing,gain_weighted_coreset,budget_25,50.0,0.25692252666667625,0.7580136746769977
bank_marketing,gain_weighted_coreset,budget_50,100.0,0.2850551199999851,0.7797229264689631
bank_marketing,gaindistill,budget_10,20.0,0.15273958666687878,0.5039308382896613
bank_marketing,gaindistill,budget_100,200.0,0.16553840666662534,0.5148185972859546
bank_marketing,gaindistill,budget_25,50.0,0.14125236000011984,0.525253483369709
bank_marketing,gaindistill,budget_50,100.0,0.15380175333314886,0.5442681251695799
bank_marketing,gaindistill_anchor,budget_25,50.0,0.23816084000015206,0.7650764192735244
bank_marketing,gaindistill_anchor,budget_50,100.0,0.2364703733335773,0.8214347723402454
bank_marketing,gaindistill_full,budget_25,50.0,0.25481324000029415,0.7650857329072094
bank_marketing,gaindistill_full,budget_50,100.0,0.38293701999997815,0.8154298625804665
bank_marketing,gaindistill_hybrid,budget_10,20.0,0.21321686000010232,0.638437103577102
bank_marketing,gaindistill_hybrid,budget_100,200.0,0.43203818000001776,0.7928843838647458
bank_marketing,gaindistill_hybrid,budget_25,50.0,0.22973313999985598,0.7580136746769977
bank_marketing,gaindistill_hybrid,budget_50,100.0,0.2978187666667509,0.7797229264689631
bank_marketing,gaindistill_path_hybrid,budget_10,20.0,0.18884420666642351,0.6492863756489491
bank_marketing,gaindistill_path_hybrid,budget_100,200.0,0.33301821333322246,0.8103179100771698
bank_marketing,gaindistill_path_hybrid,budget_25,50.0,0.2182554133333421,0.7667569947712332
bank_marketing,gaindistill_path_hybrid,budget_50,100.0,0.3324482866669617,0.7963592985722664
bank_marketing,gradient_sampling,budget_10,20.0,0.14673371999991408,0.34441999194704037
bank_marketing,gradient_sampling,budget_100,200.0,0.39511800666659835,0.16493089627258684
bank_marketing,gradient_sampling,budget_25,50.0,0.24369428666662618,0.2284419785875319
bank_marketing,gradient_sampling,budget_50,100.0,0.2925651533335137,0.18527464006644398
bank_marketing,herding,budget_10,20.0,0.19112544000048123,0.6357214419444442
bank_marketing,herding,budget_100,200.0,0.49938724000015405,0.8120984101566691
bank_marketing,herding,budget_25,50.0,0.22720395333502286,0.7830934517073952
bank_marketing,herding,budget_50,100.0,0.20470205333161479,0.8045416995219743
bank_marketing,k_center,budget_10,20.0,0.18148604666682028,0.6126315904312415
bank_marketing,k_center,budget_100,200.0,0.3122597666665873,0.7387040472688123
bank_marketing,k_center,budget_25,50.0,0.1814237933333061,0.6968659521634802
bank_marketing,k_center,budget_50,100.0,0.2156029600000693,0.6965803003919605
bank_marketing,math_tuned,budget_50,100.0,0.24957073999976273,0.8063948297817276
bank_marketing,math_tuned_more_probes,budget_50,100.0,0.6836681000007957,0.8120419222612613
bank_marketing,math_tuned_no_anchor,budget_50,100.0,0.6263630599991302,0.8072719073937927
bank_marketing,math_tuned_no_hist,budget_50,100.0,0.614182019999862,0.8110272614704671
bank_marketing,random,budget_10,20.0,0.20324737333297282,0.57766202742653
bank_marketing,random,budget_100,200.0,0.42513117999981964,0.823656488137845
bank_marketing,random,budget_25,50.0,0.19656718666665257,0.7526099488598679
bank_marketing,random,budget_50,100.0,0.1707249399992482,0.8006073054849625
bank_marketing,refined_no_conf,budget_25,50.0,0.23883830666988312,0.7801596166904355
bank_marketing,refined_no_conf,budget_50,100.0,0.4056860399985453,0.8293802918258419
bank_marketing,refined_no_gain_weight,budget_25,50.0,0.26595021999867946,0.7856533473623729
bank_marketing,refined_no_gain_weight,budget_50,100.0,0.25297551999780504,0.8303178373459741
bank_marketing,refined_no_grad,budget_25,50.0,0.24238250666530803,0.7925324658926047
bank_marketing,refined_no_grad,budget_50,100.0,0.24065962666839671,0.8278648969550478
bank_marketing,refined_no_hess,budget_25,50.0,0.23781213999997514,0.7916497516128647
bank_marketing,refined_no_hess,budget_50,100.0,0.33357254000147807,0.8232420617435324
bank_marketing,refined_no_path,budget_25,50.0,0.25956432666571344,0.7850815387415846
bank_marketing,refined_no_path,budget_50,100.0,0.3430336266659045,0.8262801246047009
bank_marketing,refined_no_raw,budget_25,50.0,0.31397572000084134,0.7847786133110615
bank_marketing,refined_no_raw,budget_50,100.0,0.32888621333404444,0.8254525850182222
bank_marketing,refined_no_refine,budget_25,50.0,0.2418450866690061,0.784531387854658
bank_marketing,refined_no_refine,budget_50,100.0,0.3671093000031154,0.824950840782725
bank_marketing,refined_path_occupancy_only,budget_25,50.0,0.33191150000008446,0.785729715117967
bank_marketing,refined_path_occupancy_only,budget_50,100.0,0.48225284666599083,0.8232647700391112
bank_marketing,sketch_no_conf,budget_50,100.0,0.2293636599999445,0.811417161289306
bank_marketing,sketch_no_gain_weight,budget_50,100.0,0.3518466599995008,0.8228350498905698
bank_marketing,sketch_no_grad,budget_50,100.0,0.33904791999993905,0.8291055699368026
bank_marketing,sketch_no_hess,budget_50,100.0,0.1928470600007131,0.824841824801459
bank_marketing,sketch_no_raw,budget_50,100.0,0.1582717400000547,0.8233439864332077
bank_marketing,sketch_occupancy_only,budget_50,100.0,0.1381409600006009,0.8184181449787291
bank_marketing,tree_region,budget_10,20.0,0.14586815999991815,0.34441999194704037
bank_marketing,tree_region,budget_100,200.0,0.24334997333335195,0.16493089627258684
bank_marketing,tree_region,budget_25,50.0,0.1877270733336142,0.2284419785875319
bank_marketing,tree_region,budget_50,100.0,0.26484306666667784,0.18527464006644398
breast_w,distribution_matching,budget_10,20.0,0.1985378600000331,0.7701388888888889
breast_w,distribution_matching,budget_100,200.0,0.3534935933332842,0.9864583333333333
breast_w,distribution_matching,budget_25,50.0,0.23056815333353978,0.9824048913043478
breast_w,distribution_matching,budget_50,100.0,0.27226805333327014,0.9811443236714976
breast_w,full_data,budget_10,419.0,0.6684877466666269,0.9902173913043478
breast_w,full_data,budget_100,419.0,0.6462439399999008,0.9902173913043478
breast_w,full_data,budget_25,419.0,0.7471555866667283,0.9902173913043478
breast_w,full_data,budget_50,419.0,0.6772170133334536,0.9902173913043478
breast_w,gain_herding,budget_10,20.0,0.1850205399998231,0.7708710748792271
breast_w,gain_herding,budget_100,200.0,0.4645868199993856,0.9931612318840579
breast_w,gain_herding,budget_25,50.0,0.19464524667030977,0.9771890096618356
breast_w,gain_herding,budget_50,100.0,0.2937644666681687,0.990625
breast_w,gain_path_diverse,budget_25,50.0,0.2842818600016471,0.9808423913043478
breast_w,gain_path_diverse,budget_50,100.0,0.4560637000002316,0.9764039855072463
breast_w,gain_path_dual,budget_25,50.0,0.26286854000063614,0.9810688405797101
breast_w,gain_path_dual,budget_50,100.0,0.5009299400007876,0.9849184782608695
breast_w,gain_path_herding,budget_10,20.0,0.2735919466666625,0.7743357487922705
breast_w,gain_path_herding,budget_100,200.0,0.4754287333331983,0.9893417874396135
breast_w,gain_path_herding,budget_25,50.0,0.2462046133315501,0.9801177536231884
breast_w,gain_path_herding,budget_50,100.0,0.3042248266681175,0.986850845410628
breast_w,gain_path_prior_weighted,budget_25,50.0,0.2518417733330959,0.9794912439613526
breast_w,gain_path_prior_weighted,budget_50,100.0,0.2856300066659363,0.9869414251207729
breast_w,gain_path_refined,budget_25,50.0,0.20814321333309635,0.9798007246376812
breast_w,gain_path_refined,budget_50,100.0,0.2355212199986757,0.9887907608695652
breast_w,gain_path_refined_weighted,budget_50,100.0,0.13359586000151466,0.983514492753623
breast_w,gain_path_safeguarded,budget_25,50.0,0.20351304666934691,0.9798007246376812
breast_w,gain_path_safeguarded,budget_50,100.0,0.25068919333280065,0.9887907608695652
breast_w,gain_weighted_coreset,budget_10,20.0,0.21223989333338977,0.7701917270531401
breast_w,gain_weighted_coreset,budget_100,200.0,0.457027313333189,0.9840957125603864
breast_w,gain_weighted_coreset,budget_25,50.0,0.2778003600000375,0.9789402173913043
breast_w,gain_weighted_coreset,budget_50,100.0,0.2937583333334866,0.9826539855072464
breast_w,gaindistill,budget_10,20.0,0.19478678000001917,0.34836201690821256
breast_w,gaindistill,budget_100,200.0,0.28962986000011975,0.30557065217391305
breast_w,gaindistill,budget_25,50.0,0.255624379999972,0.6076011473429952
breast_w,gaindistill,budget_50,100.0,0.32382102666645857,0.571965579710145
breast_w,gaindistill_hybrid,budget_10,20.0,0.2277815533332614,0.7701917270531401
breast_w,gaindistill_hybrid,budget_100,200.0,0.5096919866666819,0.9840957125603864
breast_w,gaindistill_hybrid,budget_25,50.0,0.23629489333337308,0.9789402173913043
breast_w,gaindistill_hybrid,budget_50,100.0,0.38040168000006813,0.9826539855072464
breast_w,gaindistill_path_hybrid,budget_10,20.0,0.21999139333311177,0.7741923309178743
breast_w,gaindistill_path_hybrid,budget_100,200.0,0.41042141333333954,0.9849335748792271
breast_w,gaindistill_path_hybrid,budget_25,50.0,0.2634889999998753,0.9722826086956522
breast_w,gaindistill_path_hybrid,budget_50,100.0,0.3622734999999617,0.9855072463768116
breast_w,gradient_sampling,budget_10,20.0,0.2183257866665978,0.24391606280193237
breast_w,gradient_sampling,budget_100,200.0,0.4472573333332548,0.9884963768115943
breast_w,gradient_sampling,budget_25,50.0,0.22997907999997552,0.9486186594202899
breast_w,gradient_sampling,budget_50,100.0,0.32696811333329,0.9769927536231884
breast_w,herding,budget_10,20.0,0.2059795600001356,0.7800498188405797
breast_w,herding,budget_100,200.0,0.33993004666651055,0.9902173913043479
breast_w,herding,budget_25,50.0,0.2076252333325101,0.9743659420289854
breast_w,herding,budget_50,100.0,0.28158192666693743,0.9869791666666666
breast_w,k_center,budget_10,20.0,0.1956155466665829,0.7435310990338164
breast_w,k_center,budget_100,200.0,0.391763226666626,0.9888285024154589
breast_w,k_center,budget_25,50.0,0.2203754799999539,0.9674441425120773
breast_w,k_center,budget_50,100.0,0.31030879333320627,0.9875
breast_w,math_tuned,budget_50,100.0,0.4085177199995087,0.9825634057971016
breast_w,math_tuned_more_probes,budget_50,100.0,0.635726119998435,0.9825634057971016
breast_w,math_tuned_no_anchor,budget_50,100.0,0.6246303199994145,0.9825634057971013
breast_w,math_tuned_no_hist,budget_50,100.0,0.606747059999907,0.9826086956521738
breast_w,random,budget_10,20.0,0.24504789333392787,0.7697388285024155
breast_w,random,budget_100,200.0,0.3803629400003653,0.9843297101449274
breast_w,random,budget_25,50.0,0.29006793999966857,0.9686518719806763
breast_w,random,budget_50,100.0,0.35988998000005573,0.9811443236714976
breast_w,refined_no_conf,budget_25,50.0,0.1911215266697885,0.9798007246376812
breast_w,refined_no_conf,budget_50,100.0,0.3419902533341277,0.9887907608695652
breast_w,refined_no_gain_weight,budget_25,50.0,0.2658499533329935,0.9798007246376812
breast_w,refined_no_gain_weight,budget_50,100.0,0.3138991733362976,0.9887907608695652
breast_w,refined_no_grad,budget_25,50.0,0.20516193999986473,0.9741092995169082
breast_w,refined_no_grad,budget_50,100.0,0.31744855333527083,0.9906400966183575
breast_w,refined_no_hess,budget_25,50.0,0.34226562666881366,0.96868961352657
breast_w,refined_no_hess,budget_50,100.0,0.3134418666673203,0.9789251207729469
breast_w,refined_no_path,budget_25,50.0,0.23642400666625082,0.9782533212560387
breast_w,refined_no_path,budget_50,100.0,0.43580647999964034,0.991274154589372
breast_w,refined_no_raw,budget_25,50.0,0.38419514666796506,0.9780872584541063
breast_w,refined_no_raw,budget_50,100.0,0.42019362666469534,0.9885643115942029
breast_w,refined_no_refine,budget_25,50.0,0.21946258666478874,0.9801177536231884
breast_w,refined_no_refine,budget_50,100.0,0.24639755999863458,0.986850845410628
breast_w,refined_path_occupancy_only,budget_25,50.0,0.1846501599997282,0.9779287439613527
breast_w,refined_path_occupancy_only,budget_50,100.0,0.21080564666675247,0.9906099033816426
breast_w,sketch_no_conf,budget_50,100.0,0.33744163999981536,0.991394927536232
breast_w,sketch_no_gain_weight,budget_50,100.0,0.28117201999993996,0.991394927536232
breast_w,sketch_no_grad,budget_50,100.0,0.367898779999814,0.9894927536231883
breast_w,sketch_no_hess,budget_50,100.0,0.21543823999963935,0.9866847826086957
breast_w,sketch_no_raw,budget_50,100.0,0.20669813999993494,0.990534420289855
breast_w,sketch_occupancy_only,budget_50,100.0,0.158582579999711,0.9817934782608695
breast_w,tree_region,budget_10,20.0,0.22223675333340603,0.24391606280193237
breast_w,tree_region,budget_100,200.0,0.4766636666667182,0.9884963768115943
breast_w,tree_region,budget_25,50.0,0.25638564666660385,0.9486186594202899
breast_w,tree_region,budget_50,100.0,0.348090579999977,0.9769927536231884
credit_approval,distribution_matching,budget_10,20.0,0.21614716666675424,0.6862678305301256
credit_approval,distribution_matching,budget_100,200.0,0.26502299999986767,0.8817826981761407
credit_approval,distribution_matching,budget_25,50.0,0.278294533333307,0.8704918032786886
credit_approval,distribution_matching,budget_50,100.0,0.2985969733333453,0.8704137392661982
credit_approval,full_data,budget_10,414.0,0.4536815333332925,0.9251437087502661
credit_approval,full_data,budget_100,414.0,0.556666566666657,0.9251437087502661
credit_approval,full_data,budget_25,414.0,0.6191140399999616,0.9251437087502661
credit_approval,full_data,budget_50,414.0,0.5729426200000186,0.9251437087502661
credit_approval,gain_herding,budget_10,20.0,0.2533267466667894,0.7013980554964161
credit_approval,gain_herding,budget_100,200.0,0.5327338333332591,0.9364133134624938
credit_approval,gain_herding,budget_25,50.0,0.15251566666605262,0.8560712511532184
credit_approval,gain_herding,budget_50,100.0,0.305301773333728,0.8884323326946277
credit_approval,gain_path_herding,budget_10,20.0,0.19660046666661704,0.7024909516712795
credit_approval,gain_path_herding,budget_100,200.0,0.36233869999972135,0.898956780923994
credit_approval,gain_path_herding,budget_25,50.0,0.2308391199990486,0.8710808317365694
credit_approval,gain_path_herding,budget_50,100.0,0.25441723333012,0.8805336739762969
credit_approval,gain_path_refined,budget_25,50.0,0.19908888666929367,0.8713150237740401
credit_approval,gain_path_refined,budget_50,100.0,0.19119370000068253,0.8819743098431623
credit_approval,gain_path_safeguarded,budget_25,50.0,0.19095140000087366,0.8713150237740401
credit_approval,gain_path_safeguarded,budget_50,100.0,0.20633457333315164,0.8819743098431623
credit_approval,gain_weighted_coreset,budget_10,20.0,0.21198847999997572,0.6959761549925484
credit_approval,gain_weighted_coreset,budget_100,200.0,0.3718041533330203,0.8834149457100277
credit_approval,gain_weighted_coreset,budget_25,50.0,0.22187076666681,0.860762188631041
credit_approval,gain_weighted_coreset,budget_50,100.0,0.3003515666666014,0.8710453480945284
credit_approval,gaindistill,budget_10,20.0,0.18260658000005303,0.518870200837414
credit_approval,gaindistill,budget_100,200.0,0.38313075333317104,0.5201263217656661
credit_approval,gaindistill,budget_25,50.0,0.1840026399998654,0.4915194095521965
credit_approval,gaindistill,budget_50,100.0,0.30739836666671183,0.501220637286211
credit_approval,gaindistill_hybrid,budget_10,20.0,0.21945395333338336,0.6959761549925484
credit_approval,gaindistill_hybrid,budget_100,200.0,0.5492051133330581,0.8834149457100277
credit_approval,gaindistill_hybrid,budget_25,50.0,0.29447425333370725,0.860762188631041
credit_approval,gaindistill_hybrid,budget_50,100.0,0.2341577866666436,0.8710453480945284
credit_approval,gaindistill_path_hybrid,budget_10,20.0,0.193663846666459,0.7016961180895608
credit_approval,gaindistill_path_hybrid,budget_100,200.0,0.38005653333336037,0.8872968561493152
credit_approval,gaindistill_path_hybrid,budget_25,50.0,0.2008501533332795,0.8692498758072528
credit_approval,gaindistill_path_hybrid,budget_50,100.0,0.3240899333330162,0.8773117592789724
credit_approval,gradient_sampling,budget_10,20.0,0.21375405333334735,0.2998083883329785
credit_approval,gradient_sampling,budget_100,200.0,0.4434607399999853,0.9004896742601661
credit_approval,gradient_sampling,budget_25,50.0,0.16665841999983969,0.27202469661486056
credit_approval,gradient_sampling,budget_50,100.0,0.2975641266666571,0.355049322262437
credit_approval,herding,budget_10,20.0,0.2284192200001295,0.6935064935064935
credit_approval,herding,budget_100,200.0,0.32726251333351686,0.8719608260591867
credit_approval,herding,budget_25,50.0,0.2332356133343031,0.8564828614008941
credit_approval,herding,budget_50,100.0,0.19057635999924968,0.865914413455397
credit_approval,k_center,budget_10,20.0,0.20503781999990073,0.626428216592151
credit_approval,k_center,budget_100,200.0,0.4486220000000079,0.9057625434674615
credit_approval,k_center,budget_25,50.0,0.2324205599999914,0.7856575118870202
credit_approval,k_center,budget_50,100.0,0.28274027333324436,0.867447306791569
credit_approval,random,budget_10,20.0,0.2252812933333189,0.667234404939323
credit_approval,random,budget_100,200.0,0.3857747999999143,0.9017316017316017
credit_approval,random,budget_25,50.0,0.2627259466680698,0.8462493790362643
credit_approval,random,budget_50,100.0,0.2669380933337379,0.8825846284862677
credit_approval,tree_region,budget_10,20.0,0.21186018666655096,0.2998083883329785
credit_approval,tree_region,budget_100,200.0,0.49060684666674204,0.9004896742601661
credit_approval,tree_region,budget_25,50.0,0.2125308600000911,0.27202469661486056
credit_approval,tree_region,budget_50,100.0,0.34001652666659843,0.355049322262437
credit_g,ablation_full,budget_50,100.0,0.2304554400001507,0.5150238095238094
credit_g,ablation_no_child,budget_50,100.0,0.2178903600002741,0.4083928571428571
credit_g,ablation_no_entropy_anneal,budget_50,100.0,0.5150812400001087,0.4124880952380952
credit_g,ablation_no_gain,budget_50,100.0,0.23099680000013906,0.5115952380952381
credit_g,ablation_no_hist,budget_50,100.0,0.3113937199999782,0.6372261904761904
credit_g,ablation_no_margin,budget_50,100.0,0.3211901599999692,0.3958690476190476
credit_g,ablation_no_marginal,budget_50,100.0,0.12334893999995984,0.5781785714285714
credit_g,ablation_no_newton,budget_50,100.0,0.12739789999995993,0.6696309523809524
credit_g,ablation_no_pairwise,budget_50,100.0,0.1224662399996305,0.6778928571428571
credit_g,distribution_matching,budget_10,20.0,0.22294061999994785,0.5434523809523809
credit_g,distribution_matching,budget_100,200.0,0.3357145866667755,0.6979761904761905
credit_g,distribution_matching,budget_25,50.0,0.16535451333347737,0.6413492063492063
credit_g,distribution_matching,budget_50,100.0,0.2094812933333742,0.6916547619047619
credit_g,full_data,budget_10,600.0,0.5462245933334392,0.7623690476190476
credit_g,full_data,budget_100,600.0,0.5668591733333112,0.7623690476190476
credit_g,full_data,budget_25,600.0,0.5286965333332774,0.7623690476190476
credit_g,full_data,budget_50,600.0,0.5989824999999352,0.7623690476190476
credit_g,gain_herding,budget_10,20.0,0.18183653999997962,0.5881190476190475
credit_g,gain_herding,budget_100,200.0,0.2996061999998346,0.7611230158730159
credit_g,gain_herding,budget_25,50.0,0.1422919199996007,0.6802222222222222
credit_g,gain_herding,budget_50,100.0,0.18588364666502458,0.744563492063492
credit_g,gain_path_diverse,budget_25,50.0,0.25590336000022945,0.6573809523809524
credit_g,gain_path_diverse,budget_50,100.0,0.2976834000000963,0.7311904761904762
credit_g,gain_path_dual,budget_25,50.0,0.21134866000065813,0.6527857142857143
credit_g,gain_path_dual,budget_50,100.0,0.3666787200003455,0.7478809523809524
credit_g,gain_path_herding,budget_10,20.0,0.19399294666679148,0.6008174603174603
credit_g,gain_path_herding,budget_100,200.0,0.5052171666669892,0.7629246031746032
credit_g,gain_path_herding,budget_25,50.0,0.15320034000033048,0.7017777777777778
credit_g,gain_path_herding,budget_50,100.0,0.24318886666733305,0.7292698412698413
credit_g,gain_path_prior_weighted,budget_25,50.0,0.21731285333347236,0.7047738095238095
credit_g,gain_path_prior_weighted,budget_50,100.0,0.27255476000039686,0.7390873015873016
credit_g,gain_path_refined,budget_25,50.0,0.19026783333295802,0.7214126984126985
credit_g,gain_path_refined,budget_50,100.0,0.1674867466664485,0.7444722222222223
credit_g,gain_path_refined_weighted,budget_50,100.0,0.11020609999977751,0.7107380952380953
credit_g,gain_path_safeguarded,budget_25,50.0,0.14707784666873824,0.7214126984126985
credit_g,gain_path_safeguarded,budget_50,100.0,0.16546230000191522,0.7444722222222223
credit_g,gain_weighted_coreset,budget_10,20.0,0.20412551999991896,0.5815198412698412
credit_g,gain_weighted_coreset,budget_100,200.0,0.4233945600002092,0.7357579365079366
credit_g,gain_weighted_coreset,budget_25,50.0,0.2355576400001155,0.6731626984126984
credit_g,gain_weighted_coreset,budget_50,100.0,0.2860506400000304,0.7320079365079366
credit_g,gaindistill,budget_10,20.0,0.15034280666683722,0.5212579365079365
credit_g,gaindistill,budget_100,200.0,0.23218539999991966,0.581797619047619
credit_g,gaindistill,budget_25,50.0,0.18086747333327366,0.5650119047619048
credit_g,gaindistill,budget_50,100.0,0.2035540466665528,0.4764404761904762
credit_g,gaindistill_anchor,budget_25,50.0,0.18352562666671776,0.6708293650793651
credit_g,gaindistill_anchor,budget_50,100.0,0.17131987333268625,0.7376111111111111
credit_g,gaindistill_full,budget_25,50.0,0.23385196000005332,0.676670634920635
credit_g,gaindistill_full,budget_50,100.0,0.3926549866666998,0.7383849206349207
credit_g,gaindistill_hybrid,budget_10,20.0,0.17589075333307846,0.5815198412698412
credit_g,gaindistill_hybrid,budget_100,200.0,0.43319917999979224,0.7357579365079366
credit_g,gaindistill_hybrid,budget_25,50.0,0.1516937466662057,0.6731626984126984
credit_g,gaindistill_hybrid,budget_50,100.0,0.2927232200002133,0.7320079365079366
credit_g,gaindistill_path_hybrid,budget_10,20.0,0.1630078000000746,0.5874920634920635
credit_g,gaindistill_path_hybrid,budget_100,200.0,0.3526628400000239,0.7470595238095238
credit_g,gaindistill_path_hybrid,budget_25,50.0,0.2033678933335371,0.6979563492063492
credit_g,gaindistill_path_hybrid,budget_50,100.0,0.2959197733334198,0.7407142857142858
credit_g,gradient_sampling,budget_10,20.0,0.1586359733332453,0.3916269841269841
credit_g,gradient_sampling,budget_100,200.0,0.24737127333343475,0.3216825396825397
credit_g,gradient_sampling,budget_25,50.0,0.16573031999990537,0.32584920634920633
credit_g,gradient_sampling,budget_50,100.0,0.34551901333343266,0.2455952380952381
credit_g,herding,budget_10,20.0,0.2082702466665675,0.6178452380952382
credit_g,herding,budget_100,200.0,0.5154501266666557,0.7631190476190477
credit_g,herding,budget_25,50.0,0.1387592066671156,0.6843214285714285
credit_g,herding,budget_50,100.0,0.16013724000076762,0.754
credit_g,k_center,budget_10,20.0,0.15580212000010457,0.5486230158730159
credit_g,k_center,budget_100,200.0,0.2874561266667418,0.7134007936507936
credit_g,k_center,budget_25,50.0,0.20443542666665357,0.5806507936507936
credit_g,k_center,budget_50,100.0,0.3731861599999926,0.6840674603174602
credit_g,math_full,budget_50,100.0,0.18804486000008183,0.7291428571428572
credit_g,math_no_anchor,budget_50,100.0,0.22919196000002556,0.7396785714285714
credit_g,math_no_hist,budget_50,100.0,0.17910805999999865,0.7430238095238095
credit_g,math_no_newton,budget_50,100.0,0.1953663800006325,0.7420357142857142
credit_g,math_no_probes,budget_50,100.0,0.15408468000023276,0.6952619047619047
credit_g,math_no_soft_routing,budget_50,100.0,0.14438765999948372,0.7150833333333333
credit_g,math_root_only,budget_50,100.0,0.10891447999965749,0.7281547619047619
credit_g,math_tuned,budget_50,100.0,0.4787237600008666,0.7447619047619047
credit_g,math_tuned_more_probes,budget_50,100.0,0.4281097999999474,0.7327380952380953
credit_g,math_tuned_no_anchor,budget_50,100.0,0.56981528000033,0.745
credit_g,math_tuned_no_hist,budget_50,100.0,0.5557844999988447,0.7320476190476191
credit_g,random,budget_10,20.0,0.27039566666686976,0.569218253968254
credit_g,random,budget_100,200.0,0.3546280666664946,0.7208253968253968
credit_g,random,budget_25,50.0,0.15866057333284214,0.6297380952380952
credit_g,random,budget_50,100.0,0.15519926000076037,0.7045873015873015
credit_g,refined_no_conf,budget_25,50.0,0.09176961999999851,0.6939325396825397
credit_g,refined_no_conf,budget_50,100.0,0.1062011666666649,0.7396825396825396
credit_g,refined_no_gain_weight,budget_25,50.0,0.09410105333335347,0.7214126984126985
credit_g,refined_no_gain_weight,budget_50,100.0,0.1150858400000061,0.7444722222222223
credit_g,refined_no_grad,budget_25,50.0,0.08973996000001232,0.6821904761904761
credit_g,refined_no_grad,budget_50,100.0,0.08909233333331486,0.7390912698412698
credit_g,refined_no_hess,budget_25,50.0,0.0937761599999855,0.7128928571428571
credit_g,refined_no_hess,budget_50,100.0,0.09302011333334122,0.7380555555555556
credit_g,refined_no_path,budget_25,50.0,0.11132283333333817,0.6883690476190477
credit_g,refined_no_path,budget_50,100.0,0.11749239333333511,0.7396865079365079
credit_g,refined_no_raw,budget_25,50.0,0.09174243333332772,0.7044999999999999
credit_g,refined_no_raw,budget_50,100.0,0.09874241999996987,0.7507539682539683
credit_g,refined_no_refine,budget_25,50.0,0.07922808666666394,0.7017777777777778
credit_g,refined_no_refine,budget_50,100.0,0.1109988000000006,0.7292698412698413
credit_g,refined_path_occupancy_only,budget_25,50.0,0.08598268666667082,0.7056785714285714
credit_g,refined_path_occupancy_only,budget_50,100.0,0.08736614666668174,0.7375357142857143
credit_g,tree_region,budget_10,20.0,0.14801046666664963,0.3916269841269841
credit_g,tree_region,budget_100,200.0,0.3546206000000287,0.3216825396825397
credit_g,tree_region,budget_25,50.0,0.21890918666661793,0.32584920634920633
credit_g,tree_region,budget_50,100.0,0.22833494666677628,0.2455952380952381
diabetes,ablation_full,budget_50,100.0,0.1934249000001728,0.32025925925925924
diabetes,ablation_no_child,budget_50,100.0,0.7032399399997302,0.3478333333333333
diabetes,ablation_no_entropy_anneal,budget_50,100.0,0.20987628000002587,0.45107407407407407
diabetes,ablation_no_gain,budget_50,100.0,0.21197459999984858,0.5336481481481481
diabetes,ablation_no_hist,budget_50,100.0,0.09349297999979171,0.4682777777777778
diabetes,ablation_no_margin,budget_50,100.0,0.08431192000007286,0.48183333333333334
diabetes,ablation_no_marginal,budget_50,100.0,0.0890401999999085,0.2640925925925926
diabetes,ablation_no_newton,budget_50,100.0,0.16067127999995137,0.3573148148148148
diabetes,ablation_no_pairwise,budget_50,100.0,0.15935874000024342,0.5695
diabetes,distribution_matching,budget_10,20.0,0.23799249333314948,0.612604938271605
diabetes,distribution_matching,budget_100,200.0,0.3763205333332735,0.7944691358024691
diabetes,distribution_matching,budget_25,50.0,0.256821053333321,0.755179012345679
diabetes,distribution_matching,budget_50,100.0,0.34817900000004254,0.7777530864197532
diabetes,full_data,budget_10,460.0,0.517877866666701,0.8298148148148149
diabetes,full_data,budget_100,460.0,0.5410433933335298,0.8298148148148149
diabetes,full_data,budget_25,460.0,0.7084233333334244,0.8298148148148149
diabetes,full_data,budget_50,460.0,0.6543302866667848,0.8298148148148149
diabetes,gain_herding,budget_10,20.0,0.2078118466672701,0.6468209876543211
diabetes,gain_herding,budget_100,200.0,0.504904766666732,0.8173456790123457
diabetes,gain_herding,budget_25,50.0,0.22074770000084148,0.7860617283950617
diabetes,gain_herding,budget_50,100.0,0.31348750000082265,0.7971666666666667
diabetes,gain_path_diverse,budget_25,50.0,0.3206377600006817,0.7894629629629629
diabetes,gain_path_diverse,budget_50,100.0,0.37559734000096795,0.8232222222222223
diabetes,gain_path_dual,budget_25,50.0,0.3325968400007696,0.7857962962962962
diabetes,gain_path_dual,budget_50,100.0,0.5118880600013653,0.8035185185185185
diabetes,gain_path_herding,budget_10,20.0,0.2524172733334126,0.6479506172839505
diabetes,gain_path_herding,budget_100,200.0,0.623169346666206,0.830641975308642
diabetes,gain_path_herding,budget_25,50.0,0.29589415999944324,0.7837037037037038
diabetes,gain_path_herding,budget_50,100.0,0.3938092599991554,0.8114753086419754
diabetes,gain_path_prior_weighted,budget_25,50.0,0.2973071599997638,0.7838765432098765
diabetes,gain_path_prior_weighted,budget_50,100.0,0.37742400000012516,0.8085308641975308
diabetes,gain_path_refined,budget_25,50.0,0.22714894666860347,0.8041913580246914
diabetes,gain_path_refined,budget_50,100.0,0.2642118266657538,0.8198888888888889
diabetes,gain_path_refined_weighted,budget_50,100.0,0.20113448000047357,0.821
diabetes,gain_path_safeguarded,budget_25,50.0,0.22645236666818772,0.8041913580246914
diabetes,gain_path_safeguarded,budget_50,100.0,0.301372346667146,0.8198888888888889
diabetes,gain_weighted_coreset,budget_10,20.0,0.3151068199999524,0.6464320987654321
diabetes,gain_weighted_coreset,budget_100,200.0,0.9843719800002872,0.8117654320987654
diabetes,gain_weighted_coreset,budget_25,50.0,0.3501161933333303,0.7827654320987654
diabetes,gain_weighted_coreset,budget_50,100.0,0.40951443999983894,0.7943271604938271
diabetes,gaindistill,budget_10,20.0,0.14030801333337878,0.4509938271604938
diabetes,gaindistill,budget_100,200.0,0.4397713400001521,0.4329074074074074
diabetes,gaindistill,budget_25,50.0,0.24616691999999601,0.48353086419753083
diabetes,gaindistill,budget_50,100.0,0.27253138666662075,0.34448765432098766
diabetes,gaindistill_hybrid,budget_10,20.0,0.274796939999942,0.6464320987654321
diabetes,gaindistill_hybrid,budget_100,200.0,0.5349810533331038,0.8117654320987654
diabetes,gaindistill_hybrid,budget_25,50.0,0.2685312466664376,0.7827654320987654
diabetes,gaindistill_hybrid,budget_50,100.0,0.4844849000000977,0.7943271604938271
diabetes,gaindistill_path_hybrid,budget_10,20.0,0.2077099533334452,0.6499567901234568
diabetes,gaindistill_path_hybrid,budget_100,200.0,0.5510754799997812,0.8220123456790123
diabetes,gaindistill_path_hybrid,budget_25,50.0,0.31871111333299873,0.7872037037037036
diabetes,gaindistill_path_hybrid,budget_50,100.0,0.4226665066666707,0.8098518518518518
diabetes,gradient_sampling,budget_10,20.0,0.25582838666662916,0.33208641975308645
diabetes,gradient_sampling,budget_100,200.0,0.4343611266666509,0.2904074074074074
diabetes,gradient_sampling,budget_25,50.0,0.24735988666683018,0.2152222222222222
diabetes,gradient_sampling,budget_50,100.0,0.2797429733334866,0.19003086419753087
diabetes,herding,budget_10,20.0,0.2580562599992845,0.6582962962962963
diabetes,herding,budget_100,200.0,0.4337530066667872,0.8005555555555556
diabetes,herding,budget_25,50.0,0.23251579999923705,0.7789259259259259
diabetes,herding,budget_50,100.0,0.317414733330952,0.7777222222222222
diabetes,k_center,budget_10,20.0,0.19808915333336094,0.587358024691358
diabetes,k_center,budget_100,200.0,0.3346767666665983,0.8261913580246912
diabetes,k_center,budget_25,50.0,0.23792482000001958,0.6985987654320988
diabetes,k_center,budget_50,100.0,0.3191174533333348,0.7575432098765432
diabetes,math_tuned,budget_50,100.0,0.6946077399996284,0.7669074074074074
diabetes,math_tuned_more_probes,budget_50,100.0,0.6575470400006452,0.7669074074074074
diabetes,math_tuned_no_anchor,budget_50,100.0,0.5964626199995109,0.7690185185185185
diabetes,math_tuned_no_hist,budget_50,100.0,0.6237035400001332,0.772425925925926
diabetes,random,budget_10,20.0,0.2658314066668633,0.5985493827160494
diabetes,random,budget_100,200.0,0.4082681933334849,0.8043271604938271
diabetes,random,budget_25,50.0,0.229058860000805,0.736
diabetes,random,budget_50,100.0,0.2816210866663217,0.78420987654321
diabetes,refined_no_conf,budget_25,50.0,0.29862756666667567,0.7924567901234567
diabetes,refined_no_conf,budget_50,100.0,0.46406007999999777,0.8190802469135803
diabetes,refined_no_gain_weight,budget_25,50.0,0.3217197666666796,0.8041913580246914
diabetes,refined_no_gain_weight,budget_50,100.0,0.3353224466666726,0.8198888888888889
diabetes,refined_no_grad,budget_25,50.0,0.2334675866666733,0.8007037037037037
diabetes,refined_no_grad,budget_50,100.0,0.2284888933333491,0.8143148148148148
diabetes,refined_no_hess,budget_25,50.0,0.24353264666667657,0.7883395061728395
diabetes,refined_no_hess,budget_50,100.0,0.22144977999999657,0.8094629629629629
diabetes,refined_no_path,budget_25,50.0,0.1545032466666688,0.7754074074074073
diabetes,refined_no_path,budget_50,100.0,0.22239393333334193,0.8013333333333333
diabetes,refined_no_raw,budget_25,50.0,0.17931382666666498,0.791537037037037
diabetes,refined_no_raw,budget_50,100.0,0.20218523333333754,0.8094197530864198
diabetes,refined_no_refine,budget_25,50.0,0.17196253333332076,0.7837037037037038
diabetes,refined_no_refine,budget_50,100.0,0.2202027866666678,0.8114753086419754
diabetes,refined_path_occupancy_only,budget_25,50.0,0.153280746666663,0.7782098765432098
diabetes,refined_path_occupancy_only,budget_50,100.0,0.21047898666666925,0.8075864197530864
diabetes,tree_region,budget_10,20.0,0.23655026666650278,0.33208641975308645
diabetes,tree_region,budget_100,200.0,0.5214259599999422,0.2904074074074074
diabetes,tree_region,budget_25,50.0,0.24867589333334764,0.2152222222222222
diabetes,tree_region,budget_50,100.0,0.27529214666689467,0.19003086419753087
electricity,ablation_full,budget_50,100.0,0.25371893999999884,0.4325431782598857
electricity,ablation_no_child,budget_50,100.0,0.2634199800000715,0.4314289707769169
electricity,ablation_no_entropy_anneal,budget_50,100.0,0.4194594400001733,0.45097302760316244
electricity,ablation_no_gain,budget_50,100.0,0.16632142000016756,0.43317463503145126
electricity,ablation_no_hist,budget_50,100.0,0.15735250000016093,0.4047015587897083
electricity,ablation_no_margin,budget_50,100.0,0.13063879999990605,0.44485050548284805
electricity,ablation_no_marginal,budget_50,100.0,0.12721679999995103,0.4463544871906458
electricity,ablation_no_newton,budget_50,100.0,0.14030261999978394,0.4400902988047196
electricity,ablation_no_pairwise,budget_50,100.0,0.12471112000002904,0.4240212125649325
electricity,distribution_matching,budget_10,20.0,0.198936240000027,0.6389201484210552
electricity,distribution_matching,budget_100,200.0,0.5709810666667181,0.7909379583332907
electricity,distribution_matching,budget_25,50.0,0.30375886666673374,0.734693839761647
electricity,distribution_matching,budget_50,100.0,0.41810339333357355,0.7710663249337064
electricity,full_data,budget_10,12000.0,4.768983280000066,0.9111231313825338
electricity,full_data,budget_100,12000.0,4.764663693333387,0.9111231313825338
electricity,full_data,budget_25,12000.0,4.379002539999965,0.9111231313825338
electricity,full_data,budget_50,12000.0,4.381935979999798,0.9111231313825338
electricity,gain_herding,budget_10,20.0,0.3711511333333571,0.6573901971244871
electricity,gain_herding,budget_100,200.0,0.8898469333329558,0.8452691129995397
electricity,gain_herding,budget_25,50.0,0.2152181799998895,0.786943382644321
electricity,gain_herding,budget_50,100.0,0.3246319133312985,0.8260732828106477
electricity,gain_path_herding,budget_10,20.0,0.2361744066666385,0.6562045762589798
electricity,gain_path_herding,budget_100,200.0,0.6233890133331442,0.8471037346579411
electricity,gain_path_herding,budget_25,50.0,0.2693664200012184,0.8005639088762168
electricity,gain_path_herding,budget_50,100.0,0.27289865333392904,0.8269971854474732
electricity,gain_path_refined,budget_25,50.0,0.2025276333336175,0.7942490766349475
electricity,gain_path_refined,budget_50,100.0,0.2732873599995704,0.8265675361196926
electricity,gain_path_safeguarded,budget_25,50.0,0.23419187999679708,0.7942490766349475
electricity,gain_path_safeguarded,budget_50,100.0,0.31485743999946864,0.8265675361196926
electricity,gain_weighted_coreset,budget_10,20.0,0.34725886666662215,0.6581732100063725
electricity,gain_weighted_coreset,budget_100,200.0,0.9049546333334244,0.8394294796900648
electricity,gain_weighted_coreset,budget_25,50.0,0.4300969133331819,0.7861580658296734
electricity,gain_weighted_coreset,budget_50,100.0,0.44829383333344597,0.8254468861580744
electricity,gaindistill,budget_10,20.0,0.24461550666674156,0.4812381027472094
electricity,gaindistill,budget_100,200.0,0.3433474866666681,0.551985776713759
electricity,gaindistill,budget_25,50.0,0.25994698000007094,0.5191229405827686
electricity,gaindistill,budget_50,100.0,0.4246134066665036,0.5017277021120748
electricity,gaindistill_hybrid,budget_10,20.0,0.2592956999999539,0.6581732100063725
electricity,gaindistill_hybrid,budget_100,200.0,0.8932743133335559,0.8394294796900648
electricity,gaindistill_hybrid,budget_25,50.0,0.38701548666637486,0.7861580658296734
electricity,gaindistill_hybrid,budget_50,100.0,0.49514805999994377,0.8254468861580744
electricity,gaindistill_path_hybrid,budget_10,20.0,0.31681612666676906,0.6593742757544697
electricity,gaindistill_path_hybrid,budget_100,200.0,0.624314160000237,0.8428272941282482
electricity,gaindistill_path_hybrid,budget_25,50.0,0.2515943066668115,0.7945384676560266
electricity,gaindistill_path_hybrid,budget_50,100.0,0.48786345999991076,0.8253270645882804
electricity,gradient_sampling,budget_10,20.0,0.24648141999993337,0.34672402947259057
electricity,gradient_sampling,budget_100,200.0,0.36205986666651974,0.22430309447182425
electricity,gradient_sampling,budget_25,50.0,0.29037316000000524,0.23372285156563324
electricity,gradient_sampling,budget_50,100.0,0.45186987333351375,0.22047235400148749
electricity,herding,budget_10,20.0,0.24544053999992077,0.6451095443230584
electricity,herding,budget_100,200.0,0.4669934933333328,0.7758022805862433
electricity,herding,budget_25,50.0,0.3124848733355369,0.747753153571966
electricity,herding,budget_50,100.0,0.36137510666740125,0.7646158934497655
electricity,k_center,budget_10,20.0,0.2348541266666871,0.5215493401707232
electricity,k_center,budget_100,200.0,0.4711634066666496,0.7493669560747539
electricity,k_center,budget_25,50.0,0.26361968666672814,0.6611310842171049
electricity,k_center,budget_50,100.0,0.4077232399999654,0.7304872339938965
electricity,random,budget_10,20.0,0.24318385333323628,0.6284354794723004
electricity,random,budget_100,200.0,0.37466301999993445,0.81601113806428
electricity,random,budget_25,50.0,0.2556859733362217,0.7706749464890283
electricity,random,budget_50,100.0,0.253216853334258,0.7937992550958727
electricity,tree_region,budget_10,20.0,0.25893615333322184,0.34672402947259057
electricity,tree_region,budget_100,200.0,0.3877051266665755,0.22430309447182425
electricity,tree_region,budget_25,50.0,0.23416679333331558,0.23372285156563324
electricity,tree_region,budget_50,100.0,0.2517597666666916,0.22047235400148749
gametes_epistasis_2_way_1000atts_0_4h_edm_1_edm_1_1,distribution_matching,budget_10,20.0,0.372852753333306,0.5090416666666667
gametes_epistasis_2_way_1000atts_0_4h_edm_1_edm_1_1,distribution_matching,budget_100,200.0,1.560436320000008,0.49674609375
gametes_epistasis_2_way_1000atts_0_4h_edm_1_edm_1_1,distribution_matching,budget_25,50.0,0.8561054000000998,0.48604036458333333
gametes_epistasis_2_way_1000atts_0_4h_edm_1_edm_1_1,distribution_matching,budget_50,100.0,0.9866114399999181,0.49921223958333333
gametes_epistasis_2_way_1000atts_0_4h_edm_1_edm_1_1,full_data,budget_10,960.0,6.576948506666607,0.451703125
gametes_epistasis_2_way_1000atts_0_4h_edm_1_edm_1_1,full_data,budget_100,960.0,7.364530740000009,0.451703125
gametes_epistasis_2_way_1000atts_0_4h_edm_1_edm_1_1,full_data,budget_25,960.0,6.254731126666654,0.451703125
gametes_epistasis_2_way_1000atts_0_4h_edm_1_edm_1_1,full_data,budget_50,960.0,6.811018066666717,0.451703125
gametes_epistasis_2_way_1000atts_0_4h_edm_1_edm_1_1,gain_herding,budget_10,20.0,0.4988614933332428,0.4912447916666667
gametes_epistasis_2_way_1000atts_0_4h_edm_1_edm_1_1,gain_herding,budget_100,200.0,2.5085508266663963,0.49271875
gametes_epistasis_2_way_1000atts_0_4h_edm_1_edm_1_1,gain_herding,budget_25,50.0,0.5521541533312605,0.48623046875
gametes_epistasis_2_way_1000atts_0_4h_edm_1_edm_1_1,gain_herding,budget_50,100.0,0.7959655399996942,0.47066276041666666
gametes_epistasis_2_way_1000atts_0_4h_edm_1_edm_1_1,gain_path_herding,budget_10,20.0,0.6561972733334793,0.49578385416666665
gametes_epistasis_2_way_1000atts_0_4h_edm_1_edm_1_1,gain_path_herding,budget_100,200.0,2.0984719533333798,0.4688177083333333
gametes_epistasis_2_way_1000atts_0_4h_edm_1_edm_1_1,gain_path_herding,budget_25,50.0,0.6350582333339844,0.49835026041666663
gametes_epistasis_2_way_1000atts_0_4h_edm_1_edm_1_1,gain_path_herding,budget_50,100.0,1.1557695466666094,0.48671484374999996
gametes_epistasis_2_way_1000atts_0_4h_edm_1_edm_1_1,gain_path_refined,budget_25,50.0,0.904529246664606,0.5011640624999999
gametes_epistasis_2_way_1000atts_0_4h_edm_1_edm_1_1,gain_path_refined,budget_50,100.0,0.9953421733342112,0.4779544270833333
gametes_epistasis_2_way_1000atts_0_4h_edm_1_edm_1_1,gain_path_safeguarded,budget_25,50.0,0.772272586665349,0.49835026041666663
gametes_epistasis_2_way_1000atts_0_4h_edm_1_edm_1_1,gain_path_safeguarded,budget_50,100.0,0.9565964133313779,0.48671484374999996
gametes_epistasis_2_way_1000atts_0_4h_edm_1_edm_1_1,gain_weighted_coreset,budget_10,20.0,1.0628597933332153,0.4870703125
gametes_epistasis_2_way_1000atts_0_4h_edm_1_edm_1_1,gain_weighted_coreset,budget_100,200.0,1.9833430999997896,0.4884505208333333
gametes_epistasis_2_way_1000atts_0_4h_edm_1_edm_1_1,gain_weighted_coreset,budget_25,50.0,1.571405946666467,0.4855625
gametes_epistasis_2_way_1000atts_0_4h_edm_1_edm_1_1,gain_weighted_coreset,budget_50,100.0,0.8389246333333479,0.47310416666666666
gametes_epistasis_2_way_1000atts_0_4h_edm_1_edm_1_1,gaindistill,budget_10,20.0,0.7057768933333136,0.50685546875
gametes_epistasis_2_way_1000atts_0_4h_edm_1_edm_1_1,gaindistill,budget_100,200.0,1.3138458066665408,0.49705078124999996
gametes_epistasis_2_way_1000atts_0_4h_edm_1_edm_1_1,gaindistill,budget_25,50.0,0.6008785733331631,0.51459375
gametes_epistasis_2_way_1000atts_0_4h_edm_1_edm_1_1,gaindistill,budget_50,100.0,0.9433276066666925,0.49965624999999997
gametes_epistasis_2_way_1000atts_0_4h_edm_1_edm_1_1,gaindistill_hybrid,budget_10,20.0,0.5860877466665746,0.4870703125
gametes_epistasis_2_way_1000atts_0_4h_edm_1_edm_1_1,gaindistill_hybrid,budget_100,200.0,1.669419780000074,0.4884505208333333
gametes_epistasis_2_way_1000atts_0_4h_edm_1_edm_1_1,gaindistill_hybrid,budget_25,50.0,0.5919554399998257,0.4855625
gametes_epistasis_2_way_1000atts_0_4h_edm_1_edm_1_1,gaindistill_hybrid,budget_50,100.0,1.5732681533330226,0.47310416666666666
gametes_epistasis_2_way_1000atts_0_4h_edm_1_edm_1_1,gaindistill_path_hybrid,budget_10,20.0,0.44341949333344627,0.49457291666666664
gametes_epistasis_2_way_1000atts_0_4h_edm_1_edm_1_1,gaindistill_path_hybrid,budget_100,200.0,1.8072203600001862,0.46863802083333334
gametes_epistasis_2_way_1000atts_0_4h_edm_1_edm_1_1,gaindistill_path_hybrid,budget_25,50.0,0.7924301999999444,0.5027916666666666
gametes_epistasis_2_way_1000atts_0_4h_edm_1_edm_1_1,gaindistill_path_hybrid,budget_50,100.0,1.0748234866664765,0.5012760416666666
gametes_epistasis_2_way_1000atts_0_4h_edm_1_edm_1_1,gradient_sampling,budget_10,20.0,0.6102280200000071,0.5221705729166667
gametes_epistasis_2_way_1000atts_0_4h_edm_1_edm_1_1,gradient_sampling,budget_100,200.0,1.8273416599999714,0.5317213541666667
gametes_epistasis_2_way_1000atts_0_4h_edm_1_edm_1_1,gradient_sampling,budget_25,50.0,0.7427946533332943,0.5348450520833333
gametes_epistasis_2_way_1000atts_0_4h_edm_1_edm_1_1,gradient_sampling,budget_50,100.0,0.9976880800001405,0.5281497395833333
gametes_epistasis_2_way_1000atts_0_4h_edm_1_edm_1_1,herding,budget_10,20.0,0.5427903933332952,0.5100078124999999
gametes_epistasis_2_way_1000atts_0_4h_edm_1_edm_1_1,herding,budget_100,200.0,1.438269213333236,0.46051171875
gametes_epistasis_2_way_1000atts_0_4h_edm_1_edm_1_1,herding,budget_25,50.0,0.7283329200009272,0.48798046874999995
gametes_epistasis_2_way_1000atts_0_4h_edm_1_edm_1_1,herding,budget_50,100.0,0.8098072866666673,0.475625
gametes_epistasis_2_way_1000atts_0_4h_edm_1_edm_1_1,k_center,budget_10,20.0,0.6271448666668827,0.5064869791666667
gametes_epistasis_2_way_1000atts_0_4h_edm_1_edm_1_1,k_center,budget_100,200.0,1.598645600000115,0.45791796875
gametes_epistasis_2_way_1000atts_0_4h_edm_1_edm_1_1,k_center,budget_25,50.0,0.6861036066667414,0.5219296875
gametes_epistasis_2_way_1000atts_0_4h_edm_1_edm_1_1,k_center,budget_50,100.0,1.1768486933333406,0.48146093749999996
gametes_epistasis_2_way_1000atts_0_4h_edm_1_edm_1_1,random,budget_10,20.0,0.6193195133332362,0.48997395833333335
gametes_epistasis_2_way_1000atts_0_4h_edm_1_edm_1_1,random,budget_100,200.0,1.564483406666659,0.4897109375
gametes_epistasis_2_way_1000atts_0_4h_edm_1_edm_1_1,random,budget_25,50.0,0.620960433332948,0.47893098958333336
gametes_epistasis_2_way_1000atts_0_4h_edm_1_edm_1_1,random,budget_50,100.0,0.6831003933349469,0.4897526041666666
gametes_epistasis_2_way_1000atts_0_4h_edm_1_edm_1_1,tree_region,budget_10,20.0,0.5792330666666506,0.5221705729166667
gametes_epistasis_2_way_1000atts_0_4h_edm_1_edm_1_1,tree_region,budget_100,200.0,1.6715597733332592,0.5317213541666667
gametes_epistasis_2_way_1000atts_0_4h_edm_1_edm_1_1,tree_region,budget_25,50.0,0.7923715266668903,0.5348450520833333
gametes_epistasis_2_way_1000atts_0_4h_edm_1_edm_1_1,tree_region,budget_50,100.0,0.9370259600000281,0.5281497395833333
gametes_epistasis_2_way_20atts_0_1h_edm_1_1,distribution_matching,budget_10,20.0,0.2827069800000269,0.49099088541666663
gametes_epistasis_2_way_20atts_0_1h_edm_1_1,distribution_matching,budget_100,200.0,0.7924688933332921,0.4909309895833333
gametes_epistasis_2_way_20atts_0_1h_edm_1_1,distribution_matching,budget_25,50.0,0.3288880333333509,0.48995312500000004
gametes_epistasis_2_way_20atts_0_1h_edm_1_1,distribution_matching,budget_50,100.0,0.29769429333324904,0.46020833333333333
gametes_epistasis_2_way_20atts_0_1h_edm_1_1,full_data,budget_10,960.0,1.709678319999936,0.58600390625
gametes_epistasis_2_way_20atts_0_1h_edm_1_1,full_data,budget_100,960.0,1.844463353333352,0.58600390625
gametes_epistasis_2_way_20atts_0_1h_edm_1_1,full_data,budget_25,960.0,2.034383393333337,0.58600390625
gametes_epistasis_2_way_20atts_0_1h_edm_1_1,full_data,budget_50,960.0,2.6417471000003085,0.58600390625
gametes_epistasis_2_way_20atts_0_1h_edm_1_1,gain_herding,budget_10,20.0,0.6371874200001912,0.49463281249999996
gametes_epistasis_2_way_20atts_0_1h_edm_1_1,gain_herding,budget_100,200.0,0.8405147333332328,0.5906171875
gametes_epistasis_2_way_20atts_0_1h_edm_1_1,gain_herding,budget_25,50.0,0.2103564799996093,0.5073046875
gametes_epistasis_2_way_20atts_0_1h_edm_1_1,gain_herding,budget_50,100.0,0.32548650666916124,0.5274296875
gametes_epistasis_2_way_20atts_0_1h_edm_1_1,gain_path_herding,budget_10,20.0,0.5181977800000216,0.5095794270833334
gametes_epistasis_2_way_20atts_0_1h_edm_1_1,gain_path_herding,budget_100,200.0,1.1633217066669508,0.5843528645833334
gametes_epistasis_2_way_20atts_0_1h_edm_1_1,gain_path_herding,budget_25,50.0,0.21227375999927364,0.5314713541666667
gametes_epistasis_2_way_20atts_0_1h_edm_1_1,gain_path_herding,budget_50,100.0,0.26224695999893205,0.5415859375000001
gametes_epistasis_2_way_20atts_0_1h_edm_1_1,gain_path_refined,budget_25,50.0,0.19475385333450201,0.5227005208333334
gametes_epistasis_2_way_20atts_0_1h_edm_1_1,gain_path_refined,budget_50,100.0,0.2519081866688794,0.5547786458333334
gametes_epistasis_2_way_20atts_0_1h_edm_1_1,gain_path_safeguarded,budget_25,50.0,0.21984373999972984,0.5227005208333334
gametes_epistasis_2_way_20atts_0_1h_edm_1_1,gain_path_safeguarded,budget_50,100.0,0.30267547333496625,0.5547786458333334
gametes_epistasis_2_way_20atts_0_1h_edm_1_1,gain_weighted_coreset,budget_10,20.0,0.3007375733336327,0.49918229166666667
gametes_epistasis_2_way_20atts_0_1h_edm_1_1,gain_weighted_coreset,budget_100,200.0,0.8922853000000032,0.5749817708333332
gametes_epistasis_2_way_20atts_0_1h_edm_1_1,gain_weighted_coreset,budget_25,50.0,0.4454074999995404,0.5023567708333333
gametes_epistasis_2_way_20atts_0_1h_edm_1_1,gain_weighted_coreset,budget_50,100.0,0.584164746666526,0.5209114583333333
gametes_epistasis_2_way_20atts_0_1h_edm_1_1,gaindistill,budget_10,20.0,0.28741245333336946,0.5002760416666666
gametes_epistasis_2_way_20atts_0_1h_edm_1_1,gaindistill,budget_100,200.0,0.2491784066668212,0.5056171875
gametes_epistasis_2_way_20atts_0_1h_edm_1_1,gaindistill,budget_25,50.0,0.21237978666686103,0.5154283854166667
gametes_epistasis_2_way_20atts_0_1h_edm_1_1,gaindistill,budget_50,100.0,0.40083230000000186,0.5027955729166667
gametes_epistasis_2_way_20atts_0_1h_edm_1_1,gaindistill_hybrid,budget_10,20.0,0.3647204000000784,0.49918229166666667
gametes_epistasis_2_way_20atts_0_1h_edm_1_1,gaindistill_hybrid,budget_100,200.0,2.432717446666599,0.5749817708333332
gametes_epistasis_2_way_20atts_0_1h_edm_1_1,gaindistill_hybrid,budget_25,50.0,0.734812599999835,0.5023567708333333
gametes_epistasis_2_way_20atts_0_1h_edm_1_1,gaindistill_hybrid,budget_50,100.0,0.9350443399998767,0.5209114583333333
gametes_epistasis_2_way_20atts_0_1h_edm_1_1,gaindistill_path_hybrid,budget_10,20.0,0.3965336266668601,0.5178307291666667
gametes_epistasis_2_way_20atts_0_1h_edm_1_1,gaindistill_path_hybrid,budget_100,200.0,1.1157262666665095,0.5833489583333333
gametes_epistasis_2_way_20atts_0_1h_edm_1_1,gaindistill_path_hybrid,budget_25,50.0,0.4767114066665575,0.5257213541666667
gametes_epistasis_2_way_20atts_0_1h_edm_1_1,gaindistill_path_hybrid,budget_50,100.0,0.8213943999996748,0.5361119791666666
gametes_epistasis_2_way_20atts_0_1h_edm_1_1,gradient_sampling,budget_10,20.0,0.2564960600000025,0.51428515625
gametes_epistasis_2_way_20atts_0_1h_edm_1_1,gradient_sampling,budget_100,200.0,0.4250865266666248,0.5099856770833333
gametes_epistasis_2_way_20atts_0_1h_edm_1_1,gradient_sampling,budget_25,50.0,0.2191294466664355,0.5130859375
gametes_epistasis_2_way_20atts_0_1h_edm_1_1,gradient_sampling,budget_50,100.0,0.3026134933332893,0.5132265625
gametes_epistasis_2_way_20atts_0_1h_edm_1_1,herding,budget_10,20.0,0.2104064466666993,0.5071484375
gametes_epistasis_2_way_20atts_0_1h_edm_1_1,herding,budget_100,200.0,0.5893872399999964,0.58475
gametes_epistasis_2_way_20atts_0_1h_edm_1_1,herding,budget_25,50.0,0.19916057333175557,0.54125390625
gametes_epistasis_2_way_20atts_0_1h_edm_1_1,herding,budget_50,100.0,0.24514427333391117,0.5149453125
gametes_epistasis_2_way_20atts_0_1h_edm_1_1,k_center,budget_10,20.0,0.2118108466667157,0.49021744791666666
gametes_epistasis_2_way_20atts_0_1h_edm_1_1,k_center,budget_100,200.0,0.520354913333055,0.530640625
gametes_epistasis_2_way_20atts_0_1h_edm_1_1,k_center,budget_25,50.0,0.29736457333334937,0.4998997395833333
gametes_epistasis_2_way_20atts_0_1h_edm_1_1,k_center,budget_50,100.0,0.29838977333353495,0.5034192708333333
gametes_epistasis_2_way_20atts_0_1h_edm_1_1,random,budget_10,20.0,0.18277858666685157,0.4987903645833333
gametes_epistasis_2_way_20atts_0_1h_edm_1_1,random,budget_100,200.0,0.3673260333333625,0.5236744791666667
gametes_epistasis_2_way_20atts_0_1h_edm_1_1,random,budget_25,50.0,0.22031160000090796,0.4967955729166667
gametes_epistasis_2_way_20atts_0_1h_edm_1_1,random,budget_50,100.0,0.24000021999818272,0.49903515625
gametes_epistasis_2_way_20atts_0_1h_edm_1_1,tree_region,budget_10,20.0,0.3183442266666437,0.51428515625
gametes_epistasis_2_way_20atts_0_1h_edm_1_1,tree_region,budget_100,200.0,0.4724956199999118,0.5099856770833333
gametes_epistasis_2_way_20atts_0_1h_edm_1_1,tree_region,budget_25,50.0,0.2019492466666634,0.5130859375
gametes_epistasis_2_way_20atts_0_1h_edm_1_1,tree_region,budget_50,100.0,0.26818070666674126,0.5132265625
gametes_epistasis_2_way_20atts_0_4h_edm_1_1,distribution_matching,budget_10,20.0,0.23662139333331045,0.48858463541666663
gametes_epistasis_2_way_20atts_0_4h_edm_1_1,distribution_matching,budget_100,200.0,0.5863686733331633,0.4672721354166667
gametes_epistasis_2_way_20atts_0_4h_edm_1_1,distribution_matching,budget_25,50.0,0.24782433999989734,0.48854166666666665
gametes_epistasis_2_way_20atts_0_4h_edm_1_1,distribution_matching,budget_50,100.0,0.5720275533334643,0.49772265624999995
gametes_epistasis_2_way_20atts_0_4h_edm_1_1,full_data,budget_10,960.0,1.725927946666828,0.780953125
gametes_epistasis_2_way_20atts_0_4h_edm_1_1,full_data,budget_100,960.0,2.541460573333461,0.780953125
gametes_epistasis_2_way_20atts_0_4h_edm_1_1,full_data,budget_25,960.0,2.3889039600000617,0.780953125
gametes_epistasis_2_way_20atts_0_4h_edm_1_1,full_data,budget_50,960.0,1.8785985199997717,0.780953125
gametes_epistasis_2_way_20atts_0_4h_edm_1_1,gain_herding,budget_10,20.0,0.2977460533333215,0.5037161458333334
gametes_epistasis_2_way_20atts_0_4h_edm_1_1,gain_herding,budget_100,200.0,0.656167200000103,0.68255078125
gametes_epistasis_2_way_20atts_0_4h_edm_1_1,gain_herding,budget_25,50.0,0.18773397333376732,0.5451822916666667
gametes_epistasis_2_way_20atts_0_4h_edm_1_1,gain_herding,budget_50,100.0,0.2638489799991172,0.6779921874999999
gametes_epistasis_2_way_20atts_0_4h_edm_1_1,gain_path_herding,budget_10,20.0,0.3269938133331986,0.5213111979166667
gametes_epistasis_2_way_20atts_0_4h_edm_1_1,gain_path_herding,budget_100,200.0,0.5020641266665431,0.6766080729166667
gametes_epistasis_2_way_20atts_0_4h_edm_1_1,gain_path_herding,budget_25,50.0,0.20741459999990183,0.5486731770833334
gametes_epistasis_2_way_20atts_0_4h_edm_1_1,gain_path_herding,budget_50,100.0,0.2591115600002619,0.5822083333333333
gametes_epistasis_2_way_20atts_0_4h_edm_1_1,gain_path_refined,budget_25,50.0,0.19501611333495628,0.5611276041666666
gametes_epistasis_2_way_20atts_0_4h_edm_1_1,gain_path_refined,budget_50,100.0,0.23336928000013965,0.5841289062499999
gametes_epistasis_2_way_20atts_0_4h_edm_1_1,gain_path_safeguarded,budget_25,50.0,0.19086795999804357,0.5611276041666666
gametes_epistasis_2_way_20atts_0_4h_edm_1_1,gain_path_safeguarded,budget_50,100.0,0.23571317999837144,0.5841289062499999
gametes_epistasis_2_way_20atts_0_4h_edm_1_1,gain_weighted_coreset,budget_10,20.0,0.4306019066665613,0.5222369791666667
gametes_epistasis_2_way_20atts_0_4h_edm_1_1,gain_weighted_coreset,budget_100,200.0,0.6076882466665362,0.66596875
gametes_epistasis_2_way_20atts_0_4h_edm_1_1,gain_weighted_coreset,budget_25,50.0,0.3855394800002008,0.53380859375
gametes_epistasis_2_way_20atts_0_4h_edm_1_1,gain_weighted_coreset,budget_50,100.0,0.35705831999997223,0.6243268229166666
gametes_epistasis_2_way_20atts_0_4h_edm_1_1,gaindistill,budget_10,20.0,0.18560496666644516,0.5069934895833333
gametes_epistasis_2_way_20atts_0_4h_edm_1_1,gaindistill,budget_100,200.0,0.2606686733333845,0.48867057291666666
gametes_epistasis_2_way_20atts_0_4h_edm_1_1,gaindistill,budget_25,50.0,0.26377777333327684,0.5045794270833334
gametes_epistasis_2_way_20atts_0_4h_edm_1_1,gaindistill,budget_50,100.0,0.3319399999999708,0.500703125
gametes_epistasis_2_way_20atts_0_4h_edm_1_1,gaindistill_hybrid,budget_10,20.0,0.2644025133334556,0.5222369791666667
gametes_epistasis_2_way_20atts_0_4h_edm_1_1,gaindistill_hybrid,budget_100,200.0,1.0123227333331064,0.66596875
gametes_epistasis_2_way_20atts_0_4h_edm_1_1,gaindistill_hybrid,budget_25,50.0,0.33638518666654516,0.53380859375
gametes_epistasis_2_way_20atts_0_4h_edm_1_1,gaindistill_hybrid,budget_50,100.0,0.6104036000004271,0.6243268229166666
gametes_epistasis_2_way_20atts_0_4h_edm_1_1,gaindistill_path_hybrid,budget_10,20.0,0.23695555333336718,0.5300104166666667
gametes_epistasis_2_way_20atts_0_4h_edm_1_1,gaindistill_path_hybrid,budget_100,200.0,0.6213658999998491,0.6777473958333334
gametes_epistasis_2_way_20atts_0_4h_edm_1_1,gaindistill_path_hybrid,budget_25,50.0,0.3466782266668209,0.53790625
gametes_epistasis_2_way_20atts_0_4h_edm_1_1,gaindistill_path_hybrid,budget_50,100.0,0.38466307999976074,0.5817851562499999
gametes_epistasis_2_way_20atts_0_4h_edm_1_1,gradient_sampling,budget_10,20.0,0.1982698599998912,0.5056940104166666
gametes_epistasis_2_way_20atts_0_4h_edm_1_1,gradient_sampling,budget_100,200.0,0.37297461333340226,0.50659765625
gametes_epistasis_2_way_20atts_0_4h_edm_1_1,gradient_sampling,budget_25,50.0,0.2163879933333495,0.48472135416666673
gametes_epistasis_2_way_20atts_0_4h_edm_1_1,gradient_sampling,budget_50,100.0,0.48255759333351306,0.459375
gametes_epistasis_2_way_20atts_0_4h_edm_1_1,herding,budget_10,20.0,0.42963151333339433,0.53033203125
gametes_epistasis_2_way_20atts_0_4h_edm_1_1,herding,budget_100,200.0,0.9070518466668243,0.70782421875
gametes_epistasis_2_way_20atts_0_4h_edm_1_1,herding,budget_25,50.0,0.2512413133333515,0.52575390625
gametes_epistasis_2_way_20atts_0_4h_edm_1_1,herding,budget_50,100.0,0.3881836933316663,0.5721132812499999
gametes_epistasis_2_way_20atts_0_4h_edm_1_1,k_center,budget_10,20.0,0.21694202666658385,0.5034622395833334
gametes_epistasis_2_way_20atts_0_4h_edm_1_1,k_center,budget_100,200.0,0.42593698666684454,0.6781380208333334
gametes_epistasis_2_way_20atts_0_4h_edm_1_1,k_center,budget_25,50.0,0.23577211333340528,0.5218242187500001
gametes_epistasis_2_way_20atts_0_4h_edm_1_1,k_center,budget_50,100.0,0.3325505000000703,0.5177369791666666
gametes_epistasis_2_way_20atts_0_4h_edm_1_1,random,budget_10,20.0,0.2063187933333514,0.5015533854166666
gametes_epistasis_2_way_20atts_0_4h_edm_1_1,random,budget_100,200.0,0.428990140000072,0.64943359375
gametes_epistasis_2_way_20atts_0_4h_edm_1_1,random,budget_25,50.0,0.3045059733354719,0.5186184895833333
gametes_epistasis_2_way_20atts_0_4h_edm_1_1,random,budget_50,100.0,0.25035711333330257,0.5981731770833334
gametes_epistasis_2_way_20atts_0_4h_edm_1_1,tree_region,budget_10,20.0,0.1809883133333642,0.5056940104166666
gametes_epistasis_2_way_20atts_0_4h_edm_1_1,tree_region,budget_100,200.0,0.7462151866666924,0.50659765625
gametes_epistasis_2_way_20atts_0_4h_edm_1_1,tree_region,budget_25,50.0,0.3677659133333994,0.48472135416666673
gametes_epistasis_2_way_20atts_0_4h_edm_1_1,tree_region,budget_50,100.0,0.29864262000003994,0.459375
gametes_epistasis_3_way_20atts_0_2h_edm_1_1,distribution_matching,budget_10,20.0,0.17921766000005543,0.51109765625
gametes_epistasis_3_way_20atts_0_2h_edm_1_1,distribution_matching,budget_100,200.0,0.41947597999993985,0.51280078125
gametes_epistasis_3_way_20atts_0_2h_edm_1_1,distribution_matching,budget_25,50.0,0.21523801999986367,0.5070963541666667
gametes_epistasis_3_way_20atts_0_2h_edm_1_1,distribution_matching,budget_50,100.0,0.3464291533332774,0.5253828125
gametes_epistasis_3_way_20atts_0_2h_edm_1_1,full_data,budget_10,960.0,2.6703794666667213,0.54111328125
gametes_epistasis_3_way_20atts_0_2h_edm_1_1,full_data,budget_100,960.0,1.9323056266666754,0.54111328125
gametes_epistasis_3_way_20atts_0_2h_edm_1_1,full_data,budget_25,960.0,1.7723007466666483,0.54111328125
gametes_epistasis_3_way_20atts_0_2h_edm_1_1,full_data,budget_50,960.0,1.6936761066666197,0.54111328125
gametes_epistasis_3_way_20atts_0_2h_edm_1_1,gain_herding,budget_10,20.0,0.28278065333336905,0.4778619791666667
gametes_epistasis_3_way_20atts_0_2h_edm_1_1,gain_herding,budget_100,200.0,0.5052968533334934,0.51165234375
gametes_epistasis_3_way_20atts_0_2h_edm_1_1,gain_herding,budget_25,50.0,0.20152207333109498,0.4953059895833334
gametes_epistasis_3_way_20atts_0_2h_edm_1_1,gain_herding,budget_50,100.0,0.2648667400004342,0.5090638020833333
gametes_epistasis_3_way_20atts_0_2h_edm_1_1,gain_path_herding,budget_10,20.0,0.2468840133335713,0.49154296875000003
gametes_epistasis_3_way_20atts_0_2h_edm_1_1,gain_path_herding,budget_100,200.0,0.5533218466665858,0.5193411458333334
gametes_epistasis_3_way_20atts_0_2h_edm_1_1,gain_path_herding,budget_25,50.0,0.275750593332729,0.49236588541666665
gametes_epistasis_3_way_20atts_0_2h_edm_1_1,gain_path_herding,budget_50,100.0,0.39272792666743045,0.5231679687499999
gametes_epistasis_3_way_20atts_0_2h_edm_1_1,gain_path_refined,budget_25,50.0,0.23059726666639715,0.51829296875
gametes_epistasis_3_way_20atts_0_2h_edm_1_1,gain_path_refined,budget_50,100.0,0.24555703999843292,0.5321822916666666
gametes_epistasis_3_way_20atts_0_2h_edm_1_1,gain_path_safeguarded,budget_25,50.0,0.1900766000006115,0.51829296875
gametes_epistasis_3_way_20atts_0_2h_edm_1_1,gain_path_safeguarded,budget_50,100.0,0.33424782000074627,0.5321822916666666
gametes_epistasis_3_way_20atts_0_2h_edm_1_1,gain_weighted_coreset,budget_10,20.0,0.23896144666687177,0.48218229166666665
gametes_epistasis_3_way_20atts_0_2h_edm_1_1,gain_weighted_coreset,budget_100,200.0,0.633786713333393,0.49973046875
gametes_epistasis_3_way_20atts_0_2h_edm_1_1,gain_weighted_coreset,budget_25,50.0,0.39071803333342053,0.48949609374999997
gametes_epistasis_3_way_20atts_0_2h_edm_1_1,gain_weighted_coreset,budget_50,100.0,0.3970634600003298,0.5302408854166667
gametes_epistasis_3_way_20atts_0_2h_edm_1_1,gaindistill,budget_10,20.0,0.22069395333316302,0.5065950520833333
gametes_epistasis_3_way_20atts_0_2h_edm_1_1,gaindistill,budget_100,200.0,0.292450566666533,0.49123697916666664
gametes_epistasis_3_way_20atts_0_2h_edm_1_1,gaindistill,budget_25,50.0,0.18960775333331792,0.4871510416666666
gametes_epistasis_3_way_20atts_0_2h_edm_1_1,gaindistill,budget_50,100.0,0.20974955333343434,0.5033151041666667
gametes_epistasis_3_way_20atts_0_2h_edm_1_1,gaindistill_hybrid,budget_10,20.0,0.37043170666668934,0.48218229166666665
gametes_epistasis_3_way_20atts_0_2h_edm_1_1,gaindistill_hybrid,budget_100,200.0,0.6500417400001122,0.49973046875
gametes_epistasis_3_way_20atts_0_2h_edm_1_1,gaindistill_hybrid,budget_25,50.0,0.2115334066667856,0.48949609374999997
gametes_epistasis_3_way_20atts_0_2h_edm_1_1,gaindistill_hybrid,budget_50,100.0,0.4387451933334281,0.5302408854166667
gametes_epistasis_3_way_20atts_0_2h_edm_1_1,gaindistill_path_hybrid,budget_10,20.0,0.2917771933333521,0.49171614583333334
gametes_epistasis_3_way_20atts_0_2h_edm_1_1,gaindistill_path_hybrid,budget_100,200.0,0.7831590399998579,0.5344010416666667
gametes_epistasis_3_way_20atts_0_2h_edm_1_1,gaindistill_path_hybrid,budget_25,50.0,0.3402329466665833,0.4929596354166667
gametes_epistasis_3_way_20atts_0_2h_edm_1_1,gaindistill_path_hybrid,budget_50,100.0,0.652403353333284,0.5082578125
gametes_epistasis_3_way_20atts_0_2h_edm_1_1,gradient_sampling,budget_10,20.0,0.16218955333339788,0.4884192708333333
gametes_epistasis_3_way_20atts_0_2h_edm_1_1,gradient_sampling,budget_100,200.0,0.5119037799998599,0.4887903645833333
gametes_epistasis_3_way_20atts_0_2h_edm_1_1,gradient_sampling,budget_25,50.0,0.27233530666683997,0.4888515625
gametes_epistasis_3_way_20atts_0_2h_edm_1_1,gradient_sampling,budget_50,100.0,0.33469374000008734,0.4854557291666667
gametes_epistasis_3_way_20atts_0_2h_edm_1_1,herding,budget_10,20.0,0.22741129999988818,0.52532421875
gametes_epistasis_3_way_20atts_0_2h_edm_1_1,herding,budget_100,200.0,0.49258307333348056,0.5323515625
gametes_epistasis_3_way_20atts_0_2h_edm_1_1,herding,budget_25,50.0,0.22079827999890161,0.5147460937499999
gametes_epistasis_3_way_20atts_0_2h_edm_1_1,herding,budget_50,100.0,0.333142819996768,0.5115664062499999
gametes_epistasis_3_way_20atts_0_2h_edm_1_1,k_center,budget_10,20.0,0.18205355333332893,0.4960872395833333
gametes_epistasis_3_way_20atts_0_2h_edm_1_1,k_center,budget_100,200.0,0.31612304666668933,0.50259765625
gametes_epistasis_3_way_20atts_0_2h_edm_1_1,k_center,budget_25,50.0,0.1993174599999596,0.5195078125
gametes_epistasis_3_way_20atts_0_2h_edm_1_1,k_center,budget_50,100.0,0.2450270399999378,0.5154010416666667
gametes_epistasis_3_way_20atts_0_2h_edm_1_1,random,budget_10,20.0,0.23893549333339859,0.4952356770833333
gametes_epistasis_3_way_20atts_0_2h_edm_1_1,random,budget_100,200.0,0.5277229533333715,0.5205208333333333
gametes_epistasis_3_way_20atts_0_2h_edm_1_1,random,budget_25,50.0,0.21223704666772392,0.4967434895833333
gametes_epistasis_3_way_20atts_0_2h_edm_1_1,random,budget_50,100.0,0.26271247333303716,0.5310559895833333
gametes_epistasis_3_way_20atts_0_2h_edm_1_1,tree_region,budget_10,20.0,0.14995592666661348,0.4884192708333333
gametes_epistasis_3_way_20atts_0_2h_edm_1_1,tree_region,budget_100,200.0,0.30342835999993745,0.4887903645833333
gametes_epistasis_3_way_20atts_0_2h_edm_1_1,tree_region,budget_25,50.0,0.19825291999998929,0.4888515625
gametes_epistasis_3_way_20atts_0_2h_edm_1_1,tree_region,budget_50,100.0,0.2392521400000381,0.4854557291666667
gametes_heterogeneity_20atts_1600_het_0_4_0_2_50_edm_2_001,distribution_matching,budget_10,20.0,0.1811703733333464,0.49296875
gametes_heterogeneity_20atts_1600_het_0_4_0_2_50_edm_2_001,distribution_matching,budget_100,200.0,0.4759383066665881,0.48783072916666664
gametes_heterogeneity_20atts_1600_het_0_4_0_2_50_edm_2_001,distribution_matching,budget_25,50.0,0.22009091999995387,0.5110638020833334
gametes_heterogeneity_20atts_1600_het_0_4_0_2_50_edm_2_001,distribution_matching,budget_50,100.0,0.30516571333337195,0.48898177083333333
gametes_heterogeneity_20atts_1600_het_0_4_0_2_50_edm_2_001,full_data,budget_10,960.0,1.615414086666836,0.68318359375
gametes_heterogeneity_20atts_1600_het_0_4_0_2_50_edm_2_001,full_data,budget_100,960.0,1.7349769133335333,0.68318359375
gametes_heterogeneity_20atts_1600_het_0_4_0_2_50_edm_2_001,full_data,budget_25,960.0,1.712742466666714,0.68318359375
gametes_heterogeneity_20atts_1600_het_0_4_0_2_50_edm_2_001,full_data,budget_50,960.0,2.404931733333312,0.68318359375
gametes_heterogeneity_20atts_1600_het_0_4_0_2_50_edm_2_001,gain_herding,budget_10,20.0,0.2538115000003017,0.52398046875
gametes_heterogeneity_20atts_1600_het_0_4_0_2_50_edm_2_001,gain_herding,budget_100,200.0,0.5716551400000753,0.6549088541666667
gametes_heterogeneity_20atts_1600_het_0_4_0_2_50_edm_2_001,gain_herding,budget_25,50.0,0.22141416666854638,0.5521419270833333
gametes_heterogeneity_20atts_1600_het_0_4_0_2_50_edm_2_001,gain_herding,budget_50,100.0,0.2860472066696578,0.622671875
gametes_heterogeneity_20atts_1600_het_0_4_0_2_50_edm_2_001,gain_path_herding,budget_10,20.0,0.22476946666647563,0.5337408854166666
gametes_heterogeneity_20atts_1600_het_0_4_0_2_50_edm_2_001,gain_path_herding,budget_100,200.0,0.7229409266668275,0.65567578125
gametes_heterogeneity_20atts_1600_het_0_4_0_2_50_edm_2_001,gain_path_herding,budget_25,50.0,0.20864175999886356,0.5461575520833333
gametes_heterogeneity_20atts_1600_het_0_4_0_2_50_edm_2_001,gain_path_herding,budget_50,100.0,0.2511700466653565,0.6200598958333334
gametes_heterogeneity_20atts_1600_het_0_4_0_2_50_edm_2_001,gain_path_refined,budget_25,50.0,0.18260106000040346,0.5542369791666667
gametes_heterogeneity_20atts_1600_het_0_4_0_2_50_edm_2_001,gain_path_refined,budget_50,100.0,0.2261595666660772,0.6317643229166666
gametes_heterogeneity_20atts_1600_het_0_4_0_2_50_edm_2_001,gain_path_safeguarded,budget_25,50.0,0.18010392666522723,0.5542369791666667
gametes_heterogeneity_20atts_1600_het_0_4_0_2_50_edm_2_001,gain_path_safeguarded,budget_50,100.0,0.22853903999978986,0.6317643229166666
gametes_heterogeneity_20atts_1600_het_0_4_0_2_50_edm_2_001,gain_weighted_coreset,budget_10,20.0,0.29875383333322436,0.536296875
gametes_heterogeneity_20atts_1600_het_0_4_0_2_50_edm_2_001,gain_weighted_coreset,budget_100,200.0,0.46369883333354667,0.6555963541666667
gametes_heterogeneity_20atts_1600_het_0_4_0_2_50_edm_2_001,gain_weighted_coreset,budget_25,50.0,0.3262014000001121,0.5363072916666667
gametes_heterogeneity_20atts_1600_het_0_4_0_2_50_edm_2_001,gain_weighted_coreset,budget_50,100.0,0.33714085999999954,0.5825846354166667
gametes_heterogeneity_20atts_1600_het_0_4_0_2_50_edm_2_001,gaindistill,budget_10,20.0,0.263946980000037,0.4978723958333333
gametes_heterogeneity_20atts_1600_het_0_4_0_2_50_edm_2_001,gaindistill,budget_100,200.0,0.2401100733334412,0.5109739583333334
gametes_heterogeneity_20atts_1600_het_0_4_0_2_50_edm_2_001,gaindistill,budget_25,50.0,0.22682211333321903,0.4968489583333333
gametes_heterogeneity_20atts_1600_het_0_4_0_2_50_edm_2_001,gaindistill,budget_50,100.0,0.3276110533331424,0.49006770833333335
gametes_heterogeneity_20atts_1600_het_0_4_0_2_50_edm_2_001,gaindistill_hybrid,budget_10,20.0,0.2300246066666053,0.536296875
gametes_heterogeneity_20atts_1600_het_0_4_0_2_50_edm_2_001,gaindistill_hybrid,budget_100,200.0,0.5927142333331479,0.6555963541666667
gametes_heterogeneity_20atts_1600_het_0_4_0_2_50_edm_2_001,gaindistill_hybrid,budget_25,50.0,0.3123401666665207,0.5363072916666667
gametes_heterogeneity_20atts_1600_het_0_4_0_2_50_edm_2_001,gaindistill_hybrid,budget_50,100.0,0.36039992666665055,0.5825846354166667
gametes_heterogeneity_20atts_1600_het_0_4_0_2_50_edm_2_001,gaindistill_path_hybrid,budget_10,20.0,0.21090032000004916,0.526
gametes_heterogeneity_20atts_1600_het_0_4_0_2_50_edm_2_001,gaindistill_path_hybrid,budget_100,200.0,0.5762061600000986,0.6437682291666668
gametes_heterogeneity_20atts_1600_het_0_4_0_2_50_edm_2_001,gaindistill_path_hybrid,budget_25,50.0,0.3212042066666375,0.5290104166666667
gametes_heterogeneity_20atts_1600_het_0_4_0_2_50_edm_2_001,gaindistill_path_hybrid,budget_50,100.0,0.4236629533330415,0.61773046875
gametes_heterogeneity_20atts_1600_het_0_4_0_2_50_edm_2_001,gradient_sampling,budget_10,20.0,0.2138704066667439,0.49818229166666667
gametes_heterogeneity_20atts_1600_het_0_4_0_2_50_edm_2_001,gradient_sampling,budget_100,200.0,0.4898003333334297,0.4481953125
gametes_heterogeneity_20atts_1600_het_0_4_0_2_50_edm_2_001,gradient_sampling,budget_25,50.0,0.21312334666660415,0.48824218750000004
gametes_heterogeneity_20atts_1600_het_0_4_0_2_50_edm_2_001,gradient_sampling,budget_50,100.0,0.395460006666508,0.46193098958333334
gametes_heterogeneity_20atts_1600_het_0_4_0_2_50_edm_2_001,herding,budget_10,20.0,0.20702549333345815,0.5244921875
gametes_heterogeneity_20atts_1600_het_0_4_0_2_50_edm_2_001,herding,budget_100,200.0,0.5310358999999759,0.6489609375
gametes_heterogeneity_20atts_1600_het_0_4_0_2_50_edm_2_001,herding,budget_25,50.0,0.20214370000176132,0.56480078125
gametes_heterogeneity_20atts_1600_het_0_4_0_2_50_edm_2_001,herding,budget_50,100.0,0.2655613399974148,0.59404296875
gametes_heterogeneity_20atts_1600_het_0_4_0_2_50_edm_2_001,k_center,budget_10,20.0,0.19735809999995885,0.5003893229166666
gametes_heterogeneity_20atts_1600_het_0_4_0_2_50_edm_2_001,k_center,budget_100,200.0,0.6369183666666383,0.6510963541666667
gametes_heterogeneity_20atts_1600_het_0_4_0_2_50_edm_2_001,k_center,budget_25,50.0,0.2665770599999329,0.49819140625
gametes_heterogeneity_20atts_1600_het_0_4_0_2_50_edm_2_001,k_center,budget_50,100.0,0.35349045999986023,0.5396640625
gametes_heterogeneity_20atts_1600_het_0_4_0_2_50_edm_2_001,random,budget_10,20.0,0.1951459666666172,0.5073268229166666
gametes_heterogeneity_20atts_1600_het_0_4_0_2_50_edm_2_001,random,budget_100,200.0,0.3111672666668407,0.6455924479166666
gametes_heterogeneity_20atts_1600_het_0_4_0_2_50_edm_2_001,random,budget_25,50.0,0.26976111333157554,0.5292903645833333
gametes_heterogeneity_20atts_1600_het_0_4_0_2_50_edm_2_001,random,budget_50,100.0,0.25779871333409876,0.5689791666666667
gametes_heterogeneity_20atts_1600_het_0_4_0_2_50_edm_2_001,tree_region,budget_10,20.0,0.25563400000003944,0.49818229166666667
gametes_heterogeneity_20atts_1600_het_0_4_0_2_50_edm_2_001,tree_region,budget_100,200.0,0.7361852999999124,0.4481953125
gametes_heterogeneity_20atts_1600_het_0_4_0_2_50_edm_2_001,tree_region,budget_25,50.0,0.2501105066667151,0.48824218750000004
gametes_heterogeneity_20atts_1600_het_0_4_0_2_50_edm_2_001,tree_region,budget_50,100.0,0.5798188199999762,0.46193098958333334
gametes_heterogeneity_20atts_1600_het_0_4_0_2_75_edm_2_001,distribution_matching,budget_10,20.0,0.18929012666673467,0.4997903645833333
gametes_heterogeneity_20atts_1600_het_0_4_0_2_75_edm_2_001,distribution_matching,budget_100,200.0,0.4908592533334134,0.4689791666666666
gametes_heterogeneity_20atts_1600_het_0_4_0_2_75_edm_2_001,distribution_matching,budget_25,50.0,0.23946063999998538,0.4965677083333333
gametes_heterogeneity_20atts_1600_het_0_4_0_2_75_edm_2_001,distribution_matching,budget_50,100.0,0.34025299333322134,0.4747760416666667
gametes_heterogeneity_20atts_1600_het_0_4_0_2_75_edm_2_001,full_data,budget_10,960.0,1.7273927999998704,0.6604296875
gametes_heterogeneity_20atts_1600_het_0_4_0_2_75_edm_2_001,full_data,budget_100,960.0,1.9422335800000534,0.6604296875
gametes_heterogeneity_20atts_1600_het_0_4_0_2_75_edm_2_001,full_data,budget_25,960.0,1.8406425266666702,0.6604296875
gametes_heterogeneity_20atts_1600_het_0_4_0_2_75_edm_2_001,full_data,budget_50,960.0,1.6960029666667955,0.6604296875
gametes_heterogeneity_20atts_1600_het_0_4_0_2_75_edm_2_001,gain_herding,budget_10,20.0,0.2621527533333089,0.5083919270833334
gametes_heterogeneity_20atts_1600_het_0_4_0_2_75_edm_2_001,gain_herding,budget_100,200.0,0.5874535533336408,0.6337734375
gametes_heterogeneity_20atts_1600_het_0_4_0_2_75_edm_2_001,gain_herding,budget_25,50.0,0.23027120666520204,0.5330104166666667
gametes_heterogeneity_20atts_1600_het_0_4_0_2_75_edm_2_001,gain_herding,budget_50,100.0,0.3170734666695353,0.5795091145833333
gametes_heterogeneity_20atts_1600_het_0_4_0_2_75_edm_2_001,gain_path_herding,budget_10,20.0,0.40525364666682434,0.5086770833333333
gametes_heterogeneity_20atts_1600_het_0_4_0_2_75_edm_2_001,gain_path_herding,budget_100,200.0,0.6827412266668641,0.6392161458333334
gametes_heterogeneity_20atts_1600_het_0_4_0_2_75_edm_2_001,gain_path_herding,budget_25,50.0,0.21976372666540556,0.5437916666666667
gametes_heterogeneity_20atts_1600_het_0_4_0_2_75_edm_2_001,gain_path_herding,budget_50,100.0,0.2660869066681092,0.5470195312499999
gametes_heterogeneity_20atts_1600_het_0_4_0_2_75_edm_2_001,gain_path_refined,budget_25,50.0,0.19520087999796185,0.5364010416666666
gametes_heterogeneity_20atts_1600_het_0_4_0_2_75_edm_2_001,gain_path_refined,budget_50,100.0,0.2509197866679945,0.5848138020833333
gametes_heterogeneity_20atts_1600_het_0_4_0_2_75_edm_2_001,gain_path_safeguarded,budget_25,50.0,0.2187351733339407,0.5364010416666666
gametes_heterogeneity_20atts_1600_het_0_4_0_2_75_edm_2_001,gain_path_safeguarded,budget_50,100.0,0.3343451599997934,0.5848138020833333
gametes_heterogeneity_20atts_1600_het_0_4_0_2_75_edm_2_001,gain_weighted_coreset,budget_10,20.0,0.23566879333326748,0.5263046875
gametes_heterogeneity_20atts_1600_het_0_4_0_2_75_edm_2_001,gain_weighted_coreset,budget_100,200.0,1.2054257533335961,0.6457760416666667
gametes_heterogeneity_20atts_1600_het_0_4_0_2_75_edm_2_001,gain_weighted_coreset,budget_25,50.0,0.3404278799998186,0.521734375
gametes_heterogeneity_20atts_1600_het_0_4_0_2_75_edm_2_001,gain_weighted_coreset,budget_50,100.0,0.4870426866667306,0.5907825520833333
gametes_heterogeneity_20atts_1600_het_0_4_0_2_75_edm_2_001,gaindistill,budget_10,20.0,0.20137147333322597,0.5008502604166666
gametes_heterogeneity_20atts_1600_het_0_4_0_2_75_edm_2_001,gaindistill,budget_100,200.0,0.2396134399999331,0.4927526041666666
gametes_heterogeneity_20atts_1600_het_0_4_0_2_75_edm_2_001,gaindistill,budget_25,50.0,0.26255452666658435,0.5168294270833333
gametes_heterogeneity_20atts_1600_het_0_4_0_2_75_edm_2_001,gaindistill,budget_50,100.0,0.3186361199999131,0.49068359375
gametes_heterogeneity_20atts_1600_het_0_4_0_2_75_edm_2_001,gaindistill_hybrid,budget_10,20.0,0.23297030666666008,0.5263046875
gametes_heterogeneity_20atts_1600_het_0_4_0_2_75_edm_2_001,gaindistill_hybrid,budget_100,200.0,0.5059554000001906,0.6457760416666667
gametes_heterogeneity_20atts_1600_het_0_4_0_2_75_edm_2_001,gaindistill_hybrid,budget_25,50.0,0.23041886666699915,0.521734375
gametes_heterogeneity_20atts_1600_het_0_4_0_2_75_edm_2_001,gaindistill_hybrid,budget_50,100.0,0.39793568666670276,0.5907825520833333
gametes_heterogeneity_20atts_1600_het_0_4_0_2_75_edm_2_001,gaindistill_path_hybrid,budget_10,20.0,0.21648832666639162,0.5150078125
gametes_heterogeneity_20atts_1600_het_0_4_0_2_75_edm_2_001,gaindistill_path_hybrid,budget_100,200.0,0.6750247866671998,0.61559375
gametes_heterogeneity_20atts_1600_het_0_4_0_2_75_edm_2_001,gaindistill_path_hybrid,budget_25,50.0,0.4675545333332896,0.5333424479166666
gametes_heterogeneity_20atts_1600_het_0_4_0_2_75_edm_2_001,gaindistill_path_hybrid,budget_50,100.0,0.32831935333318446,0.5627265625
gametes_heterogeneity_20atts_1600_het_0_4_0_2_75_edm_2_001,gradient_sampling,budget_10,20.0,0.2380576600002314,0.51720703125
gametes_heterogeneity_20atts_1600_het_0_4_0_2_75_edm_2_001,gradient_sampling,budget_100,200.0,0.4489020933332237,0.4885807291666666
gametes_heterogeneity_20atts_1600_het_0_4_0_2_75_edm_2_001,gradient_sampling,budget_25,50.0,0.26529862666678433,0.5176588541666667
gametes_heterogeneity_20atts_1600_het_0_4_0_2_75_edm_2_001,gradient_sampling,budget_50,100.0,0.2973316133333356,0.5061640625
gametes_heterogeneity_20atts_1600_het_0_4_0_2_75_edm_2_001,herding,budget_10,20.0,0.27370449999998525,0.4975859375
gametes_heterogeneity_20atts_1600_het_0_4_0_2_75_edm_2_001,herding,budget_100,200.0,0.6425067933333897,0.61490625
gametes_heterogeneity_20atts_1600_het_0_4_0_2_75_edm_2_001,herding,budget_25,50.0,0.21686677999872092,0.5623828124999999
gametes_heterogeneity_20atts_1600_het_0_4_0_2_75_edm_2_001,herding,budget_50,100.0,0.410726293331633,0.58505859375
gametes_heterogeneity_20atts_1600_het_0_4_0_2_75_edm_2_001,k_center,budget_10,20.0,0.24616107999991071,0.4963723958333333
gametes_heterogeneity_20atts_1600_het_0_4_0_2_75_edm_2_001,k_center,budget_100,200.0,0.44598510666661845,0.6102096354166666
gametes_heterogeneity_20atts_1600_het_0_4_0_2_75_edm_2_001,k_center,budget_25,50.0,0.24194983999999142,0.5141041666666666
gametes_heterogeneity_20atts_1600_het_0_4_0_2_75_edm_2_001,k_center,budget_50,100.0,0.3562428466665248,0.5725221354166667
gametes_heterogeneity_20atts_1600_het_0_4_0_2_75_edm_2_001,random,budget_10,20.0,0.23854318666672042,0.49050260416666663
gametes_heterogeneity_20atts_1600_het_0_4_0_2_75_edm_2_001,random,budget_100,200.0,0.52707867333332,0.63272265625
gametes_heterogeneity_20atts_1600_het_0_4_0_2_75_edm_2_001,random,budget_25,50.0,0.24061389333219269,0.50155078125
gametes_heterogeneity_20atts_1600_het_0_4_0_2_75_edm_2_001,random,budget_50,100.0,0.2602232733295144,0.5724661458333333
gametes_heterogeneity_20atts_1600_het_0_4_0_2_75_edm_2_001,tree_region,budget_10,20.0,0.17883915333338032,0.51720703125
gametes_heterogeneity_20atts_1600_het_0_4_0_2_75_edm_2_001,tree_region,budget_100,200.0,0.4509401599999061,0.4885807291666666
gametes_heterogeneity_20atts_1600_het_0_4_0_2_75_edm_2_001,tree_region,budget_25,50.0,0.2714806933333724,0.5176588541666667
gametes_heterogeneity_20atts_1600_het_0_4_0_2_75_edm_2_001,tree_region,budget_50,100.0,0.3179437600001014,0.5061640625
hill_valley_with_noise,distribution_matching,budget_10,20.0,0.1985143466668281,0.5085015580544642
hill_valley_with_noise,distribution_matching,budget_100,200.0,0.33346144666660016,0.5272049857742853
hill_valley_with_noise,distribution_matching,budget_25,50.0,0.19410694000010456,0.5269227295307772
hill_valley_with_noise,distribution_matching,budget_50,100.0,0.2798911933333026,0.5230298514203134
hill_valley_with_noise,full_data,budget_10,726.0,1.7428033400000762,0.5885178160140901
hill_valley_with_noise,full_data,budget_100,726.0,1.7185280933333464,0.5885178160140901
hill_valley_with_noise,full_data,budget_25,726.0,1.9149375066666834,0.5885178160140901
hill_valley_with_noise,full_data,budget_50,726.0,1.8942852466666713,0.5885178160140901
hill_valley_with_noise,gain_herding,budget_10,20.0,0.2139473733330912,0.49904032877207244
hill_valley_with_noise,gain_herding,budget_100,200.0,0.7119529533330933,0.5297769046651312
hill_valley_with_noise,gain_herding,budget_25,50.0,0.18542036666379622,0.5268956329314005
hill_valley_with_noise,gain_herding,budget_50,100.0,0.2820057333340325,0.5146547441629409
hill_valley_with_noise,gain_path_herding,budget_10,20.0,0.24836576000016067,0.4978345300998058
hill_valley_with_noise,gain_path_herding,budget_100,200.0,0.8128190800004328,0.5242017793433591
hill_valley_with_noise,gain_path_herding,budget_25,50.0,0.23117818000221935,0.5083118818588267
hill_valley_with_noise,gain_path_herding,budget_50,100.0,0.2898133466670212,0.5150160321546313
hill_valley_with_noise,gain_path_refined,budget_25,50.0,0.20202812666636116,0.514377004019329
hill_valley_with_noise,gain_path_refined,budget_50,100.0,0.2577983066662758,0.5265320868897619
hill_valley_with_noise,gain_path_safeguarded,budget_25,50.0,0.20136160000110975,0.5083118818588267
hill_valley_with_noise,gain_path_safeguarded,budget_50,100.0,0.25740195333395,0.5150160321546313
hill_valley_with_noise,gain_weighted_coreset,budget_10,20.0,0.23116746666625357,0.49756130605608995
hill_valley_with_noise,gain_weighted_coreset,budget_100,200.0,0.6486315199999808,0.5415503770943413
hill_valley_with_noise,gain_weighted_coreset,budget_25,50.0,0.34115923999997905,0.5277401436119767
hill_valley_with_noise,gain_weighted_coreset,budget_50,100.0,0.40027569333287827,0.5395113579912388
hill_valley_with_noise,gaindistill,budget_10,20.0,0.17639054666645582,0.5052657724788873
hill_valley_with_noise,gaindistill,budget_100,200.0,0.2763680266666294,0.4770672447274534
hill_valley_with_noise,gaindistill,budget_25,50.0,0.25210342000003344,0.5156166734408165
hill_valley_with_noise,gaindistill,budget_50,100.0,0.29514455333337536,0.5006209637357178
hill_valley_with_noise,gaindistill_hybrid,budget_10,20.0,0.2845223999999386,0.49756130605608995
hill_valley_with_noise,gaindistill_hybrid,budget_100,200.0,0.7561876666664223,0.5415503770943413
hill_valley_with_noise,gaindistill_hybrid,budget_25,50.0,0.2899308066665981,0.5277401436119767
hill_valley_with_noise,gaindistill_hybrid,budget_50,100.0,0.4924237733335758,0.5395113579912388
hill_valley_with_noise,gaindistill_path_hybrid,budget_10,20.0,0.21807943333308988,0.4948990651673215
hill_valley_with_noise,gaindistill_path_hybrid,budget_100,200.0,0.8393650266665645,0.5331413990877478
hill_valley_with_noise,gaindistill_path_hybrid,budget_25,50.0,0.2834413066666457,0.5145553899652261
hill_valley_with_noise,gaindistill_path_hybrid,budget_50,100.0,0.44913389333341913,0.5365804091586506
hill_valley_with_noise,gradient_sampling,budget_10,20.0,0.17896099333332435,0.4712008309623809
hill_valley_with_noise,gradient_sampling,budget_100,200.0,0.42399703333339855,0.5075531770762769
hill_valley_with_noise,gradient_sampling,budget_25,50.0,0.19847565333323777,0.4525199837420404
hill_valley_with_noise,gradient_sampling,budget_50,100.0,0.35570827333340277,0.47825723705008355
hill_valley_with_noise,herding,budget_10,20.0,0.21361946000009388,0.5016732150115161
hill_valley_with_noise,herding,budget_100,200.0,0.45357821999999337,0.5133247527435307
hill_valley_with_noise,herding,budget_25,50.0,0.2542706466667975,0.513785394932936
hill_valley_with_noise,herding,budget_50,100.0,0.2843168133336197,0.5363839588131689
hill_valley_with_noise,k_center,budget_10,20.0,0.17781767999986187,0.473607912207018
hill_valley_with_noise,k_center,budget_100,200.0,0.6069050733332308,0.5125186289120716
hill_valley_with_noise,k_center,budget_25,50.0,0.2493854599999395,0.48460009935419773
hill_valley_with_noise,k_center,budget_50,100.0,0.2955569200001264,0.502472564693131
hill_valley_with_noise,random,budget_10,20.0,0.18559055333341046,0.5054035135257192
hill_valley_with_noise,random,budget_100,200.0,0.5440531600001123,0.5404168360204128
hill_valley_with_noise,random,budget_25,50.0,0.24058019333557848,0.5048322268888588
hill_valley_with_noise,random,budget_50,100.0,0.25593540000069576,0.5198979361423475
hill_valley_with_noise,tree_region,budget_10,20.0,0.17909755333330396,0.4712008309623809
hill_valley_with_noise,tree_region,budget_100,200.0,0.38943464000003586,0.5075531770762769
hill_valley_with_noise,tree_region,budget_25,50.0,0.19160225333337924,0.4525199837420404
hill_valley_with_noise,tree_region,budget_50,100.0,0.256636833333323,0.47825723705008355
hill_valley_without_noise,distribution_matching,budget_10,20.0,0.22694237333338,0.5050045167118338
hill_valley_without_noise,distribution_matching,budget_100,200.0,0.4814217466668803,0.5034349593495935
hill_valley_without_noise,distribution_matching,budget_25,50.0,0.2459682933333776,0.4862872628726287
hill_valley_without_noise,distribution_matching,budget_50,100.0,0.31166604666650527,0.49780713640469737
hill_valley_without_noise,full_data,budget_10,726.0,1.7077248466666182,0.5915650406504066
hill_valley_without_noise,full_data,budget_100,726.0,1.4777126400000877,0.5915650406504066
hill_valley_without_noise,full_data,budget_25,726.0,1.781780459999997,0.5915650406504066
hill_valley_without_noise,full_data,budget_50,726.0,1.6358212999999524,0.5915650406504066
hill_valley_without_noise,gain_herding,budget_10,20.0,0.2319473533333318,0.4964656729900632
hill_valley_without_noise,gain_herding,budget_100,200.0,0.7458313733335672,0.5296544715447155
hill_valley_without_noise,gain_herding,budget_25,50.0,0.15815933999838308,0.485693315266486
hill_valley_without_noise,gain_herding,budget_50,100.0,0.25347184666995115,0.5116034327009937
hill_valley_without_noise,gain_path_herding,budget_10,20.0,0.27098237999986546,0.49312104787714545
hill_valley_without_noise,gain_path_herding,budget_100,200.0,0.9293013066660933,0.5159056007226739
hill_valley_without_noise,gain_path_herding,budget_25,50.0,0.19513233999993343,0.4940040650406504
hill_valley_without_noise,gain_path_herding,budget_50,100.0,0.31048992000190384,0.49137308039747063
hill_valley_without_noise,gain_path_refined,budget_25,50.0,0.18241444000062376,0.4850451671183379
hill_valley_without_noise,gain_path_refined,budget_50,100.0,0.21615571333483483,0.47771680216802165
hill_valley_without_noise,gain_path_safeguarded,budget_25,50.0,0.1649451199977193,0.4940040650406504
hill_valley_without_noise,gain_path_safeguarded,budget_50,100.0,0.22790729333161533,0.49137308039747063
hill_valley_without_noise,gain_weighted_coreset,budget_10,20.0,0.21431245333381715,0.501682475158085
hill_valley_without_noise,gain_weighted_coreset,budget_100,200.0,0.7944222933335064,0.5245844625112918
hill_valley_without_noise,gain_weighted_coreset,budget_25,50.0,0.32741312666694283,0.48876919602529356
hill_valley_without_noise,gain_weighted_coreset,budget_50,100.0,0.5427654599998883,0.5129155374887082
hill_valley_without_noise,gaindistill,budget_10,20.0,0.21231885999986844,0.5104042457091238
hill_valley_without_noise,gaindistill,budget_100,200.0,0.285060679999818,0.4818157181571816
hill_valley_without_noise,gaindistill,budget_25,50.0,0.21138385999996293,0.4988911472448058
hill_valley_without_noise,gaindistill,budget_50,100.0,0.22347425333324888,0.48756323396567297
hill_valley_without_noise,gaindistill_hybrid,budget_10,20.0,0.2156568999997641,0.501682475158085
hill_valley_without_noise,gaindistill_hybrid,budget_100,200.0,0.8282148533330959,0.5245844625112918
hill_valley_without_noise,gaindistill_hybrid,budget_25,50.0,0.32023603333315503,0.48876919602529356
hill_valley_without_noise,gaindistill_hybrid,budget_50,100.0,0.3947139266667364,0.5129155374887082
hill_valley_without_noise,gaindistill_path_hybrid,budget_10,20.0,0.38666728666673106,0.48106368563685636
hill_valley_without_noise,gaindistill_path_hybrid,budget_100,200.0,0.9792476466665296,0.4943247515808491
hill_valley_without_noise,gaindistill_path_hybrid,budget_25,50.0,0.4209316533332943,0.5095686540198735
hill_valley_without_noise,gaindistill_path_hybrid,budget_50,100.0,0.5842275266668973,0.4835727190605239
hill_valley_without_noise,gradient_sampling,budget_10,20.0,0.18678730666664098,0.5135252935862692
hill_valley_without_noise,gradient_sampling,budget_100,200.0,0.5480604800000947,0.5000158084914182
hill_valley_without_noise,gradient_sampling,budget_25,50.0,0.1887010066665122,0.5092592592592593
hill_valley_without_noise,gradient_sampling,budget_50,100.0,0.33599139333333977,0.5040040650406504
hill_valley_without_noise,herding,budget_10,20.0,0.21855612666659,0.4950813008130081
hill_valley_without_noise,herding,budget_100,200.0,0.6619231999999707,0.6282384823848238
hill_valley_without_noise,herding,budget_25,50.0,0.19117592666686203,0.5013753387533876
hill_valley_without_noise,herding,budget_50,100.0,0.23049831333143325,0.5472560975609756
hill_valley_without_noise,k_center,budget_10,20.0,0.19974299999988337,0.49190605239385726
hill_valley_without_noise,k_center,budget_100,200.0,0.45898816666679826,0.5261991869918698
hill_valley_without_noise,k_center,budget_25,50.0,0.26618861333330035,0.503276874435411
hill_valley_without_noise,k_center,budget_50,100.0,0.3529650000001008,0.5054878048780488
hill_valley_without_noise,random,budget_10,20.0,0.19530096666664273,0.5044918699186992
hill_valley_without_noise,random,budget_100,200.0,0.5122528333333928,0.5651761517615177
hill_valley_without_noise,random,budget_25,50.0,0.2079919133335352,0.5071273712737127
hill_valley_without_noise,random,budget_50,100.0,0.24920118666583826,0.529602529358627
hill_valley_without_noise,tree_region,budget_10,20.0,0.16321205333327574,0.5135252935862692
hill_valley_without_noise,tree_region,budget_100,200.0,0.46412824666652647,0.5000158084914182
hill_valley_without_noise,tree_region,budget_25,50.0,0.19855389999999412,0.5092592592592593
hill_valley_without_noise,tree_region,budget_50,100.0,0.33752426000003954,0.5040040650406504
kr_vs_kp,distribution_matching,budget_10,20.0,0.3273938733332519,0.5994416395966237
kr_vs_kp,distribution_matching,budget_100,200.0,0.45138172000000243,0.8121058536521727
kr_vs_kp,distribution_matching,budget_25,50.0,0.21985614666670397,0.6194287894798638
kr_vs_kp,distribution_matching,budget_50,100.0,0.42348778666673753,0.7683329419592189
kr_vs_kp,full_data,budget_10,1917.0,1.5334160666667231,0.9992045321122461
kr_vs_kp,full_data,budget_100,1917.0,1.565387886666637,0.9992045321122461
kr_vs_kp,full_data,budget_25,1917.0,1.7813426133331935,0.9992045321122461
kr_vs_kp,full_data,budget_50,1917.0,1.8361419266667023,0.9992045321122461
kr_vs_kp,gain_herding,budget_10,20.0,0.22032685333336607,0.7130966824520893
kr_vs_kp,gain_herding,budget_100,200.0,0.5120294266666557,0.992709678681852
kr_vs_kp,gain_herding,budget_25,50.0,0.16500286666851025,0.833260276831957
kr_vs_kp,gain_herding,budget_50,100.0,0.31243747999930443,0.9444004148565615
kr_vs_kp,gain_path_herding,budget_10,20.0,0.2921808533334115,0.7263479576794124
kr_vs_kp,gain_path_herding,budget_100,200.0,0.5990159333334304,0.9926121612983184
kr_vs_kp,gain_path_herding,budget_25,50.0,0.26571817333363773,0.8784868172152428
kr_vs_kp,gain_path_herding,budget_50,100.0,0.29094380666695846,0.9483320939819707
kr_vs_kp,gain_path_refined,budget_25,50.0,0.18748378666641657,0.8769718732469701
kr_vs_kp,gain_path_refined,budget_50,100.0,0.23840047333311912,0.948181414947882
kr_vs_kp,gain_path_safeguarded,budget_25,50.0,0.19160277999956937,0.8784868172152428
kr_vs_kp,gain_path_safeguarded,budget_50,100.0,0.2351253733349343,0.948181414947882
kr_vs_kp,gain_weighted_coreset,budget_10,20.0,0.26997424666684916,0.7408875060336843
kr_vs_kp,gain_weighted_coreset,budget_100,200.0,0.5877308333335046,0.9905766897577395
kr_vs_kp,gain_weighted_coreset,budget_25,50.0,0.31583674666665806,0.8105491631116851
kr_vs_kp,gain_weighted_coreset,budget_50,100.0,0.4708398266669974,0.9367682934784027
kr_vs_kp,gaindistill,budget_10,20.0,0.18865350000014586,0.5122454437530168
kr_vs_kp,gaindistill,budget_100,200.0,0.2591469933332822,0.5078294391608938
kr_vs_kp,gaindistill,budget_25,50.0,0.20301974666672323,0.4634286981592371
kr_vs_kp,gaindistill,budget_50,100.0,0.2515525599999819,0.5084487886971156
kr_vs_kp,gaindistill_hybrid,budget_10,20.0,0.21226552666679102,0.7408875060336843
kr_vs_kp,gaindistill_hybrid,budget_100,200.0,0.5110457933332024,0.9905766897577395
kr_vs_kp,gaindistill_hybrid,budget_25,50.0,0.25955768000021634,0.8105491631116851
kr_vs_kp,gaindistill_hybrid,budget_50,100.0,0.3426221199999418,0.9367682934784027
kr_vs_kp,gaindistill_path_hybrid,budget_10,20.0,0.2582415733333619,0.7561895816210716
kr_vs_kp,gaindistill_path_hybrid,budget_100,200.0,0.5136673066666845,0.9913920524963146
kr_vs_kp,gaindistill_path_hybrid,budget_25,50.0,0.24881595333317819,0.8562182823894695
kr_vs_kp,gaindistill_path_hybrid,budget_50,100.0,0.43022858666627145,0.9340674859431464
kr_vs_kp,gradient_sampling,budget_10,20.0,0.20133400666666906,0.44194845602911825
kr_vs_kp,gradient_sampling,budget_100,200.0,0.5406267800000326,0.5839813836379528
kr_vs_kp,gradient_sampling,budget_25,50.0,0.21890746666667837,0.37064596297600877
kr_vs_kp,gradient_sampling,budget_50,100.0,0.28756873333337957,0.3543964358863971
kr_vs_kp,herding,budget_10,20.0,0.22328806666664605,0.727592853508669
kr_vs_kp,herding,budget_100,200.0,0.4509908466666578,0.9881442996360221
kr_vs_kp,herding,budget_25,50.0,0.18700980666229347,0.8148888497514775
kr_vs_kp,herding,budget_50,100.0,0.34214138000097594,0.9404798246643967
kr_vs_kp,k_center,budget_10,20.0,0.20361086666671327,0.6440168682243356
kr_vs_kp,k_center,budget_100,200.0,0.45340965333331645,0.9928531825238412
kr_vs_kp,k_center,budget_25,50.0,0.2675051066667947,0.8206580303445397
kr_vs_kp,k_center,budget_50,100.0,0.43308719333338863,0.9714355602520449
kr_vs_kp,random,budget_10,20.0,0.27287590666668016,0.6496298253166869
kr_vs_kp,random,budget_100,200.0,0.43876755999996625,0.9866711022399646
kr_vs_kp,random,budget_25,50.0,0.37848894666628136,0.7694933662087589
kr_vs_kp,random,budget_50,100.0,0.24573742000114482,0.9232349027435325
kr_vs_kp,tree_region,budget_10,20.0,0.1992743800000729,0.44194845602911825
kr_vs_kp,tree_region,budget_100,200.0,1.3338922866667418,0.5839813836379528
kr_vs_kp,tree_region,budget_25,50.0,0.351291259999986,0.37064596297600877
kr_vs_kp,tree_region,budget_50,100.0,0.4724727866666096,0.3543964358863971
pc1,distribution_matching,budget_10,20.0,0.20242708666658776,0.5900912506709608
pc1,distribution_matching,budget_100,146.0,0.3129383000000113,0.6638110574342458
pc1,distribution_matching,budget_25,50.0,0.17967075333344837,0.6851637144390768
pc1,distribution_matching,budget_50,96.0,0.219262159999865,0.7000322061191626
pc1,full_data,budget_10,665.0,0.7904925133333867,0.7956199677938808
pc1,full_data,budget_100,665.0,0.7436196800001198,0.7956199677938808
pc1,full_data,budget_25,665.0,0.675520073333367,0.7956199677938808
pc1,full_data,budget_50,665.0,0.8077620533334994,0.7956199677938808
pc1,gain_herding,budget_10,20.0,0.1602946533334034,0.6136983360171766
pc1,gain_herding,budget_100,146.0,0.26450682666666886,0.8179495437466452
pc1,gain_herding,budget_25,50.0,0.17141710666473955,0.7561137949543747
pc1,gain_herding,budget_50,96.0,0.2486232000005354,0.7804508856682769
pc1,gain_path_diverse,budget_25,50.0,0.2141226599997026,0.7419001610305959
pc1,gain_path_diverse,budget_50,96.0,0.3009545600012643,0.7418679549114332
pc1,gain_path_dual,budget_25,50.0,0.2323225200001616,0.7612560386473429
pc1,gain_path_dual,budget_50,96.0,0.2545977600006154,0.7767471819645733
pc1,gain_path_herding,budget_10,20.0,0.17935511333271278,0.5905421363392378
pc1,gain_path_herding,budget_100,146.0,0.38425966666691236,0.8026731078904992
pc1,gain_path_herding,budget_25,50.0,0.22267277333206342,0.7314761137949544
pc1,gain_path_herding,budget_50,96.0,0.25563739333398794,0.8132903918411165
pc1,gain_path_prior_weighted,budget_25,50.0,0.19025665999967412,0.7163607085346215
pc1,gain_path_prior_weighted,budget_50,96.0,0.27439757333316567,0.7756092324208266
pc1,gain_path_refined,budget_25,50.0,0.19315985999904417,0.7398926462694579
pc1,gain_path_refined,budget_50,96.0,0.2529362333356403,0.8102093397745572
pc1,gain_path_refined_weighted,budget_50,96.0,0.11839576000056695,0.7786151368760065
pc1,gain_path_safeguarded,budget_25,50.0,0.18573023333447053,0.7398926462694579
pc1,gain_path_safeguarded,budget_50,96.0,0.19455745999972957,0.8102093397745572
pc1,gain_weighted_coreset,budget_10,20.0,0.19376606000017393,0.6093612453032743
pc1,gain_weighted_coreset,budget_100,146.0,0.38845992000024127,0.7909178743961353
pc1,gain_weighted_coreset,budget_25,50.0,0.258006873333458,0.7202576489533011
pc1,gain_weighted_coreset,budget_50,96.0,0.29448676666700824,0.764680622651637
pc1,gaindistill,budget_10,20.0,0.17103907333348617,0.5229200214707461
pc1,gaindistill,budget_100,146.0,0.2709058333333208,0.5410628019323672
pc1,gaindistill,budget_25,50.0,0.23799637333328671,0.5236070853462158
pc1,gaindistill,budget_50,96.0,0.2822525599998092,0.5293827160493827
pc1,gaindistill_anchor,budget_25,50.0,0.13929598666727544,0.7269028448738594
pc1,gaindistill_anchor,budget_50,96.0,0.10196332666649445,0.7906816961889426
pc1,gaindistill_full,budget_25,50.0,0.22995966000004653,0.7086527106816961
pc1,gaindistill_full,budget_50,96.0,0.15706385333311726,0.7564465915190552
pc1,gaindistill_hybrid,budget_10,20.0,0.25084222666664574,0.6093612453032743
pc1,gaindistill_hybrid,budget_100,146.0,0.4399798066665729,0.7909178743961353
pc1,gaindistill_hybrid,budget_25,50.0,0.2659968333332169,0.7202576489533011
pc1,gaindistill_hybrid,budget_50,96.0,0.3178570600003392,0.764680622651637
pc1,gaindistill_path_hybrid,budget_10,20.0,0.1682179666662705,0.606688137412775
pc1,gaindistill_path_hybrid,budget_100,146.0,0.525574733333633,0.7780783682232958
pc1,gaindistill_path_hybrid,budget_25,50.0,0.22789249333339587,0.7219967793880837
pc1,gaindistill_path_hybrid,budget_50,96.0,0.43747777333398213,0.7887063875469672
pc1,gradient_sampling,budget_10,20.0,0.18266943333328528,0.435931293612453
pc1,gradient_sampling,budget_100,200.0,0.5576519200001105,0.48612989801395595
pc1,gradient_sampling,budget_25,50.0,0.2199088666666891,0.3841116478797638
pc1,gradient_sampling,budget_50,100.0,0.3091898000000583,0.3955984970477724
pc1,herding,budget_10,20.0,0.19608745999976235,0.5847987117552336
pc1,herding,budget_100,146.0,0.7105077866671612,0.7629307568438004
pc1,herding,budget_25,50.0,0.20776458666562878,0.6923349436392915
pc1,herding,budget_50,96.0,0.24504851333331318,0.698035426731079
pc1,k_center,budget_10,20.0,0.389333313333312,0.5792807300053676
pc1,k_center,budget_100,146.0,1.527167579999938,0.6556951154052604
pc1,k_center,budget_25,50.0,0.7500744466666219,0.5698872785829308
pc1,k_center,budget_50,96.0,1.3646911733333278,0.5293075684380032
pc1,math_tuned,budget_50,96.0,0.4811413399998855,0.7579710144927536
pc1,math_tuned_more_probes,budget_50,96.0,0.5318246400005592,0.7800644122383252
pc1,math_tuned_no_anchor,budget_50,96.0,0.1574776600005862,0.8023832528180355
pc1,math_tuned_no_hist,budget_50,96.0,0.11292384000043967,0.7668599033816426
pc1,random,budget_10,20.0,0.3155730199993438,0.5920450885668277
pc1,random,budget_100,146.0,0.7050591466658565,0.8132367149758454
pc1,random,budget_25,50.0,0.18299102666787803,0.7118411164787977
pc1,random,budget_50,96.0,0.1892685333325062,0.7815351583467526
pc1,refined_no_conf,budget_25,50.0,0.16214789333333404,0.7398926462694579
pc1,refined_no_conf,budget_50,96.0,0.22778493999999985,0.8062587224906065
pc1,refined_no_gain_weight,budget_25,50.0,0.15671950666666892,0.7398926462694579
pc1,refined_no_gain_weight,budget_50,96.0,0.21465082666668042,0.8102415458937198
pc1,refined_no_grad,budget_25,50.0,0.20413167999999285,0.7473215244229737
pc1,refined_no_grad,budget_50,96.0,0.19004856666665926,0.8076650563607085
pc1,refined_no_hess,budget_25,50.0,0.21802304666665198,0.7645410628019323
pc1,refined_no_hess,budget_50,96.0,0.2453690333333346,0.8083735909822867
pc1,refined_no_path,budget_25,50.0,0.26139577333333364,0.7557595276435856
pc1,refined_no_path,budget_50,96.0,0.4445970733333373,0.7899838969404187
pc1,refined_no_raw,budget_25,50.0,0.22461513333333868,0.7342995169082126
pc1,refined_no_raw,budget_50,96.0,0.27809576666666846,0.7905636070853462
pc1,refined_no_refine,budget_25,50.0,0.2299079266666619,0.7314868491680087
pc1,refined_no_refine,budget_50,96.0,0.16503757333334004,0.8132474503488997
pc1,refined_path_occupancy_only,budget_25,50.0,0.1731871799999908,0.7583467525496511
pc1,refined_path_occupancy_only,budget_50,96.0,0.3068940533333375,0.7977348362855609
pc1,tree_region,budget_10,20.0,0.27868320000015956,0.435931293612453
pc1,tree_region,budget_100,200.0,1.4234441800000543,0.48612989801395595
pc1,tree_region,budget_25,50.0,0.442914146666529,0.3841116478797638
pc1,tree_region,budget_50,100.0,0.5221807533332442,0.3955984970477724
pc3,distribution_matching,budget_10,20.0,0.19826629333304785,0.6457591933570581
pc3,distribution_matching,budget_100,196.0,0.3506873266667753,0.7821693357058126
pc3,distribution_matching,budget_25,50.0,0.19538300000015926,0.7607465895610913
pc3,distribution_matching,budget_50,100.0,0.26397138000011183,0.7844862099644128
pc3,full_data,budget_10,937.0,1.0830276866665978,0.7293260676156584
pc3,full_data,budget_100,937.0,0.8679938266667402,0.7293260676156584
pc3,full_data,budget_25,937.0,1.0475149333331502,0.7293260676156584
pc3,full_data,budget_50,937.0,1.0844740800000485,0.7293260676156584
pc3,gain_herding,budget_10,20.0,0.19607442666650363,0.643038256227758
pc3,gain_herding,budget_100,196.0,0.5534759333331749,0.7368735172004744
pc3,gain_herding,budget_25,50.0,0.14487942666649664,0.7767534104389087
pc3,gain_herding,budget_50,100.0,0.23157965333375613,0.7554270462633451
pc3,gain_path_herding,budget_10,20.0,0.23795255999963652,0.6593453440094899
pc3,gain_path_herding,budget_100,196.0,0.7241190599999148,0.7871367141162514
pc3,gain_path_herding,budget_25,50.0,0.20105281999955574,0.7083185053380782
pc3,gain_path_herding,budget_50,100.0,0.3198974200010222,0.7510972716488731
pc3,gain_path_refined,budget_25,50.0,0.20725934666503842,0.7266088374851719
pc3,gain_path_refined,budget_50,100.0,0.22323955333170792,0.7257858837485173
pc3,gain_path_safeguarded,budget_25,50.0,0.19805307333396438,0.7083185053380782
pc3,gain_path_safeguarded,budget_50,100.0,0.25180079333367755,0.7257858837485173
pc3,gain_weighted_coreset,budget_10,20.0,0.1924300666666871,0.6111321174377224
pc3,gain_weighted_coreset,budget_100,196.0,0.5082558199999767,0.7165739916963226
pc3,gain_weighted_coreset,budget_25,50.0,0.26841771333335296,0.7407436239620403
pc3,gain_weighted_coreset,budget_50,100.0,0.3025813533333955,0.7217860320284698
pc3,gaindistill,budget_10,20.0,0.1784189333334022,0.5612173784104388
pc3,gaindistill,budget_100,196.0,0.32730991333343507,0.5767867734282325
pc3,gaindistill,budget_25,50.0,0.19910397999998775,0.5458926453143534
pc3,gaindistill,budget_50,100.0,0.24706977333347216,0.5329144424673784
pc3,gaindistill_hybrid,budget_10,20.0,0.22035535333355558,0.6111321174377224
pc3,gaindistill_hybrid,budget_100,196.0,0.49956325333356894,0.7165739916963226
pc3,gaindistill_hybrid,budget_25,50.0,0.1984106466667678,0.7407436239620403
pc3,gaindistill_hybrid,budget_50,100.0,0.305751600000076,0.7217860320284698
pc3,gaindistill_path_hybrid,budget_10,20.0,0.20058167999983803,0.6350051897983392
pc3,gaindistill_path_hybrid,budget_100,196.0,0.5995594399999391,0.7094009489916964
pc3,gaindistill_path_hybrid,budget_25,50.0,0.19388174000026387,0.727242734282325
pc3,gaindistill_path_hybrid,budget_50,100.0,0.4468314066667517,0.7378262158956109
pc3,gradient_sampling,budget_10,20.0,0.17261925333344455,0.35787366548042704
pc3,gradient_sampling,budget_100,200.0,0.37677769333331523,0.3070247627520759
pc3,gradient_sampling,budget_25,50.0,0.1939289399999931,0.22391755634638197
pc3,gradient_sampling,budget_50,100.0,0.25148653999992043,0.23438982799525504
pc3,herding,budget_10,20.0,0.18251120666664064,0.651701512455516
pc3,herding,budget_100,196.0,0.3771983466667128,0.7245217971530249
pc3,herding,budget_25,50.0,0.18497212666552515,0.799443950177936
pc3,herding,budget_50,100.0,0.2606503999995766,0.7767348754448399
pc3,k_center,budget_10,20.0,0.17150078000007246,0.5640384045077106
pc3,k_center,budget_100,196.0,0.45767573333329586,0.5769239323843416
pc3,k_center,budget_25,50.0,0.21603527333330325,0.6079774614472123
pc3,k_center,budget_50,100.0,0.2618586933333669,0.5594602609727165
pc3,random,budget_10,20.0,0.16263454666689844,0.6110172004744958
pc3,random,budget_100,196.0,0.3874635800000154,0.7378781138790036
pc3,random,budget_25,50.0,0.2181334733371235,0.747123368920522
pc3,random,budget_50,100.0,0.22699401999998373,0.7170707295373665
pc3,tree_region,budget_10,20.0,0.18786743999996058,0.35787366548042704
pc3,tree_region,budget_100,200.0,0.39864409333331424,0.3070247627520759
pc3,tree_region,budget_25,50.0,0.1727408466667839,0.22391755634638197
pc3,tree_region,budget_50,100.0,0.2641495133331773,0.23438982799525504
pc4,distribution_matching,budget_10,20.0,0.1478692599999704,0.6277994791666667
pc4,distribution_matching,budget_100,200.0,0.3580637666666007,0.7972041377314815
pc4,distribution_matching,budget_25,50.0,0.19294091333328348,0.7716399016203703
pc4,distribution_matching,budget_50,100.0,0.25351702666685016,0.7867259837962963
pc4,full_data,budget_10,874.0,0.9053364999998545,0.8919704861111112
pc4,full_data,budget_100,874.0,0.9581315133333798,0.8919704861111112
pc4,full_data,budget_25,874.0,0.8850661533332944,0.8919704861111112
pc4,full_data,budget_50,874.0,0.9512545800000225,0.8919704861111112
pc4,gain_herding,budget_10,20.0,0.1843883666667049,0.6500470196759259
pc4,gain_herding,budget_100,200.0,0.517589086666582,0.8660228587962963
pc4,gain_herding,budget_25,50.0,0.17168254666612484,0.8118670428240741
pc4,gain_herding,budget_50,100.0,0.22051792000129353,0.8413049768518519
pc4,gain_path_herding,budget_10,20.0,0.21696199333321906,0.6357855902777777
pc4,gain_path_herding,budget_100,200.0,0.5890937533333879,0.8481336805555556
pc4,gain_path_herding,budget_25,50.0,0.18572046000335832,0.797435619212963
pc4,gain_path_herding,budget_50,100.0,0.34199504000037756,0.8464011863425926
pc4,gain_path_refined,budget_25,50.0,0.206445033334118,0.7887803819444444
pc4,gain_path_refined,budget_50,100.0,0.2085638133343309,0.8486111111111111
pc4,gain_path_safeguarded,budget_25,50.0,0.15176558666862547,0.797435619212963
pc4,gain_path_safeguarded,budget_50,100.0,0.16854518666514196,0.8486111111111111
pc4,gain_weighted_coreset,budget_10,20.0,0.18557141999978435,0.6119357638888889
pc4,gain_weighted_coreset,budget_100,200.0,0.523347606666357,0.8091001157407407
pc4,gain_weighted_coreset,budget_25,50.0,0.20714119999975084,0.7931785300925926
pc4,gain_weighted_coreset,budget_50,100.0,0.2634097600000435,0.8473668981481483
pc4,gaindistill,budget_10,20.0,0.1991270000001047,0.5694697627314814
pc4,gaindistill,budget_100,200.0,0.2664888933335533,0.6207248263888889
pc4,gaindistill,budget_25,50.0,0.1732530333332761,0.530099826388889
pc4,gaindistill,budget_50,100.0,0.21319305333321,0.6397931134259259
pc4,gaindistill_hybrid,budget_10,20.0,0.19276525333334577,0.6119357638888889
pc4,gaindistill_hybrid,budget_100,200.0,0.4307847933330777,0.8091001157407407
pc4,gaindistill_hybrid,budget_25,50.0,0.26145084666689705,0.7931785300925926
pc4,gaindistill_hybrid,budget_50,100.0,0.2976792133334432,0.8473668981481483
pc4,gaindistill_path_hybrid,budget_10,20.0,0.23160641333306559,0.618236400462963
pc4,gaindistill_path_hybrid,budget_100,200.0,0.6021552266663396,0.8244176793981481
pc4,gaindistill_path_hybrid,budget_25,50.0,0.3417185399997834,0.7491644965277777
pc4,gaindistill_path_hybrid,budget_50,100.0,0.35961987333321305,0.7853515625
pc4,gradient_sampling,budget_10,20.0,0.1785132799999701,0.43432798032407405
pc4,gradient_sampling,budget_100,200.0,0.370551266666674,0.6285843460648147
pc4,gradient_sampling,budget_25,50.0,0.17136911333333651,0.3321578414351852
pc4,gradient_sampling,budget_50,100.0,0.23011052666667334,0.33000578703703703
pc4,herding,budget_10,20.0,0.16596691333331062,0.6398003472222222
pc4,herding,budget_100,200.0,0.35056886000002124,0.850802951388889
pc4,herding,budget_25,50.0,0.15635472666666222,0.7408854166666666
pc4,herding,budget_50,100.0,0.22492066666503283,0.8576497395833333
pc4,k_center,budget_10,20.0,0.15203064666675345,0.66494140625
pc4,k_center,budget_100,200.0,0.3772006799998053,0.8361906828703703
pc4,k_center,budget_25,50.0,0.17599101999991643,0.7813946759259259
pc4,k_center,budget_50,100.0,0.22934661333341258,0.8211950231481481
pc4,random,budget_10,20.0,0.1821413399997861,0.6377604166666667
pc4,random,budget_100,200.0,0.3650541200000589,0.8510923032407407
pc4,random,budget_25,50.0,0.16884968666515002,0.7763237847222223
pc4,random,budget_50,100.0,0.18169979999850813,0.8221354166666667
pc4,tree_region,budget_10,20.0,0.16574361999992107,0.43432798032407405
pc4,tree_region,budget_100,200.0,0.30472718666654447,0.6285843460648147
pc4,tree_region,budget_25,50.0,0.18515255333344005,0.3321578414351852
pc4,tree_region,budget_50,100.0,0.3088510800000222,0.33000578703703703
phoneme,distribution_matching,budget_10,20.0,0.35234404666680347,0.6622940305327542
phoneme,distribution_matching,budget_100,200.0,1.4492595333333762,0.8224079365341525
phoneme,distribution_matching,budget_25,50.0,0.4095228933335117,0.7779731723564614
phoneme,distribution_matching,budget_50,100.0,0.8920611333333606,0.8062929074382985
phoneme,full_data,budget_10,3242.0,7.097383553333505,0.9389556873172907
phoneme,full_data,budget_100,3242.0,5.818321926666431,0.9389556873172907
phoneme,full_data,budget_25,3242.0,7.2742072066666275,0.9389556873172907
phoneme,full_data,budget_50,3242.0,5.980037386666784,0.9389556873172907
phoneme,gain_herding,budget_10,20.0,0.25039469333363135,0.6869189775436163
phoneme,gain_herding,budget_100,200.0,0.7296018066668087,0.8882617360617923
phoneme,gain_herding,budget_25,50.0,0.2579888400020233,0.8393380349150248
phoneme,gain_herding,budget_50,100.0,0.4144862999994075,0.8703185128908121
phoneme,gain_path_herding,budget_10,20.0,0.3136527466670183,0.6845512577006293
phoneme,gain_path_herding,budget_100,200.0,0.731255286666783,0.8898994445086736
phoneme,gain_path_herding,budget_25,50.0,0.2841896733327303,0.8353009507765318
phoneme,gain_path_herding,budget_50,100.0,0.2996994866640307,0.8737450520532258
phoneme,gain_path_refined,budget_25,50.0,0.22772049999815255,0.8313070837531175
phoneme,gain_path_refined,budget_50,100.0,0.29009134000031433,0.8723074636233009
phoneme,gain_path_safeguarded,budget_25,50.0,0.2527854066671959,0.8313070837531175
phoneme,gain_path_safeguarded,budget_50,100.0,0.39891671333267975,0.8723074636233009
phoneme,gain_weighted_coreset,budget_10,20.0,0.32979707999984387,0.6917850320136973
phoneme,gain_weighted_coreset,budget_100,200.0,0.7900637133333173,0.8869247581768432
phoneme,gain_weighted_coreset,budget_25,50.0,0.46701329333324487,0.8329823663159749
phoneme,gain_weighted_coreset,budget_50,100.0,0.5684019933331002,0.8646511525481582
phoneme,gaindistill,budget_10,20.0,0.2958946333334097,0.40540750711568424
phoneme,gaindistill,budget_100,200.0,0.5221325066665788,0.5483801839892977
phoneme,gaindistill,budget_25,50.0,0.24818850000022696,0.6053963587516035
phoneme,gaindistill,budget_50,100.0,0.5460581800000607,0.6130150957107702
phoneme,gaindistill_hybrid,budget_10,20.0,0.2284468599998945,0.6917850320136973
phoneme,gaindistill_hybrid,budget_100,200.0,0.7608099866665725,0.8869247581768432
phoneme,gaindistill_hybrid,budget_25,50.0,0.3529658733331113,0.8329823663159749
phoneme,gaindistill_hybrid,budget_50,100.0,0.4346381933332547,0.8646511525481582
phoneme,gaindistill_path_hybrid,budget_10,20.0,0.24281505333298506,0.6826709002923349
phoneme,gaindistill_path_hybrid,budget_100,200.0,0.6264116066666854,0.8866010427161268
phoneme,gaindistill_path_hybrid,budget_25,50.0,0.3100631866667148,0.828663820392973
phoneme,gaindistill_path_hybrid,budget_50,100.0,0.6327748200002437,0.8741762597651411
phoneme,gradient_sampling,budget_10,20.0,0.2569673933332524,0.32717131594739074
phoneme,gradient_sampling,budget_100,200.0,1.1446060466665586,0.177640097775282
phoneme,gradient_sampling,budget_25,50.0,0.2843766599998465,0.20671103990839074
phoneme,gradient_sampling,budget_50,100.0,0.7223134400000466,0.18923577276055517
phoneme,herding,budget_10,20.0,0.33549298666651645,0.6828930417692042
phoneme,herding,budget_100,200.0,1.4955603933332895,0.807131649792723
phoneme,herding,budget_25,50.0,0.27553962666812976,0.7939418963780204
phoneme,herding,budget_50,100.0,0.299819239997305,0.813333443440633
phoneme,k_center,budget_10,20.0,0.2722016400000333,0.5794560424133318
phoneme,k_center,budget_100,200.0,1.5692709066666795,0.8170033197350819
phoneme,k_center,budget_25,50.0,0.4451649999999063,0.7131700717349057
phoneme,k_center,budget_50,100.0,0.6883792666665614,0.7828938675739507
phoneme,random,budget_10,20.0,0.303031606666688,0.6148560897594706
phoneme,random,budget_100,200.0,1.5117139333333398,0.8762049867595972
phoneme,random,budget_25,50.0,0.2707593266658174,0.8137188189891049
phoneme,random,budget_50,100.0,0.2998952066661635,0.849547046096421
phoneme,tree_region,budget_10,20.0,0.22945439333337467,0.32717131594739074
phoneme,tree_region,budget_100,200.0,1.5089492133333502,0.177640097775282
phoneme,tree_region,budget_25,50.0,0.3355988133331266,0.20671103990839074
phoneme,tree_region,budget_50,100.0,0.7985599133331561,0.18923577276055517
qsar_biodeg,distribution_matching,budget_10,20.0,0.3082533266668179,0.6861971830985916
qsar_biodeg,distribution_matching,budget_100,200.0,1.9441929066667096,0.8473239436619717
qsar_biodeg,distribution_matching,budget_25,50.0,0.3635740800000955,0.8140006706908115
qsar_biodeg,distribution_matching,budget_50,100.0,1.0619453999999071,0.8333970489604293
qsar_biodeg,full_data,budget_10,633.0,3.78714619333338,0.9163782696177062
qsar_biodeg,full_data,budget_100,633.0,3.2172149999999724,0.9163782696177062
qsar_biodeg,full_data,budget_25,633.0,3.1911162133332254,0.9163782696177062
qsar_biodeg,full_data,budget_50,633.0,3.2167046066665836,0.9163782696177062
qsar_biodeg,gain_herding,budget_10,20.0,0.6122096799999175,0.7064654594232059
qsar_biodeg,gain_herding,budget_100,200.0,0.7584434933334705,0.8984976525821596
qsar_biodeg,gain_herding,budget_25,50.0,0.24260879333402652,0.8564084507042254
qsar_biodeg,gain_herding,budget_50,100.0,0.3522888533344182,0.8758249496981892
qsar_biodeg,gain_path_herding,budget_10,20.0,0.29615582666629053,0.6951374916163648
qsar_biodeg,gain_path_herding,budget_100,200.0,0.6930364466667621,0.907300469483568
qsar_biodeg,gain_path_herding,budget_25,50.0,0.27090063333453146,0.842699530516432
qsar_biodeg,gain_path_herding,budget_50,100.0,0.35368221999766924,0.8753923541247485
qsar_biodeg,gain_path_refined,budget_25,50.0,0.26136694666735516,0.8507813547954393
qsar_biodeg,gain_path_refined,budget_50,100.0,0.3686307600020276,0.8755399061032864
qsar_biodeg,gain_path_safeguarded,budget_25,50.0,0.42444766000068435,0.842699530516432
qsar_biodeg,gain_path_safeguarded,budget_50,100.0,0.6221941133359602,0.8755399061032864
qsar_biodeg,gain_weighted_coreset,budget_10,20.0,0.2518594933331769,0.7096378269617706
qsar_biodeg,gain_weighted_coreset,budget_100,200.0,0.5621817066668882,0.8910529845741113
qsar_biodeg,gain_weighted_coreset,budget_25,50.0,0.34278508666672375,0.8542756539235412
qsar_biodeg,gain_weighted_coreset,budget_50,100.0,0.5029904333336163,0.8792924211938297
qsar_biodeg,gaindistill,budget_10,20.0,0.24687559333324316,0.4609154929577465
qsar_biodeg,gaindistill,budget_100,200.0,0.4656664066666053,0.39003353454057677
qsar_biodeg,gaindistill,budget_25,50.0,0.27824831333346084,0.5022669349429912
qsar_biodeg,gaindistill,budget_50,100.0,0.46388786000012866,0.45512407780013414
qsar_biodeg,gaindistill_hybrid,budget_10,20.0,0.2858791600003315,0.7096378269617706
qsar_biodeg,gaindistill_hybrid,budget_100,200.0,1.1386870799997268,0.8910529845741113
qsar_biodeg,gaindistill_hybrid,budget_25,50.0,0.3831497733333284,0.8542756539235412
qsar_biodeg,gaindistill_hybrid,budget_50,100.0,0.9254410200000469,0.8792924211938297
qsar_biodeg,gaindistill_path_hybrid,budget_10,20.0,0.28179979999986243,0.6948256203890006
qsar_biodeg,gaindistill_path_hybrid,budget_100,200.0,0.718088706666822,0.9030818242790074
qsar_biodeg,gaindistill_path_hybrid,budget_25,50.0,0.3232162466670464,0.8449128101945004
qsar_biodeg,gaindistill_path_hybrid,budget_50,100.0,0.548132766666337,0.872344064386318
qsar_biodeg,gradient_sampling,budget_10,20.0,0.2763772000000851,0.35856136820925555
qsar_biodeg,gradient_sampling,budget_100,200.0,1.0447762799999205,0.6883836351441985
qsar_biodeg,gradient_sampling,budget_25,50.0,0.42027856666663865,0.20175385647216632
qsar_biodeg,gradient_sampling,budget_50,100.0,0.7378327933332912,0.21159624413145542
qsar_biodeg,herding,budget_10,20.0,0.44885751333349616,0.7113480885311871
qsar_biodeg,herding,budget_100,200.0,1.6212049000000965,0.8674748490945673
qsar_biodeg,herding,budget_25,50.0,0.2842569466660886,0.8446076458752515
qsar_biodeg,herding,budget_50,100.0,0.48522571333354186,0.8477162977867203
qsar_biodeg,k_center,budget_10,20.0,0.3823626733332882,0.6416465459423206
qsar_biodeg,k_center,budget_100,200.0,1.9594613533334269,0.8376425217974515
qsar_biodeg,k_center,budget_25,50.0,0.6310012200000832,0.7794902749832328
qsar_biodeg,k_center,budget_50,100.0,0.9605086466666762,0.7898155600268276
qsar_biodeg,random,budget_10,20.0,0.36587817333335504,0.666934942991281
qsar_biodeg,random,budget_100,200.0,1.338919633333171,0.8809926224010731
qsar_biodeg,random,budget_25,50.0,0.31061586666619406,0.795030181086519
qsar_biodeg,random,budget_50,100.0,0.4840823933346352,0.860167672702884
qsar_biodeg,tree_region,budget_10,20.0,0.3049384999999044,0.35856136820925555
qsar_biodeg,tree_region,budget_100,200.0,1.0995661599999342,0.6883836351441985
qsar_biodeg,tree_region,budget_25,50.0,0.3998323266667891,0.20175385647216632
qsar_biodeg,tree_region,budget_50,100.0,0.5741335266667495,0.21159624413145542
sick,distribution_matching,budget_10,20.0,0.1901658133334422,0.7331248339159052
sick,distribution_matching,budget_100,200.0,0.5595453466667701,0.9502769771672697
sick,distribution_matching,budget_25,50.0,0.2720971133334994,0.9259080967273767
sick,distribution_matching,budget_50,100.0,0.3939595599998332,0.9414300607101246
sick,full_data,budget_10,2262.0,1.9545204400000027,0.9852701293922855
sick,full_data,budget_100,2262.0,2.0389213799999806,0.9852701293922855
sick,full_data,budget_25,2262.0,1.9974106666666558,0.9852701293922855
sick,full_data,budget_50,2262.0,2.0473918133332214,0.9852701293922855
sick,gain_herding,budget_10,20.0,0.2501074466663946,0.7355123566566505
sick,gain_herding,budget_100,200.0,0.5667660466665742,0.964661392857873
sick,gain_herding,budget_25,50.0,0.6718888666674805,0.9378743279982013
sick,gain_herding,budget_50,100.0,2.1484906800003953,0.9505089838719569
sick,gain_path_herding,budget_10,20.0,0.23807151999984247,0.7289456470636332
sick,gain_path_herding,budget_100,200.0,0.6341987599999508,0.9720621001206027
sick,gain_path_herding,budget_25,50.0,0.9214438399998471,0.9390629790887349
sick,gain_path_herding,budget_50,100.0,2.638081453332173,0.9470850963798778
sick,gain_path_refined,budget_25,50.0,0.7049932933334883,0.9367807281126714
sick,gain_path_refined,budget_50,100.0,4.243557473336113,0.9492058625130312
sick,gain_path_safeguarded,budget_25,50.0,0.8117471399988668,0.9390629790887349
sick,gain_path_safeguarded,budget_50,100.0,8.12624530000224,0.9492058625130312
sick,gain_weighted_coreset,budget_10,20.0,0.27678705333334314,0.7258334866417285
sick,gain_weighted_coreset,budget_100,200.0,0.5924847200001143,0.9516209807649066
sick,gain_weighted_coreset,budget_25,50.0,0.3092246000003797,0.9107929110198075
sick,gain_weighted_coreset,budget_50,100.0,0.41331622666657497,0.9369585658510661
sick,gaindistill,budget_10,20.0,0.18612897333332512,0.5195304674883997
sick,gaindistill,budget_100,200.0,0.22084990666674761,0.509750413932667
sick,gaindistill,budget_25,50.0,0.20397218666682118,0.4466875166084095
sick,gaindistill,budget_50,100.0,0.23166244666651134,0.49131150221786146
sick,gaindistill_hybrid,budget_10,20.0,0.2508415799997844,0.7258334866417285
sick,gaindistill_hybrid,budget_100,200.0,0.6756627466666638,0.9516209807649066
sick,gaindistill_hybrid,budget_25,50.0,0.3169827999997021,0.9107929110198075
sick,gaindistill_hybrid,budget_50,100.0,0.3640481733333824,0.9369585658510661
sick,gaindistill_path_hybrid,budget_10,20.0,0.27454862666660723,0.7343880950920872
sick,gaindistill_path_hybrid,budget_100,200.0,0.5848575200001506,0.9555865579199116
sick,gaindistill_path_hybrid,budget_25,50.0,0.2591532133329262,0.9182999121031868
sick,gaindistill_path_hybrid,budget_50,100.0,0.5340809333335831,0.9371619549886552
sick,gradient_sampling,budget_10,20.0,0.2415169733334551,0.28533349686228815
sick,gradient_sampling,budget_100,200.0,0.5111417200001597,0.8136035649312157
sick,gradient_sampling,budget_25,50.0,0.2606793399997817,0.09578504118885549
sick,gradient_sampling,budget_50,100.0,0.3670529733333145,0.5070194803867459
sick,herding,budget_10,20.0,0.2596626800000498,0.7289967498620225
sick,herding,budget_100,200.0,0.5092447133331613,0.9494603544490096
sick,herding,budget_25,50.0,4.5100204133321915,0.9125344943889128
sick,herding,budget_50,100.0,7.057640579999618,0.9180168026001104
sick,k_center,budget_10,20.0,0.2568511400000716,0.7066638049099568
sick,k_center,budget_100,200.0,0.4622785799999595,0.9662026532572924
sick,k_center,budget_25,50.0,0.304861453333433,0.9310510823572699
sick,k_center,budget_50,100.0,0.47457919333337484,0.9590574599865088
sick,random,budget_10,20.0,0.24711149333331076,0.7043069438482451
sick,random,budget_100,200.0,0.5030139133335373,0.9681506919318902
sick,random,budget_25,50.0,2.9679593466658845,0.9208264344555508
sick,random,budget_50,100.0,4.274493293331276,0.942135279327896
sick,tree_region,budget_10,20.0,0.2604444799998115,0.28533349686228815
sick,tree_region,budget_100,200.0,0.5865830000000642,0.8136035649312157
sick,tree_region,budget_25,50.0,0.33530171333331965,0.09578504118885549
sick,tree_region,budget_50,100.0,0.42883101333312273,0.5070194803867459
spambase,distribution_matching,budget_10,20.0,0.30194343999986206,0.704979248332132
spambase,distribution_matching,budget_100,200.0,0.5449438066668638,0.9005167346320816
spambase,distribution_matching,budget_25,50.0,0.25580415333309553,0.8724501449819143
spambase,distribution_matching,budget_50,100.0,0.32097930666665586,0.9182076549134223
spambase,full_data,budget_10,2760.0,1.6179932333332545,0.9741397355766857
spambase,full_data,budget_100,2760.0,1.7643547733333131,0.9741397355766857
spambase,full_data,budget_25,2760.0,1.7836576466666278,0.9741397355766857
spambase,full_data,budget_50,2760.0,1.8618771466665445,0.9741397355766857
spambase,gain_herding,budget_10,20.0,0.16616881999992378,0.7137059747030422
spambase,gain_herding,budget_100,200.0,0.3444362266660998,0.937308898696973
spambase,gain_herding,budget_25,50.0,0.16712488666623054,0.8987935727427419
spambase,gain_herding,budget_50,100.0,0.2793930333321138,0.9252229035220237
spambase,gain_path_diverse,budget_25,50.0,0.21826924000051803,0.8750673894368909
spambase,gain_path_diverse,budget_50,100.0,0.26628076000051804,0.9063197962024943
spambase,gain_path_dual,budget_25,50.0,0.21189486000002944,0.8915439833328396
spambase,gain_path_dual,budget_50,100.0,0.2469777799997246,0.8588549226379139
spambase,gain_path_herding,budget_10,20.0,0.21717247333387302,0.7239021034719959
spambase,gain_path_herding,budget_100,200.0,0.4155366600001192,0.9374487790910079
spambase,gain_path_herding,budget_25,50.0,0.2192065399993832,0.877608111088072
spambase,gain_path_herding,budget_50,100.0,0.22168774666497484,0.906519249187871
spambase,gain_path_prior_weighted,budget_25,50.0,0.20567013999995348,0.8764633957693586
spambase,gain_path_prior_weighted,budget_50,100.0,0.27925611999962713,0.9237938195904961
spambase,gain_path_refined,budget_25,50.0,0.16986526666635957,0.8980851196882477
spambase,gain_path_refined,budget_50,100.0,0.195955173332671,0.9074006602354598
spambase,gain_path_refined_weighted,budget_50,100.0,0.10676277999955346,0.857004551872587
spambase,gain_path_safeguarded,budget_25,50.0,0.1607850999998239,0.877608111088072
spambase,gain_path_safeguarded,budget_50,100.0,0.2255692399989736,0.906519249187871
spambase,gain_weighted_coreset,budget_10,20.0,0.19980788666665225,0.7053172651901879
spambase,gain_weighted_coreset,budget_100,200.0,0.38854384000042047,0.884652981427175
spambase,gain_weighted_coreset,budget_25,50.0,0.2054919466667343,0.8768282367500354
spambase,gain_weighted_coreset,budget_50,100.0,0.21591600000004593,0.922438789985222
spambase,gaindistill,budget_10,20.0,0.17095735333332412,0.5441928243003512
spambase,gaindistill,budget_100,200.0,0.3170420866666973,0.5154021479045917
spambase,gaindistill,budget_25,50.0,0.23714694000003267,0.4562465647020877
spambase,gaindistill,budget_50,100.0,0.3029020133333082,0.6356418535304166
spambase,gaindistill_anchor,budget_25,50.0,0.1233419666668245,0.8878465331055752
spambase,gaindistill_anchor,budget_50,100.0,0.08726494666722526,0.9201802975996525
spambase,gaindistill_full,budget_25,50.0,0.2073725266664648,0.8876763727203609
spambase,gaindistill_full,budget_50,100.0,0.17848813999989943,0.9202271986729464
spambase,gaindistill_hybrid,budget_10,20.0,0.16185469999994287,0.7053172651901879
spambase,gaindistill_hybrid,budget_100,200.0,0.44402495999990305,0.884652981427175
spambase,gaindistill_hybrid,budget_25,50.0,0.2585563999999673,0.8768282367500354
spambase,gaindistill_hybrid,budget_50,100.0,0.23323868000031023,0.922438789985222
spambase,gaindistill_path_hybrid,budget_10,20.0,0.3160653066668601,0.7390318960211434
spambase,gaindistill_path_hybrid,budget_100,200.0,0.7239399066667829,0.9070896320651941
spambase,gaindistill_path_hybrid,budget_25,50.0,0.21790422666660259,0.8901285583103765
spambase,gaindistill_path_hybrid,budget_50,100.0,0.2634397200001937,0.9374802110383733
spambase,gradient_sampling,budget_10,20.0,0.3262287866667369,0.2642962699658692
spambase,gradient_sampling,budget_100,200.0,0.4358576599999045,0.10501018658398913
spambase,gradient_sampling,budget_25,50.0,0.19407118666652726,0.1645508522830126
spambase,gradient_sampling,budget_50,100.0,0.40098916000006285,0.1334667956857595
spambase,herding,budget_10,20.0,0.25908097999969565,0.7630444227218421
spambase,herding,budget_100,200.0,1.2195063466664577,0.9297826752372207
spambase,herding,budget_25,50.0,0.19101678666872127,0.9179971760616922
spambase,herding,budget_50,100.0,0.2563341733359266,0.923524097277763
spambase,k_center,budget_10,20.0,0.46184931999990414,0.6704233603549342
spambase,k_center,budget_100,200.0,3.895184686666592,0.91856920459071
spambase,k_center,budget_25,50.0,0.7654113533334264,0.8001321458310706
spambase,k_center,budget_50,100.0,1.7776598999998896,0.8879057765665781
spambase,math_full,budget_50,100.0,0.1690637000006973,0.9202884169159828
spambase,math_no_anchor,budget_50,100.0,0.16887820000047213,0.9203570405916446
spambase,math_no_hist,budget_50,100.0,0.19393662000002224,0.9202030075930369
spambase,math_no_newton,budget_50,100.0,0.1683818199999223,0.9201151297925492
spambase,math_no_probes,budget_50,100.0,0.2235508600002504,0.9514746684834661
spambase,math_no_soft_routing,budget_50,100.0,0.11289157999926829,0.8677039209297274
spambase,math_root_only,budget_50,100.0,0.1763422600000922,0.8512120224730196
spambase,math_tuned,budget_50,100.0,0.24370970000018133,0.9225317693059628
spambase,math_tuned_more_probes,budget_50,100.0,0.14329496000063954,0.9239190536844495
spambase,math_tuned_no_anchor,budget_50,100.0,0.10239710000023479,0.9224473473740336
spambase,math_tuned_no_hist,budget_50,100.0,0.09871888000052423,0.9223421902307531
spambase,random,budget_10,20.0,0.34973412666713555,0.6934715351626398
spambase,random,budget_100,200.0,1.692378146666609,0.9353869420829342
spambase,random,budget_25,50.0,0.22902889333296722,0.8616357448713265
spambase,random,budget_50,100.0,0.2203109466645401,0.8945301828977292
spambase,refined_no_conf,budget_25,50.0,0.086483333333346,0.9014937580431226
spambase,refined_no_conf,budget_50,100.0,0.08973021333334069,0.9039123723385699
spambase,refined_no_gain_weight,budget_25,50.0,0.08399427333334113,0.8980851196882477
spambase,refined_no_gain_weight,budget_50,100.0,0.1055753799999972,0.9074006602354598
spambase,refined_no_grad,budget_25,50.0,0.08845588666666042,0.8900538457234449
spambase,refined_no_grad,budget_50,100.0,0.08851950666666729,0.917729593096162
spambase,refined_no_hess,budget_25,50.0,0.07622081333332745,0.8950154855824456
spambase,refined_no_hess,budget_50,100.0,0.11576255999999982,0.9221285846408036
spambase,refined_no_path,budget_25,50.0,0.11853385333333032,0.8973659698977393
spambase,refined_no_path,budget_50,100.0,0.12830964000000147,0.9240892140696637
spambase,refined_no_raw,budget_25,50.0,0.13329218666667658,0.8742435761986104
spambase,refined_no_raw,budget_50,100.0,0.19365772666666317,0.9193202800240923
spambase,refined_no_refine,budget_25,50.0,0.11446941333333598,0.877608111088072
spambase,refined_no_refine,budget_50,100.0,0.09824664666667028,0.906519249187871
spambase,refined_path_occupancy_only,budget_25,50.0,0.0851025199999981,0.8884457148875526
spambase,refined_path_occupancy_only,budget_50,100.0,0.10539705999999568,0.9199074485486997
spambase,tree_region,budget_10,20.0,0.6772340800000165,0.2642962699658692
spambase,tree_region,budget_100,200.0,0.9700220000000627,0.10501018658398913
spambase,tree_region,budget_25,50.0,0.38812247999982596,0.1645508522830126
spambase,tree_region,budget_50,100.0,0.2508032533332274,0.1334667956857595
tic_tac_toe,distribution_matching,budget_10,20.0,0.25167122666668246,0.5418587064676618
tic_tac_toe,distribution_matching,budget_100,200.0,0.4826707066666737,0.6733293532338308
tic_tac_toe,distribution_matching,budget_25,50.0,0.29915442666660963,0.6247004975124378
tic_tac_toe,distribution_matching,budget_50,100.0,0.339337453333125,0.6028298507462686
tic_tac_toe,full_data,budget_10,574.0,1.0841930066666463,0.9643223880597015
tic_tac_toe,full_data,budget_100,574.0,1.047374753333376,0.9643223880597015
tic_tac_toe,full_data,budget_25,574.0,0.9521591733332874,0.9643223880597015
tic_tac_toe,full_data,budget_50,574.0,1.2583510999999514,0.9643223880597015
tic_tac_toe,gain_herding,budget_10,20.0,0.19471927333336983,0.6112636815920399
tic_tac_toe,gain_herding,budget_100,200.0,0.4264861133332791,0.8869890547263682
tic_tac_toe,gain_herding,budget_25,50.0,0.23364070000049347,0.7466666666666666
tic_tac_toe,gain_herding,budget_50,100.0,0.3061455600012171,0.8031840796019901
tic_tac_toe,gain_path_herding,budget_10,20.0,0.336048739999751,0.6076656716417911
tic_tac_toe,gain_path_herding,budget_100,200.0,0.44988908666637145,0.9080199004975125
tic_tac_toe,gain_path_herding,budget_25,50.0,0.21083786000090185,0.765110447761194
tic_tac_toe,gain_path_herding,budget_50,100.0,0.27199274666782003,0.8193034825870646
tic_tac_toe,gain_path_refined,budget_25,50.0,0.1901892266663102,0.7697990049751244
tic_tac_toe,gain_path_refined,budget_50,100.0,0.2515687199998259,0.8132139303482587
tic_tac_toe,gain_path_safeguarded,budget_25,50.0,0.1913612800000313,0.7697990049751244
tic_tac_toe,gain_path_safeguarded,budget_50,100.0,0.27690757333281607,0.8132139303482587
tic_tac_toe,gain_weighted_coreset,budget_10,20.0,0.1687750599998253,0.6167880597014926
tic_tac_toe,gain_weighted_coreset,budget_100,200.0,0.4541660066667343,0.8800875621890547
tic_tac_toe,gain_weighted_coreset,budget_25,50.0,0.16887335999987652,0.7150089552238806
tic_tac_toe,gain_weighted_coreset,budget_50,100.0,0.3184219266666332,0.7781293532338309
tic_tac_toe,gaindistill,budget_10,20.0,0.2010929933333197,0.4513074626865672
tic_tac_toe,gaindistill,budget_100,200.0,0.263516493333312,0.4930985074626866
tic_tac_toe,gaindistill,budget_25,50.0,0.2467974266666109,0.48001194029850747
tic_tac_toe,gaindistill,budget_50,100.0,0.3282687999999325,0.47986865671641793
tic_tac_toe,gaindistill_hybrid,budget_10,20.0,0.20961843333304084,0.6167880597014926
tic_tac_toe,gaindistill_hybrid,budget_100,200.0,0.4547129133334238,0.8800875621890547
tic_tac_toe,gaindistill_hybrid,budget_25,50.0,0.2319158533330968,0.7150089552238806
tic_tac_toe,gaindistill_hybrid,budget_50,100.0,0.34509578666657037,0.7781293532338309
tic_tac_toe,gaindistill_path_hybrid,budget_10,20.0,0.34537723333354126,0.595844776119403
tic_tac_toe,gaindistill_path_hybrid,budget_100,200.0,0.6611647466670547,0.8987303482587065
tic_tac_toe,gaindistill_path_hybrid,budget_25,50.0,0.20184852000008202,0.7511164179104477
tic_tac_toe,gaindistill_path_hybrid,budget_50,100.0,0.5537153133335475,0.8030487562189055
tic_tac_toe,gradient_sampling,budget_10,20.0,0.20247081999999259,0.44078407960199
tic_tac_toe,gradient_sampling,budget_100,200.0,0.5253148600000713,0.6418945273631842
tic_tac_toe,gradient_sampling,budget_25,50.0,0.26356146666670005,0.4129711442786069
tic_tac_toe,gradient_sampling,budget_50,100.0,0.36809319333327345,0.4810268656716418
tic_tac_toe,herding,budget_10,20.0,0.21196272000015598,0.5791164179104478
tic_tac_toe,herding,budget_100,200.0,0.4997186133333647,0.8868059701492538
tic_tac_toe,herding,budget_25,50.0,0.22154809333151207,0.6484298507462687
tic_tac_toe,herding,budget_50,100.0,0.2958329533372307,0.7292776119402986
tic_tac_toe,k_center,budget_10,20.0,0.23340836666660228,0.6193512437810945
tic_tac_toe,k_center,budget_100,200.0,0.473669573333306,0.9166328358208955
tic_tac_toe,k_center,budget_25,50.0,0.23095187999994474,0.7079641791044776
tic_tac_toe,k_center,budget_50,100.0,0.32655399333325474,0.8361791044776119
tic_tac_toe,random,budget_10,20.0,0.25137040666662264,0.5567960199004975
tic_tac_toe,random,budget_100,200.0,0.8068069399999028,0.8844179104477612
tic_tac_toe,random,budget_25,50.0,0.23342021999706047,0.6867661691542288
tic_tac_toe,random,budget_50,100.0,0.24682264000196785,0.7564656716417911
tic_tac_toe,tree_region,budget_10,20.0,0.21278844666673347,0.44078407960199
tic_tac_toe,tree_region,budget_100,200.0,0.40804878666664685,0.6418945273631842
tic_tac_toe,tree_region,budget_25,50.0,0.20963858666667268,0.4129711442786069
tic_tac_toe,tree_region,budget_50,100.0,0.25223906666681917,0.4810268656716418
