task,dataset,method,method_label,budget,seed,learner,train_rows,select_seconds,train_seconds,primary_metric,accuracy,macro_f1,macro_auroc
multiclass,balance_scale,histdistill,HistDistill,budget_25,seed_0,xgboost,75,0.12095890000091458,0.043776700000307756,0.8399345540790284,0.728,0.5897018030513176,0.8399345540790284
multiclass,balance_scale,histdistill,HistDistill,budget_25,seed_0,lightgbm,75,0.12667380000129924,0.27771759999995993,0.8320054819793713,0.784,0.6424242424242425,0.8320054819793713
multiclass,balance_scale,histdistill,HistDistill,budget_25,seed_0,mlp,75,0.11815009999918402,0.3729596000011952,0.9820313772999674,0.928,0.862022737022737,0.9820313772999674
multiclass,balance_scale,histdistill,HistDistill,budget_50,seed_0,xgboost,129,0.12673399999948742,0.04729420000148821,0.8635842263240635,0.8,0.6350342118989906,0.8635842263240635
multiclass,balance_scale,histdistill,HistDistill,budget_50,seed_0,lightgbm,129,0.14150009999866597,1.1958407999991323,0.8870534428425237,0.832,0.6316137566137566,0.8870534428425237
multiclass,balance_scale,histdistill,HistDistill,budget_50,seed_0,mlp,129,0.13256010000077367,0.44128789999922446,0.9945023257205247,0.944,0.8780052606828087,0.9945023257205247
multiclass,balance_scale,random,Random,budget_25,seed_0,xgboost,75,0.0004013999987364514,0.05697859999963839,0.7853223290546554,0.632,0.555586089933339,0.7853223290546554
multiclass,balance_scale,random,Random,budget_25,seed_0,lightgbm,75,0.000436700000136625,0.5322060999988025,0.77124384717827,0.672,0.5307838879042793,0.77124384717827
multiclass,balance_scale,random,Random,budget_25,seed_0,mlp,75,0.00032810000084282365,0.38377269999909913,0.9883422615664119,0.896,0.8287616223396039,0.9883422615664119
multiclass,balance_scale,random,Random,budget_50,seed_0,xgboost,129,0.00040669999907549936,0.08051539999905799,0.8338516527975095,0.72,0.5649179037336932,0.8338516527975095
multiclass,balance_scale,random,Random,budget_50,seed_0,lightgbm,129,0.0003685000010591466,1.2808170000007522,0.8626813642144625,0.792,0.6297786600377941,0.8626813642144625
multiclass,balance_scale,random,Random,budget_50,seed_0,mlp,129,0.00041200000123353675,0.46359170000141603,0.9977136804731962,0.976,0.9477239334066857,0.9977136804731962
multiclass,balance_scale,herding,Herding,budget_25,seed_0,xgboost,75,0.004908200000500074,0.07050490000074205,0.8362518397317523,0.512,0.49655200512193703,0.8362518397317523
multiclass,balance_scale,herding,Herding,budget_25,seed_0,lightgbm,75,0.004508699999860255,0.6992916999988665,0.7884945625011069,0.616,0.5455471091209922,0.7884945625011069
multiclass,balance_scale,herding,Herding,budget_25,seed_0,mlp,75,0.0048797999988892116,0.3952389000005496,0.9753828844707693,0.752,0.6934589017125002,0.9753828844707693
multiclass,balance_scale,herding,Herding,budget_50,seed_0,xgboost,129,0.007721799998762435,0.08340409999982512,0.8562018738024054,0.688,0.6007305858791008,0.8562018738024054
multiclass,balance_scale,herding,Herding,budget_50,seed_0,lightgbm,129,0.0056394999992335215,0.4866157000014937,0.8187676116734233,0.728,0.6031392737275091,0.8187676116734233
multiclass,balance_scale,herding,Herding,budget_50,seed_0,mlp,129,0.005612299999484094,0.46692580000126327,0.9872585620071378,0.848,0.7775289699818001,0.9872585620071378
multiclass,balance_scale,k_center,K-center,budget_25,seed_0,xgboost,75,0.0656130999996094,0.07717420000153652,0.7740324671544364,0.64,0.5499174917491749,0.7740324671544364
multiclass,balance_scale,k_center,K-center,budget_25,seed_0,lightgbm,75,0.05827540000063891,0.6946032999985619,0.7836420522545282,0.784,0.6050456253354803,0.7836420522545282
multiclass,balance_scale,k_center,K-center,budget_25,seed_0,mlp,75,0.05729059999976016,0.388897700000598,0.9972511628602624,0.976,0.9436344484399405,0.9972511628602624
multiclass,balance_scale,k_center,K-center,budget_50,seed_0,xgboost,129,0.09147389999998268,0.07439659999909054,0.8513497398521294,0.792,0.6091271666492906,0.8513497398521294
multiclass,balance_scale,k_center,K-center,budget_50,seed_0,lightgbm,129,0.08692770000016026,1.054217900000367,0.8470160396751242,0.84,0.6062378167641326,0.8470160396751242
multiclass,balance_scale,k_center,K-center,budget_50,seed_0,mlp,129,0.10057320000123582,0.44532299999991665,1.0,1.0,1.0,1.0
multiclass,balance_scale,full_data,Full data,budget_25,seed_0,xgboost,375,1.6699999832781032e-05,0.10726679999970656,0.8727398547541686,0.872,0.6105342468978833,0.8727398547541686
multiclass,balance_scale,full_data,Full data,budget_25,seed_0,lightgbm,375,1.7899999875226058e-05,2.055355200000122,0.8997391761276301,0.84,0.5957796127287652,0.8997391761276301
multiclass,balance_scale,full_data,Full data,budget_25,seed_0,mlp,375,1.9600000086938962e-05,1.0024300999994011,1.0,0.992,0.9811771316196095,1.0
multiclass,balance_scale,full_data,Full data,budget_50,seed_0,xgboost,375,1.9499999325489625e-05,0.1060935999994399,0.8727398547541686,0.872,0.6105342468978833,0.8727398547541686
multiclass,balance_scale,full_data,Full data,budget_50,seed_0,lightgbm,375,1.6400001186411828e-05,1.228009700000257,0.8997391761276301,0.84,0.5957796127287652,0.8997391761276301
multiclass,balance_scale,full_data,Full data,budget_50,seed_0,mlp,375,2.1800000467919745e-05,1.0030437000004895,1.0,0.992,0.9811771316196095,1.0
multiclass,cmc,histdistill,HistDistill,budget_25,seed_0,xgboost,75,0.19803159999901254,0.06039219999911438,0.7006895041070594,0.5084745762711864,0.5013926820958768,0.7006895041070594
multiclass,cmc,histdistill,HistDistill,budget_25,seed_0,lightgbm,75,0.1531598000001395,0.5229825999995228,0.6937586095295942,0.5220338983050847,0.5177874661570314,0.6937586095295942
multiclass,cmc,histdistill,HistDistill,budget_25,seed_0,mlp,75,0.21467219999976805,0.39740789999996196,0.6913712013470207,0.49830508474576274,0.4959892393257103,0.6913712013470207
multiclass,cmc,histdistill,HistDistill,budget_50,seed_0,xgboost,150,0.20686170000044513,0.08439280000129656,0.7202193566621237,0.5491525423728814,0.5424211979099672,0.7202193566621237
multiclass,cmc,histdistill,HistDistill,budget_50,seed_0,lightgbm,150,0.19350889999986975,1.211469500000021,0.7006380424429658,0.5220338983050847,0.5126083904364447,0.7006380424429658
multiclass,cmc,histdistill,HistDistill,budget_50,seed_0,mlp,150,0.19557549999990442,0.47591710000051535,0.6790325287496549,0.49830508474576274,0.487800682738363,0.6790325287496549
multiclass,cmc,random,Random,budget_25,seed_0,xgboost,75,0.0003012999986822251,0.06292500000017753,0.6545560263599633,0.4576271186440678,0.45647462024516766,0.6545560263599633
multiclass,cmc,random,Random,budget_25,seed_0,lightgbm,75,0.0003243000010115793,0.34303390000059153,0.6367678368394855,0.4135593220338983,0.4118419720751327,0.6367678368394855
multiclass,cmc,random,Random,budget_25,seed_0,mlp,75,0.0004429000000527594,0.3915020000004006,0.5805700457952696,0.4033898305084746,0.4027802425317953,0.5805700457952696
multiclass,cmc,random,Random,budget_50,seed_0,xgboost,150,0.0004008999985671835,0.08906139999999141,0.655290163261317,0.488135593220339,0.4844378041974837,0.655290163261317
multiclass,cmc,random,Random,budget_50,seed_0,lightgbm,150,0.00036250000084692147,1.0941686999995,0.5915799575303012,0.41694915254237286,0.41013345380748517,0.5915799575303012
multiclass,cmc,random,Random,budget_50,seed_0,mlp,150,0.0003090999998676125,0.4756037000006472,0.5631847702530806,0.4033898305084746,0.39556673710792634,0.5631847702530806
multiclass,cmc,herding,Herding,budget_25,seed_0,xgboost,75,0.006896199998664088,0.07997040000009292,0.6740450168429138,0.5050847457627119,0.48476555373107094,0.6740450168429138
multiclass,cmc,herding,Herding,budget_25,seed_0,lightgbm,75,0.005220000000917935,0.4701415999988967,0.6440915585933472,0.4542372881355932,0.4477516785209093,0.6440915585933472
multiclass,cmc,herding,Herding,budget_25,seed_0,mlp,75,0.00637789999927918,0.3919607999996515,0.6380509471002866,0.4576271186440678,0.44434353281204797,0.6380509471002866
multiclass,cmc,herding,Herding,budget_50,seed_0,xgboost,150,0.0111151000000973,0.09044779999931052,0.6908097655142548,0.511864406779661,0.5055930055152912,0.6908097655142548
multiclass,cmc,herding,Herding,budget_50,seed_0,lightgbm,150,0.011511599999721511,0.9595403999992413,0.6846267733413919,0.4915254237288136,0.48177662587087094,0.6846267733413919
multiclass,cmc,herding,Herding,budget_50,seed_0,mlp,150,0.010257999998430023,0.46981359999881533,0.6306355132762084,0.4576271186440678,0.45081168831168833,0.6306355132762084
multiclass,cmc,k_center,K-center,budget_25,seed_0,xgboost,75,0.06120139999984531,0.07629850000012084,0.6221141742298341,0.4406779661016949,0.43585495845980643,0.6221141742298341
multiclass,cmc,k_center,K-center,budget_25,seed_0,lightgbm,75,0.06090609999955632,0.4911652000009781,0.5573920143354197,0.3389830508474576,0.33565653961554065,0.5573920143354197
multiclass,cmc,k_center,K-center,budget_25,seed_0,mlp,75,0.06154210000022431,0.3851128999995126,0.5781560772957116,0.3525423728813559,0.35087195413282374,0.5781560772957116
multiclass,cmc,k_center,K-center,budget_50,seed_0,xgboost,150,0.09071549999862327,0.0777405999997427,0.6629869346957498,0.4542372881355932,0.4562114887696283,0.6629869346957498
multiclass,cmc,k_center,K-center,budget_50,seed_0,lightgbm,150,0.11726129999988189,0.8135579999998299,0.6317408144154324,0.3864406779661017,0.3854081683591646,0.6317408144154324
multiclass,cmc,k_center,K-center,budget_50,seed_0,mlp,150,0.11382589999993797,0.48285239999859186,0.6160379389568343,0.4135593220338983,0.4138054821035386,0.6160379389568343
multiclass,cmc,full_data,Full data,budget_25,seed_0,xgboost,883,2.2300000637187622e-05,0.145072600000276,0.7656311847622348,0.5830508474576271,0.5520361990950226,0.7656311847622348
multiclass,cmc,full_data,Full data,budget_25,seed_0,lightgbm,883,1.6200001482502557e-05,1.7554515000010724,0.7462364583113764,0.5457627118644067,0.5121075558213716,0.7462364583113764
multiclass,cmc,full_data,Full data,budget_25,seed_0,mlp,883,1.849999898695387e-05,2.5348039000000426,0.6729867424799153,0.5016949152542373,0.4694513448488007,0.6729867424799153
multiclass,cmc,full_data,Full data,budget_50,seed_0,xgboost,883,1.990000055229757e-05,0.12019580000014685,0.7656311847622348,0.5830508474576271,0.5520361990950226,0.7656311847622348
multiclass,cmc,full_data,Full data,budget_50,seed_0,lightgbm,883,1.8599999748403206e-05,1.4302928999986761,0.7462364583113764,0.5457627118644067,0.5121075558213716,0.7462364583113764
multiclass,cmc,full_data,Full data,budget_50,seed_0,mlp,883,1.3300001228344627e-05,2.5741806000005454,0.6729867424799153,0.5016949152542373,0.4694513448488007,0.6729867424799153
multiclass,eucalyptus,histdistill,HistDistill,budget_25,seed_0,xgboost,125,0.35481980000076874,0.16128639999988081,0.889613854684983,0.581081081081081,0.5712103371507119,0.889613854684983
multiclass,eucalyptus,histdistill,HistDistill,budget_25,seed_0,lightgbm,125,0.31714149999970687,0.9567131000003428,0.8682192682281821,0.5067567567567568,0.5033856524600626,0.8682192682281821
multiclass,eucalyptus,histdistill,HistDistill,budget_25,seed_0,mlp,125,0.3290954000003694,0.47151989999838406,0.846386887667391,0.5067567567567568,0.5044032216625617,0.846386887667391
multiclass,eucalyptus,histdistill,HistDistill,budget_50,seed_0,xgboost,250,0.3996164000000135,0.22900530000151775,0.9080615081802114,0.6351351351351351,0.6319006708495619,0.9080615081802114
multiclass,eucalyptus,histdistill,HistDistill,budget_50,seed_0,lightgbm,250,0.3681204999993497,1.648648399999729,0.8828165001374773,0.581081081081081,0.5717925883332861,0.8828165001374773
multiclass,eucalyptus,histdistill,HistDistill,budget_50,seed_0,mlp,250,0.36456730000099924,0.8842577999985224,0.8942232627085633,0.6486486486486487,0.6471067706361824,0.8942232627085633
multiclass,eucalyptus,random,Random,budget_25,seed_0,xgboost,125,0.0004366999983176356,0.1515973000005033,0.8776952855582392,0.6081081081081081,0.6116225803182325,0.8776952855582392
multiclass,eucalyptus,random,Random,budget_25,seed_0,lightgbm,125,0.0004259999986970797,1.407220099999904,0.8888943257825097,0.6351351351351351,0.6187163633450583,0.8888943257825097
multiclass,eucalyptus,random,Random,budget_25,seed_0,mlp,125,0.000421200000346289,0.4950480999996216,0.8549390729529159,0.5675675675675675,0.5477103059429705,0.8549390729529159
multiclass,eucalyptus,random,Random,budget_50,seed_0,xgboost,250,0.0003285999991931021,0.22955679999904532,0.9119649377240631,0.6824324324324325,0.6804348467389196,0.9119649377240631
multiclass,eucalyptus,random,Random,budget_50,seed_0,lightgbm,250,0.00037569999949482735,2.732871800000794,0.9171730349135914,0.6891891891891891,0.6847670710099496,0.9171730349135914
multiclass,eucalyptus,random,Random,budget_50,seed_0,mlp,250,0.0004079999998793937,0.8699145999999018,0.9010763659185667,0.6216216216216216,0.6165678889085878,0.9010763659185667
multiclass,eucalyptus,herding,Herding,budget_25,seed_0,xgboost,125,0.007792399999743793,0.16797110000152315,0.8980952116202483,0.5945945945945946,0.5868467480232186,0.8980952116202483
multiclass,eucalyptus,herding,Herding,budget_25,seed_0,lightgbm,125,0.007409900001221104,1.5282855999994354,0.8870520176972111,0.6148648648648649,0.6176743278362269,0.8870520176972111
multiclass,eucalyptus,herding,Herding,budget_25,seed_0,mlp,125,0.0076224999993428355,0.4733211000002484,0.8737984110332577,0.581081081081081,0.5779605137814092,0.8737984110332577
multiclass,eucalyptus,herding,Herding,budget_50,seed_0,xgboost,250,0.012818700000934768,0.23140539999985776,0.9084653934186029,0.6621621621621622,0.6570907182712432,0.9084653934186029
multiclass,eucalyptus,herding,Herding,budget_50,seed_0,lightgbm,250,0.012416000001394423,1.388606599999548,0.8943148635841286,0.6013513513513513,0.5972681954137586,0.8943148635841286
multiclass,eucalyptus,herding,Herding,budget_50,seed_0,mlp,250,0.012165800000730087,0.845798599999398,0.8928656498332795,0.6013513513513513,0.595354329491942,0.8928656498332795
multiclass,eucalyptus,k_center,K-center,budget_25,seed_0,xgboost,125,0.1007078000002366,0.18084660000022268,0.8931744445160534,0.6554054054054054,0.6478858502290997,0.8931744445160534
multiclass,eucalyptus,k_center,K-center,budget_25,seed_0,lightgbm,125,0.09485300000051211,1.1586556999991444,0.8633388666278554,0.5945945945945946,0.5687737517191052,0.8633388666278554
multiclass,eucalyptus,k_center,K-center,budget_25,seed_0,mlp,125,0.09853329999896232,0.46259920000011334,0.8946155148425701,0.6283783783783784,0.6070199397166723,0.8946155148425701
multiclass,eucalyptus,k_center,K-center,budget_50,seed_0,xgboost,250,0.23504399999910675,0.24302579999857699,0.9178379816458735,0.6959459459459459,0.6879943907387516,0.9178379816458735
multiclass,eucalyptus,k_center,K-center,budget_50,seed_0,lightgbm,250,0.2216470000003028,2.1851731999995536,0.8932096070152982,0.6013513513513513,0.593941187230334,0.8932096070152982
multiclass,eucalyptus,k_center,K-center,budget_50,seed_0,mlp,250,0.19781540000076347,0.8623896999997669,0.9044970453985967,0.6283783783783784,0.6193800480673446,0.9044970453985967
multiclass,eucalyptus,full_data,Full data,budget_25,seed_0,xgboost,441,2.0700001186924055e-05,0.31576769999992393,0.9205695732623074,0.6959459459459459,0.684521768703921,0.9205695732623074
multiclass,eucalyptus,full_data,Full data,budget_25,seed_0,lightgbm,441,1.700000029813964e-05,2.0023823000010452,0.9033050685668972,0.6621621621621622,0.647563025210084,0.9033050685668972
multiclass,eucalyptus,full_data,Full data,budget_25,seed_0,mlp,441,1.6399999367422424e-05,1.4113679000001866,0.9068078541426325,0.6418918918918919,0.6194790560603416,0.9068078541426325
multiclass,eucalyptus,full_data,Full data,budget_50,seed_0,xgboost,441,3.149999974993989e-05,0.3167600999986462,0.9205695732623074,0.6959459459459459,0.684521768703921,0.9205695732623074
multiclass,eucalyptus,full_data,Full data,budget_50,seed_0,lightgbm,441,1.8000000636675395e-05,2.3620276999990892,0.9033050685668972,0.6621621621621622,0.647563025210084,0.9033050685668972
multiclass,eucalyptus,full_data,Full data,budget_50,seed_0,mlp,441,1.809999957913533e-05,1.388255099998787,0.9068078541426325,0.6418918918918919,0.6194790560603416,0.9068078541426325
multiclass,letter,histdistill,HistDistill,budget_25,seed_0,xgboost,650,12.700813399998879,1.0679903000000195,0.9812089109177394,0.77125,0.771409795702675,0.9812089109177394
multiclass,letter,histdistill,HistDistill,budget_25,seed_0,lightgbm,650,13.096473399999013,7.746071400000801,0.9825718478487848,0.775,0.7742578814810099,0.9825718478487848
multiclass,letter,histdistill,HistDistill,budget_25,seed_0,mlp,650,13.496438699999999,2.3897118999993836,0.9852861639658129,0.7783333333333333,0.7779556040836281,0.9852861639658129
multiclass,letter,histdistill,HistDistill,budget_50,seed_0,xgboost,1300,19.275485500000286,1.2655515000005835,0.9888383223351487,0.8154166666666667,0.8150532846472357,0.9888383223351487
multiclass,letter,histdistill,HistDistill,budget_50,seed_0,lightgbm,1300,19.268995799999175,13.404319399998712,0.9904986630090394,0.8304166666666667,0.830207603489196,0.9904986630090394
multiclass,letter,histdistill,HistDistill,budget_50,seed_0,mlp,1300,19.150939400000425,3.9182251000001997,0.9912847372920677,0.8404166666666667,0.839595357352617,0.9912847372920677
multiclass,letter,random,Random,budget_25,seed_0,xgboost,650,0.00330029999895487,1.0387169999994512,0.9733094816336737,0.7416666666666667,0.7446049380383819,0.9733094816336737
multiclass,letter,random,Random,budget_25,seed_0,lightgbm,650,0.0023182999993878184,9.521676800000932,0.9727181223160744,0.7416666666666667,0.7436051335696459,0.9727181223160744
multiclass,letter,random,Random,budget_25,seed_0,mlp,650,0.0017172999996546423,2.2086569000002783,0.9788157783424171,0.7729166666666667,0.7756101789198807,0.9788157783424171
multiclass,letter,random,Random,budget_50,seed_0,xgboost,1300,0.0016998000010062242,1.409981799999514,0.9857470674820121,0.8,0.8013862725898834,0.9857470674820121
multiclass,letter,random,Random,budget_50,seed_0,lightgbm,1300,0.001509499999883701,16.10753779999868,0.9872503995546088,0.8066666666666666,0.8072161235473202,0.9872503995546088
multiclass,letter,random,Random,budget_50,seed_0,mlp,1300,0.0015292999996745493,3.6954830000013317,0.9894447097032703,0.83625,0.8365818849422421,0.9894447097032703
multiclass,letter,herding,Herding,budget_25,seed_0,xgboost,650,0.04134160000103293,0.8099093000000721,0.9713255328179778,0.71875,0.7205211203540774,0.9713255328179778
multiclass,letter,herding,Herding,budget_25,seed_0,lightgbm,650,0.044129899999461486,11.289225099999385,0.970402476720465,0.7141666666666666,0.7151811849780902,0.970402476720465
multiclass,letter,herding,Herding,budget_25,seed_0,mlp,650,0.04854979999981879,2.0868444000007003,0.9708694078978249,0.705,0.7062752602595853,0.9708694078978249
multiclass,letter,herding,Herding,budget_50,seed_0,xgboost,1300,0.0759420999984286,1.2874916000000667,0.9823301740936716,0.7754166666666666,0.7764623782862942,0.9823301740936716
multiclass,letter,herding,Herding,budget_50,seed_0,lightgbm,1300,0.07653940000091097,17.607554000000164,0.9829680658757661,0.7908333333333334,0.790972096953519,0.9829680658757661
multiclass,letter,herding,Herding,budget_50,seed_0,mlp,1300,0.08429119999891554,3.8704512999993312,0.9858089518836751,0.7908333333333334,0.7917764277461434,0.9858089518836751
multiclass,letter,k_center,K-center,budget_25,seed_0,xgboost,650,0.45614670000031765,0.9241742000012891,0.9858769656570403,0.7675,0.7644025914758938,0.9858769656570403
multiclass,letter,k_center,K-center,budget_25,seed_0,lightgbm,650,0.48769459999857645,15.69604629999958,0.9841468662237411,0.7616666666666667,0.758812567402599,0.9841468662237411
multiclass,letter,k_center,K-center,budget_25,seed_0,mlp,650,0.5227515000005951,2.0712665999999444,0.9923493743010352,0.8108333333333333,0.8075234681119523,0.9923493743010352
multiclass,letter,k_center,K-center,budget_50,seed_0,xgboost,1300,1.1198284000001877,1.7826975999996648,0.9936141731185254,0.8483333333333334,0.8483420913615565,0.9936141731185254
multiclass,letter,k_center,K-center,budget_50,seed_0,lightgbm,1300,1.1371747000011965,17.411943099999917,0.9954515885230195,0.8720833333333333,0.8718588543905157,0.9954515885230195
multiclass,letter,k_center,K-center,budget_50,seed_0,mlp,1300,0.9894671000001836,4.402847699999256,0.9962406299895074,0.8808333333333334,0.8803213136605057,0.9962406299895074
multiclass,letter,full_data,Full data,budget_25,seed_0,xgboost,7200,2.8200000087963417e-05,6.056641699999091,0.9962668997730458,0.89125,0.8910836094665165,0.9962668997730458
multiclass,letter,full_data,Full data,budget_25,seed_0,lightgbm,7200,3.1600000511389226e-05,18.467917599999055,0.9985785858566729,0.9295833333333333,0.9293753656780007,0.9985785858566729
multiclass,letter,full_data,Full data,budget_25,seed_0,mlp,7200,5.919999966863543e-05,22.965307599999505,0.9983992129337682,0.9183333333333333,0.9180743164142503,0.9983992129337682
multiclass,letter,full_data,Full data,budget_50,seed_0,xgboost,7200,2.4000000848900527e-05,6.001002299999527,0.9962668997730458,0.89125,0.8910836094665165,0.9962668997730458
multiclass,letter,full_data,Full data,budget_50,seed_0,lightgbm,7200,2.4300001314259134e-05,16.930079699999624,0.9985785858566729,0.9295833333333333,0.9293753656780007,0.9985785858566729
multiclass,letter,full_data,Full data,budget_50,seed_0,mlp,7200,3.5200000638724305e-05,21.672799800000575,0.9983992129337682,0.9183333333333333,0.9180743164142503,0.9983992129337682
multiclass,mfeat_fourier,histdistill,HistDistill,budget_25,seed_0,xgboost,250,8.723278199999186,3.216608599999745,0.9716666666666665,0.7775,0.7736971049746523,0.9716666666666665
multiclass,mfeat_fourier,histdistill,HistDistill,budget_25,seed_0,lightgbm,250,6.778642299999774,1.683369299998958,0.9699652777777779,0.775,0.7715652182647256,0.9699652777777779
multiclass,mfeat_fourier,histdistill,HistDistill,budget_25,seed_0,mlp,250,6.561565399999381,0.7873037999997905,0.9640416666666667,0.795,0.7914200751128277,0.9640416666666667
multiclass,mfeat_fourier,histdistill,HistDistill,budget_50,seed_0,xgboost,500,6.532364700000471,4.4950396999993245,0.976548611111111,0.805,0.8044804226707367,0.976548611111111
multiclass,mfeat_fourier,histdistill,HistDistill,budget_50,seed_0,lightgbm,500,6.508905299999242,2.909769799998685,0.9767083333333334,0.815,0.8130496225545192,0.9767083333333334
multiclass,mfeat_fourier,histdistill,HistDistill,budget_50,seed_0,mlp,500,6.964236599998912,1.1393625999990036,0.9676736111111112,0.7825,0.7807797491291628,0.9676736111111112
multiclass,mfeat_fourier,random,Random,budget_25,seed_0,xgboost,250,0.0004805000007763738,2.6520709000014904,0.9633680555555555,0.7575,0.7531053252002122,0.9633680555555555
multiclass,mfeat_fourier,random,Random,budget_25,seed_0,lightgbm,250,0.000680600000123377,1.4143715999998676,0.959875,0.7475,0.7447358115761279,0.959875
multiclass,mfeat_fourier,random,Random,budget_25,seed_0,mlp,250,0.00041600000076869037,0.6259979999995267,0.9400694444444445,0.71,0.7086507603378661,0.9400694444444445
multiclass,mfeat_fourier,random,Random,budget_50,seed_0,xgboost,500,0.0004984999995940598,4.604380500000843,0.9746666666666668,0.7875,0.7868305444360296,0.9746666666666668
multiclass,mfeat_fourier,random,Random,budget_50,seed_0,lightgbm,500,0.0006236999997781822,2.850136500001099,0.9710902777777777,0.7725,0.7731408660810977,0.9710902777777777
multiclass,mfeat_fourier,random,Random,budget_50,seed_0,mlp,500,0.0008937000002333662,1.248274699999456,0.9643680555555555,0.77,0.7711169068811345,0.9643680555555555
multiclass,mfeat_fourier,herding,Herding,budget_25,seed_0,xgboost,250,0.019952900000134832,3.1533389999985957,0.96775,0.795,0.789658779564733,0.96775
multiclass,mfeat_fourier,herding,Herding,budget_25,seed_0,lightgbm,250,0.018041599998468882,1.7522915999998077,0.9654583333333333,0.775,0.7738946347335756,0.9654583333333333
multiclass,mfeat_fourier,herding,Herding,budget_25,seed_0,mlp,250,0.019463099999484257,0.8032428999995318,0.9642638888888888,0.7875,0.7865635994684903,0.9642638888888888
multiclass,mfeat_fourier,herding,Herding,budget_50,seed_0,xgboost,500,0.03217269999913697,4.39861270000074,0.9762430555555556,0.79,0.7889312270954013,0.9762430555555556
multiclass,mfeat_fourier,herding,Herding,budget_50,seed_0,lightgbm,500,0.03018560000055004,3.2405978000006144,0.9727916666666667,0.785,0.7853241416907127,0.9727916666666667
multiclass,mfeat_fourier,herding,Herding,budget_50,seed_0,mlp,500,0.025493400000414113,1.2176552999990236,0.9689027777777778,0.805,0.8045494168090759,0.9689027777777778
multiclass,mfeat_fourier,k_center,K-center,budget_25,seed_0,xgboost,250,0.18437959999937448,3.7059966000015265,0.9712430555555557,0.76,0.7584682110386516,0.9712430555555557
multiclass,mfeat_fourier,k_center,K-center,budget_25,seed_0,lightgbm,250,0.1906488000004174,2.5756087000008847,0.9706041666666666,0.7825,0.7766216716074669,0.9706041666666666
multiclass,mfeat_fourier,k_center,K-center,budget_25,seed_0,mlp,250,0.2112025000005815,0.8818640999998024,0.9662777777777777,0.78,0.7768856538667412,0.9662777777777777
multiclass,mfeat_fourier,k_center,K-center,budget_50,seed_0,xgboost,500,0.3372185000007448,5.172054399999979,0.9807638888888889,0.8425,0.842154957385722,0.9807638888888889
multiclass,mfeat_fourier,k_center,K-center,budget_50,seed_0,lightgbm,500,0.3489332999997714,3.4264874999989843,0.9741944444444444,0.8225,0.8216395603074276,0.9741944444444444
multiclass,mfeat_fourier,k_center,K-center,budget_50,seed_0,mlp,500,0.32829750000018976,1.284862799999246,0.971347222222222,0.8175,0.8188586771270531,0.971347222222222
multiclass,mfeat_fourier,full_data,Full data,budget_25,seed_0,xgboost,1200,1.5400000847876072e-05,6.649340899999515,0.9832291666666666,0.8325,0.8334090764945369,0.9832291666666666
multiclass,mfeat_fourier,full_data,Full data,budget_25,seed_0,lightgbm,1200,2.4500001018168405e-05,5.202649800001382,0.9827361111111111,0.8325,0.8314915512633354,0.9827361111111111
multiclass,mfeat_fourier,full_data,Full data,budget_25,seed_0,mlp,1200,3.119999928458128e-05,2.260282200000802,0.9744930555555555,0.8275,0.8271829758131167,0.9744930555555555
multiclass,mfeat_fourier,full_data,Full data,budget_50,seed_0,xgboost,1200,2.159999894502107e-05,6.31651839999904,0.9832291666666666,0.8325,0.8334090764945369,0.9832291666666666
multiclass,mfeat_fourier,full_data,Full data,budget_50,seed_0,lightgbm,1200,2.1500000002561137e-05,4.871062000000165,0.9827361111111111,0.8325,0.8314915512633354,0.9827361111111111
multiclass,mfeat_fourier,full_data,Full data,budget_50,seed_0,mlp,1200,1.7499998648418114e-05,2.3451349000006303,0.9744930555555555,0.8275,0.8271829758131167,0.9744930555555555
multiclass,optdigits,histdistill,HistDistill,budget_25,seed_0,xgboost,250,3.0876490000009653,0.3375084999988758,0.9925129738544749,0.905693950177936,0.9055404736274613,0.9925129738544749
multiclass,optdigits,histdistill,HistDistill,budget_25,seed_0,lightgbm,250,2.685423599999922,1.7278893999991851,0.9935911796170409,0.905693950177936,0.9057295958407439,0.9935911796170409
multiclass,optdigits,histdistill,HistDistill,budget_25,seed_0,mlp,250,2.5367530999992596,0.618863900001088,0.9924935590268864,0.9386120996441281,0.9386878437236896,0.9924935590268864
multiclass,optdigits,histdistill,HistDistill,budget_50,seed_0,xgboost,500,3.609286599999905,0.6067817999992258,0.9961090197966838,0.9412811387900356,0.941511608421439,0.9961090197966838
multiclass,optdigits,histdistill,HistDistill,budget_50,seed_0,lightgbm,500,3.631894599999214,3.0129944999989675,0.9965771243824697,0.9350533807829181,0.9352431915178177,0.9965771243824697
multiclass,optdigits,histdistill,HistDistill,budget_50,seed_0,mlp,500,3.6704640999996627,0.893603799999255,0.9951533234059926,0.9501779359430605,0.9501729773436729,0.9951533234059926
multiclass,optdigits,random,Random,budget_25,seed_0,xgboost,250,0.0008103000000119209,0.3237775000015972,0.9914052734615154,0.8887900355871886,0.8892950932837735,0.9914052734615154
multiclass,optdigits,random,Random,budget_25,seed_0,lightgbm,250,0.0008902999998099403,1.933894899999359,0.9903976973709427,0.8905693950177936,0.8908575154400292,0.9903976973709427
multiclass,optdigits,random,Random,budget_25,seed_0,mlp,250,0.000817900001493399,0.7166305999999167,0.9922378694793809,0.9323843416370107,0.9319204765927205,0.9922378694793809
multiclass,optdigits,random,Random,budget_50,seed_0,xgboost,500,0.0009277999997721054,0.5805807999986428,0.9959090936941222,0.9270462633451957,0.9274442208406594,0.9959090936941222
multiclass,optdigits,random,Random,budget_50,seed_0,lightgbm,500,0.001037400001223432,2.938796700000239,0.9958172026346697,0.9261565836298933,0.9264177203945883,0.9958172026346697
multiclass,optdigits,random,Random,budget_50,seed_0,mlp,500,0.0010208999992755707,0.8499198999998043,0.9952682900238706,0.952846975088968,0.9527625622597581,0.9952682900238706
multiclass,optdigits,herding,Herding,budget_25,seed_0,xgboost,250,0.03824530000019877,0.42960999999922933,0.9946029342372349,0.902135231316726,0.9027511993381134,0.9946029342372349
multiclass,optdigits,herding,Herding,budget_25,seed_0,lightgbm,250,0.036073999999644,2.264374599999428,0.9945134577852816,0.9083629893238434,0.9088859022142828,0.9945134577852816
multiclass,optdigits,herding,Herding,budget_25,seed_0,mlp,250,0.03757630000109202,0.5618536999991193,0.9931472158004911,0.9368327402135231,0.9371805694386881,0.9931472158004911
multiclass,optdigits,herding,Herding,budget_50,seed_0,xgboost,500,0.06301800000073854,0.5854201000001922,0.9971374826180884,0.9430604982206405,0.9434698328679667,0.9971374826180884
multiclass,optdigits,herding,Herding,budget_50,seed_0,lightgbm,500,0.056145099999412196,3.5096866999992926,0.9971324541480151,0.9350533807829181,0.9351724644196867,0.9971324541480151
multiclass,optdigits,herding,Herding,budget_50,seed_0,mlp,500,0.05684169999949518,0.8494774999999208,0.9951688987091508,0.9448398576512456,0.9448225317968479,0.9951688987091508
multiclass,optdigits,k_center,K-center,budget_25,seed_0,xgboost,250,0.2782200000001467,0.494352900001104,0.9965028727179911,0.9208185053380783,0.920282087826763,0.9965028727179911
multiclass,optdigits,k_center,K-center,budget_25,seed_0,lightgbm,250,0.23528719999922032,2.838771999999153,0.9959217796476765,0.9172597864768683,0.9172900583676447,0.9959217796476765
multiclass,optdigits,k_center,K-center,budget_25,seed_0,mlp,250,0.24368479999975534,0.701408499999161,0.9978840569058829,0.9555160142348754,0.9552684380706669,0.9978840569058829
multiclass,optdigits,k_center,K-center,budget_50,seed_0,xgboost,500,0.5395595000009052,0.6658721999992849,0.9981907135184613,0.947508896797153,0.9476122714513394,0.9981907135184613
multiclass,optdigits,k_center,K-center,budget_50,seed_0,lightgbm,500,0.42102840000006836,4.101353000000017,0.9978232618796156,0.9412811387900356,0.9413177297274359,0.9978232618796156
multiclass,optdigits,k_center,K-center,budget_50,seed_0,mlp,500,0.4055496000000858,1.0502696000003198,0.9987083576645507,0.9644128113879004,0.9642315875828682,0.9987083576645507
multiclass,optdigits,full_data,Full data,budget_25,seed_0,xgboost,3372,2.6599998818710446e-05,2.0418331999990187,0.9989072368515215,0.9697508896797153,0.9698979535295915,0.9989072368515215
multiclass,optdigits,full_data,Full data,budget_25,seed_0,lightgbm,3372,3.3399999665562063e-05,5.9099803999997675,0.9990355828493644,0.9750889679715302,0.9751077488881373,0.9990355828493644
multiclass,optdigits,full_data,Full data,budget_25,seed_0,mlp,3372,2.499999936844688e-05,3.0044170999990456,0.9991210978293547,0.9733096085409253,0.9732354364064643,0.9991210978293547
multiclass,optdigits,full_data,Full data,budget_50,seed_0,xgboost,3372,3.3999998777289875e-05,1.9652796000009403,0.9989072368515215,0.9697508896797153,0.9698979535295915,0.9989072368515215
multiclass,optdigits,full_data,Full data,budget_50,seed_0,lightgbm,3372,3.0100000003585592e-05,7.339906399998654,0.9990355828493644,0.9750889679715302,0.9751077488881373,0.9990355828493644
multiclass,optdigits,full_data,Full data,budget_50,seed_0,mlp,3372,3.330000072310213e-05,3.027177899999515,0.9991210978293547,0.9733096085409253,0.9732354364064643,0.9991210978293547
multiclass,satimage,histdistill,HistDistill,budget_25,seed_0,xgboost,150,2.299188299999514,0.23227159999987634,0.9330407602749792,0.7441679626749611,0.7360535098939093,0.9330407602749792
multiclass,satimage,histdistill,HistDistill,budget_25,seed_0,lightgbm,150,2.4149428000000626,0.8152479000000312,0.9371399383577742,0.7231726283048211,0.7181520834083885,0.9371399383577742
multiclass,satimage,histdistill,HistDistill,budget_25,seed_0,mlp,150,2.4259142999999312,0.5582555000000866,0.9550210728190155,0.776049766718507,0.763205186363232,0.9550210728190155
multiclass,satimage,histdistill,HistDistill,budget_50,seed_0,xgboost,300,3.2139047000000573,0.4163300000000163,0.9557976833229205,0.7791601866251944,0.7687122906221039,0.9557976833229205
multiclass,satimage,histdistill,HistDistill,budget_50,seed_0,lightgbm,300,3.237032099999851,1.92360010000084,0.957570437954128,0.7877138413685848,0.774769558950582,0.957570437954128
multiclass,satimage,histdistill,HistDistill,budget_50,seed_0,mlp,300,3.4637876999986474,1.2151042999994388,0.9698294864260796,0.8188180404354588,0.8025112658387549,0.9698294864260796
multiclass,satimage,random,Random,budget_25,seed_0,xgboost,150,0.0006554999999934807,0.2799766999996791,0.9498037626255879,0.797045101088647,0.7803410202577222,0.9498037626255879
multiclass,satimage,random,Random,budget_25,seed_0,lightgbm,150,0.0008457000003545545,3.2030305999996926,0.9496938900742746,0.7892690513219285,0.7704401334051303,0.9496938900742746
multiclass,satimage,random,Random,budget_25,seed_0,mlp,150,0.0012901000009151176,0.8271260999990773,0.9566672437480005,0.807153965785381,0.78582855241697,0.9566672437480005
multiclass,satimage,random,Random,budget_50,seed_0,xgboost,300,0.0009200999993481673,0.4307907999991585,0.9727551223948478,0.8374805598755832,0.8191225172611825,0.9727551223948478
multiclass,satimage,random,Random,budget_50,seed_0,lightgbm,300,0.001157700000476325,3.1438577999997506,0.9726200327945823,0.8405909797822706,0.822584997394478,0.9726200327945823
multiclass,satimage,random,Random,budget_50,seed_0,mlp,300,0.0007452000008925097,1.039446400000088,0.972100965448039,0.8273716951788491,0.8073434461451026,0.972100965448039
multiclass,satimage,herding,Herding,budget_25,seed_0,xgboost,150,0.02672809999967285,0.1800545999994938,0.9173325073308908,0.7130637636080871,0.7020145794211281,0.9173325073308908
multiclass,satimage,herding,Herding,budget_25,seed_0,lightgbm,150,0.029581699998743716,1.6449310000007245,0.9026261936671042,0.6788491446345256,0.6632200967133348,0.9026261936671042
multiclass,satimage,herding,Herding,budget_25,seed_0,mlp,150,0.029112099999110796,0.3408159999999043,0.9482948957085654,0.749611197511664,0.7388243286500993,0.9482948957085654
multiclass,satimage,herding,Herding,budget_50,seed_0,xgboost,300,0.04596240000137186,0.23720850000063365,0.9297382107138072,0.6959564541213064,0.6820102090431209,0.9297382107138072
multiclass,satimage,herding,Herding,budget_50,seed_0,lightgbm,300,0.04414539999925182,1.109729800000423,0.9157234733876091,0.6337480559875583,0.6210710552664901,0.9157234733876091
multiclass,satimage,herding,Herding,budget_50,seed_0,mlp,300,0.0463447999991331,0.5311404999993101,0.9448971354033161,0.7465007776049767,0.737337045908796,0.9448971354033161
multiclass,satimage,k_center,K-center,budget_25,seed_0,xgboost,150,0.1486053999997239,0.33832280000024184,0.9609823503517231,0.8055987558320373,0.7915957885770967,0.9609823503517231
multiclass,satimage,k_center,K-center,budget_25,seed_0,lightgbm,150,0.1746114999987185,1.2253817000000709,0.9554131200426088,0.7799377916018663,0.7660378819519428,0.9554131200426088
multiclass,satimage,k_center,K-center,budget_25,seed_0,mlp,150,0.15817930000048364,0.5314996999986761,0.9667674163912218,0.7900466562986003,0.7775631548692834,0.9667674163912218
multiclass,satimage,k_center,K-center,budget_50,seed_0,xgboost,300,0.30524420000074315,0.5120260999992752,0.9756175395776704,0.8258164852255054,0.8124115869772979,0.9756175395776704
multiclass,satimage,k_center,K-center,budget_50,seed_0,lightgbm,300,0.28661230000034266,2.0673831999993126,0.9715021528034091,0.807153965785381,0.7990236626482671,0.9715021528034091
multiclass,satimage,k_center,K-center,budget_50,seed_0,mlp,300,0.28246500000022934,1.1641362999998819,0.9645728341813723,0.7371695178849145,0.7459673126873124,0.9645728341813723
multiclass,satimage,full_data,Full data,budget_25,seed_0,xgboost,3858,2.6699999580159783e-05,1.3348196999995707,0.9878556009308458,0.890357698289269,0.8683374352947966,0.9878556009308458
multiclass,satimage,full_data,Full data,budget_25,seed_0,lightgbm,3858,2.7600000976235606e-05,3.2322824000002583,0.9903595671858877,0.9027993779160186,0.8842085885923062,0.9903595671858877
multiclass,satimage,full_data,Full data,budget_25,seed_0,mlp,3858,2.080000012938399e-05,10.58898340000087,0.9892781762543081,0.9027993779160186,0.886921658705527,0.9892781762543081
multiclass,satimage,full_data,Full data,budget_50,seed_0,xgboost,3858,2.5600000299164094e-05,1.3494458999994094,0.9878556009308458,0.890357698289269,0.8683374352947966,0.9878556009308458
multiclass,satimage,full_data,Full data,budget_50,seed_0,lightgbm,3858,2.7399999453336932e-05,3.9603432999992947,0.9903595671858877,0.9027993779160186,0.8842085885923062,0.9903595671858877
multiclass,satimage,full_data,Full data,budget_50,seed_0,mlp,3858,2.4000000848900527e-05,9.664582899999004,0.9892781762543081,0.9027993779160186,0.886921658705527,0.9892781762543081
multiclass,vehicle,histdistill,HistDistill,budget_25,seed_0,xgboost,100,0.30313120000027993,0.12983709999934945,0.9033156903860029,0.7235294117647059,0.7221222040370976,0.9033156903860029
multiclass,vehicle,histdistill,HistDistill,budget_25,seed_0,lightgbm,100,0.3270668000004662,0.7500306999991153,0.908088023088023,0.711764705882353,0.703840231047267,0.908088023088023
multiclass,vehicle,histdistill,HistDistill,budget_25,seed_0,mlp,100,0.30123660000026575,0.4449817999993684,0.9239057600385725,0.7941176470588235,0.7924402848679649,0.9239057600385725
multiclass,vehicle,histdistill,HistDistill,budget_50,seed_0,xgboost,200,0.3247525000006135,0.17485750000014377,0.9153447594072595,0.7235294117647059,0.7216450216450216,0.9153447594072595
multiclass,vehicle,histdistill,HistDistill,budget_50,seed_0,lightgbm,200,0.3318941999987146,1.0966134999998758,0.9074435330294706,0.6882352941176471,0.6878963358264688,0.9074435330294706
multiclass,vehicle,histdistill,HistDistill,budget_50,seed_0,mlp,200,0.32285159999992175,0.5547206999999617,0.9167963330072705,0.7588235294117647,0.7601240107641012,0.9167963330072705
multiclass,vehicle,random,Random,budget_25,seed_0,xgboost,100,0.00042949999988195486,0.12640169999940554,0.8633454913142413,0.6411764705882353,0.6298488164608136,0.8633454913142413
multiclass,vehicle,random,Random,budget_25,seed_0,lightgbm,100,0.0004633999997167848,0.7034082000009221,0.8503803683295872,0.6176470588235294,0.6158051145190715,0.8503803683295872
multiclass,vehicle,random,Random,budget_25,seed_0,mlp,100,0.00037900000097579323,0.42348429999947257,0.8786220983877233,0.7235294117647059,0.7255436437254176,0.8786220983877233
multiclass,vehicle,random,Random,budget_50,seed_0,xgboost,200,0.0003589999996620463,0.17044690000147966,0.8851728132978134,0.6705882352941176,0.6666766750088803,0.8851728132978134
multiclass,vehicle,random,Random,budget_50,seed_0,lightgbm,200,0.0004422000001795823,0.855074400000376,0.8737749360014985,0.6647058823529411,0.6639903561843242,0.8737749360014985
multiclass,vehicle,random,Random,budget_50,seed_0,mlp,200,0.00034050000067509245,0.6081305999996403,0.9004175295190919,0.7470588235294118,0.746983909843007,0.9004175295190919
multiclass,vehicle,herding,Herding,budget_25,seed_0,xgboost,100,0.006880199998704484,0.132788699998855,0.8722534713550338,0.6882352941176471,0.674519369233385,0.8722534713550338
multiclass,vehicle,herding,Herding,budget_25,seed_0,lightgbm,100,0.007407099999909406,0.7095303000005515,0.8379929488913864,0.6294117647058823,0.621683151702346,0.8379929488913864
multiclass,vehicle,herding,Herding,budget_25,seed_0,mlp,100,0.0074088000001211185,0.47841629999857105,0.8400008325008326,0.6352941176470588,0.6333835538958698,0.8400008325008326
multiclass,vehicle,herding,Herding,budget_50,seed_0,xgboost,200,0.010350200000175391,0.16506020000088029,0.9037105559371186,0.7294117647058823,0.7188544524100413,0.9037105559371186
multiclass,vehicle,herding,Herding,budget_50,seed_0,lightgbm,200,0.011250100000324892,0.7732698999989225,0.9055168139152514,0.7176470588235294,0.712001481664403,0.9055168139152514
multiclass,vehicle,herding,Herding,budget_50,seed_0,mlp,200,0.01017139999930805,0.6020645999997214,0.9182275016650017,0.7764705882352941,0.7770715022043868,0.9182275016650017
multiclass,vehicle,k_center,K-center,budget_25,seed_0,xgboost,100,0.07567129999915778,0.1468869000000268,0.8888464790417915,0.6764705882352942,0.6686320140614193,0.8888464790417915
multiclass,vehicle,k_center,K-center,budget_25,seed_0,lightgbm,100,0.08473319999939122,0.7593976999996812,0.8854393132908758,0.6764705882352942,0.6688995037388612,0.8854393132908758
multiclass,vehicle,k_center,K-center,budget_25,seed_0,mlp,100,0.07665929999893706,0.44590400000015507,0.9231954200313576,0.7470588235294118,0.7484696892820147,0.9231954200313576
multiclass,vehicle,k_center,K-center,budget_50,seed_0,xgboost,200,0.13958679999996093,0.19463360000008834,0.9134073001651126,0.7058823529411765,0.701214985377953,0.9134073001651126
multiclass,vehicle,k_center,K-center,budget_50,seed_0,lightgbm,200,0.17259809999995923,0.9625651999995171,0.8997003040362416,0.7,0.7003830242422747,0.8997003040362416
multiclass,vehicle,k_center,K-center,budget_50,seed_0,mlp,200,0.16361119999965013,0.5805426999995689,0.9555532921939172,0.8117647058823529,0.8117634325643555,0.9555532921939172
multiclass,vehicle,full_data,Full data,budget_25,seed_0,xgboost,507,2.7099998987978324e-05,0.2620905000003404,0.9224624594155845,0.7647058823529411,0.7625393913985257,0.9224624594155845
multiclass,vehicle,full_data,Full data,budget_25,seed_0,lightgbm,507,2.8700000257231295e-05,1.7855307000008906,0.9167832774864024,0.7470588235294118,0.7452128806749821,0.9167832774864024
multiclass,vehicle,full_data,Full data,budget_25,seed_0,mlp,507,2.1200001356191933e-05,1.5227447000015673,0.9448998831030081,0.7764705882352941,0.7764999164949407,0.9448998831030081
multiclass,vehicle,full_data,Full data,budget_50,seed_0,xgboost,507,1.82999992830446e-05,0.27064830000017537,0.9224624594155845,0.7647058823529411,0.7625393913985257,0.9224624594155845
multiclass,vehicle,full_data,Full data,budget_50,seed_0,lightgbm,507,2.0400000721565448e-05,1.313403300000573,0.9167832774864024,0.7470588235294118,0.7452128806749821,0.9167832774864024
multiclass,vehicle,full_data,Full data,budget_50,seed_0,mlp,507,1.7500000467407517e-05,1.4366119999995135,0.9448998831030081,0.7764705882352941,0.7764999164949407,0.9448998831030081
multiclass,balance_scale,histdistill,HistDistill,budget_25,seed_1,xgboost,75,0.06281899999885354,0.04205259999980626,0.8277435177640914,0.72,0.625491676893546,0.8277435177640914
multiclass,balance_scale,histdistill,HistDistill,budget_25,seed_1,lightgbm,75,0.06636900000012247,0.30822749999970256,0.8124479348052972,0.688,0.5587590968590826,0.8124479348052972
multiclass,balance_scale,histdistill,HistDistill,budget_25,seed_1,mlp,75,0.06631900000138558,0.35422119999930146,0.981094335616413,0.888,0.8098723089911356,0.981094335616413
multiclass,balance_scale,histdistill,HistDistill,budget_50,seed_1,xgboost,129,0.07700909999948635,0.07005739999840443,0.8423105706823436,0.8,0.6345089563480367,0.8423105706823436
multiclass,balance_scale,histdistill,HistDistill,budget_50,seed_1,lightgbm,129,0.08825090000027558,0.6316575999990164,0.8664286214793502,0.792,0.6638640626724043,0.8664286214793502
multiclass,balance_scale,histdistill,HistDistill,budget_50,seed_1,mlp,129,0.08983479999915289,0.4298882000002777,0.9903264982575791,0.944,0.8921631776704241,0.9903264982575791
multiclass,balance_scale,random,Random,budget_25,seed_1,xgboost,75,0.0003249000001233071,0.06074629999966419,0.7863195441233222,0.584,0.521845851742759,0.7863195441233222
multiclass,balance_scale,random,Random,budget_25,seed_1,lightgbm,75,0.00034330000016780104,0.5354597999994439,0.7489823787950455,0.6,0.5095959005533474,0.7489823787950455
multiclass,balance_scale,random,Random,budget_25,seed_1,mlp,75,0.0003166999995301012,0.3744814999990922,0.9665921886337457,0.88,0.7921656417448842,0.9665921886337457
multiclass,balance_scale,random,Random,budget_50,seed_1,xgboost,129,0.00029709999944316223,0.08188329999939015,0.8322910239811012,0.76,0.6406926406926406,0.8322910239811012
multiclass,balance_scale,random,Random,budget_50,seed_1,lightgbm,129,0.00038099999983387534,0.8291162999994413,0.8515366035849041,0.76,0.640928290928291,0.8515366035849041
multiclass,balance_scale,random,Random,budget_50,seed_1,mlp,129,0.0006578000011359109,0.5103651999997965,0.9864739321419492,0.928,0.8613349088695528,0.9864739321419492
multiclass,balance_scale,herding,Herding,budget_25,seed_1,xgboost,75,0.004999900000257185,0.06542780000017956,0.7524867530961966,0.488,0.46221130920607806,0.7524867530961966
multiclass,balance_scale,herding,Herding,budget_25,seed_1,lightgbm,75,0.004479200000787387,0.4331937000006292,0.7712108189701646,0.568,0.489118024974242,0.7712108189701646
multiclass,balance_scale,herding,Herding,budget_25,seed_1,mlp,75,0.004406300000482588,0.3925477000011597,0.9546193905496306,0.768,0.6902102788895242,0.9546193905496306
multiclass,balance_scale,herding,Herding,budget_50,seed_1,xgboost,129,0.0049687000009726034,0.06514919999972335,0.8665914941578854,0.6,0.5503010399562124,0.8665914941578854
multiclass,balance_scale,herding,Herding,budget_50,seed_1,lightgbm,129,0.005652400001054048,0.679479899999933,0.8468197337032236,0.72,0.6317687475088731,0.8468197337032236
multiclass,balance_scale,herding,Herding,budget_50,seed_1,mlp,129,0.005446999999549007,0.4993727000000945,0.9848308157274812,0.888,0.8098723089911356,0.9848308157274812
multiclass,balance_scale,k_center,K-center,budget_25,seed_1,xgboost,75,0.05790320000050997,0.06899849999899743,0.8381021236374404,0.736,0.5982258482258483,0.8381021236374404
multiclass,balance_scale,k_center,K-center,budget_25,seed_1,lightgbm,75,0.055736700000124983,0.4649546000000555,0.7921668943111119,0.696,0.5460653437138586,0.7921668943111119
multiclass,balance_scale,k_center,K-center,budget_25,seed_1,mlp,75,0.0607720000007248,0.4093493000000308,0.9932475553268142,0.952,0.8913199794555727,0.9932475553268142
multiclass,balance_scale,k_center,K-center,budget_50,seed_1,xgboost,129,0.12900919999992766,0.08809870000004594,0.8359638883483264,0.776,0.5955667930889169,0.8359638883483264
multiclass,balance_scale,k_center,K-center,budget_50,seed_1,lightgbm,129,0.08239599999978964,0.6659644000010303,0.8648229799737471,0.84,0.6352277753206547,0.8648229799737471
multiclass,balance_scale,k_center,K-center,budget_50,seed_1,mlp,129,0.08141990000149235,0.45204759999978705,0.9921834851408146,0.96,0.9059761941117873,0.9921834851408146
multiclass,balance_scale,full_data,Full data,budget_25,seed_1,xgboost,375,1.9499999325489625e-05,0.08710689999861643,0.8569697818250432,0.872,0.610608630111174,0.8569697818250432
multiclass,balance_scale,full_data,Full data,budget_25,seed_1,lightgbm,375,2.119999953720253e-05,1.322148199998992,0.8964458055617079,0.848,0.601371583116005,0.8964458055617079
multiclass,balance_scale,full_data,Full data,budget_25,seed_1,mlp,375,1.650000012887176e-05,0.9578896000002715,0.9975410179327261,0.976,0.9387688510311326,0.9975410179327261
multiclass,balance_scale,full_data,Full data,budget_50,seed_1,xgboost,375,1.359999987471383e-05,0.08501439999963623,0.8569697818250432,0.872,0.610608630111174,0.8569697818250432
multiclass,balance_scale,full_data,Full data,budget_50,seed_1,lightgbm,375,1.9400000383029692e-05,1.4056289000000106,0.8964458055617079,0.848,0.601371583116005,0.8964458055617079
multiclass,balance_scale,full_data,Full data,budget_50,seed_1,mlp,375,1.8500000805943273e-05,0.968188699998791,0.9975410179327261,0.976,0.9387688510311326,0.9975410179327261
multiclass,cmc,histdistill,HistDistill,budget_25,seed_1,xgboost,75,0.20286059999853023,0.08624269999927492,0.6459700154027418,0.4406779661016949,0.43718306136275675,0.6459700154027418
multiclass,cmc,histdistill,HistDistill,budget_25,seed_1,lightgbm,75,0.17532300000129908,0.40135319999899366,0.6826581376618299,0.46440677966101696,0.4638068898938464,0.6826581376618299
multiclass,cmc,histdistill,HistDistill,budget_25,seed_1,mlp,75,0.19151980000060576,0.4047984999997425,0.6323501057316744,0.4610169491525424,0.45940046448021105,0.6323501057316744
multiclass,cmc,histdistill,HistDistill,budget_50,seed_1,xgboost,150,0.18823770000017248,0.08007970000107889,0.7224983298691513,0.5220338983050847,0.5138317535249085,0.7224983298691513
multiclass,cmc,histdistill,HistDistill,budget_50,seed_1,lightgbm,150,0.18286900000020978,0.6045074000012391,0.686783179092143,0.4915254237288136,0.48667348253936904,0.686783179092143
multiclass,cmc,histdistill,HistDistill,budget_50,seed_1,mlp,150,0.19428180000068096,0.48406249999970896,0.6973387950663875,0.5152542372881356,0.5103666217460003,0.6973387950663875
multiclass,cmc,random,Random,budget_25,seed_1,xgboost,75,0.0003668000008474337,0.06176919999961683,0.6695906457390916,0.48135593220338985,0.4765791616580713,0.6695906457390916
multiclass,cmc,random,Random,budget_25,seed_1,lightgbm,75,0.00040300000000570435,0.4552481999999145,0.6683343850499464,0.4915254237288136,0.48923024406895377,0.6683343850499464
multiclass,cmc,random,Random,budget_25,seed_1,mlp,75,0.00035770000067714136,0.41488399999980174,0.6276870221875103,0.43389830508474575,0.41975995629301516,0.6276870221875103
multiclass,cmc,random,Random,budget_50,seed_1,xgboost,150,0.0003577999996196013,0.0818715000004886,0.706894297821051,0.5050847457627119,0.4928386115226376,0.706894297821051
multiclass,cmc,random,Random,budget_50,seed_1,lightgbm,150,0.00034309999864490237,0.6707898000004207,0.6922685196317637,0.5220338983050847,0.5126432407464857,0.6922685196317637
multiclass,cmc,random,Random,budget_50,seed_1,mlp,150,0.0004358000005595386,0.5014162000006763,0.6416353935647493,0.4542372881355932,0.44852670554065144,0.6416353935647493
multiclass,cmc,herding,Herding,budget_25,seed_1,xgboost,75,0.0063824999997450504,0.06695229999968433,0.685530363249122,0.49830508474576274,0.4973554995624314,0.685530363249122
multiclass,cmc,herding,Herding,budget_25,seed_1,lightgbm,75,0.006420499999876483,0.33676869999908376,0.6394484172760277,0.45084745762711864,0.44849823096234925,0.6394484172760277
multiclass,cmc,herding,Herding,budget_25,seed_1,mlp,75,0.005633500000840286,0.36633070000061707,0.709777555831047,0.5220338983050847,0.5139240679468364,0.709777555831047
multiclass,cmc,herding,Herding,budget_50,seed_1,xgboost,150,0.009841200000664685,0.07152040000073612,0.703058877049299,0.4915254237288136,0.48626197058941384,0.703058877049299
multiclass,cmc,herding,Herding,budget_50,seed_1,lightgbm,150,0.010618100001011044,0.5114622000000963,0.6835285289228917,0.46779661016949153,0.46809738041407306,0.6835285289228917
multiclass,cmc,herding,Herding,budget_50,seed_1,mlp,150,0.009942200000295998,0.4731802999995125,0.6925329323105144,0.5152542372881356,0.5087189129719772,0.6925329323105144
multiclass,cmc,k_center,K-center,budget_25,seed_1,xgboost,75,0.0725944999994681,0.07297040000048582,0.6471459009492114,0.43050847457627117,0.43310185370879917,0.6471459009492114
multiclass,cmc,k_center,K-center,budget_25,seed_1,lightgbm,75,0.05577219999941008,0.2956343999994715,0.6227556966224136,0.4067796610169492,0.40416511323334,0.6227556966224136
multiclass,cmc,k_center,K-center,budget_25,seed_1,mlp,75,0.05173110000032466,0.37073249999957625,0.6239921602161413,0.3694915254237288,0.3685214466782119,0.6239921602161413
multiclass,cmc,k_center,K-center,budget_50,seed_1,xgboost,150,0.09445190000042203,0.07388890000038373,0.6887956081137349,0.4576271186440678,0.4599240062508428,0.6887956081137349
multiclass,cmc,k_center,K-center,budget_50,seed_1,lightgbm,150,0.09980350000114413,0.6297528000013699,0.6691846440895537,0.43728813559322033,0.43780792818720665,0.6691846440895537
multiclass,cmc,k_center,K-center,budget_50,seed_1,mlp,150,0.10270130000026256,0.4520794999989448,0.679062699272491,0.45084745762711864,0.44711572009891376,0.679062699272491
multiclass,cmc,full_data,Full data,budget_25,seed_1,xgboost,883,1.7100001059588976e-05,0.14091690000168455,0.748340442788222,0.5525423728813559,0.5177443826863987,0.748340442788222
multiclass,cmc,full_data,Full data,budget_25,seed_1,lightgbm,883,2.660000063769985e-05,1.5002738999992289,0.7316375868762431,0.5661016949152542,0.5320313305495411,0.7316375868762431
multiclass,cmc,full_data,Full data,budget_25,seed_1,mlp,883,2.209999911428895e-05,2.6152654999987135,0.7060889090975309,0.5016949152542373,0.47554395359214635,0.7060889090975309
multiclass,cmc,full_data,Full data,budget_50,seed_1,xgboost,883,1.2900000001536682e-05,0.131071100000554,0.748340442788222,0.5525423728813559,0.5177443826863987,0.748340442788222
multiclass,cmc,full_data,Full data,budget_50,seed_1,lightgbm,883,5.819999933009967e-05,1.5707502000004752,0.7316375868762431,0.5661016949152542,0.5320313305495411,0.7316375868762431
multiclass,cmc,full_data,Full data,budget_50,seed_1,mlp,883,2.2599999283556826e-05,2.392447700000048,0.7060889090975309,0.5016949152542373,0.47554395359214635,0.7060889090975309
multiclass,eucalyptus,histdistill,HistDistill,budget_25,seed_1,xgboost,125,0.31762699999853794,0.1508017000014661,0.898284495937282,0.6418918918918919,0.6317700541826351,0.898284495937282
multiclass,eucalyptus,histdistill,HistDistill,budget_25,seed_1,lightgbm,125,0.31012339999870164,0.9112065000008442,0.8589864660584496,0.49324324324324326,0.4853451452280339,0.8589864660584496
multiclass,eucalyptus,histdistill,HistDistill,budget_25,seed_1,mlp,125,0.31522359999871696,0.4389599000005546,0.8562082966852799,0.5337837837837838,0.5196955822153904,0.8562082966852799
multiclass,eucalyptus,histdistill,HistDistill,budget_50,seed_1,xgboost,250,0.348177099998793,0.22921539999879315,0.902282328394886,0.6621621621621622,0.6489877658573311,0.902282328394886
multiclass,eucalyptus,histdistill,HistDistill,budget_50,seed_1,lightgbm,250,0.3436106999997719,2.0166224999993574,0.8985493983539475,0.6216216216216216,0.6122458230499582,0.8985493983539475
multiclass,eucalyptus,histdistill,HistDistill,budget_50,seed_1,mlp,250,0.3805026000009093,0.8452703999992082,0.8870918349505784,0.581081081081081,0.5718924169107533,0.8870918349505784
multiclass,eucalyptus,random,Random,budget_25,seed_1,xgboost,125,0.0003766000008909032,0.17187539999940782,0.8342236729228336,0.6013513513513513,0.5879631690113774,0.8342236729228336
multiclass,eucalyptus,random,Random,budget_25,seed_1,lightgbm,125,0.0003648000001703622,1.1553137999999308,0.8149894423100911,0.5472972972972973,0.5292032193158953,0.8149894423100911
multiclass,eucalyptus,random,Random,budget_25,seed_1,mlp,125,0.0003501999999571126,0.49813189999986207,0.8159805949813691,0.5135135135135135,0.4881474871097513,0.8159805949813691
multiclass,eucalyptus,random,Random,budget_50,seed_1,xgboost,250,0.0005011000012018485,0.23807459999989078,0.871015066649487,0.5743243243243243,0.5607700534759358,0.871015066649487
multiclass,eucalyptus,random,Random,budget_50,seed_1,lightgbm,250,0.00037650000012945384,1.5400469999985944,0.86088709122263,0.5675675675675675,0.5497526169529791,0.86088709122263
multiclass,eucalyptus,random,Random,budget_50,seed_1,mlp,250,0.000414699999964796,0.868003999999928,0.8711064323456894,0.5540540540540541,0.5390396921916292,0.8711064323456894
multiclass,eucalyptus,herding,Herding,budget_25,seed_1,xgboost,125,0.007359299999734503,0.15865879999910248,0.8706711706392604,0.581081081081081,0.5643036837376461,0.8706711706392604
multiclass,eucalyptus,herding,Herding,budget_25,seed_1,lightgbm,125,0.007419199999276316,1.2159518000007665,0.8693781390258666,0.5878378378378378,0.5652985130811218,0.8693781390258666
multiclass,eucalyptus,herding,Herding,budget_25,seed_1,mlp,125,0.0070976999995764345,0.5057444000012765,0.8519064991856522,0.5202702702702703,0.5162131061687111,0.8519064991856522
multiclass,eucalyptus,herding,Herding,budget_50,seed_1,xgboost,250,0.012497800000346615,0.22681829999964975,0.9015110649736713,0.6418918918918919,0.6301298701298701,0.9015110649736713
multiclass,eucalyptus,herding,Herding,budget_50,seed_1,lightgbm,250,0.01369689999955881,1.4703494000004866,0.8901470566956362,0.6486486486486487,0.6360911288550289,0.8901470566956362
multiclass,eucalyptus,herding,Herding,budget_50,seed_1,mlp,250,0.012874500000179978,0.8605093000005581,0.8822749119333789,0.5540540540540541,0.5398369435651954,0.8822749119333789
multiclass,eucalyptus,k_center,K-center,budget_25,seed_1,xgboost,125,0.09947789999932866,0.18599759999960952,0.8745083564634267,0.5878378378378378,0.5764739443287376,0.8745083564634267
multiclass,eucalyptus,k_center,K-center,budget_25,seed_1,lightgbm,125,0.09092160000000149,0.9235967000004166,0.8611596335298403,0.5743243243243243,0.5668795385714396,0.8611596335298403
multiclass,eucalyptus,k_center,K-center,budget_25,seed_1,mlp,125,0.0963119000007282,0.46621609999965585,0.8680204134639158,0.5337837837837838,0.5153866120754158,0.8680204134639158
multiclass,eucalyptus,k_center,K-center,budget_50,seed_1,xgboost,250,0.1958145999997214,0.23285709999981918,0.8909093533610714,0.6216216216216216,0.6071575941788707,0.8909093533610714
multiclass,eucalyptus,k_center,K-center,budget_50,seed_1,lightgbm,250,0.15726660000109405,1.3439464000002772,0.8744774480978498,0.581081081081081,0.5674262332579358,0.8744774480978498
multiclass,eucalyptus,k_center,K-center,budget_50,seed_1,mlp,250,0.15378959999907238,0.8879876999999397,0.8823394662750237,0.581081081081081,0.5641344232143751,0.8823394662750237
multiclass,eucalyptus,full_data,Full data,budget_25,seed_1,xgboost,441,1.8799999452312477e-05,0.2831112000003486,0.9057804035302188,0.6824324324324325,0.6514232272286984,0.9057804035302188
multiclass,eucalyptus,full_data,Full data,budget_25,seed_1,lightgbm,441,1.4900000678608194e-05,2.024753100000453,0.8887170711188748,0.6621621621621622,0.6364180277526206,0.8887170711188748
multiclass,eucalyptus,full_data,Full data,budget_25,seed_1,mlp,441,1.6600000890321098e-05,1.368504899999607,0.9014280890517004,0.6486486486486487,0.6188829216591053,0.9014280890517004
multiclass,eucalyptus,full_data,Full data,budget_50,seed_1,xgboost,441,1.700000029813964e-05,0.28371980000156327,0.9057804035302188,0.6824324324324325,0.6514232272286984,0.9057804035302188
multiclass,eucalyptus,full_data,Full data,budget_50,seed_1,lightgbm,441,1.6199999663513154e-05,1.9196901000013895,0.8887170711188748,0.6621621621621622,0.6364180277526206,0.8887170711188748
multiclass,eucalyptus,full_data,Full data,budget_50,seed_1,mlp,441,1.7299998944508843e-05,1.3535871999993105,0.9014280890517004,0.6486486486486487,0.6188829216591053,0.9014280890517004
multiclass,letter,histdistill,HistDistill,budget_25,seed_1,xgboost,650,12.727001799999925,0.9748044000007212,0.9797481816223675,0.7716666666666666,0.7721836395380804,0.9797481816223675
multiclass,letter,histdistill,HistDistill,budget_25,seed_1,lightgbm,650,12.194546499998978,7.907039600000644,0.9809010203012394,0.7666666666666667,0.7671311597485845,0.9809010203012394
multiclass,letter,histdistill,HistDistill,budget_25,seed_1,mlp,650,13.042381000001114,2.8726028999990376,0.9830251118690079,0.7829166666666667,0.7822095429471106,0.9830251118690079
multiclass,letter,histdistill,HistDistill,budget_50,seed_1,xgboost,1300,18.692876900000556,1.3250967000003584,0.9877851763964733,0.81375,0.8143876788124375,0.9877851763964733
multiclass,letter,histdistill,HistDistill,budget_50,seed_1,lightgbm,1300,18.075080599999637,14.774186599999666,0.9888561039545943,0.8183333333333334,0.818077169270845,0.9888561039545943
multiclass,letter,histdistill,HistDistill,budget_50,seed_1,mlp,1300,18.546327300000485,3.7007267999997566,0.9913532691252064,0.8308333333333333,0.8306972232006137,0.9913532691252064
multiclass,letter,random,Random,budget_25,seed_1,xgboost,650,0.002039400000285241,1.0340085999996518,0.9722034563479975,0.7158333333333333,0.7164708443504796,0.9722034563479975
multiclass,letter,random,Random,budget_25,seed_1,lightgbm,650,0.0020916000012221048,10.073131200000716,0.9743087650991886,0.7191666666666666,0.7194258512460685,0.9743087650991886
multiclass,letter,random,Random,budget_25,seed_1,mlp,650,0.0017437000005884329,2.8012455999996746,0.9778151472661232,0.7479166666666667,0.7474057361317977,0.9778151472661232
multiclass,letter,random,Random,budget_50,seed_1,xgboost,1300,0.0017000999996525934,1.3359194000004209,0.9836213187889569,0.7845833333333333,0.7852722171912745,0.9836213187889569
multiclass,letter,random,Random,budget_50,seed_1,lightgbm,1300,0.0014160000009724172,17.0504777999995,0.9854885721373761,0.7983333333333333,0.7973216929147726,0.9854885721373761
multiclass,letter,random,Random,budget_50,seed_1,mlp,1300,0.002464400000462774,3.8144317000005685,0.988272136424173,0.8104166666666667,0.8098613832253249,0.988272136424173
multiclass,letter,herding,Herding,budget_25,seed_1,xgboost,650,0.05659000000014203,0.9257760000000417,0.9662442364462518,0.7091666666666666,0.7113299563037396,0.9662442364462518
multiclass,letter,herding,Herding,budget_25,seed_1,lightgbm,650,0.05057039999883273,9.913010199999917,0.9670713675342074,0.6958333333333333,0.6972481900784241,0.9670713675342074
multiclass,letter,herding,Herding,budget_25,seed_1,mlp,650,0.048775700000987854,2.0098088000013377,0.9699209571816128,0.7025,0.7067587819394799,0.9699209571816128
multiclass,letter,herding,Herding,budget_50,seed_1,xgboost,1300,0.08847059999970952,1.2836320999995223,0.981247999405831,0.7629166666666667,0.7646899632144302,0.981247999405831
multiclass,letter,herding,Herding,budget_50,seed_1,lightgbm,1300,0.07832059999964258,14.712614399999438,0.9808376503602092,0.7658333333333334,0.7665331982475602,0.9808376503602092
multiclass,letter,herding,Herding,budget_50,seed_1,mlp,1300,0.08383500000127242,3.969292300000234,0.9804795466818016,0.74875,0.7506021554723159,0.9804795466818016
multiclass,letter,k_center,K-center,budget_25,seed_1,xgboost,650,0.4624053000006825,0.9057273999987956,0.9847562922281233,0.7641666666666667,0.7620892815342745,0.9847562922281233
multiclass,letter,k_center,K-center,budget_25,seed_1,lightgbm,650,0.43537540000033914,9.995051099998818,0.9848386031594323,0.7708333333333334,0.7702168793258182,0.9848386031594323
multiclass,letter,k_center,K-center,budget_25,seed_1,mlp,650,0.5097143000002688,2.201512499999808,0.9909188750559008,0.81125,0.8057824420793145,0.9909188750559008
multiclass,letter,k_center,K-center,budget_50,seed_1,xgboost,1300,0.9158433000011428,1.4222161999987293,0.9914017396300756,0.8204166666666667,0.8199559804809013,0.9914017396300756
multiclass,letter,k_center,K-center,budget_50,seed_1,lightgbm,1300,0.8683748999992531,15.543998099999953,0.9940538300394073,0.8466666666666667,0.846336600805937,0.9940538300394073
multiclass,letter,k_center,K-center,budget_50,seed_1,mlp,1300,0.8937117000004946,4.168029300000853,0.9962699579241877,0.8641666666666666,0.8624381695477609,0.9962699579241877
multiclass,letter,full_data,Full data,budget_25,seed_1,xgboost,7200,4.2300000131945126e-05,6.093384900001183,0.9959720149929144,0.8754166666666666,0.8765739691624487,0.9959720149929144
multiclass,letter,full_data,Full data,budget_25,seed_1,lightgbm,7200,2.8399999791872688e-05,17.048221799999737,0.998307330141957,0.9241666666666667,0.9245351852222681,0.998307330141957
multiclass,letter,full_data,Full data,budget_25,seed_1,mlp,7200,2.4500001018168405e-05,25.240491099999417,0.9988974566165546,0.9366666666666666,0.9366018530062271,0.9988974566165546
multiclass,letter,full_data,Full data,budget_50,seed_1,xgboost,7200,6.789999861211982e-05,5.185633999999482,0.9959720149929144,0.8754166666666666,0.8765739691624487,0.9959720149929144
multiclass,letter,full_data,Full data,budget_50,seed_1,lightgbm,7200,2.6999998226528987e-05,17.489421099999163,0.998307330141957,0.9241666666666667,0.9245351852222681,0.998307330141957
multiclass,letter,full_data,Full data,budget_50,seed_1,mlp,7200,7.539999933214858e-05,25.31406109999989,0.9988974566165546,0.9366666666666666,0.9366018530062271,0.9988974566165546
multiclass,mfeat_fourier,histdistill,HistDistill,budget_25,seed_1,xgboost,250,7.32793859999947,3.3938543000003847,0.9718194444444445,0.7925,0.7936804141536266,0.9718194444444445
multiclass,mfeat_fourier,histdistill,HistDistill,budget_25,seed_1,lightgbm,250,7.340198800000508,1.8862868000014714,0.9727152777777777,0.8025,0.8024472477253219,0.9727152777777777
multiclass,mfeat_fourier,histdistill,HistDistill,budget_25,seed_1,mlp,250,6.717965899999399,0.6635754999988421,0.966326388888889,0.8025,0.8021076487918647,0.966326388888889
multiclass,mfeat_fourier,histdistill,HistDistill,budget_50,seed_1,xgboost,500,6.780791400000453,4.138218899999629,0.9756666666666666,0.7875,0.7898416902938138,0.9756666666666666
multiclass,mfeat_fourier,histdistill,HistDistill,budget_50,seed_1,lightgbm,500,6.30008849999831,4.05122990000018,0.9742777777777778,0.795,0.7967526678944333,0.9742777777777778
multiclass,mfeat_fourier,histdistill,HistDistill,budget_50,seed_1,mlp,500,6.171043399999689,1.129613999999492,0.9692291666666666,0.7975,0.7959389439895006,0.9692291666666666
multiclass,mfeat_fourier,random,Random,budget_25,seed_1,xgboost,250,0.00043059999916295055,2.6997194000014133,0.9670763888888889,0.79,0.7897797171017484,0.9670763888888889
multiclass,mfeat_fourier,random,Random,budget_25,seed_1,lightgbm,250,0.0004828000000998145,1.9026164999995672,0.9640763888888888,0.7775,0.7764273700620612,0.9640763888888888
multiclass,mfeat_fourier,random,Random,budget_25,seed_1,mlp,250,0.0005657000001519918,0.7603335000003426,0.9568611111111112,0.7625,0.7610847345652652,0.9568611111111112
multiclass,mfeat_fourier,random,Random,budget_50,seed_1,xgboost,500,0.0007416000007651746,4.80468590000055,0.9795277777777779,0.82,0.8208221171715147,0.9795277777777779
multiclass,mfeat_fourier,random,Random,budget_50,seed_1,lightgbm,500,0.0005380999991757562,4.46447740000076,0.9762291666666666,0.825,0.8247908263083923,0.9762291666666666
multiclass,mfeat_fourier,random,Random,budget_50,seed_1,mlp,500,0.0007280000008904608,1.7920712999984971,0.9694097222222222,0.7875,0.7867612693748925,0.9694097222222222
multiclass,mfeat_fourier,herding,Herding,budget_25,seed_1,xgboost,250,0.024031500001001405,3.3268604000004416,0.9671736111111112,0.74,0.7398301772356627,0.9671736111111112
multiclass,mfeat_fourier,herding,Herding,budget_25,seed_1,lightgbm,250,0.021619200000714045,3.1650564999999915,0.9670694444444443,0.7575,0.7561183864409938,0.9670694444444443
multiclass,mfeat_fourier,herding,Herding,budget_25,seed_1,mlp,250,0.02179439999963506,0.9657277999995131,0.9565486111111111,0.7775,0.7741894381718384,0.9565486111111111
multiclass,mfeat_fourier,herding,Herding,budget_50,seed_1,xgboost,500,0.03511429999889515,4.797470299999986,0.9748055555555556,0.785,0.7857189403211977,0.9748055555555556
multiclass,mfeat_fourier,herding,Herding,budget_50,seed_1,lightgbm,500,0.040802999999868916,3.594221200000902,0.9751736111111111,0.7975,0.7966928891101341,0.9751736111111111
multiclass,mfeat_fourier,herding,Herding,budget_50,seed_1,mlp,500,0.0368945000009262,1.1950034000001324,0.9636944444444445,0.7925,0.7918454276533111,0.9636944444444445
multiclass,mfeat_fourier,k_center,K-center,budget_25,seed_1,xgboost,250,0.2151718000004621,3.656681700000263,0.9716944444444444,0.79,0.7865078516628687,0.9716944444444444
multiclass,mfeat_fourier,k_center,K-center,budget_25,seed_1,lightgbm,250,0.17744599999969068,2.2777356000005966,0.970486111111111,0.8025,0.8009819333440908,0.970486111111111
multiclass,mfeat_fourier,k_center,K-center,budget_25,seed_1,mlp,250,0.14900229999875592,0.7846002999995108,0.9697638888888889,0.7675,0.7602676344622609,0.9697638888888889
multiclass,mfeat_fourier,k_center,K-center,budget_50,seed_1,xgboost,500,0.2936893999994936,5.181405500001347,0.9782777777777778,0.7825,0.7836432633455599,0.9782777777777778
multiclass,mfeat_fourier,k_center,K-center,budget_50,seed_1,lightgbm,500,0.29777219999959925,4.045306099998925,0.976125,0.795,0.7962569715778476,0.976125
multiclass,mfeat_fourier,k_center,K-center,budget_50,seed_1,mlp,500,0.31328080000093905,1.8851367999996,0.9738194444444446,0.7825,0.7756642858754759,0.9738194444444446
multiclass,mfeat_fourier,full_data,Full data,budget_25,seed_1,xgboost,1200,1.5499999790336005e-05,7.190927199999351,0.9856597222222222,0.8475,0.8485141008805626,0.9856597222222222
multiclass,mfeat_fourier,full_data,Full data,budget_25,seed_1,lightgbm,1200,1.720000000204891e-05,7.445431699999972,0.9850000000000001,0.8625,0.863456774086884,0.9850000000000001
multiclass,mfeat_fourier,full_data,Full data,budget_25,seed_1,mlp,1200,2.0899999071843922e-05,2.2998385000009876,0.9758958333333334,0.8125,0.8089399720880996,0.9758958333333334
multiclass,mfeat_fourier,full_data,Full data,budget_50,seed_1,xgboost,1200,2.2399999579647556e-05,6.698842099998728,0.9856597222222222,0.8475,0.8485141008805626,0.9856597222222222
multiclass,mfeat_fourier,full_data,Full data,budget_50,seed_1,lightgbm,1200,1.9699999029398896e-05,5.2870485999992525,0.9850000000000001,0.8625,0.863456774086884,0.9850000000000001
multiclass,mfeat_fourier,full_data,Full data,budget_50,seed_1,mlp,1200,1.8599999748403206e-05,2.2720230000013544,0.9758958333333334,0.8125,0.8089399720880996,0.9758958333333334
multiclass,optdigits,histdistill,HistDistill,budget_25,seed_1,xgboost,250,3.391950799999904,0.43005510000148206,0.9949051904841444,0.9181494661921709,0.9186120101926869,0.9949051904841444
multiclass,optdigits,histdistill,HistDistill,budget_25,seed_1,lightgbm,250,2.915339600000152,1.5888734000000113,0.9951030990733514,0.9110320284697508,0.9116604534060226,0.9951030990733514
multiclass,optdigits,histdistill,HistDistill,budget_25,seed_1,mlp,250,2.71953670000039,0.6413620000002993,0.9963839957012427,0.943950177935943,0.9441297825156291,0.9963839957012427
multiclass,optdigits,histdistill,HistDistill,budget_50,seed_1,xgboost,500,3.7874903000010818,0.5872264000008727,0.9967112321712681,0.9412811387900356,0.9414804054762216,0.9967112321712681
multiclass,optdigits,histdistill,HistDistill,budget_50,seed_1,lightgbm,500,3.8200504000014917,3.033207999998922,0.9973444374456951,0.9403914590747331,0.9405458736061245,0.9973444374456951
multiclass,optdigits,histdistill,HistDistill,budget_50,seed_1,mlp,500,3.813833000000159,1.138590500000646,0.9985839607492333,0.9608540925266904,0.9609707368087989,0.9985839607492333
multiclass,optdigits,random,Random,budget_25,seed_1,xgboost,250,0.0005287999993015546,0.3030409000002692,0.9940324838293803,0.8994661921708185,0.8998794594937349,0.9940324838293803
multiclass,optdigits,random,Random,budget_25,seed_1,lightgbm,250,0.0007903000005171634,2.10341630000039,0.9932522468320482,0.8994661921708185,0.8998676279968534,0.9932522468320482
multiclass,optdigits,random,Random,budget_25,seed_1,mlp,250,0.0009625999991840217,0.7802542999997968,0.9961468413362355,0.9341637010676157,0.9343720404137278,0.9961468413362355
multiclass,optdigits,random,Random,budget_50,seed_1,xgboost,500,0.0009275000011257362,0.6238061000003654,0.9959371032521501,0.9261565836298933,0.926898852935703,0.9959371032521501
multiclass,optdigits,random,Random,budget_50,seed_1,lightgbm,500,0.000883699998666998,3.757524900000135,0.9961242169062201,0.9332740213523132,0.9339076654217011,0.9961242169062201
multiclass,optdigits,random,Random,budget_50,seed_1,mlp,500,0.0007475000002159504,1.3121845999994548,0.9975214071522494,0.947508896797153,0.9477582800926081,0.9975214071522494
multiclass,optdigits,herding,Herding,budget_25,seed_1,xgboost,250,0.039005300001008436,0.42367409999860683,0.9937319572626351,0.8994661921708185,0.8999413269305286,0.9937319572626351
multiclass,optdigits,herding,Herding,budget_25,seed_1,lightgbm,250,0.04153079999923648,1.965389299999515,0.9933407961746376,0.8932384341637011,0.8939343273685909,0.9933407961746376
multiclass,optdigits,herding,Herding,budget_25,seed_1,mlp,250,0.034251199998834636,1.0014499000008072,0.9944226792128521,0.9306049822064056,0.930991222618457,0.9944226792128521
multiclass,optdigits,herding,Herding,budget_50,seed_1,xgboost,500,0.1227947999996104,0.6411922999996023,0.9968208427755995,0.9261565836298933,0.9267779773598435,0.9968208427755995
multiclass,optdigits,herding,Herding,budget_50,seed_1,lightgbm,500,0.07020249999914085,3.9485179000002972,0.9962902485836876,0.9252669039145908,0.9261030428921618,0.9962902485836876
multiclass,optdigits,herding,Herding,budget_50,seed_1,mlp,500,0.061373800001092604,0.86838699999862,0.996865696601346,0.9448398576512456,0.9450456271203471,0.996865696601346
multiclass,optdigits,k_center,K-center,budget_25,seed_1,xgboost,250,0.2858719999985624,0.504034399999,0.9968896253754009,0.9430604982206405,0.943191678069312,0.9968896253754009
multiclass,optdigits,k_center,K-center,budget_25,seed_1,lightgbm,250,0.2521383999992395,3.008890600000086,0.9976998292262642,0.949288256227758,0.9492764271672597,0.9976998292262642
multiclass,optdigits,k_center,K-center,budget_25,seed_1,mlp,250,0.23379479999857722,0.8186160999994172,0.9985466088143214,0.9590747330960854,0.9589112837427969,0.9985466088143214
multiclass,optdigits,k_center,K-center,budget_50,seed_1,xgboost,500,0.5182820999998512,0.7095563000002585,0.9990214303884655,0.9679715302491103,0.9680685831561915,0.9990214303884655
multiclass,optdigits,k_center,K-center,budget_50,seed_1,lightgbm,500,0.41594330000043556,5.322599999999511,0.9988928121212854,0.9670818505338078,0.9670899128799869,0.9988928121212854
multiclass,optdigits,k_center,K-center,budget_50,seed_1,mlp,500,0.5074764000000869,1.3101406999994651,0.9993756337033373,0.9741992882562278,0.9743045631479872,0.9993756337033373
multiclass,optdigits,full_data,Full data,budget_25,seed_1,xgboost,3372,3.6699999327538535e-05,2.1179714999998396,0.999444738178491,0.9786476868327402,0.9786812284408011,0.999444738178491
multiclass,optdigits,full_data,Full data,budget_25,seed_1,lightgbm,3372,3.9200000173877925e-05,9.883682199999384,0.999546866899589,0.9822064056939501,0.9821999876548372,0.999546866899589
multiclass,optdigits,full_data,Full data,budget_25,seed_1,mlp,3372,3.5400000342633575e-05,3.552797100001044,0.9997523645272082,0.9875444839857651,0.9875607065507396,0.9997523645272082
multiclass,optdigits,full_data,Full data,budget_50,seed_1,xgboost,3372,4.73000000056345e-05,2.47107270000015,0.999444738178491,0.9786476868327402,0.9786812284408011,0.999444738178491
multiclass,optdigits,full_data,Full data,budget_50,seed_1,lightgbm,3372,3.1800000215298496e-05,7.996395100000882,0.999546866899589,0.9822064056939501,0.9821999876548372,0.999546866899589
multiclass,optdigits,full_data,Full data,budget_50,seed_1,mlp,3372,3.479999941191636e-05,3.532803899999635,0.9997523645272082,0.9875444839857651,0.9875607065507396,0.9997523645272082
multiclass,satimage,histdistill,HistDistill,budget_25,seed_1,xgboost,150,2.489600699998846,0.27036390000102983,0.9611726857163078,0.807153965785381,0.7935635631924479,0.9611726857163078
multiclass,satimage,histdistill,HistDistill,budget_25,seed_1,lightgbm,150,2.5568393000012293,1.3218351000014081,0.9614909731424949,0.7931570762052877,0.7748592996850355,0.9614909731424949
multiclass,satimage,histdistill,HistDistill,budget_25,seed_1,mlp,150,2.5526577000000543,0.6728541000011319,0.9753455020905667,0.8452566096423018,0.8253363022748831,0.9753455020905667
multiclass,satimage,histdistill,HistDistill,budget_50,seed_1,xgboost,300,3.248842399998466,0.4151698000005126,0.9733697221393117,0.8429237947122862,0.8304176679611301,0.9733697221393117
multiclass,satimage,histdistill,HistDistill,budget_50,seed_1,lightgbm,300,3.2307673999985127,1.877595800000563,0.9732592900337215,0.8421461897356143,0.8296200006184323,0.9732592900337215
multiclass,satimage,histdistill,HistDistill,budget_50,seed_1,mlp,300,3.117100900000878,0.9583935999999085,0.9765336435839416,0.8553654743390358,0.8409230301730966,0.9765336435839416
multiclass,satimage,random,Random,budget_25,seed_1,xgboost,150,0.0007184000005509006,0.2836554999994405,0.9598076243402428,0.8219284603421462,0.8057117582283105,0.9598076243402428
multiclass,satimage,random,Random,budget_25,seed_1,lightgbm,150,0.0007707999993726844,1.8908865000012156,0.958195111333587,0.8133748055987559,0.7973880228548705,0.958195111333587
multiclass,satimage,random,Random,budget_25,seed_1,mlp,150,0.000747800000681309,0.5909969999993336,0.9696787304005658,0.8499222395023328,0.8270083233508864,0.9696787304005658
multiclass,satimage,random,Random,budget_50,seed_1,xgboost,300,0.0007041000008030096,0.38225510000120266,0.9723185994082026,0.8538102643856921,0.8380986852086796,0.9723185994082026
multiclass,satimage,random,Random,budget_50,seed_1,lightgbm,300,0.0008022999991226243,1.5778238999992027,0.973667580670588,0.8584758942457231,0.8430917588777224,0.973667580670588
multiclass,satimage,random,Random,budget_50,seed_1,mlp,300,0.0007799000013619661,1.1275578000004316,0.9750173924216172,0.843701399688958,0.8240963611041638,0.9750173924216172
multiclass,satimage,herding,Herding,budget_25,seed_1,xgboost,150,0.027159900000697235,0.18599799999901734,0.9225536621753038,0.713841368584759,0.7052622419766031,0.9225536621753038
multiclass,satimage,herding,Herding,budget_25,seed_1,lightgbm,150,0.02737159999924188,0.9618533000011666,0.900796197417868,0.7099533437013997,0.7001276493008614,0.900796197417868
multiclass,satimage,herding,Herding,budget_25,seed_1,mlp,150,0.02827889999934996,0.31323089999932563,0.9504794179870067,0.7612752721617418,0.7512441741731263,0.9504794179870067
multiclass,satimage,herding,Herding,budget_50,seed_1,xgboost,300,0.05000330000075337,0.25130410000019765,0.9297140011961603,0.7091757387247278,0.6979993109846808,0.9297140011961603
multiclass,satimage,herding,Herding,budget_50,seed_1,lightgbm,300,0.04278429999976652,0.9791769000003114,0.9251556575430909,0.6967340590979783,0.6867995694668055,0.9251556575430909
multiclass,satimage,herding,Herding,budget_50,seed_1,mlp,300,0.041930499999580206,0.7605099000011251,0.9503321607900369,0.7418351477449455,0.738356653220705,0.9503321607900369
multiclass,satimage,k_center,K-center,budget_25,seed_1,xgboost,150,0.14941619999990507,0.34407260000079987,0.9559625393566282,0.7978227060653188,0.781498216661992,0.9559625393566282
multiclass,satimage,k_center,K-center,budget_25,seed_1,lightgbm,150,0.16707409999980882,1.229357500000333,0.952692417779032,0.7799377916018663,0.7612804041596037,0.952692417779032
multiclass,satimage,k_center,K-center,budget_25,seed_1,mlp,150,0.14009850000002189,0.5029131999999663,0.9607529472773626,0.8195956454121306,0.7899370740075274,0.9607529472773626
multiclass,satimage,k_center,K-center,budget_50,seed_1,xgboost,300,0.3215504999989207,0.46944859999894106,0.9722976459591758,0.8483670295489891,0.8309691191557728,0.9722976459591758
multiclass,satimage,k_center,K-center,budget_50,seed_1,lightgbm,300,0.25922929999978805,2.250731899999664,0.9695305384108779,0.8398133748055988,0.8258841647599597,0.9695305384108779
multiclass,satimage,k_center,K-center,budget_50,seed_1,mlp,300,0.2608938000012131,1.0653947999999218,0.9681473893143379,0.8079315707620529,0.7964392742170409,0.9681473893143379
multiclass,satimage,full_data,Full data,budget_25,seed_1,xgboost,3858,2.600000152597204e-05,1.3312014000002819,0.9882193660590078,0.9175738724727839,0.898369842547211,0.9882193660590078
multiclass,satimage,full_data,Full data,budget_25,seed_1,lightgbm,3858,2.1099998775753193e-05,4.689687000000049,0.9895432988178813,0.9183514774494557,0.9009419371200947,0.9895432988178813
multiclass,satimage,full_data,Full data,budget_25,seed_1,mlp,3858,3.0100000003585592e-05,10.219997800000783,0.9900024785182874,0.9105754276827371,0.8939719763828756,0.9900024785182874
multiclass,satimage,full_data,Full data,budget_50,seed_1,xgboost,3858,3.3299998904112726e-05,1.4111792000003334,0.9882193660590078,0.9175738724727839,0.898369842547211,0.9882193660590078
multiclass,satimage,full_data,Full data,budget_50,seed_1,lightgbm,3858,1.9600000086938962e-05,3.8073492999992595,0.9895432988178813,0.9183514774494557,0.9009419371200947,0.9895432988178813
multiclass,satimage,full_data,Full data,budget_50,seed_1,mlp,3858,3.249999826948624e-05,9.368433300000106,0.9900024785182874,0.9105754276827371,0.8939719763828756,0.9900024785182874
multiclass,vehicle,histdistill,HistDistill,budget_25,seed_1,xgboost,100,0.3837342000006174,0.1367537000005541,0.8926865538974914,0.7411764705882353,0.7302136728217997,0.8926865538974914
multiclass,vehicle,histdistill,HistDistill,budget_25,seed_1,lightgbm,100,0.34607099999993807,0.6933824999996432,0.8949744764783827,0.7470588235294118,0.7468782249742002,0.8949744764783827
multiclass,vehicle,histdistill,HistDistill,budget_25,seed_1,mlp,100,0.3261256999994657,0.4984856999999465,0.8776479683510934,0.6705882352941176,0.6619942004681549,0.8776479683510934
multiclass,vehicle,histdistill,HistDistill,budget_50,seed_1,xgboost,200,0.35970049999923503,0.1928373000009742,0.906926220480908,0.7529411764705882,0.746790151317196,0.906926220480908
multiclass,vehicle,histdistill,HistDistill,budget_50,seed_1,lightgbm,200,0.35596480000094743,1.015765800000736,0.8929410476676102,0.7352941176470589,0.7319545681868267,0.8929410476676102
multiclass,vehicle,histdistill,HistDistill,budget_50,seed_1,mlp,200,0.3620792000001529,0.6122617999990325,0.9157813497266623,0.7294117647058823,0.724468954248366,0.9157813497266623
multiclass,vehicle,random,Random,budget_25,seed_1,xgboost,100,0.00034589999995660037,0.12694460000057006,0.8576087540931292,0.6470588235294118,0.6488690146905157,0.8576087540931292
multiclass,vehicle,random,Random,budget_25,seed_1,lightgbm,100,0.00045620000128110405,0.42445520000001125,0.8406533678994617,0.6176470588235294,0.6168234536751498,0.8406533678994617
multiclass,vehicle,random,Random,budget_25,seed_1,mlp,100,0.00034439999944879673,0.41289320000032603,0.8555946484071484,0.6470588235294118,0.6527782899993854,0.8555946484071484
multiclass,vehicle,random,Random,budget_50,seed_1,xgboost,200,0.0003465999998297775,0.1634634999991249,0.8832425733988234,0.7294117647058823,0.730922015430949,0.8832425733988234
multiclass,vehicle,random,Random,budget_50,seed_1,lightgbm,200,0.0003452000000834232,0.7207389000013791,0.8783403575591076,0.6882352941176471,0.6972222222222222,0.8783403575591076
multiclass,vehicle,random,Random,budget_50,seed_1,mlp,200,0.00038970000059634913,0.5201524000003701,0.9094964584027084,0.7294117647058823,0.7270142504795835,0.9094964584027084
multiclass,vehicle,herding,Herding,budget_25,seed_1,xgboost,100,0.007166899998992449,0.1275447999996686,0.8795973817848817,0.6823529411764706,0.6746182035386801,0.8795973817848817
multiclass,vehicle,herding,Herding,budget_25,seed_1,lightgbm,100,0.00615270000162127,0.48152329999902577,0.8441352636079198,0.5882352941176471,0.5869271200854005,0.8441352636079198
multiclass,vehicle,herding,Herding,budget_25,seed_1,mlp,100,0.007261299999299808,0.4119432000006782,0.8457916389166389,0.6823529411764706,0.6796008746860936,0.8457916389166389
multiclass,vehicle,herding,Herding,budget_50,seed_1,xgboost,200,0.010344000000259257,0.17528309999943303,0.9028039972180598,0.6764705882352942,0.6744079109967733,0.9028039972180598
multiclass,vehicle,herding,Herding,budget_50,seed_1,lightgbm,200,0.012348000000201864,0.9194133000000875,0.899258207070707,0.6882352941176471,0.6799189372718785,0.899258207070707
multiclass,vehicle,herding,Herding,budget_50,seed_1,mlp,200,0.010245000001305016,0.5438310999998066,0.9108403228715729,0.7235294117647059,0.7189198689720174,0.9108403228715729
multiclass,vehicle,k_center,K-center,budget_25,seed_1,xgboost,100,0.08662539999932051,0.14365859999998065,0.8672733256327007,0.6529411764705882,0.6527545509518944,0.8672733256327007
multiclass,vehicle,k_center,K-center,budget_25,seed_1,lightgbm,100,0.08522400000038033,0.5967495000004419,0.8557319416694416,0.6411764705882353,0.6426694060801811,0.8557319416694416
multiclass,vehicle,k_center,K-center,budget_25,seed_1,mlp,100,0.08106359999874257,0.44092149999960384,0.9294540875790875,0.7529411764705882,0.7458956600405243,0.9294540875790875
multiclass,vehicle,k_center,K-center,budget_50,seed_1,xgboost,200,0.12017589999959455,0.1872839000006934,0.8857995736901987,0.6705882352941176,0.6695967434579053,0.8857995736901987
multiclass,vehicle,k_center,K-center,budget_50,seed_1,lightgbm,200,0.13741330000084417,0.9706475000002683,0.8775652385808635,0.7,0.6998468519106853,0.8775652385808635
multiclass,vehicle,k_center,K-center,budget_50,seed_1,mlp,200,0.11856500000067172,0.5494823000008182,0.9139936495795872,0.7058823529411765,0.7011543147525278,0.9139936495795872
multiclass,vehicle,full_data,Full data,budget_25,seed_1,xgboost,507,1.990000055229757e-05,0.2548302000013791,0.9329168097527474,0.7823529411764706,0.7799639141468228,0.9329168097527474
multiclass,vehicle,full_data,Full data,budget_25,seed_1,lightgbm,507,1.4700000974698924e-05,1.6632257000001118,0.9341371258949385,0.788235294117647,0.7878524638133242,0.9341371258949385
multiclass,vehicle,full_data,Full data,budget_25,seed_1,mlp,507,1.4500001270789653e-05,1.4422848000012891,0.9488986274142525,0.8117647058823529,0.8030434049889077,0.9488986274142525
multiclass,vehicle,full_data,Full data,budget_50,seed_1,xgboost,507,1.5699999494245276e-05,0.27406189999965136,0.9329168097527474,0.7823529411764706,0.7799639141468228,0.9329168097527474
multiclass,vehicle,full_data,Full data,budget_50,seed_1,lightgbm,507,1.9299999621580355e-05,1.1590792000006331,0.9341371258949385,0.788235294117647,0.7878524638133242,0.9341371258949385
multiclass,vehicle,full_data,Full data,budget_50,seed_1,mlp,507,1.880000127130188e-05,1.2741937999999209,0.9488986274142525,0.8117647058823529,0.8030434049889077,0.9488986274142525
multiclass,balance_scale,histdistill,HistDistill,budget_25,seed_2,xgboost,75,0.05433580000135407,0.041468900000836584,0.8536780758612577,0.744,0.6427171744244915,0.8536780758612577
multiclass,balance_scale,histdistill,HistDistill,budget_25,seed_2,lightgbm,75,0.05997440000101051,0.2522138999993331,0.8035227164077651,0.68,0.5651874785001719,0.8035227164077651
multiclass,balance_scale,histdistill,HistDistill,budget_25,seed_2,mlp,75,0.06104269999923417,0.34940390000156185,0.9586204226260482,0.8,0.7261904761904762,0.9586204226260482
multiclass,balance_scale,histdistill,HistDistill,budget_50,seed_2,xgboost,129,0.06795720000081928,0.05762669999967329,0.8413855062826395,0.744,0.597027989274216,0.8413855062826395
multiclass,balance_scale,histdistill,HistDistill,budget_50,seed_2,lightgbm,129,0.07692140000108338,0.4364413000002969,0.8816485942448425,0.728,0.6013241487247604,0.8816485942448425
multiclass,balance_scale,histdistill,HistDistill,budget_50,seed_2,mlp,129,0.07904020000023593,0.41956560000107856,0.9776201944158306,0.872,0.7937545388525781,0.9776201944158306
multiclass,balance_scale,random,Random,budget_25,seed_2,xgboost,75,0.00027740000041376334,0.054118000000016764,0.8216599269331648,0.664,0.5822110141576288,0.8216599269331648
multiclass,balance_scale,random,Random,budget_25,seed_2,lightgbm,75,0.0003090999998676125,0.34915689999979804,0.7955085563513392,0.64,0.537074802186149,0.7955085563513392
multiclass,balance_scale,random,Random,budget_25,seed_2,mlp,75,0.0002690999990591081,0.34394650000103866,0.9541796382279571,0.8,0.7181837030893634,0.9541796382279571
multiclass,balance_scale,random,Random,budget_50,seed_2,xgboost,129,0.00029119999999238644,0.06687009999950533,0.8290374276688035,0.696,0.53909741623513,0.8290374276688035
multiclass,balance_scale,random,Random,budget_50,seed_2,lightgbm,129,0.0003326999994897051,0.5799093999994511,0.8636807290638678,0.688,0.5373937989628158,0.8636807290638678
multiclass,balance_scale,random,Random,budget_50,seed_2,mlp,129,0.00031969999872671906,0.44211340000038035,0.9666486374667663,0.864,0.7854241869818194,0.9666486374667663
multiclass,balance_scale,herding,Herding,budget_25,seed_2,xgboost,75,0.004227599998557707,0.056442799999786075,0.8114433143547136,0.472,0.46515696341100093,0.8114433143547136
multiclass,balance_scale,herding,Herding,budget_25,seed_2,lightgbm,75,0.0044369999995979015,0.4837595999997575,0.8091572161333963,0.52,0.4980532576038194,0.8091572161333963
multiclass,balance_scale,herding,Herding,budget_25,seed_2,mlp,75,0.004993399999875692,0.3799323999992339,0.9281151915917033,0.696,0.6495057408897288,0.9281151915917033
multiclass,balance_scale,herding,Herding,budget_50,seed_2,xgboost,129,0.007024399999863817,0.06976799999938521,0.8282294949132184,0.616,0.5486537478872685,0.8282294949132184
multiclass,balance_scale,herding,Herding,budget_50,seed_2,lightgbm,129,0.006966499999180087,0.5837594000004174,0.8487299927043086,0.72,0.609371492704826,0.8487299927043086
multiclass,balance_scale,herding,Herding,budget_50,seed_2,mlp,129,0.005486899999596062,0.40906920000088576,0.9644731728216572,0.776,0.7127177928148803,0.9644731728216572
multiclass,balance_scale,k_center,K-center,budget_25,seed_2,xgboost,75,0.051199599998653866,0.06278039999961038,0.8177110161090919,0.656,0.5787980732161625,0.8177110161090919
multiclass,balance_scale,k_center,K-center,budget_25,seed_2,lightgbm,75,0.05006789999970351,0.3332786999999371,0.7557939870845195,0.664,0.5256077331871118,0.7557939870845195
multiclass,balance_scale,k_center,K-center,budget_25,seed_2,mlp,75,0.04722650000076101,0.35966650000045775,0.9790677419018877,0.896,0.8241287158718351,0.9790677419018877
multiclass,balance_scale,k_center,K-center,budget_50,seed_2,xgboost,129,0.09059609999894747,0.07560729999931937,0.8386243136768415,0.76,0.6239265814487054,0.8386243136768415
multiclass,balance_scale,k_center,K-center,budget_50,seed_2,lightgbm,129,0.0898440999990271,0.4607223000002705,0.8409753895752091,0.776,0.6362352421935341,0.8409753895752091
multiclass,balance_scale,k_center,K-center,budget_50,seed_2,mlp,129,0.08702030000131344,0.4444880999999441,0.9896293317075423,0.928,0.862022737022737,0.9896293317075423
multiclass,balance_scale,full_data,Full data,budget_25,seed_2,xgboost,375,1.7899999875226058e-05,0.09252870000091207,0.8554928759916516,0.8,0.5626453971419076,0.8554928759916516
multiclass,balance_scale,full_data,Full data,budget_25,seed_2,lightgbm,375,1.2999998943996616e-05,0.975511099999494,0.886340587850338,0.808,0.5757309941520468,0.886340587850338
multiclass,balance_scale,full_data,Full data,budget_25,seed_2,mlp,375,1.2999998943996616e-05,0.9154861999995774,0.9949973643863649,0.952,0.9052183565457902,0.9949973643863649
multiclass,balance_scale,full_data,Full data,budget_50,seed_2,xgboost,375,1.570000131323468e-05,0.0814327999996749,0.8554928759916516,0.8,0.5626453971419076,0.8554928759916516
multiclass,balance_scale,full_data,Full data,budget_50,seed_2,lightgbm,375,1.9799999790848233e-05,0.9798547000009421,0.886340587850338,0.808,0.5757309941520468,0.886340587850338
multiclass,balance_scale,full_data,Full data,budget_50,seed_2,mlp,375,1.9799999790848233e-05,0.9385876999986067,0.9949973643863649,0.952,0.9052183565457902,0.9949973643863649
multiclass,cmc,histdistill,HistDistill,budget_25,seed_2,xgboost,75,0.18357579999974405,0.06864259999929345,0.653535728511242,0.4847457627118644,0.47933193442175476,0.653535728511242
multiclass,cmc,histdistill,HistDistill,budget_25,seed_2,lightgbm,75,0.1794341999993776,0.3473876999996719,0.6714958000851011,0.49830508474576274,0.4913113140961242,0.6714958000851011
multiclass,cmc,histdistill,HistDistill,budget_25,seed_2,mlp,75,0.18597760000011476,0.39324649999980466,0.6756453175032188,0.488135593220339,0.48056408804072354,0.6756453175032188
multiclass,cmc,histdistill,HistDistill,budget_50,seed_2,xgboost,150,0.19654529999934311,0.0798371999990195,0.6606310567640258,0.4847457627118644,0.48023146430765506,0.6606310567640258
multiclass,cmc,histdistill,HistDistill,budget_50,seed_2,lightgbm,150,0.17710629999965022,0.5910688999992999,0.6511856542053273,0.46779661016949153,0.4614954128276647,0.6511856542053273
multiclass,cmc,histdistill,HistDistill,budget_50,seed_2,mlp,150,0.17581699999936973,0.43053990000043996,0.6773496399252507,0.49491525423728816,0.4908051449636058,0.6773496399252507
multiclass,cmc,random,Random,budget_25,seed_2,xgboost,75,0.00037369999881775584,0.06686679999984335,0.6552774611647633,0.4915254237288136,0.48500052847878933,0.6552774611647633
multiclass,cmc,random,Random,budget_25,seed_2,lightgbm,75,0.0003040000010514632,0.3208801000000676,0.6614515442699462,0.511864406779661,0.5049148364786815,0.6614515442699462
multiclass,cmc,random,Random,budget_25,seed_2,mlp,75,0.00038329999915731605,0.392105700000684,0.6251224384276597,0.4406779661016949,0.4295347789018675,0.6251224384276597
multiclass,cmc,random,Random,budget_50,seed_2,xgboost,150,0.0003617999991547549,0.07720759999938309,0.6696096096653955,0.48135593220338985,0.47878619848295134,0.6696096096653955
multiclass,cmc,random,Random,budget_50,seed_2,lightgbm,150,0.00031599999965692405,0.6223375999998098,0.6534475798076192,0.4745762711864407,0.46445675160758954,0.6534475798076192
multiclass,cmc,random,Random,budget_50,seed_2,mlp,150,0.0003312999997433508,0.4428192000013951,0.6628171510467501,0.49830508474576274,0.48555450557176183,0.6628171510467501
multiclass,cmc,herding,Herding,budget_25,seed_2,xgboost,75,0.024051000000326894,0.100102300000799,0.6397369501656708,0.4610169491525424,0.4430115198810851,0.6397369501656708
multiclass,cmc,herding,Herding,budget_25,seed_2,lightgbm,75,0.0060236000008444535,0.31608699999924283,0.6477834876616568,0.47796610169491527,0.4667939963734689,0.6477834876616568
multiclass,cmc,herding,Herding,budget_25,seed_2,mlp,75,0.006275300000197603,0.3522065000015573,0.6502312134843281,0.4576271186440678,0.4371412465305458,0.6502312134843281
multiclass,cmc,herding,Herding,budget_50,seed_2,xgboost,150,0.00999220000085188,0.07472950000010314,0.6266265370405787,0.4610169491525424,0.447450813306157,0.6266265370405787
multiclass,cmc,herding,Herding,budget_50,seed_2,lightgbm,150,0.011041200001272955,0.47511060000033467,0.6239303067833913,0.4711864406779661,0.4665262993407316,0.6239303067833913
multiclass,cmc,herding,Herding,budget_50,seed_2,mlp,150,0.009258100000806735,0.4589009999999689,0.6290420085799762,0.44745762711864406,0.43448750080329024,0.6290420085799762
multiclass,cmc,k_center,K-center,budget_25,seed_2,xgboost,75,0.04843739999887475,0.061313599999266444,0.5803122989435366,0.3898305084745763,0.3902562954287092,0.5803122989435366
multiclass,cmc,k_center,K-center,budget_25,seed_2,lightgbm,75,0.04754020000109449,0.2826748999996198,0.5877777044916823,0.36610169491525424,0.3611834498777524,0.5877777044916823
multiclass,cmc,k_center,K-center,budget_25,seed_2,mlp,75,0.042110200000024633,0.3560291000012512,0.6183675567447867,0.4,0.40135967112760146,0.6183675567447867
multiclass,cmc,k_center,K-center,budget_50,seed_2,xgboost,150,0.1127572000004875,0.09086860000024899,0.6352193388132088,0.4101694915254237,0.4099760491513069,0.6352193388132088
multiclass,cmc,k_center,K-center,budget_50,seed_2,lightgbm,150,0.08439379999981611,0.4354242000008526,0.5930669799252167,0.38305084745762713,0.3838629481106934,0.5930669799252167
multiclass,cmc,k_center,K-center,budget_50,seed_2,mlp,150,0.11352919999990263,0.4504587999999785,0.6091548580616885,0.4101694915254237,0.403235348676178,0.6091548580616885
multiclass,cmc,full_data,Full data,budget_25,seed_2,xgboost,883,1.4799999917158857e-05,0.12791980000110925,0.7209937882874651,0.5152542372881356,0.506839692249419,0.7209937882874651
multiclass,cmc,full_data,Full data,budget_25,seed_2,lightgbm,883,1.340000017080456e-05,1.0205968999998731,0.687029321474129,0.4847457627118644,0.4758462353399062,0.687029321474129
multiclass,cmc,full_data,Full data,budget_25,seed_2,mlp,883,1.6699999832781032e-05,2.326394799998525,0.677627493055542,0.5152542372881356,0.5091724745654089,0.677627493055542
multiclass,cmc,full_data,Full data,budget_50,seed_2,xgboost,883,1.2800001059076749e-05,0.1265810999993846,0.7209937882874651,0.5152542372881356,0.506839692249419,0.7209937882874651
multiclass,cmc,full_data,Full data,budget_50,seed_2,lightgbm,883,1.2399999832268804e-05,0.9599044000005961,0.687029321474129,0.4847457627118644,0.4758462353399062,0.687029321474129
multiclass,cmc,full_data,Full data,budget_50,seed_2,mlp,883,1.7700000171316788e-05,2.422579800000676,0.677627493055542,0.5152542372881356,0.5091724745654089,0.677627493055542
multiclass,eucalyptus,histdistill,HistDistill,budget_25,seed_2,xgboost,125,0.3231259999993199,0.15743579999980284,0.9023819959577987,0.668918918918919,0.6628322026232474,0.9023819959577987
multiclass,eucalyptus,histdistill,HistDistill,budget_25,seed_2,lightgbm,125,0.32483660000070813,0.712080799999967,0.868395208620352,0.5675675675675675,0.5581756967683813,0.868395208620352
multiclass,eucalyptus,histdistill,HistDistill,budget_25,seed_2,mlp,125,0.3292413999988639,0.4238973999999871,0.8871870418071779,0.6013513513513513,0.6055424305424306,0.8871870418071779
multiclass,eucalyptus,histdistill,HistDistill,budget_50,seed_2,xgboost,250,0.34129009999924165,0.22243499999967753,0.9120409895854742,0.6756756756756757,0.6709676318455713,0.9120409895854742
multiclass,eucalyptus,histdistill,HistDistill,budget_50,seed_2,lightgbm,250,0.3369548999999097,1.221291599998949,0.8871645213233931,0.6351351351351351,0.626498681369235,0.8871645213233931
multiclass,eucalyptus,histdistill,HistDistill,budget_50,seed_2,mlp,250,0.35074789999998757,0.890794900000401,0.9093359912059686,0.6418918918918919,0.6392692529066422,0.9093359912059686
multiclass,eucalyptus,random,Random,budget_25,seed_2,xgboost,125,0.0003971999994973885,0.15683010000066133,0.8807282602518887,0.6283783783783784,0.623456030109174,0.8807282602518887
multiclass,eucalyptus,random,Random,budget_25,seed_2,lightgbm,125,0.0003798000016104197,0.9183984999999666,0.8815534577200254,0.5878378378378378,0.5893305462761722,0.8815534577200254
multiclass,eucalyptus,random,Random,budget_25,seed_2,mlp,125,0.00035940000088885427,0.46019840000008116,0.8409725753488455,0.5405405405405406,0.5476456876456877,0.8409725753488455
multiclass,eucalyptus,random,Random,budget_50,seed_2,xgboost,250,0.0004336000001785578,0.25830860000132816,0.912812637564006,0.6621621621621622,0.6586687691944865,0.912812637564006
multiclass,eucalyptus,random,Random,budget_50,seed_2,lightgbm,250,0.00044689999958791304,1.7181020000007265,0.9000793706071537,0.6148648648648649,0.6172038396386222,0.9000793706071537
multiclass,eucalyptus,random,Random,budget_50,seed_2,mlp,250,0.00032920000012381934,0.8232837000014115,0.8845684691466479,0.5675675675675675,0.5652498737057474,0.8845684691466479
multiclass,eucalyptus,herding,Herding,budget_25,seed_2,xgboost,125,0.007323300000280142,0.15399800000159303,0.8890820080513165,0.6283783783783784,0.6153890298449086,0.8890820080513165
multiclass,eucalyptus,herding,Herding,budget_25,seed_2,lightgbm,125,0.0074254999999538995,0.9366159000001062,0.8590636471429637,0.5405405405405406,0.5340886243386243,0.8590636471429637
multiclass,eucalyptus,herding,Herding,budget_25,seed_2,mlp,125,0.007709699999395525,0.4846679000002041,0.8705222079578243,0.581081081081081,0.5774693482043981,0.8705222079578243
multiclass,eucalyptus,herding,Herding,budget_50,seed_2,xgboost,250,0.014739099999133032,0.25956999999834807,0.9145389810414212,0.722972972972973,0.7125328736145621,0.9145389810414212
multiclass,eucalyptus,herding,Herding,budget_50,seed_2,lightgbm,250,0.014710199999171891,1.4977076000013767,0.9093005694877387,0.668918918918919,0.6589478613136859,0.9093005694877387
multiclass,eucalyptus,herding,Herding,budget_50,seed_2,mlp,250,0.012180499999885797,0.8096846999997069,0.906473411715319,0.6283783783783784,0.6197362212406649,0.906473411715319
multiclass,eucalyptus,k_center,K-center,budget_25,seed_2,xgboost,125,0.10853049999968789,0.1830898000007437,0.8880637006901019,0.6486486486486487,0.640265644897531,0.8880637006901019
multiclass,eucalyptus,k_center,K-center,budget_25,seed_2,lightgbm,125,0.09732699999949546,0.7480557999988378,0.8752152734066325,0.5743243243243243,0.5628356907321367,0.8752152734066325
multiclass,eucalyptus,k_center,K-center,budget_25,seed_2,mlp,125,0.08990439999979571,0.4336761000013212,0.8813852848179959,0.5945945945945946,0.5808998713108302,0.8813852848179959
multiclass,eucalyptus,k_center,K-center,budget_50,seed_2,xgboost,250,0.1416174999994837,0.20569479999903706,0.8950884879125462,0.6081081081081081,0.6015441123817948,0.8950884879125462
multiclass,eucalyptus,k_center,K-center,budget_50,seed_2,lightgbm,250,0.18787840000004508,1.2907264999994368,0.8675051880494177,0.5608108108108109,0.5481471972538083,0.8675051880494177
multiclass,eucalyptus,k_center,K-center,budget_50,seed_2,mlp,250,0.178168899999946,0.7907880000002478,0.9046874054293731,0.6418918918918919,0.6342366189100657,0.9046874054293731
multiclass,eucalyptus,full_data,Full data,budget_25,seed_2,xgboost,441,1.5199999324977398e-05,0.28075709999939136,0.9222625440837797,0.7364864864864865,0.6985714644372474,0.9222625440837797
multiclass,eucalyptus,full_data,Full data,budget_25,seed_2,lightgbm,441,1.650000012887176e-05,1.7227665999998862,0.9180690552368954,0.7162162162162162,0.6893974973954415,0.9180690552368954
multiclass,eucalyptus,full_data,Full data,budget_25,seed_2,mlp,441,1.3199998647905886e-05,1.2602255000001605,0.9164276368391071,0.7162162162162162,0.7070351438447022,0.9164276368391071
multiclass,eucalyptus,full_data,Full data,budget_50,seed_2,xgboost,441,1.5800000255694613e-05,0.27329570000074455,0.9222625440837797,0.7364864864864865,0.6985714644372474,0.9222625440837797
multiclass,eucalyptus,full_data,Full data,budget_50,seed_2,lightgbm,441,1.809999957913533e-05,1.448044700000537,0.9180690552368954,0.7162162162162162,0.6893974973954415,0.9180690552368954
multiclass,eucalyptus,full_data,Full data,budget_50,seed_2,mlp,441,1.650000012887176e-05,1.3033508000007714,0.9164276368391071,0.7162162162162162,0.7070351438447022,0.9164276368391071
multiclass,letter,histdistill,HistDistill,budget_25,seed_2,xgboost,650,11.530525699999998,0.7711665000006178,0.9854585089516807,0.7729166666666667,0.7728320127272634,0.9854585089516807
multiclass,letter,histdistill,HistDistill,budget_25,seed_2,lightgbm,650,11.665824499999871,6.25273290000041,0.9852824503780658,0.7833333333333333,0.7824490836740836,0.9852824503780658
multiclass,letter,histdistill,HistDistill,budget_25,seed_2,mlp,650,11.521092800001497,2.462371699999494,0.9864001272128677,0.79375,0.7921655318628189,0.9864001272128677
multiclass,letter,histdistill,HistDistill,budget_50,seed_2,xgboost,1300,16.78026619999946,1.3438608999986172,0.9918081416149239,0.8370833333333333,0.8363651616025124,0.9918081416149239
multiclass,letter,histdistill,HistDistill,budget_50,seed_2,lightgbm,1300,17.020987300000343,12.789073100000678,0.9926487580886236,0.8458333333333333,0.845235010628154,0.9926487580886236
multiclass,letter,histdistill,HistDistill,budget_50,seed_2,mlp,1300,17.067867199999455,3.5451587999996264,0.9937875985769901,0.8541666666666666,0.8531169096944347,0.9937875985769901
multiclass,letter,random,Random,budget_25,seed_2,xgboost,650,0.0019160000010742806,0.8920630000011442,0.9749700326226243,0.7329166666666667,0.7322125636475009,0.9749700326226243
multiclass,letter,random,Random,budget_25,seed_2,lightgbm,650,0.001262400000996422,7.204530799999702,0.9742267823769741,0.7316666666666667,0.7304509595348881,0.9742267823769741
multiclass,letter,random,Random,budget_25,seed_2,mlp,650,0.0016333999992639292,2.5202651000017795,0.9780639699565039,0.77125,0.7696475611799222,0.9780639699565039
multiclass,letter,random,Random,budget_50,seed_2,xgboost,1300,0.001811299998735194,1.2746764000003168,0.9866436320545838,0.8095833333333333,0.8109648268062657,0.9866436320545838
multiclass,letter,random,Random,budget_50,seed_2,lightgbm,1300,0.001404799999363604,12.00895280000077,0.9868046642113701,0.8141666666666667,0.815178249910564,0.9868046642113701
multiclass,letter,random,Random,budget_50,seed_2,mlp,1300,0.0015559999992547091,3.548864999998841,0.9902203530079656,0.8366666666666667,0.8364660027983704,0.9902203530079656
multiclass,letter,herding,Herding,budget_25,seed_2,xgboost,650,0.05048470000110683,0.8253034999997908,0.971812736204317,0.73,0.7298235048341735,0.971812736204317
multiclass,letter,herding,Herding,budget_25,seed_2,lightgbm,650,0.04856090000066615,8.295408500000121,0.9706405776684424,0.7308333333333333,0.7328203962494021,0.9706405776684424
multiclass,letter,herding,Herding,budget_25,seed_2,mlp,650,0.04671580000103859,1.9386858000016218,0.9673596312779176,0.6841666666666667,0.6837520899944978,0.9673596312779176
multiclass,letter,herding,Herding,budget_50,seed_2,xgboost,1300,0.08698440000080154,1.2866319000004296,0.9839508218969498,0.785,0.7844523192495466,0.9839508218969498
multiclass,letter,herding,Herding,budget_50,seed_2,lightgbm,1300,0.07464299999992363,12.279050799999823,0.9839629373638772,0.7908333333333334,0.789817973319906,0.9839629373638772
multiclass,letter,herding,Herding,budget_50,seed_2,mlp,1300,0.0861789000009594,3.644269300000815,0.9836798506585733,0.7804166666666666,0.7789558193914592,0.9836798506585733
multiclass,letter,k_center,K-center,budget_25,seed_2,xgboost,650,0.4981631999999081,0.9519041999992623,0.9871611750410358,0.7866666666666666,0.7805239957107573,0.9871611750410358
multiclass,letter,k_center,K-center,budget_25,seed_2,lightgbm,650,0.5066406000005372,10.849199999998746,0.9871948990121487,0.7816666666666666,0.7760660376121872,0.9871948990121487
multiclass,letter,k_center,K-center,budget_25,seed_2,mlp,650,0.47323619999951916,1.9818649999997433,0.9922069613988013,0.815,0.8119699024573461,0.9922069613988013
multiclass,letter,k_center,K-center,budget_50,seed_2,xgboost,1300,0.9034053000013955,1.330373699998745,0.9944464995240145,0.8558333333333333,0.855234545410969,0.9944464995240145
multiclass,letter,k_center,K-center,budget_50,seed_2,lightgbm,1300,0.9485977999993338,13.434750399999757,0.9960409370931436,0.87125,0.8708530700137396,0.9960409370931436
multiclass,letter,k_center,K-center,budget_50,seed_2,mlp,1300,0.9116950000006909,3.7036263000009058,0.9973834311361137,0.9016666666666666,0.9010486182284473,0.9973834311361137
multiclass,letter,full_data,Full data,budget_25,seed_2,xgboost,7200,2.9200000426499173e-05,5.091297700000723,0.9970983640966071,0.8966666666666666,0.8963308185759764,0.9970983640966071
multiclass,letter,full_data,Full data,budget_25,seed_2,lightgbm,7200,2.5100000129896216e-05,14.235876700000517,0.9988384019794369,0.93375,0.9333195210800115,0.9988384019794369
multiclass,letter,full_data,Full data,budget_25,seed_2,mlp,7200,2.3399999918183312e-05,19.160801100000754,0.9992237684022942,0.9466666666666667,0.946134743896405,0.9992237684022942
multiclass,letter,full_data,Full data,budget_50,seed_2,xgboost,7200,5.050000072515104e-05,5.185084499998993,0.9970983640966071,0.8966666666666666,0.8963308185759764,0.9970983640966071
multiclass,letter,full_data,Full data,budget_50,seed_2,lightgbm,7200,3.5000000934815034e-05,11.716938100000334,0.9988384019794369,0.93375,0.9333195210800115,0.9988384019794369
multiclass,letter,full_data,Full data,budget_50,seed_2,mlp,7200,2.7800000680144876e-05,19.512400499999785,0.9992237684022942,0.9466666666666667,0.946134743896405,0.9992237684022942
multiclass,mfeat_fourier,histdistill,HistDistill,budget_25,seed_2,xgboost,250,6.893971999999849,2.413639800000965,0.9626111111111111,0.74,0.7389189454061454,0.9626111111111111
multiclass,mfeat_fourier,histdistill,HistDistill,budget_25,seed_2,lightgbm,250,6.194240200000422,1.4903878000004624,0.9611666666666666,0.74,0.7372979376886776,0.9611666666666666
multiclass,mfeat_fourier,histdistill,HistDistill,budget_25,seed_2,mlp,250,5.774605099999462,0.6105867000005674,0.9560972222222223,0.73,0.7275803955399971,0.9560972222222223
multiclass,mfeat_fourier,histdistill,HistDistill,budget_50,seed_2,xgboost,500,5.6138205000006565,4.485171899999841,0.9738541666666667,0.77,0.7658852915155434,0.9738541666666667
multiclass,mfeat_fourier,histdistill,HistDistill,budget_50,seed_2,lightgbm,500,5.978263999999399,3.19952209999974,0.9725486111111111,0.7775,0.7746358849419778,0.9725486111111111
multiclass,mfeat_fourier,histdistill,HistDistill,budget_50,seed_2,mlp,500,6.216589800000293,1.1464698999989196,0.9664722222222221,0.7625,0.7570226287497686,0.9664722222222221
multiclass,mfeat_fourier,random,Random,budget_25,seed_2,xgboost,250,0.00044020000132150017,2.432625800000096,0.9603888888888891,0.7475,0.7429849893299693,0.9603888888888891
multiclass,mfeat_fourier,random,Random,budget_25,seed_2,lightgbm,250,0.0005079999991721706,1.5539174000005005,0.9580416666666665,0.7375,0.73544654133338,0.9580416666666665
multiclass,mfeat_fourier,random,Random,budget_25,seed_2,mlp,250,0.0005856999996467493,0.7831064000001788,0.9385208333333335,0.68,0.6838954656573789,0.9385208333333335
multiclass,mfeat_fourier,random,Random,budget_50,seed_2,xgboost,500,0.0006948999998712679,4.710720800001582,0.9722013888888889,0.7825,0.7823248552150158,0.9722013888888889
multiclass,mfeat_fourier,random,Random,budget_50,seed_2,lightgbm,500,0.0007381000013992889,3.130540399999518,0.9708958333333333,0.795,0.7937210913778749,0.9708958333333333
multiclass,mfeat_fourier,random,Random,budget_50,seed_2,mlp,500,0.0005906999995204387,1.265635600000678,0.9532222222222224,0.7575,0.7550320600288322,0.9532222222222224
multiclass,mfeat_fourier,herding,Herding,budget_25,seed_2,xgboost,250,0.022696699999869452,3.2404262000000017,0.9634930555555556,0.7675,0.7677369638076736,0.9634930555555556
multiclass,mfeat_fourier,herding,Herding,budget_25,seed_2,lightgbm,250,0.019604099999924074,1.871302999999898,0.9601666666666666,0.745,0.7464203451174738,0.9601666666666666
multiclass,mfeat_fourier,herding,Herding,budget_25,seed_2,mlp,250,0.020816400001422153,0.7155617000007624,0.9609583333333334,0.755,0.7548456893542586,0.9609583333333334
multiclass,mfeat_fourier,herding,Herding,budget_50,seed_2,xgboost,500,0.03209930000048189,4.428077200000189,0.9689652777777777,0.7725,0.7685951741417945,0.9689652777777777
multiclass,mfeat_fourier,herding,Herding,budget_50,seed_2,lightgbm,500,0.03550630000063393,2.7506061999993108,0.9696041666666666,0.775,0.7706268674361028,0.9696041666666666
multiclass,mfeat_fourier,herding,Herding,budget_50,seed_2,mlp,500,0.03288269999939075,1.1468144000009488,0.9654513888888889,0.7825,0.781381357019584,0.9654513888888889
multiclass,mfeat_fourier,k_center,K-center,budget_25,seed_2,xgboost,250,0.1562363999983063,3.3805419000000256,0.9643333333333335,0.745,0.7445868464690542,0.9643333333333335
multiclass,mfeat_fourier,k_center,K-center,budget_25,seed_2,lightgbm,250,0.16843400000107067,1.9302431999985856,0.9589097222222221,0.7275,0.7254512718178207,0.9589097222222221
multiclass,mfeat_fourier,k_center,K-center,budget_25,seed_2,mlp,250,0.1544876000007207,0.7329621000008046,0.9553402777777779,0.745,0.7424463148435629,0.9553402777777779
multiclass,mfeat_fourier,k_center,K-center,budget_50,seed_2,xgboost,500,0.35577090000151657,5.036387800000739,0.9730972222222223,0.7775,0.7755540462522565,0.9730972222222223
multiclass,mfeat_fourier,k_center,K-center,budget_50,seed_2,lightgbm,500,0.29232110000157263,2.8981232999994972,0.968798611111111,0.7475,0.7445487953084184,0.968798611111111
multiclass,mfeat_fourier,k_center,K-center,budget_50,seed_2,mlp,500,0.35475030000088736,1.2924039999998058,0.9652291666666667,0.765,0.7630968969302302,0.9652291666666667
multiclass,mfeat_fourier,full_data,Full data,budget_25,seed_2,xgboost,1200,2.3599999622092582e-05,6.33430589999989,0.9784444444444444,0.8025,0.8025709751466973,0.9784444444444444
multiclass,mfeat_fourier,full_data,Full data,budget_25,seed_2,lightgbm,1200,1.6799998775240965e-05,4.291295499999251,0.9810416666666667,0.8175,0.8173189000392744,0.9810416666666667
multiclass,mfeat_fourier,full_data,Full data,budget_25,seed_2,mlp,1200,1.82999992830446e-05,2.179721200000131,0.9720416666666667,0.7875,0.7858706485500528,0.9720416666666667
multiclass,mfeat_fourier,full_data,Full data,budget_50,seed_2,xgboost,1200,1.6899999536690302e-05,5.870150999999169,0.9784444444444444,0.8025,0.8025709751466973,0.9784444444444444
multiclass,mfeat_fourier,full_data,Full data,budget_50,seed_2,lightgbm,1200,1.9099999917671084e-05,4.078090400000292,0.9810416666666667,0.8175,0.8173189000392744,0.9810416666666667
multiclass,mfeat_fourier,full_data,Full data,budget_50,seed_2,mlp,1200,1.8999999156221747e-05,2.1400737999993,0.9720416666666667,0.7875,0.7858706485500528,0.9720416666666667
multiclass,optdigits,histdistill,HistDistill,budget_25,seed_2,xgboost,250,2.8664624000011827,0.2595959000009316,0.9944321120103783,0.9048042704626335,0.9052602817587536,0.9944321120103783
multiclass,optdigits,histdistill,HistDistill,budget_25,seed_2,lightgbm,250,2.2372666000010213,1.5863715000014054,0.9948807580110822,0.9083629893238434,0.9086475173006793,0.9948807580110822
multiclass,optdigits,histdistill,HistDistill,budget_25,seed_2,mlp,250,2.323725899999772,0.6161548000000039,0.997238654894778,0.947508896797153,0.9475647440115091,0.997238654894778
multiclass,optdigits,histdistill,HistDistill,budget_50,seed_2,xgboost,500,3.2089145999998436,0.5446436000001995,0.9974316806992514,0.9288256227758007,0.9290206785542903,0.9974316806992514
multiclass,optdigits,histdistill,HistDistill,budget_50,seed_2,lightgbm,500,3.3740465999999287,2.7928800999998202,0.9973291868892773,0.9279359430604982,0.9280362778288959,0.9973291868892773
multiclass,optdigits,histdistill,HistDistill,budget_50,seed_2,mlp,500,3.464866299998903,0.8352726000011899,0.9980846864768311,0.9546263345195729,0.9546031489531851,0.9980846864768311
multiclass,optdigits,random,Random,budget_25,seed_2,xgboost,250,0.000568800000110059,0.24926500000037777,0.993797938813486,0.8994661921708185,0.9005442778735826,0.993797938813486
multiclass,optdigits,random,Random,budget_25,seed_2,lightgbm,250,0.0006343999993987381,1.844946199998958,0.9925280909917985,0.8870106761565836,0.8883262238519676,0.9925280909917985
multiclass,optdigits,random,Random,budget_25,seed_2,mlp,250,0.0009783000004972564,0.7901364999997895,0.991492082761812,0.9243772241992882,0.9246313872225709,0.991492082761812
multiclass,optdigits,random,Random,budget_50,seed_2,xgboost,500,0.0007630000000062864,0.5411951000005502,0.99680363122521,0.9448398576512456,0.9448858425283373,0.99680363122521
multiclass,optdigits,random,Random,budget_50,seed_2,lightgbm,500,0.000816399999166606,2.468429099999412,0.9967220555149254,0.9466192170818505,0.9468825833193186,0.9967220555149254
multiclass,optdigits,random,Random,budget_50,seed_2,mlp,500,0.0008288000008178642,0.9040165999995224,0.9939160052360305,0.9537366548042705,0.9539395782110429,0.9939160052360305
multiclass,optdigits,herding,Herding,budget_25,seed_2,xgboost,250,0.03200740000102087,0.3825544000010268,0.9937966897796743,0.9048042704626335,0.9054581995664572,0.9937966897796743
multiclass,optdigits,herding,Herding,budget_25,seed_2,lightgbm,250,0.036905299999489216,1.9212181000002602,0.9941161196030583,0.9137010676156584,0.9144449154287321,0.9941161196030583
multiclass,optdigits,herding,Herding,budget_25,seed_2,mlp,250,0.0331160000005184,0.5156955000002199,0.9944818082316983,0.9323843416370107,0.9328745470324125,0.9944818082316983
multiclass,optdigits,herding,Herding,budget_50,seed_2,xgboost,500,0.05995400000028894,0.5623947999993106,0.996500962230737,0.9297153024911032,0.9302203875318724,0.996500962230737
multiclass,optdigits,herding,Herding,budget_50,seed_2,lightgbm,500,0.05524360000163142,2.73583890000009,0.9965223425245989,0.9288256227758007,0.9290677629560777,0.9965223425245989
multiclass,optdigits,herding,Herding,budget_50,seed_2,mlp,500,0.06393740000021353,0.8859478000013041,0.9963693684471405,0.9537366548042705,0.9537958989970582,0.9963693684471405
multiclass,optdigits,k_center,K-center,budget_25,seed_2,xgboost,250,0.21828840000125638,0.44726210000044375,0.9958629238399903,0.9181494661921709,0.9189806724176496,0.9958629238399903
multiclass,optdigits,k_center,K-center,budget_25,seed_2,lightgbm,250,0.21514789999855566,2.142352499999106,0.9953530036666081,0.9225978647686833,0.9232244554702597,0.9953530036666081
multiclass,optdigits,k_center,K-center,budget_25,seed_2,mlp,250,0.23445499999979802,0.7160635000000184,0.9973773914729887,0.9430604982206405,0.943363697855296,0.9973773914729887
multiclass,optdigits,k_center,K-center,budget_50,seed_2,xgboost,500,0.46497590000035416,0.6497028000012506,0.9977502193597625,0.943950177935943,0.9447153640187474,0.9977502193597625
multiclass,optdigits,k_center,K-center,budget_50,seed_2,lightgbm,500,0.4326277999989543,3.5346110999998928,0.9979580823715946,0.9430604982206405,0.9434358466536235,0.9979580823715946
multiclass,optdigits,k_center,K-center,budget_50,seed_2,mlp,500,0.44794630000069446,1.0350945999998657,0.998885524470597,0.9688612099644128,0.9688022130956092,0.998885524470597
multiclass,optdigits,full_data,Full data,budget_25,seed_2,xgboost,3372,2.6100000468431972e-05,1.99898740000026,0.9992463039709765,0.9715302491103203,0.9716319612967087,0.9992463039709765
multiclass,optdigits,full_data,Full data,budget_25,seed_2,lightgbm,3372,8.279999929072801e-05,5.769770700000663,0.9994943163551536,0.9768683274021353,0.9769129238789223,0.9994943163551536
multiclass,optdigits,full_data,Full data,budget_25,seed_2,mlp,3372,2.620000122988131e-05,2.9103481999991345,0.9995263004098713,0.9813167259786477,0.9813882268633722,0.9995263004098713
multiclass,optdigits,full_data,Full data,budget_50,seed_2,xgboost,3372,2.9799999538226984e-05,2.0062746000003244,0.9992463039709765,0.9715302491103203,0.9716319612967087,0.9992463039709765
multiclass,optdigits,full_data,Full data,budget_50,seed_2,lightgbm,3372,3.319999996165279e-05,5.294736300000295,0.9994943163551536,0.9768683274021353,0.9769129238789223,0.9994943163551536
multiclass,optdigits,full_data,Full data,budget_50,seed_2,mlp,3372,2.5299999833805487e-05,2.8986865999995644,0.9995263004098713,0.9813167259786477,0.9813882268633722,0.9995263004098713
multiclass,satimage,histdistill,HistDistill,budget_25,seed_2,xgboost,150,2.3840124999987893,0.2546775999999227,0.9603625536577471,0.8032659409020217,0.7880836012630743,0.9603625536577471
multiclass,satimage,histdistill,HistDistill,budget_25,seed_2,lightgbm,150,2.381367299998601,0.8485950000012963,0.9646521446564976,0.7993779160186625,0.7838819527625862,0.9646521446564976
multiclass,satimage,histdistill,HistDistill,budget_25,seed_2,mlp,150,2.3318894999993063,0.5115362999986246,0.9691910390070659,0.8258164852255054,0.8059163716591194,0.9691910390070659
multiclass,satimage,histdistill,HistDistill,budget_50,seed_2,xgboost,300,2.862290999999459,0.3916258999997808,0.9765679433021407,0.8351477449455676,0.820636069690431,0.9765679433021407
multiclass,satimage,histdistill,HistDistill,budget_50,seed_2,lightgbm,300,3.0017580000003363,1.3536148999992292,0.9738250827794174,0.8499222395023328,0.8352401193310096,0.9738250827794174
multiclass,satimage,histdistill,HistDistill,budget_50,seed_2,mlp,300,2.9925450000009732,0.9698226000000432,0.9781571537373223,0.8506998444790047,0.8320098630776611,0.9781571537373223
multiclass,satimage,random,Random,budget_25,seed_2,xgboost,150,0.0006150999997771578,0.24746150000100897,0.962480608701472,0.8094867807153966,0.7968995485566429,0.962480608701472
multiclass,satimage,random,Random,budget_25,seed_2,lightgbm,150,0.0007322999990719836,0.7210069000011572,0.9598999461484627,0.8141524105754276,0.7991447184646431,0.9598999461484627
multiclass,satimage,random,Random,budget_25,seed_2,mlp,150,0.000719700001354795,0.5956344000005629,0.9660739435540754,0.8258164852255054,0.8065895712673677,0.9660739435540754
multiclass,satimage,random,Random,budget_50,seed_2,xgboost,300,0.000856700000440469,0.3547515000009298,0.9690330572167403,0.812597200622084,0.8036446888908575,0.9690330572167403
multiclass,satimage,random,Random,budget_50,seed_2,lightgbm,300,0.0008859999998094281,1.1719682999992074,0.9673925101973823,0.8172628304821151,0.8065969367994844,0.9673925101973823
multiclass,satimage,random,Random,budget_50,seed_2,mlp,300,0.0007343999986915151,1.0814258999998856,0.9697231845040083,0.8421461897356143,0.8274546167754658,0.9697231845040083
multiclass,satimage,herding,Herding,budget_25,seed_2,xgboost,150,0.026107800000318093,0.18260869999903662,0.9228268703550345,0.7410575427682737,0.7241760104055124,0.9228268703550345
multiclass,satimage,herding,Herding,budget_25,seed_2,lightgbm,150,0.026378900000054273,0.8086763000010251,0.9126131614810067,0.7208398133748056,0.7048803393688376,0.9126131614810067
multiclass,satimage,herding,Herding,budget_25,seed_2,mlp,150,0.03224369999952614,0.4620292999989033,0.9519589456387242,0.7799377916018663,0.766444549154809,0.9519589456387242
multiclass,satimage,herding,Herding,budget_50,seed_2,xgboost,300,0.03815700000086508,0.25205949999872246,0.933259231138445,0.7325038880248833,0.7203639471537001,0.933259231138445
multiclass,satimage,herding,Herding,budget_50,seed_2,lightgbm,300,0.04456270000082441,0.8322492000006605,0.9293379523271105,0.6990668740279938,0.6870372349830857,0.9293379523271105
multiclass,satimage,herding,Herding,budget_50,seed_2,mlp,300,0.04256100000020524,0.6603302000003168,0.9482008897244371,0.7674961119751167,0.7556389505299639,0.9482008897244371
multiclass,satimage,k_center,K-center,budget_25,seed_2,xgboost,150,0.15182110000023386,0.3313499999985652,0.9633964097368306,0.7908242612752722,0.7840284427400753,0.9633964097368306
multiclass,satimage,k_center,K-center,budget_25,seed_2,lightgbm,150,0.132154900000387,1.0348986000008153,0.9539373002674427,0.7667185069984448,0.7523201449931137,0.9539373002674427
multiclass,satimage,k_center,K-center,budget_25,seed_2,mlp,150,0.14605699999992794,0.5119897999993555,0.9424994956302074,0.6811819595645412,0.694089423156738,0.9424994956302074
multiclass,satimage,k_center,K-center,budget_50,seed_2,xgboost,300,0.2695301000003383,0.4329995999996754,0.9731160064675791,0.8265940902021773,0.8190485285712693,0.9731160064675791
multiclass,satimage,k_center,K-center,budget_50,seed_2,lightgbm,300,0.29881360000035784,1.7523216999998112,0.9713289626840985,0.8172628304821151,0.8090024593801357,0.9713289626840985
multiclass,satimage,k_center,K-center,budget_50,seed_2,mlp,300,0.25759689999904367,1.099659999999858,0.9621105121873934,0.7667185069984448,0.770169425044623,0.9621105121873934
multiclass,satimage,full_data,Full data,budget_25,seed_2,xgboost,3858,2.0900000890833326e-05,1.366609700000481,0.9878115794506649,0.9051321928460342,0.8863183844477834,0.9878115794506649
multiclass,satimage,full_data,Full data,budget_25,seed_2,lightgbm,3858,2.1000001652282663e-05,3.57873649999965,0.9905626781239141,0.9237947122861586,0.908287050104419,0.9905626781239141
multiclass,satimage,full_data,Full data,budget_25,seed_2,mlp,3858,2.3800001144991256e-05,12.280858600001011,0.9896566187298883,0.9191290824261276,0.9020052727108151,0.9896566187298883
multiclass,satimage,full_data,Full data,budget_50,seed_2,xgboost,3858,2.8899999961140566e-05,1.3630385999986174,0.9878115794506649,0.9051321928460342,0.8863183844477834,0.9878115794506649
multiclass,satimage,full_data,Full data,budget_50,seed_2,lightgbm,3858,2.8700000257231295e-05,7.522405100000469,0.9905626781239141,0.9237947122861586,0.908287050104419,0.9905626781239141
multiclass,satimage,full_data,Full data,budget_50,seed_2,mlp,3858,2.469999890308827e-05,10.7953538999991,0.9896566187298883,0.9191290824261276,0.9020052727108151,0.9896566187298883
multiclass,vehicle,histdistill,HistDistill,budget_25,seed_2,xgboost,100,0.33402600000044913,0.14901490000011108,0.896655427905428,0.6823529411764706,0.6730432260311565,0.896655427905428
multiclass,vehicle,histdistill,HistDistill,budget_25,seed_2,lightgbm,100,0.336523699999816,2.4637584000010975,0.8721277008581696,0.6529411764705882,0.650202290873635,0.8721277008581696
multiclass,vehicle,histdistill,HistDistill,budget_25,seed_2,mlp,100,0.3553841000011744,0.550623999999516,0.9090123938561439,0.7411764705882353,0.7379188943489624,0.9090123938561439
multiclass,vehicle,histdistill,HistDistill,budget_50,seed_2,xgboost,200,0.4896924999993644,0.3002453000008245,0.9211379982864358,0.7235294117647059,0.7167098511025523,0.9211379982864358
multiclass,vehicle,histdistill,HistDistill,budget_50,seed_2,lightgbm,200,0.44862860000102955,2.513553700000557,0.9177170919358419,0.7588235294117647,0.7577187302180297,0.9177170919358419
multiclass,vehicle,histdistill,HistDistill,budget_50,seed_2,mlp,200,0.40223100000002887,0.939892599999439,0.9425684948731824,0.7941176470588235,0.7952432626127405,0.9425684948731824
multiclass,vehicle,random,Random,budget_25,seed_2,xgboost,100,0.0005873999998584623,0.1596531999985018,0.8893342508186257,0.6647058823529411,0.6667797052302074,0.8893342508186257
multiclass,vehicle,random,Random,budget_25,seed_2,lightgbm,100,0.000387399999453919,1.1213124999994761,0.8600025668775669,0.6705882352941176,0.6784316426467767,0.8600025668775669
multiclass,vehicle,random,Random,budget_25,seed_2,mlp,100,0.00038859999949636403,0.46689450000121724,0.9251734420093796,0.7588235294117647,0.7612032065829043,0.9251734420093796
multiclass,vehicle,random,Random,budget_50,seed_2,xgboost,200,0.00040699999954085797,0.21127379999961704,0.9118432955932956,0.7176470588235294,0.7160178621490649,0.9118432955932956
multiclass,vehicle,random,Random,budget_50,seed_2,lightgbm,200,0.00043400000140536577,1.3170989000009286,0.9200239560786436,0.7529411764705882,0.7494451365966799,0.9200239560786436
multiclass,vehicle,random,Random,budget_50,seed_2,mlp,200,0.0004336000001785578,0.5884549000002153,0.9450605124042625,0.8411764705882353,0.8421209549515523,0.9450605124042625
multiclass,vehicle,herding,Herding,budget_25,seed_2,xgboost,100,0.0067866999997932,0.12916870000117342,0.8652495507964257,0.6705882352941176,0.6592379006913891,0.8652495507964257
multiclass,vehicle,herding,Herding,budget_25,seed_2,lightgbm,100,0.007250500000736793,0.7181486999998015,0.83918901627886,0.6411764705882353,0.6291957338928228,0.83918901627886
multiclass,vehicle,herding,Herding,budget_25,seed_2,mlp,100,0.006443499998567859,0.4702043999986927,0.8761065410284161,0.7058823529411765,0.7033736960220967,0.8761065410284161
multiclass,vehicle,herding,Herding,budget_50,seed_2,xgboost,200,0.011535199999343604,0.1878100000012637,0.9178373969780219,0.7411764705882353,0.7319718516821536,0.9178373969780219
multiclass,vehicle,herding,Herding,budget_50,seed_2,lightgbm,200,0.010442900000271038,1.0011646000002656,0.9105472825785326,0.7,0.6925879775334556,0.9105472825785326
multiclass,vehicle,herding,Herding,budget_50,seed_2,mlp,200,0.01126000000112981,0.5811496000005718,0.9375012921106671,0.788235294117647,0.7912003624002784,0.9375012921106671
multiclass,vehicle,k_center,K-center,budget_25,seed_2,xgboost,100,0.10274530000060622,0.17759189999924274,0.9190146181943056,0.7529411764705882,0.7425620818809674,0.9190146181943056
multiclass,vehicle,k_center,K-center,budget_25,seed_2,lightgbm,100,0.0784871000014391,0.647138399999676,0.9063723039113665,0.7411764705882353,0.7285507550213433,0.9063723039113665
multiclass,vehicle,k_center,K-center,budget_25,seed_2,mlp,100,0.07302990000061982,0.4237640999999712,0.9420776966089466,0.8117647058823529,0.8128167464055833,0.9420776966089466
multiclass,vehicle,k_center,K-center,budget_50,seed_2,xgboost,200,0.12761929999942367,0.1881799000002502,0.9288425766941393,0.7647058823529411,0.7574942199495258,0.9288425766941393
multiclass,vehicle,k_center,K-center,budget_50,seed_2,lightgbm,200,0.1385616999996273,0.8281990000014048,0.9192955395299145,0.7411764705882353,0.73758668483946,0.9192955395299145
multiclass,vehicle,k_center,K-center,budget_50,seed_2,mlp,200,0.13910949999990407,0.6112562999987858,0.9559370664058163,0.8176470588235294,0.8192432690610431,0.9559370664058163
multiclass,vehicle,full_data,Full data,budget_25,seed_2,xgboost,507,1.4299999747890979e-05,0.26323690000026545,0.9322296626984127,0.7705882352941177,0.7643672741611947,0.9322296626984127
multiclass,vehicle,full_data,Full data,budget_25,seed_2,lightgbm,507,2.13999992411118e-05,1.4512801000000763,0.9397709408646909,0.788235294117647,0.7857564712632041,0.9397709408646909
multiclass,vehicle,full_data,Full data,budget_25,seed_2,mlp,507,2.519999907235615e-05,1.4511536000009073,0.9640575180028306,0.8411764705882353,0.8420669208821819,0.9640575180028306
multiclass,vehicle,full_data,Full data,budget_50,seed_2,xgboost,507,2.0900000890833326e-05,0.26452450000033423,0.9322296626984127,0.7705882352941177,0.7643672741611947,0.9322296626984127
multiclass,vehicle,full_data,Full data,budget_50,seed_2,lightgbm,507,2.0700001186924055e-05,1.2123534999991534,0.9397709408646909,0.788235294117647,0.7857564712632041,0.9397709408646909
multiclass,vehicle,full_data,Full data,budget_50,seed_2,mlp,507,2.099999983329326e-05,1.4591039000006276,0.9640575180028306,0.8411764705882353,0.8420669208821819,0.9640575180028306
