dataset,method,method_label,budget,seed,reg_lambda,probe_depth,sld_inf,sld_l1,sld_inf_norm,sld_l1_norm,sld_root_inf,sld_root_l1,sld_root_inf_norm,sld_root_l1_norm,sld_root_margin,sld_root_margin_satisfied,sld_root_agreement_direct,sld_rank_correlation_direct,sld_margin_satisfied_rate,sld_states,sld_depth_0_inf_norm,sld_depth_0_agreement,sld_depth_1_inf_norm,sld_depth_1_agreement,sld_depth_2_inf_norm,sld_depth_2_agreement
adult,histdistill_refined,HistDistill-Refined,budget_50,seed_0,0.1,0,463.4478557511111,6867.406118391194,0.8353869548381807,0.12206344532096,274.14250480336545,4885.968843738474,0.2787653490389123,0.0487094173061618,190.46646526303266,0.0,0.0,0.9336738359193074,0.0,5.0,0.8353869548381807,0.2,,,,
adult,histdistill_refined,HistDistill-Refined,budget_50,seed_0,0.1,1,362.20254169234425,6036.1682436424735,1.3576459789335975,0.2333480940834352,274.14250480336545,4885.968843738474,0.2787653490389123,0.0487094173061618,190.46646526303266,0.0,0.0,0.7631309559676223,0.0,13.0,0.8353869548381807,0.2,1.684057868993233,0.375,,
adult,histdistill_refined,HistDistill-Refined,budget_50,seed_0,0.1,2,285.9354828542922,4750.711706837774,2.2351736880338433,0.3575626337719165,274.14250480336545,4885.968843738474,0.2787653490389123,0.0487094173061618,190.46646526303266,0.0,0.0,0.6123280554415791,0.0,25.0,0.8353869548381807,0.2,1.684057868993233,0.375,3.185828706225776,0.16666666666666666
adult,histdistill_refined,HistDistill-Refined,budget_50,seed_0,1.0,0,462.4651184128741,6844.129217302454,0.8349738204170938,0.12182151903744116,272.3484021374529,4857.8343405464,0.27719107454779585,0.048472669647365,190.2839959802684,0.0,0.0,0.933015439264208,0.0,5.0,0.8349738204170938,0.2,,,,
adult,histdistill_refined,HistDistill-Refined,budget_50,seed_0,1.0,1,361.2060663374456,6009.5170260264795,1.3649513638574886,0.23417652823729407,272.3484021374529,4857.8343405464,0.27719107454779585,0.048472669647365,190.2839959802684,0.0,0.0,0.7587211953695976,0.0,13.0,0.8349738204170938,0.2,1.696187328507735,0.375,,
adult,histdistill_refined,HistDistill-Refined,budget_50,seed_0,1.0,2,285.1900019876307,4728.853279357578,2.2892597773595997,0.37802079053777626,272.3484021374529,4857.8343405464,0.27719107454779585,0.048472669647365,190.2839959802684,0.0,0.0,0.6009799016289438,0.0,25.0,0.8349738204170938,0.2,1.696187328507735,0.375,3.290593891986887,0.16666666666666666
adult,histdistill_refined,HistDistill-Refined,budget_50,seed_0,10.0,0,458.03116008813333,6665.918464787889,0.8362660116081084,0.12062980777244885,267.8355541229271,4624.740570083586,0.27505650394071673,0.04656299371739722,188.47933389381706,0.0,0.0,0.9338081644371015,0.0,5.0,0.8362660116081084,0.2,,,,
adult,histdistill_refined,HistDistill-Refined,budget_50,seed_0,10.0,1,353.7209545736138,5810.740656117218,1.4194766959365148,0.24238324400200462,267.8355541229271,4624.740570083586,0.27505650394071673,0.04656299371739722,188.47933389381706,0.0,0.0,0.7461104513541789,0.0,13.0,0.8362660116081084,0.2,1.783983373641769,0.375,,
adult,histdistill_refined,HistDistill-Refined,budget_50,seed_0,10.0,2,279.14843221210714,4543.359084703363,1.9840242373354036,0.345429964867337,267.8355541229271,4624.740570083586,0.27505650394071673,0.04656299371739722,188.47933389381706,0.0,0.0,0.606082687528536,0.0,25.0,0.8362660116081084,0.2,1.783983373641769,0.375,2.5956174071842,0.16666666666666666
adult,histdistill_refined,HistDistill-Refined,budget_50,seed_1,0.1,0,338.90383513697503,7510.246468925802,0.5675017343825386,0.13921143166619382,244.5668040158809,3971.646641487021,0.24869091545552025,0.04206896059509746,190.46646526303266,0.0,1.0,0.9465345837090581,0.0,5.0,0.5675017343825386,0.8,,,,
adult,histdistill_refined,HistDistill-Refined,budget_50,seed_1,0.1,1,330.6424955726431,6588.23090988111,1.5606583738186814,0.26577454949361357,244.5668040158809,3971.646641487021,0.24869091545552025,0.04206896059509746,190.46646526303266,0.0,1.0,0.7187481396737729,0.0,13.0,0.5675017343825386,0.8,2.181381273466271,0.375,,
adult,histdistill_refined,HistDistill-Refined,budget_50,seed_1,0.1,2,280.2333201224476,5145.566846273348,2.345108698871719,0.3160819498058477,244.5668040158809,3971.646641487021,0.24869091545552025,0.04206896059509746,190.46646526303266,0.0,1.0,0.6010717013517567,0.0,25.0,0.5675017343825386,0.8,2.181381273466271,0.375,3.194929884345843,0.25
adult,histdistill_refined,HistDistill-Refined,budget_50,seed_1,1.0,0,336.3889790207375,7479.602583801672,0.5651380852079034,0.13879368376960274,239.1519447852121,3944.67108770526,0.24340434544481537,0.04182095773882722,190.2839959802684,0.0,1.0,0.946563337962085,0.0,5.0,0.5651380852079034,0.8,,,,
adult,histdistill_refined,HistDistill-Refined,budget_50,seed_1,1.0,1,329.1973789150959,6568.0688535989075,1.608484514904809,0.287417335810461,239.1519447852121,3944.67108770526,0.24340434544481537,0.04182095773882722,190.2839959802684,0.0,1.0,0.7428032975623988,0.0,13.0,0.5651380852079034,0.8,2.2605760334653753,0.375,,
adult,histdistill_refined,HistDistill-Refined,budget_50,seed_1,1.0,2,279.27441957139337,5131.604273150914,2.431961338186384,0.34953038115615587,239.1519447852121,3944.67108770526,0.24340434544481537,0.04182095773882722,190.2839959802684,0.0,1.0,0.6394588640297103,0.0,25.0,0.5651380852079034,0.8,2.2605760334653753,0.375,3.3240612300747574,0.25
adult,histdistill_refined,HistDistill-Refined,budget_50,seed_1,10.0,0,315.0679859531098,7220.577613539972,0.5452814810027959,0.13524790570971248,194.40514002846413,3705.4986843981096,0.19964637756715783,0.039639587060281374,188.47933389381706,0.0,1.0,0.9465749437880433,0.0,5.0,0.5452814810027959,0.8,,,,
adult,histdistill_refined,HistDistill-Refined,budget_50,seed_1,10.0,1,317.8724064103223,6364.049481489535,1.6262762245039788,0.27578658249927995,194.40514002846413,3705.4986843981096,0.19964637756715783,0.039639587060281374,188.47933389381706,0.0,1.0,0.7583848481969242,0.0,13.0,0.5452814810027959,0.8,2.3018979391922176,0.375,,
adult,histdistill_refined,HistDistill-Refined,budget_50,seed_1,10.0,2,272.0854115609383,5025.172309982927,2.535589526456277,0.37213194173359865,194.40514002846413,3705.4986843981096,0.19964637756715783,0.039639587060281374,188.47933389381706,0.0,1.0,0.6647509176714758,0.0,25.0,0.5452814810027959,0.8,2.3018979391922176,0.375,3.5206789369046003,0.3333333333333333
adult,histdistill_refined,HistDistill-Refined,budget_50,seed_2,0.1,0,423.80043803945244,9242.452199323307,0.7543997304842607,0.17549323727453778,290.3147826499283,5560.706904025138,0.29521033877840935,0.05654476682174925,190.46646526303266,0.0,0.0,0.9409712766635213,0.0,5.0,0.7543997304842607,0.0,,,,
adult,histdistill_refined,HistDistill-Refined,budget_50,seed_2,0.1,1,354.9559444545181,7694.308926763211,1.4729450603088985,0.3238171012735031,290.3147826499283,5560.706904025138,0.29521033877840935,0.05654476682174925,190.46646526303266,0.0,0.0,0.7600891496759297,0.0,13.0,0.7543997304842607,0.0,1.9220358914492972,0.5,,
adult,histdistill_refined,HistDistill-Refined,budget_50,seed_2,0.1,2,296.5215546812596,6206.475756561305,1.8872311912105197,0.35413584020957084,290.3147826499283,5560.706904025138,0.29521033877840935,0.05654476682174925,190.46646526303266,0.0,0.0,0.6289786055367143,0.0,25.0,0.7543997304842607,0.0,1.9220358914492972,0.5,2.3360411663539433,0.25
adult,histdistill_refined,HistDistill-Refined,budget_50,seed_2,1.0,0,422.59545941505667,9207.92001339421,0.7537926774882913,0.175012782516188,287.8539287450732,5531.9407219799705,0.2929723075128658,0.05630305083583475,190.2839959802684,0.0,0.0,0.9408678221020604,0.0,5.0,0.7537926774882913,0.0,,,,
adult,histdistill_refined,HistDistill-Refined,budget_50,seed_2,1.0,1,353.5336383441697,7644.390925347978,1.4733679502673245,0.32344470645072537,287.8539287450732,5531.9407219799705,0.2929723075128658,0.05630305083583475,190.2839959802684,0.0,0.0,0.7542906154060973,0.0,13.0,0.7537926774882913,0.0,1.9231024957542204,0.5,,
adult,histdistill_refined,HistDistill-Refined,budget_50,seed_2,1.0,2,295.3003221665029,6166.627669558232,1.8902508471656867,0.3734092928653617,287.8539287450732,5531.9407219799705,0.2929723075128658,0.05630305083583475,190.2839959802684,0.0,0.0,0.615636043236714,0.0,25.0,0.7537926774882913,0.0,1.9231024957542204,0.5,2.3418739854722457,0.3333333333333333
adult,histdistill_refined,HistDistill-Refined,budget_50,seed_2,10.0,0,411.3482669072032,8899.859895244152,0.7484007828757061,0.17117155275704143,265.20737709994,5269.995771154398,0.27235747025175266,0.054120768892796045,188.47933389381706,0.0,0.0,0.9387300149817761,0.0,5.0,0.7484007828757061,0.0,,,,
adult,histdistill_refined,HistDistill-Refined,budget_50,seed_2,10.0,1,341.24734044186505,7304.470392153862,1.4869899880725208,0.311150806321959,265.20737709994,5269.995771154398,0.27235747025175266,0.054120768892796045,188.47933389381706,0.0,0.0,0.7284544625001542,0.0,13.0,0.7484007828757061,0.0,1.94860824132053,0.5,,
adult,histdistill_refined,HistDistill-Refined,budget_50,seed_2,10.0,2,284.9029456142136,5870.252762974676,1.8960681887807322,0.3624241269651929,265.20737709994,5269.995771154398,0.27235747025175266,0.054120768892796045,188.47933389381706,0.0,0.0,0.624526112954506,0.0,25.0,0.7484007828757061,0.0,1.94860824132053,0.5,2.339236239547961,0.3333333333333333
adult,histdistill_density,HistDistill-Density,budget_50,seed_0,0.1,0,997.0553940524685,23104.918442660568,1.800522486922094,0.4152947541663533,739.796025959811,18973.71506926599,0.7522711501531273,0.18915360181665464,190.46646526303266,0.0,0.0,0.8747673995725096,0.0,5.0,1.800522486922094,0.2,,,,
adult,histdistill_density,HistDistill-Density,budget_50,seed_0,0.1,1,594.5445292720367,13164.9456198114,1.8818378108959704,0.3901875199212386,739.796025959811,18973.71506926599,0.7522711501531273,0.18915360181665464,190.46646526303266,0.0,0.0,0.7369156699938855,0.0,13.0,1.800522486922094,0.2,1.932659888379643,0.375,,
adult,histdistill_density,HistDistill-Density,budget_50,seed_0,0.1,2,420.7943781004305,8950.186609057411,2.5877825133836208,0.46564453796492566,739.796025959811,18973.71506926599,0.7522711501531273,0.18915360181665464,190.46646526303266,0.0,0.0,0.5994590745836976,0.0,25.0,1.800522486922094,0.2,1.932659888379643,0.375,3.3525559410785752,0.16666666666666666
adult,histdistill_density,HistDistill-Density,budget_50,seed_0,1.0,0,996.1646502499134,23059.638016065586,1.800814181009536,0.41486112401576725,738.9838121809807,18933.371553098666,0.7521238067278655,0.18892185288083388,190.2839959802684,0.0,0.0,0.8750168778869085,0.0,5.0,1.800814181009536,0.2,,,,
adult,histdistill_density,HistDistill-Density,budget_50,seed_0,1.0,1,593.4605668262359,13126.027451887718,1.8906761611104526,0.39115591926519705,738.9838121809807,18933.371553098666,0.7521238067278655,0.18892185288083388,190.2839959802684,0.0,0.0,0.7319259689309547,0.0,13.0,1.800814181009536,0.2,1.946839898673526,0.375,,
adult,histdistill_density,HistDistill-Density,budget_50,seed_0,1.0,2,419.9744011722414,8920.55882502112,2.6466343422869563,0.48730450847163703,738.9838121809807,18933.371553098666,0.7521238067278655,0.18892185288083388,190.2839959802684,0.0,0.0,0.5901972042257452,0.0,25.0,1.800814181009536,0.2,1.946839898673526,0.375,3.4655890385615007,0.16666666666666666
adult,histdistill_density,HistDistill-Density,budget_50,seed_0,10.0,0,987.3504566628505,22732.51160379153,1.803713826021696,0.4125170621880677,730.9656374814715,18705.09161636594,0.750672752931722,0.18832733430503432,188.47933389381706,0.0,0.0,0.8724599792299635,0.0,5.0,1.803713826021696,0.2,,,,
adult,histdistill_density,HistDistill-Density,budget_50,seed_0,10.0,1,583.7425150060836,12864.415586032646,1.956587240996972,0.4024557537033896,730.9656374814715,18705.09161636594,0.750672752931722,0.18832733430503432,188.47933389381706,0.0,0.0,0.7118015670877386,0.0,13.0,1.803713826021696,0.2,2.0521331253565194,0.375,,
adult,histdistill_density,HistDistill-Density,budget_50,seed_0,10.0,2,412.51242626011356,8707.429378893528,2.3300163146672848,0.4581164190331434,730.9656374814715,18705.09161636594,0.750672752931722,0.18832733430503432,188.47933389381706,0.0,0.0,0.5967887348855793,0.0,25.0,1.803713826021696,0.2,2.0521331253565194,0.375,2.7345644778101232,0.16666666666666666
adult,histdistill_density,HistDistill-Density,budget_50,seed_1,0.1,0,621.6454980195473,16458.15055524407,1.112179460705904,0.3018578935591091,447.1955927788786,11511.532846377075,0.45473661809242,0.12193386406653967,190.46646526303266,0.0,1.0,0.9017078079108165,0.0,5.0,1.112179460705904,0.8,,,,
adult,histdistill_density,HistDistill-Density,budget_50,seed_1,0.1,1,478.45408815091844,11242.46884532596,1.8493344945534942,0.36041901843156815,447.1955927788786,11511.532846377075,0.45473661809242,0.12193386406653967,190.46646526303266,0.0,1.0,0.6821794718595859,0.0,13.0,1.112179460705904,0.8,2.3100563907082385,0.375,,
adult,histdistill_density,HistDistill-Density,budget_50,seed_1,0.1,2,374.68378065640917,8056.773992166884,2.4670888558703408,0.3735765550285282,447.1955927788786,11511.532846377075,0.45473661809242,0.12193386406653967,190.46646526303266,0.0,1.0,0.5778590133022815,0.0,25.0,1.112179460705904,0.8,2.3100563907082385,0.375,3.136322747296925,0.25
adult,histdistill_density,HistDistill-Density,budget_50,seed_1,1.0,0,620.859733246642,16419.18561537469,1.1119567282928489,0.30143101038460873,446.39187171697404,11478.327578375363,0.454329240118622,0.12169193372390964,190.2839959802684,0.0,1.0,0.9012173638354375,0.0,5.0,1.1119567282928489,0.8,,,,
adult,histdistill_density,HistDistill-Density,budget_50,seed_1,1.0,1,477.53166523164447,11217.189556180609,1.8970907011150175,0.382146226786406,446.39187171697404,11478.327578375363,0.454329240118622,0.12169193372390964,190.2839959802684,0.0,1.0,0.7046249985508303,0.0,13.0,1.1119567282928489,0.8,2.3877994341288726,0.375,,
adult,histdistill_density,HistDistill-Density,budget_50,seed_1,1.0,2,373.99772418052163,8044.448167153539,2.552403754195196,0.4075292077841675,446.39187171697404,11478.327578375363,0.454329240118622,0.12169193372390964,190.2839959802684,0.0,1.0,0.6095840692676205,0.0,25.0,1.1119567282928489,0.8,2.3877994341288726,0.375,3.2623262283653904,0.25
adult,histdistill_density,HistDistill-Density,budget_50,seed_1,10.0,0,613.1321122578821,16069.389918295525,1.1098163041258304,0.2975292122953606,438.52962747829446,11175.069682642958,0.4503525553341735,0.1195453528171444,188.47933389381706,0.0,1.0,0.8983325939402418,0.0,5.0,1.1098163041258304,0.8,,,,
adult,histdistill_density,HistDistill-Density,budget_50,seed_1,10.0,1,470.1678846926338,10980.378528872658,1.9120703659851808,0.37227468340730796,438.52962747829446,11175.069682642958,0.4503525553341735,0.1195453528171444,188.47933389381706,0.0,1.0,0.7170569157294692,0.0,13.0,1.1098163041258304,0.8,2.4134791546472747,0.375,,
adult,histdistill_density,HistDistill-Density,budget_50,seed_1,10.0,2,368.5388647537255,7939.051924377393,2.632838141166031,0.4331195297685022,438.52962747829446,11175.069682642958,0.4503525553341735,0.1195453528171444,188.47933389381706,0.0,1.0,0.6345730916054755,0.0,25.0,1.1098163041258304,0.8,2.4134791546472747,0.375,3.413669897611952,0.3333333333333333
adult,histdistill_density,HistDistill-Density,budget_50,seed_2,0.1,0,429.5934789604783,9005.54452193888,0.7949125298259492,0.17377416305064214,245.9561672006363,5100.771030178349,0.25010370736612875,0.051867849446226556,190.46646526303266,0.0,0.0,0.9463987435518124,0.0,5.0,0.7949125298259492,0.0,,,,
adult,histdistill_density,HistDistill-Density,budget_50,seed_2,0.1,1,359.0337621388261,7878.6063880798265,1.5593443507755043,0.3484491108969373,245.9561672006363,5100.771030178349,0.25010370736612875,0.051867849446226556,190.46646526303266,0.0,0.0,0.748095063572869,0.0,13.0,0.7949125298259492,0.0,2.0371142388689765,0.5,,
adult,histdistill_density,HistDistill-Density,budget_50,seed_2,0.1,2,297.98721480967544,6380.083633176902,1.920155860008885,0.37351166652201423,245.9561672006363,5100.771030178349,0.25010370736612875,0.051867849446226556,190.46646526303266,0.0,0.0,0.6159087443995559,0.0,25.0,0.7949125298259492,0.0,2.0371142388689765,0.5,2.311034995011714,0.25
adult,histdistill_density,HistDistill-Density,budget_50,seed_2,1.0,0,427.1910518347389,8969.430751563728,0.7931205418080063,0.17325055392395933,240.54262569283196,5072.577555860324,0.24481975428184505,0.051627739043106885,190.2839959802684,0.0,0.0,0.9459972064336979,0.0,5.0,0.7931205418080063,0.0,,,,
adult,histdistill_density,HistDistill-Density,budget_50,seed_2,1.0,1,357.0600209826046,7827.054419248263,1.5589694061566577,0.34840671684242885,240.54262569283196,5072.577555860324,0.24481975428184505,0.051627739043106885,190.2839959802684,0.0,0.0,0.7402026990251499,0.0,13.0,0.7931205418080063,0.0,2.0376249463745646,0.5,,
adult,histdistill_density,HistDistill-Density,budget_50,seed_2,1.0,2,296.4823320019361,6338.587844130414,1.9217964152014724,0.39290049525932264,240.54262569283196,5072.577555860324,0.24481975428184505,0.051627739043106885,190.2839959802684,0.0,0.0,0.6011281534966766,0.0,25.0,0.7931205418080063,0.0,2.0376249463745646,0.5,2.314859008333355,0.3333333333333333
adult,histdistill_density,HistDistill-Density,budget_50,seed_2,10.0,0,415.2523741204601,8650.390850191343,0.7873391879367361,0.16921180024253077,216.5783287925617,4816.745374301029,0.2224173640504202,0.049466066869516066,188.47933389381706,0.0,0.0,0.9431858874866574,0.0,5.0,0.7873391879367361,0.0,,,,
adult,histdistill_density,HistDistill-Density,budget_50,seed_2,10.0,1,345.7477502548385,7473.182060184365,1.5790934149144484,0.3361621223070249,216.5783287925617,4816.745374301029,0.2224173640504202,0.049466066869516066,188.47933389381706,0.0,0.0,0.7131688334764263,0.0,13.0,0.7873391879367361,0.0,2.073939806775518,0.5,,
adult,histdistill_density,HistDistill-Density,budget_50,seed_2,10.0,2,286.6311447613819,6035.192284310568,1.9324898150396788,0.3812516606848276,216.5783287925617,4816.745374301029,0.2224173640504202,0.049466066869516066,188.47933389381706,0.0,0.0,0.6050241432272698,0.0,25.0,0.7873391879367361,0.0,2.073939806775518,0.5,2.3153359151753463,0.3333333333333333
adult,gain_path_refined,Legacy gain-path refined,budget_50,seed_0,0.1,0,518.3535027024046,8097.241100501336,0.9298490733113635,0.14972985115759668,316.5022730667265,4978.773301438093,0.3218394268569914,0.04963460762205092,190.46646526303266,0.0,0.0,0.9436803111474854,0.0,5.0,0.9298490733113635,0.2,,,,
adult,gain_path_refined,Legacy gain-path refined,budget_50,seed_0,0.1,1,434.00464945057087,7421.886329164772,1.8215624412475024,0.31358103641387647,316.5022730667265,4978.773301438093,0.3218394268569914,0.04963460762205092,190.46646526303266,0.0,0.0,0.7701519045575185,0.0,13.0,0.9298490733113635,0.2,2.378883296207589,0.375,,
adult,gain_path_refined,Legacy gain-path refined,budget_50,seed_0,0.1,2,352.31423455010867,6010.858980377025,2.8326791712928263,0.45879857847705635,316.5022730667265,4978.773301438093,0.3218394268569914,0.04963460762205092,190.46646526303266,0.0,0.0,0.6137122424211391,0.0,25.0,0.9298490733113635,0.2,2.378883296207589,0.375,3.928055628841927,0.16666666666666666
adult,gain_path_refined,Legacy gain-path refined,budget_50,seed_0,1.0,0,517.7782929556867,8066.5589040476425,0.9297982545338055,0.14937176218607678,315.8880494639641,4944.001775119962,0.3215049076129028,0.049332469570055534,190.2839959802684,0.0,0.0,0.9426433905208118,0.0,5.0,0.9297982545338055,0.2,,,,
adult,gain_path_refined,Legacy gain-path refined,budget_50,seed_0,1.0,1,432.9807953139198,7384.126154252883,1.8345678887387438,0.3148533961689957,315.8880494639641,4944.001775119962,0.3215049076129028,0.049332469570055534,190.2839959802684,0.0,0.0,0.7650035873233516,0.0,13.0,0.9297982545338055,0.2,2.40004891011683,0.375,,
adult,gain_path_refined,Legacy gain-path refined,budget_50,seed_0,1.0,2,351.481588108521,5979.473069888732,2.9024458181435837,0.48079047024092814,315.8880494639641,4944.001775119962,0.3215049076129028,0.049332469570055534,190.2839959802684,0.0,0.0,0.6033748034019663,0.0,25.0,0.9297982545338055,0.2,2.40004891011683,0.375,4.059313574998828,0.16666666666666666
adult,gain_path_refined,Legacy gain-path refined,budget_50,seed_0,10.0,0,512.1369146789465,7853.622656933081,0.9294515984427958,0.14801126909878817,309.8635143260458,4648.062669609414,0.31821755415708847,0.04679780619114383,188.47933389381706,0.0,0.0,0.9422576454050933,0.0,5.0,0.9294515984427958,0.2,,,,
adult,gain_path_refined,Legacy gain-path refined,budget_50,seed_0,10.0,1,423.2164268612703,7119.223873201832,1.9260770379410652,0.3264889577876933,309.8635143260458,4648.062669609414,0.31821755415708847,0.04679780619114383,188.47933389381706,0.0,0.0,0.7517554644567468,0.0,13.0,0.9294515984427958,0.2,2.5489679376274834,0.375,,
adult,gain_path_refined,Legacy gain-path refined,budget_50,seed_0,10.0,2,343.57699644742104,5719.17696972591,2.5736787939829835,0.44029198745821263,309.8635143260458,4648.062669609414,0.31821755415708847,0.04679780619114383,188.47933389381706,0.0,0.0,0.6186420950718581,0.0,25.0,0.9294515984427958,0.2,2.5489679376274834,0.375,3.2752473630283947,0.16666666666666666
adult,gain_path_refined,Legacy gain-path refined,budget_50,seed_1,0.1,0,364.7800774506089,8166.782436017126,0.6265030460414487,0.1476157496792954,279.4283888499576,4834.056266827305,0.284140368546684,0.05120388115079155,190.46646526303266,0.0,1.0,0.9294074497815454,0.0,5.0,0.6265030460414487,0.8,,,,
adult,gain_path_refined,Legacy gain-path refined,budget_50,seed_1,0.1,1,373.28669526437756,7611.87095508454,1.92157978752783,0.32788400355740827,279.4283888499576,4834.056266827305,0.284140368546684,0.05120388115079155,190.46646526303266,0.0,1.0,0.6897883050685513,0.0,13.0,0.6265030460414487,0.8,2.7310027509568187,0.375,,
adult,gain_path_refined,Legacy gain-path refined,budget_50,seed_1,0.1,2,314.53571990610186,5901.791492272572,2.8832612422216624,0.3893218594728382,279.4283888499576,4834.056266827305,0.284140368546684,0.05120388115079155,190.46646526303266,0.0,1.0,0.5844921957062406,0.0,25.0,0.6265030460414487,0.8,2.7310027509568187,0.375,3.9250828181399804,0.25
adult,gain_path_refined,Legacy gain-path refined,budget_50,seed_1,1.0,0,362.01914975626306,8126.571927722917,0.6239414640873145,0.14703426801025873,273.43968358902015,4795.300819565318,0.2783017602570564,0.050839238167425395,190.2839959802684,0.0,1.0,0.9290075730127556,0.0,5.0,0.6239414640873145,0.8,,,,
adult,gain_path_refined,Legacy gain-path refined,budget_50,seed_1,1.0,1,371.59453624565526,7583.829747234095,1.9738969753135365,0.3500505635487017,273.43968358902015,4795.300819565318,0.2783017602570564,0.050839238167425395,190.2839959802684,0.0,1.0,0.7140162232765779,0.0,13.0,0.6239414640873145,0.8,2.817619169829925,0.375,,
adult,gain_path_refined,Legacy gain-path refined,budget_50,seed_1,1.0,2,313.4155749408164,5891.575974278161,2.978869227944112,0.42472286026624595,273.43968358902015,4795.300819565318,0.2783017602570564,0.050839238167425395,190.2839959802684,0.0,1.0,0.6173043305815065,0.0,25.0,0.6239414640873145,0.8,2.817619169829925,0.375,4.067589168293902,0.25
adult,gain_path_refined,Legacy gain-path refined,budget_50,seed_1,10.0,0,338.5709502232155,7808.933821596018,0.6024851714598534,0.14268588983776886,223.68664916540547,4451.847538086853,0.22971732748151721,0.04762365692048744,188.47933389381706,0.0,1.0,0.9262858483700247,0.0,5.0,0.6024851714598534,0.8,,,,
adult,gain_path_refined,Legacy gain-path refined,budget_50,seed_1,10.0,1,357.9662300558784,7327.977538298462,2.021506070932436,0.3410603312136089,223.68664916540547,4451.847538086853,0.22971732748151721,0.04762365692048744,188.47933389381706,0.0,1.0,0.7282895315100973,0.0,13.0,0.6024851714598534,0.8,2.9083941331027994,0.375,,
adult,gain_path_refined,Legacy gain-path refined,budget_50,seed_1,10.0,2,304.4960946673558,5783.607511288691,3.120207382233984,0.4544494872246927,223.68664916540547,4451.847538086853,0.22971732748151721,0.04762365692048744,188.47933389381706,0.0,1.0,0.6459789003398267,0.0,25.0,0.6024851714598534,0.8,2.9083941331027994,0.375,4.310467136143996,0.3333333333333333
adult,gain_path_refined,Legacy gain-path refined,budget_50,seed_2,0.1,0,435.9152430779939,8702.544747349584,0.7809680498157622,0.16491788699147833,279.4283888499576,5455.233181049372,0.284140368546684,0.05547224363820052,190.46646526303266,0.0,0.0,0.9267132689098974,0.0,5.0,0.7809680498157622,0.0,,,,
adult,gain_path_refined,Legacy gain-path refined,budget_50,seed_2,0.1,1,395.3024170918216,8349.356280665543,1.859371992838058,0.40897945640227606,279.4283888499576,5455.233181049372,0.284140368546684,0.05547224363820052,190.46646526303266,0.0,0.0,0.722456506480467,0.0,13.0,0.7809680498157622,0.0,2.5333744572269934,0.5,,
adult,gain_path_refined,Legacy gain-path refined,budget_50,seed_2,0.1,2,332.7820313348045,6870.177293176694,2.2137977224856633,0.4249923369559251,279.4283888499576,5455.233181049372,0.284140368546684,0.05547224363820052,190.46646526303266,0.0,0.0,0.5968797652415931,0.0,25.0,0.7809680498157622,0.0,2.5333744572269934,0.5,2.597758929603902,0.16666666666666666
adult,gain_path_refined,Legacy gain-path refined,budget_50,seed_2,1.0,0,433.2297601730221,8659.943636106227,0.7786744294638266,0.16426243088963938,273.43968358902015,5417.811631503488,0.2783017602570564,0.05514146644693965,190.2839959802684,0.0,0.0,0.9258580373742383,0.0,5.0,0.7786744294638266,0.0,,,,
adult,gain_path_refined,Legacy gain-path refined,budget_50,seed_2,1.0,1,393.4842607957184,8291.685882784152,1.8614897017637977,0.40928289234517173,273.43968358902015,5417.811631503488,0.2783017602570564,0.05514146644693965,190.2839959802684,0.0,0.0,0.7145707140285449,0.0,13.0,0.7786744294638266,0.0,2.5382492469512794,0.5,,
adult,gain_path_refined,Legacy gain-path refined,budget_50,seed_2,1.0,2,331.291505271829,6823.995643458993,2.2177909165627536,0.4444740211493749,273.43968358902015,5417.811631503488,0.2783017602570564,0.05514146644693965,190.2839959802684,0.0,0.0,0.5809882008095101,0.0,25.0,0.7786744294638266,0.0,2.5382492469512794,0.5,2.603783899261623,0.25
adult,gain_path_refined,Legacy gain-path refined,budget_50,seed_2,10.0,0,412.4559742722395,8294.13396733196,0.7618806303805716,0.15927043092758134,228.54820022362492,5079.686220454249,0.23470994783090296,0.052166365197083314,188.47933389381706,0.0,0.0,0.9225458744732228,0.0,5.0,0.7618806303805716,0.0,,,,
adult,gain_path_refined,Legacy gain-path refined,budget_50,seed_2,10.0,1,378.06429574388284,7900.1408823111815,1.8872124414707747,0.39348431016970814,228.54820022362492,5079.686220454249,0.23470994783090296,0.052166365197083314,188.47933389381706,0.0,0.0,0.6856330810647295,0.0,13.0,0.7618806303805716,0.0,2.5905448234021513,0.5,,
adult,gain_path_refined,Legacy gain-path refined,budget_50,seed_2,10.0,2,319.0855989681853,6477.357125217319,2.2314967055843824,0.4315771473920585,228.54820022362492,5079.686220454249,0.23470994783090296,0.052166365197083314,188.47933389381706,0.0,0.0,0.5857618503768093,0.0,25.0,0.7618806303805716,0.0,2.5905448234021513,0.5,2.6044713250407923,0.25
adult,random,Random,budget_50,seed_0,0.1,0,695.7568134862352,12088.177146665977,1.3376003817500155,0.22202463263036418,550.5826160767906,10988.838976341725,0.5598670489112705,0.10955042091494255,190.46646526303266,0.0,0.0,0.7404384160712792,0.0,5.0,1.3376003817500155,0.0,,,,
adult,random,Random,budget_50,seed_0,0.1,1,609.600561835178,8824.19919239141,2.9073338398758586,0.3339457936512686,550.5826160767906,10988.838976341725,0.5598670489112705,0.10955042091494255,190.46646526303266,0.0,0.0,0.5595697375866628,0.0,13.0,1.3376003817500155,0.0,3.8884172512045105,0.0,,
adult,random,Random,budget_50,seed_0,0.1,2,461.78870284453143,6604.103016869027,3.293392303751429,0.5331236287919612,550.5826160767906,10988.838976341725,0.5598670489112705,0.10955042091494255,190.46646526303266,0.0,0.0,0.43727260669183826,0.0,25.0,1.3376003817500155,0.0,3.8884172512045105,0.0,3.711622306283297,0.08333333333333333
adult,random,Random,budget_50,seed_0,1.0,0,694.7703023012066,12055.60191431519,1.3373346594948956,0.22169696666561087,549.2311300238105,10952.922918103428,0.5589971004476995,0.10929096734545375,190.2839959802684,0.0,0.0,0.7388650061588622,0.0,5.0,1.3373346594948956,0.0,,,,
adult,random,Random,budget_50,seed_0,1.0,1,606.4199957447078,8791.00794868529,2.8876865201292197,0.33535978594473986,549.2311300238105,10952.922918103428,0.5589971004476995,0.10929096734545375,190.2839959802684,0.0,0.0,0.5546109516722546,0.0,13.0,1.3373346594948956,0.0,3.8566564330256723,0.0,,
adult,random,Random,budget_50,seed_0,1.0,2,459.35852686381145,6572.411964068475,3.383622517918982,0.5784542577242291,549.2311300238105,10952.922918103428,0.5589971004476995,0.10929096734545375,190.2839959802684,0.0,0.0,0.4256153700112635,0.0,25.0,1.3373346594948956,0.0,3.8566564330256723,0.0,3.9208865155245562,0.08333333333333333
adult,random,Random,budget_50,seed_0,10.0,0,685.1352034811867,11680.529031897138,1.3348521211350017,0.21820264250122023,536.104067910184,10398.813243387496,0.5505576403052649,0.10469773782607825,188.47933389381706,0.0,0.0,0.7403463004015296,0.0,5.0,1.3348521211350017,0.0,,,,
adult,random,Random,budget_50,seed_0,10.0,1,582.010420079597,8500.894934660617,2.7127789803620947,0.345682245732844,536.104067910184,10398.813243387496,0.5505576403052649,0.10469773782607825,188.47933389381706,0.0,0.0,0.5394316028930239,0.0,13.0,1.3348521211350017,0.0,3.573983267379028,0.0,,
adult,random,Random,budget_50,seed_0,10.0,2,459.4112982022755,6404.517833898384,3.586750183983766,0.46267540402898566,536.104067910184,10398.813243387496,0.5505576403052649,0.10469773782607825,188.47933389381706,0.0,0.0,0.4422155743154888,0.0,25.0,1.3348521211350017,0.0,3.573983267379028,0.0,4.533552321240577,0.08333333333333333
adult,random,Random,budget_50,seed_1,0.1,0,487.5689770536189,10409.43509587529,0.7848959442019365,0.1828130313073637,529.5929963002097,10332.194548335709,0.5385234827706987,0.109441932918804,190.46646526303266,0.0,0.0,0.6384701563301618,0.0,5.0,0.7848959442019365,0.0,,,,
adult,random,Random,budget_50,seed_1,0.1,1,394.4797910035058,7530.120059766584,1.3829259443123147,0.251881695614972,529.5929963002097,10332.194548335709,0.5385234827706987,0.109441932918804,190.46646526303266,0.0,0.0,0.5034463255848861,0.0,13.0,0.7848959442019365,0.0,1.7566946943813015,0.375,,
adult,random,Random,budget_50,seed_1,0.1,2,321.47718262948035,5601.354814213755,2.059763847931702,0.2540529568499955,529.5929963002097,10332.194548335709,0.5385234827706987,0.109441932918804,190.46646526303266,0.0,0.0,0.39768265234232103,0.0,25.0,0.7848959442019365,0.0,1.7566946943813015,0.375,2.7930049101860384,0.08333333333333333
adult,random,Random,budget_50,seed_1,1.0,0,487.1849551661745,10375.986412728416,0.7850536104749324,0.18248188524910874,529.1035246056508,10287.909542946021,0.5385116027170467,0.10907125604398946,190.2839959802684,0.0,0.0,0.6396270187756575,0.0,5.0,0.7850536104749324,0.0,,,,
adult,random,Random,budget_50,seed_1,1.0,1,394.1449830641384,7509.051592780888,1.4381203487650587,0.2761268631033193,529.1035246056508,10287.909542946021,0.5385116027170467,0.10907125604398946,190.2839959802684,0.0,0.0,0.5307036757049418,0.0,13.0,0.7850536104749324,0.0,1.8462870601963874,0.375,,
adult,random,Random,budget_50,seed_1,1.0,2,320.90811420692893,5569.59982841182,2.1054028050797085,0.28416685928917784,529.1035246056508,10287.909542946021,0.5385116027170467,0.10907125604398946,190.2839959802684,0.0,0.0,0.45259543240675165,0.0,25.0,0.7850536104749324,0.0,1.8462870601963874,0.375,2.8282921327539134,0.08333333333333333
adult,random,Random,budget_50,seed_1,10.0,0,483.373220645127,10084.16315750638,0.786582001371697,0.17985948329001317,524.2602145619217,9889.229924537289,0.5383944721036885,0.10579007683995702,188.47933389381706,0.0,0.0,0.6421837957294926,0.0,5.0,0.786582001371697,0.0,,,,
adult,random,Random,budget_50,seed_1,10.0,1,391.79796512209344,7309.504367290968,1.4271186183949505,0.2604377341128544,524.2602145619217,9889.229924537289,0.5383944721036885,0.10579007683995702,188.47933389381706,0.0,0.0,0.5385435622175435,0.0,13.0,0.786582001371697,0.0,1.827454004034484,0.375,,
adult,random,Random,budget_50,seed_1,10.0,2,317.5185166988482,5492.253468382807,2.1296093611653446,0.29952647310626984,524.2602145619217,9889.229924537289,0.5383944721036885,0.10579007683995702,188.47933389381706,0.0,0.0,0.5032162293032684,0.0,25.0,0.786582001371697,0.0,1.827454004034484,0.375,2.890640999166605,0.16666666666666666
adult,random,Random,budget_50,seed_2,0.1,0,844.378175297795,19509.03054296745,1.494880851043378,0.3653461342568379,619.8850180747377,15147.930174253286,0.6303380920501291,0.15403368570195358,190.46646526303266,0.0,0.0,0.8454636316957599,0.0,5.0,1.494880851043378,0.0,,,,
adult,random,Random,budget_50,seed_2,0.1,1,645.6775357660918,13222.145551575093,2.1140333679080054,0.4299713423076895,619.8850180747377,15147.930174253286,0.6303380920501291,0.15403368570195358,190.46646526303266,0.0,0.0,0.731253270989478,0.0,13.0,1.494880851043378,0.0,2.501003690948398,0.25,,
adult,random,Random,budget_50,seed_2,0.1,2,526.8808625191773,9858.171899148801,3.3425225006398604,0.5257752637173483,619.8850180747377,15147.930174253286,0.6303380920501291,0.15403368570195358,190.46646526303266,0.0,0.0,0.6016135418801801,0.0,25.0,1.494880851043378,0.0,2.501003690948398,0.25,4.673385727766035,0.25
adult,random,Random,budget_50,seed_2,1.0,0,843.5680642792838,19433.563234362737,1.4950380330868263,0.36428229054456224,619.197224109082,15087.948629480436,0.6302072733336066,0.15356229963181012,190.2839959802684,0.0,0.0,0.8460604953271746,0.0,5.0,1.4950380330868263,0.0,,,,
adult,random,Random,budget_50,seed_2,1.0,1,644.4844749305931,13158.423527211746,2.1158479006497415,0.43065931485913556,619.197224109082,15087.948629480436,0.6302072733336066,0.15356229963181012,190.2839959802684,0.0,0.0,0.7266936775529673,0.0,13.0,1.4950380330868263,0.0,2.5038540678765635,0.25,,
adult,random,Random,budget_50,seed_2,1.0,2,525.6976704211659,9802.575519545513,3.491655626018038,0.5489893373578706,619.197224109082,15087.948629480436,0.6302072733336066,0.15356229963181012,190.2839959802684,0.0,0.0,0.6149239740252727,0.0,25.0,1.4950380330868263,0.0,2.5038540678765635,0.25,4.982113995167027,0.3333333333333333
adult,random,Random,budget_50,seed_2,10.0,0,835.5422409690034,18794.5562885044,1.496530995540543,0.35738852373181057,612.4084280253087,14566.742823964145,0.6289191953924096,0.1495946782750201,188.47933389381706,0.0,0.0,0.8529504513360158,0.0,5.0,1.496530995540543,0.0,,,,
adult,random,Random,budget_50,seed_2,10.0,1,632.8166383919732,12721.341459677062,2.1343950096921556,0.42049234973487926,612.4084280253087,14566.742823964145,0.6289191953924096,0.1495946782750201,188.47933389381706,0.0,0.0,0.7013145581073288,0.0,13.0,1.496530995540543,0.0,2.5330600185369136,0.25,,
adult,random,Random,budget_50,seed_2,10.0,2,513.9475800165229,9432.21691904769,3.650115960486911,0.5404140253323464,612.4084280253087,14566.742823964145,0.6289191953924096,0.1495946782750201,188.47933389381706,0.0,0.0,0.5926132572002158,0.0,25.0,1.496530995540543,0.0,2.5330600185369136,0.25,5.292146990514563,0.3333333333333333
agaricus_lepiota,histdistill_refined,HistDistill-Refined,budget_50,seed_0,0.1,0,169.78923653892502,1590.7432176062705,0.30912088610174215,0.03529337877184313,219.22174389178707,2143.38575287548,0.2724168087122983,0.03288255790193905,75.22591091974482,0.0,1.0,0.9665452848946512,0.0,5.0,0.30912088610174215,0.8,,,,
agaricus_lepiota,histdistill_refined,HistDistill-Refined,budget_50,seed_0,0.1,1,152.07536630205104,1454.1551833553303,0.38470136640080604,0.04214170057488814,219.22174389178707,2143.38575287548,0.2724168087122983,0.03288255790193905,75.22591091974482,0.0,1.0,0.9076832565194329,0.0,12.0,0.30912088610174215,0.8,0.4386874237572802,0.8571428571428571,,
agaricus_lepiota,histdistill_refined,HistDistill-Refined,budget_50,seed_0,0.1,2,127.61895311319515,1265.7331775652221,0.48320792827950315,0.05938309587681714,219.22174389178707,2143.38575287548,0.2724168087122983,0.03288255790193905,75.22591091974482,0.0,1.0,0.7783610154434214,0.0,23.0,0.30912088610174215,0.8,0.4386874237572802,0.8571428571428571,0.5906696321471728,0.8181818181818182
agaricus_lepiota,histdistill_refined,HistDistill-Refined,budget_50,seed_0,1.0,0,168.95215354114092,1582.2743410630655,0.3080643434577844,0.03514071113302054,218.22734918944982,2133.9329622393852,0.27160725394043433,0.032788982530870564,75.38422812779527,0.0,1.0,0.9671407151357732,0.0,5.0,0.3080643434577844,0.8,,,,
agaricus_lepiota,histdistill_refined,HistDistill-Refined,budget_50,seed_0,1.0,1,151.33430910277397,1438.5283495758115,0.38385887061706847,0.041928835628317146,218.22734918944982,2133.9329622393852,0.27160725394043433,0.032788982530870564,75.38422812779527,0.0,1.0,0.8939674803062826,0.0,12.0,0.3080643434577844,0.8,0.43799781858798587,0.8571428571428571,,
agaricus_lepiota,histdistill_refined,HistDistill-Refined,budget_50,seed_0,1.0,2,126.8887410988872,1243.613442425514,0.4827422488222554,0.05859149153736046,218.22734918944982,2133.9329622393852,0.27160725394043433,0.032788982530870564,75.38422812779527,0.0,1.0,0.8177064687283633,0.0,23.0,0.3080643434577844,0.8,0.43799781858798587,0.8571428571428571,0.5906150250460954,0.8181818181818182
agaricus_lepiota,histdistill_refined,HistDistill-Refined,budget_50,seed_0,10.0,0,161.05119894164852,1519.70108594231,0.2981409903603176,0.0338682730796952,208.80650238615715,2062.1823305808794,0.263957389203464,0.0317909140071087,76.86271826103723,0.0,1.0,0.9694148331896699,0.0,5.0,0.2981409903603176,0.8,,,,
agaricus_lepiota,histdistill_refined,HistDistill-Refined,budget_50,seed_0,10.0,1,144.41379589108968,1352.4966693464135,0.37619481365125024,0.040219472901496724,208.80650238615715,2062.1823305808794,0.263957389203464,0.0317909140071087,76.86271826103723,0.0,1.0,0.8628034408783708,0.0,12.0,0.2981409903603176,0.8,0.43194754457334483,0.8571428571428571,,
agaricus_lepiota,histdistill_refined,HistDistill-Refined,budget_50,seed_0,10.0,2,120.70247165554994,1169.2444888810878,0.4785047572656565,0.059547984622220544,208.80650238615715,2062.1823305808794,0.263957389203464,0.0317909140071087,76.86271826103723,0.0,1.0,0.7975318237347706,0.0,23.0,0.2981409903603176,0.8,0.43194754457334483,0.8571428571428571,0.5901156048450088,0.8181818181818182
agaricus_lepiota,histdistill_refined,HistDistill-Refined,budget_50,seed_1,0.1,0,88.08823321101387,1197.8306662301575,0.15392680536012743,0.026775063447235643,117.16530471626731,1592.0464508714342,0.1455959515510692,0.02383570025473327,75.22591091974482,0.0,1.0,0.9785294427562634,0.0,5.0,0.15392680536012743,1.0,,,,
agaricus_lepiota,histdistill_refined,HistDistill-Refined,budget_50,seed_1,0.1,1,107.75670340295272,1150.687569538661,0.27357511037579324,0.03368475398158389,117.16530471626731,1592.0464508714342,0.1455959515510692,0.02383570025473327,75.22591091974482,0.0,1.0,0.9357015350881791,0.0,12.0,0.15392680536012743,1.0,0.3590381853869831,0.7142857142857143,,
agaricus_lepiota,histdistill_refined,HistDistill-Refined,budget_50,seed_1,0.1,2,98.84722179812138,1044.2467223502233,0.47454756888904503,0.05893895661956028,117.16530471626731,1592.0464508714342,0.1455959515510692,0.02383570025473327,75.22591091974482,0.0,1.0,0.7422453239654082,0.0,24.0,0.15392680536012743,1.0,0.3590381853869831,0.7142857142857143,0.6755200274022969,0.5
agaricus_lepiota,histdistill_refined,HistDistill-Refined,budget_50,seed_1,1.0,0,87.91466884169998,1191.4349188313918,0.15386579973434483,0.02666770976807088,116.9615882537596,1583.5985258700034,0.14557119407859814,0.023746476807149152,75.38422812779527,0.0,1.0,0.9788152201417223,0.0,5.0,0.15386579973434483,1.0,,,,
agaricus_lepiota,histdistill_refined,HistDistill-Refined,budget_50,seed_1,1.0,1,107.44613521515281,1139.6402015551707,0.27357170497130995,0.03337422277426916,116.9615882537596,1583.5985258700034,0.14557119407859814,0.023746476807149152,75.38422812779527,0.0,1.0,0.915905887345026,0.0,12.0,0.15386579973434483,1.0,0.3590759229977137,0.7142857142857143,,
agaricus_lepiota,histdistill_refined,HistDistill-Refined,budget_50,seed_1,1.0,2,98.24649549106744,1024.9541005416024,0.47510212445325334,0.05776727764838723,116.9615882537596,1583.5985258700034,0.14557119407859814,0.023746476807149152,75.38422812779527,0.0,1.0,0.7676501490873834,0.0,24.0,0.15386579973434483,1.0,0.3590759229977137,0.7142857142857143,0.6766325439351967,0.5
agaricus_lepiota,histdistill_refined,HistDistill-Refined,budget_50,seed_1,10.0,0,86.21769788113166,1137.5759576539676,0.15327172716013926,0.025832249921983297,114.96337218320161,1516.4073602254334,0.1453280009421574,0.023095512115770288,76.86271826103723,0.0,1.0,0.9800872891368085,0.0,5.0,0.15327172716013926,1.0,,,,
agaricus_lepiota,histdistill_refined,HistDistill-Refined,budget_50,seed_1,10.0,1,104.52190507114642,1072.5703909163424,0.2737414385047715,0.032063199516620115,114.96337218320161,1516.4073602254334,0.1453280009421574,0.023095512115770288,76.86271826103723,0.0,1.0,0.8955855325292686,0.0,12.0,0.15327172716013926,1.0,0.35979123232236593,0.7142857142857143,,
agaricus_lepiota,histdistill_refined,HistDistill-Refined,budget_50,seed_1,10.0,2,94.92692033106839,961.7148891164092,0.49040761168636654,0.06196982248945387,114.96337218320161,1516.4073602254334,0.1453280009421574,0.023095512115770288,76.86271826103723,0.0,1.0,0.7946519983681194,0.0,24.0,0.15327172716013926,1.0,0.35979123232236593,0.7142857142857143,0.7070737848679616,0.5833333333333334
agaricus_lepiota,histdistill_refined,HistDistill-Refined,budget_50,seed_2,0.1,0,141.04482479031938,1806.8739819904126,0.24309068452384341,0.03929882907639419,194.7939047867659,2448.166559901856,0.24206145319604896,0.036653305098944315,75.22591091974482,0.0,1.0,0.9687414441732379,0.0,5.0,0.24309068452384341,0.6,,,,
agaricus_lepiota,histdistill_refined,HistDistill-Refined,budget_50,seed_2,0.1,1,136.2004601970739,1558.1641478115537,0.30898517343321663,0.044071501404607645,194.7939047867659,2448.166559901856,0.24206145319604896,0.036653305098944315,75.22591091974482,0.0,1.0,0.9083386471042797,0.0,12.0,0.24309068452384341,0.6,0.3560526655113404,0.5714285714285714,,
agaricus_lepiota,histdistill_refined,HistDistill-Refined,budget_50,seed_2,0.1,2,115.28411345793215,1306.2534816036073,0.4690249562644437,0.06753910115906957,194.7939047867659,2448.166559901856,0.24206145319604896,0.036653305098944315,75.22591091974482,0.0,1.0,0.7589075101438363,0.0,25.0,0.24309068452384341,0.6,0.3560526655113404,0.5714285714285714,0.6167539865701919,0.7692307692307693
agaricus_lepiota,histdistill_refined,HistDistill-Refined,budget_50,seed_2,1.0,0,140.72242616934602,1798.2288534121628,0.24292048987295836,0.039163304243321685,194.37795570602236,2436.727986103179,0.24192413541180682,0.03653937766552354,75.38422812779527,0.0,1.0,0.9690887797573253,0.0,5.0,0.24292048987295836,0.6,,,,
agaricus_lepiota,histdistill_refined,HistDistill-Refined,budget_50,seed_2,1.0,1,135.86061154005174,1549.370126927055,0.3090425055538017,0.043916941105564204,194.37795570602236,2436.727986103179,0.24192413541180682,0.03653937766552354,75.38422812779527,0.0,1.0,0.8890449925333184,0.0,12.0,0.24292048987295836,0.6,0.35627251675440397,0.5714285714285714,,
agaricus_lepiota,histdistill_refined,HistDistill-Refined,budget_50,seed_2,1.0,2,114.73088545759468,1288.4940564350218,0.469157834563307,0.06626009450181,194.37795570602236,2436.727986103179,0.24192413541180682,0.03653937766552354,75.38422812779527,0.0,1.0,0.7746458479385697,0.0,25.0,0.24292048987295836,0.6,0.35627251675440397,0.5714285714285714,0.6169565998028504,0.7692307692307693
agaricus_lepiota,histdistill_refined,HistDistill-Refined,budget_50,seed_2,10.0,0,137.58546382134165,1726.3276846142755,0.24127433187523684,0.038060712886973366,190.32376653926585,2341.84174159689,0.24059291231346588,0.03566721959739565,76.86271826103723,0.0,1.0,0.9709452656092232,0.0,5.0,0.24127433187523684,0.6,,,,
agaricus_lepiota,histdistill_refined,HistDistill-Refined,budget_50,seed_2,10.0,1,132.46152345482878,1465.195675843809,0.30932676721379043,0.042731991807493284,190.32376653926585,2341.84174159689,0.24059291231346588,0.03566721959739565,76.86271826103723,0.0,1.0,0.853511532896527,0.0,12.0,0.24127433187523684,0.6,0.35793564959847146,0.5714285714285714,,
agaricus_lepiota,histdistill_refined,HistDistill-Refined,budget_50,seed_2,10.0,2,110.26015109020625,1205.9403076574185,0.46519515126224464,0.06699387449114447,190.32376653926585,2341.84174159689,0.24059291231346588,0.03566721959739565,76.86271826103723,0.0,1.0,0.7812834197886478,0.0,25.0,0.24127433187523684,0.6,0.35793564959847146,0.5714285714285714,0.6090736596146641,0.8461538461538461
agaricus_lepiota,histdistill_density,HistDistill-Density,budget_50,seed_0,0.1,0,140.39011486105784,1666.1051505858181,0.2557179692667165,0.03724496275776311,181.060392450206,2207.930680713772,0.22499544716617545,0.03387276805149882,75.22591091974482,0.0,0.0,0.9637148356288068,0.0,5.0,0.2557179692667165,0.2,,,,
agaricus_lepiota,histdistill_density,HistDistill-Density,budget_50,seed_0,0.1,1,140.03607925147858,1582.9337125892682,0.3480025351569305,0.04696427894611895,181.060392450206,2207.930680713772,0.22499544716617545,0.03387276805149882,75.22591091974482,0.0,0.0,0.8869899612503037,0.0,12.0,0.2557179692667165,0.2,0.4139200822213693,0.7142857142857143,,
agaricus_lepiota,histdistill_density,HistDistill-Density,budget_50,seed_0,0.1,2,127.83975872944585,1396.9913773288326,0.5040615172564291,0.06654252434624969,181.060392450206,2207.930680713772,0.22499544716617545,0.03387276805149882,75.22591091974482,0.0,0.0,0.7649614612261321,0.0,23.0,0.2557179692667165,0.2,0.4139200822213693,0.7142857142857143,0.6743076795467913,0.7272727272727273
agaricus_lepiota,histdistill_density,HistDistill-Density,budget_50,seed_0,1.0,0,139.6264477444941,1658.3354336886532,0.254694812977632,0.03710813686096628,180.1654930613568,2199.6867347846774,0.2242352070305275,0.0337993232198601,75.38422812779527,0.0,0.0,0.9643561578178638,0.0,5.0,0.254694812977632,0.2,,,,
agaricus_lepiota,histdistill_density,HistDistill-Density,budget_50,seed_0,1.0,1,139.30218400876618,1568.2015281629972,0.34713462932456185,0.04680418906906228,180.1654930613568,2199.6867347846774,0.2242352070305275,0.0337993232198601,75.38422812779527,0.0,0.0,0.8798227228309886,0.0,12.0,0.254694812977632,0.2,0.4131630695723688,0.7142857142857143,,
agaricus_lepiota,histdistill_density,HistDistill-Density,budget_50,seed_0,1.0,2,127.06505105921248,1373.5273119115761,0.5035273342157087,0.06562412128145745,180.1654930613568,2199.6867347846774,0.2242352070305275,0.0337993232198601,75.38422812779527,0.0,0.0,0.8097915744947316,0.0,23.0,0.254694812977632,0.2,0.4131630695723688,0.7142857142857143,0.6741375577333235,0.7272727272727273
agaricus_lepiota,histdistill_density,HistDistill-Density,budget_50,seed_0,10.0,0,132.4539951917281,1602.3082704368014,0.2451288471205253,0.03597173057412132,171.72548158586804,2138.9156739497266,0.2170823669814906,0.032973846808123354,76.86271826103723,0.0,0.0,0.9625195349510889,0.0,5.0,0.2451288471205253,0.2,,,,
agaricus_lepiota,histdistill_density,HistDistill-Density,budget_50,seed_0,10.0,1,132.48888082903,1478.762388935784,0.33930317900665236,0.04499100619459473,171.72548158586804,2138.9156739497266,0.2170823669814906,0.032973846808123354,76.86271826103723,0.0,0.0,0.8540607281740575,0.0,12.0,0.2451288471205253,0.2,0.40657055892531446,0.7142857142857143,,
agaricus_lepiota,histdistill_density,HistDistill-Density,budget_50,seed_0,10.0,2,120.4991683758269,1292.2794259710022,0.4987258702854471,0.06624473681435798,171.72548158586804,2138.9156739497266,0.2170823669814906,0.032973846808123354,76.86271826103723,0.0,0.0,0.7807883815365587,0.0,23.0,0.2451288471205253,0.2,0.40657055892531446,0.7142857142857143,0.6726415334986778,0.7272727272727273
agaricus_lepiota,histdistill_density,HistDistill-Density,budget_50,seed_1,0.1,0,119.56165584359019,1748.2614944615373,0.210655086567062,0.04064733072439668,159.0953015548708,2188.3265820197694,0.19770043592068307,0.0327630493695315,75.22591091974482,0.0,1.0,0.9743021507885826,0.0,5.0,0.210655086567062,1.0,,,,
agaricus_lepiota,histdistill_density,HistDistill-Density,budget_50,seed_1,0.1,1,125.86468310729066,1377.4727295822524,0.31179572416316786,0.03953188577564908,159.0953015548708,2188.3265820197694,0.19770043592068307,0.0327630493695315,75.22591091974482,0.0,1.0,0.93609556674841,0.0,12.0,0.210655086567062,1.0,0.3840390367318149,0.7142857142857143,,
agaricus_lepiota,histdistill_density,HistDistill-Density,budget_50,seed_1,0.1,2,108.8231795805807,1156.5715877191085,0.4890401056552541,0.06152267653034075,159.0953015548708,2188.3265820197694,0.19770043592068307,0.0327630493695315,75.22591091974482,0.0,1.0,0.7425343045957989,0.0,24.0,0.210655086567062,1.0,0.3840390367318149,0.7142857142857143,0.6662844871473402,0.5
agaricus_lepiota,histdistill_density,HistDistill-Density,budget_50,seed_1,1.0,0,119.34483980568723,1741.35681295637,0.21061250227162276,0.040546077944804235,158.83709366745032,2179.854423040921,0.1976897350177839,0.032687490960667885,75.38422812779527,0.0,1.0,0.9738672688392441,0.0,5.0,0.21061250227162276,1.0,,,,
agaricus_lepiota,histdistill_density,HistDistill-Density,budget_50,seed_1,1.0,1,125.52363421268636,1366.9322904375313,0.31182338416575917,0.039259778732669,158.83709366745032,2179.854423040921,0.1976897350177839,0.032687490960667885,75.38422812779527,0.0,1.0,0.910194403326535,0.0,12.0,0.21061250227162276,1.0,0.38411687123299953,0.7142857142857143,,
agaricus_lepiota,histdistill_density,HistDistill-Density,budget_50,seed_1,1.0,2,108.20457706374236,1137.6640355297047,0.48949357207786265,0.06039549957433795,158.83709366745032,2179.854423040921,0.1976897350177839,0.032687490960667885,75.38422812779527,0.0,1.0,0.7603867886257408,0.0,24.0,0.21061250227162276,1.0,0.38411687123299953,0.7142857142857143,0.6671637599899661,0.5
agaricus_lepiota,histdistill_density,HistDistill-Density,budget_50,seed_1,10.0,0,117.21877069743282,1684.25190926995,0.21019366487420235,0.03978444489831649,156.29707353925536,2114.480285302569,0.19757894031128945,0.032204410456371665,76.86271826103723,0.0,1.0,0.9736439267620147,0.0,5.0,0.21019366487420235,1.0,,,,
agaricus_lepiota,histdistill_density,HistDistill-Density,budget_50,seed_1,10.0,1,122.33032971096485,1302.1321267002127,0.3124490040624977,0.03812141699273074,156.29707353925536,2114.480285302569,0.19757894031128945,0.032204410456371665,76.86271826103723,0.0,1.0,0.8874779440225461,0.0,12.0,0.21019366487420235,1.0,0.38548853205413725,0.7142857142857143,,
agaricus_lepiota,histdistill_density,HistDistill-Density,budget_50,seed_1,10.0,2,104.7561474474327,1078.8843775717262,0.5045343405151486,0.06497455165080171,156.29707353925536,2114.480285302569,0.19757894031128945,0.032204410456371665,76.86271826103723,0.0,1.0,0.7942650812648718,0.0,24.0,0.21019366487420235,1.0,0.38548853205413725,0.7142857142857143,0.6966196769677996,0.5
agaricus_lepiota,histdistill_density,HistDistill-Density,budget_50,seed_2,0.1,0,212.36112981710522,2202.2846425269804,0.3972714413460431,0.0485096175342053,268.18523048037855,2915.009050014587,0.3332614882732623,0.04364274793486753,75.22591091974482,0.0,0.0,0.9709984448312374,0.0,5.0,0.3972714413460431,0.0,,,,
agaricus_lepiota,histdistill_density,HistDistill-Density,budget_50,seed_2,0.1,1,168.50122837425644,1799.0488225162326,0.40458565733315494,0.0518132603368662,268.18523048037855,2915.009050014587,0.3332614882732623,0.04364274793486753,75.22591091974482,0.0,0.0,0.917449672374619,0.0,12.0,0.3972714413460431,0.0,0.409810097323949,0.5714285714285714,,
agaricus_lepiota,histdistill_density,HistDistill-Density,budget_50,seed_2,0.1,2,127.84802171099871,1418.459371187821,0.503985708467902,0.07103088710512169,268.18523048037855,2915.009050014587,0.3332614882732623,0.04364274793486753,75.22591091974482,0.0,0.0,0.7651508395066194,0.0,25.0,0.3972714413460431,0.0,0.409810097323949,0.5714285714285714,0.5957396018230533,0.7692307692307693
agaricus_lepiota,histdistill_density,HistDistill-Density,budget_50,seed_2,1.0,0,212.02813043592602,2194.4048372906063,0.39731317033306407,0.04840220084654604,267.7854524849772,2905.5083780344053,0.33328760883907377,0.04356886305767839,75.38422812779527,0.0,0.0,0.9708945976039244,0.0,5.0,0.39731317033306407,0.0,,,,
agaricus_lepiota,histdistill_density,HistDistill-Density,budget_50,seed_2,1.0,1,168.1030625304592,1791.070021314795,0.4046100679181018,0.05170225991384436,267.7854524849772,2905.5083780344053,0.33328760883907377,0.04356886305767839,75.38422812779527,0.0,0.0,0.8943134619822435,0.0,12.0,0.39731317033306407,0.0,0.40982213762170006,0.5714285714285714,,
agaricus_lepiota,histdistill_density,HistDistill-Density,budget_50,seed_2,1.0,2,127.1644773315792,1401.3704911502584,0.5030390342649038,0.06981728034733149,267.7854524849772,2905.5083780344053,0.33328760883907377,0.04356886305767839,75.38422812779527,0.0,0.0,0.7811416640419732,0.0,25.0,0.39731317033306407,0.0,0.40982213762170006,0.5714285714285714,0.5938965416619518,0.7692307692307693
agaricus_lepiota,histdistill_density,HistDistill-Density,budget_50,seed_2,10.0,0,208.7555127290769,2130.433216109096,0.3977190717080942,0.04756391168194079,263.85262507036,2829.687264073404,0.33354253460580857,0.04309730894575228,76.86271826103723,0.0,0.0,0.970392131891804,0.0,5.0,0.3977190717080942,0.0,,,,
agaricus_lepiota,histdistill_density,HistDistill-Density,budget_50,seed_2,10.0,1,164.24155347475983,1715.5060363697746,0.4048345118386038,0.050997587968498924,263.85262507036,2829.687264073404,0.33354253460580857,0.04309730894575228,76.86271826103723,0.0,0.0,0.8828253745802638,0.0,12.0,0.3977190717080942,0.0,0.40991696907468206,0.5714285714285714,,
agaricus_lepiota,histdistill_density,HistDistill-Density,budget_50,seed_2,10.0,2,122.27383586275016,1322.4212622047207,0.4961646419779481,0.07068344630393474,263.85262507036,2829.687264073404,0.33354253460580857,0.04309730894575228,76.86271826103723,0.0,0.0,0.805174374245937,0.0,25.0,0.3977190717080942,0.0,0.40991696907468206,0.5714285714285714,0.580469377491189,0.8461538461538461
agaricus_lepiota,gain_path_refined,Legacy gain-path refined,budget_50,seed_0,0.1,0,120.68802924193974,1283.5857922927457,0.22627189519710594,0.029975910696846686,150.06475704800334,1639.3757728136964,0.18647859235798633,0.025150334558426156,75.22591091974482,0.0,1.0,0.9711851906587811,0.0,5.0,0.22627189519710594,0.8,,,,
agaricus_lepiota,gain_path_refined,Legacy gain-path refined,budget_50,seed_0,0.1,1,122.8235975594519,1339.8494989800934,0.3264791326181218,0.04141424122143694,150.06475704800334,1639.3757728136964,0.18647859235798633,0.025150334558426156,75.22591091974482,0.0,1.0,0.9034841232692696,0.0,12.0,0.22627189519710594,0.8,0.39805573077599027,0.7142857142857143,,
agaricus_lepiota,gain_path_refined,Legacy gain-path refined,budget_50,seed_0,0.1,2,112.58449327161902,1236.3467705026744,0.4648023208314875,0.06180652024530047,150.06475704800334,1639.3757728136964,0.18647859235798633,0.025150334558426156,75.22591091974482,0.0,1.0,0.7763601133357512,0.043478260869565216,23.0,0.22627189519710594,0.8,0.39805573077599027,0.7142857142857143,0.6157003443369772,0.7272727272727273
agaricus_lepiota,gain_path_refined,Legacy gain-path refined,budget_50,seed_0,1.0,0,120.01520784015231,1275.7246284533935,0.22534298824145024,0.029827333866514205,149.31127576888414,1630.4654296930735,0.1858338367970705,0.02505294376037538,75.38422812779527,0.0,1.0,0.9718597229648971,0.0,5.0,0.22534298824145024,0.8,,,,
agaricus_lepiota,gain_path_refined,Legacy gain-path refined,budget_50,seed_0,1.0,1,122.19607491551126,1324.454308059458,0.32575425843701483,0.04121427782946612,149.31127576888414,1630.4654296930735,0.1858338367970705,0.02505294376037538,75.38422812779527,0.0,1.0,0.893860419016986,0.0,12.0,0.22534298824145024,0.8,0.39747659429098947,0.7142857142857143,,
agaricus_lepiota,gain_path_refined,Legacy gain-path refined,budget_50,seed_0,1.0,2,111.81123262494823,1214.0900185181977,0.46372054675344243,0.06103974633061,149.31127576888414,1630.4654296930735,0.1858338367970705,0.02505294376037538,75.38422812779527,0.0,1.0,0.8162241645028558,0.043478260869565216,23.0,0.22534298824145024,0.8,0.39747659429098947,0.7142857142857143,0.614229224916818,0.7272727272727273
agaricus_lepiota,gain_path_refined,Legacy gain-path refined,budget_50,seed_0,10.0,0,113.70273061453781,1220.599186880842,0.2166657246946623,0.028666030043910294,142.21110908088218,1568.6791820057051,0.17977252930226398,0.024182994995324968,76.86271826103723,0.0,1.0,0.9741704990511426,0.0,5.0,0.2166657246946623,0.8,,,,
agaricus_lepiota,gain_path_refined,Legacy gain-path refined,budget_50,seed_0,10.0,1,116.35039382025451,1232.8561249042175,0.3191667361332693,0.03913495404384113,142.21110908088218,1568.6791820057051,0.17977252930226398,0.024182994995324968,76.86271826103723,0.0,1.0,0.8628656151982835,0.0,12.0,0.2166657246946623,0.8,0.3923817443037028,0.7142857142857143,,
agaricus_lepiota,gain_path_refined,Legacy gain-path refined,budget_50,seed_0,10.0,2,105.76258814030447,1129.9642867771004,0.4561794749503835,0.06137316009348319,142.21110908088218,1568.6791820057051,0.17977252930226398,0.024182994995324968,76.86271826103723,0.0,1.0,0.788499933546817,0.043478260869565216,23.0,0.2166657246946623,0.8,0.3923817443037028,0.7142857142857143,0.6056479172963264,0.7272727272727273
agaricus_lepiota,gain_path_refined,Legacy gain-path refined,budget_50,seed_1,0.1,0,87.45387419419346,1219.6690694386498,0.1501845371339219,0.026626092042742154,121.4621751129074,1669.9140810319973,0.1509354753598062,0.025001513909879872,75.22591091974482,0.0,1.0,0.9798889707956606,0.0,5.0,0.1501845371339219,1.0,,,,
agaricus_lepiota,gain_path_refined,Legacy gain-path refined,budget_50,seed_1,0.1,1,109.38717595735983,1148.3728735290745,0.27918414917946827,0.03342730832050939,121.4621751129074,1669.9140810319973,0.1509354753598062,0.025001513909879872,75.22591091974482,0.0,1.0,0.9307612762386429,0.0,12.0,0.1501845371339219,1.0,0.3713267292120013,0.7142857142857143,,
agaricus_lepiota,gain_path_refined,Legacy gain-path refined,budget_50,seed_1,0.1,2,99.85347937095473,1038.7608675557046,0.4847456990059824,0.06046480635781043,121.4621751129074,1669.9140810319973,0.1509354753598062,0.025001513909879872,75.22591091974482,0.0,1.0,0.73872926987571,0.0,24.0,0.1501845371339219,1.0,0.3713267292120013,0.7142857142857143,0.6903072488324966,0.5833333333333334
agaricus_lepiota,gain_path_refined,Legacy gain-path refined,budget_50,seed_1,1.0,0,87.23046321796564,1212.9708954293897,0.15005638142746786,0.026514339374709255,121.12688451812517,1660.65208041709,0.1507553503468876,0.024901915143362277,75.38422812779527,0.0,1.0,0.979456171876954,0.0,5.0,0.15005638142746786,1.0,,,,
agaricus_lepiota,gain_path_refined,Legacy gain-path refined,budget_50,seed_1,1.0,1,109.047397967201,1136.2034054037688,0.2791603217297489,0.0330722136653498,121.12688451812517,1660.65208041709,0.1507553503468876,0.024901915143362277,75.38422812779527,0.0,1.0,0.9053171756266544,0.0,12.0,0.15005638142746786,1.0,0.37137742194566403,0.7142857142857143,,
agaricus_lepiota,gain_path_refined,Legacy gain-path refined,budget_50,seed_1,1.0,2,99.23647459441763,1019.1869349120585,0.4853922779147581,0.05916000447608626,121.12688451812517,1660.65208041709,0.1507553503468876,0.024901915143362277,75.38422812779527,0.0,1.0,0.7624445332866586,0.0,24.0,0.15005638142746786,1.0,0.37137742194566403,0.7142857142857143,0.6916242340997671,0.5833333333333334
agaricus_lepiota,gain_path_refined,Legacy gain-path refined,budget_50,seed_1,10.0,0,85.06967935001153,1156.7496961427796,0.14883281525549344,0.025656047765763062,117.88479330690967,1586.570599320236,0.1490210405925785,0.024164127305263166,76.86271826103723,0.0,1.0,0.9802190581113894,0.0,5.0,0.14883281525549344,1.0,,,,
agaricus_lepiota,gain_path_refined,Legacy gain-path refined,budget_50,seed_1,10.0,1,105.84375675567843,1067.619533492066,0.2791069511305542,0.03172733040264046,117.88479330690967,1586.570599320236,0.1490210405925785,0.024164127305263166,76.86271826103723,0.0,1.0,0.8884179917846553,0.0,12.0,0.14883281525549344,1.0,0.3721599053270262,0.7142857142857143,,
agaricus_lepiota,gain_path_refined,Legacy gain-path refined,budget_50,seed_1,10.0,2,95.73794974666721,954.7288408678738,0.5009955835932393,0.06333179224361367,117.88479330690967,1586.570599320236,0.1490210405925785,0.024164127305263166,76.86271826103723,0.0,1.0,0.7715715426926621,0.0,24.0,0.14883281525549344,1.0,0.3721599053270262,0.7142857142857143,0.7228842160559243,0.5833333333333334
agaricus_lepiota,gain_path_refined,Legacy gain-path refined,budget_50,seed_2,0.1,0,98.35401156964403,1046.4329508940457,0.17431995883231471,0.02410093522002642,134.58029606773687,1334.101577378972,0.16723676273840027,0.019973817529234873,75.22591091974482,0.0,1.0,0.9812039170810716,0.0,5.0,0.17431995883231471,0.8,,,,
agaricus_lepiota,gain_path_refined,Legacy gain-path refined,budget_50,seed_2,0.1,1,110.54338188157372,1162.936364152099,0.2557280539988555,0.03469196525141788,134.58029606773687,1334.101577378972,0.16723676273840027,0.019973817529234873,75.22591091974482,0.0,1.0,0.9285511146638404,0.0,12.0,0.17431995883231471,0.8,0.3138766934035276,0.5714285714285714,,
agaricus_lepiota,gain_path_refined,Legacy gain-path refined,budget_50,seed_2,0.1,2,99.12144884734388,1094.1684489444715,0.44015638747866576,0.0624865796732784,134.58029606773687,1334.101577378972,0.16723676273840027,0.019973817529234873,75.22591091974482,0.0,1.0,0.7714939485848755,0.0,25.0,0.17431995883231471,0.8,0.3138766934035276,0.5714285714285714,0.6103979260754137,0.7692307692307693
agaricus_lepiota,gain_path_refined,Legacy gain-path refined,budget_50,seed_2,1.0,0,98.14563693299256,1039.1115137194306,0.1742504343930235,0.023965600134210292,134.3141428848785,1324.4308849252875,0.16716830245990372,0.019860189800487427,75.38422812779527,0.0,1.0,0.9818443703582359,0.0,5.0,0.1742504343930235,0.8,,,,
agaricus_lepiota,gain_path_refined,Legacy gain-path refined,budget_50,seed_2,1.0,1,110.2636844276351,1155.03229371973,0.25579223225881137,0.034546098027302685,134.3141428848785,1324.4308849252875,0.16716830245990372,0.019860189800487427,75.38422812779527,0.0,1.0,0.9112279228795034,0.0,12.0,0.1742504343930235,0.8,0.31403637359151704,0.5714285714285714,,
agaricus_lepiota,gain_path_refined,Legacy gain-path refined,budget_50,seed_2,1.0,2,98.5015101808961,1077.2029266988147,0.4394307469349757,0.06124999397853171,134.3141428848785,1324.4308849252875,0.16716830245990372,0.019860189800487427,75.38422812779527,0.0,1.0,0.7908216433953696,0.0,25.0,0.1742504343930235,0.8,0.31403637359151704,0.5714285714285714,0.6089432220206659,0.7692307692307693
agaricus_lepiota,gain_path_refined,Legacy gain-path refined,budget_50,seed_2,10.0,0,96.11266991856051,982.6274202250728,0.17357464073801943,0.02294536855332823,131.71445470310584,1250.4296971524423,0.16650345265346786,0.01904456215261968,76.86271826103723,0.0,1.0,0.9842248370513245,0.0,5.0,0.17357464073801943,0.8,,,,
agaricus_lepiota,gain_path_refined,Legacy gain-path refined,budget_50,seed_2,10.0,1,107.57510747316569,1082.4645271798163,0.25673553982734704,0.03355845107945319,131.71445470310584,1250.4296971524423,0.16650345265346786,0.01904456215261968,76.86271826103723,0.0,1.0,0.8973854785971307,0.0,12.0,0.17357464073801943,0.8,0.31613618203400956,0.5714285714285714,,
agaricus_lepiota,gain_path_refined,Legacy gain-path refined,budget_50,seed_2,10.0,2,93.74334792521573,1000.0453350029538,0.4281792013920503,0.06184523422667544,131.71445470310584,1250.4296971524423,0.16650345265346786,0.01904456215261968,76.86271826103723,0.0,1.0,0.8117366691227171,0.0,25.0,0.17357464073801943,0.8,0.31613618203400956,0.5714285714285714,0.5864348889902379,0.8461538461538461
agaricus_lepiota,random,Random,budget_50,seed_0,0.1,0,317.9592674223242,3924.2448539239726,0.5717212218141066,0.08739342581597849,413.3907723322051,5191.565020429868,0.5137017567264711,0.07964592335138286,75.22591091974482,0.0,0.0,0.8903244733595933,0.0,5.0,0.5717212218141066,0.0,,,,
agaricus_lepiota,random,Random,budget_50,seed_0,0.1,1,263.8027093490186,2836.7970372545456,0.6431932731413984,0.07809673557274115,413.3907723322051,5191.565020429868,0.5137017567264711,0.07964592335138286,75.22591091974482,0.0,0.0,0.8132376189473627,0.0,12.0,0.5717212218141066,0.0,0.6942447383751782,0.7142857142857143,,
agaricus_lepiota,random,Random,budget_50,seed_0,0.1,2,198.0547893344668,2139.8799571443396,0.6505996590047038,0.08251858307001336,413.3907723322051,5191.565020429868,0.5137017567264711,0.07964592335138286,75.22591091974482,0.0,0.0,0.6905137785456491,0.0,23.0,0.5717212218141066,0.0,0.6942447383751782,0.7142857142857143,0.6586793526737644,0.5454545454545454
agaricus_lepiota,random,Random,budget_50,seed_0,1.0,0,317.4138647098943,3908.7158438189244,0.5717110568340628,0.08714100151355714,412.7511292503034,5175.475115604162,0.5137128833433493,0.07952384922927272,75.38422812779527,0.0,0.0,0.8918079438680838,0.0,5.0,0.5717110568340628,0.0,,,,
agaricus_lepiota,random,Random,budget_50,seed_0,1.0,1,263.00299370521765,2813.135128660459,0.6428135163122757,0.07774470868177331,412.7511292503034,5175.475115604162,0.5137128833433493,0.07952384922927272,75.38422812779527,0.0,0.0,0.8026095278838475,0.0,12.0,0.5717110568340628,0.0,0.6936009873681421,0.7142857142857143,,
agaricus_lepiota,random,Random,budget_50,seed_0,1.0,2,197.1965038276586,2105.2556510467048,0.6502616428781157,0.08093492652382459,412.7511292503034,5175.475115604162,0.5137128833433493,0.07952384922927272,75.38422812779527,0.0,0.0,0.7228124789243668,0.0,23.0,0.5717110568340628,0.0,0.6936009873681421,0.7142857142857143,0.6583868718590323,0.5454545454545454
agaricus_lepiota,random,Random,budget_50,seed_0,10.0,0,312.0628833060256,3799.9236899313337,0.5715985866680993,0.08508474593430407,406.4621641221828,5056.475142390052,0.5138187289458376,0.0779513838553376,76.86271826103723,0.0,0.0,0.8972817334085736,0.0,5.0,0.5715985866680993,0.0,,,,
agaricus_lepiota,random,Random,budget_50,seed_0,10.0,1,255.43550606112785,2687.9622864785147,0.6392636816254368,0.07508719446942173,406.4621641221828,5056.475142390052,0.5138187289458376,0.0779513838553376,76.86271826103723,0.0,0.0,0.7586084534476889,0.0,12.0,0.5715985866680993,0.0,0.6875958923092492,0.7142857142857143,,
agaricus_lepiota,random,Random,budget_50,seed_0,10.0,2,189.76179913880728,2002.8982479806523,0.6472241648747096,0.08087383561205619,406.4621641221828,5056.475142390052,0.5138187289458376,0.0779513838553376,76.86271826103723,0.0,0.0,0.7361360575818053,0.0,23.0,0.5715985866680993,0.0,0.6875958923092492,0.7142857142857143,0.6559083284193706,0.5454545454545454
agaricus_lepiota,random,Random,budget_50,seed_1,0.1,0,437.3500287379073,6288.311903017695,0.7732697098460125,0.13617285764541914,589.9096969707257,8604.354232629004,0.7330537300922573,0.12882212592618164,75.22591091974482,0.0,0.0,0.915514217430547,0.0,5.0,0.7732697098460125,0.0,,,,
agaricus_lepiota,random,Random,budget_50,seed_1,0.1,1,265.81392465280373,4033.2715430954427,0.5536255761379368,0.10290273586656375,589.9096969707257,8604.354232629004,0.7330537300922573,0.12882212592618164,75.22591091974482,0.0,0.0,0.8414040639748132,0.0,12.0,0.7732697098460125,0.0,0.3967369092035972,0.8571428571428571,,
agaricus_lepiota,random,Random,budget_50,seed_1,0.1,2,207.3709225208265,3011.28959475248,0.7249515441360437,0.11442408678118705,589.9096969707257,8604.354232629004,0.7330537300922573,0.12882212592618164,75.22591091974482,0.0,0.0,0.6735132789247276,0.0,24.0,0.7732697098460125,0.0,0.3967369092035972,0.8571428571428571,0.8962775121341502,0.5
agaricus_lepiota,random,Random,budget_50,seed_1,1.0,0,436.50809701745385,6266.744416679921,0.7730516987798302,0.13590342624032822,588.8311814128651,8575.575758933765,0.7328633226406888,0.12859301618482802,75.38422812779527,0.0,0.0,0.916182846063967,0.0,5.0,0.7730516987798302,0.0,,,,
agaricus_lepiota,random,Random,budget_50,seed_1,1.0,1,264.9784772836426,4009.9486172762977,0.5528674919685934,0.10236203642131313,588.8311814128651,8575.575758933765,0.7328633226406888,0.12859301618482802,75.38422812779527,0.0,0.0,0.8270604538886897,0.0,12.0,0.7730516987798302,0.0,0.3955930585319957,1.0,,
agaricus_lepiota,random,Random,budget_50,seed_1,1.0,2,206.3882719518691,2985.1737991923915,0.7253896945381298,0.1134271298796919,588.8311814128651,8575.575758933765,0.7328633226406888,0.12859301618482802,75.38422812779527,0.0,0.0,0.7003664528234513,0.0,24.0,0.7730516987798302,0.0,0.3955930585319957,1.0,0.8979118971076664,0.5
agaricus_lepiota,random,Random,budget_50,seed_1,10.0,0,428.27517663720863,6094.306028125556,0.7709288815142944,0.13426912831605314,578.2749655828825,8344.883728745319,0.7310114791094741,0.12709603521924356,76.86271826103723,0.0,0.0,0.9181003736697628,0.0,5.0,0.7709288815142944,0.0,,,,
agaricus_lepiota,random,Random,budget_50,seed_1,10.0,1,258.0992507347272,3848.1635672314133,0.5487741992449492,0.09995737615587956,578.2749655828825,8344.883728745319,0.7310114791094741,0.12709603521924356,76.86271826103723,0.0,0.0,0.7795874897624121,0.0,12.0,0.7709288815142944,0.0,0.39009228333827384,1.0,,
agaricus_lepiota,random,Random,budget_50,seed_1,10.0,2,198.83343929445945,2841.634056856876,0.7271667473452168,0.11524887918420997,578.2749655828825,8344.883728745319,0.7310114791094741,0.12709603521924356,76.86271826103723,0.0,0.0,0.7299537930957486,0.0,24.0,0.7709288815142944,0.0,0.39009228333827384,1.0,0.9055592954454844,0.5
agaricus_lepiota,random,Random,budget_50,seed_2,0.1,0,231.43277029941373,3049.8916331166456,0.4182178002541737,0.0669858149312721,307.02854544496745,4028.3404272964844,0.38153029461796173,0.060311252160077274,75.22591091974482,0.0,0.0,0.9457817610286078,0.0,5.0,0.4182178002541737,0.0,,,,
agaricus_lepiota,random,Random,budget_50,seed_2,0.1,1,165.70239078362866,2202.7365351139415,0.3671033541791299,0.06032926939252519,307.02854544496745,4028.3404272964844,0.38153029461796173,0.060311252160077274,75.22591091974482,0.0,0.0,0.892743384451975,0.0,12.0,0.4182178002541737,0.0,0.33059303555409864,0.7142857142857143,,
agaricus_lepiota,random,Random,budget_50,seed_2,0.1,2,128.61978864423142,1672.753090316835,0.43336719981822625,0.06822367775782685,307.02854544496745,4028.3404272964844,0.38153029461796173,0.060311252160077274,75.22591091974482,0.0,0.0,0.7310509086736875,0.0,25.0,0.4182178002541737,0.0,0.33059303555409864,0.7142857142857143,0.4945338265620076,0.6153846153846154
agaricus_lepiota,random,Random,budget_50,seed_2,1.0,0,231.0116895628847,3036.551515942903,0.41804417020370616,0.06677928650498184,306.57719758909457,4011.6529073211536,0.38156808056922287,0.06015579148742797,75.38422812779527,0.0,0.0,0.9477774136331375,0.0,5.0,0.41804417020370616,0.0,,,,
agaricus_lepiota,random,Random,budget_50,seed_2,1.0,1,165.2244374047433,2191.0133845150854,0.3668505552971905,0.060117463004248896,306.57719758909457,4011.6529073211536,0.38156808056922287,0.06015579148742797,75.38422812779527,0.0,0.0,0.8670999732771514,0.0,12.0,0.41804417020370616,0.0,0.33028368750682224,0.7142857142857143,,
agaricus_lepiota,random,Random,budget_50,seed_2,1.0,2,128.02558656202515,1656.1538800583958,0.43373917971331954,0.06739839678878028,306.57719758909457,4011.6529073211536,0.38156808056922287,0.06015579148742797,75.38422812779527,0.0,0.0,0.7273046867204408,0.0,25.0,0.41804417020370616,0.0,0.33028368750682224,0.7142857142857143,0.4954825253282078,0.6153846153846154
agaricus_lepiota,random,Random,budget_50,seed_2,10.0,0,227.20419975751184,2947.830318368461,0.4171752225340467,0.06569187686186091,302.1355767239537,3900.664200400739,0.3819369469158102,0.05940873123071229,76.86271826103723,0.0,0.0,0.9518742431762364,0.0,5.0,0.4171752225340467,0.0,,,,
agaricus_lepiota,random,Random,budget_50,seed_2,10.0,1,160.6914365581873,2088.7651645660308,0.3646349589751132,0.05871578766347569,302.1355767239537,3900.664200400739,0.3819369469158102,0.05940873123071229,76.86271826103723,0.0,0.0,0.839976908262939,0.0,12.0,0.4171752225340467,0.0,0.32710619929016066,0.7142857142857143,,
agaricus_lepiota,random,Random,budget_50,seed_2,10.0,2,123.05581262738177,1559.0479746290325,0.43450246176197277,0.06828597007156055,302.1355767239537,3900.664200400739,0.3819369469158102,0.05940873123071229,76.86271826103723,0.0,0.0,0.7690708453747807,0.0,25.0,0.4171752225340467,0.0,0.32710619929016066,0.7142857142857143,0.4989955412575355,0.6153846153846154
australian,histdistill_refined,HistDistill-Refined,budget_50,seed_0,0.1,0,7.014320496928006,174.05471210519767,0.09775342443104214,0.02342151079434545,7.083843348827266,198.66097144802131,0.06435716664792657,0.018416811638476947,55.65285586258567,1.0,1.0,0.9577638766377856,1.0,5.0,0.09775342443104214,1.0,,,,
australian,histdistill_refined,HistDistill-Refined,budget_50,seed_0,0.1,1,6.582071303384107,169.2321683855435,0.09760728831625436,0.023968779316789857,7.083843348827266,198.66097144802131,0.06435716664792657,0.018416811638476947,55.65285586258567,1.0,1.0,0.9553691443599421,1.0,9.0,0.09775342443104214,1.0,0.09742461817276962,1.0,,
australian,histdistill_refined,HistDistill-Refined,budget_50,seed_0,0.1,2,6.609234425969493,158.9753017472555,0.18711939166828667,0.0398953617238678,7.083843348827266,198.66097144802131,0.06435716664792657,0.018416811638476947,55.65285586258567,1.0,1.0,0.9038618991122365,0.6923076923076923,13.0,0.09775342443104214,1.0,0.09742461817276962,1.0,0.38852162421035935,0.75
australian,histdistill_refined,HistDistill-Refined,budget_50,seed_0,1.0,0,6.715372558081116,169.91919851648595,0.09565426633615035,0.02306080676530315,6.950720825321925,197.63111213764662,0.06426146332857342,0.018456140401914452,55.16541470118885,1.0,1.0,0.9580045516563729,1.0,5.0,0.09565426633615035,1.0,,,,
australian,histdistill_refined,HistDistill-Refined,budget_50,seed_0,1.0,1,6.334957101625319,164.62571138370075,0.09586706518532112,0.023571979830956904,6.950720825321925,197.63111213764662,0.06426146332857342,0.018456140401914452,55.16541470118885,1.0,1.0,0.9563347907597337,1.0,9.0,0.09565426633615035,1.0,0.09613306374678457,1.0,,
australian,histdistill_refined,HistDistill-Refined,budget_50,seed_0,1.0,2,6.353940585098419,153.50456499676523,0.18540869824906675,0.039154336763709954,6.950720825321925,197.63111213764662,0.06426146332857342,0.018456140401914452,55.16541470118885,1.0,1.0,0.9007724540507532,0.6923076923076923,13.0,0.09565426633615035,1.0,0.09613306374678457,1.0,0.38687737264249433,0.75
australian,histdistill_refined,HistDistill-Refined,budget_50,seed_0,10.0,0,4.996978844738418,136.30638502499565,0.0862924368633795,0.02190504617439054,5.856244523283026,157.00472553932568,0.06352278400376858,0.01703032929781841,49.92026476725809,1.0,1.0,0.9579434378020144,1.0,5.0,0.0862924368633795,1.0,,,,
australian,histdistill_refined,HistDistill-Refined,budget_50,seed_0,10.0,1,4.873363613970087,132.3147611064422,0.08851714949575672,0.022371768560054107,5.856244523283026,157.00472553932568,0.06352278400376858,0.01703032929781841,49.92026476725809,1.0,1.0,0.9570754780365104,1.0,9.0,0.0862924368633795,1.0,0.09129804028622823,1.0,,
australian,histdistill_refined,HistDistill-Refined,budget_50,seed_0,10.0,2,4.804871870745176,123.71297271714994,0.17988779777092032,0.04299329128241263,5.856244523283026,157.00472553932568,0.06352278400376858,0.01703032929781841,49.92026476725809,1.0,1.0,0.8831247527729267,0.7692307692307693,13.0,0.0862924368633795,1.0,0.09129804028622823,1.0,0.38547175639003833,0.75
australian,histdistill_refined,HistDistill-Refined,budget_50,seed_1,0.1,0,7.00811419625155,179.69922244144263,0.08718717525726999,0.020964744117261024,8.690701668119246,221.34119253530548,0.07895557651414718,0.018280898084927694,55.65285586258567,1.0,1.0,0.9492140347559783,1.0,5.0,0.08718717525726999,1.0,,,,
australian,histdistill_refined,HistDistill-Refined,budget_50,seed_1,0.1,1,6.645614897541495,154.90135635250823,0.2607346672616185,0.040085089323225014,8.690701668119246,221.34119253530548,0.07895557651414718,0.018280898084927694,55.65285586258567,1.0,1.0,0.735858294555335,0.8181818181818182,11.0,0.08718717525726999,1.0,0.40535757726524224,0.6666666666666666,,
australian,histdistill_refined,HistDistill-Refined,budget_50,seed_1,0.1,2,6.536863158538489,140.9048338354931,0.3689607728734534,0.056305378426968054,8.690701668119246,221.34119253530548,0.07895557651414718,0.018280898084927694,55.65285586258567,1.0,1.0,0.684040572947155,0.631578947368421,19.0,0.08718717525726999,1.0,0.40535757726524224,0.6666666666666666,0.5177716680897264,0.75
australian,histdistill_refined,HistDistill-Refined,budget_50,seed_1,1.0,0,6.72672479621244,168.6407625468146,0.08446204326922957,0.01998717856326305,8.502669028812086,205.4382590123187,0.0786096820346253,0.017266702494968984,55.16541470118885,1.0,1.0,0.9516920728371054,1.0,5.0,0.08446204326922957,1.0,,,,
australian,histdistill_refined,HistDistill-Refined,budget_50,seed_1,1.0,1,6.265688263447282,149.00091480189474,0.2586783705839679,0.04642804170684702,8.502669028812086,205.4382590123187,0.0786096820346253,0.017266702494968984,55.16541470118885,1.0,1.0,0.8177672960573006,0.8181818181818182,11.0,0.08446204326922957,1.0,0.4038586433462499,0.6666666666666666,,
australian,histdistill_refined,HistDistill-Refined,budget_50,seed_1,1.0,2,6.133747149249163,134.89459497571988,0.37261189402136125,0.06443553707674037,8.502669028812086,205.4382590123187,0.0786096820346253,0.017266702494968984,55.16541470118885,1.0,1.0,0.7561066966685213,0.631578947368421,19.0,0.08446204326922957,1.0,0.4038586433462499,0.6666666666666666,0.5292704887477772,0.75
australian,histdistill_refined,HistDistill-Refined,budget_50,seed_1,10.0,0,5.076838005714393,124.44006916993901,0.07173872429582881,0.017349519023391168,7.0108754677803375,152.38725142548938,0.07604708550787524,0.015305065828614298,49.92026476725809,1.0,1.0,0.9640798964684185,1.0,5.0,0.07173872429582881,1.0,,,,
australian,histdistill_refined,HistDistill-Refined,budget_50,seed_1,10.0,1,4.5749117494995195,120.77721543878724,0.23132417646179626,0.06965457286011267,7.0108754677803375,152.38725142548938,0.07604708550787524,0.015305065828614298,49.92026476725809,1.0,1.0,0.9151236447207247,0.8181818181818182,11.0,0.07173872429582881,1.0,0.36431205326676913,0.6666666666666666,,
australian,histdistill_refined,HistDistill-Refined,budget_50,seed_1,10.0,2,4.454886607482567,106.95708932906136,0.3123371067220717,0.07371732987773345,7.0108754677803375,152.38725142548938,0.07604708550787524,0.015305065828614298,49.92026476725809,1.0,1.0,0.8441144060422253,0.631578947368421,19.0,0.07173872429582881,1.0,0.36431205326676913,0.6666666666666666,0.42372988582995064,0.75
australian,histdistill_refined,HistDistill-Refined,budget_50,seed_2,0.1,0,7.501480270123267,190.27099068005825,0.10020664824388148,0.02309056499021448,8.989349998746885,245.56493089091316,0.08166881556205892,0.020850214864573544,55.65285586258567,1.0,1.0,0.9582140338870145,1.0,5.0,0.10020664824388148,1.0,,,,
australian,histdistill_refined,HistDistill-Refined,budget_50,seed_2,0.1,1,7.336161411387309,181.5990587448568,0.10226640743075067,0.02353637613964182,8.989349998746885,245.56493089091316,0.08166881556205892,0.020850214864573544,55.65285586258567,1.0,1.0,0.9569772969649796,1.0,9.0,0.10020664824388148,1.0,0.10484110641433714,1.0,,
australian,histdistill_refined,HistDistill-Refined,budget_50,seed_2,0.1,2,8.450908701025487,195.78492075295873,0.137643242979003,0.029181216380796335,8.989349998746885,245.56493089091316,0.08166881556205892,0.020850214864573544,55.65285586258567,1.0,1.0,0.9389349472680181,0.8181818181818182,11.0,0.10020664824388148,1.0,0.10484110641433714,1.0,0.29683900294613863,1.0
australian,histdistill_refined,HistDistill-Refined,budget_50,seed_2,1.0,0,7.284486084231321,180.6499373305888,0.09921007946660079,0.02232564474514917,8.715866201590057,231.12203304317643,0.08058075275441537,0.0197851049793838,55.16541470118885,1.0,1.0,0.9599074846021516,1.0,5.0,0.09921007946660079,1.0,,,,
australian,histdistill_refined,HistDistill-Refined,budget_50,seed_2,1.0,1,7.12544384896924,172.32349295797647,0.10128000465684363,0.02277437658462761,8.715866201590057,231.12203304317643,0.08058075275441537,0.0197851049793838,55.16541470118885,1.0,1.0,0.9584577476290003,1.0,9.0,0.09921007946660079,1.0,0.10386741114464715,1.0,,
australian,histdistill_refined,HistDistill-Refined,budget_50,seed_2,1.0,2,8.17716321613128,184.97356361682304,0.1366004436651637,0.028185789199288623,8.715866201590057,231.12203304317643,0.08058075275441537,0.0197851049793838,55.16541470118885,1.0,1.0,0.9413361070717697,0.8181818181818182,11.0,0.09921007946660079,1.0,0.10386741114464715,1.0,0.29554241920260416,1.0
australian,histdistill_refined,HistDistill-Refined,budget_50,seed_2,10.0,0,5.936032650327909,139.16091958431048,0.09647477836275617,0.02059093695348844,6.868338648169416,169.1669988245172,0.07450098619990905,0.017475783953143188,49.92026476725809,1.0,1.0,0.9661185229414769,1.0,5.0,0.09647477836275617,1.0,,,,
australian,histdistill_refined,HistDistill-Refined,budget_50,seed_2,10.0,1,5.832443095012185,133.14482646302451,0.09891631082529476,0.021012743048634895,6.868338648169416,169.1669988245172,0.07450098619990905,0.017475783953143188,49.92026476725809,1.0,1.0,0.9646630539623189,1.0,9.0,0.09647477836275617,1.0,0.10196822640346798,1.0,,
australian,histdistill_refined,HistDistill-Refined,budget_50,seed_2,10.0,2,6.447241098424445,139.9315926007225,0.13318152989225343,0.026444258266035525,6.868338648169416,169.1669988245172,0.07450098619990905,0.017475783953143188,49.92026476725809,1.0,1.0,0.9481025520261821,0.8181818181818182,11.0,0.09647477836275617,1.0,0.10196822640346798,1.0,0.28737501569356744,1.0
australian,histdistill_density,HistDistill-Density,budget_50,seed_0,0.1,0,7.22568539339038,172.29717643820737,0.09820665759825357,0.02300308371182655,8.645448655096413,197.7697146789944,0.07854445001726983,0.018334187920707696,55.65285586258567,1.0,1.0,0.9601716649558181,1.0,5.0,0.09820665759825357,1.0,,,,
australian,histdistill_density,HistDistill-Density,budget_50,seed_0,0.1,1,6.875999080986629,167.1723483387322,0.09864760713038513,0.023491909624027148,8.645448655096413,197.7697146789944,0.07854445001726983,0.018334187920707696,55.65285586258567,1.0,1.0,0.9592827975357096,1.0,9.0,0.09820665759825357,1.0,0.09919879404554957,1.0,,
australian,histdistill_density,HistDistill-Density,budget_50,seed_0,0.1,2,6.8956279702152,158.60636856038096,0.19258990690313932,0.040063909672072566,8.645448655096413,197.7697146789944,0.07854445001726983,0.018334187920707696,55.65285586258567,1.0,1.0,0.9048054012770183,0.6923076923076923,13.0,0.09820665759825357,1.0,0.09919879404554957,1.0,0.4039600813918361,1.0
australian,histdistill_density,HistDistill-Density,budget_50,seed_0,1.0,0,6.916761240770907,167.73979908621698,0.09604254509787072,0.02257055264498584,8.476568084740505,195.48669163936597,0.07836837111127666,0.018255879798364103,55.16541470118885,1.0,1.0,0.960190356497559,1.0,5.0,0.09604254509787072,1.0,,,,
australian,histdistill_density,HistDistill-Density,budget_50,seed_0,1.0,1,6.6167125679682925,162.23617479510403,0.09683462311380267,0.023033133645638162,8.476568084740505,195.48669163936597,0.07836837111127666,0.018255879798364103,55.16541470118885,1.0,1.0,0.9594730722222652,1.0,9.0,0.09604254509787072,1.0,0.09782472063371761,1.0,,
australian,histdistill_density,HistDistill-Density,budget_50,seed_0,1.0,2,6.622743866117928,152.66364644085974,0.19045330754696116,0.0390895429784019,8.476568084740505,195.48669163936597,0.07836837111127666,0.018255879798364103,55.16541470118885,1.0,1.0,0.9005629389708836,0.6923076923076923,13.0,0.09604254509787072,1.0,0.09782472063371761,1.0,0.4010953475215677,1.0
australian,histdistill_density,HistDistill-Density,budget_50,seed_0,10.0,0,5.459698671994394,132.88719425630296,0.0902812210060939,0.021153729656222236,7.102157831662624,153.6279246425449,0.07703722686232081,0.0166640471298913,49.92026476725809,1.0,1.0,0.9618608720170189,1.0,5.0,0.0902812210060939,1.0,,,,
australian,histdistill_density,HistDistill-Density,budget_50,seed_0,10.0,1,5.277203209809035,129.11945329586953,0.09175277591095758,0.021678463612336742,7.102157831662624,153.6279246425449,0.07703722686232081,0.0166640471298913,49.92026476725809,1.0,1.0,0.9610371497577133,1.0,9.0,0.0902812210060939,1.0,0.09359221954203717,1.0,,
australian,histdistill_density,HistDistill-Density,budget_50,seed_0,10.0,2,5.120108101476816,122.15901375869679,0.184368311546195,0.04267302857084782,7.102157831662624,153.6279246425449,0.07703722686232081,0.0166640471298913,49.92026476725809,1.0,1.0,0.8838075907346685,0.7692307692307693,13.0,0.0902812210060939,1.0,0.09359221954203717,1.0,0.39275326672547917,1.0
australian,histdistill_density,HistDistill-Density,budget_50,seed_1,0.1,0,6.560983817147141,181.66815917679975,0.07985973135541491,0.021111822936114848,8.380336808579514,224.45130881508382,0.07613589205706985,0.018537767211237444,55.65285586258567,1.0,1.0,0.9481681912202731,1.0,5.0,0.07985973135541491,1.0,,,,
australian,histdistill_density,HistDistill-Density,budget_50,seed_1,0.1,1,6.380755265482214,155.32274184600277,0.25632124769818976,0.04015948468786027,8.380336808579514,224.45130881508382,0.07613589205706985,0.018537767211237444,55.65285586258567,1.0,1.0,0.7367444825131124,0.8181818181818182,11.0,0.07985973135541491,1.0,0.40337251131716884,0.6666666666666666,,
australian,histdistill_density,HistDistill-Density,budget_50,seed_1,0.1,2,6.467211724509025,141.97743805229263,0.3710870221593782,0.05690961955321582,8.380336808579514,224.45130881508382,0.07613589205706985,0.018537767211237444,55.65285586258567,1.0,1.0,0.6862197295287489,0.631578947368421,19.0,0.07985973135541491,1.0,0.40337251131716884,0.6666666666666666,0.5288899620435125,0.75
australian,histdistill_density,HistDistill-Density,budget_50,seed_1,1.0,0,6.22417988418264,170.5996730141843,0.07575471530862235,0.020137570921082773,8.200710563743996,208.26694582060819,0.07581798699789843,0.017504448345255077,55.16541470118885,1.0,1.0,0.9515143602907752,1.0,5.0,0.07575471530862235,1.0,,,,
australian,histdistill_density,HistDistill-Density,budget_50,seed_1,1.0,1,5.946183690126915,149.1505287777393,0.25271446051722246,0.046408563193818246,8.200710563743996,208.26694582060819,0.07581798699789843,0.017504448345255077,55.16541470118885,1.0,1.0,0.820322253792272,0.8181818181818182,11.0,0.07575471530862235,1.0,0.4001809148577226,0.6666666666666666,,
australian,histdistill_density,HistDistill-Density,budget_50,seed_1,1.0,2,6.006252677092554,135.68245490995713,0.3717038486664035,0.06493269345715552,8.200710563743996,208.26694582060819,0.07581798699789843,0.017504448345255077,55.16541470118885,1.0,1.0,0.7628811179197642,0.631578947368421,19.0,0.07575471530862235,1.0,0.4001809148577226,0.6666666666666666,0.5353142573715273,0.75
australian,histdistill_density,HistDistill-Density,budget_50,seed_1,10.0,0,4.9542930389385536,126.15300703552188,0.07061694684198687,0.017517229542380025,6.7722212260165975,154.07323376089806,0.07345839888612153,0.01547439804235219,49.92026476725809,1.0,1.0,0.9613646264592729,1.0,5.0,0.07061694684198687,1.0,,,,
australian,histdistill_density,HistDistill-Density,budget_50,seed_1,10.0,1,4.527928904264512,120.72998158468053,0.23137727683729692,0.06925654822746105,6.7722212260165975,154.07323376089806,0.07345839888612153,0.01547439804235219,49.92026476725809,1.0,1.0,0.9145853866236968,0.8181818181818182,11.0,0.07061694684198687,1.0,0.3653442185000553,0.6666666666666666,,
australian,histdistill_density,HistDistill-Density,budget_50,seed_1,10.0,2,4.43673498761867,106.89448945508494,0.31275850197128124,0.07322968541963779,6.7722212260165975,154.07323376089806,0.07345839888612153,0.01547439804235219,49.92026476725809,1.0,1.0,0.8472435234588693,0.631578947368421,19.0,0.07061694684198687,1.0,0.3653442185000553,0.6666666666666666,0.4246576865305095,0.75
australian,histdistill_density,HistDistill-Density,budget_50,seed_2,0.1,0,8.104654034703671,192.5933629060392,0.10816270372826815,0.02322157755657857,9.725839068470677,255.10318813077333,0.08835986552753244,0.021660080964603128,55.65285586258567,1.0,1.0,0.9610436327444688,1.0,5.0,0.10816270372826815,1.0,,,,
australian,histdistill_density,HistDistill-Density,budget_50,seed_2,0.1,1,7.924522364285116,183.0405958703322,0.11036301908390543,0.02355175814562948,9.725839068470677,255.10318813077333,0.08835986552753244,0.021660080964603128,55.65285586258567,1.0,1.0,0.9600512569637542,1.0,9.0,0.10816270372826815,1.0,0.11311341327845206,1.0,,
australian,histdistill_density,HistDistill-Density,budget_50,seed_2,0.1,2,9.009306297790003,195.89999489461925,0.1447225348830251,0.02911325891075756,9.725839068470677,255.10318813077333,0.08835986552753244,0.021660080964603128,55.65285586258567,1.0,1.0,0.9400962929379415,0.8181818181818182,11.0,0.10816270372826815,1.0,0.11311341327845206,1.0,0.29934035597906383,1.0
australian,histdistill_density,HistDistill-Density,budget_50,seed_2,1.0,0,7.916362375179792,181.87163434134328,0.10771805736028665,0.022332016375087766,9.465612681077904,239.1205300992279,0.08751238000691747,0.020469812974755697,55.16541470118885,1.0,1.0,0.9624240044500396,1.0,5.0,0.10771805736028665,1.0,,,,
australian,histdistill_density,HistDistill-Density,budget_50,seed_2,1.0,1,7.744223452302222,173.09570164415837,0.10996313262177212,0.022710304973401554,9.465612681077904,239.1205300992279,0.08751238000691747,0.020469812974755697,55.16541470118885,1.0,1.0,0.9613383199189559,1.0,9.0,0.10771805736028665,1.0,0.11276947669862894,1.0,,
australian,histdistill_density,HistDistill-Density,budget_50,seed_2,1.0,2,8.759791330467202,184.46779304190204,0.1441429990746111,0.02802653283474473,9.465612681077904,239.1205300992279,0.08751238000691747,0.020469812974755697,55.16541470118885,1.0,1.0,0.9420597664037585,0.8181818181818182,11.0,0.10771805736028665,1.0,0.11276947669862894,1.0,0.29795239811238644,1.0
australian,histdistill_density,HistDistill-Density,budget_50,seed_2,10.0,0,6.476388587942717,139.9293469706179,0.10507780826700379,0.02039521272971464,7.512170692249935,179.46173000033488,0.08148464333858059,0.01853928037463437,49.92026476725809,1.0,1.0,0.9670916773992644,1.0,5.0,0.10507780826700379,1.0,,,,
australian,histdistill_density,HistDistill-Density,budget_50,seed_2,10.0,1,6.361301687464137,133.01090608589337,0.10769927103682861,0.020700576915728793,7.512170692249935,179.46173000033488,0.08148464333858059,0.01853928037463437,49.92026476725809,1.0,1.0,0.9657796199915425,1.0,9.0,0.10507780826700379,1.0,0.11097609949910961,1.0,,
australian,histdistill_density,HistDistill-Density,budget_50,seed_2,10.0,2,6.948884983089948,137.87156656708476,0.14071885027474682,0.025726778984845523,7.512170692249935,179.46173000033488,0.08148464333858059,0.01853928037463437,49.92026476725809,1.0,1.0,0.9462251174487594,0.9090909090909091,11.0,0.10507780826700379,1.0,0.11097609949910961,1.0,0.2893069568453788,1.0
australian,gain_path_refined,Legacy gain-path refined,budget_50,seed_0,0.1,0,6.306670530767366,177.84027149343302,0.08964065675195435,0.023729271876817663,7.47706796367172,209.86128458610403,0.06792963724353918,0.019455133639283223,55.65285586258567,1.0,1.0,0.9623701874799326,1.0,5.0,0.08964065675195435,1.0,,,,
australian,gain_path_refined,Legacy gain-path refined,budget_50,seed_0,0.1,1,6.176626371555772,171.17192357470643,0.09205299225288936,0.024183205767439528,7.47706796367172,209.86128458610403,0.06792963724353918,0.019455133639283223,55.65285586258567,1.0,1.0,0.9615889686999339,1.0,9.0,0.08964065675195435,1.0,0.09506841162905813,1.0,,
australian,gain_path_refined,Legacy gain-path refined,budget_50,seed_0,0.1,2,5.909806747109166,154.4556126752781,0.1586016090151676,0.03669170111364657,7.47706796367172,209.86128458610403,0.06792963724353918,0.019455133639283223,55.65285586258567,1.0,1.0,0.9104402671082151,0.7692307692307693,13.0,0.08964065675195435,1.0,0.09506841162905813,1.0,0.30833599673029366,1.0
australian,gain_path_refined,Legacy gain-path refined,budget_50,seed_0,1.0,0,6.1659239136429225,171.52909341324886,0.08912664954139397,0.02318961341723698,7.35124266689011,204.02598951598392,0.06796440584073145,0.019053337642121332,55.16541470118885,1.0,1.0,0.9623020366036226,1.0,5.0,0.08912664954139397,1.0,,,,
australian,gain_path_refined,Legacy gain-path refined,budget_50,seed_0,1.0,1,6.03422182994879,164.7882955309336,0.09147800995257868,0.023643631567320664,7.35124266689011,204.02598951598392,0.06796440584073145,0.019053337642121332,55.16541470118885,1.0,1.0,0.9615862859349716,1.0,9.0,0.08912664954139397,1.0,0.0944172104665596,1.0,,
australian,gain_path_refined,Legacy gain-path refined,budget_50,seed_0,1.0,2,5.736780125400106,148.87703747419908,0.15730048573581654,0.03638388348370928,7.35124266689011,204.02598951598392,0.06796440584073145,0.019053337642121332,55.16541470118885,1.0,1.0,0.9052593536663103,0.8461538461538461,13.0,0.08912664954139397,1.0,0.0944172104665596,1.0,0.3054010562481017,1.0
australian,gain_path_refined,Legacy gain-path refined,budget_50,seed_0,10.0,0,5.029589379708645,138.07130910277402,0.08469944098966062,0.022226416889529206,6.28835875471332,160.12523646543258,0.06820993442567633,0.017368811649011908,49.92026476725809,1.0,1.0,0.9624255282054428,1.0,5.0,0.08469944098966062,1.0,,,,
australian,gain_path_refined,Legacy gain-path refined,budget_50,seed_0,10.0,1,4.889726115819237,133.8100098457015,0.08653160838565888,0.022822612923092636,6.28835875471332,160.12523646543258,0.06820993442567633,0.017368811649011908,49.92026476725809,1.0,1.0,0.9610599215774402,1.0,9.0,0.08469944098966062,1.0,0.08882181763065669,1.0,,
australian,gain_path_refined,Legacy gain-path refined,budget_50,seed_0,10.0,2,4.579442439647713,125.44259015385389,0.16298177191027519,0.0449079449296052,6.28835875471332,160.12523646543258,0.06820993442567633,0.017368811649011908,49.92026476725809,1.0,1.0,0.8710070584182945,0.7692307692307693,13.0,0.08469944098966062,1.0,0.08882181763065669,1.0,0.3349946398406619,1.0
australian,gain_path_refined,Legacy gain-path refined,budget_50,seed_1,0.1,0,6.666725355567631,177.63739609418317,0.08483264941332239,0.02073241369187808,7.192418820501384,218.95922505906455,0.06534358170262498,0.018084167850595793,55.65285586258567,1.0,1.0,0.9462388740830443,1.0,5.0,0.08483264941332239,1.0,,,,
australian,gain_path_refined,Legacy gain-path refined,budget_50,seed_1,0.1,1,6.667444964018848,147.65356479113095,0.2657764731055177,0.03772816310888507,7.192418820501384,218.95922505906455,0.06534358170262498,0.018084167850595793,55.65285586258567,1.0,1.0,0.7402093455116077,0.8181818181818182,11.0,0.08483264941332239,1.0,0.4165629928490137,0.6666666666666666,,
australian,gain_path_refined,Legacy gain-path refined,budget_50,seed_1,0.1,2,6.442401962693138,137.2234260182301,0.36846431610785546,0.05531805174130418,7.192418820501384,218.95922505906455,0.06534358170262498,0.018084167850595793,55.65285586258567,1.0,1.0,0.6825133935825284,0.631578947368421,19.0,0.08483264941332239,1.0,0.4165629928490137,0.6666666666666666,0.50966010023607,0.75
australian,gain_path_refined,Legacy gain-path refined,budget_50,seed_1,1.0,0,6.330017193719878,166.48699838220438,0.08142253871579105,0.019784176916557247,6.880906294209494,201.77682533473552,0.0636160074048455,0.016958965823524075,55.16541470118885,1.0,1.0,0.9490523184879602,1.0,5.0,0.08142253871579105,1.0,,,,
australian,gain_path_refined,Legacy gain-path refined,budget_50,seed_1,1.0,1,6.254371812325087,142.50334967434677,0.2634705177805909,0.044693773754572626,6.880906294209494,201.77682533473552,0.0636160074048455,0.016958965823524075,55.16541470118885,1.0,1.0,0.826572059358411,0.8181818181818182,11.0,0.08142253871579105,1.0,0.4151771670012574,0.6666666666666666,,
australian,gain_path_refined,Legacy gain-path refined,budget_50,seed_1,1.0,2,6.046748973182194,131.62756793775023,0.3714155583153234,0.06364418731679171,6.880906294209494,201.77682533473552,0.0636160074048455,0.016958965823524075,55.16541470118885,1.0,1.0,0.7687877569906912,0.631578947368421,19.0,0.08142253871579105,1.0,0.4151771670012574,0.6666666666666666,0.5198399890505806,0.75
australian,gain_path_refined,Legacy gain-path refined,budget_50,seed_1,10.0,0,4.443224457095111,123.85782476382614,0.06514130184903473,0.017545130315628255,4.9030546317385735,146.58717339235068,0.053183517029101714,0.014722533003342544,49.92026476725809,1.0,1.0,0.9563547273090902,1.0,5.0,0.06514130184903473,1.0,,,,
australian,gain_path_refined,Legacy gain-path refined,budget_50,seed_1,10.0,1,4.370212971908369,118.44473526180323,0.23430988947231743,0.06988749671692722,4.9030546317385735,146.58717339235068,0.053183517029101714,0.014722533003342544,49.92026476725809,1.0,1.0,0.9126425896316049,0.8181818181818182,11.0,0.06514130184903473,1.0,0.3752837124917197,0.6666666666666666,,
australian,gain_path_refined,Legacy gain-path refined,budget_50,seed_1,10.0,2,4.326787278772776,105.72778545208041,0.313885459006188,0.07417787300644825,4.9030546317385735,146.58717339235068,0.053183517029101714,0.014722533003342544,49.92026476725809,1.0,1.0,0.8455182108761544,0.6842105263157895,19.0,0.06514130184903473,1.0,0.3752837124917197,0.6666666666666666,0.42330186711526,0.75
australian,gain_path_refined,Legacy gain-path refined,budget_50,seed_2,0.1,0,8.302485659785324,189.97788897799373,0.11074504967183026,0.023313894599733327,9.969070038070452,239.7352305349804,0.09056963433150535,0.020355231706447943,55.65285586258567,1.0,1.0,0.9616249204708979,1.0,5.0,0.11074504967183026,1.0,,,,
australian,gain_path_refined,Legacy gain-path refined,budget_50,seed_2,0.1,1,8.117309617753643,181.625138376697,0.1129867624874219,0.023742407672315415,9.969070038070452,239.7352305349804,0.09056963433150535,0.020355231706447943,55.65285586258567,1.0,1.0,0.9604346824570565,1.0,9.0,0.11074504967183026,1.0,0.11578890350691148,1.0,,
australian,gain_path_refined,Legacy gain-path refined,budget_50,seed_2,0.1,2,9.33615439077182,196.32666601295875,0.15286158966625504,0.02952876139531051,9.969070038070452,239.7352305349804,0.09056963433150535,0.020355231706447943,55.65285586258567,1.0,1.0,0.9418479878078986,0.8181818181818182,11.0,0.11074504967183026,1.0,0.11578890350691148,1.0,0.3322983119710041,1.0
australian,gain_path_refined,Legacy gain-path refined,budget_50,seed_2,1.0,0,7.666901462738835,179.6816199995505,0.10435437118407372,0.022512098024997495,9.110301179135853,223.49231598249338,0.084227420414081,0.019131966241285176,55.16541470118885,1.0,1.0,0.962235394968187,1.0,5.0,0.10435437118407372,1.0,,,,
australian,gain_path_refined,Legacy gain-path refined,budget_50,seed_2,1.0,1,7.402824711874493,172.1311923393822,0.10547415550943087,0.02298951174386315,9.110301179135853,223.49231598249338,0.084227420414081,0.019131966241285176,55.16541470118885,1.0,1.0,0.9608797392234943,1.0,9.0,0.10435437118407372,1.0,0.10687388591612729,1.0,,
australian,gain_path_refined,Legacy gain-path refined,budget_50,seed_2,1.0,2,8.637962369676638,185.64760610112805,0.14643524941458932,0.028633867850121633,9.110301179135853,223.49231598249338,0.084227420414081,0.019131966241285176,55.16541470118885,1.0,1.0,0.9429296027462627,0.8181818181818182,11.0,0.10435437118407372,1.0,0.10687388591612729,1.0,0.3307601719878023,1.0
australian,gain_path_refined,Legacy gain-path refined,budget_50,seed_2,10.0,0,6.025649607625253,141.5837282838143,0.09579380212326338,0.021345497077829022,7.2973915878904805,164.53035866532107,0.07915493073855069,0.01699679619398436,49.92026476725809,1.0,1.0,0.9653074139221085,1.0,5.0,0.09579380212326338,1.0,,,,
australian,gain_path_refined,Legacy gain-path refined,budget_50,seed_2,10.0,1,5.884344943151338,136.91463788114712,0.09764256561045367,0.021942052236272023,7.2973915878904805,164.53035866532107,0.07915493073855069,0.01699679619398436,49.92026476725809,1.0,1.0,0.9627125895650054,1.0,9.0,0.09579380212326338,1.0,0.09995351996944155,1.0,,
australian,gain_path_refined,Legacy gain-path refined,budget_50,seed_2,10.0,2,6.648502252777174,143.04977876470664,0.13829173415762794,0.027343065140050173,7.2973915878904805,164.53035866532107,0.07915493073855069,0.01699679619398436,49.92026476725809,1.0,1.0,0.9459175760172513,0.8181818181818182,11.0,0.09579380212326338,1.0,0.09995351996944155,1.0,0.321212992619912,1.0
australian,random,Random,budget_50,seed_0,0.1,0,13.084144570107668,352.87711250794507,0.18147190391854218,0.046252062559784805,16.58700139583702,443.2700102195938,0.15069396095524865,0.04109322643343654,55.65285586258567,1.0,1.0,0.8396464702588327,0.8,5.0,0.18147190391854218,1.0,,,,
australian,random,Random,budget_50,seed_0,0.1,1,12.665634537253126,342.3138290181478,0.18389681189137624,0.04704262949066979,16.58700139583702,443.2700102195938,0.15069396095524865,0.04109322643343654,55.65285586258567,1.0,1.0,0.8309562872601227,0.7777777777777778,9.0,0.18147190391854218,1.0,0.18692794685741881,1.0,,
australian,random,Random,budget_50,seed_0,0.1,2,10.935315063904076,290.2648934198156,0.2532065482326633,0.06128095393051366,16.58700139583702,443.2700102195938,0.15069396095524865,0.04109322643343654,55.65285586258567,1.0,1.0,0.7615874970392047,0.6153846153846154,13.0,0.18147190391854218,1.0,0.18692794685741881,1.0,0.40915345500055916,0.5
australian,random,Random,budget_50,seed_0,1.0,0,12.839365375364622,334.4874262174709,0.18051209292605885,0.04464300683535115,16.45112171168438,420.3536651429209,0.15209547055004047,0.03925549058760391,55.16541470118885,1.0,1.0,0.8478337989169727,0.8,5.0,0.18051209292605885,1.0,,,,
australian,random,Random,budget_50,seed_0,1.0,1,12.434710100532408,324.4741388265817,0.18355324532690273,0.045509659539402565,16.45112171168438,420.3536651429209,0.15209547055004047,0.03925549058760391,55.16541470118885,1.0,1.0,0.8394301477230219,0.7777777777777778,9.0,0.18051209292605885,1.0,0.18735468582795756,1.0,,
australian,random,Random,budget_50,seed_0,1.0,2,10.666418362658103,273.9410382118059,0.2517559792127616,0.05897804556294529,16.45112171168438,420.3536651429209,0.15209547055004047,0.03925549058760391,55.16541470118885,1.0,1.0,0.7654053943303573,0.6153846153846154,13.0,0.18051209292605885,1.0,0.18735468582795756,1.0,0.4052121304559442,0.5
australian,random,Random,budget_50,seed_0,10.0,0,11.426386833123269,244.70393552413015,0.18870994324963636,0.038622324139941246,15.001642572960975,310.63880484717924,0.16272307228211758,0.03369504402530312,49.92026476725809,1.0,1.0,0.8694146616763161,0.8,5.0,0.18870994324963636,1.0,,,,
australian,random,Random,budget_50,seed_0,10.0,1,11.029136195363524,236.61169956972708,0.19159737335713845,0.039315427613227184,15.001642572960975,310.63880484717924,0.16272307228211758,0.03369504402530312,49.92026476725809,1.0,1.0,0.8640701939409928,0.7777777777777778,9.0,0.18870994324963636,1.0,0.19520666099151604,1.0,,
australian,random,Random,budget_50,seed_0,10.0,2,9.037478836154683,196.26459760412138,0.25284114735385005,0.05234605534798797,15.001642572960975,310.63880484717924,0.16272307228211758,0.03369504402530312,49.92026476725809,1.0,1.0,0.7898641997184016,0.6153846153846154,13.0,0.18870994324963636,1.0,0.19520666099151604,1.0,0.3906396388464511,0.5
australian,random,Random,budget_50,seed_1,0.1,0,23.618315646535088,669.4875691000061,0.28582679442931225,0.07587822723640748,30.20413547176539,841.4886298688957,0.2744064887226454,0.06949979669873244,55.65285586258567,0.0,1.0,0.8968329159543792,0.2,5.0,0.28582679442931225,1.0,,,,
australian,random,Random,budget_50,seed_1,0.1,1,17.638998937809742,476.72663474498586,0.34951672624591557,0.07824619131872207,30.20413547176539,841.4886298688957,0.2744064887226454,0.06949979669873244,55.65285586258567,0.0,1.0,0.8104000338160433,0.36363636363636365,11.0,0.28582679442931225,1.0,0.4025916694264183,0.6666666666666666,,
australian,random,Random,budget_50,seed_1,0.1,2,15.194849680210893,389.25306362308754,0.46843299239556313,0.09648215975029145,30.20413547176539,841.4886298688957,0.2744064887226454,0.06949979669873244,55.65285586258567,0.0,1.0,0.6797073009310917,0.2631578947368421,19.0,0.28582679442931225,1.0,0.4025916694264183,0.6666666666666666,0.6319428583513285,0.625
australian,random,Random,budget_50,seed_1,1.0,0,23.180958835241924,648.843788812235,0.2857156619212207,0.07467658667041863,29.6372881974968,809.3774556814242,0.2740054674219481,0.06802666553238312,55.16541470118885,0.0,1.0,0.8978699502880627,0.2,5.0,0.2857156619212207,1.0,,,,
australian,random,Random,budget_50,seed_1,1.0,1,17.239475472588584,463.0233998229669,0.3545669446753948,0.08188080882478618,29.6372881974968,809.3774556814242,0.2740054674219481,0.06802666553238312,55.16541470118885,0.0,1.0,0.8441138760490287,0.36363636363636365,11.0,0.2857156619212207,1.0,0.41194301363720665,0.6666666666666666,,
australian,random,Random,budget_50,seed_1,1.0,2,14.717792230043694,376.7599348250896,0.4697364296329405,0.1050967217804702,29.6372881974968,809.3774556814242,0.2740054674219481,0.06802666553238312,55.16541470118885,0.0,1.0,0.752287170809322,0.2631578947368421,19.0,0.2857156619212207,1.0,0.41194301363720665,0.6666666666666666,0.6280944714495658,0.625
australian,random,Random,budget_50,seed_1,10.0,0,19.574683811053447,510.59769292817884,0.2849234179239132,0.0691533118778778,24.97861479670788,641.1142005949628,0.2709434597780589,0.06439052448270657,49.92026476725809,0.0,1.0,0.9084322380168148,0.4,5.0,0.2849234179239132,1.0,,,,
australian,random,Random,budget_50,seed_1,10.0,1,14.38771586135058,372.7685814874014,0.3701058117205557,0.10210266224531667,24.97861479670788,641.1142005949628,0.2709434597780589,0.06439052448270657,49.92026476725809,0.0,1.0,0.8658134508288087,0.45454545454545453,11.0,0.2849234179239132,1.0,0.44109113988442444,0.6666666666666666,,
australian,random,Random,budget_50,seed_1,10.0,2,11.983594888077715,298.5724053212786,0.44355196744487063,0.11175177738814664,24.97861479670788,641.1142005949628,0.2709434597780589,0.06439052448270657,49.92026476725809,0.0,1.0,0.7899253122793615,0.3157894736842105,19.0,0.2849234179239132,1.0,0.44109113988442444,0.6666666666666666,0.5445404315658038,0.625
australian,random,Random,budget_50,seed_2,0.1,0,19.72808454832461,544.706322860439,0.25464275924901913,0.06653408673528469,25.10559013603649,699.2233757094583,0.22808588059007912,0.059369053915727985,55.65285586258567,1.0,1.0,0.7758398433747086,0.6,5.0,0.25464275924901913,1.0,,,,
australian,random,Random,budget_50,seed_2,0.1,1,19.130583927467733,524.6826663497143,0.2575935235444569,0.06804633508272692,25.10559013603649,699.2233757094583,0.22808588059007912,0.059369053915727985,55.65285586258567,1.0,1.0,0.7695361263663614,0.5555555555555556,9.0,0.25464275924901913,1.0,0.2612819789137541,1.0,,
australian,random,Random,budget_50,seed_2,0.1,2,18.19972050471179,502.27270171301643,0.26334638942033506,0.06979181158100212,25.10559013603649,699.2233757094583,0.22808588059007912,0.059369053915727985,55.65285586258567,1.0,1.0,0.7616408556754215,0.5454545454545454,11.0,0.25464275924901913,1.0,0.2612819789137541,1.0,0.2892342858617867,1.0
australian,random,Random,budget_50,seed_2,1.0,0,19.413248553288575,521.6505656374131,0.25534536893681775,0.06490929849899288,24.67956697413338,665.1703030757769,0.22816987301455752,0.05694162560894508,55.16541470118885,1.0,1.0,0.7811266918551837,0.6,5.0,0.25534536893681775,1.0,,,,
australian,random,Random,budget_50,seed_2,1.0,1,18.8281020620836,502.860062156901,0.2583648684837356,0.06650154034382684,24.67956697413338,665.1703030757769,0.22816987301455752,0.05694162560894508,55.16541470118885,1.0,1.0,0.7735734594851374,0.5555555555555556,9.0,0.25534536893681775,1.0,0.26213924291738283,1.0,,
australian,random,Random,budget_50,seed_2,1.0,2,17.857931550934214,481.3315700465935,0.2638536968587448,0.06838231062303973,24.67956697413338,665.1703030757769,0.22816987301455752,0.05694162560894508,55.16541470118885,1.0,1.0,0.7632966882411968,0.5454545454545454,11.0,0.25534536893681775,1.0,0.26213924291738283,1.0,0.2885534245462867,1.0
australian,random,Random,budget_50,seed_2,10.0,0,16.739249589880252,397.48741303605254,0.2612534526854076,0.059194800259536065,21.093135900763627,493.09681697746424,0.2287976040719003,0.05093932919162164,49.92026476725809,1.0,1.0,0.8064232737893743,0.6,5.0,0.2612534526854076,1.0,,,,
australian,random,Random,budget_50,seed_2,10.0,1,16.255484444226546,383.2098106670656,0.2648596580869084,0.06054454277828655,21.093135900763627,493.09681697746424,0.2287976040719003,0.05093932919162164,49.92026476725809,1.0,1.0,0.8008215188038895,0.5555555555555556,9.0,0.2612534526854076,1.0,0.26936741483878446,1.0,,
australian,random,Random,budget_50,seed_2,10.0,2,15.078774096525173,365.2958240667138,0.26761173294939933,0.06362275107678116,21.093135900763627,493.09681697746424,0.2287976040719003,0.05093932919162164,49.92026476725809,1.0,1.0,0.7737005950420446,0.5454545454545454,11.0,0.2612534526854076,1.0,0.26936741483878446,1.0,0.27999606983060843,1.0
bank_marketing,histdistill_refined,HistDistill-Refined,budget_50,seed_0,0.1,0,1029.2576881124328,21190.046384061134,2.6825182543053474,0.5137857342394734,291.0019559783607,4944.173014765158,0.3968950436567015,0.06546907465932306,15.691083912673093,0.0,0.0,0.8953189876423944,0.0,5.0,2.6825182543053474,0.0,,,,
bank_marketing,histdistill_refined,HistDistill-Refined,budget_50,seed_0,0.1,1,782.9286678866212,16567.091723253747,5.546481067490763,1.1218172058561338,291.0019559783607,4944.173014765158,0.3968950436567015,0.06546907465932306,15.691083912673093,0.0,0.0,0.599925388341051,0.0,12.0,2.6825182543053474,0.0,7.592168791194632,0.0,,
bank_marketing,histdistill_refined,HistDistill-Refined,budget_50,seed_0,0.1,2,598.6268372043374,12035.554761760994,5.828722671142347,1.1530300817719736,291.0019559783607,4944.173014765158,0.3968950436567015,0.06546907465932306,15.691083912673093,0.0,0.0,0.4635818694171871,0.0,24.0,2.6825182543053474,0.0,7.592168791194632,0.0,6.110964274793932,0.0
bank_marketing,histdistill_refined,HistDistill-Refined,budget_50,seed_0,1.0,0,1027.2395088972369,20978.807989564306,2.683112830916933,0.5090917848004843,290.5401544296144,4906.642365255812,0.39832561013736917,0.06530993426469445,14.812141201714098,0.0,0.0,0.8981317423871642,0.0,5.0,2.683112830916933,0.0,,,,
bank_marketing,histdistill_refined,HistDistill-Refined,budget_50,seed_0,1.0,1,778.9428584378126,16439.38166207041,5.521395653080416,1.129441019976266,290.5401544296144,4906.642365255812,0.39832561013736917,0.06530993426469445,14.812141201714098,0.0,0.0,0.5930887618068215,0.0,12.0,2.683112830916933,0.0,7.548740526054333,0.0,,
bank_marketing,histdistill_refined,HistDistill-Refined,budget_50,seed_0,1.0,2,594.4220139242412,11913.470550103439,5.871649529421485,1.1660715654922622,290.5401544296144,4906.642365255812,0.39832561013736917,0.06530993426469445,14.812141201714098,0.0,0.0,0.44209019213080764,0.0,24.0,2.683112830916933,0.0,7.548740526054333,0.0,6.221903405762551,0.0
bank_marketing,histdistill_refined,HistDistill-Refined,budget_50,seed_0,10.0,0,1007.378265491136,19490.42960752537,2.6884602785555587,0.48198593876064316,286.00413907402196,4591.960217622799,0.41227428760618,0.0642650461560426,6.881570638407993,0.0,0.0,0.9071768850475177,0.0,5.0,2.6884602785555587,0.0,,,,
bank_marketing,histdistill_refined,HistDistill-Refined,budget_50,seed_0,10.0,1,755.7140974652021,15654.338126994859,5.6838616220971625,1.2360026952212662,286.00413907402196,4591.960217622799,0.41227428760618,0.0642650461560426,6.881570638407993,0.0,0.0,0.6567394358842251,0.0,12.0,2.6884602785555587,0.0,7.823434010341166,0.0,,
bank_marketing,histdistill_refined,HistDistill-Refined,budget_50,seed_0,10.0,2,568.0084992081477,11479.452747509213,5.953755112386347,1.2804114763578018,286.00413907402196,4591.960217622799,0.41227428760618,0.0642650461560426,6.881570638407993,0.0,0.0,0.51010643540264,0.0,24.0,2.6884602785555587,0.0,7.823434010341166,0.0,6.2236486026755315,0.0
bank_marketing,histdistill_refined,HistDistill-Refined,budget_50,seed_1,0.1,0,1281.1442457849994,26662.080716594595,3.659385612492534,0.6810074019452507,444.9801782481709,8058.0790436610905,0.6069046054292074,0.10176244549280125,15.691083912673093,0.0,0.0,0.860598375513087,0.0,5.0,3.659385612492534,0.0,,,,
bank_marketing,histdistill_refined,HistDistill-Refined,budget_50,seed_1,0.1,1,872.6035340213389,19307.823934129046,8.804489546906751,1.855292447558213,444.9801782481709,8058.0790436610905,0.6069046054292074,0.10176244549280125,15.691083912673093,0.0,0.0,0.6447743513707215,0.0,12.0,3.659385612492534,0.0,12.479563785774047,0.0,,
bank_marketing,histdistill_refined,HistDistill-Refined,budget_50,seed_1,0.1,2,611.2729877638931,13574.441395113097,9.744431138564874,1.9346757051583068,444.9801782481709,8058.0790436610905,0.6069046054292074,0.10176244549280125,15.691083912673093,0.0,0.0,0.5022725553039726,0.0,25.0,3.659385612492534,0.0,12.479563785774047,0.0,10.612069530864684,0.07692307692307693
bank_marketing,histdistill_refined,HistDistill-Refined,budget_50,seed_1,1.0,0,1279.1746769753988,26484.63342281756,3.661968579804379,0.6776919539573243,444.04248412634036,8015.273477069826,0.6087746933423847,0.10174818158445087,14.812141201714098,0.0,0.0,0.8596650727374996,0.0,5.0,3.661968579804379,0.0,,,,
bank_marketing,histdistill_refined,HistDistill-Refined,budget_50,seed_1,1.0,1,870.9893335639986,19149.582624090923,8.902172794844434,1.8680869716034263,444.04248412634036,8015.273477069826,0.6087746933423847,0.10174818158445087,14.812141201714098,0.0,0.0,0.6017980483567457,0.0,12.0,3.661968579804379,0.0,12.64517580558733,0.0,,
bank_marketing,histdistill_refined,HistDistill-Refined,budget_50,seed_1,1.0,2,609.1654078959003,13415.523606993742,10.080750128973722,1.960856923345153,444.04248412634036,8015.273477069826,0.6087746933423847,0.10174818158445087,14.812141201714098,0.0,0.0,0.447788638058236,0.0,25.0,3.661968579804379,0.0,12.64517580558733,0.0,11.16866766816999,0.07692307692307693
bank_marketing,histdistill_refined,HistDistill-Refined,budget_50,seed_1,10.0,0,1259.795887567613,25113.18976926995,3.6871139897357943,0.6568694072057816,434.89463787930305,7654.575481114679,0.6268995882225081,0.10216715173027376,6.881570638407993,0.0,0.0,0.8561402916006455,0.0,5.0,3.6871139897357943,0.0,,,,
bank_marketing,histdistill_refined,HistDistill-Refined,budget_50,seed_1,10.0,1,854.6975260974035,18785.06372392832,9.469624590457656,2.0181423009709736,434.89463787930305,7654.575481114679,0.6268995882225081,0.10216715173027376,6.881570638407993,0.0,0.0,0.6637351221331977,0.0,12.0,3.6871139897357943,0.0,13.599989305258985,0.0,,
bank_marketing,histdistill_refined,HistDistill-Refined,budget_50,seed_1,10.0,2,591.9452522738468,13295.421763381644,10.388313807773686,2.180705133938673,434.89463787930305,7654.575481114679,0.6268995882225081,0.10216715173027376,6.881570638407993,0.0,0.0,0.5252084077319278,0.0,25.0,3.6871139897357943,0.0,13.599989305258985,0.0,11.236334623757715,0.07692307692307693
bank_marketing,histdistill_refined,HistDistill-Refined,budget_50,seed_2,0.1,0,1087.5561789754588,25855.261636147385,3.177745092537413,0.662298426638484,384.9928380452692,9111.634479104918,0.5250883924466029,0.1206531964394285,15.691083912673093,0.0,0.0,0.7344859404426743,0.0,5.0,3.177745092537413,0.0,,,,
bank_marketing,histdistill_refined,HistDistill-Refined,budget_50,seed_2,0.1,1,840.0728955017075,20155.567666933985,13.012296593982768,2.5694869219638345,384.9928380452692,9111.634479104918,0.5250883924466029,0.1206531964394285,15.691083912673093,0.0,0.0,0.5524801100049462,0.0,12.0,3.177745092537413,0.0,20.036976237872306,0.14285714285714285,,
bank_marketing,histdistill_refined,HistDistill-Refined,budget_50,seed_2,0.1,2,623.7092887229793,14330.54492646599,20.08504908494697,3.4365964959272266,384.9928380452692,9111.634479104918,0.5250883924466029,0.1206531964394285,15.691083912673093,0.0,0.0,0.447554886556528,0.0,24.0,3.177745092537413,0.0,20.036976237872306,0.14285714285714285,27.15780157591118,0.08333333333333333
bank_marketing,histdistill_refined,HistDistill-Refined,budget_50,seed_2,1.0,0,1085.8904708793007,25666.657005830763,3.180116751563226,0.6586527791790471,384.11606366124846,9061.187412951542,0.5266165901295325,0.12060906629152472,14.812141201714098,0.0,0.0,0.7340774070102286,0.0,5.0,3.180116751563226,0.0,,,,
bank_marketing,histdistill_refined,HistDistill-Refined,budget_50,seed_2,1.0,1,834.4808672223276,19974.17248696132,13.056769109564508,2.552919470605847,384.11606366124846,9061.187412951542,0.5266165901295325,0.12060906629152472,14.812141201714098,0.0,0.0,0.5055809028965127,0.0,12.0,3.180116751563226,0.0,20.111520793851135,0.14285714285714285,,
bank_marketing,histdistill_refined,HistDistill-Refined,budget_50,seed_2,1.0,2,618.7087440235324,14106.011925721934,21.248649612743574,3.5148017410351677,384.11606366124846,9061.187412951542,0.5266165901295325,0.12060906629152472,14.812141201714098,0.0,0.0,0.39555008848779244,0.0,24.0,3.180116751563226,0.0,20.111520793851135,0.14285714285714285,29.440530115922645,0.08333333333333333
bank_marketing,histdistill_refined,HistDistill-Refined,budget_50,seed_2,10.0,0,1069.4931961094007,24185.830748517583,3.2031842293382224,0.6328103384834878,375.5756034163678,8631.11296178802,0.5413913408458378,0.12079348395454417,6.881570638407993,0.0,0.0,0.7340327661018005,0.0,5.0,3.2031842293382224,0.0,,,,
bank_marketing,histdistill_refined,HistDistill-Refined,budget_50,seed_2,10.0,1,812.0622826097183,19310.54595838521,13.63070014336663,2.6298477443630586,375.5756034163678,8631.11296178802,0.5413913408458378,0.12079348395454417,6.881570638407993,0.0,0.0,0.5248913085845303,0.0,12.0,3.2031842293382224,0.0,21.07892579624406,0.14285714285714285,,
bank_marketing,histdistill_refined,HistDistill-Refined,budget_50,seed_2,10.0,2,589.3267730063911,13520.024437191243,18.182219884969626,3.171841500573361,375.5756034163678,8631.11296178802,0.5413913408458378,0.12079348395454417,6.881570638407993,0.0,0.0,0.4093511522975824,0.0,24.0,3.2031842293382224,0.0,21.07892579624406,0.14285714285714285,22.733739626572625,0.08333333333333333
bank_marketing,histdistill_density,HistDistill-Density,budget_50,seed_0,0.1,0,818.3097417501375,17638.89610408591,2.091191936901628,0.4234512044940586,329.63275260619173,4500.32212932069,0.44958325210034605,0.059591750651851856,15.691083912673093,0.0,0.0,0.874405220306642,0.0,5.0,2.091191936901628,0.0,,,,
bank_marketing,histdistill_density,HistDistill-Density,budget_50,seed_0,0.1,1,622.9455320864673,14382.964900383644,4.631770186670953,1.1505102502647664,329.63275260619173,4500.32212932069,0.44958325210034605,0.059591750651851856,15.691083912673093,0.0,0.0,0.5999443699104325,0.0,12.0,2.091191936901628,0.0,6.446468936506186,0.0,,
bank_marketing,histdistill_density,HistDistill-Density,budget_50,seed_0,0.1,2,486.94959049468883,10835.232048298256,5.0331676110462,1.2155753247916357,329.63275260619173,4500.32212932069,0.44958325210034605,0.059591750651851856,15.691083912673093,0.0,0.0,0.45600452535062974,0.0,24.0,2.091191936901628,0.0,6.446468936506186,0.0,5.434565035421447,0.0
bank_marketing,histdistill_density,HistDistill-Density,budget_50,seed_0,1.0,0,814.9074119569283,17437.53205559096,2.0896649283606004,0.418934340926986,324.50338530013363,4459.094177424796,0.4448886220050223,0.059352837628815436,14.812141201714098,0.0,0.0,0.8762374904711789,0.0,5.0,2.0896649283606004,0.0,,,,
bank_marketing,histdistill_density,HistDistill-Density,budget_50,seed_0,1.0,1,619.1499375451637,14257.093093837402,4.620041914296393,1.1584204640201838,324.50338530013363,4459.094177424796,0.4448886220050223,0.059352837628815436,14.812141201714098,0.0,0.0,0.583425504071085,0.0,12.0,2.0896649283606004,0.0,6.427454047107673,0.0,,
bank_marketing,histdistill_density,HistDistill-Density,budget_50,seed_0,1.0,2,483.0088797537988,10713.258983491205,5.101304354630822,1.2310365479654557,324.50338530013363,4459.094177424796,0.4448886220050223,0.059352837628815436,14.812141201714098,0.0,0.0,0.4316454675297989,0.0,24.0,2.0896649283606004,0.0,6.427454047107673,0.0,5.58256679496525,0.0
bank_marketing,histdistill_density,HistDistill-Density,budget_50,seed_0,10.0,0,783.7402995517139,15966.100623534081,2.0763572197202844,0.39009222079351613,279.7475933540245,4110.260398392864,0.40325549180155057,0.05752359813622616,6.881570638407993,0.0,0.0,0.8860920748913811,0.0,5.0,2.0763572197202844,0.0,,,,
bank_marketing,histdistill_density,HistDistill-Density,budget_50,seed_0,10.0,1,598.2830019832651,13387.432889182042,5.035073267020153,1.2473898670155228,279.7475933540245,4110.260398392864,0.40325549180155057,0.05752359813622616,6.881570638407993,0.0,0.0,0.6426310998981473,0.0,12.0,2.0763572197202844,0.0,7.148441872234345,0.0,,
bank_marketing,histdistill_density,HistDistill-Density,budget_50,seed_0,10.0,2,459.7175895754979,10147.610716462194,5.405360980118114,1.3257831234797357,279.7475933540245,4110.260398392864,0.40325549180155057,0.05752359813622616,6.881570638407993,0.0,0.0,0.4856550261468886,0.0,24.0,2.0763572197202844,0.0,7.148441872234345,0.0,5.775648693216073,0.0
bank_marketing,histdistill_density,HistDistill-Density,budget_50,seed_1,0.1,0,745.3209324065062,16126.823744007957,1.9925040611303513,0.4027400654142954,292.41195157312865,3977.5102168252624,0.39881812441834,0.05023047855991774,15.691083912673093,0.0,0.0,0.8523640022319572,0.0,5.0,1.9925040611303513,0.0,,,,
bank_marketing,histdistill_density,HistDistill-Density,budget_50,seed_1,0.1,1,525.3307049146205,12569.735337504082,5.990949004161773,1.3648376519533976,292.41195157312865,3977.5102168252624,0.39881812441834,0.05023047855991774,15.691083912673093,0.0,0.0,0.6273249621050924,0.0,12.0,1.9925040611303513,0.0,8.846981106327073,0.0,,
bank_marketing,histdistill_density,HistDistill-Density,budget_50,seed_1,0.1,2,401.0260755778662,9302.526679744135,7.495454024841949,1.4965389186657876,292.41195157312865,3977.5102168252624,0.39881812441834,0.05023047855991774,15.691083912673093,0.0,0.0,0.48282153102968495,0.0,25.0,1.9925040611303513,0.0,8.846981106327073,0.0,8.884227890085183,0.07692307692307693
bank_marketing,histdistill_density,HistDistill-Density,budget_50,seed_1,1.0,0,742.2470552990353,15969.62679221892,1.9913393986780754,0.3993339523132514,287.3814644958431,3937.6300404312783,0.3939950999620226,0.049985405677343935,14.812141201714098,0.0,0.0,0.8517229253873302,0.0,5.0,1.9913393986780754,0.0,,,,
bank_marketing,histdistill_density,HistDistill-Density,budget_50,seed_1,1.0,1,521.7149322688124,12440.75070509919,6.02904923607295,1.3758798915828223,287.3814644958431,3937.6300404312783,0.3939950999620226,0.049985405677343935,14.812141201714098,0.0,0.0,0.5805016945420648,0.0,12.0,1.9913393986780754,0.0,8.913127691355003,0.0,,
bank_marketing,histdistill_density,HistDistill-Density,budget_50,seed_1,1.0,2,397.7375467726093,9165.695956987749,7.782990378099875,1.521536432167221,287.3814644958431,3937.6300404312783,0.3939950999620226,0.049985405677343935,14.812141201714098,0.0,0.0,0.43440082594181384,0.0,25.0,1.9913393986780754,0.0,8.913127691355003,0.0,9.40201297074011,0.07692307692307693
bank_marketing,histdistill_density,HistDistill-Density,budget_50,seed_1,10.0,0,714.3073913797186,14955.258423875992,1.981768149410782,0.3846245333141432,243.59981821810186,3604.6119086458802,0.3511485597446902,0.04811147694708558,6.881570638407993,0.0,0.0,0.84838923801611,0.0,5.0,1.981768149410782,0.0,,,,
bank_marketing,histdistill_density,HistDistill-Density,budget_50,seed_1,10.0,1,496.72499118029447,12271.737500146557,6.173786604717056,1.5064099484526616,243.59981821810186,3604.6119086458802,0.3511485597446902,0.04811147694708558,6.881570638407993,0.0,0.0,0.6259401377395494,0.0,12.0,1.981768149410782,0.0,9.168085501364393,0.0,,
bank_marketing,histdistill_density,HistDistill-Density,budget_50,seed_1,10.0,2,373.02817088394187,9162.409937231936,7.576401452206281,1.7051654434751273,243.59981821810186,3604.6119086458802,0.3511485597446902,0.04811147694708558,6.881570638407993,0.0,0.0,0.48015522410647976,0.0,25.0,1.981768149410782,0.0,9.168085501364393,0.0,8.871122849888641,0.07692307692307693
bank_marketing,histdistill_density,HistDistill-Density,budget_50,seed_2,0.1,0,1135.96546233236,25921.310080573814,3.1719376251157625,0.6692524228308097,335.456636859466,8034.007147669478,0.4575263973179911,0.10638361808810841,15.691083912673093,0.0,0.0,0.8074246332157531,0.0,5.0,3.1719376251157625,0.2,,,,
bank_marketing,histdistill_density,HistDistill-Density,budget_50,seed_2,0.1,1,772.2676786670867,18044.550057900622,9.327577462179642,1.929617690388153,335.456636859466,8034.007147669478,0.4575263973179911,0.10638361808810841,15.691083912673093,0.0,0.0,0.6086710945441046,0.0,12.0,3.1719376251157625,0.2,13.724463060082412,0.14285714285714285,,
bank_marketing,histdistill_density,HistDistill-Density,budget_50,seed_2,0.1,2,567.7685710882769,12393.711779418687,15.007221542904498,2.452904301132357,335.456636859466,8034.007147669478,0.4575263973179911,0.10638361808810841,15.691083912673093,0.0,0.0,0.4869062908186684,0.0,24.0,3.1719376251157625,0.2,13.724463060082412,0.14285714285714285,20.686865623629355,0.08333333333333333
bank_marketing,histdistill_density,HistDistill-Density,budget_50,seed_2,1.0,0,1132.0888015993003,25740.77219124847,3.171372581434233,0.6657799649599232,330.48676562112905,7987.52111684435,0.45309173465815406,0.10631801550748764,14.812141201714098,0.0,0.0,0.8072509913245293,0.0,5.0,3.171372581434233,0.2,,,,
bank_marketing,histdistill_density,HistDistill-Density,budget_50,seed_2,1.0,1,767.4619828503465,17891.10690484041,9.349935528650875,1.9144818599302447,330.48676562112905,7987.52111684435,0.45309173465815406,0.10631801550748764,14.812141201714098,0.0,0.0,0.5647496822019439,0.0,12.0,3.171372581434233,0.2,13.763194776662763,0.14285714285714285,,
bank_marketing,histdistill_density,HistDistill-Density,budget_50,seed_2,1.0,2,563.2175782930822,12220.922641478603,15.955520780471753,2.507255603106381,330.48676562112905,7987.52111684435,0.45309173465815406,0.10631801550748764,14.812141201714098,0.0,0.0,0.43237899357578674,0.0,24.0,3.171372581434233,0.2,13.763194776662763,0.14285714285714285,22.561106032292628,0.08333333333333333
bank_marketing,histdistill_density,HistDistill-Density,budget_50,seed_2,10.0,0,1111.7029150627334,24368.346063728477,3.189567522138328,0.6430740648445713,325.9842201128892,7594.454840278267,0.4699054795256451,0.10628532646415775,6.881570638407993,0.0,0.0,0.8069404893480066,0.0,5.0,3.189567522138328,0.2,,,,
bank_marketing,histdistill_density,HistDistill-Density,budget_50,seed_2,10.0,1,752.2186907263466,17682.51671400676,9.877974927950964,2.032840122018845,325.9842201128892,7594.454840278267,0.4699054795256451,0.10628532646415775,6.881570638407993,0.0,0.0,0.5939179582069852,0.0,12.0,3.189567522138328,0.2,14.655408789245701,0.0,,
bank_marketing,histdistill_density,HistDistill-Density,budget_50,seed_2,10.0,2,542.6853680557127,12184.775991642447,13.770096758433949,2.407567468037962,325.9842201128892,7594.454840278267,0.4699054795256451,0.10628532646415775,6.881570638407993,0.0,0.0,0.46523801293390515,0.0,24.0,3.189567522138328,0.2,14.655408789245701,0.0,17.662218588916932,0.0
bank_marketing,gain_path_refined,Legacy gain-path refined,budget_50,seed_0,0.1,0,808.1087429387649,15943.23971924274,1.9929689267996706,0.3656688694646669,360.2795926085246,4907.226772402291,0.4913822113539751,0.06497984495550557,15.691083912673093,0.0,0.0,0.8281309463755913,0.0,5.0,1.9929689267996706,0.0,,,,
bank_marketing,gain_path_refined,Legacy gain-path refined,budget_50,seed_0,0.1,1,661.2923361159088,14330.291185079504,5.987930722571984,1.4077381313281698,360.2795926085246,4907.226772402291,0.4913822113539751,0.06497984495550557,15.691083912673093,0.0,0.0,0.5696406372900892,0.0,12.0,1.9929689267996706,0.0,8.841474862409349,0.0,,
bank_marketing,gain_path_refined,Legacy gain-path refined,budget_50,seed_0,0.1,2,529.4145189703286,11231.451139566381,6.418585886223394,1.5092259881623196,360.2795926085246,4907.226772402291,0.4913822113539751,0.06497984495550557,15.691083912673093,0.0,0.0,0.44343351205159903,0.0,24.0,1.9929689267996706,0.0,8.841474862409349,0.0,6.849241049874808,0.0
bank_marketing,gain_path_refined,Legacy gain-path refined,budget_50,seed_0,1.0,0,804.6581736397229,15731.439400556821,1.9917578934424007,0.3612598304512826,354.8234650698059,4855.647625709391,0.4864569356771148,0.0646311680454148,14.812141201714098,0.0,0.0,0.8300744240169706,0.0,5.0,1.9917578934424007,0.0,,,,
bank_marketing,gain_path_refined,Legacy gain-path refined,budget_50,seed_0,1.0,1,657.2242042999038,14190.560587400332,5.989244217025674,1.416728867159892,354.8234650698059,4855.647625709391,0.4864569356771148,0.0646311680454148,14.812141201714098,0.0,0.0,0.5546287654567891,0.0,12.0,1.9917578934424007,0.0,8.844591591013726,0.0,,
bank_marketing,gain_path_refined,Legacy gain-path refined,budget_50,seed_0,1.0,2,525.6579660052629,11102.43025512628,6.4986991524895314,1.5267492240038727,354.8234650698059,4855.647625709391,0.4864569356771148,0.0646311680454148,14.812141201714098,0.0,0.0,0.41977068925930733,0.0,24.0,1.9917578934424007,0.0,8.844591591013726,0.0,7.008154087953389,0.0
bank_marketing,gain_path_refined,Legacy gain-path refined,budget_50,seed_0,10.0,0,773.0422317590794,14668.324721025667,1.9813099342084908,0.35046241448633914,307.06389860140655,4413.947312689066,0.44263188097675293,0.061773733729590476,6.881570638407993,0.0,0.0,0.8359281106340439,0.0,5.0,1.9813099342084908,0.0,,,,
bank_marketing,gain_path_refined,Legacy gain-path refined,budget_50,seed_0,10.0,1,633.5957772158116,13521.135166342205,6.366877153390457,1.514904666415317,307.06389860140655,4413.947312689066,0.44263188097675293,0.061773733729590476,6.881570638407993,0.0,0.0,0.6057795290975543,0.0,12.0,1.9813099342084908,0.0,9.49942516709186,0.0,,
bank_marketing,gain_path_refined,Legacy gain-path refined,budget_50,seed_0,10.0,2,502.8406125446049,10741.66246544881,6.935139511421113,1.6438075117016064,307.06389860140655,4413.947312689066,0.44263188097675293,0.061773733729590476,6.881570638407993,0.0,0.0,0.46578269908824543,0.0,24.0,1.9813099342084908,0.0,9.49942516709186,0.0,7.503401869451769,0.0
bank_marketing,gain_path_refined,Legacy gain-path refined,budget_50,seed_1,0.1,0,774.4669037515546,16117.059433517032,2.0331527752819,0.3904745894530247,330.0094532599333,4440.492992427243,0.4500970308545459,0.056077313669256224,15.691083912673093,0.0,0.0,0.8401332252767919,0.0,5.0,2.0331527752819,0.0,,,,
bank_marketing,gain_path_refined,Legacy gain-path refined,budget_50,seed_1,0.1,1,602.6476028047026,14928.821257445752,7.812093425846222,1.8725678453455892,330.0094532599333,4440.492992427243,0.4500970308545459,0.056077313669256224,15.691083912673093,0.0,0.0,0.5826333121155524,0.0,12.0,2.0331527752819,0.0,11.939908176249313,0.0,,
bank_marketing,gain_path_refined,Legacy gain-path refined,budget_50,seed_1,0.1,2,470.6163330443742,11522.501348278452,9.163839970515143,1.9818956164448687,330.0094532599333,4440.492992427243,0.4500970308545459,0.056077313669256224,15.691083912673093,0.0,0.0,0.443014979091116,0.0,25.0,2.0331527752819,0.0,11.939908176249313,0.0,10.41160601174799,0.07692307692307693
bank_marketing,gain_path_refined,Legacy gain-path refined,budget_50,seed_1,1.0,0,771.1055246351928,15939.976566778216,2.0316634082637597,0.3869436774158481,324.6045166155733,4388.828919116779,0.4450272713184213,0.05571305371961335,14.812141201714098,0.0,0.0,0.8398821312804362,0.0,5.0,2.0316634082637597,0.0,,,,
bank_marketing,gain_path_refined,Legacy gain-path refined,budget_50,seed_1,1.0,1,599.1420860900262,14760.760542530828,7.855346128166929,1.8872981753076992,324.6045166155733,4388.828919116779,0.4450272713184213,0.05571305371961335,14.812141201714098,0.0,0.0,0.5445809075302909,0.0,12.0,2.0316634082637597,0.0,12.015119499526337,0.0,,
bank_marketing,gain_path_refined,Legacy gain-path refined,budget_50,seed_1,1.0,2,467.2519889450257,11383.007885595574,9.462213556352374,2.0214003631792115,324.6045166155733,4388.828919116779,0.4450272713184213,0.05571305371961335,14.812141201714098,0.0,0.0,0.38753157485600087,0.0,25.0,2.0316634082637597,0.0,12.015119499526337,0.0,10.945475797754323,0.07692307692307693
bank_marketing,gain_path_refined,Legacy gain-path refined,budget_50,seed_1,10.0,0,742.1665567027728,14988.874820448144,2.0214854049425384,0.37924260535610854,281.6506245573987,3951.3923971424556,0.40599870676411576,0.05274002556780786,6.881570638407993,0.0,0.0,0.8340004299246322,0.0,5.0,2.0214854049425384,0.0,,,,
bank_marketing,gain_path_refined,Legacy gain-path refined,budget_50,seed_1,10.0,1,577.9461911632557,14628.807510303508,8.12548877620617,2.0439203947582327,281.6506245573987,3951.3923971424556,0.40599870676411576,0.05274002556780786,6.881570638407993,0.0,0.0,0.5997740679357361,0.0,12.0,2.0214854049425384,0.0,12.48549118425162,0.0,,
bank_marketing,gain_path_refined,Legacy gain-path refined,budget_50,seed_1,10.0,2,443.31282153981925,11519.063574987671,9.450430458279838,2.31416383301493,281.6506245573987,3951.3923971424556,0.40599870676411576,0.05274002556780786,6.881570638407993,0.0,0.0,0.46968410151205253,0.0,25.0,2.0214854049425384,0.0,12.48549118425162,0.0,10.673453549424766,0.07692307692307693
bank_marketing,gain_path_refined,Legacy gain-path refined,budget_50,seed_2,0.1,0,777.6783446625934,16143.127979753186,2.030732510185948,0.38925491426725223,389.57125808039484,5046.464465757374,0.5313328598200628,0.06682358361805495,15.691083912673093,0.0,0.0,0.7903888783450498,0.0,5.0,2.030732510185948,0.0,,,,
bank_marketing,gain_path_refined,Legacy gain-path refined,budget_50,seed_2,0.1,1,677.7561932883351,15593.248536922896,13.088688078043965,2.761042486459413,389.57125808039484,5046.464465757374,0.5313328598200628,0.06682358361805495,15.691083912673093,0.0,0.0,0.5943015990565976,0.0,12.0,2.030732510185948,0.0,20.98722776937112,0.14285714285714285,,
bank_marketing,gain_path_refined,Legacy gain-path refined,budget_50,seed_2,0.1,2,550.9293880096792,12226.170740438547,23.296875255410498,3.839371086509128,389.57125808039484,5046.464465757374,0.5313328598200628,0.06682358361805495,15.691083912673093,0.0,0.0,0.4783847088228703,0.0,24.0,2.030732510185948,0.0,20.98722776937112,0.14285714285714285,33.50506243277704,0.08333333333333333
bank_marketing,gain_path_refined,Legacy gain-path refined,budget_50,seed_2,1.0,0,774.1390501922695,15967.210933698949,2.0293858542650027,0.38591346034011575,384.0596044900625,4988.807519048059,0.5265391855661095,0.06640359473422824,14.812141201714098,0.0,0.0,0.7924763559705603,0.0,5.0,2.0293858542650027,0.0,,,,
bank_marketing,gain_path_refined,Legacy gain-path refined,budget_50,seed_2,1.0,1,673.2924420538166,15429.093107950357,13.170747145136344,2.7413811358497964,384.0596044900625,4988.807519048059,0.5265391855661095,0.06640359473422824,14.812141201714098,0.0,0.0,0.5493917110796508,0.0,12.0,2.0293858542650027,0.0,21.12886235290159,0.14285714285714285,,
bank_marketing,gain_path_refined,Legacy gain-path refined,budget_50,seed_2,1.0,2,546.6928067057435,12052.617391860085,24.821978676726086,3.950600906218636,384.0596044900625,4988.807519048059,0.5265391855661095,0.06640359473422824,14.812141201714098,0.0,0.0,0.4253201476046975,0.0,24.0,2.0293858542650027,0.0,21.12886235290159,0.14285714285714285,36.473210208315834,0.08333333333333333
bank_marketing,gain_path_refined,Legacy gain-path refined,budget_50,seed_2,10.0,0,743.1174042602522,15128.346850349553,2.0196326079748728,0.38225270176399334,339.3857995679498,4505.707389039468,0.4892238244996762,0.06305792724662257,6.881570638407993,0.0,0.0,0.7857863604957223,0.0,5.0,2.0196326079748728,0.0,,,,
bank_marketing,gain_path_refined,Legacy gain-path refined,budget_50,seed_2,10.0,1,652.1525040601441,15338.818760898728,13.873668508262398,2.8047600120212444,339.3857995679498,4505.707389039468,0.4892238244996762,0.06305792724662257,6.881570638407993,0.0,0.0,0.5740727705883039,0.0,12.0,2.0196326079748728,0.0,22.340837008467776,0.0,,
bank_marketing,gain_path_refined,Legacy gain-path refined,budget_50,seed_2,10.0,2,524.1244788167824,11883.934809197179,20.79308861910208,3.5170825035291604,339.3857995679498,4505.707389039468,0.4892238244996762,0.06305792724662257,6.881570638407993,0.0,0.0,0.4556021031748702,0.0,24.0,2.0196326079748728,0.0,22.340837008467776,0.0,27.71250872994176,0.0
bank_marketing,random,Random,budget_50,seed_0,0.1,0,1352.7819526710537,22155.057131662616,3.475110481623143,0.5134590939081628,408.9187122253465,7951.405031595418,0.5577206847117885,0.10528982867416177,15.691083912673093,0.0,0.0,0.5942296783492541,0.0,5.0,3.475110481623143,0.0,,,,
bank_marketing,random,Random,budget_50,seed_0,0.1,1,1090.5797223063876,18521.028671738874,8.79893957905771,1.391385278357614,408.9187122253465,7951.405031595418,0.5577206847117885,0.10528982867416177,15.691083912673093,0.0,0.0,0.4540207344384182,0.0,12.0,3.475110481623143,0.0,12.601674648653825,0.14285714285714285,,
bank_marketing,random,Random,budget_50,seed_0,0.1,2,794.0983384462965,13890.680472284092,8.651961915282278,1.4421893807350745,408.9187122253465,7951.405031595418,0.5577206847117885,0.10528982867416177,15.691083912673093,0.0,0.0,0.4178482505969452,0.0,24.0,3.475110481623143,0.0,12.601674648653825,0.14285714285714285,8.50498425150685,0.0
bank_marketing,random,Random,budget_50,seed_0,1.0,0,1350.3949702146103,22004.147875195747,3.476976236092156,0.5111943816877627,408.04465005179526,7914.6866605991345,0.5594222750870944,0.10534855142278828,14.812141201714098,0.0,0.0,0.5897747535977368,0.0,5.0,3.476976236092156,0.0,,,,
bank_marketing,random,Random,budget_50,seed_0,1.0,1,1084.5637452080039,18413.106876328613,8.741507540244454,1.4025301420412344,408.04465005179526,7914.6866605991345,0.5594222750870944,0.10534855142278828,14.812141201714098,0.0,0.0,0.43210188897673607,0.0,12.0,3.476976236092156,0.0,12.50188704321038,0.2857142857142857,,
bank_marketing,random,Random,budget_50,seed_0,1.0,2,788.5217129413835,13836.71398700263,8.666791773332127,1.4824546791610096,408.04465005179526,7914.6866605991345,0.5594222750870944,0.10534855142278828,14.812141201714098,0.0,0.0,0.3878798125655984,0.0,24.0,3.476976236092156,0.0,12.50188704321038,0.2857142857142857,8.5920760064198,0.0
bank_marketing,random,Random,budget_50,seed_0,10.0,0,1326.8960913090223,20983.854427764003,3.4947780218717455,0.5041872078334233,399.516365763939,7546.209107888601,0.5759018929432648,0.10561012152510907,6.881570638407993,0.0,0.0,0.570532567531178,0.0,5.0,3.4947780218717455,0.0,,,,
bank_marketing,random,Random,budget_50,seed_0,10.0,1,1043.6299877102135,17969.79124783548,8.565731068654037,1.5744114713823139,399.516365763939,7546.209107888601,0.5759018929432648,0.10561012152510907,6.881570638407993,0.0,0.0,0.4623635480948567,0.0,12.0,3.4947780218717455,0.0,12.187840387784243,0.14285714285714285,,
bank_marketing,random,Random,budget_50,seed_0,10.0,2,751.3474594635504,13736.538853790325,8.86087922435585,1.7218909528916564,399.516365763939,7546.209107888601,0.5759018929432648,0.10561012152510907,6.881570638407993,0.0,0.0,0.39198598346933444,0.0,24.0,3.4947780218717455,0.0,12.187840387784243,0.14285714285714285,9.156027380057663,0.0
bank_marketing,random,Random,budget_50,seed_1,0.1,0,684.3935124127145,15487.456754098946,1.8110037916729773,0.3859792576362699,409.56084012435326,9155.865609654267,0.558596477383534,0.11562597859781464,15.691083912673093,0.0,0.0,0.5965006641126356,0.0,5.0,1.8110037916729773,0.0,,,,
bank_marketing,random,Random,budget_50,seed_1,0.1,1,762.5814072429439,14813.845494577685,11.386523467679845,2.1800626020661817,409.56084012435326,9155.865609654267,0.558596477383534,0.11562597859781464,15.691083912673093,0.0,0.0,0.5130376421383603,0.0,12.0,1.8110037916729773,0.0,18.22618037911332,0.0,,
bank_marketing,random,Random,budget_50,seed_1,0.1,2,636.7975671894611,11585.095606401643,12.921571462472421,2.359215468420549,409.56084012435326,9155.865609654267,0.558596477383534,0.11562597859781464,15.691083912673093,0.0,0.0,0.4025200708763603,0.0,25.0,1.8110037916729773,0.0,18.22618037911332,0.0,14.338538842280956,0.07692307692307693
bank_marketing,random,Random,budget_50,seed_1,1.0,0,678.4464312696904,15314.008030286588,1.78667565494862,0.38262751634694925,407.686893901638,9108.063910479128,0.5589317974900423,0.1156203769337889,14.812141201714098,0.0,0.0,0.5968693006062729,0.0,5.0,1.78667565494862,0.0,,,,
bank_marketing,random,Random,budget_50,seed_1,1.0,1,756.5104806238688,14682.642671342635,11.412953017265822,2.19875333273588,407.686893901638,9108.063910479128,0.5589317974900423,0.1156203769337889,14.812141201714098,0.0,0.0,0.4785786368883593,0.0,12.0,1.78667565494862,0.0,18.288865418920967,0.0,,
bank_marketing,random,Random,budget_50,seed_1,1.0,2,631.0173433749618,11389.005099376604,13.108828021607978,2.3730386489489343,407.686893901638,9108.063910479128,0.5589317974900423,0.1156203769337889,14.812141201714098,0.0,0.0,0.3537647934361523,0.0,25.0,1.78667565494862,0.0,18.288865418920967,0.0,14.674251102539197,0.07692307692307693
bank_marketing,random,Random,budget_50,seed_1,10.0,0,630.544719741721,14195.40218719354,1.606156164171738,0.367398563827924,389.7859213685041,8689.916598121537,0.5618754804437547,0.11598605693994937,6.881570638407993,0.0,0.0,0.6018681976464486,0.0,5.0,1.606156164171738,0.0,,,,
bank_marketing,random,Random,budget_50,seed_1,10.0,1,707.6793917121236,13733.994770925614,11.375215558773737,2.2201771905414653,389.7859213685041,8689.916598121537,0.5618754804437547,0.11598605693994937,6.881570638407993,0.0,0.0,0.4792469541390925,0.0,12.0,1.606156164171738,0.0,18.35311512634659,0.0,,
bank_marketing,random,Random,budget_50,seed_1,10.0,2,594.427942412132,10823.002585241904,13.016117644290285,2.4854842292618384,389.7859213685041,8689.916598121537,0.5618754804437547,0.11598605693994937,6.881570638407993,0.0,0.0,0.36004403168756755,0.0,25.0,1.606156164171738,0.0,18.35311512634659,0.0,14.530796492459404,0.07692307692307693
bank_marketing,random,Random,budget_50,seed_2,0.1,0,869.343706446953,15441.261215519247,2.217064987931265,0.3800300902451023,410.9460707971449,5707.663297601826,0.5604857814828959,0.07557895596392698,15.691083912673093,0.0,0.0,0.5435891340327635,0.0,5.0,2.217064987931265,0.0,,,,
bank_marketing,random,Random,budget_50,seed_2,0.1,1,703.4872899315877,13365.14244002915,9.818703796610093,1.8076743558793822,410.9460707971449,5707.663297601826,0.5604857814828959,0.07557895596392698,15.691083912673093,0.0,0.0,0.36986610084736826,0.0,12.0,2.217064987931265,0.0,15.248445802809256,0.14285714285714285,,
bank_marketing,random,Random,budget_50,seed_2,0.1,2,599.0650022254107,10483.088109242823,32.551508579395254,4.635154461392932,410.9460707971449,5707.663297601826,0.5604857814828959,0.07557895596392698,15.691083912673093,0.0,0.0,0.2986552029410743,0.0,24.0,2.217064987931265,0.0,15.248445802809256,0.14285714285714285,55.284313362180406,0.16666666666666666
bank_marketing,random,Random,budget_50,seed_2,1.0,0,864.2735426037237,15291.25687677015,2.212202043441203,0.37724893065828713,405.22225771831086,5668.41502160191,0.5555528232019005,0.07544952023959593,14.812141201714098,0.0,0.0,0.5455050473344243,0.0,5.0,2.212202043441203,0.0,,,,
bank_marketing,random,Random,budget_50,seed_2,1.0,1,697.9136912750114,13276.688412723664,9.874130127063832,1.8311038280716734,405.22225771831086,5668.41502160191,0.5555528232019005,0.07544952023959593,14.812141201714098,0.0,0.0,0.32501915960823957,0.0,12.0,2.212202043441203,0.0,15.346935901079998,0.14285714285714285,,
bank_marketing,random,Random,budget_50,seed_2,1.0,2,592.5741634776708,10383.995972875435,35.12277501676672,4.928575088411282,405.22225771831086,5668.41502160191,0.5555528232019005,0.07544952023959593,14.812141201714098,0.0,0.0,0.23482331943471815,0.0,24.0,2.212202043441203,0.0,15.346935901079998,0.14285714285714285,60.371419906469605,0.16666666666666666
bank_marketing,random,Random,budget_50,seed_2,10.0,0,817.0309637557118,14509.438371483533,2.1656220904599364,0.3717112592446018,354.94051512817043,5327.33622269332,0.5116459100585394,0.07455672349386777,6.881570638407993,0.0,0.0,0.5461841442020011,0.0,5.0,2.1656220904599364,0.0,,,,
bank_marketing,random,Random,budget_50,seed_2,10.0,1,657.6940382904678,13221.524363025112,10.257654695653882,1.9532803138203458,354.94051512817043,5327.33622269332,0.5116459100585394,0.07455672349386777,6.881570638407993,0.0,0.0,0.3645726719183864,0.0,12.0,2.1656220904599364,0.0,16.037677985078126,0.0,,
bank_marketing,random,Random,budget_50,seed_2,10.0,2,555.6106084348289,10683.879786006291,24.540143856994906,3.5949157694577907,354.94051512817043,5327.33622269332,0.5116459100585394,0.07455672349386777,6.881570638407993,0.0,0.0,0.27289375891583273,0.0,24.0,2.1656220904599364,0.0,16.037677985078126,0.0,38.822633018335935,0.16666666666666666
breast_w,histdistill_refined,HistDistill-Refined,budget_50,seed_0,0.1,0,35.172397141919745,821.1197722354168,0.42111393003150416,0.12668429761046504,60.797469165664396,1568.0190357986266,0.4049629730757893,0.13925791304375704,4.321169161562807,0.0,0.0,0.9319196971194713,0.0,6.0,0.42111393003150416,0.16666666666666666,,,,
breast_w,histdistill_refined,HistDistill-Refined,budget_50,seed_0,0.1,1,26.83358254300785,504.6295846022966,2.1669051261626997,0.2943858659459725,60.797469165664396,1568.0190357986266,0.4049629730757893,0.13925791304375704,4.321169161562807,0.0,0.0,0.7307372100088336,0.0,14.0,0.42111393003150416,0.16666666666666666,3.4762485232610953,0.0,,
breast_w,histdistill_refined,HistDistill-Refined,budget_50,seed_0,0.1,2,20.042700780759688,356.54461151749393,2.1799183347246367,0.2835294910495557,60.797469165664396,1568.0190357986266,0.4049629730757893,0.13925791304375704,4.321169161562807,0.0,0.0,0.670375147437825,0.0,22.0,0.42111393003150416,0.16666666666666666,3.4762485232610953,0.0,2.202691449708027,0.125
breast_w,histdistill_refined,HistDistill-Refined,budget_50,seed_0,1.0,0,34.328794449021096,788.2714720434925,0.42043891439200304,0.12554784094777677,59.35973471076271,1485.9566293931236,0.40378773205808144,0.13477397548870346,4.837530158333408,0.0,0.0,0.9357823117842581,0.0,6.0,0.42043891439200304,0.16666666666666666,,,,
breast_w,histdistill_refined,HistDistill-Refined,budget_50,seed_0,1.0,1,26.007054364080023,490.759437435093,1.4681816936073127,0.2583122476129471,59.35973471076271,1485.9566293931236,0.40378773205808144,0.13477397548870346,4.837530158333408,0.0,0.0,0.8433799416856369,0.0,14.0,0.42043891439200304,0.16666666666666666,2.253988778018795,0.25,,
breast_w,histdistill_refined,HistDistill-Refined,budget_50,seed_0,1.0,2,19.427841022420775,350.6197600196593,1.6379132285187123,0.27442069209731,59.35973471076271,1485.9566293931236,0.40378773205808144,0.13477397548870346,4.837530158333408,0.0,0.0,0.7787824234911814,0.0,22.0,0.42043891439200304,0.16666666666666666,2.253988778018795,0.25,1.9349434146136621,0.0
breast_w,histdistill_refined,HistDistill-Refined,budget_50,seed_0,10.0,0,27.801645961060288,595.4799685817828,0.4154494966120706,0.1255257877642386,48.13791768696878,1010.2183257140829,0.3949518326391721,0.11051234959268197,7.607376072095434,0.0,0.0,0.9459904475631614,0.0,6.0,0.4154494966120706,0.3333333333333333,,,,
breast_w,histdistill_refined,HistDistill-Refined,budget_50,seed_0,10.0,1,20.637507773606018,392.64153208258807,0.8486695305573196,0.19040534421078328,48.13791768696878,1010.2183257140829,0.3949518326391721,0.11051234959268197,7.607376072095434,0.0,0.0,0.8993801348939113,0.0,14.0,0.4154494966120706,0.3333333333333333,1.1735845560162566,0.125,,
breast_w,histdistill_refined,HistDistill-Refined,budget_50,seed_0,10.0,2,15.618912429122732,296.2747629914839,0.9058027612938695,0.201918639064678,48.13791768696878,1010.2183257140829,0.3949518326391721,0.11051234959268197,7.607376072095434,0.0,0.0,0.8657332683651329,0.0,22.0,0.4154494966120706,0.3333333333333333,1.1735845560162566,0.125,1.0057859150828314,0.0
breast_w,histdistill_refined,HistDistill-Refined,budget_50,seed_1,0.1,0,42.339255638721255,1154.4349157547015,0.5266228701501965,0.17934614742361923,68.84613471900275,2078.5851656716054,0.4585739469617444,0.1846019886536082,4.321169161562807,0.0,0.0,0.8592143000780794,0.0,6.0,0.5266228701501965,0.0,,,,
breast_w,histdistill_refined,HistDistill-Refined,budget_50,seed_1,0.1,1,27.88968971068535,623.5085130160927,1.823104108646572,0.31982672178937543,68.84613471900275,2078.5851656716054,0.4585739469617444,0.1846019886536082,4.321169161562807,0.0,0.0,0.6422528666540467,0.0,14.0,0.5266228701501965,0.0,2.795465037518854,0.75,,
breast_w,histdistill_refined,HistDistill-Refined,budget_50,seed_1,0.1,2,22.91798687947561,475.7687288935511,2.266445516085723,0.35212896439293306,68.84613471900275,2078.5851656716054,0.4585739469617444,0.1846019886536082,4.321169161562807,0.0,0.0,0.53418068386075,0.0,20.0,0.5266228701501965,0.0,2.795465037518854,0.75,3.3009088001104074,0.16666666666666666
breast_w,histdistill_refined,HistDistill-Refined,budget_50,seed_1,1.0,0,41.22037474044886,1110.3504720668395,0.5256088985561429,0.17745586554959747,66.90339998284163,1980.3179342951964,0.4551026428551099,0.17961178372045947,4.837530158333408,0.0,0.0,0.8667264787600053,0.0,6.0,0.5256088985561429,0.0,,,,
breast_w,histdistill_refined,HistDistill-Refined,budget_50,seed_1,1.0,1,27.18577160639089,604.251729545584,1.3592977591684505,0.2722765932882952,66.90339998284163,1980.3179342951964,0.4551026428551099,0.17961178372045947,4.837530158333408,0.0,0.0,0.7269147436904725,0.0,14.0,0.5256088985561429,0.0,1.9845644046276814,0.25,,
breast_w,histdistill_refined,HistDistill-Refined,budget_50,seed_1,1.0,2,22.275966022584747,465.4582240470585,1.7086261854492661,0.3091286230438396,66.90339998284163,1980.3179342951964,0.4551026428551099,0.17961178372045947,4.837530158333408,0.0,0.0,0.641253926387896,0.0,20.0,0.5256088985561429,0.0,1.9845644046276814,0.25,2.5237258467711694,0.16666666666666666
breast_w,histdistill_refined,HistDistill-Refined,budget_50,seed_1,10.0,0,32.859362446657634,835.1315661891914,0.5190766831330039,0.169307351155127,52.41527273689975,1388.6792715817385,0.4300457730709988,0.1519139033878374,7.607376072095434,0.0,0.0,0.8996190972488088,0.0,6.0,0.5190766831330039,0.0,,,,
breast_w,histdistill_refined,HistDistill-Refined,budget_50,seed_1,10.0,1,21.464359444033484,480.62540463729647,0.7819094334605416,0.19911645085042615,52.41527273689975,1388.6792715817385,0.4300457730709988,0.1519139033878374,7.607376072095434,0.0,0.0,0.8459883107713463,0.0,14.0,0.5190766831330039,0.0,0.9790339962061947,0.125,,
breast_w,histdistill_refined,HistDistill-Refined,budget_50,seed_1,10.0,2,17.786160219219845,392.13969588809266,0.916099925011272,0.2301005224471045,52.41527273689975,1388.6792715817385,0.4300457730709988,0.1519139033878374,7.607376072095434,0.0,0.0,0.7954435897945599,0.0,20.0,0.5190766831330039,0.0,0.9790339962061947,0.125,1.229211071962977,0.0
breast_w,histdistill_refined,HistDistill-Refined,budget_50,seed_2,0.1,0,37.29761962526081,844.1021022953224,0.46885580671085086,0.12677385100374933,61.79674725599342,1553.1977498306678,0.4116190170187776,0.1361265931438502,4.321169161562807,0.0,1.0,0.9213932067996242,0.0,6.0,0.46885580671085086,0.5,,,,
breast_w,histdistill_refined,HistDistill-Refined,budget_50,seed_2,0.1,1,22.046554641328083,469.5638416055779,1.982648178221145,0.35970550667764295,61.79674725599342,1553.1977498306678,0.4116190170187776,0.1361265931438502,4.321169161562807,0.0,1.0,0.6388501869939042,0.0,14.0,0.46885580671085086,0.5,3.117992456853866,0.375,,
breast_w,histdistill_refined,HistDistill-Refined,budget_50,seed_2,0.1,2,18.35101433615121,360.6322590949907,2.319053392856256,0.40583830739280463,61.79674725599342,1553.1977498306678,0.4116190170187776,0.1361265931438502,4.321169161562807,0.0,1.0,0.6482288999380555,0.0,21.0,0.46885580671085086,0.5,3.117992456853866,0.375,2.991863822126477,0.0
breast_w,histdistill_refined,HistDistill-Refined,budget_50,seed_2,1.0,0,36.31600269913055,808.7395929832411,0.4684944329400098,0.12563727826409463,59.99971600618478,1465.7552523466072,0.40814113082405024,0.13119250828979567,4.837530158333408,0.0,1.0,0.9271153901648265,0.0,6.0,0.4684944329400098,0.5,,,,
breast_w,histdistill_refined,HistDistill-Refined,budget_50,seed_2,1.0,1,21.6287122215708,458.0336526975155,1.2536659638020116,0.2813363801887768,59.99971600618478,1465.7552523466072,0.40814113082405024,0.13119250828979567,4.837530158333408,0.0,1.0,0.7549995339474157,0.0,14.0,0.4684944329400098,0.5,1.8425446119485125,0.375,,
breast_w,histdistill_refined,HistDistill-Refined,budget_50,seed_2,1.0,2,17.846695283574736,353.98478761688324,1.7357364897160148,0.35962016187300083,59.99971600618478,1465.7552523466072,0.40814113082405024,0.13119250828979567,4.837530158333408,0.0,1.0,0.7462782956305636,0.0,21.0,0.4684944329400098,0.5,1.8425446119485125,0.375,2.6998775415440215,0.0
breast_w,histdistill_refined,HistDistill-Refined,budget_50,seed_2,10.0,0,29.004987938192787,600.6813417445139,0.4682562147394696,0.1248553543907428,46.686007173611216,959.6565104724887,0.3830395035308052,0.10359983294029114,7.607376072095434,0.0,1.0,0.9398263591945355,0.0,6.0,0.4682562147394696,0.5,,,,
breast_w,histdistill_refined,HistDistill-Refined,budget_50,seed_2,10.0,1,17.78740785939857,372.5087987268665,0.6336890677139948,0.17987506418096802,46.686007173611216,959.6565104724887,0.3830395035308052,0.10359983294029114,7.607376072095434,0.0,1.0,0.888950132009348,0.0,14.0,0.4682562147394696,0.5,0.7577637074448886,0.375,,
breast_w,histdistill_refined,HistDistill-Refined,budget_50,seed_2,10.0,2,14.786981929455667,300.30969454541423,0.939184138318225,0.23733215359033982,46.686007173611216,959.6565104724887,0.3830395035308052,0.10359983294029114,7.607376072095434,0.0,1.0,0.8461417332915047,0.0,21.0,0.4682562147394696,0.5,0.7577637074448886,0.375,1.550174279526685,0.0
breast_w,histdistill_density,HistDistill-Density,budget_50,seed_0,0.1,0,28.79054151204298,810.7963017830217,0.3701735052313884,0.1312502996635097,50.015708434602644,1531.4822153926737,0.33314725540594264,0.13601302810114782,4.321169161562807,0.0,0.0,0.9192595097867589,0.0,6.0,0.3701735052313884,0.16666666666666666,,,,
breast_w,histdistill_density,HistDistill-Density,budget_50,seed_0,0.1,1,24.033411353825663,490.84010203451146,2.992739992015021,0.3949838040188133,50.015708434602644,1531.4822153926737,0.33314725540594264,0.13601302810114782,4.321169161562807,0.0,0.0,0.7572847628061055,0.0,14.0,0.3701735052313884,0.16666666666666666,4.959664857102746,0.375,,
breast_w,histdistill_density,HistDistill-Density,budget_50,seed_0,0.1,2,18.683867679138203,347.6704449999166,3.3472831968303822,0.39196084214922566,50.015708434602644,1531.4822153926737,0.33314725540594264,0.13601302810114782,4.321169161562807,0.0,0.0,0.6772795737342866,0.0,22.0,0.3701735052313884,0.16666666666666666,4.959664857102746,0.375,3.9677338052572644,0.125
breast_w,histdistill_density,HistDistill-Density,budget_50,seed_0,1.0,0,28.0677495804541,777.197626528833,0.3694689587602569,0.12953647624146514,48.760410914361074,1452.4615814664637,0.33168705745175997,0.13173602627876974,4.837530158333408,0.0,0.0,0.9242569902616453,0.0,6.0,0.3694689587602569,0.16666666666666666,,,,
breast_w,histdistill_density,HistDistill-Density,budget_50,seed_0,1.0,1,23.47925450207237,477.4131483483904,2.076587444168636,0.31861697079138956,48.760410914361074,1452.4615814664637,0.33168705745175997,0.13173602627876974,4.837530158333408,0.0,0.0,0.8104962380911102,0.0,14.0,0.3694689587602569,0.16666666666666666,3.3569263082249203,0.25,,
breast_w,histdistill_density,HistDistill-Density,budget_50,seed_0,1.0,2,18.24261344236088,341.76926732085553,2.4141154701963075,0.33904698505712805,48.760410914361074,1452.4615814664637,0.33168705745175997,0.13173602627876974,4.837530158333408,0.0,0.0,0.7367349887912845,0.0,22.0,0.3694689587602569,0.16666666666666666,3.3569263082249203,0.25,3.004789515744733,0.0
breast_w,histdistill_density,HistDistill-Density,budget_50,seed_0,10.0,0,22.543005020737855,575.7031206337409,0.3641298960415951,0.12356493793327616,39.08573469137947,987.5153442983103,0.32068239109951513,0.10802876782114507,7.607376072095434,0.0,0.0,0.9437601155812705,0.0,6.0,0.3641298960415951,0.16666666666666666,,,,
breast_w,histdistill_density,HistDistill-Density,budget_50,seed_0,10.0,1,18.4499712321394,381.59803698562393,0.8971678001588984,0.19598059222675684,39.08573469137947,987.5153442983103,0.32068239109951513,0.10802876782114507,7.607376072095434,0.0,0.0,0.8879313226956754,0.0,14.0,0.3641298960415951,0.16666666666666666,1.2969462282468758,0.125,,
breast_w,histdistill_density,HistDistill-Density,budget_50,seed_0,10.0,2,14.36803150066189,288.07867934456925,0.9653116527748008,0.2050650555357074,39.08573469137947,987.5153442983103,0.32068239109951513,0.10802876782114507,7.607376072095434,0.0,0.0,0.8555519207833691,0.0,22.0,0.3641298960415951,0.16666666666666666,1.2969462282468758,0.125,1.0845633948526308,0.0
breast_w,histdistill_density,HistDistill-Density,budget_50,seed_1,0.1,0,40.136427195263444,962.931484714888,0.48276045831321546,0.1423953356838811,66.86110590778165,1801.0989776226209,0.44535196288798656,0.15995806114765937,4.321169161562807,0.0,0.0,0.9221281626364647,0.0,6.0,0.48276045831321546,0.0,,,,
breast_w,histdistill_density,HistDistill-Density,budget_50,seed_1,0.1,1,25.106267910389285,515.391722144686,0.8259629480302936,0.17209561375014154,66.86110590778165,1801.0989776226209,0.44535196288798656,0.15995806114765937,4.321169161562807,0.0,0.0,0.7078882406275836,0.0,14.0,0.48276045831321546,0.0,1.083364815318102,0.75,,
breast_w,histdistill_density,HistDistill-Density,budget_50,seed_1,0.1,2,20.180868702518048,389.96781720305347,1.0705610384217201,0.18304084550270133,66.86110590778165,1801.0989776226209,0.44535196288798656,0.15995806114765937,4.321169161562807,0.0,0.0,0.6076196605866663,0.0,20.0,0.48276045831321546,0.0,1.083364815318102,0.75,1.6412899160017147,0.16666666666666666
breast_w,histdistill_density,HistDistill-Density,budget_50,seed_1,1.0,0,39.071425640884364,924.9252021892274,0.48199863156957395,0.14115700855919547,64.95632738336221,1710.4914308795862,0.44185790662225605,0.15513893583364732,4.837530158333408,0.0,0.0,0.9274580503145763,0.0,6.0,0.48199863156957395,0.0,,,,
breast_w,histdistill_density,HistDistill-Density,budget_50,seed_1,1.0,1,24.52256972519665,499.68716156682694,0.7765338182843099,0.18490918590044583,64.95632738336221,1710.4914308795862,0.44185790662225605,0.15513893583364732,4.837530158333408,0.0,0.0,0.8289769599001285,0.0,14.0,0.48199863156957395,0.0,0.9974352083203618,0.25,,
breast_w,histdistill_density,HistDistill-Density,budget_50,seed_1,1.0,2,19.613112299773032,382.3048834514296,0.9554466357385216,0.20542406840541544,64.95632738336221,1710.4914308795862,0.44185790662225605,0.15513893583364732,4.837530158333408,0.0,0.0,0.7566073315669788,0.0,20.0,0.48199863156957395,0.0,0.9974352083203618,0.25,1.3729098764650158,0.16666666666666666
breast_w,histdistill_density,HistDistill-Density,budget_50,seed_1,10.0,0,31.12022871013802,693.1995440657778,0.4776362609458254,0.13690130842422787,50.780119909243965,1176.3118252656564,0.4166300160761215,0.1286820683755409,7.607376072095434,0.0,0.0,0.9436953287985607,0.0,6.0,0.4776362609458254,0.0,,,,
breast_w,histdistill_density,HistDistill-Density,budget_50,seed_1,10.0,1,19.824610436108703,399.77732784891776,0.6905566823034943,0.16688658945283882,50.780119909243965,1176.3118252656564,0.4166300160761215,0.1286820683755409,7.607376072095434,0.0,0.0,0.890466045898395,0.0,14.0,0.4776362609458254,0.0,0.8502469983217458,0.25,,
breast_w,histdistill_density,HistDistill-Density,budget_50,seed_1,10.0,2,16.24460887494707,327.14896868798303,0.7925701823766701,0.19532014059499492,50.780119909243965,1176.3118252656564,0.4166300160761215,0.1286820683755409,7.607376072095434,0.0,0.0,0.8368874341577831,0.0,20.0,0.4776362609458254,0.0,0.8502469983217458,0.25,1.0306016825474138,0.0
breast_w,histdistill_density,HistDistill-Density,budget_50,seed_2,0.1,0,32.43788788774808,793.7996238239489,0.41810286619782766,0.11883625334426838,54.11063567450263,1483.0437383022754,0.3604229616541801,0.12997809944060115,4.321169161562807,0.0,1.0,0.9329958420406085,0.0,6.0,0.41810286619782766,0.5,,,,
breast_w,histdistill_density,HistDistill-Density,budget_50,seed_2,0.1,1,19.2658232176184,434.31532272339797,1.8340237970258284,0.341277736078266,54.11063567450263,1483.0437383022754,0.3604229616541801,0.12997809944060115,4.321169161562807,0.0,1.0,0.6497304736663615,0.0,14.0,0.41810286619782766,0.5,2.8959644951468295,0.375,,
breast_w,histdistill_density,HistDistill-Density,budget_50,seed_2,0.1,2,16.15546124331566,331.6838110251008,2.1562791565719017,0.3812602195317412,54.11063567450263,1483.0437383022754,0.3604229616541801,0.12997809944060115,4.321169161562807,0.0,1.0,0.6578461596022654,0.0,21.0,0.41810286619782766,0.5,2.8959644951468295,0.375,2.800789875664048,0.0
breast_w,histdistill_density,HistDistill-Density,budget_50,seed_2,1.0,0,31.56239702102881,759.6069029943045,0.4175968557428646,0.11757934802400023,52.482643766039146,1398.492242813223,0.3570071160519993,0.12517212874711442,4.837530158333408,0.0,1.0,0.9373501516031433,0.0,6.0,0.4175968557428646,0.5,,,,
breast_w,histdistill_density,HistDistill-Density,budget_50,seed_2,1.0,1,18.916681643788724,423.4971827976746,1.1598445448351329,0.2661224586653618,52.482643766039146,1398.492242813223,0.3570071160519993,0.12517212874711442,4.837530158333408,0.0,1.0,0.7692851360933971,0.0,14.0,0.4175968557428646,0.5,1.7165303116543342,0.375,,
breast_w,histdistill_density,HistDistill-Density,budget_50,seed_2,1.0,2,15.709437866383675,325.6271194172039,1.6120548336323424,0.33682199428231663,52.482643766039146,1398.492242813223,0.3570071160519993,0.12517212874711442,4.837530158333408,0.0,1.0,0.7574952458744416,0.0,21.0,0.4175968557428646,0.5,1.7165303116543342,0.375,2.516475411226762,0.0
breast_w,histdistill_density,HistDistill-Density,budget_50,seed_2,10.0,0,25.090956721407085,559.6825721431843,0.4161327687518431,0.11481895213202319,40.511174687804626,912.0178160200959,0.3323775404943485,0.0984569920040779,7.607376072095434,0.0,1.0,0.9491368500368175,0.0,6.0,0.4161327687518431,0.5,,,,
breast_w,histdistill_density,HistDistill-Density,budget_50,seed_2,10.0,1,15.599382651851254,344.87313188931967,0.5762728581499484,0.1663813340332526,40.511174687804626,912.0178160200959,0.3323775404943485,0.0984569920040779,7.607376072095434,0.0,1.0,0.8980508568452621,0.0,14.0,0.4161327687518431,0.5,0.6963779251985274,0.375,,
breast_w,histdistill_density,HistDistill-Density,budget_50,seed_2,10.0,2,13.074315156640878,277.477680173588,0.853186530258743,0.21732205451193548,40.511174687804626,912.0178160200959,0.3323775404943485,0.0984569920040779,7.607376072095434,0.0,1.0,0.8544126704728385,0.0,21.0,0.4161327687518431,0.5,0.6963779251985274,0.375,1.407013874476332,0.0
breast_w,gain_path_refined,Legacy gain-path refined,budget_50,seed_0,0.1,0,17.27839589518758,527.1648346587007,0.20670247747129364,0.08289467599300225,27.973814532429017,1002.5999271708138,0.18632945181410462,0.08904226944191324,4.321169161562807,0.0,1.0,0.9613135722654907,0.0,6.0,0.20670247747129364,0.5,,,,
breast_w,gain_path_refined,Legacy gain-path refined,budget_50,seed_0,0.1,1,13.851128667348885,322.24635910132,1.4056208146223728,0.18896844306768443,27.973814532429017,1002.5999271708138,0.18632945181410462,0.08904226944191324,4.321169161562807,0.0,1.0,0.7749237791584348,0.0,14.0,0.20670247747129364,0.5,2.3048095674856826,0.0,,
breast_w,gain_path_refined,Legacy gain-path refined,budget_50,seed_0,0.1,2,11.306781315168541,240.2018521253639,1.5964035401184689,0.22248048847120996,27.973814532429017,1002.5999271708138,0.18632945181410462,0.08904226944191324,4.321169161562807,0.0,1.0,0.7086498561580954,0.0,22.0,0.20670247747129364,0.5,2.3048095674856826,0.0,1.930273309736637,0.0
breast_w,gain_path_refined,Legacy gain-path refined,budget_50,seed_0,1.0,0,16.59553690361976,497.8176085881398,0.2053537542376922,0.08173241175026785,26.44678073571893,924.9388286740699,0.17990116811585216,0.0838905258460877,4.837530158333408,0.0,1.0,0.9645075320186957,0.0,6.0,0.2053537542376922,0.5,,,,
breast_w,gain_path_refined,Legacy gain-path refined,budget_50,seed_0,1.0,1,13.345877307047036,310.89413839202564,0.9362839173274942,0.17840201331364916,26.44678073571893,924.9388286740699,0.17990116811585216,0.0838905258460877,4.837530158333408,0.0,1.0,0.8770571815825392,0.0,14.0,0.2053537542376922,0.5,1.4844815396448459,0.125,,
breast_w,gain_path_refined,Legacy gain-path refined,budget_50,seed_0,1.0,2,10.91858852701837,235.80382116952754,1.2215306652731388,0.2305713573605683,26.44678073571893,924.9388286740699,0.17990116811585216,0.0838905258460877,4.837530158333408,0.0,1.0,0.8198228443489356,0.0,22.0,0.2053537542376922,0.5,1.4844815396448459,0.125,1.7207124741780166,0.125
breast_w,gain_path_refined,Legacy gain-path refined,budget_50,seed_0,10.0,0,12.491818116209311,346.2210113128151,0.20559420498321734,0.08204075846502625,17.85704163963348,508.2872030618319,0.14650968841131343,0.05560383498146299,7.607376072095434,0.0,1.0,0.9673959452376878,0.0,6.0,0.20559420498321734,0.5,,,,
breast_w,gain_path_refined,Legacy gain-path refined,budget_50,seed_0,10.0,1,10.60789333482109,244.5514842013352,0.516168245388984,0.1325887009414837,17.85704163963348,508.2872030618319,0.14650968841131343,0.05560383498146299,7.607376072095434,0.0,1.0,0.9358480318537461,0.0,14.0,0.20559420498321734,0.5,0.749098775693309,0.0,,
breast_w,gain_path_refined,Legacy gain-path refined,budget_50,seed_0,10.0,2,8.886248352313512,200.95210034733972,0.638095907698636,0.16066462223153094,17.85704163963348,508.2872030618319,0.14650968841131343,0.05560383498146299,7.607376072095434,0.0,1.0,0.8905875336282062,0.0,22.0,0.20559420498321734,0.5,0.749098775693309,0.0,0.8514693167405272,0.125
breast_w,gain_path_refined,Legacy gain-path refined,budget_50,seed_1,0.1,0,21.184305503911233,522.8128189096723,0.2655895148220602,0.08239744023646024,36.41207482018004,968.3920032284134,0.24253545875172378,0.08600421697633716,4.321169161562807,0.0,1.0,0.9624877493093263,0.0,6.0,0.2655895148220602,0.6666666666666666,,,,
breast_w,gain_path_refined,Legacy gain-path refined,budget_50,seed_1,0.1,1,16.27580120698341,365.44225823369163,0.6116897686411872,0.1580749209004211,36.41207482018004,968.3920032284134,0.24253545875172378,0.08600421697633716,4.321169161562807,0.0,1.0,0.767593136628278,0.0,14.0,0.2655895148220602,0.6666666666666666,0.8712649590055324,0.625,,
breast_w,gain_path_refined,Legacy gain-path refined,budget_50,seed_1,0.1,2,13.633832699365751,285.65811667382667,0.8515862472391115,0.1757361642437793,36.41207482018004,968.3920032284134,0.24253545875172378,0.08600421697633716,4.321169161562807,0.0,1.0,0.6801514396992324,0.0,20.0,0.2655895148220602,0.6666666666666666,0.8712649590055324,0.625,1.411344697300935,0.16666666666666666
breast_w,gain_path_refined,Legacy gain-path refined,budget_50,seed_1,1.0,0,20.44803732932859,494.0951775265717,0.2652104916198442,0.08176369474000071,34.774026092377966,891.0276312709243,0.23654629183886783,0.08081483252018577,4.837530158333408,0.0,1.0,0.9645593304194785,0.0,6.0,0.2652104916198442,0.6666666666666666,,,,
breast_w,gain_path_refined,Legacy gain-path refined,budget_50,seed_1,1.0,1,15.930365026757855,353.6401268012789,0.6610473107655739,0.1871732309108596,34.774026092377966,891.0276312709243,0.23654629183886783,0.08081483252018577,4.837530158333408,0.0,1.0,0.8877466651914085,0.0,14.0,0.2652104916198442,0.6666666666666666,0.9579249251248712,0.25,,
breast_w,gain_path_refined,Legacy gain-path refined,budget_50,seed_1,1.0,2,13.26568668763928,280.2747427229184,0.845330756080527,0.2140408566565728,34.774026092377966,891.0276312709243,0.23654629183886783,0.08081483252018577,4.837530158333408,0.0,1.0,0.8298245472632393,0.0,20.0,0.2652104916198442,0.6666666666666666,0.9579249251248712,0.25,1.2753254618154182,0.16666666666666666
breast_w,gain_path_refined,Legacy gain-path refined,budget_50,seed_1,10.0,0,15.375460394798544,347.6547496664327,0.26679185093228885,0.08566831719467653,23.805210498686534,480.2961356910593,0.19531196953628638,0.05254176558120284,7.607376072095434,0.0,1.0,0.9654041173014565,0.0,6.0,0.26679185093228885,0.6666666666666666,,,,
breast_w,gain_path_refined,Legacy gain-path refined,budget_50,seed_1,10.0,1,12.627992567010777,280.545282436061,0.5773144571182828,0.17575999701073314,23.805210498686534,480.2961356910593,0.19531196953628638,0.05254176558120284,7.607376072095434,0.0,1.0,0.9517212829131665,0.0,14.0,0.26679185093228885,0.6666666666666666,0.8102064117577782,0.25,,
breast_w,gain_path_refined,Legacy gain-path refined,budget_50,seed_1,10.0,2,10.82649399271408,238.24803706829508,0.670360067479392,0.1917087901755195,23.805210498686534,480.2961356910593,0.19531196953628638,0.05254176558120284,7.607376072095434,0.0,1.0,0.8976944318047634,0.0,20.0,0.26679185093228885,0.6666666666666666,0.8102064117577782,0.25,0.8874664916553138,0.0
breast_w,gain_path_refined,Legacy gain-path refined,budget_50,seed_2,0.1,0,20.388171550111284,491.28446921962137,0.2642710887825776,0.07945243390080806,33.228776874106075,926.7819833545769,0.22133198074319838,0.08122576406958687,4.321169161562807,0.0,1.0,0.9609458401512825,0.0,6.0,0.2642710887825776,0.6666666666666666,,,,
breast_w,gain_path_refined,Legacy gain-path refined,budget_50,seed_2,0.1,1,13.710104585047047,306.9444702419395,0.5626606246482637,0.13870383699699249,33.228776874106075,926.7819833545769,0.22133198074319838,0.08122576406958687,4.321169161562807,0.0,1.0,0.777980219235159,0.0,14.0,0.2642710887825776,0.6666666666666666,0.7864527765475282,0.25,,
breast_w,gain_path_refined,Legacy gain-path refined,budget_50,seed_2,0.1,2,12.480226522471831,254.93817143413094,1.2334891459455941,0.25603918738761217,33.228776874106075,926.7819833545769,0.22133198074319838,0.08122576406958687,4.321169161562807,0.0,1.0,0.7615010976847645,0.0,21.0,0.2642710887825776,0.6666666666666666,0.7864527765475282,0.25,2.5751461885402547,0.0
breast_w,gain_path_refined,Legacy gain-path refined,budget_50,seed_2,1.0,0,19.62656978193718,463.59061960216144,0.26290222557837056,0.07846132906772964,31.580851250401622,851.6511527530415,0.21482508917869536,0.07622708548285424,4.837530158333408,0.0,1.0,0.9644590206511116,0.0,6.0,0.26290222557837056,0.6666666666666666,,,,
breast_w,gain_path_refined,Legacy gain-path refined,budget_50,seed_2,1.0,1,13.387665599111875,296.5554402676771,0.5870258975363968,0.1638637727957271,31.580851250401622,851.6511527530415,0.21482508917869536,0.07622708548285424,4.837530158333408,0.0,1.0,0.8754936353070466,0.0,14.0,0.26290222557837056,0.6666666666666666,0.8301186515049164,0.0,,
breast_w,gain_path_refined,Legacy gain-path refined,budget_50,seed_2,1.0,2,12.036463799685553,248.2409739517634,1.1792266742235515,0.2812069929155048,31.580851250401622,851.6511527530415,0.21482508917869536,0.07622708548285424,4.837530158333408,0.0,1.0,0.8526954904775392,0.0,21.0,0.26290222557837056,0.6666666666666666,0.8301186515049164,0.0,2.3636282275978613,0.0
breast_w,gain_path_refined,Legacy gain-path refined,budget_50,seed_2,10.0,0,14.430933782114137,323.86899156971697,0.2578887622468196,0.08154702653783834,20.705971900918854,452.0310786861658,0.16988399045472008,0.048799068963382916,7.607376072095434,0.0,1.0,0.9687720943933203,0.0,6.0,0.2578887622468196,0.6666666666666666,,,,
breast_w,gain_path_refined,Legacy gain-path refined,budget_50,seed_2,10.0,1,10.683600929714672,235.91297336685122,0.46571668387491316,0.1415555764504704,20.705971900918854,452.0310786861658,0.16988399045472008,0.048799068963382916,7.607376072095434,0.0,1.0,0.9496902877928813,0.0,14.0,0.2578887622468196,0.6666666666666666,0.6215876250959834,0.25,,
breast_w,gain_path_refined,Legacy gain-path refined,budget_50,seed_2,10.0,2,9.711250511148615,207.30846488491366,0.7682282727041196,0.21174204599165777,20.705971900918854,452.0310786861658,0.16988399045472008,0.048799068963382916,7.607376072095434,0.0,1.0,0.8918564322988415,0.0,21.0,0.2578887622468196,0.6666666666666666,0.6215876250959834,0.25,1.3732514503625326,0.0
breast_w,random,Random,budget_50,seed_0,0.1,0,25.1158583595673,674.0869456627996,0.3172320597029817,0.10980894305622273,43.05237752509491,1218.7522962616322,0.2867655354705126,0.10823905668226726,4.321169161562807,0.0,0.0,0.9286895726603213,0.0,6.0,0.3172320597029817,0.0,,,,
breast_w,random,Random,budget_50,seed_0,0.1,1,16.831271821569466,428.2228531243538,0.6200798727309822,0.16665799870543924,43.05237752509491,1218.7522962616322,0.2867655354705126,0.10823905668226726,4.321169161562807,0.0,0.0,0.7073588878880337,0.0,14.0,0.3172320597029817,0.0,0.8472157325019825,0.0,,
breast_w,random,Random,budget_50,seed_0,0.1,2,12.891658690877394,301.1478207296184,0.927692424165129,0.1958988902246836,43.05237752509491,1218.7522962616322,0.2867655354705126,0.10823905668226726,4.321169161562807,0.0,0.0,0.6245785239645311,0.0,22.0,0.3172320597029817,0.0,0.8472157325019825,0.0,1.4660143891748856,0.0
breast_w,random,Random,budget_50,seed_0,1.0,0,24.246445768409483,643.1859765899185,0.31502051483008325,0.10831881335960401,41.17087422539143,1143.1013317353638,0.2800601116450933,0.10367752854760347,4.837530158333408,0.0,0.0,0.9312817000296079,0.0,6.0,0.31502051483008325,0.0,,,,
breast_w,random,Random,budget_50,seed_0,1.0,1,16.437579640372704,416.6921949325718,0.6139862423944019,0.1891147484891922,41.17087422539143,1143.1013317353638,0.2800601116450933,0.10367752854760347,4.837530158333408,0.0,0.0,0.858398279127628,0.0,14.0,0.31502051483008325,0.0,0.838210538067641,0.0,,
breast_w,random,Random,budget_50,seed_0,1.0,2,12.611959309681465,297.298126580415,0.921641185499708,0.22724929967416624,41.17087422539143,1143.1013317353638,0.2800601116450933,0.10367752854760347,4.837530158333408,0.0,0.0,0.7964318558900242,0.0,22.0,0.31502051483008325,0.0,0.838210538067641,0.0,1.460037335933993,0.0
breast_w,random,Random,budget_50,seed_0,10.0,0,19.035098320867444,470.6660605989676,0.3076429719100208,0.1042153795075415,31.0288923308039,730.9893452333872,0.2545793104410088,0.07996622909394883,7.607376072095434,0.0,0.0,0.9414546415361729,0.0,6.0,0.3076429719100208,0.0,,,,
breast_w,random,Random,budget_50,seed_0,10.0,1,13.736836806426906,335.16763354872216,0.5537968575608876,0.17643879620261949,31.0288923308039,730.9893452333872,0.2545793104410088,0.07996622909394883,7.607376072095434,0.0,0.0,0.9309346129898729,0.0,14.0,0.3076429719100208,0.0,0.7384122717990378,0.0,,
breast_w,random,Random,budget_50,seed_0,10.0,2,10.991235758290255,257.2233823256018,0.6614451739168605,0.18524833303430893,31.0288923308039,730.9893452333872,0.2545793104410088,0.07996622909394883,7.607376072095434,0.0,0.0,0.8734408571419991,0.0,22.0,0.3076429719100208,0.0,0.7384122717990378,0.0,0.8498297275398128,0.125
breast_w,random,Random,budget_50,seed_1,0.1,0,25.000692797213645,522.4510989694355,0.3448239736585283,0.09539873355744388,37.94526427864729,816.0964267428335,0.2527478075535717,0.07247863873845828,4.321169161562807,0.0,1.0,0.9069984469598632,0.0,6.0,0.3448239736585283,0.5,,,,
breast_w,random,Random,budget_50,seed_1,0.1,1,14.923872410851633,299.3677502679887,0.7527710488087952,0.14775680853313586,37.94526427864729,816.0964267428335,0.2527478075535717,0.07247863873845828,4.321169161562807,0.0,1.0,0.6984234723251728,0.0,14.0,0.3448239736585283,0.5,1.0587313551714956,0.0,,
breast_w,random,Random,budget_50,seed_1,0.1,2,13.224762860382981,242.29627959874432,1.2019525387236338,0.192683106698653,37.94526427864729,816.0964267428335,0.2527478075535717,0.07247863873845828,4.321169161562807,0.0,1.0,0.6588282616767579,0.0,20.0,0.3448239736585283,0.5,1.0587313551714956,0.0,2.250042681858256,0.0
breast_w,random,Random,budget_50,seed_1,1.0,0,24.27941506101007,499.97350406114856,0.34410230732496894,0.09392877404214799,36.495248686475236,766.0110267071939,0.24825470952341738,0.06947601921576625,4.837530158333408,0.0,1.0,0.9160068332847993,0.0,6.0,0.34410230732496894,0.5,,,,
breast_w,random,Random,budget_50,seed_1,1.0,1,14.624778524900298,291.2920995943901,0.672572068919073,0.1623072893117661,36.495248686475236,766.0110267071939,0.24825470952341738,0.06947601921576625,4.837530158333408,0.0,1.0,0.8316914278403772,0.0,14.0,0.34410230732496894,0.5,0.9189243901146513,0.0,,
breast_w,random,Random,budget_50,seed_1,1.0,2,12.84677921613528,238.66176130200628,1.0894618963892764,0.21320358975236778,36.495248686475236,766.0110267071939,0.24825470952341738,0.06947601921576625,4.837530158333408,0.0,1.0,0.8018750074506537,0.0,20.0,0.34410230732496894,0.5,0.9189243901146513,0.0,2.0622048271530837,0.0
breast_w,random,Random,budget_50,seed_1,10.0,0,18.914458570239535,380.6740282764932,0.3394962464506636,0.09343582920452566,26.246292368285225,517.0566657614629,0.21534004312870209,0.05656316615070957,7.607376072095434,0.0,1.0,0.937118129089594,0.0,6.0,0.3394962464506636,0.3333333333333333,,,,
breast_w,random,Random,budget_50,seed_1,10.0,1,11.92859144518697,247.72365822273485,0.4733011923497917,0.13468640996677844,26.246292368285225,517.0566657614629,0.21534004312870209,0.05656316615070957,7.607376072095434,0.0,1.0,0.9059431679421716,0.0,14.0,0.3394962464506636,0.3333333333333333,0.5736549017741378,0.0,,
breast_w,random,Random,budget_50,seed_1,10.0,2,10.620527186684381,215.4875836620043,0.6724656925753651,0.16532274329799287,26.246292368285225,517.0566657614629,0.21534004312870209,0.05656316615070957,7.607376072095434,0.0,1.0,0.8782997428517636,0.0,20.0,0.3394962464506636,0.3333333333333333,0.5736549017741378,0.0,1.1371828597683695,0.0
breast_w,random,Random,budget_50,seed_2,0.1,0,29.192323332544916,498.72789081619925,0.4275129198869521,0.0918572643405422,37.78260162065259,739.7800273081893,0.2516643355851835,0.06483638983143465,4.321169161562807,0.0,0.0,0.9588349972163087,0.0,6.0,0.4275129198869521,0.0,,,,
breast_w,random,Random,budget_50,seed_2,0.1,1,20.003174409469246,321.23918781019864,0.7895993373695169,0.1545158562233713,37.78260162065259,739.7800273081893,0.2516643355851835,0.06483638983143465,4.321169161562807,0.0,0.0,0.6751812827807686,0.0,14.0,0.4275129198869521,0.0,1.0611641504814404,0.0,,
breast_w,random,Random,budget_50,seed_2,0.1,2,16.263273746108936,245.29946737973765,1.2839878247958854,0.20109382252218527,37.78260162065259,739.7800273081893,0.2516643355851835,0.06483638983143465,4.321169161562807,0.0,0.0,0.580840818874744,0.0,21.0,0.4275129198869521,0.0,1.0611641504814404,0.0,2.2727647996486224,0.2857142857142857
breast_w,random,Random,budget_50,seed_2,1.0,0,28.21853838183401,476.80721253118423,0.42560255311462863,0.0915184564043559,35.93737550743943,686.9209987424184,0.24445984172563293,0.06148290355956305,4.837530158333408,0.0,0.0,0.9615537464140989,0.0,6.0,0.42560255311462863,0.0,,,,
breast_w,random,Random,budget_50,seed_2,1.0,1,19.395348559809644,312.5279183168719,0.796461544768179,0.1840529395143348,35.93737550743943,686.9209987424184,0.24445984172563293,0.06148290355956305,4.837530158333408,0.0,0.0,0.8472656882717086,0.0,14.0,0.42560255311462863,0.0,1.0746057885083418,0.0,,
breast_w,random,Random,budget_50,seed_2,1.0,2,15.665004667454179,242.06300114046056,1.246587473391819,0.2386061815074453,35.93737550743943,686.9209987424184,0.24445984172563293,0.06148290355956305,4.837530158333408,0.0,0.0,0.7457955380839516,0.0,21.0,0.42560255311462863,0.0,1.0746057885083418,0.0,2.1468393306390987,0.42857142857142855
breast_w,random,Random,budget_50,seed_2,10.0,0,21.962290521602473,376.5379371095962,0.41750561365285926,0.09930555029607606,25.797349898679812,465.8809640356208,0.21165665465574757,0.050294234986629376,7.607376072095434,0.0,0.0,0.9613503137728392,0.0,6.0,0.41750561365285926,0.0,,,,
breast_w,random,Random,budget_50,seed_2,10.0,1,15.295607273144777,268.7267907202698,0.6432175547223077,0.15960950374095886,25.797349898679812,465.8809640356208,0.21165665465574757,0.050294234986629376,7.607376072095434,0.0,0.0,0.9277005606355481,0.0,14.0,0.41750561365285926,0.0,0.8125015105243939,0.375,,
breast_w,random,Random,budget_50,seed_2,10.0,2,12.524863846568,221.36247498309936,0.8655748907416713,0.19529804675624005,25.797349898679812,465.8809640356208,0.21165665465574757,0.050294234986629376,7.607376072095434,0.0,0.0,0.8577677222408211,0.0,21.0,0.41750561365285926,0.0,0.8125015105243939,0.375,1.310289562780399,0.14285714285714285
credit_approval,histdistill_refined,HistDistill-Refined,budget_50,seed_0,0.1,0,23.352638707660457,349.98033836674784,0.6225411370451814,0.09314514375166334,32.25441614959392,467.7555260997199,0.31055300920909684,0.044153517973346865,58.26804526848923,0.0,1.0,0.7320358042409595,0.0,6.0,0.6225411370451814,0.6666666666666666,,,,
credit_approval,histdistill_refined,HistDistill-Refined,budget_50,seed_0,0.1,1,23.80291509811545,357.34325504685705,0.5382925242584689,0.08004196761611618,32.25441614959392,467.7555260997199,0.31055300920909684,0.044153517973346865,58.26804526848923,0.0,1.0,0.7682256680038975,0.0,10.0,0.6225411370451814,0.6666666666666666,0.41191960507839975,0.75,,
credit_approval,histdistill_refined,HistDistill-Refined,budget_50,seed_0,0.1,2,23.99674604168521,373.41629397692986,1.1951452431766931,0.19681528744720506,32.25441614959392,467.7555260997199,0.31055300920909684,0.044153517973346865,58.26804526848923,0.0,1.0,0.7317143032447497,0.0,14.0,0.6225411370451814,0.6666666666666666,0.41191960507839975,0.75,2.8372770404722543,0.25
credit_approval,histdistill_refined,HistDistill-Refined,budget_50,seed_0,1.0,0,22.900170944922692,342.5332489537482,0.6207360577983275,0.09121929841543563,31.70924420441213,457.3194262354197,0.3106816058636516,0.04392877865445023,57.292756662969154,0.0,1.0,0.727449911576822,0.0,6.0,0.6207360577983275,0.6666666666666666,,,,
credit_approval,histdistill_refined,HistDistill-Refined,budget_50,seed_0,1.0,1,23.35156214107918,349.22356109052066,0.5371718574314384,0.07873341191376601,31.70924420441213,457.3194262354197,0.3106816058636516,0.04392877865445023,57.292756662969154,0.0,1.0,0.7662552057195468,0.0,10.0,0.6207360577983275,0.6666666666666666,0.41182555688110467,0.75,,
credit_approval,histdistill_refined,HistDistill-Refined,budget_50,seed_0,1.0,2,23.282672575327837,358.54801835752215,1.252519658638523,0.2035187696665049,31.70924420441213,457.3194262354197,0.3106816058636516,0.04392877865445023,57.292756662969154,0.0,1.0,0.7426173857561656,0.0,14.0,0.6207360577983275,0.6666666666666666,0.41182555688110467,0.75,3.040889161656235,0.5
credit_approval,histdistill_refined,HistDistill-Refined,budget_50,seed_0,10.0,0,19.242648230104376,277.51705159777674,0.6124752350896256,0.08646634798919621,27.117146505302244,367.38647803204805,0.3116692590893869,0.04139739154444646,49.057278615276175,0.0,1.0,0.7225599573001404,0.0,6.0,0.6124752350896256,0.8333333333333334,,,,
credit_approval,histdistill_refined,HistDistill-Refined,budget_50,seed_0,10.0,1,19.668727357669226,285.4934216087728,0.5319343543828559,0.07554388458339836,27.117146505302244,367.38647803204805,0.3116692590893869,0.04139739154444646,49.057278615276175,0.0,1.0,0.7654511724806813,0.0,10.0,0.6124752350896256,0.8333333333333334,0.4111230333227015,1.0,,
credit_approval,histdistill_refined,HistDistill-Refined,budget_50,seed_0,10.0,2,18.474586452788383,272.99713726241066,1.2734157504793993,0.1945217729507036,27.117146505302244,367.38647803204805,0.3116692590893869,0.04139739154444646,49.057278615276175,0.0,1.0,0.7634405260738278,0.0,14.0,0.6124752350896256,0.8333333333333334,0.4111230333227015,1.0,3.1271192407207575,0.5
credit_approval,histdistill_refined,HistDistill-Refined,budget_50,seed_1,0.1,0,25.369460007606587,388.62823597011715,0.35962623071431304,0.05246602292045588,30.403881099564614,482.2230395279041,0.2927356279931996,0.04464380204224474,58.26804526848923,0.0,1.0,0.8391861978051656,0.2,5.0,0.35962623071431304,1.0,,,,
credit_approval,histdistill_refined,HistDistill-Refined,budget_50,seed_1,0.1,1,24.810079886277922,378.85261257207526,0.36705851990554783,0.053033863271980314,30.403881099564614,482.2230395279041,0.2927356279931996,0.04464380204224474,58.26804526848923,0.0,1.0,0.8349822364764815,0.2222222222222222,9.0,0.35962623071431304,1.0,0.37634888139459133,1.0,,
credit_approval,histdistill_refined,HistDistill-Refined,budget_50,seed_1,0.1,2,20.13758079807682,323.0163147461954,0.5701685880186216,0.09992873935931483,30.403881099564614,482.2230395279041,0.2927356279931996,0.04464380204224474,58.26804526848923,0.0,1.0,0.7020175419148197,0.13333333333333333,15.0,0.35962623071431304,1.0,0.37634888139459133,1.0,0.8748336901882322,0.3333333333333333
credit_approval,histdistill_refined,HistDistill-Refined,budget_50,seed_1,1.0,0,24.913937011921348,375.2958535975687,0.359585554784651,0.051583367164570404,29.88715122765643,464.4829151782508,0.2928290588776035,0.04418370902278837,57.292756662969154,0.0,1.0,0.8471657302626868,0.2,5.0,0.359585554784651,1.0,,,,
credit_approval,histdistill_refined,HistDistill-Refined,budget_50,seed_1,1.0,1,24.361357654617454,366.1170341473598,0.36700294321876736,0.052163957736585526,29.88715122765643,464.4829151782508,0.2928290588776035,0.04418370902278837,57.292756662969154,0.0,1.0,0.8423009706674929,0.2222222222222222,9.0,0.359585554784651,1.0,0.3762746787614129,1.0,,
credit_approval,histdistill_refined,HistDistill-Refined,budget_50,seed_1,1.0,2,19.446414158006,307.61637818694794,0.552241672775907,0.09789419764147886,29.88715122765643,464.4829151782508,0.2928290588776035,0.04418370902278837,57.292756662969154,0.0,1.0,0.6913591903071143,0.13333333333333333,15.0,0.359585554784651,1.0,0.3762746787614129,1.0,0.8300997671116163,0.3333333333333333
credit_approval,histdistill_refined,HistDistill-Refined,budget_50,seed_1,10.0,0,21.129274983277327,300.40931049876934,0.3593616827581232,0.04945810917853809,25.54039563240036,362.25690070427805,0.2935469697021247,0.04042308209064082,49.057278615276175,0.0,1.0,0.8554645662364724,0.2,5.0,0.3593616827581232,1.0,,,,
credit_approval,histdistill_refined,HistDistill-Refined,budget_50,seed_1,10.0,1,20.639150466708102,295.2062375255003,0.3666744286532342,0.05037478573902512,25.54039563240036,362.25690070427805,0.2935469697021247,0.04042308209064082,49.057278615276175,0.0,1.0,0.8497849000752385,0.2222222222222222,9.0,0.3593616827581232,1.0,0.37581536102212276,1.0,,
credit_approval,histdistill_refined,HistDistill-Refined,budget_50,seed_1,10.0,2,15.673485766383354,238.9257074980501,0.5361795418650499,0.09926111993100699,25.54039563240036,362.25690070427805,0.2935469697021247,0.04042308209064082,49.057278615276175,0.0,1.0,0.6904366381748833,0.13333333333333333,15.0,0.3593616827581232,1.0,0.37581536102212276,1.0,0.7904372116827738,0.5
credit_approval,histdistill_refined,HistDistill-Refined,budget_50,seed_2,0.1,0,28.868433120710684,456.020739871942,0.42881610816311627,0.063577570144417,35.57669452512195,581.4930080357568,0.3425406769493957,0.05435679342612737,58.26804526848923,0.0,1.0,0.8566812614816458,0.0,5.0,0.42881610816311627,1.0,,,,
credit_approval,histdistill_refined,HistDistill-Refined,budget_50,seed_2,0.1,1,28.12307074244276,443.7861167252819,0.43840226718686304,0.06547508591449931,35.57669452512195,581.4930080357568,0.3425406769493957,0.05435679342612737,58.26804526848923,0.0,1.0,0.8478841159476035,0.0,9.0,0.42881610816311627,1.0,0.4503849659665464,1.0,,
credit_approval,histdistill_refined,HistDistill-Refined,budget_50,seed_2,0.1,2,23.623623134611357,391.7332860386349,0.6178419045841026,0.11113818621932073,35.57669452512195,581.4930080357568,0.3425406769493957,0.05435679342612737,58.26804526848923,0.0,1.0,0.710263701833912,0.0,15.0,0.42881610816311627,1.0,0.4503849659665464,1.0,0.8870013606799619,0.3333333333333333
credit_approval,histdistill_refined,HistDistill-Refined,budget_50,seed_2,1.0,0,28.3486395573156,443.7341323395152,0.42877306320837827,0.06321345854447555,34.97137929084009,561.7274519834983,0.3426434325367258,0.05395791100640598,57.292756662969154,0.0,1.0,0.8601109535275155,0.0,5.0,0.42877306320837827,1.0,,,,
credit_approval,histdistill_refined,HistDistill-Refined,budget_50,seed_2,1.0,1,27.612779586923992,431.5572846555499,0.4383430221718952,0.06499265944763875,34.97137929084009,561.7274519834983,0.3426434325367258,0.05395791100640598,57.292756662969154,0.0,1.0,0.8531990592364819,0.0,9.0,0.42877306320837827,1.0,0.45030547087629136,1.0,,
credit_approval,histdistill_refined,HistDistill-Refined,budget_50,seed_2,1.0,2,23.010347914727564,376.32503195635655,0.610252174390792,0.1078875693244339,34.97137929084009,561.7274519834983,0.3426434325367258,0.05395791100640598,57.292756662969154,0.0,1.0,0.7123876335736531,0.0,15.0,0.42877306320837827,1.0,0.45030547087629136,1.0,0.8681159027191373,0.3333333333333333
credit_approval,histdistill_refined,HistDistill-Refined,budget_50,seed_2,10.0,0,24.02916255178841,356.8664646034039,0.42844740674446075,0.06029493554243901,29.88077271540996,445.20592136799513,0.34343282732234476,0.050166146406643776,49.057278615276175,0.0,1.0,0.8676922714264738,0.0,5.0,0.42844740674446075,1.0,,,,
credit_approval,histdistill_refined,HistDistill-Refined,budget_50,seed_2,10.0,1,23.378983644719348,347.88197185474706,0.4378934711246958,0.06208407401221486,29.88077271540996,445.20592136799513,0.34343282732234476,0.050166146406643776,49.057278615276175,0.0,1.0,0.8633133738002744,0.0,9.0,0.42844740674446075,1.0,0.4497010515999897,1.0,,
credit_approval,histdistill_refined,HistDistill-Refined,budget_50,seed_2,10.0,2,18.879028273419294,291.9366995042644,0.605542129887219,0.10306918196255918,29.88077271540996,445.20592136799513,0.34343282732234476,0.050166146406643776,49.057278615276175,0.0,1.0,0.7066255193241743,0.0,15.0,0.42844740674446075,1.0,0.4497010515999897,1.0,0.8570151180310037,0.3333333333333333
credit_approval,histdistill_density,HistDistill-Density,budget_50,seed_0,0.1,0,21.61823240488683,305.33057776206215,0.5711783789843558,0.08200284688520092,29.89079044164214,405.4760796103219,0.28779547198244176,0.03827468489387729,58.26804526848923,0.0,1.0,0.7833051761380054,0.0,6.0,0.5711783789843558,0.6666666666666666,,,,
credit_approval,histdistill_density,HistDistill-Density,budget_50,seed_0,0.1,1,22.052862527465976,310.6428094833826,0.4958799027734804,0.07034664512203626,29.89079044164214,405.4760796103219,0.28779547198244176,0.03827468489387729,58.26804526848923,0.0,1.0,0.8145610781815813,0.0,10.0,0.5711783789843558,0.6666666666666666,0.38293218845716726,0.75,,
credit_approval,histdistill_density,HistDistill-Density,budget_50,seed_0,0.1,2,22.18777091969232,324.3557552684283,1.0954807008846814,0.17023772198630335,29.89079044164214,405.4760796103219,0.28779547198244176,0.03827468489387729,58.26804526848923,0.0,1.0,0.7696343137246163,0.0,14.0,0.5711783789843558,0.6666666666666666,0.38293218845716726,0.75,2.594482696162684,0.25
credit_approval,histdistill_density,HistDistill-Density,budget_50,seed_0,1.0,0,21.118088972480013,295.22164455188175,0.5541213567973826,0.07980900656309703,29.39087615483976,390.92580913430163,0.2879666428711277,0.03755120022155434,57.292756662969154,0.0,1.0,0.7829641195471732,0.0,6.0,0.5541213567973826,0.6666666666666666,,,,
credit_approval,histdistill_density,HistDistill-Density,budget_50,seed_0,1.0,1,21.586461565070135,300.9686605431399,0.4856154628724466,0.06879670584755868,29.39087615483976,390.92580913430163,0.2879666428711277,0.03755120022155434,57.292756662969154,0.0,1.0,0.8163343980756551,0.0,10.0,0.5541213567973826,0.6666666666666666,0.38285662198504256,0.75,,
credit_approval,histdistill_density,HistDistill-Density,budget_50,seed_0,1.0,2,21.498749370124475,309.27599367780516,1.1417882186314579,0.17502779899620993,29.39087615483976,390.92580913430163,0.2879666428711277,0.03755120022155434,57.292756662969154,0.0,1.0,0.7848066075631529,0.0,14.0,0.5541213567973826,0.6666666666666666,0.38285662198504256,0.75,2.7822201080289855,0.5
credit_approval,histdistill_density,HistDistill-Density,budget_50,seed_0,10.0,0,17.712526020055787,235.96973507940072,0.5339829930498721,0.07475796197112504,25.16920060659789,312.12052153190353,0.289280662454535,0.035169980964258336,49.057278615276175,0.0,1.0,0.7755461886410607,0.0,6.0,0.5339829930498721,0.8333333333333334,,,,
credit_approval,histdistill_density,HistDistill-Density,budget_50,seed_0,10.0,1,18.165081965818338,241.59003044678025,0.47328252862477943,0.06489256434323833,25.16920060659789,312.12052153190353,0.289280662454535,0.035169980964258336,49.057278615276175,0.0,1.0,0.8128721588830397,0.0,10.0,0.5339829930498721,0.8333333333333334,0.3822318319871406,1.0,,
credit_approval,histdistill_density,HistDistill-Density,budget_50,seed_0,10.0,2,17.062415187205204,231.81688414931014,1.1554024886674543,0.1670361713102261,25.16920060659789,312.12052153190353,0.289280662454535,0.035169980964258336,49.057278615276175,0.0,1.0,0.8046947372607335,0.0,14.0,0.5339829930498721,0.8333333333333334,0.3822318319871406,1.0,2.8607023887741416,0.5
credit_approval,histdistill_density,HistDistill-Density,budget_50,seed_1,0.1,0,23.308266904022286,350.2802224873575,0.3303532239383381,0.04774628742487693,27.988123909024353,427.61693634472084,0.2694761567455628,0.039588415092680795,58.26804526848923,1.0,1.0,0.8638000321918501,0.6,5.0,0.3303532239383381,1.0,,,,
credit_approval,histdistill_density,HistDistill-Density,budget_50,seed_1,0.1,1,22.78828279235539,342.0594121684616,0.3371173425153131,0.04836843590287763,27.988123909024353,427.61693634472084,0.2694761567455628,0.039588415092680795,58.26804526848923,1.0,1.0,0.8598240847771983,0.5555555555555556,9.0,0.3303532239383381,1.0,0.3455724907365319,1.0,,
credit_approval,histdistill_density,HistDistill-Density,budget_50,seed_1,0.1,2,18.626767326796507,296.4094794994596,0.5332586174703233,0.0938491697888432,27.988123909024353,427.61693634472084,0.2694761567455628,0.039588415092680795,58.26804526848923,1.0,1.0,0.7132121144923739,0.3333333333333333,15.0,0.3303532239383381,1.0,0.3455724907365319,1.0,0.8274705299028385,0.3333333333333333
credit_approval,histdistill_density,HistDistill-Density,budget_50,seed_1,1.0,0,22.89121544088239,337.96654584174286,0.3303189814765814,0.04689615602372259,27.517852624817976,411.2754919876341,0.26961508726872063,0.03912237904210569,57.292756662969154,1.0,1.0,0.8723424584020005,0.6,5.0,0.3303189814765814,1.0,,,,
credit_approval,histdistill_density,HistDistill-Density,budget_50,seed_1,1.0,1,22.37714464266733,330.35323856392483,0.33706385861078814,0.04753760696828212,27.517852624817976,411.2754919876341,0.26961508726872063,0.03912237904210569,57.292756662969154,1.0,1.0,0.8678110330122091,0.5555555555555556,9.0,0.3303189814765814,1.0,0.34549495502854666,1.0,,
credit_approval,histdistill_density,HistDistill-Density,budget_50,seed_1,1.0,2,17.98674630326276,281.94581692924646,0.5171653678162426,0.09180562630238452,27.517852624817976,411.2754919876341,0.26961508726872063,0.03912237904210569,57.292756662969154,1.0,1.0,0.7022010536279398,0.3333333333333333,15.0,0.3303189814765814,1.0,0.34549495502854666,1.0,0.7873176316244243,0.3333333333333333
credit_approval,histdistill_density,HistDistill-Density,budget_50,seed_1,10.0,0,19.421741921115217,269.00966391743907,0.3300929342695883,0.04468845485862462,23.551008710060273,318.5020655433213,0.27068207320548865,0.03554062080381591,49.057278615276175,1.0,1.0,0.8786460115231429,0.6,5.0,0.3300929342695883,1.0,,,,
credit_approval,histdistill_density,HistDistill-Density,budget_50,seed_1,10.0,1,18.96293450012132,264.9237103689562,0.3366941410544883,0.045617610113718024,23.551008710060273,318.5020655433213,0.27068207320548865,0.03554062080381591,49.057278615276175,1.0,1.0,0.8740467894378143,0.5555555555555556,9.0,0.3300929342695883,1.0,0.34494564953561324,1.0,,
credit_approval,histdistill_density,HistDistill-Density,budget_50,seed_1,10.0,2,14.589634535045015,218.09112941234105,0.5198520998900708,0.09329382054292741,23.551008710060273,318.5020655433213,0.27068207320548865,0.03554062080381591,49.057278615276175,1.0,1.0,0.7062703297398555,0.3333333333333333,15.0,0.3300929342695883,1.0,0.34494564953561324,1.0,0.7945890381434445,0.3333333333333333
credit_approval,histdistill_density,HistDistill-Density,budget_50,seed_2,0.1,0,24.248303486621733,390.10816839809956,0.36223585508650447,0.054490616566497875,29.80050518645271,497.8509295420342,0.28692618457831554,0.046538100648078284,58.26804526848923,0.0,1.0,0.8895872576272877,0.0,5.0,0.36223585508650447,1.0,,,,
credit_approval,histdistill_density,HistDistill-Density,budget_50,seed_2,0.1,1,23.631392186640515,381.0622778625888,0.37060359625408096,0.0564344795645285,29.80050518645271,497.8509295420342,0.28692618457831554,0.046538100648078284,58.26804526848923,0.0,1.0,0.879812671502514,0.0,9.0,0.36223585508650447,1.0,0.3810632727135516,1.0,,
credit_approval,histdistill_density,HistDistill-Density,budget_50,seed_2,0.1,2,20.36122711371561,338.4875392845613,0.554769262784852,0.09787714206855577,29.80050518645271,497.8509295420342,0.28692618457831554,0.046538100648078284,58.26804526848923,0.0,1.0,0.7423488781392256,0.06666666666666667,15.0,0.36223585508650447,1.0,0.3810632727135516,1.0,0.8310177625810088,0.3333333333333333
credit_approval,histdistill_density,HistDistill-Density,budget_50,seed_2,1.0,0,23.814219694970333,379.5337030041321,0.3622225198673821,0.05413242486707417,29.300752822416953,481.04694720514476,0.28708363028771816,0.04620797555032255,57.292756662969154,0.0,1.0,0.8925006255530835,0.0,5.0,0.3622225198673821,1.0,,,,
credit_approval,histdistill_density,HistDistill-Density,budget_50,seed_2,1.0,1,23.204604903031818,370.4923879693265,0.3705712853762336,0.05595882728261508,29.300752822416953,481.04694720514476,0.28708363028771816,0.04620797555032255,57.292756662969154,0.0,1.0,0.8851628942180843,0.0,9.0,0.3622225198673821,1.0,0.38100724226229804,1.0,,
credit_approval,histdistill_density,HistDistill-Density,budget_50,seed_2,1.0,2,19.82086835641927,324.92492525289447,0.5501877987372017,0.09500291159073797,29.300752822416953,481.04694720514476,0.28708363028771816,0.04620797555032255,57.292756662969154,0.0,1.0,0.7457198029819277,0.06666666666666667,15.0,0.3622225198673821,1.0,0.38100724226229804,1.0,0.8196125687786537,0.3333333333333333
credit_approval,histdistill_density,HistDistill-Density,budget_50,seed_2,10.0,0,20.20002959909428,304.2152119230833,0.36206730321869207,0.05138690950170721,25.08322363726586,379.63893456651834,0.2882924914342093,0.042778007791554315,49.057278615276175,0.0,1.0,0.9018671528090139,0.0,5.0,0.36206730321869207,1.0,,,,
credit_approval,histdistill_density,HistDistill-Density,budget_50,seed_2,10.0,1,19.657452483741885,297.4105550960133,0.37026450452807896,0.05312328900157083,25.08322363726586,379.63893456651834,0.2882924914342093,0.042778007791554315,49.057278615276175,0.0,1.0,0.8966548528691258,0.0,9.0,0.36206730321869207,1.0,0.3805110061648127,1.0,,
credit_approval,histdistill_density,HistDistill-Density,budget_50,seed_2,10.0,2,16.192203582925995,250.50171707181616,0.5499399623196305,0.09049341433044261,25.08322363726586,379.63893456651834,0.2882924914342093,0.042778007791554315,49.057278615276175,0.0,1.0,0.7432551646845859,0.06666666666666667,15.0,0.36206730321869207,1.0,0.3805110061648127,1.0,0.8194531490069578,0.3333333333333333
credit_approval,gain_path_refined,Legacy gain-path refined,budget_50,seed_0,0.1,0,6.250839865310289,128.4744647533846,0.22304344314257418,0.03855690485535266,8.68707604910827,155.89952803570569,0.08364118562142413,0.014716047655401384,58.26804526848923,1.0,1.0,0.9342815404378041,0.8333333333333334,6.0,0.22304344314257418,0.8333333333333334,,,,
credit_approval,gain_path_refined,Legacy gain-path refined,budget_50,seed_0,0.1,1,6.146532723046782,130.58801870042214,0.1725160092805577,0.03204768445958426,8.68707604910827,155.89952803570569,0.08364118562142413,0.014716047655401384,58.26804526848923,1.0,1.0,0.9460820731353081,0.9,10.0,0.22304344314257418,0.8333333333333334,0.09672485848753298,1.0,,
credit_approval,gain_path_refined,Legacy gain-path refined,budget_50,seed_0,0.1,2,8.871057519694048,163.0009515608962,0.7627759628539204,0.11355317308754682,8.68707604910827,155.89952803570569,0.08364118562142413,0.014716047655401384,58.26804526848923,1.0,1.0,0.8722846159381522,0.7142857142857143,14.0,0.22304344314257418,0.8333333333333334,0.09672485848753298,1.0,2.2384258467873273,0.25
credit_approval,gain_path_refined,Legacy gain-path refined,budget_50,seed_0,1.0,0,6.107396570393713,122.94420389098383,0.22177813265547597,0.037167283470377684,8.455526253596808,147.52638298151484,0.08284576125356517,0.014170956779672195,57.292756662969154,1.0,1.0,0.9357291763296631,0.8333333333333334,6.0,0.22177813265547597,0.8333333333333334,,,,
credit_approval,gain_path_refined,Legacy gain-path refined,budget_50,seed_0,1.0,1,6.0168526138591645,125.53831775117683,0.17181253951257994,0.031077713648915074,8.455526253596808,147.52638298151484,0.08284576125356517,0.014170956779672195,57.292756662969154,1.0,1.0,0.9474258350730601,0.9,10.0,0.22177813265547597,0.8333333333333334,0.09686414979823585,1.0,,
credit_approval,gain_path_refined,Legacy gain-path refined,budget_50,seed_0,1.0,2,8.477192223456658,152.77269160111675,0.8085816997324714,0.1160727729423608,8.455526253596808,147.52638298151484,0.08284576125356517,0.014170956779672195,57.292756662969154,1.0,1.0,0.8878476193485307,0.7142857142857143,14.0,0.22177813265547597,0.8333333333333334,0.09686414979823585,1.0,2.4005046002822006,0.5
credit_approval,gain_path_refined,Legacy gain-path refined,budget_50,seed_0,10.0,0,5.061602144419656,101.58452719988486,0.21915696794564932,0.03554409965984615,6.703826401951535,113.88906525869203,0.07705001731474834,0.012833107664713269,49.057278615276175,1.0,1.0,0.925205539955969,0.8333333333333334,6.0,0.21915696794564932,0.8333333333333334,,,,
credit_approval,gain_path_refined,Legacy gain-path refined,budget_50,seed_0,10.0,1,5.057536953455911,105.6035546846482,0.17161347704966673,0.03047244213141887,6.703826401951535,113.88906525869203,0.07705001731474834,0.012833107664713269,49.057278615276175,1.0,1.0,0.9401879846435172,0.9,10.0,0.21915696794564932,0.8333333333333334,0.10029824070569285,1.0,,
credit_approval,gain_path_refined,Legacy gain-path refined,budget_50,seed_0,10.0,2,6.176871000352213,113.28607475661525,0.828128837093092,0.11132577291995592,6.703826401951535,113.88906525869203,0.07705001731474834,0.012833107664713269,49.057278615276175,1.0,1.0,0.905306976881458,0.7142857142857143,14.0,0.21915696794564932,0.8333333333333334,0.10029824070569285,1.0,2.4694172372016556,0.5
credit_approval,gain_path_refined,Legacy gain-path refined,budget_50,seed_1,0.1,0,6.970794435863231,153.4543716498506,0.10035609873100045,0.02118024885344621,8.68707604910827,180.08761134551474,0.08364118562142413,0.016672359078987224,58.26804526848923,1.0,1.0,0.9599955818441753,1.0,5.0,0.10035609873100045,1.0,,,,
credit_approval,gain_path_refined,Legacy gain-path refined,budget_50,seed_1,0.1,1,6.796998961590604,149.09056060167046,0.10250356577112543,0.021506023516135276,8.68707604910827,180.08761134551474,0.08364118562142413,0.016672359078987224,58.26804526848923,1.0,1.0,0.9587325987236098,1.0,9.0,0.10035609873100045,1.0,0.10518789957128166,1.0,,
credit_approval,gain_path_refined,Legacy gain-path refined,budget_50,seed_1,0.1,2,6.960623645419584,142.05421869608492,0.2983051611107749,0.0517257704837576,8.68707604910827,180.08761134551474,0.08364118562142413,0.016672359078987224,58.26804526848923,1.0,1.0,0.8428412474832955,0.6666666666666666,15.0,0.10035609873100045,1.0,0.10518789957128166,1.0,0.5920075541202491,0.5
credit_approval,gain_path_refined,Legacy gain-path refined,budget_50,seed_1,1.0,0,6.79740911089929,145.5526209439367,0.09974075803460825,0.020462155308968482,8.455526253596808,170.19479354401207,0.08284576125356517,0.016189696088727706,57.292756662969154,1.0,1.0,0.9613274214975425,1.0,5.0,0.09974075803460825,1.0,,,,
credit_approval,gain_path_refined,Legacy gain-path refined,budget_50,seed_1,1.0,1,6.613173872821788,141.43653331257343,0.1016179798991686,0.020732112192392984,8.455526253596808,170.19479354401207,0.08284576125356517,0.016189696088727706,57.292756662969154,1.0,1.0,0.9606441310912412,1.0,9.0,0.09974075803460825,1.0,0.10396450722986902,1.0,,
credit_approval,gain_path_refined,Legacy gain-path refined,budget_50,seed_1,1.0,2,6.531881778190312,133.22574787676814,0.28191914918298266,0.05042690340814568,8.455526253596808,170.19479354401207,0.08284576125356517,0.016189696088727706,57.292756662969154,1.0,1.0,0.8449321132546509,0.7333333333333333,15.0,0.09974075803460825,1.0,0.10396450722986902,1.0,0.5523709031087037,0.5
credit_approval,gain_path_refined,Legacy gain-path refined,budget_50,seed_1,10.0,0,5.647726805215494,113.91162656338959,0.09887204512479501,0.019599776327586842,6.703826401951535,127.57086606966422,0.07705001731474834,0.014235222521593453,49.057278615276175,1.0,1.0,0.9607962097908682,1.0,5.0,0.09887204512479501,1.0,,,,
credit_approval,gain_path_refined,Legacy gain-path refined,budget_50,seed_1,10.0,1,5.530382405578155,112.29435464724465,0.10129671488146687,0.020060399221399034,6.703826401951535,127.57086606966422,0.07705001731474834,0.014235222521593453,49.057278615276175,1.0,1.0,0.9605738244602896,1.0,9.0,0.09887204512479501,1.0,0.10432755207730669,1.0,,
credit_approval,gain_path_refined,Legacy gain-path refined,budget_50,seed_1,10.0,2,4.978516435772047,104.72356829535036,0.28027350175169197,0.05763821503208855,6.703826401951535,127.57086606966422,0.07705001731474834,0.014235222521593453,49.057278615276175,1.0,1.0,0.8730509721610299,0.6666666666666666,15.0,0.09887204512479501,1.0,0.10432755207730669,1.0,0.5487386820570296,0.5
credit_approval,gain_path_refined,Legacy gain-path refined,budget_50,seed_2,0.1,0,9.115001097171145,169.25094420079208,0.13242953330566565,0.023190151959397765,11.167739024159673,220.6659903394525,0.10752558483556098,0.020627411658088013,58.26804526848923,1.0,1.0,0.9599148106298102,1.0,5.0,0.13242953330566565,1.0,,,,
credit_approval,gain_path_refined,Legacy gain-path refined,budget_50,seed_2,0.1,1,8.886919105283532,164.53566511892907,0.13519663869123283,0.023754452598756068,11.167739024159673,220.6659903394525,0.10752558483556098,0.020627411658088013,58.26804526848923,1.0,1.0,0.9590103198098965,1.0,9.0,0.13242953330566565,1.0,0.13865552042319182,1.0,,
credit_approval,gain_path_refined,Legacy gain-path refined,budget_50,seed_2,0.1,2,8.233508507144414,159.49872322032803,0.2922577101841944,0.054864912842426596,11.167739024159673,220.6659903394525,0.10752558483556098,0.020627411658088013,58.26804526848923,1.0,1.0,0.8593226935618862,0.7333333333333333,15.0,0.13242953330566565,1.0,0.13865552042319182,1.0,0.5278493174236367,0.5
credit_approval,gain_path_refined,Legacy gain-path refined,budget_50,seed_2,1.0,0,8.864522448819255,161.8468284878852,0.13084698894792418,0.022634879646478156,10.928807384071263,208.95070194802065,0.10707853540657236,0.02007119883606573,57.292756662969154,1.0,1.0,0.9603909972708304,1.0,5.0,0.13084698894792418,1.0,,,,
credit_approval,gain_path_refined,Legacy gain-path refined,budget_50,seed_2,1.0,1,8.635157456013479,156.8795368742991,0.1334879282302966,0.023096008324848125,10.928807384071263,208.95070194802065,0.10707853540657236,0.02007119883606573,57.292756662969154,1.0,1.0,0.9607024385628089,1.0,9.0,0.13084698894792418,1.0,0.1367891023332621,1.0,,
credit_approval,gain_path_refined,Legacy gain-path refined,budget_50,seed_2,1.0,2,7.830623184796497,149.92356078355752,0.2754398572841226,0.05256917101086914,10.928807384071263,208.95070194802065,0.10707853540657236,0.02007119883606573,57.292756662969154,1.0,1.0,0.866391573941522,0.7333333333333333,15.0,0.13084698894792418,1.0,0.1367891023332621,1.0,0.4883677508648618,0.6666666666666666
credit_approval,gain_path_refined,Legacy gain-path refined,budget_50,seed_2,10.0,0,6.937428911829008,128.6477210412379,0.11829378661578287,0.021771459031427312,9.026307161631735,160.40480568522085,0.10374330738777833,0.018074537152624016,49.057278615276175,1.0,1.0,0.961240675627867,1.0,5.0,0.11829378661578287,1.0,,,,
credit_approval,gain_path_refined,Legacy gain-path refined,budget_50,seed_2,10.0,1,6.705331328517594,125.26475799461738,0.11991050653000561,0.022347498702701727,9.026307161631735,160.40480568522085,0.10374330738777833,0.018074537152624016,49.057278615276175,1.0,1.0,0.9605791995772345,1.0,9.0,0.11829378661578287,1.0,0.12193140642278402,1.0,,
credit_approval,gain_path_refined,Legacy gain-path refined,budget_50,seed_2,10.0,2,5.829987635099945,114.68422338186272,0.26337019811208684,0.0541889078784249,9.026307161631735,160.40480568522085,0.10374330738777833,0.018074537152624016,49.057278615276175,1.0,1.0,0.8769766545129867,0.7333333333333333,15.0,0.11829378661578287,1.0,0.12193140642278402,1.0,0.4785597354852087,0.6666666666666666
credit_approval,random,Random,budget_50,seed_0,0.1,0,21.560050031681012,556.6736956266569,0.5591678841769999,0.13155947716872896,30.698559394090424,800.5716343149342,0.2955728590467447,0.07556950601827915,58.26804526848923,0.0,1.0,0.6053450034118144,0.0,6.0,0.5591678841769999,0.8333333333333334,,,,
credit_approval,random,Random,budget_50,seed_0,0.1,1,21.913279186055714,565.8641636166797,0.48265670095534896,0.1151246112186792,30.698559394090424,800.5716343149342,0.2955728590467447,0.07556950601827915,58.26804526848923,0.0,1.0,0.6299409224467019,0.0,10.0,0.5591678841769999,0.8333333333333334,0.36788992612287247,1.0,,
credit_approval,random,Random,budget_50,seed_0,0.1,2,19.82370665109733,501.22206760073317,0.6992373458714753,0.14448801898254907,30.698559394090424,800.5716343149342,0.2955728590467447,0.07556950601827915,58.26804526848923,0.0,1.0,0.5625684729886561,0.0,14.0,0.5591678841769999,0.8333333333333334,0.36788992612287247,1.0,1.2406889581617915,0.5
credit_approval,random,Random,budget_50,seed_0,1.0,0,20.851675806697852,535.0450476969007,0.5555431787697516,0.12760313882629815,29.762049473322488,770.3225201096544,0.29160333385930043,0.07399494868826198,57.292756662969154,0.0,1.0,0.6110809703657037,0.0,6.0,0.5555431787697516,0.8333333333333334,,,,
credit_approval,random,Random,budget_50,seed_0,1.0,1,21.183037423022732,545.4636560342935,0.4783609655114288,0.11213688083415314,29.762049473322488,770.3225201096544,0.29160333385930043,0.07399494868826198,57.292756662969154,0.0,1.0,0.6344822678658788,0.0,10.0,0.5555431787697516,0.8333333333333334,0.36258764562394485,1.0,,
credit_approval,random,Random,budget_50,seed_0,1.0,2,19.102168162577094,481.3050482164711,0.7176762637526772,0.14502529772517106,29.762049473322488,770.3225201096544,0.29160333385930043,0.07399494868826198,57.292756662969154,0.0,1.0,0.610525006590518,0.0,14.0,0.5555431787697516,0.8333333333333334,0.36258764562394485,1.0,1.3159645093557981,0.5
credit_approval,random,Random,budget_50,seed_0,10.0,0,15.827840648248666,410.99826018898847,0.5300657000597709,0.11080741313041599,22.991324217283278,609.5631228183668,0.2642493738374516,0.06868604256078849,49.057278615276175,1.0,1.0,0.6310401822820951,0.5,6.0,0.5300657000597709,0.8333333333333334,,,,
credit_approval,random,Random,budget_50,seed_0,10.0,1,16.027887336531403,422.13205116530753,0.4485087842341656,0.09917136205992902,22.991324217283278,609.5631228183668,0.2642493738374516,0.06868604256078849,49.057278615276175,1.0,1.0,0.6485987188712985,0.5,10.0,0.5300657000597709,0.8333333333333334,0.32617341049575754,1.0,,
credit_approval,random,Random,budget_50,seed_0,10.0,2,14.371926023890952,368.403735603727,0.7188444239295364,0.1372897563815483,22.991324217283278,609.5631228183668,0.2642493738374516,0.06868604256078849,49.057278615276175,1.0,1.0,0.6486047853502502,0.35714285714285715,14.0,0.5300657000597709,0.8333333333333334,0.32617341049575754,1.0,1.394683523167963,0.5
credit_approval,random,Random,budget_50,seed_1,0.1,0,14.099366829687558,406.12794890208625,0.19831760527755055,0.053990790768403664,16.197830056141914,508.53592503834835,0.1559564694416506,0.04707982677685418,58.26804526848923,1.0,1.0,0.7985886768513173,0.8,5.0,0.19831760527755055,1.0,,,,
credit_approval,random,Random,budget_50,seed_1,0.1,1,13.866204248970405,396.5736775603798,0.20302439814820614,0.0551548067526244,16.197830056141914,508.53592503834835,0.1559564694416506,0.04707982677685418,58.26804526848923,1.0,1.0,0.7911443078845863,0.7777777777777778,9.0,0.19831760527755055,1.0,0.2089078892365256,1.0,,
credit_approval,random,Random,budget_50,seed_1,0.1,2,12.193817401023004,318.23719766477063,0.390463082200936,0.08304548008744782,16.197830056141914,508.53592503834835,0.1559564694416506,0.04707982677685418,58.26804526848923,1.0,1.0,0.6853772808967111,0.5333333333333333,15.0,0.19831760527755055,1.0,0.2089078892365256,1.0,0.6716211082800309,1.0
credit_approval,random,Random,budget_50,seed_1,1.0,0,13.846446113513917,396.1198860141034,0.19822210549269992,0.05364719283491226,15.922002990202293,491.1188295991156,0.15600098903882467,0.046717437291083755,57.292756662969154,1.0,1.0,0.7973404418962605,0.8,5.0,0.19822210549269992,1.0,,,,
credit_approval,random,Random,budget_50,seed_1,1.0,1,13.615828682770763,387.4466474987182,0.2029133406542416,0.05486635200604331,15.922002990202293,491.1188295991156,0.15600098903882467,0.046717437291083755,57.292756662969154,1.0,1.0,0.7883210428270091,0.7777777777777778,9.0,0.19822210549269992,1.0,0.20877738460616874,1.0,,
credit_approval,random,Random,budget_50,seed_1,1.0,2,11.82094438718712,308.20711135771904,0.38805562946825073,0.08301044911292732,15.922002990202293,491.1188295991156,0.15600098903882467,0.046717437291083755,57.292756662969154,1.0,1.0,0.6939917814547036,0.5333333333333333,15.0,0.19822210549269992,1.0,0.20877738460616874,1.0,0.6657690626892645,1.0
credit_approval,random,Random,budget_50,seed_1,10.0,0,11.740129590451836,322.51946100598497,0.19729570548172173,0.05191691013777083,13.602776992230543,390.12656016695644,0.1563426825126193,0.043532967727347334,49.057278615276175,1.0,1.0,0.7957642356685056,1.0,5.0,0.19729570548172173,1.0,,,,
credit_approval,random,Random,budget_50,seed_1,10.0,1,11.53316876803198,314.7268355771733,0.20184604136717754,0.052865110607119466,13.602776992230543,390.12656016695644,0.1563426825126193,0.043532967727347334,49.057278615276175,1.0,1.0,0.786012735206119,1.0,9.0,0.19729570548172173,1.0,0.20753396122399734,1.0,,
credit_approval,random,Random,budget_50,seed_1,10.0,2,9.5549461538075,243.68922267893726,0.4075154528969005,0.0857608552933298,13.602776992230543,390.12656016695644,0.1563426825126193,0.043532967727347334,49.057278615276175,1.0,1.0,0.7393710643943682,0.6666666666666666,15.0,0.19729570548172173,1.0,0.20753396122399734,1.0,0.7160195701914849,1.0
credit_approval,random,Random,budget_50,seed_2,0.1,0,26.908025019998057,549.5829981883853,0.4060793481972588,0.07663455174609332,31.948862015499465,681.9325043184989,0.30761106304646235,0.06374567493599684,58.26804526848923,0.0,1.0,0.7259607773755258,0.0,5.0,0.4060793481972588,1.0,,,,
credit_approval,random,Random,budget_50,seed_2,0.1,1,26.347932020497904,529.4302529608175,0.4170202687695696,0.07856515921242406,31.948862015499465,681.9325043184989,0.30761106304646235,0.06374567493599684,58.26804526848923,0.0,1.0,0.7168928272520824,0.0,9.0,0.4060793481972588,1.0,0.430696419484958,1.0,,
credit_approval,random,Random,budget_50,seed_2,0.1,2,22.154084040763628,452.15985802797815,0.5629751132193187,0.10846966620451498,31.948862015499465,681.9325043184989,0.30761106304646235,0.06374567493599684,58.26804526848923,0.0,1.0,0.6595732704140954,0.06666666666666667,15.0,0.4060793481972588,1.0,0.430696419484958,1.0,0.7819073798939423,0.5
credit_approval,random,Random,budget_50,seed_2,1.0,0,25.781073448851153,535.8886705123144,0.3952649558479234,0.07630163816176083,30.77944062832772,661.7674391493126,0.30157155371944205,0.06356746223185254,57.292756662969154,0.0,1.0,0.7287453583283691,0.0,5.0,0.3952649558479234,1.0,,,,
credit_approval,random,Random,budget_50,seed_2,1.0,1,25.225699317798203,518.764149309091,0.4056753338621992,0.0786560239485772,30.77944062832772,661.7674391493126,0.30157155371944205,0.06356746223185254,57.292756662969154,0.0,1.0,0.7176387684560364,0.0,9.0,0.3952649558479234,1.0,0.41868830638004384,1.0,,
credit_approval,random,Random,budget_50,seed_2,1.0,2,21.147422588617612,438.71583858870105,0.550692329440297,0.10786631606505548,30.77944062832772,661.7674391493126,0.30157155371944205,0.06356746223185254,57.292756662969154,0.0,1.0,0.6559459723504825,0.06666666666666667,15.0,0.3952649558479234,1.0,0.41868830638004384,1.0,0.7682178228074438,0.5
credit_approval,random,Random,budget_50,seed_2,10.0,0,18.665924227874317,437.1537513430575,0.331202526861004,0.07354224439476927,23.276236909804837,537.5461160671294,0.26752400038291035,0.060571110725763384,49.057278615276175,1.0,1.0,0.7459304766723356,0.6,5.0,0.331202526861004,1.0,,,,
credit_approval,random,Random,budget_50,seed_2,10.0,1,18.153667263215368,425.009892336471,0.3382779186919034,0.07592575375924987,23.276236909804837,537.5461160671294,0.26752400038291035,0.060571110725763384,49.057278615276175,1.0,1.0,0.73344709275167,0.5555555555555556,9.0,0.331202526861004,1.0,0.3471221584805274,1.0,,
credit_approval,random,Random,budget_50,seed_2,10.0,2,15.213845758824789,353.6447576934878,0.518851996583141,0.11514483215853125,23.276236909804837,537.5461160671294,0.26752400038291035,0.060571110725763384,49.057278615276175,1.0,1.0,0.669286582799801,0.4,15.0,0.331202526861004,1.0,0.3471221584805274,1.0,0.7897131134199976,0.5
credit_g,histdistill_refined,HistDistill-Refined,budget_50,seed_0,0.1,0,6.73259181526205,118.39376850627377,0.3849388487970435,0.06973534237332768,3.883444460485247,96.97138108110906,0.12939949862646605,0.03331097479641723,0.894677553258397,0.0,0.0,0.8710879371322582,0.0,5.0,0.3849388487970435,0.2,,,,
credit_g,histdistill_refined,HistDistill-Refined,budget_50,seed_0,0.1,1,8.394064220053009,133.0938522188804,0.8100425329870847,0.1260653864906682,3.883444460485247,96.97138108110906,0.12939949862646605,0.03331097479641723,0.894677553258397,0.0,0.0,0.7275664329411108,0.0,11.0,0.3849388487970435,0.2,1.1642956031454523,0.3333333333333333,,
credit_g,histdistill_refined,HistDistill-Refined,budget_50,seed_0,0.1,2,9.524439960370929,144.07099943327208,1.6807550360527965,0.2610047638547082,3.883444460485247,96.97138108110906,0.12939949862646605,0.03331097479641723,0.894677553258397,0.0,0.0,0.6414657397276013,0.0,20.0,0.3849388487970435,0.2,1.1642956031454523,0.3333333333333333,2.7449592064664445,0.1111111111111111
credit_g,histdistill_refined,HistDistill-Refined,budget_50,seed_0,1.0,0,6.397286427917767,110.57591205332162,0.3677982031018866,0.0662364361379834,3.782698212703826,91.23917314708626,0.12785954902167615,0.031793700631384356,0.9108990061762654,0.0,0.0,0.8706687905351128,0.0,5.0,0.3677982031018866,0.2,,,,
credit_g,histdistill_refined,HistDistill-Refined,budget_50,seed_0,1.0,1,7.919672625324188,121.11663185768703,0.7891297304018644,0.11886259282064661,3.782698212703826,91.23917314708626,0.12785954902167615,0.031793700631384356,0.9108990061762654,0.0,0.0,0.7141120958680981,0.0,11.0,0.3677982031018866,0.2,1.1402393364851795,0.3333333333333333,,
credit_g,histdistill_refined,HistDistill-Refined,budget_50,seed_0,1.0,2,8.77164626956783,126.45533231058467,1.8859069621459152,0.2758193947515738,3.782698212703826,91.23917314708626,0.12785954902167615,0.031793700631384356,0.9108990061762654,0.0,0.0,0.6282963951293885,0.0,20.0,0.3677982031018866,0.2,1.1402393364851795,0.3333333333333333,3.2264124676108663,0.1111111111111111
credit_g,histdistill_refined,HistDistill-Refined,budget_50,seed_0,10.0,0,5.476913058160643,137.08480281920538,0.36329952580429825,0.11325856168366921,3.0207655991037443,65.13084843064941,0.11660507231413095,0.025918831426325863,0.9995663324918631,0.0,0.0,0.7802453157904248,0.0,5.0,0.36329952580429825,0.2,,,,
credit_g,histdistill_refined,HistDistill-Refined,budget_50,seed_0,10.0,1,6.280736364885095,134.95730187554338,0.7893954010863485,0.17563053567494927,3.0207655991037443,65.13084843064941,0.11660507231413095,0.025918831426325863,0.9995663324918631,0.0,0.0,0.6609202571478171,0.0,11.0,0.36329952580429825,0.2,1.1444752971547238,0.3333333333333333,,
credit_g,histdistill_refined,HistDistill-Refined,budget_50,seed_0,10.0,2,6.108825260651807,125.85066030905497,1.3761349057520675,0.2635714512216588,3.0207655991037443,65.13084843064941,0.11660507231413095,0.025918831426325863,0.9995663324918631,0.0,0.0,0.5741521818444311,0.0,20.0,0.36329952580429825,0.2,1.1444752971547238,0.3333333333333333,2.0932609670101687,0.1111111111111111
credit_g,histdistill_refined,HistDistill-Refined,budget_50,seed_1,0.1,0,9.832223448906644,121.04969013552315,0.52887682769528,0.06265034303357213,7.88006437694672,106.80592040056065,0.2625700946406144,0.0352362309886612,0.894677553258397,0.0,0.0,0.8612004150474715,0.0,5.0,0.52887682769528,0.2,,,,
credit_g,histdistill_refined,HistDistill-Refined,budget_50,seed_1,0.1,1,9.28783233414224,130.48243606891174,1.0581436352231104,0.16930534121549304,7.88006437694672,106.80592040056065,0.2625700946406144,0.0352362309886612,0.894677553258397,0.0,0.0,0.7136072277785557,0.0,11.0,0.52887682769528,0.2,1.4991993081629689,0.16666666666666666,,
credit_g,histdistill_refined,HistDistill-Refined,budget_50,seed_1,0.1,2,9.424471204446112,134.10562996210416,1.640675934864679,0.26613154558512647,7.88006437694672,106.80592040056065,0.2625700946406144,0.0352362309886612,0.894677553258397,0.0,0.0,0.5667331779216015,0.0,20.0,0.52887682769528,0.2,1.4991993081629689,0.16666666666666666,2.352659856648818,0.2222222222222222
credit_g,histdistill_refined,HistDistill-Refined,budget_50,seed_1,1.0,0,9.650911647300816,113.06374864669968,0.5297317514324511,0.059573690061877585,7.598207293904171,101.40802805999816,0.2568281431252162,0.0336049798988329,0.9108990061762654,0.0,0.0,0.8627634429107012,0.0,5.0,0.5297317514324511,0.2,,,,
credit_g,histdistill_refined,HistDistill-Refined,budget_50,seed_1,1.0,1,8.981012971597682,122.42311035289437,1.0528670426491535,0.16435506916462062,7.598207293904171,101.40802805999816,0.2568281431252162,0.0336049798988329,0.9108990061762654,0.0,0.0,0.7121296870953763,0.0,11.0,0.5297317514324511,0.2,1.4888131186630724,0.16666666666666666,,
credit_g,histdistill_refined,HistDistill-Refined,budget_50,seed_1,1.0,2,8.989549192210172,122.8016729147027,1.7283765142333618,0.2683525675091475,7.598207293904171,101.40802805999816,0.2568281431252162,0.0336049798988329,0.9108990061762654,0.0,0.0,0.5512779809767763,0.0,20.0,0.5297317514324511,0.2,1.4888131186630724,0.16666666666666666,2.553999201725172,0.2222222222222222
credit_g,histdistill_refined,HistDistill-Refined,budget_50,seed_1,10.0,0,8.29738598592256,140.66838995098902,0.5423050381755866,0.10006791117665678,5.631475419967355,74.26431222068906,0.21738151373789938,0.028104794060277927,0.9995663324918631,0.0,0.0,0.7627946664340157,0.0,5.0,0.5423050381755866,0.2,,,,
credit_g,histdistill_refined,HistDistill-Refined,budget_50,seed_1,10.0,1,7.266727846554128,160.86098396431981,1.0535903329195202,0.33867221417538196,5.631475419967355,74.26431222068906,0.21738151373789938,0.028104794060277927,0.9995663324918631,0.0,0.0,0.6575772212882615,0.0,11.0,0.5423050381755866,0.2,1.4796614118727984,0.3333333333333333,,
credit_g,histdistill_refined,HistDistill-Refined,budget_50,seed_1,10.0,2,6.774485312659617,153.0861739211866,1.4965920773093162,0.4440311910063194,5.631475419967355,74.26431222068906,0.21738151373789938,0.028104794060277927,0.9995663324918631,0.0,0.0,0.5240377271007199,0.0,20.0,0.5423050381755866,0.2,1.4796614118727984,0.3333333333333333,2.038038653785734,0.1111111111111111
credit_g,histdistill_refined,HistDistill-Refined,budget_50,seed_2,0.1,0,7.165536026432093,136.29025087178533,0.40579201026097367,0.0806293323911281,4.844575901309451,112.58222041329695,0.1614251726955229,0.039487687375873624,0.894677553258397,0.0,0.0,0.827017559670197,0.0,5.0,0.40579201026097367,0.2,,,,
credit_g,histdistill_refined,HistDistill-Refined,budget_50,seed_2,0.1,1,8.208687045186025,146.25848060777716,0.6859625801177346,0.12055052743638286,4.844575901309451,112.58222041329695,0.1614251726955229,0.039487687375873624,0.894677553258397,0.0,0.0,0.7469990525331274,0.0,10.0,0.40579201026097367,0.2,0.9661331499744955,0.2,,
credit_g,histdistill_refined,HistDistill-Refined,budget_50,seed_2,0.1,2,9.603481624674476,160.54909263574166,1.4669082101252764,0.24595347894351555,4.844575901309451,112.58222041329695,0.1614251726955229,0.039487687375873624,0.894677553258397,0.0,0.0,0.5968771064097244,0.0,18.0,0.40579201026097367,0.2,0.9661331499744955,0.2,2.4430902476347036,0.0
credit_g,histdistill_refined,HistDistill-Refined,budget_50,seed_2,1.0,0,6.83934724597776,128.54804748006268,0.3909700921612048,0.07787567017507539,4.618822542922302,104.14645740499091,0.15612151277779882,0.037449680960105786,0.9108990061762654,0.0,0.0,0.8219762997925548,0.0,5.0,0.3909700921612048,0.2,,,,
credit_g,histdistill_refined,HistDistill-Refined,budget_50,seed_2,1.0,1,7.69921658648538,136.49505427303424,0.6489681294426963,0.11489095358904892,4.618822542922302,104.14645740499091,0.15612151277779882,0.037449680960105786,0.9108990061762654,0.0,0.0,0.7370135489950169,0.0,10.0,0.3909700921612048,0.2,0.906966166724188,0.2,,
credit_g,histdistill_refined,HistDistill-Refined,budget_50,seed_2,1.0,2,8.855920970963123,145.59756752801817,1.5133368494872057,0.2473276667969579,4.618822542922302,104.14645740499091,0.15612151277779882,0.037449680960105786,0.9108990061762654,0.0,0.0,0.5688168451130448,0.0,18.0,0.3909700921612048,0.2,0.906966166724188,0.2,2.593797749542843,0.0
credit_g,histdistill_refined,HistDistill-Refined,budget_50,seed_2,10.0,0,5.510535176198205,142.55698445772205,0.3620755318911718,0.1102895455737978,3.5852135825259923,75.26527437639382,0.13839342224238907,0.030907737232018777,0.9995663324918631,0.0,0.0,0.7023725615227192,0.0,5.0,0.3620755318911718,0.0,,,,
credit_g,histdistill_refined,HistDistill-Refined,budget_50,seed_2,10.0,1,5.982935217719273,149.29125748700247,0.6023016195567391,0.15322096245650518,3.5852135825259923,75.26527437639382,0.13839342224238907,0.030907737232018777,0.9995663324918631,0.0,0.0,0.6348478332495089,0.0,10.0,0.3620755318911718,0.0,0.8425277072223063,0.0,,
credit_g,histdistill_refined,HistDistill-Refined,budget_50,seed_2,10.0,2,6.186602823577196,141.12437687031507,1.4586685622284503,0.2924686386404907,3.5852135825259923,75.26527437639382,0.13839342224238907,0.030907737232018777,0.9995663324918631,0.0,0.0,0.5036817153840495,0.0,18.0,0.3620755318911718,0.0,0.8425277072223063,0.0,2.529127240568089,0.0
credit_g,histdistill_density,HistDistill-Density,budget_50,seed_0,0.1,0,7.366596086738698,122.61132672052841,0.4319703289700557,0.07290628206062875,4.608445038963854,101.58545599219501,0.15355710209256715,0.03489597164144935,0.894677553258397,0.0,0.0,0.8595635722677548,0.0,5.0,0.4319703289700557,0.2,,,,
credit_g,histdistill_density,HistDistill-Density,budget_50,seed_0,0.1,1,9.022061858119695,132.22343401179987,0.8643344275691555,0.12262302310835854,4.608445038963854,101.58545599219501,0.15355710209256715,0.03489597164144935,0.894677553258397,0.0,0.0,0.7293848082889799,0.0,11.0,0.4319703289700557,0.2,1.2246378430684055,0.3333333333333333,,
credit_g,histdistill_density,HistDistill-Density,budget_50,seed_0,0.1,2,10.024317288142074,142.200293544435,1.7285196745209792,0.2546087618359367,4.608445038963854,101.58545599219501,0.15355710209256715,0.03489597164144935,0.894677553258397,0.0,0.0,0.6443069754306273,0.0,20.0,0.4319703289700557,0.2,1.2246378430684055,0.3333333333333333,2.7847460874620964,0.1111111111111111
credit_g,histdistill_density,HistDistill-Density,budget_50,seed_0,1.0,0,7.057860835597353,114.79243220493836,0.41540092122730454,0.06921413188969053,4.4882531668609715,95.58634431289325,0.1517081177352928,0.03330853964046044,0.9108990061762654,0.0,0.0,0.8565601381166553,0.0,5.0,0.41540092122730454,0.2,,,,
credit_g,histdistill_density,HistDistill-Density,budget_50,seed_0,1.0,1,8.546595118156267,120.55218572776079,0.8435536845208891,0.11528541189735768,4.4882531668609715,95.58634431289325,0.1517081177352928,0.03330853964046044,0.9108990061762654,0.0,0.0,0.7048679910770127,0.0,11.0,0.41540092122730454,0.2,1.2003476539322098,0.3333333333333333,,
credit_g,histdistill_density,HistDistill-Density,budget_50,seed_0,1.0,2,9.269307436316296,125.33807198675603,1.934762571434187,0.2686872878338441,4.4882531668609715,95.58634431289325,0.1517081177352928,0.03330853964046044,0.9108990061762654,0.0,0.0,0.6212714196372418,0.0,20.0,0.41540092122730454,0.2,1.2003476539322098,0.3333333333333333,3.2684623221059956,0.1111111111111111
credit_g,histdistill_density,HistDistill-Density,budget_50,seed_0,10.0,0,5.8519843231862385,139.23809106597622,0.383096564059025,0.11454064610940899,3.580883544847988,68.4099391591661,0.13822627774209537,0.02722374609997008,0.9995663324918631,0.0,0.0,0.7598027282761785,0.0,5.0,0.383096564059025,0.2,,,,
credit_g,histdistill_density,HistDistill-Density,budget_50,seed_0,10.0,1,6.48296274126142,134.93250465985636,0.7977145110451367,0.1721544686199314,3.580883544847988,68.4099391591661,0.13822627774209537,0.02722374609997008,0.9995663324918631,0.0,0.0,0.6537657949554553,0.0,11.0,0.383096564059025,0.2,1.1432294668668963,0.3333333333333333,,
credit_g,histdistill_density,HistDistill-Density,budget_50,seed_0,10.0,2,6.275756171117999,125.99327795724419,1.3814775061206785,0.25915355576412846,3.580883544847988,68.4099391591661,0.13822627774209537,0.02722374609997008,0.9995663324918631,0.0,0.0,0.5654018641064318,0.0,20.0,0.383096564059025,0.2,1.1432294668668963,0.3333333333333333,2.0949656112130075,0.1111111111111111
credit_g,histdistill_density,HistDistill-Density,budget_50,seed_1,0.1,0,9.839096377397663,120.2573873193137,0.5288436830820713,0.062464530755965975,7.916829076904833,104.82741110284086,0.2637951240674902,0.034583503027830836,0.894677553258397,0.0,0.0,0.8621337184372031,0.0,5.0,0.5288436830820713,0.4,,,,
credit_g,histdistill_density,HistDistill-Density,budget_50,seed_1,0.1,1,9.354710372616438,129.7241607552877,1.0671825072139507,0.1692328089198143,7.916829076904833,104.82741110284086,0.2637951240674902,0.034583503027830836,0.894677553258397,0.0,0.0,0.7126858270476695,0.0,11.0,0.5288436830820713,0.4,1.5157981939905165,0.16666666666666666,,
credit_g,histdistill_density,HistDistill-Density,budget_50,seed_1,0.1,2,9.407377336793122,132.89293547190653,1.6111870284830947,0.2631968649286701,7.916829076904833,104.82741110284086,0.2637951240674902,0.034583503027830836,0.894677553258397,0.0,0.0,0.5634274767624319,0.0,20.0,0.5288436830820713,0.4,1.5157981939905165,0.16666666666666666,2.276081443367604,0.2222222222222222
credit_g,histdistill_density,HistDistill-Density,budget_50,seed_1,1.0,0,9.660154921517876,111.76497752981216,0.5297841668298953,0.05908207613176973,7.635325608786182,99.49431905899189,0.25808278484770936,0.032970807696283196,0.9108990061762654,0.0,0.0,0.8652183182152002,0.0,5.0,0.5297841668298953,0.4,,,,
credit_g,histdistill_density,HistDistill-Density,budget_50,seed_1,1.0,1,9.048246596527896,121.67636496101126,1.0626946737888916,0.16480375611642087,7.635325608786182,99.49431905899189,0.25808278484770936,0.032970807696283196,0.9108990061762654,0.0,0.0,0.7165926450130531,0.0,11.0,0.5297841668298953,0.4,1.506786762921389,0.16666666666666666,,
credit_g,histdistill_density,HistDistill-Density,budget_50,seed_1,1.0,2,8.976195898844338,121.50935715559824,1.6938025328387027,0.26508413012922505,7.635325608786182,99.49431905899189,0.25808278484770936,0.032970807696283196,0.9108990061762654,0.0,0.0,0.5535882239223017,0.0,20.0,0.5297841668298953,0.4,1.506786762921389,0.16666666666666666,2.465156582788471,0.2222222222222222
credit_g,histdistill_density,HistDistill-Density,budget_50,seed_1,10.0,0,8.31621526568878,138.23044267565257,0.5427750932560078,0.09847812550366494,5.668296487786726,73.38108063910684,0.21880284986442147,0.02777054142983363,0.9995663324918631,0.0,0.0,0.7643448731673945,0.0,5.0,0.5427750932560078,0.2,,,,
credit_g,histdistill_density,HistDistill-Density,budget_50,seed_1,10.0,1,7.308537968487281,159.71061983575194,1.0666820389690352,0.33876884583707506,5.668296487786726,73.38108063910684,0.21880284986442147,0.02777054142983363,0.9995663324918631,0.0,0.0,0.6644679808611762,0.0,11.0,0.5427750932560078,0.2,1.5032711603965583,0.3333333333333333,,
credit_g,histdistill_density,HistDistill-Density,budget_50,seed_1,10.0,2,6.745761225088214,152.09812831623518,1.495660616457792,0.4407801324786654,5.668296487786726,73.38108063910684,0.21880284986442147,0.02777054142983363,0.9995663324918631,0.0,0.0,0.52998172582354,0.0,20.0,0.5427750932560078,0.2,1.5032711603965583,0.3333333333333333,2.0199677667218277,0.1111111111111111
credit_g,histdistill_density,HistDistill-Density,budget_50,seed_2,0.1,0,7.4495179104975,127.06072527409636,0.4181528880508408,0.07514071540444205,4.927300231278579,104.36267863319917,0.16418161402773085,0.036604721531054506,0.894677553258397,0.0,0.0,0.86638530546843,0.0,5.0,0.4181528880508408,0.2,,,,
credit_g,histdistill_density,HistDistill-Density,budget_50,seed_2,0.1,1,8.465607562163417,134.86889601419463,0.6934613308935796,0.10960352692707953,4.927300231278579,104.36267863319917,0.16418161402773085,0.036604721531054506,0.894677553258397,0.0,0.0,0.7869989913057329,0.0,10.0,0.4181528880508408,0.2,0.9687697737363188,0.2,,
credit_g,histdistill_density,HistDistill-Density,budget_50,seed_2,0.1,2,9.81416976383182,149.03224421168483,1.4683713328574086,0.23147152559695922,4.927300231278579,104.36267863319917,0.16418161402773085,0.036604721531054506,0.894677553258397,0.0,0.0,0.62706182386322,0.0,18.0,0.4181528880508408,0.2,0.9687697737363188,0.2,2.437008835312194,0.0
credit_g,histdistill_density,HistDistill-Density,budget_50,seed_2,1.0,0,7.064769028246786,121.24457986924358,0.40144812131670343,0.07382581966200207,4.566908143268974,95.82269998138474,0.15436674637716094,0.03445656849454031,0.9108990061762654,0.0,0.0,0.8608416887686682,0.0,5.0,0.40144812131670343,0.2,,,,
credit_g,histdistill_density,HistDistill-Density,budget_50,seed_2,1.0,1,7.947275535991184,127.92268588630593,0.657198380354662,0.106281302181584,4.566908143268974,95.82269998138474,0.15436674637716094,0.03445656849454031,0.9108990061762654,0.0,0.0,0.7760845464690161,0.0,10.0,0.40144812131670343,0.2,0.9129486393926207,0.2,,
credit_g,histdistill_density,HistDistill-Density,budget_50,seed_2,1.0,2,9.024737463568705,136.5858814129587,1.5041548988755689,0.23381292417605046,4.566908143268974,95.82269998138474,0.15436674637716094,0.03445656849454031,0.9108990061762654,0.0,0.0,0.6001397629247326,0.0,18.0,0.40144812131670343,0.2,0.9129486393926207,0.2,2.5628505470267022,0.0
credit_g,histdistill_density,HistDistill-Density,budget_50,seed_2,10.0,0,5.623959765822952,138.1440166786602,0.3711359188113343,0.10853733556067349,3.2212195349263144,66.93989426185001,0.12434282783186393,0.027488914101843627,0.9995663324918631,0.0,0.0,0.7465992671416029,0.0,5.0,0.3711359188113343,0.0,,,,
credit_g,histdistill_density,HistDistill-Density,budget_50,seed_2,10.0,1,6.1851572524826945,144.62240847931307,0.613149234306006,0.1473784848261866,3.2212195349263144,66.93989426185001,0.12434282783186393,0.027488914101843627,0.9995663324918631,0.0,0.0,0.6784787023095501,0.0,10.0,0.3711359188113343,0.0,0.8551625498006779,0.0,,
credit_g,histdistill_density,HistDistill-Density,budget_50,seed_2,10.0,2,6.3243834604400355,138.03656995233732,1.4718016931170586,0.2844408995272314,3.2212195349263144,66.93989426185001,0.12434282783186393,0.027488914101843627,0.9995663324918631,0.0,0.0,0.5341062859115503,0.0,18.0,0.3711359188113343,0.0,0.8551625498006779,0.0,2.5451172666308732,0.0
credit_g,gain_path_refined,Legacy gain-path refined,budget_50,seed_0,0.1,0,8.878283776723565,131.0523125677159,0.5012030316667913,0.07644789703800862,7.223881131936516,115.6084768804714,0.24070554017733306,0.03971306808960963,0.894677553258397,0.0,0.0,0.8680815785436519,0.0,5.0,0.5012030316667913,0.2,,,,
credit_g,gain_path_refined,Legacy gain-path refined,budget_50,seed_0,0.1,1,9.421938329833727,146.4705507194033,0.8673311712601269,0.14091290227295764,7.223881131936516,115.6084768804714,0.24070554017733306,0.03971306808960963,0.894677553258397,0.0,0.0,0.7316647247927169,0.0,11.0,0.5012030316667913,0.2,1.1724379542545729,0.3333333333333333,,
credit_g,gain_path_refined,Legacy gain-path refined,budget_50,seed_0,0.1,2,10.103239573488844,154.46257401336945,1.758728332133924,0.28184952188225093,7.223881131936516,115.6084768804714,0.24070554017733306,0.03971306808960963,0.894677553258397,0.0,0.0,0.6403880272499805,0.0,20.0,0.5012030316667913,0.2,1.1724379542545729,0.3333333333333333,2.848213750979676,0.1111111111111111
credit_g,gain_path_refined,Legacy gain-path refined,budget_50,seed_0,1.0,0,8.349030098788536,122.87709555080724,0.4852554202444785,0.07336712921807098,6.24061627788704,108.61634911393155,0.21094000579486438,0.03784904628448566,0.9108990061762654,0.0,0.0,0.8650950476745809,0.0,5.0,0.4852554202444785,0.2,,,,
credit_g,gain_path_refined,Legacy gain-path refined,budget_50,seed_0,1.0,1,8.970692178118874,134.25343461570185,0.8588370645792188,0.13379137678839534,6.24061627788704,108.61634911393155,0.21094000579486438,0.03784904628448566,0.9108990061762654,0.0,0.0,0.7034048127495265,0.0,11.0,0.4852554202444785,0.2,1.1701551015248357,0.3333333333333333,,
credit_g,gain_path_refined,Legacy gain-path refined,budget_50,seed_0,1.0,2,9.342895801179811,137.22078668120815,1.9828617862778468,0.29843177570598056,6.24061627788704,108.61634911393155,0.21094000579486438,0.03784904628448566,0.9108990061762654,0.0,0.0,0.6129512352718993,0.0,20.0,0.4852554202444785,0.2,1.1701551015248357,0.3333333333333333,3.3566697794650593,0.1111111111111111
credit_g,gain_path_refined,Legacy gain-path refined,budget_50,seed_0,10.0,0,6.498256861032648,199.65746276157492,0.4640678510215185,0.1712312520222558,3.4304907136179184,76.79422914631442,0.1324209391993391,0.030560275625417913,0.9995663324918631,0.0,0.0,0.7134897771024211,0.0,5.0,0.4640678510215185,0.2,,,,
credit_g,gain_path_refined,Legacy gain-path refined,budget_50,seed_0,10.0,1,7.197897014078685,191.9360983972795,0.9142445361897825,0.24319035060603122,3.4304907136179184,76.79422914631442,0.1324209391993391,0.030560275625417913,0.9995663324918631,0.0,0.0,0.5991707545450773,0.0,11.0,0.4640678510215185,0.2,1.2893917738300027,0.3333333333333333,,
credit_g,gain_path_refined,Legacy gain-path refined,budget_50,seed_0,10.0,2,6.9130631826373845,174.90718553364212,1.544057802479309,0.32675920555040344,3.4304907136179184,76.79422914631442,0.1324209391993391,0.030560275625417913,0.9995663324918631,0.0,0.0,0.5206946244459864,0.0,20.0,0.4640678510215185,0.2,1.2893917738300027,0.3333333333333333,2.3138295723887294,0.1111111111111111
credit_g,gain_path_refined,Legacy gain-path refined,budget_50,seed_1,0.1,0,11.337816592603446,122.6996206295219,0.6052539558157142,0.06377434394002987,9.287263888037245,106.19476626233298,0.3094591162438149,0.03503460575755507,0.894677553258397,0.0,0.0,0.8464416508189065,0.0,5.0,0.6052539558157142,0.2,,,,
credit_g,gain_path_refined,Legacy gain-path refined,budget_50,seed_1,0.1,1,10.773969615868022,138.27999405951394,1.2650586949927367,0.18950860349211907,9.287263888037245,106.19476626233298,0.3094591162438149,0.03503460575755507,0.894677553258397,0.0,0.0,0.6996267892936037,0.0,11.0,0.6052539558157142,0.2,1.8148959776402558,0.16666666666666666,,
credit_g,gain_path_refined,Legacy gain-path refined,budget_50,seed_1,0.1,2,10.73731059302536,140.86082832225992,1.9429275433060909,0.28898909017819546,9.287263888037245,106.19476626233298,0.3094591162438149,0.03503460575755507,0.894677553258397,0.0,0.0,0.553162941103333,0.0,20.0,0.6052539558157142,0.2,1.8148959776402558,0.16666666666666666,2.7714339134668564,0.1111111111111111
credit_g,gain_path_refined,Legacy gain-path refined,budget_50,seed_1,1.0,0,11.132287022847072,117.467905788912,0.606357747663429,0.06291814067995671,8.931709944575118,100.73763420071292,0.30190206600951763,0.03338282221963759,0.9108990061762654,0.0,0.0,0.8416466632397157,0.0,5.0,0.606357747663429,0.2,,,,
credit_g,gain_path_refined,Legacy gain-path refined,budget_50,seed_1,1.0,1,10.375335692695892,134.2434320557766,1.246939284698566,0.18937485340757415,8.931709944575118,100.73763420071292,0.30190206600951763,0.03338282221963759,0.9108990061762654,0.0,0.0,0.6962093543744626,0.0,11.0,0.606357747663429,0.2,1.7807572322278473,0.16666666666666666,,
credit_g,gain_path_refined,Legacy gain-path refined,budget_50,seed_1,1.0,2,10.200829363014037,133.27884005386915,2.0378939515008176,0.2969284631680912,8.931709944575118,100.73763420071292,0.30190206600951763,0.03338282221963759,0.9108990061762654,0.0,0.0,0.5313718516567172,0.0,20.0,0.606357747663429,0.2,1.7807572322278473,0.16666666666666666,3.0046163220369033,0.1111111111111111
credit_g,gain_path_refined,Legacy gain-path refined,budget_50,seed_1,10.0,0,9.501813061533351,209.03250046913064,0.6168692503686393,0.15362631265711,6.494882347716015,72.6305954718549,0.2507100273029787,0.02748652572376704,0.9995663324918631,0.0,0.0,0.6575599724151753,0.0,5.0,0.6168692503686393,0.2,,,,
credit_g,gain_path_refined,Legacy gain-path refined,budget_50,seed_1,10.0,1,8.68463833821998,230.4879611860767,1.3605333547391318,0.47673678977463047,6.494882347716015,72.6305954718549,0.2507100273029787,0.02748652572376704,0.9995663324918631,0.0,0.0,0.5794055555579187,0.0,11.0,0.6168692503686393,0.2,1.9802534417145425,0.5,,
credit_g,gain_path_refined,Legacy gain-path refined,budget_50,seed_1,10.0,2,7.893092214892069,211.37504166194626,1.7748245174635955,0.5853389920288222,6.494882347716015,72.6305954718549,0.2507100273029787,0.02748652572376704,0.9995663324918631,0.0,0.0,0.45358281752946483,0.0,20.0,0.6168692503686393,0.2,1.9802534417145425,0.5,2.281180383015718,0.1111111111111111
credit_g,gain_path_refined,Legacy gain-path refined,budget_50,seed_2,0.1,0,9.506869842890616,145.44440272026912,0.5463103364600228,0.08586595402318464,7.223881131936516,121.64758458928083,0.24070554017733306,0.04266732147098707,0.894677553258397,0.0,0.0,0.8574651815051391,0.0,5.0,0.5463103364600228,0.2,,,,
credit_g,gain_path_refined,Legacy gain-path refined,budget_50,seed_2,0.1,1,10.461327291140272,156.44541975906344,0.8503640106923059,0.13041435603066592,7.223881131936516,121.64758458928083,0.24070554017733306,0.04266732147098707,0.894677553258397,0.0,0.0,0.7758708772534397,0.0,10.0,0.5463103364600228,0.2,1.154417684924589,0.2,,
credit_g,gain_path_refined,Legacy gain-path refined,budget_50,seed_2,0.1,2,10.744998297382963,165.86483399846804,1.5597876183630082,0.26694026480518773,7.223881131936516,121.64758458928083,0.24070554017733306,0.04266732147098707,0.894677553258397,0.0,0.0,0.6261415686310449,0.0,18.0,0.5463103364600228,0.2,1.154417684924589,0.2,2.4465671279513863,0.0
credit_g,gain_path_refined,Legacy gain-path refined,budget_50,seed_2,1.0,0,8.895962380298398,138.4554895510203,0.5248916245112362,0.08421372484014344,6.24061627788704,111.5166858772857,0.21094000579486438,0.040099917096484444,0.9108990061762654,0.0,0.0,0.8462472100381119,0.0,5.0,0.5248916245112362,0.2,,,,
credit_g,gain_path_refined,Legacy gain-path refined,budget_50,seed_2,1.0,1,9.79500517100639,147.5434961546256,0.8133509828852725,0.1255181947536365,6.24061627788704,111.5166858772857,0.21094000579486438,0.040099917096484444,0.9108990061762654,0.0,0.0,0.7582515888846837,0.0,10.0,0.5248916245112362,0.2,1.1018103412593088,0.2,,
credit_g,gain_path_refined,Legacy gain-path refined,budget_50,seed_2,1.0,2,9.983641279173996,151.89513233449458,1.5915489911984375,0.26610874262903483,6.24061627788704,111.5166858772857,0.21094000579486438,0.040099917096484444,0.9108990061762654,0.0,0.0,0.5946594029142246,0.0,18.0,0.5248916245112362,0.2,1.1018103412593088,0.2,2.564296501589893,0.0
credit_g,gain_path_refined,Legacy gain-path refined,budget_50,seed_2,10.0,0,7.157527645389868,193.72274083322552,0.5025793216769734,0.15912044067145512,4.110716890216155,76.54651006105114,0.15867846230399033,0.031433877556381884,0.9995663324918631,0.0,0.0,0.6768199485107197,0.0,5.0,0.5025793216769734,0.0,,,,
credit_g,gain_path_refined,Legacy gain-path refined,budget_50,seed_2,10.0,1,7.678122803035332,202.50561817348523,0.7724150392149782,0.20510927385419656,4.110716890216155,76.54651006105114,0.15867846230399033,0.031433877556381884,0.9995663324918631,0.0,0.0,0.6182627966957042,0.0,10.0,0.5025793216769734,0.0,1.042250756752983,0.0,,
credit_g,gain_path_refined,Legacy gain-path refined,budget_50,seed_2,10.0,2,7.370461538123347,183.85674213795892,1.564108514847479,0.34860797144626277,4.110716890216155,76.54651006105114,0.15867846230399033,0.031433877556381884,0.9995663324918631,0.0,0.0,0.4907162821566393,0.0,18.0,0.5025793216769734,0.0,1.042250756752983,0.0,2.5537253593881046,0.0
credit_g,random,Random,budget_50,seed_0,0.1,0,41.836214799318846,468.58345948047236,2.2834758092687593,0.27173461466457516,39.98280806091394,472.32211974458136,1.332259381949295,0.16224900636861347,0.894677553258397,0.0,0.0,0.44304788065215284,0.0,5.0,2.2834758092687593,0.2,,,,
credit_g,random,Random,budget_50,seed_0,0.1,1,33.25443411216349,373.77109421474523,2.3876693848754234,0.27869863514476345,39.98280806091394,472.32211974458136,1.332259381949295,0.16224900636861347,0.894677553258397,0.0,0.0,0.36637959583912816,0.0,11.0,2.2834758092687593,0.2,2.4744973645476436,0.3333333333333333,,
credit_g,random,Random,budget_50,seed_0,0.1,2,27.101561364553824,314.51140494229554,2.5527369434452227,0.3159305891035108,39.98280806091394,472.32211974458136,1.332259381949295,0.16224900636861347,0.894677553258397,0.0,0.0,0.3552563188692749,0.0,20.0,2.2834758092687593,0.2,2.4744973645476436,0.3333333333333333,2.7544861816972,0.1111111111111111
credit_g,random,Random,budget_50,seed_0,1.0,0,41.19692215147818,440.27309368322983,2.286097837236661,0.2567619027929753,39.26680399635351,456.19116480530033,1.327263124939492,0.1589668650451314,0.9108990061762654,0.0,0.0,0.42641087112163334,0.0,5.0,2.286097837236661,0.2,,,,
credit_g,random,Random,budget_50,seed_0,1.0,1,32.647018445386145,354.47724783074494,2.3936875725107556,0.2750245907681316,39.26680399635351,456.19116480530033,1.327263124939492,0.1589668650451314,0.9108990061762654,0.0,0.0,0.31314456346444675,0.0,11.0,2.286097837236661,0.2,2.483345685239169,0.3333333333333333,,
credit_g,random,Random,budget_50,seed_0,1.0,2,26.392055553833064,295.7070184333583,2.6955744610709966,0.3363780906930371,39.26680399635351,456.19116480530033,1.327263124939492,0.1589668650451314,0.9108990061762654,0.0,0.0,0.31418985413594164,0.0,20.0,2.286097837236661,0.2,2.483345685239169,0.3333333333333333,3.0645473248668478,0.1111111111111111
credit_g,random,Random,budget_50,seed_0,10.0,0,35.726466325159194,355.5061501889809,2.3038105630514285,0.24847681766143995,33.369806958285544,358.90909543310227,1.2881134354264214,0.14282793124998025,0.9995663324918631,0.0,0.0,0.32599954129580655,0.0,5.0,2.3038105630514285,0.2,,,,
credit_g,random,Random,budget_50,seed_0,10.0,1,28.003601871850876,307.58209563242326,2.4975746067993616,0.35229666111309843,33.369806958285544,358.90909543310227,1.2881134354264214,0.14282793124998025,0.9995663324918631,0.0,0.0,0.30153567461864755,0.0,11.0,2.3038105630514285,0.2,2.659044643255974,0.3333333333333333,,
credit_g,random,Random,budget_50,seed_0,10.0,2,22.05526238151677,263.9440132275878,2.6591824446648133,0.4174255428781556,33.369806958285544,358.90909543310227,1.2881134354264214,0.14282793124998025,0.9995663324918631,0.0,0.0,0.326225524643896,0.0,20.0,2.3038105630514285,0.2,2.659044643255974,0.3333333333333333,2.856703135389253,0.1111111111111111
credit_g,random,Random,budget_50,seed_1,0.1,0,16.889390849342686,296.85794567780505,0.9229385224227638,0.14951037581004095,13.865311139645279,296.1488225183265,0.4620033395677475,0.09770215244754359,0.894677553258397,0.0,1.0,0.5303489983217775,0.0,5.0,0.9229385224227638,0.6,,,,
credit_g,random,Random,budget_50,seed_1,0.1,1,15.775213419705631,253.53689558916693,1.5971269539603645,0.24427172036240508,13.865311139645279,296.1488225183265,0.4620033395677475,0.09770215244754359,0.894677553258397,0.0,1.0,0.4789260972011152,0.0,11.0,0.9229385224227638,0.6,2.158950646908365,0.16666666666666666,,
credit_g,random,Random,budget_50,seed_1,0.1,2,14.32651284618768,215.46007977834302,2.253402007801106,0.33463773615785736,13.865311139645279,296.1488225183265,0.4620033395677475,0.09770215244754359,0.894677553258397,0.0,1.0,0.4171982461682403,0.0,20.0,0.9229385224227638,0.6,2.158950646908365,0.16666666666666666,3.055515962495346,0.1111111111111111
credit_g,random,Random,budget_50,seed_1,1.0,0,15.907767975610554,280.39622079644687,0.8902402380312895,0.14345871747340247,12.47966204068834,286.51753818067954,0.4218269263740168,0.09494727681252377,0.9108990061762654,0.0,1.0,0.5126498460029414,0.0,5.0,0.8902402380312895,0.6,,,,
credit_g,random,Random,budget_50,seed_1,1.0,1,14.960718622281155,248.124743787869,1.6458250361591886,0.2832796393529521,12.47966204068834,286.51753818067954,0.4218269263740168,0.09494727681252377,0.9108990061762654,0.0,1.0,0.46794232494132204,0.0,11.0,0.8902402380312895,0.6,2.2754790345991043,0.16666666666666666,,
credit_g,random,Random,budget_50,seed_1,1.0,2,13.508199185152389,209.76791440740854,2.417774235567343,0.3891320398109774,12.47966204068834,286.51753818067954,0.4218269263740168,0.09494727681252377,0.9108990061762654,0.0,1.0,0.38982835827710616,0.0,20.0,0.8902402380312895,0.6,2.2754790345991043,0.16666666666666666,3.361267701510643,0.1111111111111111
credit_g,random,Random,budget_50,seed_1,10.0,0,11.686193940203072,274.0035817682968,0.7834160057611165,0.1825648421543924,7.428658437917186,221.1774045657082,0.28675487254201987,0.08370299569507449,0.9995663324918631,0.0,1.0,0.4509891822623825,0.0,5.0,0.7834160057611165,0.6,,,,
credit_g,random,Random,budget_50,seed_1,10.0,1,11.219726560832713,288.81845858827324,2.13685188542113,0.6945043328340997,7.428658437917186,221.1774045657082,0.28675487254201987,0.08370299569507449,0.9995663324918631,0.0,1.0,0.46195816243685855,0.0,11.0,0.7834160057611165,0.6,3.2647151184711407,0.16666666666666666,,
credit_g,random,Random,budget_50,seed_1,10.0,2,9.988607250438337,259.01899242513656,2.700777542435821,0.8528848086056456,7.428658437917186,221.1774045657082,0.28675487254201987,0.08370299569507449,0.9995663324918631,0.0,1.0,0.41987714800965364,0.0,20.0,0.7834160057611165,0.6,3.2647151184711407,0.16666666666666666,3.390020012120443,0.1111111111111111
credit_g,random,Random,budget_50,seed_2,0.1,0,8.189920303557653,180.35265767709762,0.5010551347140125,0.10821627445787294,6.6050371927939,168.79546916562634,0.22008516147283738,0.05920422152278792,0.894677553258397,0.0,1.0,0.6162395125185367,0.0,5.0,0.5010551347140125,0.6,,,,
credit_g,random,Random,budget_50,seed_2,0.1,1,8.825243806630192,180.53328915805042,0.7421290503089908,0.14299871714889295,6.6050371927939,168.79546916562634,0.22008516147283738,0.05920422152278792,0.894677553258397,0.0,1.0,0.5515132886727079,0.0,10.0,0.5010551347140125,0.6,0.983202965903969,0.2,,
credit_g,random,Random,budget_50,seed_2,0.1,2,11.47578222646918,201.4344333713242,2.1374672093742406,0.37500169681046647,6.6050371927939,168.79546916562634,0.22008516147283738,0.05920422152278792,0.894677553258397,0.0,1.0,0.4482604325031559,0.0,18.0,0.5010551347140125,0.6,0.983202965903969,0.2,3.8816399082058037,0.125
credit_g,random,Random,budget_50,seed_2,1.0,0,7.772413721334155,166.74570304119342,0.47886450344040876,0.10183729505459808,6.34775391956121,157.16765815566515,0.21456138127274418,0.056515399580884494,0.9108990061762654,0.0,1.0,0.6095329026367082,0.0,5.0,0.47886450344040876,0.6,,,,
credit_g,random,Random,budget_50,seed_2,1.0,1,8.180583692640308,166.8578721716852,0.6964389425971304,0.13582585386921567,6.34775391956121,157.16765815566515,0.21456138127274418,0.056515399580884494,0.9108990061762654,0.0,1.0,0.5421966693994623,0.0,10.0,0.47886450344040876,0.6,0.9140133817538519,0.2,,
credit_g,random,Random,budget_50,seed_2,1.0,2,10.390966627805371,179.78000897329568,2.17875100438619,0.37198940132842984,6.34775391956121,157.16765815566515,0.21456138127274418,0.056515399580884494,0.9108990061762654,0.0,1.0,0.43662649930838787,0.0,18.0,0.47886450344040876,0.6,0.9140133817538519,0.2,4.031641081622515,0.125
credit_g,random,Random,budget_50,seed_2,10.0,0,6.341241273280997,233.8713658408416,0.43944232692801544,0.18990322586315844,4.9746235026200685,119.99448618003312,0.19202626427905997,0.049275819145977715,0.9995663324918631,0.0,1.0,0.49861347602512734,0.0,5.0,0.43944232692801544,0.8,,,,
credit_g,random,Random,budget_50,seed_2,10.0,1,6.5309207213095535,236.47115822587702,0.6604180961632011,0.2353637854537202,4.9746235026200685,119.99448618003312,0.19202626427905997,0.049275819145977715,0.9995663324918631,0.0,1.0,0.4575312917204869,0.0,10.0,0.43944232692801544,0.8,0.8813938653983868,0.6,,
credit_g,random,Random,budget_50,seed_2,10.0,2,7.176476070220196,201.19074736221702,2.0233325500878063,0.39060613675299805,4.9746235026200685,119.99448618003312,0.19202626427905997,0.049275819145977715,0.9995663324918631,0.0,1.0,0.36582582188729024,0.0,18.0,0.43944232692801544,0.8,0.8813938653983868,0.6,3.7269756174935624,0.125
diabetes,histdistill_refined,HistDistill-Refined,budget_50,seed_0,0.1,0,12.164021850116423,401.5076327018826,0.4503532767686854,0.1401430037243862,15.430282656561172,513.0169569690103,0.40951386154953123,0.1296692939800098,1.8128994574002704,0.0,0.0,0.8459230120646456,0.0,5.0,0.4503532767686854,0.0,,,,
diabetes,histdistill_refined,HistDistill-Refined,budget_50,seed_0,0.1,1,12.984676442606434,337.0425556443136,1.5411736904380267,0.2960672330492616,15.430282656561172,513.0169569690103,0.40951386154953123,0.1296692939800098,1.8128994574002704,0.0,0.0,0.6323155883096333,0.0,12.0,0.4503532767686854,0.0,2.320331128773271,0.14285714285714285,,
diabetes,histdistill_refined,HistDistill-Refined,budget_50,seed_0,0.1,2,12.277208061978476,288.51582717025565,2.202671551215912,0.41527652520934905,15.430282656561172,513.0169569690103,0.40951386154953123,0.1296692939800098,1.8128994574002704,0.0,0.0,0.5024464160880061,0.0,23.0,0.4503532767686854,0.0,2.320331128773271,0.14285714285714285,2.9243055811554233,0.0
diabetes,histdistill_refined,HistDistill-Refined,budget_50,seed_0,1.0,0,11.977107750418128,390.42232136213005,0.4547964743144002,0.139614125686335,15.187114412202089,494.9942634503233,0.41467035425414306,0.12995546561561427,1.3913157430842702,0.0,0.0,0.8527057708318256,0.0,5.0,0.4547964743144002,0.0,,,,
diabetes,histdistill_refined,HistDistill-Refined,budget_50,seed_0,1.0,1,12.44120459877243,322.7455883396525,1.6222749166994437,0.3096932094783575,15.187114412202089,494.9942634503233,0.41467035425414306,0.12995546561561427,1.3913157430842702,0.0,0.0,0.6265927746744174,0.0,12.0,0.4547964743144002,0.0,2.4561880898316177,0.14285714285714285,,
diabetes,histdistill_refined,HistDistill-Refined,budget_50,seed_0,1.0,2,11.531606224388263,268.1594199978501,2.4068403865395984,0.43794128039093966,15.187114412202089,494.9942634503233,0.41467035425414306,0.12995546561561427,1.3913157430842702,0.0,0.0,0.5127867323723949,0.0,23.0,0.4547964743144002,0.0,2.4561880898316177,0.14285714285714285,3.2627299900015854,0.0
diabetes,histdistill_refined,HistDistill-Refined,budget_50,seed_0,10.0,0,10.400871469411364,338.1797579258646,0.48091060633844285,0.148384873279521,13.106464400027255,400.67119005972603,0.4374636041285735,0.12983962894687573,1.0054409343112098,0.0,0.0,0.8700684536767562,0.0,5.0,0.48091060633844285,0.0,,,,
diabetes,histdistill_refined,HistDistill-Refined,budget_50,seed_0,10.0,1,9.686365572643998,264.93653943834903,1.744281076224046,0.3489982140635198,13.106464400027255,400.67119005972603,0.4374636041285735,0.12983962894687573,1.0054409343112098,0.0,0.0,0.6737805788123524,0.0,12.0,0.48091060633844285,0.0,2.6466885547137626,0.14285714285714285,,
diabetes,histdistill_refined,HistDistill-Refined,budget_50,seed_0,10.0,2,8.313448105668488,202.0609490052511,2.182100158670628,0.4099082116561237,13.106464400027255,400.67119005972603,0.4374636041285735,0.12983962894687573,1.0054409343112098,0.0,0.0,0.5764969253388338,0.0,23.0,0.48091060633844285,0.0,2.6466885547137626,0.14285714285714285,2.659720975885081,0.09090909090909091
diabetes,histdistill_refined,HistDistill-Refined,budget_50,seed_1,0.1,0,14.26796975418489,404.77977048062314,0.5697253023302695,0.15956219361566307,18.4335087982673,507.1528293941345,0.489218346669486,0.1332638033817592,1.8128994574002704,0.0,0.0,0.8065654101244757,0.0,5.0,0.5697253023302695,0.0,,,,
diabetes,histdistill_refined,HistDistill-Refined,budget_50,seed_1,0.1,1,11.721323724130055,311.837831995344,1.2974768262017948,0.3023647366848694,18.4335087982673,507.1528293941345,0.489218346669486,0.1332638033817592,1.8128994574002704,0.0,0.0,0.6052358763347088,0.0,13.0,0.5697253023302695,0.0,1.7523215286214984,0.125,,
diabetes,histdistill_refined,HistDistill-Refined,budget_50,seed_1,0.1,2,11.10515513932697,261.00436152213786,2.275812481277789,0.43420397809128786,18.4335087982673,507.1528293941345,0.489218346669486,0.1332638033817592,1.8128994574002704,0.0,0.0,0.5445032630004519,0.0,23.0,0.5697253023302695,0.0,1.7523215286214984,0.125,3.54764883287658,0.1
diabetes,histdistill_refined,HistDistill-Refined,budget_50,seed_1,1.0,0,14.045562970695054,392.72756797378196,0.57625944479824,0.15892454452885724,18.048532634998665,494.42915749739706,0.49279877785797044,0.13366275960048307,1.3913157430842702,0.0,0.0,0.8171070678478131,0.0,5.0,0.57625944479824,0.0,,,,
diabetes,histdistill_refined,HistDistill-Refined,budget_50,seed_1,1.0,1,11.239907754382072,296.9522794877401,1.2960299211254758,0.30579690693508793,18.048532634998665,494.42915749739706,0.49279877785797044,0.13366275960048307,1.3913157430842702,0.0,0.0,0.6000248115968703,0.0,13.0,0.57625944479824,0.0,1.7458864688299982,0.125,,
diabetes,histdistill_refined,HistDistill-Refined,budget_50,seed_1,1.0,2,10.277141816518105,237.4410833934952,2.3822874586405076,0.4252726901191173,18.048532634998665,494.42915749739706,0.49279877785797044,0.13366275960048307,1.3913157430842702,0.0,0.0,0.5346181767383086,0.0,23.0,0.57625944479824,0.0,1.7458864688299982,0.125,3.794422257410049,0.1
diabetes,histdistill_refined,HistDistill-Refined,budget_50,seed_1,10.0,0,12.20976883483483,334.8024161530617,0.6177633934514606,0.16777135749786787,14.965012681649288,395.74223085614926,0.49949766647445304,0.13078182645750047,1.0054409343112098,0.0,0.0,0.8363640488419545,0.0,5.0,0.6177633934514606,0.0,,,,
diabetes,histdistill_refined,HistDistill-Refined,budget_50,seed_1,10.0,1,9.041357913864767,242.17818261272686,1.4095486173857479,0.33419622096555224,14.965012681649288,395.74223085614926,0.49949766647445304,0.13078182645750047,1.0054409343112098,0.0,0.0,0.6236014665141644,0.0,13.0,0.6177633934514606,0.0,1.9044143823446775,0.125,,
diabetes,histdistill_refined,HistDistill-Refined,budget_50,seed_1,10.0,2,7.375771592124842,183.86718889475284,1.7845796713571453,0.3637717328243904,14.965012681649288,395.74223085614926,0.49949766647445304,0.13078182645750047,1.0054409343112098,0.0,0.0,0.5881049316091213,0.0,23.0,0.6177633934514606,0.0,1.9044143823446775,0.125,2.2721200415199614,0.1
diabetes,histdistill_refined,HistDistill-Refined,budget_50,seed_2,0.1,0,13.42925336581971,398.58607206835103,0.4727528792286506,0.1333140378477366,17.418110544733572,487.3136489753534,0.46227006133535864,0.12201056417082701,1.8128994574002704,0.0,0.0,0.8516520341016335,0.0,5.0,0.4727528792286506,0.0,,,,
diabetes,histdistill_refined,HistDistill-Refined,budget_50,seed_2,0.1,1,12.494153777322985,337.47479853245835,1.212912376467642,0.2992325213897689,17.418110544733572,487.3136489753534,0.46227006133535864,0.12201056417082701,1.8128994574002704,0.0,0.0,0.6046319772860876,0.0,12.0,0.4727528792286506,0.0,1.7415977316383504,0.0,,
diabetes,histdistill_refined,HistDistill-Refined,budget_50,seed_2,0.1,2,11.281390000335831,261.605519193265,2.1265241236938186,0.3623363384078062,17.418110544733572,487.3136489753534,0.46227006133535864,0.12201056417082701,1.8128994574002704,0.0,0.0,0.46303054258877524,0.0,24.0,0.4727528792286506,0.0,1.7415977316383504,0.0,3.040135870919995,0.0
diabetes,histdistill_refined,HistDistill-Refined,budget_50,seed_2,1.0,0,13.211969764185444,387.5758642345159,0.47672081059933574,0.13261141989300762,17.114110472299544,475.9041831049973,0.4672852300757763,0.12144047787551986,1.3913157430842702,0.0,0.0,0.8561657898905839,0.0,5.0,0.47672081059933574,0.0,,,,
diabetes,histdistill_refined,HistDistill-Refined,budget_50,seed_2,1.0,1,12.102268597231088,325.52032369492326,1.2574294936331665,0.3129715323082358,17.114110472299544,475.9041831049973,0.4672852300757763,0.12144047787551986,1.3913157430842702,0.0,0.0,0.5988343369587459,0.0,12.0,0.47672081059933574,0.0,1.8150785529430458,0.0,,
diabetes,histdistill_refined,HistDistill-Refined,budget_50,seed_2,1.0,2,10.589396617976817,247.06253009049328,2.225769042844909,0.37736494879517696,17.114110472299544,475.9041831049973,0.4672852300757763,0.12144047787551986,1.3913157430842702,0.0,0.0,0.46706924598763483,0.0,24.0,0.47672081059933574,0.0,1.8150785529430458,0.0,3.194108592056652,0.0
diabetes,histdistill_refined,HistDistill-Refined,budget_50,seed_2,10.0,0,11.588020428155998,337.61910233459514,0.5087395973573176,0.1432497588389334,14.617711668536515,377.3118894560519,0.487905558314948,0.11769908515894291,1.0054409343112098,0.0,0.0,0.8601305399498665,0.0,5.0,0.5087395973573176,0.0,,,,
diabetes,histdistill_refined,HistDistill-Refined,budget_50,seed_2,10.0,1,9.7779529169585,269.7366050510118,1.3743394716186614,0.34671905710357076,14.617711668536515,377.3118894560519,0.487905558314948,0.11769908515894291,1.0054409343112098,0.0,0.0,0.6192952333281355,0.0,12.0,0.5087395973573176,0.0,1.9926250960910497,0.0,,
diabetes,histdistill_refined,HistDistill-Refined,budget_50,seed_2,10.0,2,7.684123731701405,193.2377532642571,1.708874262462005,0.3557078662600331,14.617711668536515,377.3118894560519,0.487905558314948,0.11769908515894291,1.0054409343112098,0.0,0.0,0.5373797788109526,0.0,24.0,0.5087395973573176,0.0,1.9926250960910497,0.0,2.0434090533053486,0.0
diabetes,histdistill_density,HistDistill-Density,budget_50,seed_0,0.1,0,13.782403054846213,300.12194576141303,0.5360887669640514,0.10509590096648007,13.119995391232365,360.21338907852663,0.348199711940534,0.09104692390661198,1.8128994574002704,0.0,0.0,0.9036753635400838,0.0,5.0,0.5360887669640514,0.0,,,,
diabetes,histdistill_density,HistDistill-Density,budget_50,seed_0,0.1,1,12.422916015479117,271.58720724058315,1.3703437360684279,0.26028012878913453,13.119995391232365,360.21338907852663,0.348199711940534,0.09104692390661198,1.8128994574002704,0.0,0.0,0.7332909255085712,0.0,12.0,0.5360887669640514,0.0,1.966240142571554,0.0,,
diabetes,histdistill_density,HistDistill-Density,budget_50,seed_0,0.1,2,11.114827360010842,237.89266220906356,1.8419616677475499,0.3514026965573077,13.119995391232365,360.21338907852663,0.348199711940534,0.09104692390661198,1.8128994574002704,0.0,0.0,0.5402267504765416,0.0,23.0,0.5360887669640514,0.0,1.966240142571554,0.0,2.356453956852047,0.0
diabetes,histdistill_density,HistDistill-Density,budget_50,seed_0,1.0,0,13.538105084355417,291.2296000993089,0.5399037570387396,0.10452159299116262,12.87879986107059,348.8973820592046,0.3516439236454003,0.09159928727562547,1.3913157430842702,0.0,0.0,0.9057761118489289,0.0,5.0,0.5399037570387396,0.0,,,,
diabetes,histdistill_density,HistDistill-Density,budget_50,seed_0,1.0,1,12.155337416659924,259.89668224725256,1.4773431572648261,0.2726845046062329,12.87879986107059,348.8973820592046,0.3516439236454003,0.09159928727562547,1.3913157430842702,0.0,0.0,0.7325976094794372,0.0,12.0,0.5399037570387396,0.0,2.146942728854888,0.0,,
diabetes,histdistill_density,HistDistill-Density,budget_50,seed_0,1.0,2,10.55322375334899,221.47535822837594,2.0184751063526645,0.3721153108980977,12.87879986107059,348.8973820592046,0.3516439236454003,0.09159928727562547,1.3913157430842702,0.0,0.0,0.5623920084995836,0.0,23.0,0.5399037570387396,0.0,2.146942728854888,0.0,2.6088008689939426,0.0
diabetes,histdistill_density,HistDistill-Density,budget_50,seed_0,10.0,0,11.476755955285133,256.61870970346297,0.55586328060956,0.11604848942551386,10.889141212162027,274.52975852625286,0.3634544614890556,0.08896282754098359,1.0054409343112098,0.0,0.0,0.9095219539197649,0.0,5.0,0.55586328060956,0.0,,,,
diabetes,histdistill_density,HistDistill-Density,budget_50,seed_0,10.0,1,9.745465355791287,219.31405863767168,1.6949704260547325,0.3256162854277641,10.889141212162027,274.52975852625286,0.3634544614890556,0.08896282754098359,1.0054409343112098,0.0,0.0,0.7678091479918049,0.0,12.0,0.55586328060956,0.0,2.5086183870869987,0.14285714285714285,,
diabetes,histdistill_density,HistDistill-Density,budget_50,seed_0,10.0,2,7.867546121176382,174.31660553461134,1.9072319720604758,0.3728599668549294,10.889141212162027,274.52975852625286,0.3634544614890556,0.08896282754098359,1.0054409343112098,0.0,0.0,0.6331864085796134,0.0,23.0,0.55586328060956,0.0,2.5086183870869987,0.14285714285714285,2.138790022248559,0.09090909090909091
diabetes,histdistill_density,HistDistill-Density,budget_50,seed_1,0.1,0,13.872336810933216,403.84085571735574,0.5549291665892976,0.15973055858426682,17.97175077808577,505.11880980194746,0.4769634635831027,0.1327293270438638,1.8128994574002704,0.0,0.0,0.8047191860028408,0.0,5.0,0.5549291665892976,0.0,,,,
diabetes,histdistill_density,HistDistill-Density,budget_50,seed_1,0.1,1,11.561002594465116,303.8056704200455,1.2952321721837734,0.2919809688271925,17.97175077808577,505.11880980194746,0.4769634635831027,0.1327293270438638,1.8128994574002704,0.0,0.0,0.6055185696408506,0.0,13.0,0.5549291665892976,0.0,1.7579215506803212,0.125,,
diabetes,histdistill_density,HistDistill-Density,budget_50,seed_1,0.1,2,10.896230061052034,254.05110886790854,2.1870031238860737,0.4114063459095113,17.97175077808577,505.11880980194746,0.4769634635831027,0.1327293270438638,1.8128994574002704,0.0,0.0,0.552891971012756,0.0,23.0,0.5549291665892976,0.0,1.7579215506803212,0.125,3.346305361099064,0.1
diabetes,histdistill_density,HistDistill-Density,budget_50,seed_1,1.0,0,13.6415033459283,393.10656520465955,0.5609400607316506,0.1595083527859577,17.560452025296623,493.7195937033099,0.479472180465176,0.133470937873564,1.3913157430842702,0.0,0.0,0.8156960116987138,0.0,5.0,0.5609400607316506,0.0,,,,
diabetes,histdistill_density,HistDistill-Density,budget_50,seed_1,1.0,1,11.068913809084194,289.87732042224485,1.2923151499489363,0.2954672329791409,17.560452025296623,493.7195937033099,0.479472180465176,0.133470937873564,1.3913157430842702,0.0,0.0,0.6032327251811447,0.0,13.0,0.5609400607316506,0.0,1.7494245807097397,0.125,,
diabetes,histdistill_density,HistDistill-Density,budget_50,seed_1,1.0,2,10.062737890912407,232.01866511609802,2.2844519587686762,0.40431944271595516,17.560452025296623,493.7195937033099,0.479472180465176,0.133470937873564,1.3913157430842702,0.0,0.0,0.5401437666694552,0.0,23.0,0.5609400607316506,0.0,1.7494245807097397,0.125,3.574229810234338,0.1
diabetes,histdistill_density,HistDistill-Density,budget_50,seed_1,10.0,0,11.795292165799534,340.431476102617,0.5997741905670143,0.17129012718927844,14.390178945655697,398.8950681019682,0.48031103991771923,0.13182375168402835,1.0054409343112098,0.0,1.0,0.8411583088466015,0.0,5.0,0.5997741905670143,0.4,,,,
diabetes,histdistill_density,HistDistill-Density,budget_50,seed_1,10.0,1,8.855281775586302,239.77621024535895,1.4089518748053271,0.32409268182205336,14.390178945655697,398.8950681019682,0.48031103991771923,0.13182375168402835,1.0054409343112098,0.0,1.0,0.6239016966092819,0.0,13.0,0.5997741905670143,0.4,1.914687927454273,0.125,,
diabetes,histdistill_density,HistDistill-Density,budget_50,seed_1,10.0,2,7.278066304229247,181.1719057034922,1.8110437114166367,0.35191252726439615,14.390178945655697,398.8950681019682,0.48031103991771923,0.13182375168402835,1.0054409343112098,0.0,1.0,0.5827173324841295,0.0,23.0,0.5997741905670143,0.4,1.914687927454273,0.125,2.333763099011338,0.1
diabetes,histdistill_density,HistDistill-Density,budget_50,seed_2,0.1,0,13.130786819979386,382.71356025238913,0.4635519954758084,0.12824436505186235,16.988930873410624,458.16424063935386,0.45087979529721284,0.11471231639180576,1.8128994574002704,0.0,0.0,0.8473552136299723,0.0,5.0,0.4635519954758084,0.0,,,,
diabetes,histdistill_density,HistDistill-Density,budget_50,seed_2,0.1,1,12.313213425383202,339.50309991303067,1.1910562129129747,0.31103983957838327,16.988930873410624,458.16424063935386,0.45087979529721284,0.11471231639180576,1.8128994574002704,0.0,0.0,0.5884031293618904,0.0,12.0,0.4635519954758084,0.0,1.7107020825109507,0.0,,
diabetes,histdistill_density,HistDistill-Density,budget_50,seed_2,0.1,2,10.949213750097215,261.4543411737348,2.042173447265243,0.36587587375032266,16.988930873410624,458.16424063935386,0.45087979529721284,0.11471231639180576,1.8128994574002704,0.0,0.0,0.4470918895104609,0.0,24.0,0.4635519954758084,0.0,1.7107020825109507,0.0,2.8932906816175112,0.08333333333333333
diabetes,histdistill_density,HistDistill-Density,budget_50,seed_2,1.0,0,12.920066262718208,370.84621989276786,0.46737304640072563,0.12713165360624398,16.71332160642585,446.93540708826725,0.45634205440183584,0.11404827136036,1.3913157430842702,0.0,0.0,0.8538360476936384,0.0,5.0,0.46737304640072563,0.0,,,,
diabetes,histdistill_density,HistDistill-Density,budget_50,seed_2,1.0,1,11.930479931151694,327.06471475283485,1.2337492075923044,0.32559852735396366,16.71332160642585,446.93540708826725,0.45634205440183584,0.11404827136036,1.3913157430842702,0.0,0.0,0.5790603980117812,0.0,12.0,0.46737304640072563,0.0,1.7811607513005752,0.0,,
diabetes,histdistill_density,HistDistill-Density,budget_50,seed_2,1.0,2,10.323899830170175,246.98510805456166,2.1390374067720317,0.38202901167619485,16.71332160642585,446.93540708826725,0.45634205440183584,0.11404827136036,1.3913157430842702,0.0,0.0,0.43982779479872897,0.0,24.0,0.46737304640072563,0.0,1.7811607513005752,0.0,3.0443256059517583,0.08333333333333333
diabetes,histdistill_density,HistDistill-Density,budget_50,seed_2,10.0,0,11.278109676788503,321.05671316214233,0.49432952698239135,0.13652531941020463,14.372278599421747,352.97629947947854,0.47971356757585437,0.11010781449642791,1.0054409343112098,0.0,0.0,0.8566919867601968,0.0,5.0,0.49432952698239135,0.0,,,,
diabetes,histdistill_density,HistDistill-Density,budget_50,seed_2,10.0,1,9.814568912590431,270.4344414858897,1.4245835090779135,0.36336270841548785,14.372278599421747,352.97629947947854,0.47971356757585437,0.11010781449642791,1.0054409343112098,0.0,0.0,0.6065449104370128,0.0,12.0,0.49432952698239135,0.0,2.089050639146144,0.14285714285714285,,
diabetes,histdistill_density,HistDistill-Density,budget_50,seed_2,10.0,2,7.676381822019316,194.29930782968518,1.708780387628007,0.3692873687120821,14.372278599421747,352.97629947947854,0.47971356757585437,0.11010781449642791,1.0054409343112098,0.0,0.0,0.5175033072217174,0.0,24.0,0.49432952698239135,0.0,2.089050639146144,0.14285714285714285,1.9929772661781004,0.0
diabetes,gain_path_refined,Legacy gain-path refined,budget_50,seed_0,0.1,0,10.65474473661223,249.05742644944365,0.38518582174701915,0.08798749403419209,10.354166323289213,224.55296809651884,0.27479565530663147,0.05675762650463455,1.8128994574002704,0.0,0.0,0.9471103538667933,0.0,5.0,0.38518582174701915,0.0,,,,
diabetes,gain_path_refined,Legacy gain-path refined,budget_50,seed_0,0.1,1,11.506687168956502,258.9918533876258,1.3277209358459547,0.2633373195149343,10.354166323289213,224.55296809651884,0.27479565530663147,0.05675762650463455,1.8128994574002704,0.0,0.0,0.8214966311507682,0.0,12.0,0.38518582174701915,0.0,2.0009603030594802,0.0,,
diabetes,gain_path_refined,Legacy gain-path refined,budget_50,seed_0,0.1,2,11.58209036504777,240.3402880006033,1.9727133415155986,0.3605179107960595,10.354166323289213,224.55296809651884,0.27479565530663147,0.05675762650463455,1.8128994574002704,0.0,0.0,0.6272581718023299,0.0,23.0,0.38518582174701915,0.0,2.0009603030594802,0.0,2.676341420427937,0.0
diabetes,gain_path_refined,Legacy gain-path refined,budget_50,seed_0,1.0,0,10.454287733485412,237.97475220410246,0.3877972931686467,0.0867502169787879,10.096682497678607,213.1182818986926,0.275680737924784,0.055951932376533176,1.3913157430842702,0.0,0.0,0.9482190133912125,0.0,5.0,0.3877972931686467,0.0,,,,
diabetes,gain_path_refined,Legacy gain-path refined,budget_50,seed_0,1.0,1,11.245291663303304,249.81102254876032,1.4304131982258852,0.2855063202637171,10.096682497678607,213.1182818986926,0.275680737924784,0.055951932376533176,1.3913157430842702,0.0,0.0,0.8310929851655118,0.0,12.0,0.3877972931686467,0.0,2.1751388446953412,0.0,,
diabetes,gain_path_refined,Legacy gain-path refined,budget_50,seed_0,1.0,2,10.977543042149918,226.96328297920746,2.085207466072906,0.3899077328310615,10.096682497678607,213.1182818986926,0.275680737924784,0.055951932376533176,1.3913157430842702,0.0,0.0,0.6649921101459002,0.0,23.0,0.3877972931686467,0.0,2.1751388446953412,0.0,2.7995284855423823,0.0
diabetes,gain_path_refined,Legacy gain-path refined,budget_50,seed_0,10.0,0,8.859524848819303,224.34606951430663,0.4032500085585629,0.10738910014826682,8.108094090845913,152.9409507713713,0.27062951192143525,0.04956132807047378,1.0054409343112098,0.0,0.0,0.9346494028812466,0.0,5.0,0.4032500085585629,0.0,,,,
diabetes,gain_path_refined,Legacy gain-path refined,budget_50,seed_0,10.0,1,9.344574028223892,228.25572308848874,1.7934229191765387,0.37635094220091464,8.108094090845913,152.9409507713713,0.27062951192143525,0.04956132807047378,1.0054409343112098,0.0,0.0,0.7943466778035458,0.0,12.0,0.4032500085585629,0.0,2.78640356961795,0.14285714285714285,,
diabetes,gain_path_refined,Legacy gain-path refined,budget_50,seed_0,10.0,2,8.301500511297068,190.3934903534023,2.1712048974463927,0.43817963568806384,8.108094090845913,152.9409507713713,0.27062951192143525,0.04956132807047378,1.0054409343112098,0.0,0.0,0.6728795913995238,0.0,23.0,0.4032500085585629,0.0,2.78640356961795,0.14285714285714285,2.5833306919225967,0.0
diabetes,gain_path_refined,Legacy gain-path refined,budget_50,seed_1,0.1,0,11.255282390695589,270.3580567823238,0.471079967314771,0.10535578263477285,11.034282457789317,261.56622618533044,0.292845680101404,0.06873137270931248,1.8128994574002704,0.0,0.0,0.9295698321457634,0.0,5.0,0.471079967314771,0.0,,,,
diabetes,gain_path_refined,Legacy gain-path refined,budget_50,seed_1,0.1,1,10.438266950735835,237.1095600752635,1.1877301467924386,0.22162902168833967,11.034282457789317,261.56622618533044,0.292845680101404,0.06873137270931248,1.8128994574002704,0.0,0.0,0.8006143082425332,0.0,13.0,0.471079967314771,0.0,1.6356365089659808,0.125,,
diabetes,gain_path_refined,Legacy gain-path refined,budget_50,seed_1,0.1,2,9.864664421547365,202.5464556570327,1.9908981709400309,0.32326336757317475,11.034282457789317,261.56622618533044,0.292845680101404,0.06873137270931248,1.8128994574002704,0.0,0.0,0.6806563156805262,0.0,23.0,0.471079967314771,0.0,1.6356365089659808,0.125,3.035016602331901,0.1
diabetes,gain_path_refined,Legacy gain-path refined,budget_50,seed_1,1.0,0,10.997504102379207,261.2120095774302,0.4696660626985536,0.10487701403005148,10.8065200584361,249.54246932323252,0.29506220729369265,0.06746069599958361,1.3913157430842702,0.0,0.0,0.9300436067660766,0.0,5.0,0.4696660626985536,0.0,,,,
diabetes,gain_path_refined,Legacy gain-path refined,budget_50,seed_1,1.0,1,9.924885444013913,230.6688448697986,1.1870675354685767,0.23602005565696513,10.8065200584361,249.54246932323252,0.29506220729369265,0.06746069599958361,1.3913157430842702,0.0,0.0,0.8149148521103025,0.0,13.0,0.4696660626985536,0.0,1.635443455949841,0.125,,
diabetes,gain_path_refined,Legacy gain-path refined,budget_50,seed_1,1.0,2,9.128204234525743,190.2955429221623,2.0350378833325657,0.33598087718383457,10.8065200584361,249.54246932323252,0.29506220729369265,0.06746069599958361,1.3913157430842702,0.0,0.0,0.6992451257195181,0.0,23.0,0.4696660626985536,0.0,1.635443455949841,0.125,3.137399335555751,0.1
diabetes,gain_path_refined,Legacy gain-path refined,budget_50,seed_1,10.0,0,9.161096795313773,247.7847385307869,0.4703537521188112,0.13179446812262421,8.975126196669102,181.64850535046577,0.2995690472783397,0.06002979073427291,1.0054409343112098,0.0,0.0,0.9140946207211329,0.0,5.0,0.4703537521188112,0.0,,,,
diabetes,gain_path_refined,Legacy gain-path refined,budget_50,seed_1,10.0,1,7.824022429805492,221.60739617817202,1.278542017552178,0.31809103833437347,8.975126196669102,181.64850535046577,0.2995690472783397,0.06002979073427291,1.0054409343112098,0.0,0.0,0.7866216676482167,0.0,13.0,0.4703537521188112,0.0,1.783659683448032,0.25,,
diabetes,gain_path_refined,Legacy gain-path refined,budget_50,seed_1,10.0,2,6.61064208753219,174.25364365387054,1.746868003461094,0.3794416870215116,8.975126196669102,181.64850535046577,0.2995690472783397,0.06002979073427291,1.0054409343112098,0.0,0.0,0.7157384932719354,0.0,23.0,0.4703537521188112,0.0,1.783659683448032,0.25,2.355691785142685,0.1
diabetes,gain_path_refined,Legacy gain-path refined,budget_50,seed_2,0.1,0,9.544996705349352,270.32236860142314,0.34014328467848165,0.0913527225864111,10.951624830050928,283.563014578394,0.2906519779460337,0.07099674605756862,1.8128994574002704,0.0,0.0,0.9155496807340759,0.0,5.0,0.34014328467848165,0.4,,,,
diabetes,gain_path_refined,Legacy gain-path refined,budget_50,seed_2,0.1,1,8.97766982419263,249.32116124824663,0.8526174495421567,0.22601888965767372,10.951624830050928,283.563014578394,0.2906519779460337,0.07099674605756862,1.8128994574002704,0.0,0.0,0.758139547723999,0.0,12.0,0.34014328467848165,0.4,1.2186704244447815,0.14285714285714285,,
diabetes,gain_path_refined,Legacy gain-path refined,budget_50,seed_2,0.1,2,9.02022570580617,208.8802194569278,1.7626833121182497,0.3058508206673602,10.951624830050928,283.563014578394,0.2906519779460337,0.07099674605756862,1.8128994574002704,0.0,0.0,0.5841836810525297,0.0,24.0,0.34014328467848165,0.4,1.2186704244447815,0.14285714285714285,2.6727491746943435,0.16666666666666666
diabetes,gain_path_refined,Legacy gain-path refined,budget_50,seed_2,1.0,0,9.073060686641451,261.985451747183,0.3311229544364685,0.09117002506228992,10.423521465396178,271.0641791963591,0.28460477884849045,0.06916972917062754,1.3913157430842702,0.0,0.0,0.9161191508865828,0.0,5.0,0.3311229544364685,0.2,,,,
diabetes,gain_path_refined,Legacy gain-path refined,budget_50,seed_2,1.0,1,8.598417216451452,241.88290542630736,0.889930368030754,0.2386401728355835,10.423521465396178,271.0641791963591,0.28460477884849045,0.06916972917062754,1.3913157430842702,0.0,0.0,0.7589123645813722,0.0,12.0,0.3311229544364685,0.2,1.2890785205981008,0.14285714285714285,,
diabetes,gain_path_refined,Legacy gain-path refined,budget_50,seed_2,1.0,2,8.397656572157382,198.7143508105623,1.840092496123927,0.321147469522735,10.423521465396178,271.0641791963591,0.28460477884849045,0.06916972917062754,1.3913157430842702,0.0,0.0,0.5887926149495004,0.0,24.0,0.3311229544364685,0.2,1.2890785205981008,0.14285714285714285,2.7902546242171002,0.25
diabetes,gain_path_refined,Legacy gain-path refined,budget_50,seed_2,10.0,0,7.934704094851223,254.4585579083128,0.3637294965766655,0.1146766370964291,8.267831315184457,200.84201445110173,0.275961172675993,0.06265087855156828,1.0054409343112098,0.0,0.0,0.8992410434369063,0.0,5.0,0.3637294965766655,0.2,,,,
diabetes,gain_path_refined,Legacy gain-path refined,budget_50,seed_2,10.0,1,7.244330417090926,228.39439526668625,1.0430920791363205,0.2931582977694604,8.267831315184457,200.84201445110173,0.275961172675993,0.06265087855156828,1.0054409343112098,0.0,0.0,0.7448562858902465,0.0,12.0,0.3637294965766655,0.2,1.5283510666789313,0.42857142857142855,,
diabetes,gain_path_refined,Legacy gain-path refined,budget_50,seed_2,10.0,2,6.154427625057466,175.04312339390785,1.4115157150938489,0.33338464581891153,8.267831315184457,200.84201445110173,0.275961172675993,0.06265087855156828,1.0054409343112098,0.0,0.0,0.6387273611418588,0.0,24.0,0.3637294965766655,0.2,1.5283510666789313,0.42857142857142855,1.7799393510513772,0.08333333333333333
diabetes,random,Random,budget_50,seed_0,0.1,0,29.744737746762514,764.4837355678332,1.113871397835506,0.2667390879253716,30.983317869617437,795.2901850303585,0.8222855294882414,0.20101619527626527,1.8128994574002704,0.0,0.0,0.8792387894198083,0.0,5.0,1.113871397835506,0.0,,,,
diabetes,random,Random,budget_50,seed_0,0.1,1,24.25326964367268,563.5756389241312,2.084526517986155,0.41711474794550535,30.983317869617437,795.2901850303585,0.8222855294882414,0.20101619527626527,1.8128994574002704,0.0,0.0,0.7789996470889023,0.0,12.0,1.113871397835506,0.0,2.7778516038080476,0.42857142857142855,,
diabetes,random,Random,budget_50,seed_0,0.1,2,17.45944290897911,379.71822779115143,2.3240560852982366,0.38983240722679247,30.983317869617437,795.2901850303585,0.8222855294882414,0.20101619527626527,1.8128994574002704,0.0,0.0,0.6379340211862143,0.0,23.0,1.113871397835506,0.0,2.7778516038080476,0.42857142857142855,2.585361067820507,0.09090909090909091
diabetes,random,Random,budget_50,seed_0,1.0,0,29.162539617743942,741.0425561586055,1.1170950255339958,0.26467501595599985,30.43466125001222,765.406931711133,0.8309907609576961,0.2009494281864975,1.3913157430842702,0.0,0.0,0.8806540319134065,0.0,5.0,1.1170950255339958,0.0,,,,
diabetes,random,Random,budget_50,seed_0,1.0,1,23.52960247122091,543.412614794962,2.159531029959337,0.4286808542190657,30.43466125001222,765.406931711133,0.8309907609576961,0.2009494281864975,1.3913157430842702,0.0,0.0,0.7934839491067308,0.0,12.0,1.1170950255339958,0.0,2.9041281759774376,0.42857142857142855,,
diabetes,random,Random,budget_50,seed_0,1.0,2,16.777504178724367,368.43803982725063,2.517587268639386,0.4399600837255982,30.43466125001222,765.406931711133,0.8309907609576961,0.2009494281864975,1.3913157430842702,0.0,0.0,0.642043610747167,0.0,23.0,1.1170950255339958,0.0,2.9041281759774376,0.42857142857142855,2.9081940744721666,0.0
diabetes,random,Random,budget_50,seed_0,10.0,0,24.341894536203114,606.8685089033349,1.1074674539047058,0.26427915981400596,25.869792829420852,627.5416128211052,0.863474119625613,0.20335819539525782,1.0054409343112098,0.0,0.0,0.8860192560413708,0.0,5.0,1.1074674539047058,0.0,,,,
diabetes,random,Random,budget_50,seed_0,10.0,1,18.753570386175536,452.68489424389594,2.3954971205095412,0.5153116233426758,25.869792829420852,627.5416128211052,0.863474119625613,0.20335819539525782,1.0054409343112098,0.0,0.0,0.7847352192541427,0.0,12.0,1.1074674539047058,0.0,3.3155183109415662,0.2857142857142857,,
diabetes,random,Random,budget_50,seed_0,10.0,2,12.943962604823438,317.59639456424463,2.5350930054155048,0.5693500667975826,25.869792829420852,627.5416128211052,0.863474119625613,0.20335819539525782,1.0054409343112098,0.0,0.0,0.6569368224105095,0.0,23.0,1.1074674539047058,0.0,3.3155183109415662,0.2857142857142857,2.687379425312921,0.18181818181818182
diabetes,random,Random,budget_50,seed_1,0.1,0,20.322157228174518,556.3975776884763,0.8752758781848728,0.21325617632764607,23.30910719855377,681.3163511520492,0.6186148828643065,0.1790284959450418,1.8128994574002704,0.0,0.0,0.6922737489258904,0.0,5.0,0.8752758781848728,0.0,,,,
diabetes,random,Random,budget_50,seed_1,0.1,1,17.567960339709444,453.42231684133435,1.8243959525488715,0.4088410983338401,23.30910719855377,681.3163511520492,0.6186148828643065,0.1790284959450418,1.8128994574002704,0.0,0.0,0.5300044810691151,0.0,13.0,0.8752758781848728,0.0,2.4175959990263705,0.125,,
diabetes,random,Random,budget_50,seed_1,0.1,2,14.728926835230164,356.14928036292076,2.883680387215296,0.5470105260862621,23.30910719855377,681.3163511520492,0.6186148828643065,0.1790284959450418,1.8128994574002704,0.0,0.0,0.4783575439186635,0.0,23.0,0.8752758781848728,0.0,2.4175959990263705,0.125,4.2607501522816476,0.1
diabetes,random,Random,budget_50,seed_1,1.0,0,19.48420263814822,544.4513882006084,0.8540019369504741,0.21478867007375851,22.872166690142784,664.2667036961401,0.6245037211506795,0.1795762231664299,1.3913157430842702,0.0,0.0,0.6964009907989481,0.0,5.0,0.8540019369504741,0.0,,,,
diabetes,random,Random,budget_50,seed_1,1.0,1,16.55236687500708,436.0273802200694,1.7977714275225947,0.4161455896365853,22.872166690142784,664.2667036961401,0.6245037211506795,0.1795762231664299,1.3913157430842702,0.0,0.0,0.5122154194234896,0.0,13.0,0.8540019369504741,0.0,2.38762735913017,0.125,,
diabetes,random,Random,budget_50,seed_1,1.0,2,13.774804702525246,334.54862968770163,2.9430005724183217,0.5520041332971038,22.872166690142784,664.2667036961401,0.6245037211506795,0.1795762231664299,1.3913157430842702,0.0,0.0,0.4297775609772292,0.0,23.0,0.8540019369504741,0.0,2.38762735913017,0.125,4.431798460782766,0.1
diabetes,random,Random,budget_50,seed_1,10.0,0,15.75754042087166,472.17742578196504,0.7838376679991427,0.2338673109374859,19.284339984981607,525.1687884185097,0.6436668666382118,0.17355371247404514,1.0054409343112098,0.0,0.0,0.7098820142191535,0.0,5.0,0.7838376679991427,0.0,,,,
diabetes,random,Random,budget_50,seed_1,10.0,1,12.554032630496893,368.77741682080887,1.8363304729036956,0.4816719090583288,19.284339984981607,525.1687884185097,0.6436668666382118,0.17355371247404514,1.0054409343112098,0.0,0.0,0.5464633510642367,0.0,13.0,0.7838376679991427,0.0,2.4941384759690406,0.125,,
diabetes,random,Random,budget_50,seed_1,10.0,2,9.934954674553566,268.95339058018897,2.2011751099768655,0.48589472258291694,19.284339984981607,525.1687884185097,0.6436668666382118,0.17355371247404514,1.0054409343112098,0.0,0.0,0.47339058209862117,0.0,23.0,0.7838376679991427,0.0,2.4941384759690406,0.125,2.6754731381719887,0.1
diabetes,random,Random,budget_50,seed_2,0.1,0,26.051648422136406,804.2361381706394,0.9622965561608968,0.2703539261690843,27.013604699281842,872.9478667206452,0.716930844430874,0.21856326399692666,1.8128994574002704,0.0,0.0,0.6186218951931319,0.0,5.0,0.9622965561608968,0.0,,,,
diabetes,random,Random,budget_50,seed_2,0.1,1,20.701156895862756,553.1770804410115,1.6568284463257392,0.35922638213219105,27.013604699281842,872.9478667206452,0.716930844430874,0.21856326399692666,1.8128994574002704,0.0,0.0,0.6557079341398759,0.0,12.0,0.9622965561608968,0.0,2.152922653586341,0.0,,
diabetes,random,Random,budget_50,seed_2,0.1,2,16.49021654294354,411.26744358552514,2.540636908525318,0.5096196935264944,27.013604699281842,872.9478667206452,0.716930844430874,0.21856326399692666,1.8128994574002704,0.0,0.0,0.5917880283631453,0.0,24.0,0.9622965561608968,0.0,2.152922653586341,0.0,3.424445370724897,0.0
diabetes,random,Random,budget_50,seed_2,1.0,0,25.509183835377247,780.157590669162,0.9652728792842522,0.2678585544409646,26.44208728672188,855.2576054443355,0.7219771580567211,0.21824328509614713,1.3913157430842702,0.0,0.0,0.6272750616959223,0.0,5.0,0.9652728792842522,0.0,,,,
diabetes,random,Random,budget_50,seed_2,1.0,1,19.94880706407543,535.798563553513,1.691047345707157,0.37019389427109917,26.44208728672188,855.2576054443355,0.7219771580567211,0.21824328509614713,1.3913157430842702,0.0,0.0,0.6359432665494164,0.0,12.0,0.9652728792842522,0.0,2.2094576788663747,0.0,,
diabetes,random,Random,budget_50,seed_2,1.0,2,15.770100365722556,389.86618815354603,2.6472973198645993,0.5141121494474249,26.44208728672188,855.2576054443355,0.7219771580567211,0.21824328509614713,1.3913157430842702,0.0,0.0,0.5635424136225302,0.0,24.0,0.9652728792842522,0.0,2.2094576788663747,0.0,3.6035472940220417,0.0
diabetes,random,Random,budget_50,seed_2,10.0,0,21.475785438745923,636.459568698936,0.976375915699838,0.26474037593059985,22.40168448571648,682.6228392086251,0.7477166484084221,0.2129381181157123,1.0054409343112098,0.0,0.0,0.6520379707754265,0.0,5.0,0.976375915699838,0.0,,,,
diabetes,random,Random,budget_50,seed_2,10.0,1,16.154696476567196,437.08916469924606,1.8427200436176001,0.40981704458704754,22.40168448571648,682.6228392086251,0.7477166484084221,0.2129381181157123,1.0054409343112098,0.0,0.0,0.6066479854179431,0.0,12.0,0.976375915699838,0.0,2.461537277844573,0.0,,
diabetes,random,Random,budget_50,seed_2,10.0,2,11.788534652838008,304.96551555011905,2.203004391260425,0.46633816296951736,22.40168448571648,682.6228392086251,0.7477166484084221,0.2129381181157123,1.0054409343112098,0.0,0.0,0.5845811322177763,0.0,24.0,0.976375915699838,0.0,2.461537277844573,0.0,2.5632887389032493,0.08333333333333333
electricity,histdistill_refined,HistDistill-Refined,budget_50,seed_0,0.1,0,374.63084480949374,8597.871142766104,0.4057962621794336,0.08334217426199107,440.4663121409194,10609.074004259895,0.2901554485586532,0.06471005297762905,36.4942481628791,0.0,1.0,0.8404869512078557,0.0,5.0,0.4057962621794336,0.6,,,,
electricity,histdistill_refined,HistDistill-Refined,budget_50,seed_0,0.1,1,276.92277871571986,5585.653550650303,1.3830600165335902,0.21942815264095972,440.4663121409194,10609.074004259895,0.2901554485586532,0.06471005297762905,36.4942481628791,0.0,1.0,0.6107631032247092,0.0,12.0,0.4057962621794336,0.6,2.081105555357988,0.0,,
electricity,histdistill_refined,HistDistill-Refined,budget_50,seed_0,0.1,2,225.1850489066233,4095.427450071765,6.0217072278854,0.6369574846439608,440.4663121409194,10609.074004259895,0.2901554485586532,0.06471005297762905,36.4942481628791,0.0,1.0,0.4749023793800763,0.0,25.0,0.4057962621794336,0.6,2.081105555357988,0.0,10.303535422979376,0.0
electricity,histdistill_refined,HistDistill-Refined,budget_50,seed_0,1.0,0,373.97555504336026,8585.562659123872,0.40536863640685594,0.08328561079830947,439.9042938867658,10597.708212744055,0.2900475047092539,0.06469923339343793,36.328814627672045,0.0,1.0,0.8408150317597478,0.0,5.0,0.40536863640685594,0.6,,,,
electricity,histdistill_refined,HistDistill-Refined,budget_50,seed_0,1.0,1,276.1246898891055,5580.760564457937,1.384518219962426,0.22057602048116942,439.9042938867658,10597.708212744055,0.2900475047092539,0.06469923339343793,36.328814627672045,0.0,1.0,0.5998628692819686,0.0,12.0,0.40536863640685594,0.6,2.0839107796449756,0.0,,
electricity,histdistill_refined,HistDistill-Refined,budget_50,seed_0,1.0,2,223.88335605958244,4066.5011383499673,6.191501661180289,0.6356203940408148,439.9042938867658,10597.708212744055,0.2900475047092539,0.06469923339343793,36.328814627672045,0.0,1.0,0.43200924151011905,0.0,25.0,0.40536863640685594,0.6,2.0839107796449756,0.0,10.628717145381396,0.0
electricity,histdistill_refined,HistDistill-Refined,budget_50,seed_0,10.0,0,367.53622891462066,8445.787687623979,0.4011541243270891,0.08273960984184545,434.37033520417685,10483.03729859866,0.288985780078918,0.06457727141441644,34.7071508662616,0.0,1.0,0.8421270986959737,0.0,5.0,0.4011541243270891,0.6,,,,
electricity,histdistill_refined,HistDistill-Refined,budget_50,seed_0,10.0,1,268.5031783331935,5501.1979067777875,1.4037591683986745,0.2305369939557281,434.37033520417685,10483.03729859866,0.288985780078918,0.06457727141441644,34.7071508662616,0.0,1.0,0.5781079546292106,0.0,12.0,0.4011541243270891,0.6,2.1199056284498066,0.0,,
electricity,histdistill_refined,HistDistill-Refined,budget_50,seed_0,10.0,2,212.40320200841973,3876.5901387845647,6.3532059622968315,0.5655510478004545,434.37033520417685,10483.03729859866,0.288985780078918,0.06457727141441644,34.7071508662616,0.0,1.0,0.40396714823664576,0.0,25.0,0.4011541243270891,0.6,2.1199056284498066,0.0,10.921926079741285,0.0
electricity,histdistill_refined,HistDistill-Refined,budget_50,seed_1,0.1,0,374.2303254035306,7478.524178786048,0.40081576858631535,0.07509316767766118,427.747255327799,8750.114559565358,0.2817768199708823,0.05240094098187994,36.4942481628791,0.0,0.0,0.8757508289011268,0.0,5.0,0.40081576858631535,0.0,,,,
electricity,histdistill_refined,HistDistill-Refined,budget_50,seed_1,0.1,1,291.5518793434241,5379.604105781112,1.5822454958780445,0.2580328075428594,427.747255327799,8750.114559565358,0.2817768199708823,0.05240094098187994,36.4942481628791,0.0,0.0,0.6436048572600478,0.0,12.0,0.40081576858631535,0.0,2.4261238725149936,0.0,,
electricity,histdistill_refined,HistDistill-Refined,budget_50,seed_1,0.1,2,217.91229434093592,3621.535422837216,3.7177213833135268,0.4950317867093223,427.747255327799,8750.114559565358,0.2817768199708823,0.05240094098187994,36.4942481628791,0.0,0.0,0.43939831777305277,0.0,25.0,0.40081576858631535,0.0,2.4261238725149936,0.0,5.688929894792433,0.0
electricity,histdistill_refined,HistDistill-Refined,budget_50,seed_1,1.0,0,374.0007705951753,7469.658334763881,0.4009415922438654,0.07507011553060931,427.46041177231996,8738.323566048111,0.28184272697384904,0.052377693406497845,36.328814627672045,0.0,0.0,0.8758117365290227,0.0,5.0,0.4009415922438654,0.0,,,,
electricity,histdistill_refined,HistDistill-Refined,budget_50,seed_1,1.0,1,291.2192731783104,5374.393427855924,1.587936200740879,0.25884710440372577,427.46041177231996,8738.323566048111,0.28184272697384904,0.052377693406497845,36.328814627672045,0.0,0.0,0.6214065347888315,0.0,12.0,0.4009415922438654,0.0,2.43578949252446,0.0,,
electricity,histdistill_refined,HistDistill-Refined,budget_50,seed_1,1.0,2,217.05938056416255,3609.6890899418668,3.7924170711165943,0.49047277725153754,427.46041177231996,8738.323566048111,0.28184272697384904,0.052377693406497845,36.328814627672045,0.0,0.0,0.3741410138236606,0.0,25.0,0.4009415922438654,0.0,2.43578949252446,0.0,5.827322489924947,0.0
electricity,histdistill_refined,HistDistill-Refined,budget_50,seed_1,10.0,0,371.720653303832,7393.74970712359,0.40218730436722333,0.07502154143925191,424.61367855809704,8623.101183705225,0.28249469446989683,0.05215393870806633,34.7071508662616,0.0,0.0,0.8774147747020706,0.0,5.0,0.40218730436722333,0.0,,,,
electricity,histdistill_refined,HistDistill-Refined,budget_50,seed_1,10.0,1,297.23611774278,5354.112525195945,1.8147982701086918,0.2657084976020276,424.61367855809704,8623.101183705225,0.28249469446989683,0.05215393870806633,34.7071508662616,0.0,0.0,0.580654853397857,0.0,12.0,0.40218730436722333,0.0,2.82380610278117,0.0,,
electricity,histdistill_refined,HistDistill-Refined,budget_50,seed_1,10.0,2,218.0803069957769,3568.2831615482173,3.93964414280867,0.5078280394575617,424.61367855809704,8623.101183705225,0.28249469446989683,0.05215393870806633,34.7071508662616,0.0,0.0,0.3515317120495684,0.0,25.0,0.40218730436722333,0.0,2.82380610278117,0.0,5.901040332993265,0.0
electricity,histdistill_refined,HistDistill-Refined,budget_50,seed_2,0.1,0,287.3364933330586,7769.215031948353,0.3059690117442272,0.0752089075936976,374.5524024496825,10143.02615694145,0.24673492011970055,0.06303470318365689,36.4942481628791,0.0,0.0,0.8974534575071449,0.0,5.0,0.3059690117442272,0.2,,,,
electricity,histdistill_refined,HistDistill-Refined,budget_50,seed_2,0.1,1,214.17529929258342,5079.516830891063,1.2169316850011482,0.2225913231645741,374.5524024496825,10143.02615694145,0.24673492011970055,0.06303470318365689,36.4942481628791,0.0,0.0,0.7153293953555343,0.0,12.0,0.3059690117442272,0.2,1.867619308756092,0.0,,
electricity,histdistill_refined,HistDistill-Refined,budget_50,seed_2,0.1,2,200.631294197369,4010.7180506844766,5.291727692310964,0.856365210182892,374.5524024496825,10143.02615694145,0.24673492011970055,0.06303470318365689,36.4942481628791,0.0,0.0,0.5291355146471619,0.0,25.0,0.3059690117442272,0.2,1.867619308756092,0.0,9.053077852904638,0.0
electricity,histdistill_refined,HistDistill-Refined,budget_50,seed_2,1.0,0,287.1588810400716,7759.6253235956365,0.3060749338459904,0.07517281438644043,374.26101917424785,10131.132092489153,0.24676611760778852,0.06301777206315133,36.328814627672045,0.0,0.0,0.8976463692450274,0.0,5.0,0.3060749338459904,0.2,,,,
electricity,histdistill_refined,HistDistill-Refined,budget_50,seed_2,1.0,1,213.94419373633409,5062.076239462901,1.2230263695123285,0.22226537691190998,374.26101917424785,10131.132092489153,0.24676611760778852,0.06301777206315133,36.328814627672045,0.0,0.0,0.7076818503559635,0.0,12.0,0.3060749338459904,0.2,1.87799168070257,0.0,,
electricity,histdistill_refined,HistDistill-Refined,budget_50,seed_2,1.0,2,200.09040021750562,3985.9276197122836,5.440309900127961,0.8674756288555264,374.26101917424785,10131.132092489153,0.24676611760778852,0.06301777206315133,36.328814627672045,0.0,0.0,0.49162887538172406,0.0,25.0,0.3060749338459904,0.2,1.87799168070257,0.0,9.333187005311622,0.07692307692307693
electricity,histdistill_refined,HistDistill-Refined,budget_50,seed_2,10.0,0,285.39687075856074,7666.726723634325,0.3071270874440863,0.0748429468860213,371.3736216356274,10015.488004060613,0.24707418313605117,0.062861185211706,34.7071508662616,0.0,0.0,0.8970696551799566,0.0,5.0,0.3071270874440863,0.2,,,,
electricity,histdistill_refined,HistDistill-Refined,budget_50,seed_2,10.0,1,211.6743264222248,4934.684530051313,1.286640883584809,0.2249879708391155,371.3736216356274,10015.488004060613,0.24707418313605117,0.062861185211706,34.7071508662616,0.0,0.0,0.6660593339958144,0.0,12.0,0.3071270874440863,0.2,1.986293595113897,0.0,,
electricity,histdistill_refined,HistDistill-Refined,budget_50,seed_2,10.0,2,192.52400692624772,3638.1197966212844,6.175615771537679,0.8398821355630716,371.3736216356274,10015.488004060613,0.24707418313605117,0.062861185211706,34.7071508662616,0.0,0.0,0.3858258728182885,0.0,25.0,0.3071270874440863,0.2,1.986293595113897,0.0,10.688515668109558,0.15384615384615385
electricity,histdistill_density,HistDistill-Density,budget_50,seed_0,0.1,0,290.36388141816735,7802.738759501264,0.3263330255666945,0.07639831998080653,317.78802733591704,9638.897143491642,0.20934161155262712,0.058792458658579606,36.4942481628791,0.0,0.0,0.8791452935109992,0.0,5.0,0.3263330255666945,0.0,,,,
electricity,histdistill_density,HistDistill-Density,budget_50,seed_0,0.1,1,226.7004907875387,5104.132758160897,1.221267033566586,0.2027916527026298,317.78802733591704,9638.897143491642,0.20934161155262712,0.058792458658579606,36.4942481628791,0.0,0.0,0.6263476158909816,0.0,12.0,0.3263330255666945,0.0,1.8605056107093658,0.0,,
electricity,histdistill_density,HistDistill-Density,budget_50,seed_0,0.1,2,190.25106481513075,3622.610179398111,5.23992946757608,0.5473064932260523,317.78802733591704,9638.897143491642,0.20934161155262712,0.058792458658579606,36.4942481628791,0.0,0.0,0.4778210498742815,0.0,25.0,0.3263330255666945,0.0,1.8605056107093658,0.0,8.949464022046381,0.0
electricity,histdistill_density,HistDistill-Density,budget_50,seed_0,1.0,0,289.99446827047274,7791.121183359234,0.32624591727589153,0.0763457099672535,317.2820747930879,9626.316909729932,0.20919748991219966,0.05876886888741297,36.328814627672045,0.0,0.0,0.8791168977713699,0.0,5.0,0.32624591727589153,0.0,,,,
electricity,histdistill_density,HistDistill-Density,budget_50,seed_0,1.0,1,226.05130901727122,5100.451570978978,1.2226696364277878,0.20398076088766667,317.2820747930879,9626.316909729932,0.20919748991219966,0.05876886888741297,36.328814627672045,0.0,0.0,0.6058316400992855,0.0,12.0,0.32624591727589153,0.0,1.8629722929648567,0.0,,
electricity,histdistill_density,HistDistill-Density,budget_50,seed_0,1.0,2,189.03353921602468,3600.149822422613,5.376933759862438,0.5465556273356509,317.2820747930879,9626.316909729932,0.20919748991219966,0.05876886888741297,36.328814627672045,0.0,0.0,0.4357152920942302,0.0,25.0,0.32624591727589153,0.0,1.8629722929648567,0.0,9.211639104571347,0.0
electricity,histdistill_density,HistDistill-Density,budget_50,seed_0,10.0,0,286.35492043948045,7661.396168943737,0.32538274514802584,0.07585577826690902,312.31966976264664,9514.124679807228,0.20778569825198462,0.05860860685868587,34.7071508662616,0.0,0.0,0.8798690274300405,0.0,5.0,0.32538274514802584,0.0,,,,
electricity,histdistill_density,HistDistill-Density,budget_50,seed_0,10.0,1,219.90760123926464,5033.04083449025,1.2416742676330317,0.21480701085622791,312.31966976264664,9514.124679807228,0.20778569825198462,0.05860860685868587,34.7071508662616,0.0,0.0,0.586652141132346,0.0,12.0,0.32538274514802584,0.0,1.8961682122651788,0.0,,
electricity,histdistill_density,HistDistill-Density,budget_50,seed_0,10.0,2,179.5433375066402,3441.8167074792827,5.4799662012457455,0.48701194173919077,312.31966976264664,9514.124679807228,0.20778569825198462,0.05860860685868587,34.7071508662616,0.0,0.0,0.4146366581208006,0.0,25.0,0.32538274514802584,0.0,1.8961682122651788,0.0,9.392235678426712,0.0
electricity,histdistill_density,HistDistill-Density,budget_50,seed_1,0.1,0,478.0406200362437,13245.459249627549,0.48564726749687653,0.12966810594678393,601.3065812298416,16425.62224754832,0.3961083424291381,0.09836649064708793,36.4942481628791,0.0,0.0,0.799029635419439,0.0,5.0,0.48564726749687653,0.0,,,,
electricity,histdistill_density,HistDistill-Density,budget_50,seed_1,0.1,1,372.98965315253855,7728.35087275528,2.3221816943646765,0.32127769447828053,601.3065812298416,16425.62224754832,0.3961083424291381,0.09836649064708793,36.4942481628791,0.0,0.0,0.5618852190485076,0.0,12.0,0.48564726749687653,0.0,3.6339919992702483,0.0,,
electricity,histdistill_density,HistDistill-Density,budget_50,seed_1,0.1,2,270.04536550444067,4962.3831455193285,6.801052864503333,0.9101314481811968,601.3065812298416,16425.62224754832,0.3961083424291381,0.09836649064708793,36.4942481628791,0.0,0.0,0.38667843437985155,0.0,25.0,0.48564726749687653,0.0,3.6339919992702483,0.0,10.935395483092861,0.0
electricity,histdistill_density,HistDistill-Density,budget_50,seed_1,1.0,0,477.567646612563,13227.467539142346,0.48564252879711356,0.1296063067592026,600.6759448041025,16402.72236612166,0.3960510532642129,0.09831825940420835,36.328814627672045,0.0,0.0,0.799352315915548,0.0,5.0,0.48564252879711356,0.0,,,,
electricity,histdistill_density,HistDistill-Density,budget_50,seed_1,1.0,1,372.79428116604527,7711.099732415176,2.335913501359199,0.32144957092755994,600.6759448041025,16402.72236612166,0.3960510532642129,0.09831825940420835,36.328814627672045,0.0,0.0,0.544216846384944,0.0,12.0,0.48564252879711356,0.0,3.657535624617832,0.0,,
electricity,histdistill_density,HistDistill-Density,budget_50,seed_1,1.0,2,268.04861512272697,4885.503881121077,7.02615787796969,0.8341829351263651,600.6759448041025,16402.72236612166,0.3960510532642129,0.09831825940420835,36.328814627672045,0.0,0.0,0.32511981449715643,0.0,25.0,0.48564252879711356,0.0,3.657535624617832,0.0,11.355614225610141,0.0
electricity,histdistill_density,HistDistill-Density,budget_50,seed_1,10.0,0,473.2708048874914,13038.77566884789,0.4858962785307438,0.12892234535983838,594.4479556568166,16179.436646257242,0.39548512469447133,0.09785590232600802,34.7071508662616,0.0,0.0,0.8021831548339378,0.0,5.0,0.4858962785307438,0.0,,,,
electricity,histdistill_density,HistDistill-Density,budget_50,seed_1,10.0,1,370.7399718637966,7563.520155333949,2.478814042524894,0.31561590419414626,594.4479556568166,16179.436646257242,0.39548512469447133,0.09785590232600802,34.7071508662616,0.0,0.0,0.4636007100941617,0.0,12.0,0.4858962785307438,0.0,3.9023267310921446,0.0,,
electricity,histdistill_density,HistDistill-Density,budget_50,seed_1,10.0,2,264.68269432978946,4686.732825481588,5.995290123751476,0.6550313439065438,594.4479556568166,16179.436646257242,0.39548512469447133,0.09785590232600802,34.7071508662616,0.0,0.0,0.19930996810521942,0.0,25.0,0.4858962785307438,0.0,3.9023267310921446,0.0,9.241268044883705,0.0
electricity,histdistill_density,HistDistill-Density,budget_50,seed_2,0.1,0,361.75785716552934,8694.67262983898,0.3824280998425672,0.08561993035777134,469.0408016910085,10931.826880825627,0.3089787810229259,0.06793677271712303,36.4942481628791,0.0,0.0,0.9061068940477035,0.0,5.0,0.3824280998425672,0.2,,,,
electricity,histdistill_density,HistDistill-Density,budget_50,seed_2,0.1,1,252.74897741990972,5665.360673431208,1.3992871717127093,0.25984100128743975,469.0408016910085,10931.826880825627,0.3089787810229259,0.06793677271712303,36.4942481628791,0.0,0.0,0.7048687176839414,0.0,12.0,0.3824280998425672,0.2,2.1256150801913827,0.0,,
electricity,histdistill_density,HistDistill-Density,budget_50,seed_2,0.1,2,223.90962284465252,4455.045957048362,6.238179392196809,1.0453724450430486,469.0408016910085,10931.826880825627,0.3089787810229259,0.06793677271712303,36.4942481628791,0.0,0.0,0.5177393006767359,0.0,25.0,0.3824280998425672,0.2,2.1256150801913827,0.0,10.70484913418213,0.0
electricity,histdistill_density,HistDistill-Density,budget_50,seed_2,1.0,0,361.50594923701857,8682.713861938586,0.3825173059598365,0.08556591684782908,468.670196441984,10918.815990295825,0.3090140807868183,0.06791733154738659,36.328814627672045,0.0,0.0,0.905917601309983,0.0,5.0,0.3825173059598365,0.2,,,,
electricity,histdistill_density,HistDistill-Density,budget_50,seed_2,1.0,1,252.47299229819427,5634.855057614179,1.4072656669772057,0.25830720103436366,468.670196441984,10918.815990295825,0.3090140807868183,0.06791733154738659,36.328814627672045,0.0,0.0,0.6937448541841046,0.0,12.0,0.3825173059598365,0.2,2.139228781989612,0.0,,
electricity,histdistill_density,HistDistill-Density,budget_50,seed_2,1.0,2,223.3571981802919,4422.152070789469,6.425497229648618,1.0589701110539045,468.670196441984,10918.815990295825,0.3090140807868183,0.06791733154738659,36.328814627672045,0.0,0.0,0.47901752578768503,0.0,25.0,0.3825173059598365,0.2,2.139228781989612,0.0,11.057710979806846,0.07692307692307693
electricity,histdistill_density,HistDistill-Density,budget_50,seed_2,10.0,0,359.0085980165247,8566.58323998054,0.3834023688394591,0.0850723262075866,464.9982089381472,10790.24494220531,0.30936244778807354,0.06772386782517652,34.7071508662616,0.0,0.0,0.9051130035229956,0.0,5.0,0.3834023688394591,0.2,,,,
electricity,histdistill_density,HistDistill-Density,budget_50,seed_2,10.0,1,249.76175452263126,5430.593818287781,1.4920943773323518,0.25616545763630255,464.9982089381472,10790.24494220531,0.30936244778807354,0.06772386782517652,34.7071508662616,0.0,0.0,0.6528143051898039,0.0,12.0,0.3834023688394591,0.2,2.2840172405415613,0.0,,
electricity,histdistill_density,HistDistill-Density,budget_50,seed_2,10.0,2,214.80051983980363,3951.8373535736373,7.28959609451938,0.9784229753422146,464.9982089381472,10790.24494220531,0.30936244778807354,0.06772386782517652,34.7071508662616,0.0,0.0,0.3376386156976318,0.0,25.0,0.3834023688394591,0.2,2.2840172405415613,0.0,12.64113614115356,0.15384615384615385
electricity,gain_path_refined,Legacy gain-path refined,budget_50,seed_0,0.1,0,336.1021210879445,6551.31593448017,0.36403591514969474,0.06654646194539289,393.74986766698254,7751.073008785932,0.2593811747316372,0.047277674265502376,36.4942481628791,0.0,1.0,0.9007668436039301,0.0,5.0,0.36403591514969474,0.6,,,,
electricity,gain_path_refined,Legacy gain-path refined,budget_50,seed_0,0.1,1,255.8382573983421,4394.871483980229,1.3278455103705664,0.18408674524088528,393.74986766698254,7751.073008785932,0.2593811747316372,0.047277674265502376,36.4942481628791,0.0,1.0,0.6589110575578458,0.0,12.0,0.36403591514969474,0.6,2.0162809355283313,0.0,,
electricity,gain_path_refined,Legacy gain-path refined,budget_50,seed_0,0.1,2,208.22904113995293,3227.55944049948,5.816754902127981,0.5595992854006275,393.74986766698254,7751.073008785932,0.2593811747316372,0.047277674265502376,36.4942481628791,0.0,1.0,0.5019524801552327,0.0,25.0,0.36403591514969474,0.6,2.0162809355283313,0.0,9.960363571442516,0.0
electricity,gain_path_refined,Legacy gain-path refined,budget_50,seed_0,1.0,0,335.8920386583814,6541.598450893498,0.3641398850560275,0.06651122557564751,393.50022413667034,7738.622877750788,0.2594513390741126,0.0472444567882432,36.328814627672045,0.0,1.0,0.9010392122099192,0.0,5.0,0.3641398850560275,0.6,,,,
electricity,gain_path_refined,Legacy gain-path refined,budget_50,seed_0,1.0,1,255.25820463951845,4391.799201060722,1.3296855655097344,0.1851809972492622,393.50022413667034,7738.622877750788,0.2594513390741126,0.0472444567882432,36.328814627672045,0.0,1.0,0.6473432447795742,0.0,12.0,0.3641398850560275,0.6,2.0193610515480964,0.0,,
electricity,gain_path_refined,Legacy gain-path refined,budget_50,seed_0,1.0,2,207.07760422900347,3200.2631887654948,5.9879532843864185,0.5554347455698407,393.50022413667034,7738.622877750788,0.2594513390741126,0.0472444567882432,36.328814627672045,0.0,1.0,0.4565658487793501,0.0,25.0,0.3641398850560275,0.6,2.0193610515480964,0.0,10.287892717195662,0.0
electricity,gain_path_refined,Legacy gain-path refined,budget_50,seed_0,10.0,0,333.8050185106299,6446.200711490607,0.365167696808263,0.06629685453466924,391.02133817170693,7618.891591546013,0.26014577258351995,0.0469336525445781,34.7071508662616,0.0,1.0,0.9027129902404376,0.0,5.0,0.365167696808263,0.6,,,,
electricity,gain_path_refined,Legacy gain-path refined,budget_50,seed_0,10.0,1,249.72020463674616,4328.551953466987,1.3520584222016634,0.1937480209922673,391.02133817170693,7618.891591546013,0.26014577258351995,0.0469336525445781,34.7071508662616,0.0,1.0,0.6219115317963921,0.0,12.0,0.365167696808263,0.6,2.0569803689112347,0.0,,
electricity,gain_path_refined,Legacy gain-path refined,budget_50,seed_0,10.0,2,197.10159403182305,3030.7091194363825,6.089644291849515,0.4847328930652146,391.02133817170693,7618.891591546013,0.26014577258351995,0.0469336525445781,34.7071508662616,0.0,1.0,0.4314394021674551,0.0,25.0,0.365167696808263,0.6,2.0569803689112347,0.0,10.462800479216762,0.0
electricity,gain_path_refined,Legacy gain-path refined,budget_50,seed_1,0.1,0,342.6973270697807,6227.451416221936,0.37000262477753487,0.06274695713626244,390.4270068450567,7257.073436726417,0.2571922532506786,0.04345971407235599,36.4942481628791,0.0,0.0,0.8938601484325295,0.0,5.0,0.37000262477753487,0.0,,,,
electricity,gain_path_refined,Legacy gain-path refined,budget_50,seed_1,0.1,1,281.900597641829,4722.617598919819,1.583882115920695,0.24726375332091058,390.4270068450567,7257.073436726417,0.2571922532506786,0.04345971407235599,36.4942481628791,0.0,0.0,0.6832017152275021,0.0,12.0,0.37000262477753487,0.0,2.450938895308667,0.0,,
electricity,gain_path_refined,Legacy gain-path refined,budget_50,seed_1,0.1,2,203.1762909647401,3165.476924665543,3.4874521180248776,0.45863278243325145,390.4270068450567,7257.073436726417,0.2571922532506786,0.04345971407235599,36.4942481628791,0.0,0.0,0.4756550071478199,0.0,25.0,0.37000262477753487,0.0,2.450938895308667,0.0,5.244593658428737,0.0
electricity,gain_path_refined,Legacy gain-path refined,budget_50,seed_1,1.0,0,342.467694795642,6219.757845124941,0.3700911782442774,0.06272554619867318,390.14363947101856,7245.7113126061295,0.2572382008525788,0.04343094447981298,36.328814627672045,0.0,0.0,0.8938061800042061,0.0,5.0,0.3700911782442774,0.0,,,,
electricity,gain_path_refined,Legacy gain-path refined,budget_50,seed_1,1.0,1,281.6633032960389,4716.422033687697,1.5900972423771058,0.24782357335709793,390.14363947101856,7245.7113126061295,0.2572382008525788,0.04343094447981298,36.328814627672045,0.0,0.0,0.6544104330075823,0.0,12.0,0.3700911782442774,0.0,2.461530145329126,0.0,,
electricity,gain_path_refined,Legacy gain-path refined,budget_50,seed_1,1.0,2,202.79204533912392,3149.5693873799564,3.588402933304419,0.4509827560345171,390.14363947101856,7245.7113126061295,0.2572382008525788,0.04343094447981298,36.328814627672045,0.0,0.0,0.4137300046363645,0.0,25.0,0.3700911782442774,0.0,2.461530145329126,0.0,5.432992801852707,0.0
electricity,gain_path_refined,Legacy gain-path refined,budget_50,seed_1,10.0,0,340.190844405749,6144.862044888009,0.3709708346813459,0.06252604837845355,387.33386121738147,7135.357401549235,0.25769250099058794,0.04315581884667672,34.7071508662616,0.0,0.0,0.8943331072189276,0.0,5.0,0.3709708346813459,0.0,,,,
electricity,gain_path_refined,Legacy gain-path refined,budget_50,seed_1,10.0,1,280.6337166081283,4682.506288823749,1.682823817918582,0.25052128636122073,387.33386121738147,7135.357401549235,0.25769250099058794,0.04315581884667672,34.7071508662616,0.0,0.0,0.6188358725268931,0.0,12.0,0.3709708346813459,0.0,2.6198616630880367,0.0,,
electricity,gain_path_refined,Legacy gain-path refined,budget_50,seed_1,10.0,2,200.39822803484967,3096.7155385243527,3.61478337860011,0.4527756945058965,387.33386121738147,7135.357401549235,0.25769250099058794,0.04315581884667672,34.7071508662616,0.0,0.0,0.36676837751037034,0.0,25.0,0.3709708346813459,0.0,2.6198616630880367,0.0,5.398130665383059,0.0
electricity,gain_path_refined,Legacy gain-path refined,budget_50,seed_2,0.1,0,224.53885377759457,4746.738028232137,0.24218507357281038,0.05053483473853261,292.7281577441722,5188.784634023677,0.19283352114527774,0.03224614569940424,36.4942481628791,0.0,0.0,0.9205799742083792,0.0,5.0,0.24218507357281038,0.2,,,,
electricity,gain_path_refined,Legacy gain-path refined,budget_50,seed_2,0.1,1,171.46172261518072,3760.2285670117976,0.9893715228511333,0.19855685282185667,292.7281577441722,5188.784634023677,0.19283352114527774,0.03224614569940424,36.4942481628791,0.0,0.0,0.7463946212543324,0.0,12.0,0.24218507357281038,0.2,1.5230761294785071,0.0,,
electricity,gain_path_refined,Legacy gain-path refined,budget_50,seed_2,0.1,2,170.58165009942917,3244.07630010261,4.847851843153444,0.8248589841383221,292.7281577441722,5188.784634023677,0.19283352114527774,0.03224614569940424,36.4942481628791,0.0,0.0,0.5511709816309828,0.0,25.0,0.24218507357281038,0.2,1.5230761294785071,0.0,8.409525984970962,0.0
electricity,gain_path_refined,Legacy gain-path refined,budget_50,seed_2,1.0,0,224.40263934364103,4739.021709568542,0.24228359176055497,0.05050271741456967,292.47523335334085,5178.0988472477475,0.19284129025853403,0.032208863718028224,36.328814627672045,0.0,0.0,0.9204558896035548,0.0,5.0,0.24228359176055497,0.2,,,,
electricity,gain_path_refined,Legacy gain-path refined,budget_50,seed_2,1.0,1,171.19454683901265,3743.393667428319,0.9932355678346285,0.198048569010699,292.47523335334085,5178.0988472477475,0.19284129025853403,0.032208863718028224,36.328814627672045,0.0,0.0,0.7354788291548818,0.0,12.0,0.24228359176055497,0.2,1.5296298364589664,0.0,,
electricity,gain_path_refined,Legacy gain-path refined,budget_50,seed_2,1.0,2,170.07656525493326,3218.112675247276,4.991332103459163,0.8358639873303414,292.47523335334085,5178.0988472477475,0.19284129025853403,0.032208863718028224,36.328814627672045,0.0,0.0,0.5087904681389237,0.0,25.0,0.24228359176055497,0.2,1.5296298364589664,0.0,8.681882751727965,0.07692307692307693
electricity,gain_path_refined,Legacy gain-path refined,budget_50,seed_2,10.0,0,223.05224567601243,4665.76408818265,0.24326377187529985,0.050224227302699154,289.97116297829893,5075.939299518552,0.19291727805096437,0.031858613409655866,34.7071508662616,0.0,0.0,0.9196850607344157,0.0,5.0,0.24326377187529985,0.2,,,,
electricity,gain_path_refined,Legacy gain-path refined,budget_50,seed_2,10.0,1,168.98954091989316,3659.948558060491,1.040779045744488,0.20410985401597093,289.97116297829893,5075.939299518552,0.19291727805096437,0.031858613409655866,34.7071508662616,0.0,0.0,0.7029659817315838,0.0,12.0,0.24326377187529985,0.2,1.6104328127939087,0.0,,
electricity,gain_path_refined,Legacy gain-path refined,budget_50,seed_2,10.0,2,163.25924328628938,2888.480426832946,5.878416236339751,0.7968917884618679,289.97116297829893,5075.939299518552,0.19291727805096437,0.031858613409655866,34.7071508662616,0.0,0.0,0.39563312593360905,0.0,25.0,0.24326377187529985,0.2,1.6104328127939087,0.0,10.343927489196918,0.15384615384615385
electricity,random,Random,budget_50,seed_0,0.1,0,702.8190378643367,15882.762113589453,0.7354072143642302,0.15675404274287327,848.633552840915,18634.023157537875,0.5590340109999161,0.11365823494364073,36.4942481628791,0.0,1.0,0.8402158944251472,0.0,5.0,0.7354072143642302,1.0,,,,
electricity,random,Random,budget_50,seed_0,0.1,1,440.4307286124519,9791.613349303165,1.9010051762356983,0.36889877061180076,848.633552840915,18634.023157537875,0.5590340109999161,0.11365823494364073,36.4942481628791,0.0,1.0,0.5545375504179431,0.0,12.0,0.7354072143642302,1.0,2.733575149001033,0.14285714285714285,,
electricity,random,Random,budget_50,seed_0,0.1,2,354.57519234914196,7243.1793010178335,4.9216258026859006,0.7434713220846179,848.633552840915,18634.023157537875,0.5590340109999161,0.11365823494364073,36.4942481628791,0.0,1.0,0.394790448111575,0.0,25.0,0.7354072143642302,1.0,2.733575149001033,0.14285714285714285,7.709890996332242,0.0
electricity,random,Random,budget_50,seed_0,1.0,0,702.5005648167892,15862.49595405464,0.7356844355039786,0.15666691367673835,848.4055052719298,18612.746751950974,0.559389629074771,0.11363121365705345,36.328814627672045,0.0,1.0,0.8401574646722386,0.0,5.0,0.7356844355039786,1.0,,,,
electricity,random,Random,budget_50,seed_0,1.0,1,439.9148593666043,9783.291336590886,1.9080970075925354,0.3706360176558496,848.4055052719298,18612.746751950974,0.559389629074771,0.11363121365705345,36.328814627672045,0.0,1.0,0.545757072257614,0.0,12.0,0.7356844355039786,1.0,2.745534559084362,0.14285714285714285,,
electricity,random,Random,budget_50,seed_0,1.0,2,353.27085358164413,7223.351321785932,4.9206862925291395,0.745502952168991,848.4055052719298,18612.746751950974,0.559389629074771,0.11363121365705345,36.328814627672045,0.0,1.0,0.3738574580749711,0.0,25.0,0.7356844355039786,1.0,2.745534559084362,0.14285714285714285,7.701537940162927,0.07692307692307693
electricity,random,Random,budget_50,seed_0,10.0,0,699.3139964668841,15640.968228439593,0.7384172614175426,0.15593242281548128,846.0983779890848,18410.90098389574,0.5629076849176411,0.11341424397869058,34.7071508662616,0.0,1.0,0.8404626645663014,0.0,5.0,0.7384172614175426,1.0,,,,
electricity,random,Random,budget_50,seed_0,10.0,1,439.08551386899467,9604.02932467891,2.0296564736602964,0.3767973133328046,846.0983779890848,18410.90098389574,0.5629076849176411,0.11341424397869058,34.7071508662616,0.0,1.0,0.520863337508172,0.0,12.0,0.7384172614175426,1.0,2.951970196690835,0.0,,
electricity,random,Random,budget_50,seed_0,10.0,2,350.22730048894744,7036.662264902428,5.47123818588368,0.739767595196062,846.0983779890848,18410.90098389574,0.5629076849176411,0.11341424397869058,34.7071508662616,0.0,1.0,0.4158833552427519,0.0,25.0,0.7384172614175426,1.0,2.951970196690835,0.0,8.64808284332065,0.0
electricity,random,Random,budget_50,seed_1,0.1,0,476.5106138329511,13399.548523007828,0.556025683454393,0.13615254972884355,546.7215886780283,15692.270420233413,0.3601506935423034,0.0939747394808048,36.4942481628791,0.0,0.0,0.8639335218149627,0.0,5.0,0.556025683454393,0.0,,,,
electricity,random,Random,budget_50,seed_1,0.1,1,440.76100564134316,10137.09541327433,2.727969399133098,0.43967831826352305,546.7215886780283,15692.270420233413,0.3601506935423034,0.0939747394808048,36.4942481628791,0.0,0.0,0.6131122762770137,0.0,12.0,0.556025683454393,0.0,4.279357767475029,0.0,,
electricity,random,Random,budget_50,seed_1,0.1,2,315.211841850468,6545.338472719688,4.122880696780005,0.6093849237681811,546.7215886780283,15692.270420233413,0.3601506935423034,0.0939747394808048,36.4942481628791,0.0,0.0,0.38936937116874826,0.0,25.0,0.556025683454393,0.0,4.279357767475029,0.0,5.41049112537715,0.0
electricity,random,Random,budget_50,seed_1,1.0,0,475.4110441081078,13376.843149657298,0.5550996988121573,0.13604216082260687,545.218035466231,15661.42873573034,0.35948530829791764,0.09387492994823746,36.328814627672045,0.0,0.0,0.8643049749154293,0.0,5.0,0.5550996988121573,0.0,,,,
electricity,random,Random,budget_50,seed_1,1.0,1,439.20296922805113,10113.656223677732,2.7273389662474092,0.4403587483653721,545.218035466231,15661.42873573034,0.35948530829791764,0.09387492994823746,36.328814627672045,0.0,0.0,0.5960201372534196,0.0,12.0,0.5550996988121573,0.0,4.278938442986876,0.0,,
electricity,random,Random,budget_50,seed_1,1.0,2,314.01494545914966,6526.723528943741,4.20137702330498,0.6149266870006412,545.218035466231,15661.42873573034,0.35948530829791764,0.09387492994823746,36.328814627672045,0.0,0.0,0.3809129391462961,0.0,25.0,0.5550996988121573,0.0,4.278938442986876,0.0,5.562027537511967,0.0
electricity,random,Random,budget_50,seed_1,10.0,0,464.7499867304253,13186.656345397092,0.546148172795215,0.13555327679467044,530.6616819211949,15366.858035907513,0.353048234833769,0.09294129282104849,34.7071508662616,0.0,0.0,0.8646515810300247,0.0,5.0,0.546148172795215,0.0,,,,
electricity,random,Random,budget_50,seed_1,10.0,1,425.58648579101015,9928.908070620817,2.7514621723149495,0.4514460637995817,530.6616819211949,15366.858035907513,0.353048234833769,0.09294129282104849,34.7071508662616,0.0,0.0,0.55824551702124,0.0,12.0,0.546148172795215,0.0,4.326686457686188,0.0,,
electricity,random,Random,budget_50,seed_1,10.0,2,303.3201956523104,6354.834547386554,4.094850520305356,0.6165286257168477,530.6616819211949,15366.858035907513,0.353048234833769,0.09294129282104849,34.7071508662616,0.0,0.0,0.5005916897368239,0.0,25.0,0.546148172795215,0.0,4.326686457686188,0.0,5.334901303065733,0.0
electricity,random,Random,budget_50,seed_2,0.1,0,775.7472815367025,22408.361215461533,0.9652969829653637,0.23712294222307895,810.4138637374565,25981.87734867752,0.5338569413128288,0.16146659798439478,36.4942481628791,0.0,1.0,0.6837481604685065,0.0,5.0,0.9652969829653637,0.6,,,,
electricity,random,Random,budget_50,seed_2,0.1,1,455.95530262821165,11567.721385850418,1.9124646498402074,0.30959632761483086,810.4138637374565,25981.87734867752,0.5338569413128288,0.16146659798439478,36.4942481628791,0.0,1.0,0.4675770784161713,0.0,12.0,0.9652969829653637,0.6,2.5890129833222386,0.0,,
electricity,random,Random,budget_50,seed_2,0.1,2,335.4445645264627,6961.773668617313,6.992270834178458,0.797171863806792,810.4138637374565,25981.87734867752,0.5338569413128288,0.16146659798439478,36.4942481628791,0.0,1.0,0.3240736645140727,0.0,25.0,0.9652969829653637,0.6,2.5890129833222386,0.0,11.681322696644536,0.07692307692307693
electricity,random,Random,budget_50,seed_2,1.0,0,775.0998747061983,22381.001377727487,0.9653879187176877,0.23703388642703013,809.6445617257903,25951.93068349871,0.5338328997771299,0.16142646621139944,36.328814627672045,0.0,1.0,0.6843011683141674,0.0,5.0,0.9653879187176877,0.6,,,,
electricity,random,Random,budget_50,seed_2,1.0,1,455.4502095014222,11552.35133349408,1.919720141033988,0.3103508137263464,809.6445617257903,25951.93068349871,0.5338328997771299,0.16142646621139944,36.328814627672045,0.0,1.0,0.4551027067840528,0.0,12.0,0.9653879187176877,0.6,2.6013860141170597,0.0,,
electricity,random,Random,budget_50,seed_2,1.0,2,334.78653416342416,6943.419761345187,7.2196586229920285,0.812807247023612,809.6445617257903,25951.93068349871,0.5338328997771299,0.16142646621139944,36.328814627672045,0.0,1.0,0.28209198461192997,0.0,25.0,0.9653879187176877,0.6,2.6013860141170597,0.0,12.111909529414836,0.07692307692307693
electricity,random,Random,budget_50,seed_2,10.0,0,768.693391273916,22115.54751667531,0.9662914049011327,0.23620325426128957,802.037825474167,25660.555981812813,0.533594280876717,0.16105585285051516,34.7071508662616,0.0,1.0,0.6872113333683241,0.0,5.0,0.9662914049011327,0.6,,,,
electricity,random,Random,budget_50,seed_2,10.0,1,450.4699354840404,11442.423397124752,1.9919524092149965,0.3241724006376307,802.037825474167,25660.555981812813,0.533594280876717,0.16105585285051516,34.7071508662616,0.0,1.0,0.38354144202108625,0.0,12.0,0.9662914049011327,0.6,2.7245674122963277,0.0,,
electricity,random,Random,budget_50,seed_2,10.0,2,319.0082455252222,6619.438751519342,7.223256780884293,0.7843486659937473,802.037825474167,25660.555981812813,0.533594280876717,0.16105585285051516,34.7071508662616,0.0,1.0,0.1666830022801804,0.0,25.0,0.9662914049011327,0.6,2.7245674122963277,0.0,12.052153123963645,0.0
gametes_epistasis_2_way_1000atts_0_4h_edm_1_edm_1_1,histdistill_refined,HistDistill-Refined,budget_50,seed_0,0.1,0,23.304333623201234,357.5345483898398,4.499423243730627,0.5454317339946655,14.207946360224835,244.59914854949227,2.2994274672222854,0.31170202659833873,1.0473793563573892,0.0,0.0,0.5334586729536536,0.0,5.0,4.499423243730627,0.0,,,,
gametes_epistasis_2_way_1000atts_0_4h_edm_1_edm_1_1,histdistill_refined,HistDistill-Refined,budget_50,seed_0,0.1,1,28.229223491278766,398.0492195674726,5.196567402747503,0.5912536016742459,14.207946360224835,244.59914854949227,2.2994274672222854,0.31170202659833873,1.0473793563573892,0.0,0.0,0.5106187669147454,0.0,10.0,4.499423243730627,0.0,5.893711561764379,0.0,,
gametes_epistasis_2_way_1000atts_0_4h_edm_1_edm_1_1,histdistill_refined,HistDistill-Refined,budget_50,seed_0,0.1,2,31.167991967800905,439.10511534085026,5.7140876743496944,0.64459123379888,14.207946360224835,244.59914854949227,2.2994274672222854,0.31170202659833873,1.0473793563573892,0.0,0.0,0.48529131426666294,0.0,17.0,4.499423243730627,0.0,5.893711561764379,0.0,6.453402348067111,0.0
gametes_epistasis_2_way_1000atts_0_4h_edm_1_edm_1_1,histdistill_refined,HistDistill-Refined,budget_50,seed_0,1.0,0,22.93724674414047,368.2419859649899,4.489215542126982,0.5685923939003354,14.092064283804246,258.7668139805522,2.321014036433944,0.3355892256103525,0.9945099017938661,0.0,0.0,0.5237483075613587,0.0,5.0,4.489215542126982,0.0,,,,
gametes_epistasis_2_way_1000atts_0_4h_edm_1_edm_1_1,histdistill_refined,HistDistill-Refined,budget_50,seed_0,1.0,1,27.565447742102396,399.8209624074069,5.194120334634862,0.6066377741895874,14.092064283804246,258.7668139805522,2.321014036433944,0.3355892256103525,0.9945099017938661,0.0,0.0,0.5022745096178307,0.0,10.0,4.489215542126982,0.0,5.899025127142742,0.0,,
gametes_epistasis_2_way_1000atts_0_4h_edm_1_edm_1_1,histdistill_refined,HistDistill-Refined,budget_50,seed_0,1.0,2,30.309171882881447,431.7533837213562,5.859703499040193,0.6680328445577823,14.092064283804246,258.7668139805522,2.321014036433944,0.3355892256103525,0.9945099017938661,0.0,0.0,0.4723014865315206,0.0,17.0,4.489215542126982,0.0,5.899025127142742,0.0,6.8105365910478115,0.0
gametes_epistasis_2_way_1000atts_0_4h_edm_1_edm_1_1,histdistill_refined,HistDistill-Refined,budget_50,seed_0,10.0,0,24.719277152043666,348.33359179459313,5.397105300125666,0.6008027833848447,24.458662307523223,276.5903250483347,4.713294724415604,0.4196866551072353,0.5948706900231189,0.0,0.0,0.5446653568389518,0.0,5.0,5.397105300125666,0.0,,,,
gametes_epistasis_2_way_1000atts_0_4h_edm_1_edm_1_1,histdistill_refined,HistDistill-Refined,budget_50,seed_0,10.0,1,26.314925282759834,351.92014565149776,5.825599567511195,0.6137107694018549,24.458662307523223,276.5903250483347,4.713294724415604,0.4196866551072353,0.5948706900231189,0.0,0.0,0.5069255221905664,0.0,10.0,5.397105300125666,0.0,6.254093834896723,0.0,,
gametes_epistasis_2_way_1000atts_0_4h_edm_1_edm_1_1,histdistill_refined,HistDistill-Refined,budget_50,seed_0,10.0,2,27.43333169213481,364.4726067041186,6.54852148063404,0.6899674323192493,24.458662307523223,276.5903250483347,4.713294724415604,0.4196866551072353,0.5948706900231189,0.0,0.0,0.44873706933809343,0.0,17.0,5.397105300125666,0.0,6.254093834896723,0.0,7.581267070809533,0.0
gametes_epistasis_2_way_1000atts_0_4h_edm_1_edm_1_1,histdistill_refined,HistDistill-Refined,budget_50,seed_1,0.1,0,24.44586538390314,375.6406958740893,4.483300718335502,0.5463162362382553,23.65299131215659,294.6107127030991,3.8280224689898303,0.3754336707699367,1.0473793563573892,0.0,0.0,0.5502326329900751,0.0,5.0,4.483300718335502,0.0,,,,
gametes_epistasis_2_way_1000atts_0_4h_edm_1_edm_1_1,histdistill_refined,HistDistill-Refined,budget_50,seed_1,0.1,1,24.707584388701818,384.46391945698144,4.453492991857517,0.5519571558027307,23.65299131215659,294.6107127030991,3.8280224689898303,0.3754336707699367,1.0473793563573892,0.0,0.0,0.5250730231530769,0.0,9.0,4.483300718335502,0.0,4.416233333760036,0.0,,
gametes_epistasis_2_way_1000atts_0_4h_edm_1_edm_1_1,histdistill_refined,HistDistill-Refined,budget_50,seed_1,0.1,2,25.09496097951339,391.17725082381236,4.424989276136516,0.5509483411277081,23.65299131215659,294.6107127030991,3.8280224689898303,0.3754336707699367,1.0473793563573892,0.0,0.0,0.5068493776686741,0.0,14.0,4.483300718335502,0.0,4.416233333760036,0.0,4.373682587838714,0.0
gametes_epistasis_2_way_1000atts_0_4h_edm_1_edm_1_1,histdistill_refined,HistDistill-Refined,budget_50,seed_1,1.0,0,23.837227231415095,354.9873968364062,4.43103563683498,0.5234801880443929,22.97241804257595,277.49353509402374,3.7836404698299653,0.3598755154170635,0.9945099017938661,0.0,0.0,0.57548712869271,0.0,5.0,4.43103563683498,0.0,,,,
gametes_epistasis_2_way_1000atts_0_4h_edm_1_edm_1_1,histdistill_refined,HistDistill-Refined,budget_50,seed_1,1.0,1,24.10797161114635,364.96025023356094,4.444614940954818,0.5392845504509407,22.97241804257595,277.49353509402374,3.7836404698299653,0.3598755154170635,0.9945099017938661,0.0,0.0,0.5459056456299529,0.0,9.0,4.43103563683498,0.0,4.461589071104614,0.0,,
gametes_epistasis_2_way_1000atts_0_4h_edm_1_edm_1_1,histdistill_refined,HistDistill-Refined,budget_50,seed_1,1.0,2,24.33437759611831,373.95995047605413,4.497489290109237,0.5529832929719263,22.97241804257595,277.49353509402374,3.7836404698299653,0.3598755154170635,0.9945099017938661,0.0,0.0,0.508999523907851,0.0,14.0,4.43103563683498,0.0,4.461589071104614,0.0,4.592663118587189,0.0
gametes_epistasis_2_way_1000atts_0_4h_edm_1_edm_1_1,histdistill_refined,HistDistill-Refined,budget_50,seed_1,10.0,0,23.326721656660187,313.4805023729965,4.935736364895805,0.5276121424344974,22.77088944255668,240.65662066285248,4.38805326842593,0.36230951581703774,0.5948706900231189,0.0,0.0,0.6000514701695641,0.0,5.0,4.935736364895805,0.0,,,,
gametes_epistasis_2_way_1000atts_0_4h_edm_1_edm_1_1,histdistill_refined,HistDistill-Refined,budget_50,seed_1,10.0,1,24.3700270987437,320.73886354012257,5.313040363993657,0.5596540285552017,22.77088944255668,240.65662066285248,4.38805326842593,0.36230951581703774,0.5948706900231189,0.0,0.0,0.5689516152104465,0.0,9.0,4.935736364895805,0.0,5.784670362865972,0.0,,
gametes_epistasis_2_way_1000atts_0_4h_edm_1_edm_1_1,histdistill_refined,HistDistill-Refined,budget_50,seed_1,10.0,2,23.372391484659953,323.55067323787387,5.355098163432175,0.5974565242154799,22.77088944255668,240.65662066285248,4.38805326842593,0.36230951581703774,0.5948706900231189,0.0,0.0,0.5230411253707138,0.0,14.0,4.935736364895805,0.0,5.784670362865972,0.0,5.430802202421511,0.0
gametes_epistasis_2_way_1000atts_0_4h_edm_1_edm_1_1,histdistill_refined,HistDistill-Refined,budget_50,seed_2,0.1,0,22.4769825546112,324.52162662855477,4.178883232123655,0.47917275882011323,17.71444421572905,277.34385122334317,2.8669223942354276,0.3534298504453386,1.0473793563573892,0.0,0.0,0.42926725194160953,0.0,5.0,4.178883232123655,0.0,,,,
gametes_epistasis_2_way_1000atts_0_4h_edm_1_edm_1_1,histdistill_refined,HistDistill-Refined,budget_50,seed_2,0.1,1,25.2185826644737,347.55205892433645,4.5938598816808485,0.5015497366186074,17.71444421572905,277.34385122334317,2.8669223942354276,0.3534298504453386,1.0473793563573892,0.0,0.0,0.4175661570503416,0.0,9.0,4.178883232123655,0.0,5.112580693627341,0.0,,
gametes_epistasis_2_way_1000atts_0_4h_edm_1_edm_1_1,histdistill_refined,HistDistill-Refined,budget_50,seed_2,0.1,2,26.728727001598582,388.67815550570396,4.86706068600795,0.5623767206246811,17.71444421572905,277.34385122334317,2.8669223942354276,0.3534298504453386,1.0473793563573892,0.0,0.0,0.40491553171910866,0.0,14.0,4.178883232123655,0.0,5.112580693627341,0.0,5.358822133796734,0.0
gametes_epistasis_2_way_1000atts_0_4h_edm_1_edm_1_1,histdistill_refined,HistDistill-Refined,budget_50,seed_2,1.0,0,22.006125288654616,323.7434287532138,4.218573168777486,0.4974402172076539,17.34907493493762,277.578085724985,2.85745548928649,0.35998516734782177,0.9945099017938661,0.0,0.0,0.446292077181267,0.0,5.0,4.218573168777486,0.0,,,,
gametes_epistasis_2_way_1000atts_0_4h_edm_1_edm_1_1,histdistill_refined,HistDistill-Refined,budget_50,seed_2,1.0,1,24.676208278560637,344.2322574864784,4.663824790021013,0.5181336542864715,17.34907493493762,277.578085724985,2.85745548928649,0.35998516734782177,0.9945099017938661,0.0,0.0,0.43566819915760935,0.0,9.0,4.218573168777486,0.0,5.220389316575421,0.0,,
gametes_epistasis_2_way_1000atts_0_4h_edm_1_edm_1_1,histdistill_refined,HistDistill-Refined,budget_50,seed_2,1.0,2,26.056634411410734,380.48200068024227,4.998743521449231,0.5820471293947954,17.34907493493762,277.578085724985,2.85745548928649,0.35998516734782177,0.9945099017938661,0.0,0.0,0.4249064196283627,0.0,14.0,4.218573168777486,0.0,5.220389316575421,0.0,5.601597238020023,0.0
gametes_epistasis_2_way_1000atts_0_4h_edm_1_edm_1_1,histdistill_refined,HistDistill-Refined,budget_50,seed_2,10.0,0,19.056412645923974,264.0973944425679,4.203655976477927,0.4665476936125657,14.439725000847131,220.48164050988782,2.7826002425149294,0.3372048270149973,0.5948706900231189,0.0,0.0,0.5047287397353996,0.0,5.0,4.203655976477927,0.0,,,,
gametes_epistasis_2_way_1000atts_0_4h_edm_1_edm_1_1,histdistill_refined,HistDistill-Refined,budget_50,seed_2,10.0,1,21.64624161127944,282.1177692749128,4.699522895601388,0.4890069562552011,14.439725000847131,220.48164050988782,2.7826002425149294,0.3372048270149973,0.5948706900231189,0.0,0.0,0.4839445681337482,0.0,9.0,4.203655976477927,0.0,5.319356544505714,0.0,,
gametes_epistasis_2_way_1000atts_0_4h_edm_1_edm_1_1,histdistill_refined,HistDistill-Refined,budget_50,seed_2,10.0,2,21.848135102286818,302.8383599063823,4.949934057606645,0.5462358926470546,14.439725000847131,220.48164050988782,2.7826002425149294,0.3372048270149973,0.5948706900231189,0.0,0.0,0.4607143198538178,0.0,14.0,4.203655976477927,0.0,5.319356544505714,0.0,5.4006741492161074,0.0
gametes_epistasis_2_way_1000atts_0_4h_edm_1_edm_1_1,histdistill_density,HistDistill-Density,budget_50,seed_0,0.1,0,20.887993579873,353.4450177255232,4.017728168044141,0.5371187579770076,15.055675521301012,258.2994378518908,2.4366247558607697,0.329160827930499,1.0473793563573892,0.0,0.0,0.5319537443982632,0.0,5.0,4.017728168044141,0.0,,,,
gametes_epistasis_2_way_1000atts_0_4h_edm_1_edm_1_1,histdistill_density,HistDistill-Density,budget_50,seed_0,0.1,1,26.97180014793552,398.7178585762078,5.0174770104080375,0.5908479660680788,15.055675521301012,258.2994378518908,2.4366247558607697,0.329160827930499,1.0473793563573892,0.0,0.0,0.5073522535100242,0.0,10.0,4.017728168044141,0.0,6.017225852771935,0.0,,
gametes_epistasis_2_way_1000atts_0_4h_edm_1_edm_1_1,histdistill_density,HistDistill-Density,budget_50,seed_0,0.1,2,30.771201703138498,432.34569562595004,5.67062051738065,0.6332633988666252,15.055675521301012,258.2994378518908,2.4366247558607697,0.329160827930499,1.0473793563573892,0.0,0.0,0.48599987645090365,0.0,17.0,4.017728168044141,0.0,6.017225852771935,0.0,6.603682670198671,0.0
gametes_epistasis_2_way_1000atts_0_4h_edm_1_edm_1_1,histdistill_density,HistDistill-Density,budget_50,seed_0,1.0,0,21.435487402870876,359.2571641820522,4.249183056660018,0.553847758713206,14.931581697726289,263.9614916824103,2.459285595681882,0.342326093605307,0.9945099017938661,0.0,0.0,0.5276389820856521,0.0,5.0,4.249183056660018,0.0,,,,
gametes_epistasis_2_way_1000atts_0_4h_edm_1_edm_1_1,histdistill_density,HistDistill-Density,budget_50,seed_0,1.0,1,26.867176088331366,397.1119099300904,5.1433299423248595,0.6020206174571411,14.931581697726289,263.9614916824103,2.459285595681882,0.342326093605307,0.9945099017938661,0.0,0.0,0.5057319537356364,0.0,10.0,4.249183056660018,0.0,6.0374768279897015,0.0,,
gametes_epistasis_2_way_1000atts_0_4h_edm_1_edm_1_1,histdistill_density,HistDistill-Density,budget_50,seed_0,1.0,2,30.242417221060563,422.8912496389842,5.908567988846279,0.6532140279219949,14.931581697726289,263.9614916824103,2.459285595681882,0.342326093605307,0.9945099017938661,0.0,0.0,0.4734151753243561,0.0,17.0,4.249183056660018,0.0,6.0374768279897015,0.0,7.001765198162594,0.0
gametes_epistasis_2_way_1000atts_0_4h_edm_1_edm_1_1,histdistill_density,HistDistill-Density,budget_50,seed_0,10.0,0,26.862324058350236,340.96039106439673,5.936273690563396,0.5874909656912869,26.859954627128282,276.5411122560206,5.176034602805966,0.4196119816630677,0.5948706900231189,0.0,0.0,0.5541996745274724,0.0,5.0,5.936273690563396,0.0,,,,
gametes_epistasis_2_way_1000atts_0_4h_edm_1_edm_1_1,histdistill_density,HistDistill-Density,budget_50,seed_0,10.0,1,28.656117201928566,347.0811208842646,6.3862831920026055,0.605326969105864,26.859954627128282,276.5411122560206,5.176034602805966,0.4196119816630677,0.5948706900231189,0.0,0.0,0.5101237665149634,0.0,10.0,5.936273690563396,0.0,6.8362926934418144,0.0,,
gametes_epistasis_2_way_1000atts_0_4h_edm_1_edm_1_1,histdistill_density,HistDistill-Density,budget_50,seed_0,10.0,2,29.12968188413832,353.61741642446617,6.967622546330452,0.6692258966110972,26.859954627128282,276.5411122560206,5.176034602805966,0.4196119816630677,0.5948706900231189,0.0,0.0,0.45406847924994365,0.0,17.0,5.936273690563396,0.0,6.8362926934418144,0.0,7.798107338227376,0.0
gametes_epistasis_2_way_1000atts_0_4h_edm_1_edm_1_1,histdistill_density,HistDistill-Density,budget_50,seed_1,0.1,0,27.07541650980344,387.07176435887436,4.956640776331923,0.5632200338028976,28.39974030038035,303.42879306864296,4.596240811514498,0.38667088699471386,1.0473793563573892,0.0,0.0,0.562907374699639,0.0,5.0,4.956640776331923,0.0,,,,
gametes_epistasis_2_way_1000atts_0_4h_edm_1_edm_1_1,histdistill_density,HistDistill-Density,budget_50,seed_1,0.1,1,27.002872672337404,395.94447230762097,4.871254468211329,0.5683274107528934,28.39974030038035,303.42879306864296,4.596240811514498,0.38667088699471386,1.0473793563573892,0.0,0.0,0.534127286216783,0.0,9.0,4.956640776331923,0.0,4.764521583060587,0.0,,
gametes_epistasis_2_way_1000atts_0_4h_edm_1_edm_1_1,histdistill_density,HistDistill-Density,budget_50,seed_1,0.1,2,26.761690487641733,399.2715669894805,4.730500692050897,0.5625480107954175,28.39974030038035,303.42879306864296,4.596240811514498,0.38667088699471386,1.0473793563573892,0.0,0.0,0.5089503432405601,0.0,14.0,4.956640776331923,0.0,4.764521583060587,0.0,4.47714389496212,0.0
gametes_epistasis_2_way_1000atts_0_4h_edm_1_edm_1_1,histdistill_density,HistDistill-Density,budget_50,seed_1,1.0,0,26.57976222038719,367.78506425390225,4.939138344225869,0.5430237047405445,28.176993370540316,286.6546143537602,4.640852880063312,0.37175632597092795,0.9945099017938661,0.0,0.0,0.5860219939874444,0.0,5.0,4.939138344225869,0.0,,,,
gametes_epistasis_2_way_1000atts_0_4h_edm_1_edm_1_1,histdistill_density,HistDistill-Density,budget_50,seed_1,1.0,1,26.565683157861244,377.621568341149,4.907153654257619,0.5575362836504065,28.176993370540316,286.6546143537602,4.640852880063312,0.37175632597092795,0.9945099017938661,0.0,0.0,0.5541524289040878,0.0,9.0,4.939138344225869,0.0,4.867172791797307,0.0,,
gametes_epistasis_2_way_1000atts_0_4h_edm_1_edm_1_1,histdistill_density,HistDistill-Density,budget_50,seed_1,1.0,2,26.151872451153967,383.2513673426293,4.836078136763263,0.5665073697044062,28.176993370540316,286.6546143537602,4.640852880063312,0.37175632597092795,0.9945099017938661,0.0,0.0,0.5151449401576871,0.0,14.0,4.939138344225869,0.0,4.867172791797307,0.0,4.70814220527342,0.0
gametes_epistasis_2_way_1000atts_0_4h_edm_1_edm_1_1,histdistill_density,HistDistill-Density,budget_50,seed_1,10.0,0,24.615887397989148,322.9287607106166,5.195345051508804,0.5432705327766019,26.131477137544483,253.73738324818052,5.035653699494883,0.38200265679838363,0.5948706900231189,0.0,0.0,0.6041981910781805,0.0,5.0,5.195345051508804,0.0,,,,
gametes_epistasis_2_way_1000atts_0_4h_edm_1_edm_1_1,histdistill_density,HistDistill-Density,budget_50,seed_1,10.0,1,25.066395964101716,330.27034961207244,5.436649990247658,0.5740681670772388,26.131477137544483,253.73738324818052,5.035653699494883,0.38200265679838363,0.5948706900231189,0.0,0.0,0.5711973903128106,0.0,9.0,5.195345051508804,0.0,5.738281163671226,0.0,,
gametes_epistasis_2_way_1000atts_0_4h_edm_1_edm_1_1,histdistill_density,HistDistill-Density,budget_50,seed_1,10.0,2,23.94796689541625,331.3607251720235,5.440367142651302,0.6104457499981094,26.131477137544483,253.73738324818052,5.035653699494883,0.38200265679838363,0.5948706900231189,0.0,0.0,0.5262353511821383,0.0,14.0,5.195345051508804,0.0,5.738281163671226,0.0,5.447058016977859,0.0
gametes_epistasis_2_way_1000atts_0_4h_edm_1_edm_1_1,histdistill_density,HistDistill-Density,budget_50,seed_2,0.1,0,22.099201806430905,331.7255460919605,4.169161572557161,0.4913807938443604,14.377433520055606,272.82231031495803,2.3268574293558277,0.34766787836633206,1.0473793563573892,0.0,0.0,0.4397037947595326,0.0,5.0,4.169161572557161,0.0,,,,
gametes_epistasis_2_way_1000atts_0_4h_edm_1_edm_1_1,histdistill_density,HistDistill-Density,budget_50,seed_2,0.1,1,26.02479951045371,351.13711813926716,4.7864860512753955,0.5075561034298369,14.377433520055606,272.82231031495803,2.3268574293558277,0.34766787836633206,1.0473793563573892,0.0,0.0,0.42048610967652494,0.0,9.0,4.169161572557161,0.0,5.558141649673189,0.0,,
gametes_epistasis_2_way_1000atts_0_4h_edm_1_edm_1_1,histdistill_density,HistDistill-Density,budget_50,seed_2,0.1,2,26.763085800307213,378.4568125383824,4.906266104249194,0.5468929157319435,14.377433520055606,272.82231031495803,2.3268574293558277,0.34766787836633206,1.0473793563573892,0.0,0.0,0.4065618247481518,0.0,14.0,4.169161572557161,0.0,5.558141649673189,0.0,5.12187019960203,0.0
gametes_epistasis_2_way_1000atts_0_4h_edm_1_edm_1_1,histdistill_density,HistDistill-Density,budget_50,seed_2,1.0,0,21.520482373802878,327.0270733696089,4.2311186377185335,0.5056450392008893,13.61502901320779,266.7535805819359,2.242444599293288,0.345947094834999,0.9945099017938661,0.0,0.0,0.4567073502892002,0.0,5.0,4.2311186377185335,0.0,,,,
gametes_epistasis_2_way_1000atts_0_4h_edm_1_edm_1_1,histdistill_density,HistDistill-Density,budget_50,seed_2,1.0,1,25.416611150393603,343.1981301513186,4.865127543264518,0.5180433185414306,13.61502901320779,266.7535805819359,2.242444599293288,0.345947094834999,0.9945099017938661,0.0,0.0,0.43938782868420406,0.0,9.0,4.2311186377185335,0.0,5.6576386751969965,0.0,,
gametes_epistasis_2_way_1000atts_0_4h_edm_1_edm_1_1,histdistill_density,HistDistill-Density,budget_50,seed_2,1.0,2,26.08884559046268,366.6481421696916,5.045317936967751,0.5603387302749036,13.61502901320779,266.7535805819359,2.242444599293288,0.345947094834999,0.9945099017938661,0.0,0.0,0.42272534001909123,0.0,14.0,4.2311186377185335,0.0,5.6576386751969965,0.0,5.369660645633572,0.0
gametes_epistasis_2_way_1000atts_0_4h_edm_1_edm_1_1,histdistill_density,HistDistill-Density,budget_50,seed_2,10.0,0,18.16204575999861,270.29234086029857,4.1143967923745155,0.48064511071581045,10.091486547590527,211.6942855327716,1.9446750483831343,0.3237654381020462,0.5948706900231189,0.0,0.0,0.5196972112140534,0.0,5.0,4.1143967923745155,0.0,,,,
gametes_epistasis_2_way_1000atts_0_4h_edm_1_edm_1_1,histdistill_density,HistDistill-Density,budget_50,seed_2,10.0,1,22.206990022532572,283.980096514941,4.880792771708512,0.4940150196543622,10.091486547590527,211.6942855327716,1.9446750483831343,0.3237654381020462,0.5948706900231189,0.0,0.0,0.4968561844104614,0.0,9.0,4.1143967923745155,0.0,5.838787745876006,0.0,,
gametes_epistasis_2_way_1000atts_0_4h_edm_1_edm_1_1,histdistill_density,HistDistill-Density,budget_50,seed_2,10.0,2,22.001356516932116,299.766266858108,4.984730420984495,0.540099473607159,10.091486547590527,211.6942855327716,1.9446750483831343,0.3237654381020462,0.5948706900231189,0.0,0.0,0.46237980635833714,0.0,14.0,4.1143967923745155,0.0,5.838787745876006,0.0,5.171818189681266,0.0
gametes_epistasis_2_way_1000atts_0_4h_edm_1_edm_1_1,gain_path_refined,Legacy gain-path refined,budget_50,seed_0,0.1,0,21.749101604918412,332.93771707620976,4.3920828555250235,0.5064634906262104,14.839621339201496,231.89518694288228,2.4016583428316025,0.2955128836594107,1.0473793563573892,0.0,0.0,0.5505381105535063,0.0,5.0,4.3920828555250235,0.0,,,,
gametes_epistasis_2_way_1000atts_0_4h_edm_1_edm_1_1,gain_path_refined,Legacy gain-path refined,budget_50,seed_0,0.1,1,26.257500615058632,375.7498523409565,4.926718055956303,0.5548273330898488,14.839621339201496,231.89518694288228,2.4016583428316025,0.2955128836594107,1.0473793563573892,0.0,0.0,0.5170000880458223,0.0,10.0,4.3920828555250235,0.0,5.461353256387582,0.0,,
gametes_epistasis_2_way_1000atts_0_4h_edm_1_edm_1_1,gain_path_refined,Legacy gain-path refined,budget_50,seed_0,0.1,2,28.236423486162177,408.1317931934831,5.223946778658098,0.5963444461417681,14.839621339201496,231.89518694288228,2.4016583428316025,0.2955128836594107,1.0473793563573892,0.0,0.0,0.4993257510077194,0.0,17.0,4.3920828555250235,0.0,5.461353256387582,0.0,5.6485592396606625,0.0
gametes_epistasis_2_way_1000atts_0_4h_edm_1_edm_1_1,gain_path_refined,Legacy gain-path refined,budget_50,seed_0,1.0,0,21.462765817845458,328.60844338784545,4.388762717282429,0.5073814163079435,14.628990370699345,226.79746822637534,2.4094477079751195,0.29412885509421616,0.9945099017938661,0.0,0.0,0.5415533894881941,0.0,5.0,4.388762717282429,0.0,,,,
gametes_epistasis_2_way_1000atts_0_4h_edm_1_edm_1_1,gain_path_refined,Legacy gain-path refined,budget_50,seed_0,1.0,1,25.586764119594093,366.7261108738332,4.907242311613315,0.5542381281790145,14.628990370699345,226.79746822637534,2.4094477079751195,0.29412885509421616,0.9945099017938661,0.0,0.0,0.508846520260256,0.0,10.0,4.388762717282429,0.0,5.425721905944201,0.0,,
gametes_epistasis_2_way_1000atts_0_4h_edm_1_edm_1_1,gain_path_refined,Legacy gain-path refined,budget_50,seed_0,1.0,2,27.42744085659679,394.35079293445006,5.335830809647825,0.6074926928241122,14.628990370699345,226.79746822637534,2.4094477079751195,0.29412885509421616,0.9945099017938661,0.0,0.0,0.4773020205513929,0.0,17.0,4.388762717282429,0.0,5.425721905944201,0.0,5.948100092554269,0.0
gametes_epistasis_2_way_1000atts_0_4h_edm_1_edm_1_1,gain_path_refined,Legacy gain-path refined,budget_50,seed_0,10.0,0,24.954340303498796,304.04541531357086,5.488192556174923,0.5226206287445418,25.350523037631774,241.85551316828992,4.8851603162979975,0.3669814962728922,0.5948706900231189,0.0,0.0,0.5588242947961679,0.0,5.0,5.488192556174923,0.0,,,,
gametes_epistasis_2_way_1000atts_0_4h_edm_1_edm_1_1,gain_path_refined,Legacy gain-path refined,budget_50,seed_0,10.0,1,24.637726476494695,310.5560146712465,5.441672221870576,0.5405024138379929,25.350523037631774,241.85551316828992,4.8851603162979975,0.3669814962728922,0.5948706900231189,0.0,0.0,0.5078917987264039,0.0,10.0,5.488192556174923,0.0,5.395151887566227,0.0,,
gametes_epistasis_2_way_1000atts_0_4h_edm_1_edm_1_1,gain_path_refined,Legacy gain-path refined,budget_50,seed_0,10.0,2,24.92932029747203,322.83874591795745,5.946668222361061,0.6123995366172945,25.350523037631774,241.85551316828992,4.8851603162979975,0.3669814962728922,0.5948706900231189,0.0,0.0,0.4508708005753994,0.0,17.0,5.488192556174923,0.0,5.395151887566227,0.0,6.668091080204612,0.0
gametes_epistasis_2_way_1000atts_0_4h_edm_1_edm_1_1,gain_path_refined,Legacy gain-path refined,budget_50,seed_1,0.1,0,24.449612262132103,386.4335631581875,4.4567562652930715,0.5624562173083356,24.76293408639053,296.34971746936077,4.0076566566063745,0.377649750887641,1.0473793563573892,0.0,0.0,0.5656977120368937,0.0,5.0,4.4567562652930715,0.0,,,,
gametes_epistasis_2_way_1000atts_0_4h_edm_1_edm_1_1,gain_path_refined,Legacy gain-path refined,budget_50,seed_1,0.1,1,24.728925115429917,392.5001104284307,4.441700498549337,0.5640176918352505,24.76293408639053,296.34971746936077,4.0076566566063745,0.377649750887641,1.0473793563573892,0.0,0.0,0.5344933221447647,0.0,9.0,4.4567562652930715,0.0,4.42288079011967,0.0,,
gametes_epistasis_2_way_1000atts_0_4h_edm_1_edm_1_1,gain_path_refined,Legacy gain-path refined,budget_50,seed_1,0.1,2,25.026181260925153,397.03906646775295,4.404482129889739,0.559693503618705,24.76293408639053,296.34971746936077,4.0076566566063745,0.377649750887641,1.0473793563573892,0.0,0.0,0.5150264993391173,0.0,14.0,4.4567562652930715,0.0,4.42288079011967,0.0,4.337489066302462,0.0
gametes_epistasis_2_way_1000atts_0_4h_edm_1_edm_1_1,gain_path_refined,Legacy gain-path refined,budget_50,seed_1,1.0,0,23.975316720492877,366.14730799287827,4.4370062927673235,0.5405435457251799,24.569130948978504,279.1037298223014,4.046624869650991,0.36196374301330064,0.9945099017938661,0.0,0.0,0.5883061357146324,0.0,5.0,4.4370062927673235,0.0,,,,
gametes_epistasis_2_way_1000atts_0_4h_edm_1_edm_1_1,gain_path_refined,Legacy gain-path refined,budget_50,seed_1,1.0,1,24.31274213737733,373.05788490528926,4.473928251459741,0.5515935719815394,24.569130948978504,279.1037298223014,4.046624869650991,0.36196374301330064,0.9945099017938661,0.0,0.0,0.553635543975395,0.0,9.0,4.4370062927673235,0.0,4.520080699825265,0.0,,
gametes_epistasis_2_way_1000atts_0_4h_edm_1_edm_1_1,gain_path_refined,Legacy gain-path refined,budget_50,seed_1,1.0,2,24.402561546732674,379.9231934201671,4.504023589237679,0.562163316121054,24.569130948978504,279.1037298223014,4.046624869650991,0.36196374301330064,0.9945099017938661,0.0,0.0,0.5178809706706794,0.0,14.0,4.4370062927673235,0.0,4.520080699825265,0.0,4.558195197237969,0.0
gametes_epistasis_2_way_1000atts_0_4h_edm_1_edm_1_1,gain_path_refined,Legacy gain-path refined,budget_50,seed_1,10.0,0,22.338796498199354,322.02415651326066,4.730338711205009,0.5420697525888656,22.788970725959743,245.56627076442743,4.3915376134241475,0.3697010139035363,0.5948706900231189,0.0,0.0,0.6068243909840288,0.0,5.0,4.730338711205009,0.0,,,,
gametes_epistasis_2_way_1000atts_0_4h_edm_1_edm_1_1,gain_path_refined,Legacy gain-path refined,budget_50,seed_1,10.0,1,23.545247797398435,326.19406761271347,5.126191363150261,0.5683747946798997,22.788970725959743,245.56627076442743,4.3915376134241475,0.3697010139035363,0.5948706900231189,0.0,0.0,0.5718013712342084,0.0,9.0,4.730338711205009,0.0,5.621007178081827,0.0,,
gametes_epistasis_2_way_1000atts_0_4h_edm_1_edm_1_1,gain_path_refined,Legacy gain-path refined,budget_50,seed_1,10.0,2,22.592504690461148,326.93716540147983,5.17551811570762,0.6031492521800171,22.788970725959743,245.56627076442743,4.3915376134241475,0.3697010139035363,0.5948706900231189,0.0,0.0,0.5294987966431998,0.0,14.0,4.730338711205009,0.0,5.621007178081827,0.0,5.264306270310866,0.0
gametes_epistasis_2_way_1000atts_0_4h_edm_1_edm_1_1,gain_path_refined,Legacy gain-path refined,budget_50,seed_2,0.1,0,23.746000551112605,333.1640383819911,4.465982126303885,0.4938721012648025,13.769336972360744,262.56688296141346,2.228442509349719,0.3345989960391106,1.0473793563573892,0.0,0.0,0.46031317527582105,0.0,5.0,4.465982126303885,0.0,,,,
gametes_epistasis_2_way_1000atts_0_4h_edm_1_edm_1_1,gain_path_refined,Legacy gain-path refined,budget_50,seed_2,0.1,1,25.999125702154725,350.25762370869325,4.7747227483045975,0.506573726249611,13.769336972360744,262.56688296141346,2.228442509349719,0.3345989960391106,1.0473793563573892,0.0,0.0,0.43513715690703836,0.0,9.0,4.465982126303885,0.0,5.160648525805489,0.0,,
gametes_epistasis_2_way_1000atts_0_4h_edm_1_edm_1_1,gain_path_refined,Legacy gain-path refined,budget_50,seed_2,0.1,2,25.842572081064617,374.2308181983305,4.723540882744329,0.5416353957536272,13.769336972360744,262.56688296141346,2.228442509349719,0.3345989960391106,1.0473793563573892,0.0,0.0,0.42970872883379335,0.0,14.0,4.465982126303885,0.0,5.160648525805489,0.0,4.631413524735844,0.0
gametes_epistasis_2_way_1000atts_0_4h_edm_1_edm_1_1,gain_path_refined,Legacy gain-path refined,budget_50,seed_2,1.0,0,23.24287044550782,330.3178886653316,4.5352058593838125,0.5109745782032745,13.421148522571686,258.10973118030125,2.2105117801480993,0.3347370687796289,0.9945099017938661,0.0,0.0,0.4736945779448333,0.0,5.0,4.5352058593838125,0.0,,,,
gametes_epistasis_2_way_1000atts_0_4h_edm_1_edm_1_1,gain_path_refined,Legacy gain-path refined,budget_50,seed_2,1.0,1,25.39264377539043,344.581160413829,4.8552106772033765,0.5203512824401901,13.421148522571686,258.10973118030125,2.2105117801480993,0.3347370687796289,0.9945099017938661,0.0,0.0,0.4509259309457137,0.0,9.0,4.5352058593838125,0.0,5.255216699477831,0.0,,
gametes_epistasis_2_way_1000atts_0_4h_edm_1_edm_1_1,gain_path_refined,Legacy gain-path refined,budget_50,seed_2,1.0,2,25.19097169236005,365.07147107089617,4.856650009733889,0.5586958332108308,13.421148522571686,258.10973118030125,2.2105117801480993,0.3347370687796289,0.9945099017938661,0.0,0.0,0.4416701027162734,0.0,14.0,4.5352058593838125,0.0,5.255216699477831,0.0,4.8592408082888126,0.0
gametes_epistasis_2_way_1000atts_0_4h_edm_1_edm_1_1,gain_path_refined,Legacy gain-path refined,budget_50,seed_2,10.0,0,19.440323664456393,262.841133956042,4.366087105572569,0.46711333561672885,8.340220982041998,193.75009125071477,1.607198262148113,0.2963215705999214,0.5948706900231189,0.0,0.0,0.5360922315378864,0.0,5.0,4.366087105572569,0.0,,,,
gametes_epistasis_2_way_1000atts_0_4h_edm_1_edm_1_1,gain_path_refined,Legacy gain-path refined,budget_50,seed_2,10.0,1,21.085344537560534,275.38674331951927,4.647692275102579,0.4789139018324713,8.340220982041998,193.75009125071477,1.607198262148113,0.2963215705999214,0.5948706900231189,0.0,0.0,0.5090651929893695,0.0,9.0,4.366087105572569,0.0,4.999698737015092,0.0,,
gametes_epistasis_2_way_1000atts_0_4h_edm_1_edm_1_1,gain_path_refined,Legacy gain-path refined,budget_50,seed_2,10.0,2,20.560403367458825,293.8144610542655,4.657042380486826,0.5339669329644685,8.340220982041998,193.75009125071477,1.607198262148113,0.2963215705999214,0.5948706900231189,0.0,0.0,0.46999844942092067,0.0,14.0,4.366087105572569,0.0,4.999698737015092,0.0,4.673872570178469,0.0
gametes_epistasis_2_way_1000atts_0_4h_edm_1_edm_1_1,random,Random,budget_50,seed_0,0.1,0,28.13778761277116,455.97361820787967,5.50584474636384,0.6884427255117332,22.857078312000944,479.05357492371473,3.6992111568074675,0.6104762467015993,1.0473793563573892,0.0,0.0,0.4662482549405446,0.0,5.0,5.50584474636384,0.0,,,,
gametes_epistasis_2_way_1000atts_0_4h_edm_1_edm_1_1,random,Random,budget_50,seed_0,0.1,1,32.25698446945217,491.19714265926103,5.947200494816674,0.721631902442534,22.857078312000944,479.05357492371473,3.6992111568074675,0.6104762467015993,1.0473793563573892,0.0,0.0,0.44977804581438985,0.0,10.0,5.50584474636384,0.0,6.388556243269507,0.0,,
gametes_epistasis_2_way_1000atts_0_4h_edm_1_edm_1_1,random,Random,budget_50,seed_0,0.1,2,33.11916545800148,506.7575161475472,6.074093965796855,0.7327570818224594,22.857078312000944,479.05357492371473,3.6992111568074675,0.6104762467015993,1.0473793563573892,0.0,0.0,0.44062355626677235,0.0,17.0,5.50584474636384,0.0,6.388556243269507,0.0,6.2553703529114015,0.0
gametes_epistasis_2_way_1000atts_0_4h_edm_1_edm_1_1,random,Random,budget_50,seed_0,1.0,0,27.81119744218973,448.4034604912216,5.508181532432171,0.6871703957163591,22.570327336814973,459.17077193950604,3.717414674006465,0.5954888936788763,0.9945099017938661,0.0,0.0,0.4959638196656332,0.0,5.0,5.508181532432171,0.0,,,,
gametes_epistasis_2_way_1000atts_0_4h_edm_1_edm_1_1,random,Random,budget_50,seed_0,1.0,1,31.466594417361495,480.4068300514197,5.932853738658225,0.7223896255623855,22.570327336814973,459.17077193950604,3.717414674006465,0.5954888936788763,0.9945099017938661,0.0,0.0,0.4675557997199581,0.0,10.0,5.508181532432171,0.0,6.357525944884278,0.0,,
gametes_epistasis_2_way_1000atts_0_4h_edm_1_edm_1_1,random,Random,budget_50,seed_0,1.0,2,32.26345951369955,487.8622122088647,6.176809774407383,0.7380573448867815,22.570327336814973,459.17077193950604,3.717414674006465,0.5954888936788763,0.9945099017938661,0.0,0.0,0.4543752710165308,0.0,17.0,5.508181532432171,0.0,6.357525944884278,0.0,6.525318396906182,0.0
gametes_epistasis_2_way_1000atts_0_4h_edm_1_edm_1_1,random,Random,budget_50,seed_0,10.0,0,24.980876686457282,396.0130865316166,5.522121688374563,0.6812325762863782,20.088133157803554,410.69912766443537,3.8710740123719156,0.6231777742581024,0.5948706900231189,0.0,0.0,0.5724986728164869,0.0,5.0,5.522121688374563,0.0,,,,
gametes_epistasis_2_way_1000atts_0_4h_edm_1_edm_1_1,random,Random,budget_50,seed_0,10.0,1,26.051143423488377,396.9357237706922,5.811893852148769,0.6928595078891201,20.088133157803554,410.69912766443537,3.8710740123719156,0.6231777742581024,0.5948706900231189,0.0,0.0,0.5244330750470184,0.0,10.0,5.522121688374563,0.0,6.101666015922974,0.2,,
gametes_epistasis_2_way_1000atts_0_4h_edm_1_edm_1_1,random,Random,budget_50,seed_0,10.0,2,27.046954227804882,390.92006590258876,6.360263212858332,0.7213834490530775,20.088133157803554,410.69912766443537,3.8710740123719156,0.6231777742581024,0.5948706900231189,0.0,0.0,0.48114248265264903,0.0,17.0,5.522121688374563,0.0,6.101666015922974,0.2,7.143648013871991,0.0
gametes_epistasis_2_way_1000atts_0_4h_edm_1_edm_1_1,random,Random,budget_50,seed_1,0.1,0,34.78282410747202,627.631542580137,6.413902011949892,0.9148517140320678,35.384028600466095,637.5985922023683,5.726584631024967,0.8125162108056669,1.0473793563573892,0.0,0.0,0.48146113142398556,0.0,5.0,6.413902011949892,0.0,,,,
gametes_epistasis_2_way_1000atts_0_4h_edm_1_edm_1_1,random,Random,budget_50,seed_1,0.1,1,35.037237555202324,617.615466609077,6.391732970178015,0.8904298691389783,35.384028600466095,637.5985922023683,5.726584631024967,0.8125162108056669,1.0473793563573892,0.0,0.0,0.48131444899760745,0.0,9.0,6.413902011949892,0.0,6.364021667963165,0.0,,
gametes_epistasis_2_way_1000atts_0_4h_edm_1_edm_1_1,random,Random,budget_50,seed_1,0.1,2,35.35948098950201,609.4824599072508,6.314193865225713,0.8611302454038045,35.384028600466095,637.5985922023683,5.726584631024967,0.8125162108056669,1.0473793563573892,0.0,0.0,0.45292151430487093,0.0,14.0,6.413902011949892,0.0,6.364021667963165,0.0,6.174623476311574,0.0
gametes_epistasis_2_way_1000atts_0_4h_edm_1_edm_1_1,random,Random,budget_50,seed_1,1.0,0,34.44416628823857,588.1450104394366,6.438999660301974,0.8717412753899406,35.03351030053772,599.8544894796754,5.770146056355497,0.777938640997863,0.9945099017938661,0.0,0.0,0.4804747044254133,0.0,5.0,6.438999660301974,0.0,,,,
gametes_epistasis_2_way_1000atts_0_4h_edm_1_edm_1_1,random,Random,budget_50,seed_1,1.0,1,36.6006372465743,586.8864493674055,6.92080883848493,0.8722684584098185,35.03351030053772,599.8544894796754,5.770146056355497,0.777938640997863,0.9945099017938661,0.0,0.0,0.48377465397175295,0.0,9.0,6.438999660301974,0.0,7.523070311213623,0.0,,
gametes_epistasis_2_way_1000atts_0_4h_edm_1_edm_1_1,random,Random,budget_50,seed_1,1.0,2,37.31994896161262,587.4878171246747,7.071179749108331,0.8734218016219535,35.03351030053772,599.8544894796754,5.770146056355497,0.777938640997863,0.9945099017938661,0.0,0.0,0.44652541362068376,0.0,14.0,6.438999660301974,0.0,7.523070311213623,0.0,7.34184738823045,0.0
gametes_epistasis_2_way_1000atts_0_4h_edm_1_edm_1_1,random,Random,budget_50,seed_1,10.0,0,31.413221584640326,489.9281282158083,6.657835834069353,0.8218671653472607,31.903232269305366,504.18402664207895,6.147896988645639,0.7590510914357443,0.5948706900231189,0.0,0.0,0.4691320278290931,0.0,5.0,6.657835834069353,0.0,,,,
gametes_epistasis_2_way_1000atts_0_4h_edm_1_edm_1_1,random,Random,budget_50,seed_1,10.0,1,33.227806368771134,492.8117754936568,7.478849856797112,0.8629696812089178,31.903232269305366,504.18402664207895,6.147896988645639,0.7590510914357443,0.5948706900231189,0.0,0.0,0.4751748375529476,0.0,9.0,6.657835834069353,0.0,8.50511738520681,0.0,,
gametes_epistasis_2_way_1000atts_0_4h_edm_1_edm_1_1,random,Random,budget_50,seed_1,10.0,2,32.98790153469296,486.5096546692179,7.780768467297846,0.8928904674885881,31.903232269305366,504.18402664207895,6.147896988645639,0.7590510914357443,0.5948706900231189,0.0,0.0,0.43926850110644083,0.0,14.0,6.657835834069353,0.0,8.50511738520681,0.0,8.324221966199165,0.0
gametes_epistasis_2_way_1000atts_0_4h_edm_1_edm_1_1,random,Random,budget_50,seed_2,0.1,0,25.147242958035328,524.1569074096781,4.727932323495114,0.774298165622261,25.459516531058604,581.2063694654272,4.120392217808851,0.7406534499754396,1.0473793563573892,0.0,0.0,0.47446641853867455,0.0,5.0,4.727932323495114,0.0,,,,
gametes_epistasis_2_way_1000atts_0_4h_edm_1_edm_1_1,random,Random,budget_50,seed_2,0.1,1,26.821317440915585,537.816730537631,4.909166148016838,0.7759696995259467,25.459516531058604,581.2063694654272,4.120392217808851,0.7406534499754396,1.0473793563573892,0.0,0.0,0.4553583852796473,0.0,9.0,4.727932323495114,0.0,5.135708428668991,0.0,,
gametes_epistasis_2_way_1000atts_0_4h_edm_1_edm_1_1,random,Random,budget_50,seed_2,0.1,2,28.70848483495255,538.5724088340439,5.20452156316401,0.7742397140649856,25.459516531058604,581.2063694654272,4.120392217808851,0.7406534499754396,1.0473793563573892,0.0,0.0,0.4439625488378021,0.0,14.0,4.727932323495114,0.0,5.135708428668991,0.0,5.736161310428922,0.0
gametes_epistasis_2_way_1000atts_0_4h_edm_1_edm_1_1,random,Random,budget_50,seed_2,1.0,0,25.129644962128737,506.90417249631594,4.940840139367411,0.7833009479937342,25.098949371580375,554.0236300307542,4.133887883135362,0.718501565605822,0.9945099017938661,0.0,0.0,0.4760936775336118,0.0,5.0,4.940840139367411,0.0,,,,
gametes_epistasis_2_way_1000atts_0_4h_edm_1_edm_1_1,random,Random,budget_50,seed_2,1.0,1,27.321303788695406,522.8945810120232,5.236774691639195,0.7889892559554738,25.098949371580375,554.0236300307542,4.133887883135362,0.718501565605822,0.9945099017938661,0.0,0.0,0.45850888297704095,0.0,9.0,4.940840139367411,0.0,5.606692881978929,0.0,,
gametes_epistasis_2_way_1000atts_0_4h_edm_1_edm_1_1,random,Random,budget_50,seed_2,1.0,2,28.8002844910948,525.8065430832903,5.529810999890598,0.7997352914095183,25.098949371580375,554.0236300307542,4.133887883135362,0.718501565605822,0.9945099017938661,0.0,0.0,0.44687503272301,0.0,14.0,4.940840139367411,0.0,5.606692881978929,0.0,6.057276354743123,0.0
gametes_epistasis_2_way_1000atts_0_4h_edm_1_edm_1_1,random,Random,budget_50,seed_2,10.0,0,22.35306942372107,433.1054499937113,5.041324544135878,0.7670498486430738,22.03482831191788,468.4393701801591,4.2462109632226674,0.7164316104656836,0.5948706900231189,0.0,0.0,0.47055299256044003,0.0,5.0,5.041324544135878,0.0,,,,
gametes_epistasis_2_way_1000atts_0_4h_edm_1_edm_1_1,random,Random,budget_50,seed_2,10.0,1,24.736049397855602,449.0615543996372,5.440878191880769,0.7783592600670887,22.03482831191788,468.4393701801591,4.2462109632226674,0.7164316104656836,0.5948706900231189,0.0,0.0,0.45120674637963126,0.0,9.0,5.041324544135878,0.0,5.940320251561882,0.0,,
gametes_epistasis_2_way_1000atts_0_4h_edm_1_edm_1_1,random,Random,budget_50,seed_2,10.0,2,26.07792919613595,444.20089500822803,5.827913258017206,0.7828945422140224,22.03482831191788,468.4393701801591,4.2462109632226674,0.7164316104656836,0.5948706900231189,0.0,0.0,0.4421967436571444,0.0,14.0,5.041324544135878,0.0,5.940320251561882,0.0,6.524576377062795,0.0
gametes_epistasis_2_way_20atts_0_1h_edm_1_1,histdistill_refined,HistDistill-Refined,budget_50,seed_0,0.1,0,1.415528266711489,12.385875552135442,0.9450864353154795,0.14904397307094625,1.5137736869816352,13.46759887596029,0.7030828277760334,0.11372947179495174,0.7479179835379637,0.0,0.0,0.5952239787040858,0.0,5.0,0.9450864353154795,0.0,,,,
gametes_epistasis_2_way_20atts_0_1h_edm_1_1,histdistill_refined,HistDistill-Refined,budget_50,seed_0,0.1,1,4.00031540533435,31.374748991806428,2.404030986377864,0.33512217944140194,1.5137736869816352,13.46759887596029,0.7030828277760334,0.11372947179495174,0.7479179835379637,0.0,0.0,0.5731512535118058,0.0,12.0,0.9450864353154795,0.0,3.4461342371367096,0.14285714285714285,,
gametes_epistasis_2_way_20atts_0_1h_edm_1_1,histdistill_refined,HistDistill-Refined,budget_50,seed_0,0.1,2,6.759402841461056,50.81290341145331,4.015935161027231,0.5415380078628327,1.5137736869816352,13.46759887596029,0.7030828277760334,0.11372947179495174,0.7479179835379637,0.0,0.0,0.5668496499203631,0.0,22.0,0.9450864353154795,0.0,3.4461342371367096,0.14285714285714285,5.950220170606472,0.0
gametes_epistasis_2_way_20atts_0_1h_edm_1_1,histdistill_refined,HistDistill-Refined,budget_50,seed_0,1.0,0,1.3884354975984974,11.242743481352028,0.9351306670717807,0.13592696416486566,1.4632158318242212,12.255984961026249,0.6847959683543272,0.10428895919126428,0.7455802170659205,0.0,0.0,0.6224192130375654,0.0,5.0,0.9351306670717807,0.0,,,,
gametes_epistasis_2_way_20atts_0_1h_edm_1_1,histdistill_refined,HistDistill-Refined,budget_50,seed_0,1.0,1,3.8056213926189346,27.955568945770235,2.442874786734464,0.3180591369114301,1.4632158318242212,12.255984961026249,0.6847959683543272,0.10428895919126428,0.7455802170659205,0.0,0.0,0.5969323624577872,0.0,12.0,0.9351306670717807,0.0,3.5198348722078094,0.14285714285714285,,
gametes_epistasis_2_way_20atts_0_1h_edm_1_1,histdistill_refined,HistDistill-Refined,budget_50,seed_0,1.0,2,6.344946583589529,45.20312103325522,4.337958695531153,0.5447306436524361,1.4632158318242212,12.255984961026249,0.6847959683543272,0.10428895919126428,0.7455802170659205,0.0,0.0,0.5807273401105143,0.0,22.0,0.9351306670717807,0.0,3.5198348722078094,0.14285714285714285,6.61205938608718,0.0
gametes_epistasis_2_way_20atts_0_1h_edm_1_1,histdistill_refined,HistDistill-Refined,budget_50,seed_0,10.0,0,1.2489041895276445,8.1849091010975,0.8921947129400749,0.10423267038513606,1.2708080001827011,8.971219995759736,0.6398334991805128,0.08212508864767924,0.7199204471522009,0.0,0.0,0.7221147729950317,0.0,5.0,0.8921947129400749,0.0,,,,
gametes_epistasis_2_way_20atts_0_1h_edm_1_1,histdistill_refined,HistDistill-Refined,budget_50,seed_0,10.0,1,2.7130641061354943,17.062992615737603,2.3762518406670083,0.26218686191779156,1.2708080001827011,8.971219995759736,0.6398334991805128,0.08212508864767924,0.7199204471522009,0.0,0.0,0.6225638351392331,0.0,12.0,0.8921947129400749,0.0,3.4362926461862466,0.14285714285714285,,
gametes_epistasis_2_way_20atts_0_1h_edm_1_1,histdistill_refined,HistDistill-Refined,budget_50,seed_0,10.0,2,4.238045471373203,27.276023467824235,3.758088494571064,0.42490313449765443,1.2708080001827011,8.971219995759736,0.6398334991805128,0.08212508864767924,0.7199204471522009,0.0,0.0,0.5555646586765435,0.0,22.0,0.8921947129400749,0.0,3.4362926461862466,0.14285714285714285,5.416292479255931,0.0
gametes_epistasis_2_way_20atts_0_1h_edm_1_1,histdistill_refined,HistDistill-Refined,budget_50,seed_1,0.1,0,6.724748801079765,24.782571898454655,4.595751662498981,0.3046335427287953,6.933641236716995,26.06481349711253,3.2203784022800495,0.22010883296738884,0.7479179835379637,0.0,0.0,0.6059359976425583,0.0,5.0,4.595751662498981,0.0,,,,
gametes_epistasis_2_way_20atts_0_1h_edm_1_1,histdistill_refined,HistDistill-Refined,budget_50,seed_1,0.1,1,7.927764364707984,44.63737110876412,5.044531996124865,0.48075228478938037,6.933641236716995,26.06481349711253,3.2203784022800495,0.22010883296738884,0.7479179835379637,0.0,0.0,0.531287964889256,0.0,12.0,4.595751662498981,0.0,5.365089377286211,0.0,,
gametes_epistasis_2_way_20atts_0_1h_edm_1_1,histdistill_refined,HistDistill-Refined,budget_50,seed_1,0.1,2,9.173955634796672,58.093733636700804,5.564413705131375,0.6163162482060425,6.933641236716995,26.06481349711253,3.2203784022800495,0.22010883296738884,0.7479179835379637,0.0,0.0,0.5245432832737362,0.0,21.0,4.595751662498981,0.0,5.365089377286211,0.0,6.257589317140051,0.0
gametes_epistasis_2_way_20atts_0_1h_edm_1_1,histdistill_refined,HistDistill-Refined,budget_50,seed_1,1.0,0,5.443540532598985,20.695793538030642,3.7426722574733233,0.2550160674102863,5.603030017638463,21.922085574485685,2.6222600133184124,0.18654000434360068,0.7455802170659205,0.0,0.0,0.6212466708516217,0.0,5.0,3.7426722574733233,0.0,,,,
gametes_epistasis_2_way_20atts_0_1h_edm_1_1,histdistill_refined,HistDistill-Refined,budget_50,seed_1,1.0,1,6.65612003179362,38.72295109463436,4.377207566079769,0.4371641671176587,5.603030017638463,21.922085574485685,2.6222600133184124,0.18654000434360068,0.7455802170659205,0.0,0.0,0.5270386753443995,0.0,12.0,3.7426722574733233,0.0,4.83044707222723,0.0,,
gametes_epistasis_2_way_20atts_0_1h_edm_1_1,histdistill_refined,HistDistill-Refined,budget_50,seed_1,1.0,2,7.960567507832117,50.89997297441489,5.06434902325529,0.5758891012342517,5.603030017638463,21.922085574485685,2.6222600133184124,0.18654000434360068,0.7455802170659205,0.0,0.0,0.5276276558102202,0.0,21.0,3.7426722574733233,0.0,4.83044707222723,0.0,5.980537632822649,0.0
gametes_epistasis_2_way_20atts_0_1h_edm_1_1,histdistill_refined,HistDistill-Refined,budget_50,seed_1,10.0,0,1.91899103135886,11.234474588808638,1.3797121967561592,0.1427048210547398,1.9501497976691669,12.254091380440189,0.9818722960427091,0.11217742306966884,0.7199204471522009,0.0,0.0,0.6169413449830042,0.0,5.0,1.3797121967561592,0.0,,,,
gametes_epistasis_2_way_20atts_0_1h_edm_1_1,histdistill_refined,HistDistill-Refined,budget_50,seed_1,10.0,1,3.1045998421443475,21.959822356340055,2.661058862335174,0.33859789646659055,1.9501497976691669,12.254091380440189,0.9818722960427091,0.11217742306966884,0.7199204471522009,0.0,0.0,0.4984610661403714,0.0,12.0,1.3797121967561592,0.0,3.5763064806058997,0.0,,
gametes_epistasis_2_way_20atts_0_1h_edm_1_1,histdistill_refined,HistDistill-Refined,budget_50,seed_1,10.0,2,4.106391119883202,29.092157835155724,3.4579252353703263,0.4457118924570487,1.9501497976691669,12.254091380440189,0.9818722960427091,0.11217742306966884,0.7199204471522009,0.0,0.0,0.46229193855907025,0.0,21.0,1.3797121967561592,0.0,3.5763064806058997,0.0,4.520413732750527,0.1111111111111111
gametes_epistasis_2_way_20atts_0_1h_edm_1_1,histdistill_refined,HistDistill-Refined,budget_50,seed_2,0.1,0,4.492931565691675,16.473015775947495,2.856621211128755,0.1881154907901342,4.580120042537497,17.33539255704387,2.127268943009456,0.14639172557997343,0.7479179835379637,0.0,0.0,0.5316786490356853,0.0,5.0,2.856621211128755,0.0,,,,
gametes_epistasis_2_way_20atts_0_1h_edm_1_1,histdistill_refined,HistDistill-Refined,budget_50,seed_2,0.1,1,8.21141068978605,47.06338893538861,4.74153191372024,0.48485815448795594,4.580120042537497,17.33539255704387,2.127268943009456,0.14639172557997343,0.7479179835379637,0.0,0.0,0.5296377333918608,0.0,11.0,2.856621211128755,0.0,6.312290832546478,0.0,,
gametes_epistasis_2_way_20atts_0_1h_edm_1_1,histdistill_refined,HistDistill-Refined,budget_50,seed_2,0.1,2,10.53946188409302,67.49271265692518,6.083147205661132,0.6976321431003925,4.580120042537497,17.33539255704387,2.127268943009456,0.14639172557997343,0.7479179835379637,0.0,0.0,0.5464345736347349,0.0,19.0,2.856621211128755,0.0,6.312290832546478,0.0,7.927868232079859,0.125
gametes_epistasis_2_way_20atts_0_1h_edm_1_1,histdistill_refined,HistDistill-Refined,budget_50,seed_2,1.0,0,3.3114461555891133,14.165192358108584,2.1176672522083715,0.1624813195961249,3.369965442541305,14.950735687359424,1.5771690671693912,0.12721920506076134,0.7455802170659205,0.0,0.0,0.5650167302655114,0.0,5.0,2.1176672522083715,0.0,,,,
gametes_epistasis_2_way_20atts_0_1h_edm_1_1,histdistill_refined,HistDistill-Refined,budget_50,seed_2,1.0,1,7.091293679539873,42.03767387286716,4.222847651784019,0.45460280071920706,3.369965442541305,14.950735687359424,1.5771690671693912,0.12721920506076134,0.7455802170659205,0.0,0.0,0.5462843451948097,0.0,11.0,2.1176672522083715,0.0,5.977164651430392,0.0,,
gametes_epistasis_2_way_20atts_0_1h_edm_1_1,histdistill_refined,HistDistill-Refined,budget_50,seed_2,1.0,2,9.383151738284099,59.97765386509808,5.712409218149102,0.6622961520340145,3.369965442541305,14.950735687359424,1.5771690671693912,0.12721920506076134,0.7455802170659205,0.0,0.0,0.5372114478241384,0.0,19.0,2.1176672522083715,0.0,5.977164651430392,0.0,7.7605563719010915,0.125
gametes_epistasis_2_way_20atts_0_1h_edm_1_1,histdistill_refined,HistDistill-Refined,budget_50,seed_2,10.0,0,0.97763096888693,8.862513210195807,0.6559779728690944,0.10679641404546811,1.0216002815729528,9.451772322498195,0.5143610071927822,0.08652420074747147,0.7199204471522009,0.0,0.0,0.6149297215529441,0.0,5.0,0.6559779728690944,0.0,,,,
gametes_epistasis_2_way_20atts_0_1h_edm_1_1,histdistill_refined,HistDistill-Refined,budget_50,seed_2,10.0,1,4.151504798245782,26.47567366178648,3.3620990208481873,0.38791822965690204,1.0216002815729528,9.451772322498195,0.5143610071927822,0.08652420074747147,0.7199204471522009,0.0,0.0,0.5591366127300172,0.0,11.0,0.6559779728690944,0.0,5.617199894164098,0.0,,
gametes_epistasis_2_way_20atts_0_1h_edm_1_1,histdistill_refined,HistDistill-Refined,budget_50,seed_2,10.0,2,5.760343648519393,36.02096577883796,4.865724583058761,0.5509473415402092,1.0216002815729528,9.451772322498195,0.5143610071927822,0.08652420074747147,0.7199204471522009,0.0,0.0,0.5219246074288159,0.0,19.0,0.6559779728690944,0.0,5.617199894164098,0.0,6.933209731098303,0.125
gametes_epistasis_2_way_20atts_0_1h_edm_1_1,histdistill_density,HistDistill-Density,budget_50,seed_0,0.1,0,3.1281636159736173,17.53852995553009,2.035788829398167,0.21272670524120177,3.519735738874169,18.65242742366042,1.6347660007529508,0.15751365467033285,0.7479179835379637,0.0,0.0,0.5194136218653425,0.0,5.0,2.035788829398167,0.0,,,,
gametes_epistasis_2_way_20atts_0_1h_edm_1_1,histdistill_density,HistDistill-Density,budget_50,seed_0,0.1,1,5.097727523277594,34.71907339985491,3.090503287620637,0.3816956103003705,3.519735738874169,18.65242742366042,1.6347660007529508,0.15751365467033285,0.7479179835379637,0.0,0.0,0.5286690818289138,0.0,12.0,2.035788829398167,0.0,3.8438707577795443,0.14285714285714285,,
gametes_epistasis_2_way_20atts_0_1h_edm_1_1,histdistill_density,HistDistill-Density,budget_50,seed_0,0.1,2,7.719197935206742,53.12227826348524,4.666762414674414,0.5772663017216981,3.519735738874169,18.65242742366042,1.6347660007529508,0.15751365467033285,0.7479179835379637,0.0,0.0,0.5398922506811107,0.0,22.0,2.035788829398167,0.0,3.8438707577795443,0.14285714285714285,6.5582733671389475,0.0
gametes_epistasis_2_way_20atts_0_1h_edm_1_1,histdistill_density,HistDistill-Density,budget_50,seed_0,1.0,0,3.0182449885996587,16.25383990580498,1.9756390651949693,0.19821600409835644,3.3969395930038915,17.295014933955233,1.5897931716144156,0.14716720952214138,0.7455802170659205,0.0,0.0,0.5397365589890117,0.0,5.0,1.9756390651949693,0.0,,,,
gametes_epistasis_2_way_20atts_0_1h_edm_1_1,histdistill_density,HistDistill-Density,budget_50,seed_0,1.0,1,4.721373048399339,31.067411906338492,3.018710594515703,0.3613499094896324,3.3969395930038915,17.295014933955233,1.5897931716144156,0.14716720952214138,0.7455802170659205,0.0,0.0,0.5431627742238748,0.0,12.0,1.9756390651949693,0.0,3.7637616868876544,0.14285714285714285,,
gametes_epistasis_2_way_20atts_0_1h_edm_1_1,histdistill_density,HistDistill-Density,budget_50,seed_0,1.0,2,7.118175565768587,47.32296433145978,4.908048393859667,0.5762352485756448,3.3969395930038915,17.295014933955233,1.5897931716144156,0.14716720952214138,0.7455802170659205,0.0,0.0,0.552886808515596,0.0,22.0,1.9756390651949693,0.0,3.7637616868876544,0.14285714285714285,7.175253753072424,0.0
gametes_epistasis_2_way_20atts_0_1h_edm_1_1,histdistill_density,HistDistill-Density,budget_50,seed_0,10.0,0,2.24989755424458,12.204496273934296,1.5558850427362132,0.1569282428296052,2.5380419548437336,12.999621955705837,1.2778675179894583,0.11900222110295593,0.7199204471522009,0.0,0.0,0.6367057696836629,0.0,5.0,1.5558850427362132,0.0,,,,
gametes_epistasis_2_way_20atts_0_1h_edm_1_1,histdistill_density,HistDistill-Density,budget_50,seed_0,10.0,1,3.199135954494794,19.324440621929043,2.5936592658372244,0.2898015862700874,2.5380419548437336,12.999621955705837,1.2778675179894583,0.11900222110295593,0.7199204471522009,0.0,0.0,0.554276559315067,0.0,12.0,1.5558850427362132,0.0,3.3349265680522326,0.2857142857142857,,
gametes_epistasis_2_way_20atts_0_1h_edm_1_1,histdistill_density,HistDistill-Density,budget_50,seed_0,10.0,2,4.654864435224913,28.870383999441266,4.006236425309287,0.4450902235718442,2.5380419548437336,12.999621955705837,1.2778675179894583,0.11900222110295593,0.7199204471522009,0.0,0.0,0.5181231154496576,0.0,22.0,1.5558850427362132,0.0,3.3349265680522326,0.2857142857142857,5.701329016675761,0.1
gametes_epistasis_2_way_20atts_0_1h_edm_1_1,histdistill_density,HistDistill-Density,budget_50,seed_1,0.1,0,6.752576313417049,23.500669294069507,4.615133184268026,0.28928241806341776,6.956058505296583,24.64357231241584,3.230790260221231,0.20810691557160801,0.7479179835379637,0.0,0.0,0.60636043814589,0.0,5.0,4.615133184268026,0.0,,,,
gametes_epistasis_2_way_20atts_0_1h_edm_1_1,histdistill_density,HistDistill-Density,budget_50,seed_1,0.1,1,7.998498937383268,44.092014936807914,5.085126065373179,0.4740433050770985,6.956058505296583,24.64357231241584,3.230790260221231,0.20810691557160801,0.7479179835379637,0.0,0.0,0.5327010583195669,0.0,12.0,4.615133184268026,0.0,5.420835266162574,0.0,,
gametes_epistasis_2_way_20atts_0_1h_edm_1_1,histdistill_density,HistDistill-Density,budget_50,seed_1,0.1,2,9.27420527472487,57.74905468629109,5.5990351272039165,0.6118330000721665,6.956058505296583,24.64357231241584,3.230790260221231,0.20810691557160801,0.7479179835379637,0.0,0.0,0.5250949284673812,0.0,21.0,4.615133184268026,0.0,5.420835266162574,0.0,6.284247209644899,0.0
gametes_epistasis_2_way_20atts_0_1h_edm_1_1,histdistill_density,HistDistill-Density,budget_50,seed_1,1.0,0,5.468950061151239,19.45288378787388,3.7602563007219354,0.24005891882855507,5.62487012604845,20.54307276684285,2.6324813476303404,0.1748056712093952,0.7455802170659205,0.0,0.0,0.6207191984716338,0.0,5.0,3.7602563007219354,0.0,,,,
gametes_epistasis_2_way_20atts_0_1h_edm_1_1,histdistill_density,HistDistill-Density,budget_50,seed_1,1.0,1,6.682452302553206,38.17807000925823,4.398254270202174,0.4303584717683846,5.62487012604845,20.54307276684285,2.6324813476303404,0.1748056712093952,0.7455802170659205,0.0,0.0,0.5321957567938739,0.0,12.0,3.7602563007219354,0.0,4.853967105545203,0.0,,
gametes_epistasis_2_way_20atts_0_1h_edm_1_1,histdistill_density,HistDistill-Density,budget_50,seed_1,1.0,2,7.933048031003688,50.567091009178284,5.014009568862808,0.5710137453714454,5.62487012604845,20.54307276684285,2.6324813476303404,0.1748056712093952,0.7455802170659205,0.0,0.0,0.5255366574733643,0.0,21.0,3.7602563007219354,0.0,4.853967105545203,0.0,5.835016633743653,0.0
gametes_epistasis_2_way_20atts_0_1h_edm_1_1,histdistill_density,HistDistill-Density,budget_50,seed_1,10.0,0,1.9291990856004957,10.27630788875678,1.3865254924054113,0.1307052861075392,1.9615594512860306,11.183601976379975,0.9876168920769376,0.1023778598835694,0.7199204471522009,0.0,0.0,0.614601422014407,0.0,5.0,1.3865254924054113,0.0,,,,
gametes_epistasis_2_way_20atts_0_1h_edm_1_1,histdistill_density,HistDistill-Density,budget_50,seed_1,10.0,1,2.9924747129537956,21.503616549737107,2.551759420390531,0.3315512147216348,1.9615594512860306,11.183601976379975,0.9876168920769376,0.1023778598835694,0.7199204471522009,0.0,0.0,0.509110642135138,0.0,12.0,1.3865254924054113,0.0,3.3840693689513297,0.0,,
gametes_epistasis_2_way_20atts_0_1h_edm_1_1,histdistill_density,HistDistill-Density,budget_50,seed_1,10.0,2,3.879082438076142,28.85233198406137,3.211161353277317,0.44062914605520587,1.9615594512860306,11.183601976379975,0.9876168920769376,0.1023778598835694,0.7199204471522009,0.0,0.0,0.4667415620536391,0.0,21.0,1.3865254924054113,0.0,3.3840693689513297,0.0,4.090363930459699,0.1111111111111111
gametes_epistasis_2_way_20atts_0_1h_edm_1_1,histdistill_density,HistDistill-Density,budget_50,seed_2,0.1,0,4.500683795619918,16.31722499126191,2.8612771950860383,0.1862790330131715,4.589524254043508,17.17637151471786,2.1316367951365685,0.14504884483971747,0.7479179835379637,0.0,0.0,0.5342448463676451,0.0,5.0,2.8612771950860383,0.0,,,,
gametes_epistasis_2_way_20atts_0_1h_edm_1_1,histdistill_density,HistDistill-Density,budget_50,seed_2,0.1,1,8.261868967032328,46.91682120376311,4.777128147956186,0.4829140127225529,4.589524254043508,17.17637151471786,2.1316367951365685,0.14504884483971747,0.7479179835379637,0.0,0.0,0.5345066749936692,0.0,11.0,2.8612771950860383,0.0,6.3736706086813095,0.0,,
gametes_epistasis_2_way_20atts_0_1h_edm_1_1,histdistill_density,HistDistill-Density,budget_50,seed_2,0.1,2,10.590838674405683,67.72312413743145,6.118465518957326,0.6991667019144412,4.589524254043508,17.17637151471786,2.1316367951365685,0.14504884483971747,0.7479179835379637,0.0,0.0,0.5440839920271662,0.0,19.0,2.8612771950860383,0.0,6.3736706086813095,0.0,7.962804404083892,0.125
gametes_epistasis_2_way_20atts_0_1h_edm_1_1,histdistill_density,HistDistill-Density,budget_50,seed_2,1.0,0,3.318427264737706,13.992203579583574,2.121858425272601,0.16043491712801217,3.3785762338871006,14.774939991172523,1.5811989820115437,0.1257233195612331,0.7455802170659205,0.0,0.0,0.5643769449526814,0.0,5.0,2.121858425272601,0.0,,,,
gametes_epistasis_2_way_20atts_0_1h_edm_1_1,histdistill_density,HistDistill-Density,budget_50,seed_2,1.0,1,7.0843381995010475,41.86245331407975,4.222423857016175,0.4523633250384103,3.3785762338871006,14.774939991172523,1.5811989820115437,0.1257233195612331,0.7455802170659205,0.0,0.0,0.5430983444751724,0.0,11.0,2.121858425272601,0.0,5.972895050135821,0.0,,
gametes_epistasis_2_way_20atts_0_1h_edm_1_1,histdistill_density,HistDistill-Density,budget_50,seed_2,1.0,2,9.400527794529497,60.164908317657385,5.724287313390933,0.6636106032845118,3.3785762338871006,14.774939991172523,1.5811989820115437,0.1257233195612331,0.7455802170659205,0.0,0.0,0.530980003946824,0.0,19.0,2.121858425272601,0.0,5.972895050135821,0.0,7.789349565906225,0.125
gametes_epistasis_2_way_20atts_0_1h_edm_1_1,histdistill_density,HistDistill-Density,budget_50,seed_2,10.0,0,0.9781994464249806,8.618360764259034,0.6563380637402442,0.10378069043762558,1.0216003816504993,9.205530487764157,0.5143610575803835,0.08427003325231938,0.7199204471522009,0.0,0.0,0.6115777073911043,0.0,5.0,0.6563380637402442,0.0,,,,
gametes_epistasis_2_way_20atts_0_1h_edm_1_1,histdistill_density,HistDistill-Density,budget_50,seed_2,10.0,1,4.0623591059084045,26.1546550391139,3.2991546626030908,0.38334733463038434,1.0216003816504993,9.205530487764157,0.5143610575803835,0.08427003325231938,0.7199204471522009,0.0,0.0,0.545584869147805,0.0,11.0,0.6563380637402442,0.0,5.501501828322129,0.0,,
gametes_epistasis_2_way_20atts_0_1h_edm_1_1,histdistill_density,HistDistill-Density,budget_50,seed_2,10.0,2,5.6573147009653715,35.93968330233896,4.792024617175455,0.5500270343964315,1.0216003816504993,9.205530487764157,0.5143610575803835,0.08427003325231938,0.7199204471522009,0.0,0.0,0.5116898524719184,0.0,19.0,0.6563380637402442,0.0,5.501501828322129,0.0,6.84472080471246,0.125
gametes_epistasis_2_way_20atts_0_1h_edm_1_1,gain_path_refined,Legacy gain-path refined,budget_50,seed_0,0.1,0,3.9002317527074397,15.416954892358842,2.549085687508962,0.18627360840909962,4.3488502144865375,16.550555494933324,2.0198540459982897,0.1397640330461349,0.7479179835379637,0.0,0.0,0.5921718477602098,0.0,5.0,2.549085687508962,0.0,,,,
gametes_epistasis_2_way_20atts_0_1h_edm_1_1,gain_path_refined,Legacy gain-path refined,budget_50,seed_0,0.1,1,5.610937200816751,33.80523745714698,3.4675771339155106,0.365948606133998,4.3488502144865375,16.550555494933324,2.0198540459982897,0.1397640330461349,0.7479179835379637,0.0,0.0,0.5646833770922649,0.0,12.0,2.549085687508962,0.0,4.1236424527773305,0.14285714285714285,,
gametes_epistasis_2_way_20atts_0_1h_edm_1_1,gain_path_refined,Legacy gain-path refined,budget_50,seed_0,0.1,2,7.911117323866829,52.302289103519094,4.778500394469679,0.5626254480010764,4.3488502144865375,16.550555494933324,2.0198540459982897,0.1397640330461349,0.7479179835379637,0.0,0.0,0.5596100367311849,0.0,22.0,2.549085687508962,0.0,4.1236424527773305,0.14285714285714285,6.351608307134683,0.0
gametes_epistasis_2_way_20atts_0_1h_edm_1_1,gain_path_refined,Legacy gain-path refined,budget_50,seed_0,1.0,0,3.7838141929621427,14.117090768507964,2.4873103117997,0.17143278213949617,4.219790456118612,15.176775710273214,1.9748935384655115,0.12914263094617257,0.7455802170659205,0.0,0.0,0.6042926958384813,0.0,5.0,2.4873103117997,0.0,,,,
gametes_epistasis_2_way_20atts_0_1h_edm_1_1,gain_path_refined,Legacy gain-path refined,budget_50,seed_0,1.0,1,5.359146867670862,30.243116805005315,3.4656830552941638,0.34767470959479335,4.219790456118612,15.176775710273214,1.9748935384655115,0.12914263094617257,0.7455802170659205,0.0,0.0,0.5703150549047432,0.0,12.0,2.4873103117997,0.0,4.16452072921878,0.14285714285714285,,
gametes_epistasis_2_way_20atts_0_1h_edm_1_1,gain_path_refined,Legacy gain-path refined,budget_50,seed_0,1.0,2,7.4457587159997125,46.58481909474174,5.042223099601043,0.564928839947407,4.219790456118612,15.176775710273214,1.9748935384655115,0.12914263094617257,0.7455802170659205,0.0,0.0,0.5678849490441205,0.0,22.0,2.4873103117997,0.0,4.16452072921878,0.14285714285714285,6.934071152769297,0.0
gametes_epistasis_2_way_20atts_0_1h_edm_1_1,gain_path_refined,Legacy gain-path refined,budget_50,seed_0,10.0,0,2.932525144136205,10.148491349682178,2.0363420114551145,0.12985392576585594,3.2755515457381086,10.945509281100698,1.6491929598762696,0.1001982919189651,0.7199204471522009,0.0,0.0,0.6823608212662042,0.0,5.0,2.0363420114551145,0.0,,,,
gametes_epistasis_2_way_20atts_0_1h_edm_1_1,gain_path_refined,Legacy gain-path refined,budget_50,seed_0,10.0,1,3.794194859495994,18.501055240148784,3.0958158071295663,0.28323163790788564,3.2755515457381086,10.945509281100698,1.6491929598762696,0.1001982919189651,0.7199204471522009,0.0,0.0,0.5799530928315906,0.0,12.0,2.0363420114551145,0.0,3.8525828040398884,0.14285714285714285,,
gametes_epistasis_2_way_20atts_0_1h_edm_1_1,gain_path_refined,Legacy gain-path refined,budget_50,seed_0,10.0,2,5.0692324159446,27.971079102274256,4.299743297081157,0.43809880828733566,3.2755515457381086,10.945509281100698,1.6491929598762696,0.1001982919189651,0.7199204471522009,0.0,0.0,0.5391934840481191,0.0,22.0,2.0363420114551145,0.0,3.8525828040398884,0.14285714285714285,5.744456285023065,0.0
gametes_epistasis_2_way_20atts_0_1h_edm_1_1,gain_path_refined,Legacy gain-path refined,budget_50,seed_1,0.1,0,8.84146080116459,25.39348818182038,6.038150657396395,0.31514961407388437,9.1303204381011,26.0867878193313,4.240641495705502,0.22029439893813166,0.7479179835379637,0.0,0.0,0.6945073373794846,0.0,5.0,6.038150657396395,0.0,,,,
gametes_epistasis_2_way_20atts_0_1h_edm_1_1,gain_path_refined,Legacy gain-path refined,budget_50,seed_1,0.1,1,10.081176305324853,46.93762517768855,6.450299175456095,0.5048896783004727,9.1303204381011,26.0867878193313,4.240641495705502,0.22029439893813166,0.7479179835379637,0.0,0.0,0.5709816678013794,0.0,12.0,6.038150657396395,0.0,6.744690974070165,0.0,,
gametes_epistasis_2_way_20atts_0_1h_edm_1_1,gain_path_refined,Legacy gain-path refined,budget_50,seed_1,0.1,2,10.714794017718704,60.54656920200075,6.5659888522574015,0.6426596933760015,9.1303204381011,26.0867878193313,4.240641495705502,0.22029439893813166,0.7479179835379637,0.0,0.0,0.540944747007299,0.0,21.0,6.038150657396395,0.0,6.744690974070165,0.0,6.7202417546591455,0.0
gametes_epistasis_2_way_20atts_0_1h_edm_1_1,gain_path_refined,Legacy gain-path refined,budget_50,seed_1,1.0,0,7.486283514598169,21.148868116457123,5.14224363672947,0.2635508637698507,7.723350226036161,21.791227955532595,3.6145857514296034,0.18542650714804584,0.7455802170659205,0.0,0.0,0.6694091410240525,0.0,5.0,5.14224363672947,0.0,,,,
gametes_epistasis_2_way_20atts_0_1h_edm_1_1,gain_path_refined,Legacy gain-path refined,budget_50,seed_1,1.0,1,8.80609431628316,40.75050991767679,5.814078469658793,0.45962702580003106,7.723350226036161,21.791227955532595,3.6145857514296034,0.18542650714804584,0.7455802170659205,0.0,0.0,0.5484350905311917,0.0,12.0,5.14224363672947,0.0,6.29396049317974,0.0,,
gametes_epistasis_2_way_20atts_0_1h_edm_1_1,gain_path_refined,Legacy gain-path refined,budget_50,seed_1,1.0,2,9.491219058324612,53.19282785221357,6.0795407451185515,0.6018100671102786,7.723350226036161,21.791227955532595,3.6145857514296034,0.18542650714804584,0.7455802170659205,0.0,0.0,0.5287462507944628,0.0,21.0,5.14224363672947,0.0,6.29396049317974,0.0,6.433490445731561,0.0
gametes_epistasis_2_way_20atts_0_1h_edm_1_1,gain_path_refined,Legacy gain-path refined,budget_50,seed_1,10.0,0,3.031959294370455,10.478933804135469,2.1748728068236103,0.1352768153903307,3.102027703829783,10.946909799924786,1.5618262082163112,0.10021111266493223,0.7199204471522009,0.0,0.0,0.6177687077589455,0.0,5.0,2.1748728068236103,0.0,,,,
gametes_epistasis_2_way_20atts_0_1h_edm_1_1,gain_path_refined,Legacy gain-path refined,budget_50,seed_1,10.0,1,4.261431239401392,22.45770017978678,3.5985080758432364,0.3470477789320639,3.102027703829783,10.946909799924786,1.5618262082163112,0.10021111266493223,0.7199204471522009,0.0,0.0,0.4930564455707232,0.0,12.0,2.1748728068236103,0.0,4.615390410857256,0.0,,
gametes_epistasis_2_way_20atts_0_1h_edm_1_1,gain_path_refined,Legacy gain-path refined,budget_50,seed_1,10.0,2,4.892327205500341,30.15046204987471,4.079750789892761,0.4617013830653241,3.102027703829783,10.946909799924786,1.5618262082163112,0.10021111266493223,0.7199204471522009,0.0,0.0,0.45523299558933433,0.0,21.0,2.1748728068236103,0.0,4.615390410857256,0.0,4.721407741958791,0.0
gametes_epistasis_2_way_20atts_0_1h_edm_1_1,gain_path_refined,Legacy gain-path refined,budget_50,seed_2,0.1,0,4.535306827229118,17.425167483830627,2.8834820925786966,0.19893915301094978,4.623468023505451,18.38673836645439,2.147402217421234,0.1552699973995719,0.7479179835379637,0.0,0.0,0.5408053379256758,0.0,5.0,2.8834820925786966,0.0,,,,
gametes_epistasis_2_way_20atts_0_1h_edm_1_1,gain_path_refined,Legacy gain-path refined,budget_50,seed_2,0.1,1,8.752965099031208,49.444456731961324,4.996686418893787,0.509571932682893,4.623468023505451,18.38673836645439,2.147402217421234,0.1552699973995719,0.7479179835379637,0.0,0.0,0.532102142381183,0.0,11.0,2.8834820925786966,0.0,6.757690024156361,0.0,,
gametes_epistasis_2_way_20atts_0_1h_edm_1_1,gain_path_refined,Legacy gain-path refined,budget_50,seed_2,0.1,2,11.478567656950888,71.40205152552025,6.531330990396429,0.7361793341835031,4.623468023505451,18.38673836645439,2.147402217421234,0.1552699973995719,0.7479179835379637,0.0,0.0,0.5465403440232963,0.0,19.0,2.8834820925786966,0.0,6.757690024156361,0.0,8.641467276212566,0.125
gametes_epistasis_2_way_20atts_0_1h_edm_1_1,gain_path_refined,Legacy gain-path refined,budget_50,seed_2,1.0,0,3.3502627250215413,14.996317925030842,2.1424000588440455,0.17196165900989652,3.409674267259091,15.87823910811649,1.5957530945448517,0.13511154229066866,0.7455802170659205,0.0,0.0,0.5426544186156173,0.0,5.0,2.1424000588440455,0.0,,,,
gametes_epistasis_2_way_20atts_0_1h_edm_1_1,gain_path_refined,Legacy gain-path refined,budget_50,seed_2,1.0,1,7.622798596719637,44.08957998330172,4.508098351389628,0.47712760646618213,3.409674267259091,15.87823910811649,1.5957530945448517,0.13511154229066866,0.7455802170659205,0.0,0.0,0.5276512163193379,0.0,11.0,2.1424000588440455,0.0,6.479513595177612,0.0,,
gametes_epistasis_2_way_20atts_0_1h_edm_1_1,gain_path_refined,Legacy gain-path refined,budget_50,seed_2,1.0,2,10.316095907325755,63.34610827655718,6.204778026611751,0.697613515957643,3.409674267259091,15.87823910811649,1.5957530945448517,0.13511154229066866,0.7455802170659205,0.0,0.0,0.5328536987766711,0.0,19.0,2.1424000588440455,0.0,6.479513595177612,0.0,8.537712580042168,0.125
gametes_epistasis_2_way_20atts_0_1h_edm_1_1,gain_path_refined,Legacy gain-path refined,budget_50,seed_2,10.0,0,0.9644167312835681,9.159933560691435,0.6518703275322313,0.110274101544287,0.9659603899125492,9.831742892199355,0.4863471242380145,0.09000255895683051,0.7199204471522009,0.0,0.0,0.5724990384909183,0.0,5.0,0.6518703275322313,0.2,,,,
gametes_epistasis_2_way_20atts_0_1h_edm_1_1,gain_path_refined,Legacy gain-path refined,budget_50,seed_2,10.0,1,4.42174695357989,27.38983976486793,3.665172239248204,0.4007004142745766,0.9659603899125492,9.831742892199355,0.4863471242380145,0.09000255895683051,0.7199204471522009,0.0,0.0,0.5403645590173454,0.0,11.0,0.6518703275322313,0.2,6.17625716567818,0.16666666666666666,,
gametes_epistasis_2_way_20atts_0_1h_edm_1_1,gain_path_refined,Legacy gain-path refined,budget_50,seed_2,10.0,2,6.3060658275561865,37.47372814430221,5.373227162181593,0.5727696219267567,0.9659603899125492,9.831742892199355,0.4863471242380145,0.09000255895683051,0.7199204471522009,0.0,0.0,0.5347238648084094,0.0,19.0,0.6518703275322313,0.2,6.17625716567818,0.16666666666666666,7.721802681215005,0.125
gametes_epistasis_2_way_20atts_0_1h_edm_1_1,random,Random,budget_50,seed_0,0.1,0,18.90400931595844,121.75846315093932,12.872523015335554,1.4983667550616715,19.007603840436175,124.41995723385489,8.82821518983279,1.0506858830058403,0.7479179835379637,0.0,0.0,0.5681930148010895,0.0,5.0,12.872523015335554,0.0,,,,
gametes_epistasis_2_way_20atts_0_1h_edm_1_1,random,Random,budget_50,seed_0,0.1,1,19.84386260237756,128.24356645328186,12.624718022116012,1.4971461944597895,19.007603840436175,124.41995723385489,8.82821518983279,1.0506858830058403,0.7479179835379637,0.0,0.0,0.5604018046657684,0.0,12.0,12.872523015335554,0.0,12.44771445553062,0.0,,
gametes_epistasis_2_way_20atts_0_1h_edm_1_1,random,Random,budget_50,seed_0,0.1,2,20.828095987305314,130.12728895404666,12.945159084726992,1.4870298372850952,19.007603840436175,124.41995723385489,8.82821518983279,1.0506858830058403,0.7479179835379637,0.0,0.0,0.5524923672296045,0.0,22.0,12.872523015335554,0.0,12.44771445553062,0.0,13.329688359860162,0.0
gametes_epistasis_2_way_20atts_0_1h_edm_1_1,random,Random,budget_50,seed_0,1.0,0,18.761613386817736,116.37884818458694,12.845181073253007,1.4394080359304469,18.86439907326573,119.0419676307251,8.828680055145394,1.0129551352883637,0.7455802170659205,0.0,0.0,0.5738315435439401,0.0,5.0,12.845181073253007,0.0,,,,
gametes_epistasis_2_way_20atts_0_1h_edm_1_1,random,Random,budget_50,seed_0,1.0,1,19.23502627933598,119.3637038619169,12.702509070533479,1.4415685460658831,18.86439907326573,119.0419676307251,8.828680055145394,1.0129551352883637,0.7455802170659205,0.0,0.0,0.5669989144909717,0.0,12.0,12.845181073253007,0.0,12.600600497162386,0.0,,
gametes_epistasis_2_way_20atts_0_1h_edm_1_1,random,Random,budget_50,seed_0,1.0,2,19.98453209453494,119.81588754741574,13.49117414793219,1.4852987573350447,18.86439907326573,119.0419676307251,8.828680055145394,1.0129551352883637,0.7455802170659205,0.0,0.0,0.540997325909748,0.0,22.0,12.845181073253007,0.0,12.600600497162386,0.0,14.437572240810644,0.0
gametes_epistasis_2_way_20atts_0_1h_edm_1_1,random,Random,budget_50,seed_0,10.0,0,17.447965909035823,97.06452014178976,12.577542212721657,1.2635562941529592,17.543315844188903,99.54151976889605,8.832806499646331,0.9112312638647995,0.7199204471522009,0.0,0.0,0.6219203667181319,0.0,5.0,12.577542212721657,0.0,,,,
gametes_epistasis_2_way_20atts_0_1h_edm_1_1,random,Random,budget_50,seed_0,10.0,1,15.644469980886235,87.297204966465,12.345793019127095,1.2390698785480165,17.543315844188903,99.54151976889605,8.832806499646331,0.9112312638647995,0.7199204471522009,0.0,0.0,0.5751597386552898,0.0,12.0,12.577542212721657,0.0,12.180257880845264,0.0,,
gametes_epistasis_2_way_20atts_0_1h_edm_1_1,random,Random,budget_50,seed_0,10.0,2,15.262476503217624,82.441580539809,12.585532178963428,1.2235216709242407,17.543315844188903,99.54151976889605,8.832806499646331,0.9112312638647995,0.7199204471522009,0.0,0.0,0.46444031273155484,0.0,22.0,12.577542212721657,0.0,12.180257880845264,0.0,12.873219170767026,0.0
gametes_epistasis_2_way_20atts_0_1h_edm_1_1,random,Random,budget_50,seed_1,0.1,0,12.6515394370418,124.24736953817553,8.827521208887017,1.5606443401088497,12.295286028014033,123.85210690482066,5.710632007435689,1.0458905725296033,0.7479179835379637,0.0,0.0,0.5214769316830788,0.0,5.0,8.827521208887017,0.0,,,,
gametes_epistasis_2_way_20atts_0_1h_edm_1_1,random,Random,budget_50,seed_1,0.1,1,13.460938304172847,118.89702207663862,8.944555159912616,1.4564159884360046,12.295286028014033,123.85210690482066,5.710632007435689,1.0458905725296033,0.7479179835379637,0.0,0.0,0.5401651624492572,0.0,12.0,8.827521208887017,0.0,9.028150839216616,0.14285714285714285,,
gametes_epistasis_2_way_20atts_0_1h_edm_1_1,random,Random,budget_50,seed_1,0.1,2,16.09091852523014,121.56566765896766,10.394534164496855,1.4124583984898917,12.295286028014033,123.85210690482066,5.710632007435689,1.0458905725296033,0.7479179835379637,0.0,0.0,0.5854971509907928,0.0,21.0,8.827521208887017,0.0,9.028150839216616,0.14285714285714285,12.327839503942506,0.0
gametes_epistasis_2_way_20atts_0_1h_edm_1_1,random,Random,budget_50,seed_1,1.0,0,12.553519383464138,116.66849585143117,8.805724630858895,1.4744962853907049,12.199045067490168,116.05870998689564,5.7092444588814235,0.9875699185421195,0.7455802170659205,0.0,0.0,0.4937829136358376,0.0,5.0,8.805724630858895,0.0,,,,
gametes_epistasis_2_way_20atts_0_1h_edm_1_1,random,Random,budget_50,seed_1,1.0,1,13.169001477733355,110.67584892217259,9.038318022973664,1.3927160711966147,12.199045067490168,116.05870998689564,5.7092444588814235,0.9875699185421195,0.7455802170659205,0.0,0.0,0.46906204832919807,0.0,12.0,8.805724630858895,0.0,9.204456160198498,0.14285714285714285,,
gametes_epistasis_2_way_20atts_0_1h_edm_1_1,random,Random,budget_50,seed_1,1.0,2,15.682362513022083,112.51839841042619,10.542488521036002,1.3537783423657193,12.199045067490168,116.05870998689564,5.7092444588814235,0.9875699185421195,0.7455802170659205,0.0,0.0,0.5266840419678652,0.0,21.0,8.805724630858895,0.0,9.204456160198498,0.14285714285714285,12.548049185119124,0.0
gametes_epistasis_2_way_20atts_0_1h_edm_1_1,random,Random,budget_50,seed_1,10.0,0,11.65217751152593,90.75391400157977,8.4998899764763,1.196055265529495,11.31504691325975,89.73461533277485,5.696962923480026,0.8214560831695938,0.7199204471522009,0.0,0.0,0.5395984402167878,0.0,5.0,8.4998899764763,0.0,,,,
gametes_epistasis_2_way_20atts_0_1h_edm_1_1,random,Random,budget_50,seed_1,10.0,1,11.377361463657591,83.3027838096511,9.060842155404993,1.1837153638262612,11.31504691325975,89.73461533277485,5.696962923480026,0.8214560831695938,0.7199204471522009,0.0,0.0,0.4252825629970789,0.0,12.0,8.4998899764763,0.0,9.461522283211199,0.14285714285714285,,
gametes_epistasis_2_way_20atts_0_1h_edm_1_1,random,Random,budget_50,seed_1,10.0,2,13.067289377996465,82.5299495531212,10.534534862204296,1.1710681822636406,11.31504691325975,89.73461533277485,5.696962923480026,0.8214560831695938,0.7199204471522009,0.0,0.0,0.3863468197460045,0.0,21.0,8.4998899764763,0.0,9.461522283211199,0.14285714285714285,12.499458471270035,0.0
gametes_epistasis_2_way_20atts_0_1h_edm_1_1,random,Random,budget_50,seed_2,0.1,0,21.37429797045542,170.01216650732482,13.2908527055768,1.9385350837426967,23.05127111227263,177.6077157768885,10.706324873280249,1.4998391241121047,0.7479179835379637,0.0,0.0,0.6749045608482505,0.0,5.0,13.2908527055768,0.0,,,,
gametes_epistasis_2_way_20atts_0_1h_edm_1_1,random,Random,budget_50,seed_2,0.1,1,19.933072236364595,158.79542652675943,12.335817187242606,1.8283601982079745,23.05127111227263,177.6077157768885,10.706324873280249,1.4998391241121047,0.7479179835379637,0.0,0.0,0.6460918972237025,0.0,11.0,13.2908527055768,0.0,11.539954255297445,0.0,,
gametes_epistasis_2_way_20atts_0_1h_edm_1_1,random,Random,budget_50,seed_2,0.1,2,19.13741976318868,149.46468345875547,11.88855050574578,1.7219173587307643,23.05127111227263,177.6077157768885,10.706324873280249,1.4998391241121047,0.7479179835379637,0.0,0.0,0.6273867351946011,0.0,19.0,13.2908527055768,0.0,11.539954255297445,0.0,11.27355881868764,0.0
gametes_epistasis_2_way_20atts_0_1h_edm_1_1,random,Random,budget_50,seed_2,1.0,0,21.20448055450239,162.591997124805,13.258286262198084,1.8638576764677661,22.868315622918804,169.89779607459053,10.702542988552322,1.445698928144333,0.7455802170659205,0.0,0.0,0.7017800956514053,0.0,5.0,13.258286262198084,0.0,,,,
gametes_epistasis_2_way_20atts_0_1h_edm_1_1,random,Random,budget_50,seed_2,1.0,1,19.56674584219899,149.6646676329695,12.33474502907157,1.754462424824328,22.868315622918804,169.89779607459053,10.702542988552322,1.445698928144333,0.7455802170659205,0.0,0.0,0.6607049763428335,0.0,11.0,13.258286262198084,0.0,11.565127334799476,0.16666666666666666,,
gametes_epistasis_2_way_20atts_0_1h_edm_1_1,random,Random,budget_50,seed_2,1.0,2,18.58647951934365,138.7809745392525,11.895627300228602,1.646968348126136,22.868315622918804,169.89779607459053,10.702542988552322,1.445698928144333,0.7455802170659205,0.0,0.0,0.6295135194199213,0.0,19.0,13.258286262198084,0.0,11.565127334799476,0.16666666666666666,11.291840423069521,0.0
gametes_epistasis_2_way_20atts_0_1h_edm_1_1,random,Random,budget_50,seed_2,10.0,0,19.647260124097212,133.43522567063772,12.9608208971746,1.6127848468959236,21.190486690654115,139.43790658018833,10.669104417559577,1.2764540880902806,0.7199204471522009,0.0,0.0,0.7472594792964871,0.0,5.0,12.9608208971746,0.0,,,,
gametes_epistasis_2_way_20atts_0_1h_edm_1_1,random,Random,budget_50,seed_2,10.0,1,17.284259674337132,117.84047741562645,12.21588014516036,1.535138371168889,21.190486690654115,139.43790658018833,10.669104417559577,1.2764540880902806,0.7199204471522009,0.0,0.0,0.6218985968447802,0.0,11.0,12.9608208971746,0.0,11.595096185148494,0.16666666666666666,,
gametes_epistasis_2_way_20atts_0_1h_edm_1_1,random,Random,budget_50,seed_2,10.0,2,15.671525873777036,104.68351005420011,11.601617939395325,1.4229902464282163,21.190486690654115,139.43790658018833,10.669104417559577,1.2764540880902806,0.7199204471522009,0.0,0.0,0.5328253115286357,0.0,19.0,12.9608208971746,0.0,11.595096185148494,0.16666666666666666,10.757007406468404,0.0
gametes_epistasis_2_way_20atts_0_4h_edm_1_1,histdistill_refined,HistDistill-Refined,budget_50,seed_0,0.1,0,2.9068693040255296,14.036238326286622,2.647772064299091,0.23603590397030433,2.928605275172564,14.594616037547747,2.444023446857017,0.22555031694788163,0.2967784377554147,0.0,0.0,0.6673941195500575,0.0,5.0,2.647772064299091,0.2,,,,
gametes_epistasis_2_way_20atts_0_4h_edm_1_1,histdistill_refined,HistDistill-Refined,budget_50,seed_0,0.1,1,5.378942381795916,27.757183088795934,4.269141723513853,0.4094686798305058,2.928605275172564,14.594616037547747,2.444023446857017,0.22555031694788163,0.2967784377554147,0.0,0.0,0.6389244818717225,0.0,10.0,2.647772064299091,0.2,5.890511382728615,0.4,,
gametes_epistasis_2_way_20atts_0_4h_edm_1_1,histdistill_refined,HistDistill-Refined,budget_50,seed_0,0.1,2,6.981603155824963,40.38472274398732,5.613470327602149,0.6251898403170357,2.928605275172564,14.594616037547747,2.444023446857017,0.22555031694788163,0.2967784377554147,0.0,0.0,0.6133717547714153,0.0,16.0,2.647772064299091,0.2,5.890511382728615,0.4,7.854018001082641,0.0
gametes_epistasis_2_way_20atts_0_4h_edm_1_1,histdistill_refined,HistDistill-Refined,budget_50,seed_0,1.0,0,1.905062811139803,11.224618585896156,1.757294448570106,0.19111513514680367,1.9153231302919198,11.727840569081055,1.6340550616879084,0.18528869679410825,0.39087985877268605,0.0,0.0,0.6910221822600656,0.0,5.0,1.757294448570106,0.2,,,,
gametes_epistasis_2_way_20atts_0_4h_edm_1_1,histdistill_refined,HistDistill-Refined,budget_50,seed_0,1.0,1,4.277981940889693,23.521652623420174,4.020705261674096,0.41034854471301346,1.9153231302919198,11.727840569081055,1.6340550616879084,0.18528869679410825,0.39087985877268605,0.0,0.0,0.6398093980147468,0.0,10.0,1.757294448570106,0.2,6.284116074778085,0.4,,
gametes_epistasis_2_way_20atts_0_4h_edm_1_1,histdistill_refined,HistDistill-Refined,budget_50,seed_0,1.0,2,5.979649611250906,35.12969405854836,5.291281304829944,0.5931391076914354,1.9153231302919198,11.727840569081055,1.6340550616879084,0.18528869679410825,0.39087985877268605,0.0,0.0,0.6026564085203845,0.0,16.0,1.757294448570106,0.2,6.284116074778085,0.4,7.408908043423025,0.0
gametes_epistasis_2_way_20atts_0_4h_edm_1_1,histdistill_refined,HistDistill-Refined,budget_50,seed_0,10.0,0,0.7931801728999787,6.14839108883927,0.7931801728999787,0.11385909423776426,0.9653276848696025,6.545428551203809,0.9653276848696025,0.12121163983710757,0.2439805566187,0.0,0.0,0.7262026420712704,0.0,5.0,0.7931801728999787,0.0,,,,
gametes_epistasis_2_way_20atts_0_4h_edm_1_1,histdistill_refined,HistDistill-Refined,budget_50,seed_0,10.0,1,2.3836456290232597,13.343301666711316,2.3836456290232597,0.24709817901317246,0.9653276848696025,6.545428551203809,0.9653276848696025,0.12121163983710757,0.2439805566187,0.0,0.0,0.6265200667500453,0.0,10.0,0.7931801728999787,0.0,3.9741110851465407,0.0,,
gametes_epistasis_2_way_20atts_0_4h_edm_1_1,histdistill_refined,HistDistill-Refined,budget_50,seed_0,10.0,2,3.638986830194094,20.814206658812,3.638986830194094,0.38544827145948146,0.9653276848696025,6.545428551203809,0.9653276848696025,0.12121163983710757,0.2439805566187,0.0,0.0,0.5503785146981752,0.0,16.0,0.7931801728999787,0.0,3.9741110851465407,0.0,5.73122216547882,0.0
gametes_epistasis_2_way_20atts_0_4h_edm_1_1,histdistill_refined,HistDistill-Refined,budget_50,seed_1,0.1,0,2.9269584979866528,16.928654288164505,2.7282256369747704,0.28972991441789786,2.7947828089420894,18.093849920416073,2.332343922150759,0.2796287051237128,0.2967784377554147,0.0,0.0,0.6147259090850273,0.0,5.0,2.7282256369747704,0.0,,,,
gametes_epistasis_2_way_20atts_0_4h_edm_1_1,histdistill_refined,HistDistill-Refined,budget_50,seed_1,0.1,1,3.195377179443232,19.247101407595007,3.025944987962399,0.3361839987985811,2.7947828089420894,18.093849920416073,2.332343922150759,0.2796287051237128,0.2967784377554147,0.0,0.0,0.6188586515328817,0.0,9.0,2.7282256369747704,0.0,3.398094176696935,0.0,,
gametes_epistasis_2_way_20atts_0_4h_edm_1_1,histdistill_refined,HistDistill-Refined,budget_50,seed_1,0.1,2,4.187334809564566,30.535036949509294,3.502332568504351,0.4413762854328339,2.7947828089420894,18.093849920416073,2.332343922150759,0.2796287051237128,0.2967784377554147,0.0,0.0,0.6190020575523777,0.0,14.0,2.7282256369747704,0.0,3.398094176696935,0.0,4.359830213479865,0.2
gametes_epistasis_2_way_20atts_0_4h_edm_1_1,histdistill_refined,HistDistill-Refined,budget_50,seed_1,1.0,0,2.0002190549580314,15.058613495609341,1.8807564360588245,0.2611101296170214,2.013685796672988,16.151569154482424,1.7179730232783408,0.25517938977648136,0.39087985877268605,0.0,1.0,0.6384393448760881,0.0,5.0,1.8807564360588245,0.6,,,,
gametes_epistasis_2_way_20atts_0_4h_edm_1_1,histdistill_refined,HistDistill-Refined,budget_50,seed_1,1.0,1,2.3184314273785707,17.1971530483815,2.2185521589788575,0.30362056497753925,2.013685796672988,16.151569154482424,1.7179730232783408,0.25517938977648136,0.39087985877268605,0.0,1.0,0.6436434538552569,0.0,9.0,1.8807564360588245,0.6,2.640796812628899,0.5,,
gametes_epistasis_2_way_20atts_0_4h_edm_1_1,histdistill_refined,HistDistill-Refined,budget_50,seed_1,1.0,2,3.230063617400403,26.289248965743557,2.8165558623342415,0.4120360270940173,2.013685796672988,16.151569154482424,1.7179730232783408,0.25517938977648136,0.39087985877268605,0.0,1.0,0.6443959064167518,0.0,14.0,1.8807564360588245,0.6,2.640796812628899,0.5,3.892962528373932,0.4
gametes_epistasis_2_way_20atts_0_4h_edm_1_1,histdistill_refined,HistDistill-Refined,budget_50,seed_1,10.0,0,1.552920668281765,11.03563434176884,1.552920668281765,0.20436359892164518,1.6743260377698554,11.882637884850855,1.6743260377698554,0.22004884971946026,0.2439805566187,0.0,1.0,0.6815823736963388,0.0,5.0,1.552920668281765,1.0,,,,
gametes_epistasis_2_way_20atts_0_4h_edm_1_1,histdistill_refined,HistDistill-Refined,budget_50,seed_1,10.0,1,1.7592316277378321,12.518528830411428,1.7592316277378321,0.23182460797058202,1.6743260377698554,11.882637884850855,1.6743260377698554,0.22004884971946026,0.2439805566187,0.0,1.0,0.6787828158890553,0.0,9.0,1.552920668281765,1.0,2.0171203270579166,0.75,,
gametes_epistasis_2_way_20atts_0_4h_edm_1_1,histdistill_refined,HistDistill-Refined,budget_50,seed_1,10.0,2,2.097375092828876,15.647067045907189,2.097375092828876,0.2897605008501331,1.6743260377698554,11.882637884850855,1.6743260377698554,0.22004884971946026,0.2439805566187,0.0,1.0,0.6771137392913639,0.0,14.0,1.552920668281765,1.0,2.0171203270579166,0.75,2.7060333299927555,0.4
gametes_epistasis_2_way_20atts_0_4h_edm_1_1,histdistill_refined,HistDistill-Refined,budget_50,seed_2,0.1,0,3.732605316062095,22.849509960677267,3.3700429604631723,0.3813767829103614,3.776962102252221,23.479127100273708,3.1520068662209435,0.3628546681531023,0.2967784377554147,0.0,0.0,0.5586328093992501,0.0,5.0,3.3700429604631723,0.0,,,,
gametes_epistasis_2_way_20atts_0_4h_edm_1_1,histdistill_refined,HistDistill-Refined,budget_50,seed_2,0.1,1,3.746511697938425,23.5199870502514,3.3642872526804193,0.38841370437004485,3.776962102252221,23.479127100273708,3.1520068662209435,0.3628546681531023,0.2967784377554147,0.0,0.0,0.5583969670532292,0.0,9.0,3.3700429604631723,0.0,3.357092617951978,0.0,,
gametes_epistasis_2_way_20atts_0_4h_edm_1_1,histdistill_refined,HistDistill-Refined,budget_50,seed_2,0.1,2,5.243449971680434,34.89867193616635,4.157034293942164,0.5056748792946035,3.776962102252221,23.479127100273708,3.1520068662209435,0.3628546681531023,0.2967784377554147,0.0,0.0,0.5512126443937554,0.0,15.0,3.3700429604631723,0.0,3.357092617951978,0.0,5.34615485583478,0.0
gametes_epistasis_2_way_20atts_0_4h_edm_1_1,histdistill_refined,HistDistill-Refined,budget_50,seed_2,1.0,0,2.9789495310439227,18.914594280948346,2.7171623105502305,0.3197714299504555,3.064979153924507,19.430405527908125,2.6148823774059093,0.30698187763045565,0.39087985877268605,0.0,0.0,0.5539340392659684,0.0,5.0,2.7171623105502305,0.0,,,,
gametes_epistasis_2_way_20atts_0_4h_edm_1_1,histdistill_refined,HistDistill-Refined,budget_50,seed_2,1.0,1,2.967660364501525,19.563319434930367,2.6912318284091494,0.3267384931290914,3.064979153924507,19.430405527908125,2.6148823774059093,0.30698187763045565,0.39087985877268605,0.0,0.0,0.552960124547379,0.0,9.0,2.7171623105502305,0.0,2.6588187257327975,0.0,,
gametes_epistasis_2_way_20atts_0_4h_edm_1_1,histdistill_refined,HistDistill-Refined,budget_50,seed_2,1.0,2,4.317852646059591,29.14957331451208,3.763717103038796,0.4689240964839145,3.064979153924507,19.430405527908125,2.6148823774059093,0.30698187763045565,0.39087985877268605,0.0,0.0,0.5348324005533561,0.0,15.0,2.7171623105502305,0.0,2.6588187257327975,0.0,5.372445014983267,0.0
gametes_epistasis_2_way_20atts_0_4h_edm_1_1,histdistill_refined,HistDistill-Refined,budget_50,seed_2,10.0,0,2.6924445401268184,11.49733964859174,2.6924445401268184,0.21291369719614334,2.775471306766678,11.838898327976457,2.775471306766678,0.21923885792548994,0.2439805566187,0.0,0.0,0.5741845287658243,0.0,5.0,2.6924445401268184,0.0,,,,
gametes_epistasis_2_way_20atts_0_4h_edm_1_1,histdistill_refined,HistDistill-Refined,budget_50,seed_2,10.0,1,2.6813108358493705,12.003259202053112,2.6551290226587727,0.2193411504781187,2.775471306766678,11.838898327976457,2.775471306766678,0.21923885792548994,0.2439805566187,0.0,0.0,0.5694863158111347,0.0,9.0,2.6924445401268184,0.0,2.6084846258237158,0.0,,
gametes_epistasis_2_way_20atts_0_4h_edm_1_1,histdistill_refined,HistDistill-Refined,budget_50,seed_2,10.0,2,3.2413073675289774,16.113981848919618,3.213082923505364,0.2952254199339182,2.775471306766678,11.838898327976457,2.775471306766678,0.21923885792548994,0.2439805566187,0.0,0.0,0.524702295274402,0.0,15.0,2.6924445401268184,0.0,2.6084846258237158,0.0,4.050013774775251,0.0
gametes_epistasis_2_way_20atts_0_4h_edm_1_1,histdistill_density,HistDistill-Density,budget_50,seed_0,0.1,0,2.928694288390214,18.37102966488639,2.6675439984225555,0.30900323381445666,2.9513836090176326,18.998568869879897,2.4630327624754913,0.2936105492006884,0.2967784377554147,0.0,0.0,0.5722080547000501,0.0,5.0,2.6675439984225555,0.2,,,,
gametes_epistasis_2_way_20atts_0_4h_edm_1_1,histdistill_density,HistDistill-Density,budget_50,seed_0,0.1,1,5.419931332479818,32.16486086706042,4.303459080716223,0.48345639861355466,2.9513836090176326,18.998568869879897,2.4630327624754913,0.2936105492006884,0.2967784377554147,0.0,0.0,0.5714535729527013,0.0,10.0,2.6675439984225555,0.2,5.939374163009891,0.4,,
gametes_epistasis_2_way_20atts_0_4h_edm_1_1,histdistill_density,HistDistill-Density,budget_50,seed_0,0.1,2,7.254526212859124,43.41067093009182,5.830510810527914,0.6770968428875991,2.9513836090176326,18.998568869879897,2.4630327624754913,0.2936105492006884,0.2967784377554147,0.0,0.0,0.5629093774889538,0.0,16.0,2.6675439984225555,0.2,5.939374163009891,0.4,8.375597026880735,0.0
gametes_epistasis_2_way_20atts_0_4h_edm_1_1,histdistill_density,HistDistill-Density,budget_50,seed_0,1.0,0,1.9250229385488873,15.525753533689024,1.7756624825803875,0.2644544072505081,1.9356253478037808,16.093495846694303,1.6513758681691046,0.2542618868947529,0.39087985877268605,0.0,0.0,0.5991419870938459,0.0,5.0,1.7756624825803875,0.2,,,,
gametes_epistasis_2_way_20atts_0_4h_edm_1_1,histdistill_density,HistDistill-Density,budget_50,seed_0,1.0,1,4.430141696597754,27.898451495848263,4.170717114777736,0.48689664570590097,1.9356253478037808,16.093495846694303,1.6513758681691046,0.2542618868947529,0.39087985877268605,0.0,0.0,0.5681436973902545,0.0,10.0,1.7756624825803875,0.2,6.565771746975086,0.4,,
gametes_epistasis_2_way_20atts_0_4h_edm_1_1,histdistill_density,HistDistill-Density,budget_50,seed_0,1.0,2,6.3577282822118635,38.13295826122877,5.627651798269628,0.6464928397882809,1.9356253478037808,16.093495846694303,1.6513758681691046,0.2542618868947529,0.39087985877268605,0.0,0.0,0.5514430122841127,0.0,16.0,1.7756624825803875,0.2,6.565771746975086,0.4,8.055876270756114,0.0
gametes_epistasis_2_way_20atts_0_4h_edm_1_1,histdistill_density,HistDistill-Density,budget_50,seed_0,10.0,0,1.1792655857645382,9.985536357624486,1.1792655857645382,0.18491733995600898,1.3014768861046,10.422413183591301,1.3014768861046,0.19300765154798705,0.2439805566187,0.0,0.0,0.6098362221966928,0.0,5.0,1.1792655857645382,0.0,,,,
gametes_epistasis_2_way_20atts_0_4h_edm_1_1,histdistill_density,HistDistill-Density,budget_50,seed_0,10.0,1,2.821836639444504,17.203934136144518,2.821836639444504,0.31859137289156514,1.3014768861046,10.422413183591301,1.3014768861046,0.19300765154798705,0.2439805566187,0.0,0.0,0.5270402397544267,0.0,10.0,1.1792655857645382,0.0,4.464407693124469,0.0,,
gametes_epistasis_2_way_20atts_0_4h_edm_1_1,histdistill_density,HistDistill-Density,budget_50,seed_0,10.0,2,4.132140323308555,23.442081386545077,4.132140323308555,0.43411261826935327,1.3014768861046,10.422413183591301,1.3014768861046,0.19300765154798705,0.2439805566187,0.0,0.0,0.4800293994546912,0.0,16.0,1.1792655857645382,0.0,4.464407693124469,0.0,6.315979796415305,0.0
gametes_epistasis_2_way_20atts_0_4h_edm_1_1,histdistill_density,HistDistill-Density,budget_50,seed_1,0.1,0,2.9329864223005897,14.60628071309774,2.734280962928568,0.25026407876916357,2.7943530598174218,15.413214077662827,2.3319852814879636,0.2382012182751833,0.2967784377554147,0.0,0.0,0.6362315150741491,0.0,5.0,2.734280962928568,0.0,,,,
gametes_epistasis_2_way_20atts_0_4h_edm_1_1,histdistill_density,HistDistill-Density,budget_50,seed_1,0.1,1,3.258395840537601,17.00118670393879,3.088986194383072,0.297614864260541,2.7943530598174218,15.413214077662827,2.3319852814879636,0.2382012182751833,0.2967784377554147,0.0,0.0,0.6392854332884491,0.0,9.0,2.734280962928568,0.0,3.5323677337012027,0.0,,
gametes_epistasis_2_way_20atts_0_4h_edm_1_1,histdistill_density,HistDistill-Density,budget_50,seed_1,0.1,2,4.267842928935357,28.136293348973705,3.5819562018037714,0.40231893027862403,2.7943530598174218,15.413214077662827,2.3319852814879636,0.2382012182751833,0.2967784377554147,0.0,0.0,0.6349499816590595,0.0,14.0,2.734280962928568,0.0,3.5323677337012027,0.0,4.46930221516103,0.2
gametes_epistasis_2_way_20atts_0_4h_edm_1_1,histdistill_density,HistDistill-Density,budget_50,seed_1,1.0,0,1.9113857722426064,12.784074735330929,1.8045188681482298,0.22186949324358443,1.7997689595799904,13.533374431953321,1.535470193910429,0.2138144099890181,0.39087985877268605,0.0,0.0,0.6607545372198663,0.0,5.0,1.8045188681482298,0.0,,,,
gametes_epistasis_2_way_20atts_0_4h_edm_1_1,histdistill_density,HistDistill-Density,budget_50,seed_1,1.0,1,2.2903549789822617,14.989909406712785,2.200980503951795,0.2651550616279584,1.7997689595799904,13.533374431953321,1.535470193910429,0.2138144099890181,0.39087985877268605,0.0,0.0,0.6650779565102938,0.0,9.0,1.8045188681482298,0.0,2.6965575487062505,0.0,,
gametes_epistasis_2_way_20atts_0_4h_edm_1_1,histdistill_density,HistDistill-Density,budget_50,seed_1,1.0,2,3.218297371577826,23.949527832796438,2.8109662268578597,0.3725660056680046,1.7997689595799904,13.533374431953321,1.535470193910429,0.2138144099890181,0.39087985877268605,0.0,0.0,0.6608746985505835,0.0,14.0,1.8045188681482298,0.0,2.6965575487062505,0.0,3.9089405280887775,0.2
gametes_epistasis_2_way_20atts_0_4h_edm_1_1,histdistill_density,HistDistill-Density,budget_50,seed_1,10.0,0,0.8676223029628497,9.128684817152418,0.8676223029628497,0.16904971883615588,0.9824184016639771,9.70964072510267,0.9824184016639771,0.17980816157597537,0.2439805566187,0.0,1.0,0.7026715445517432,0.0,5.0,0.8676223029628497,1.0,,,,
gametes_epistasis_2_way_20atts_0_4h_edm_1_1,histdistill_density,HistDistill-Density,budget_50,seed_1,10.0,1,1.1379007614848855,10.648139209522046,1.1379007614848855,0.19718776313929715,0.9824184016639771,9.70964072510267,0.9824184016639771,0.17980816157597537,0.2439805566187,0.0,1.0,0.7030103622451561,0.0,9.0,0.8676223029628497,1.0,1.4757488346374306,0.75,,
gametes_epistasis_2_way_20atts_0_4h_edm_1_1,histdistill_density,HistDistill-Density,budget_50,seed_1,10.0,2,1.5652634115038886,13.744571738363181,1.5652634115038886,0.25452910626598485,0.9824184016639771,9.70964072510267,0.9824184016639771,0.17980816157597537,0.2439805566187,0.0,1.0,0.6982304122811644,0.0,14.0,0.8676223029628497,1.0,1.4757488346374306,0.75,2.334516181538094,0.2
gametes_epistasis_2_way_20atts_0_4h_edm_1_1,histdistill_density,HistDistill-Density,budget_50,seed_2,0.1,0,5.036690878116526,26.210119407607618,4.538286240075779,0.43728951184399795,5.192932765394328,27.04833796206223,4.333683867938792,0.4180145051134646,0.2967784377554147,0.0,0.0,0.5525740652554368,0.0,5.0,4.538286240075779,0.0,,,,
gametes_epistasis_2_way_20atts_0_4h_edm_1_1,histdistill_density,HistDistill-Density,budget_50,seed_2,0.1,1,5.03655282939938,27.00017574369963,4.513463089711294,0.4455753855875659,5.192932765394328,27.04833796206223,4.333683867938792,0.4180145051134646,0.2967784377554147,0.0,0.0,0.5553730986577049,0.0,9.0,4.538286240075779,0.0,4.482434151755687,0.0,,
gametes_epistasis_2_way_20atts_0_4h_edm_1_1,histdistill_density,HistDistill-Density,budget_50,seed_2,0.1,2,6.318788200966597,37.677184326628776,5.133524887033451,0.5526266306265464,5.192932765394328,27.04833796206223,4.333683867938792,0.4180145051134646,0.2967784377554147,0.0,0.0,0.5548631881561495,0.0,15.0,4.538286240075779,0.0,4.482434151755687,0.0,6.063617583016686,0.0
gametes_epistasis_2_way_20atts_0_4h_edm_1_1,histdistill_density,HistDistill-Density,budget_50,seed_2,1.0,0,3.8677339118715572,22.15666834885086,3.5296632228220326,0.37442252416896554,3.9887790397319187,22.875538726077753,3.4030208672074918,0.36141169672723644,0.39087985877268605,0.0,0.0,0.5628095067270079,0.0,5.0,3.5296632228220326,0.0,,,,
gametes_epistasis_2_way_20atts_0_4h_edm_1_1,histdistill_density,HistDistill-Density,budget_50,seed_2,1.0,1,3.8686195801682306,22.924845487373506,3.5075964612262407,0.3826304537095511,3.9887790397319187,22.875538726077753,3.4030208672074918,0.36141169672723644,0.39087985877268605,0.0,0.0,0.5660594120587712,0.0,9.0,3.5296632228220326,0.0,3.4800130092314996,0.0,,
gametes_epistasis_2_way_20atts_0_4h_edm_1_1,histdistill_density,HistDistill-Density,budget_50,seed_2,1.0,2,5.1474384446634796,31.851154554924037,4.52656278420282,0.51529572483916,3.9887790397319187,22.875538726077753,3.4030208672074918,0.36141169672723644,0.39087985877268605,0.0,0.0,0.5565986107038448,0.0,15.0,3.5296632228220326,0.0,3.4800130092314996,0.0,6.055012268667691,0.0
gametes_epistasis_2_way_20atts_0_4h_edm_1_1,histdistill_density,HistDistill-Density,budget_50,seed_2,10.0,0,3.310716228214961,13.832101307906743,3.310716228214961,0.2561500242204952,3.41156845248871,14.337135364677241,3.41156845248871,0.26550250675328224,0.2439805566187,0.0,0.0,0.5632046094298967,0.0,5.0,3.310716228214961,0.0,,,,
gametes_epistasis_2_way_20atts_0_4h_edm_1_1,histdistill_density,HistDistill-Density,budget_50,seed_2,10.0,1,3.2972659413172605,14.45378165316073,3.2650749775338124,0.2640701904247397,3.41156845248871,14.337135364677241,3.41156845248871,0.26550250675328224,0.2439805566187,0.0,0.0,0.5598512988494762,0.0,9.0,3.310716228214961,0.0,3.208023414182376,0.0,,
gametes_epistasis_2_way_20atts_0_4h_edm_1_1,histdistill_density,HistDistill-Density,budget_50,seed_2,10.0,2,3.818555249946732,18.190019129845727,3.783859137765151,0.33296174003887674,3.41156845248871,14.337135364677241,3.41156845248871,0.26550250675328224,0.2439805566187,0.0,0.0,0.5237287888597606,0.0,15.0,3.310716228214961,0.0,3.208023414182376,0.0,4.56203537811216,0.0
gametes_epistasis_2_way_20atts_0_4h_edm_1_1,gain_path_refined,Legacy gain-path refined,budget_50,seed_0,0.1,0,3.96287437317036,17.015954285682973,3.6090206622842507,0.28606235469448155,3.9988564405243583,17.79885750196998,3.3371854459562993,0.27506978878726646,0.2967784377554147,0.0,0.0,0.6511554363797047,0.0,5.0,3.6090206622842507,0.2,,,,
gametes_epistasis_2_way_20atts_0_4h_edm_1_1,gain_path_refined,Legacy gain-path refined,budget_50,seed_0,0.1,1,6.400843537895963,30.003634886989005,5.161079497814288,0.44779463199382635,3.9988564405243583,17.79885750196998,3.3371854459562993,0.27506978878726646,0.2967784377554147,0.0,0.0,0.6166960965378342,0.0,10.0,3.6090206622842507,0.2,6.713138333344325,0.4,,
gametes_epistasis_2_way_20atts_0_4h_edm_1_1,gain_path_refined,Legacy gain-path refined,budget_50,seed_0,0.1,2,7.8550254186337805,40.71757957436454,6.45899922129499,0.6310670310217703,3.9988564405243583,17.79885750196998,3.3371854459562993,0.27506978878726646,0.2967784377554147,0.0,0.0,0.597442946088085,0.0,16.0,3.6090206622842507,0.2,6.713138333344325,0.4,8.622198760429495,0.16666666666666666
gametes_epistasis_2_way_20atts_0_4h_edm_1_1,gain_path_refined,Legacy gain-path refined,budget_50,seed_0,1.0,0,2.8577758973727563,13.957195832345175,2.635546672590146,0.23760071511428266,2.8798111539158944,14.66500668326374,2.4569065753643065,0.23169312038420212,0.39087985877268605,0.0,0.0,0.6656574555541303,0.0,5.0,2.635546672590146,0.2,,,,
gametes_epistasis_2_way_20atts_0_4h_edm_1_1,gain_path_refined,Legacy gain-path refined,budget_50,seed_0,1.0,1,5.222433865576255,25.548357420952676,4.90606053775001,0.44535333102568353,2.8798111539158944,14.66500668326374,2.4569065753643065,0.23169312038420212,0.39087985877268605,0.0,0.0,0.6129689566931934,0.0,10.0,2.635546672590146,0.2,7.176574402909874,0.4,,
gametes_epistasis_2_way_20atts_0_4h_edm_1_1,gain_path_refined,Legacy gain-path refined,budget_50,seed_0,1.0,2,6.792259055304226,35.321442507163475,6.108634772620482,0.5964278911312095,2.8798111539158944,14.66500668326374,2.4569065753643065,0.23169312038420212,0.39087985877268605,0.0,0.0,0.5911939143695821,0.0,16.0,2.635546672590146,0.2,7.176574402909874,0.4,8.11292516407127,0.0
gametes_epistasis_2_way_20atts_0_4h_edm_1_1,gain_path_refined,Legacy gain-path refined,budget_50,seed_0,10.0,0,0.867169832621002,7.486054326247102,0.867169832621002,0.13863063567124265,0.9665614003907347,7.982593448536655,0.9665614003907347,0.14782580460253067,0.2439805566187,0.0,0.0,0.6655844420459477,0.0,5.0,0.867169832621002,0.0,,,,
gametes_epistasis_2_way_20atts_0_4h_edm_1_1,gain_path_refined,Legacy gain-path refined,budget_50,seed_0,10.0,1,2.592346219883786,14.223873998718236,2.592346219883786,0.2634050740503377,0.9665614003907347,7.982593448536655,0.9665614003907347,0.14782580460253067,0.2439805566187,0.0,0.0,0.573480841231213,0.0,10.0,0.867169832621002,0.0,4.317522607146569,0.0,,
gametes_epistasis_2_way_20atts_0_4h_edm_1_1,gain_path_refined,Legacy gain-path refined,budget_50,seed_0,10.0,2,3.9363098361083027,20.36490456374933,3.9363098361083027,0.3771278622916543,0.9665614003907347,7.982593448536655,0.9665614003907347,0.14782580460253067,0.2439805566187,0.0,0.0,0.5152491355652276,0.0,16.0,0.867169832621002,0.0,4.317522607146569,0.0,6.176249196482498,0.0
gametes_epistasis_2_way_20atts_0_4h_edm_1_1,gain_path_refined,Legacy gain-path refined,budget_50,seed_1,0.1,0,3.9034272807787005,14.936148080519757,3.6363402749507543,0.2558440596431356,3.754970701956337,15.794205879231457,3.1336542741498965,0.24408919925236483,0.2967784377554147,0.0,0.0,0.6920206414450089,0.0,5.0,3.6363402749507543,0.0,,,,
gametes_epistasis_2_way_20atts_0_4h_edm_1_1,gain_path_refined,Legacy gain-path refined,budget_50,seed_1,0.1,1,3.9558699308985164,17.435157920143222,3.7281417497348475,0.3051936662612931,3.754970701956337,15.794205879231457,3.1336542741498965,0.24408919925236483,0.2967784377554147,0.0,0.0,0.6873010038934578,0.0,9.0,3.6363402749507543,0.0,3.8428935932149635,0.0,,
gametes_epistasis_2_way_20atts_0_4h_edm_1_1,gain_path_refined,Legacy gain-path refined,budget_50,seed_1,0.1,2,4.759932487432769,27.965783188300517,4.067837751451507,0.40582693740581044,3.754970701956337,15.794205879231457,3.1336542741498965,0.24408919925236483,0.2967784377554147,0.0,0.0,0.6651129019411223,0.0,14.0,3.6363402749507543,0.0,3.8428935932149635,0.0,4.679290554541496,0.2
gametes_epistasis_2_way_20atts_0_4h_edm_1_1,gain_path_refined,Legacy gain-path refined,budget_50,seed_1,1.0,0,2.7875529213716854,12.919453410627835,2.629154077304147,0.2241975195663513,2.667449131707874,13.693071279024101,2.275730233988213,0.2163374678786251,0.39087985877268605,0.0,0.0,0.7051184586659393,0.0,5.0,2.629154077304147,0.0,,,,
gametes_epistasis_2_way_20atts_0_4h_edm_1_1,gain_path_refined,Legacy gain-path refined,budget_50,seed_1,1.0,1,2.9164698504052984,15.252094750949201,2.7839954567435514,0.26985972681414094,2.667449131707874,13.693071279024101,2.275730233988213,0.2163374678786251,0.39087985877268605,0.0,0.0,0.7034448935335332,0.0,9.0,2.629154077304147,0.0,2.977547181042807,0.0,,
gametes_epistasis_2_way_20atts_0_4h_edm_1_1,gain_path_refined,Legacy gain-path refined,budget_50,seed_1,1.0,2,3.6392191861572845,23.721190634470982,3.224213675542427,0.3726973653814622,2.667449131707874,13.693071279024101,2.275730233988213,0.2163374678786251,0.39087985877268605,0.0,0.0,0.6833354523877834,0.0,14.0,2.629154077304147,0.0,2.977547181042807,0.0,4.016606469380406,0.2
gametes_epistasis_2_way_20atts_0_4h_edm_1_1,gain_path_refined,Legacy gain-path refined,budget_50,seed_1,10.0,0,1.096205135120313,8.36049143283355,1.096205135120313,0.15482391542284352,1.2676472885619485,8.861009509252137,1.2676472885619485,0.16409276868985437,0.2439805566187,0.0,0.0,0.73646336206,0.0,5.0,1.096205135120313,0.0,,,,
gametes_epistasis_2_way_20atts_0_4h_edm_1_1,gain_path_refined,Legacy gain-path refined,budget_50,seed_1,10.0,1,1.3259522597467746,10.118444018460744,1.3259522597467746,0.1873785929344582,1.2676472885619485,8.861009509252137,1.2676472885619485,0.16409276868985437,0.2439805566187,0.0,0.0,0.7317908828845909,0.0,9.0,1.096205135120313,0.0,1.613136165529851,0.0,,
gametes_epistasis_2_way_20atts_0_4h_edm_1_1,gain_path_refined,Legacy gain-path refined,budget_50,seed_1,10.0,2,1.7035363141164444,13.191465200231592,1.7035363141164444,0.24428639259688129,1.2676472885619485,8.861009509252137,1.2676472885619485,0.16409276868985437,0.2439805566187,0.0,0.0,0.7124131226056255,0.0,14.0,1.096205135120313,0.0,1.613136165529851,0.0,2.3831876119818505,0.0
gametes_epistasis_2_way_20atts_0_4h_edm_1_1,gain_path_refined,Legacy gain-path refined,budget_50,seed_2,0.1,0,4.693480246408259,22.812717911451955,4.245750460267042,0.380345291466079,4.623468023505448,23.698449458318308,3.858445639989894,0.36624415282631667,0.2967784377554147,0.0,0.0,0.6104294493072425,0.0,5.0,4.245750460267042,0.0,,,,
gametes_epistasis_2_way_20atts_0_4h_edm_1_1,gain_path_refined,Legacy gain-path refined,budget_50,seed_2,0.1,1,4.694741432788443,23.098565024742793,4.230484253558683,0.3820269566496839,4.623468023505448,23.698449458318308,3.858445639989894,0.36624415282631667,0.2967784377554147,0.0,0.0,0.6079767493012418,0.0,9.0,4.245750460267042,0.0,4.211401495173233,0.0,,
gametes_epistasis_2_way_20atts_0_4h_edm_1_1,gain_path_refined,Legacy gain-path refined,budget_50,seed_2,0.1,2,5.854125707581947,32.397931065333644,4.765480472415589,0.47486827130227444,4.623468023505448,23.698449458318308,3.858445639989894,0.36624415282631667,0.2967784377554147,0.0,0.0,0.5660629784817321,0.0,15.0,4.245750460267042,0.0,4.211401495173233,0.0,5.567974800700944,0.0
gametes_epistasis_2_way_20atts_0_4h_edm_1_1,gain_path_refined,Legacy gain-path refined,budget_50,seed_2,1.0,0,3.454914320332791,18.525061697626008,3.1634188643559975,0.31282096647807134,3.409674267259089,19.28611147634595,2.9089584973959677,0.30470216922108456,0.39087985877268605,0.0,0.0,0.6049068841109826,0.0,5.0,3.1634188643559975,0.0,,,,
gametes_epistasis_2_way_20atts_0_4h_edm_1_1,gain_path_refined,Legacy gain-path refined,budget_50,seed_2,1.0,1,3.4539947452981887,18.801456432776334,3.1471973628527667,0.314524044134139,3.409674267259089,19.28611147634595,2.9089584973959677,0.30470216922108456,0.39087985877268605,0.0,0.0,0.6016198534037627,0.0,9.0,3.1634188643559975,0.0,3.1269204859737285,0.0,,
gametes_epistasis_2_way_20atts_0_4h_edm_1_1,gain_path_refined,Legacy gain-path refined,budget_50,seed_2,1.0,2,4.578339282892122,26.525507426862553,4.021533935573962,0.4291272137044538,3.409674267259089,19.28611147634595,2.9089584973959677,0.30470216922108456,0.39087985877268605,0.0,0.0,0.5607722447261271,0.0,15.0,3.1634188643559975,0.0,3.1269204859737285,0.0,5.333038794655756,0.0
gametes_epistasis_2_way_20atts_0_4h_edm_1_1,gain_path_refined,Legacy gain-path refined,budget_50,seed_2,10.0,0,0.9633298452258542,9.390625192646613,0.9633298452258542,0.17390046653049282,0.9659603899125491,9.909103905753957,0.9659603899125491,0.18350192418062883,0.2439805566187,0.0,1.0,0.5867039415035443,0.0,5.0,0.9633298452258542,0.8,,,,
gametes_epistasis_2_way_20atts_0_4h_edm_1_1,gain_path_refined,Legacy gain-path refined,budget_50,seed_2,10.0,1,1.0278839420663741,9.597075928773933,1.0131753048305454,0.17556407938284288,0.9659603899125491,9.909103905753957,0.9659603899125491,0.18350192418062883,0.2439805566187,0.0,1.0,0.5758334226965176,0.0,9.0,0.9633298452258542,0.8,1.0754821293364094,0.5,,
gametes_epistasis_2_way_20atts_0_4h_edm_1_1,gain_path_refined,Legacy gain-path refined,budget_50,seed_2,10.0,2,1.7937766477637973,13.010999209589716,1.7775638421436213,0.23854852668737928,0.9659603899125491,9.909103905753957,0.9659603899125491,0.18350192418062883,0.2439805566187,0.0,1.0,0.5254997685949104,0.0,15.0,0.9633298452258542,0.8,1.0754821293364094,0.5,2.924146648113236,0.0
gametes_epistasis_2_way_20atts_0_4h_edm_1_1,random,Random,budget_50,seed_0,0.1,0,17.279735152473002,134.78058623457008,15.656972105879053,2.262740382262867,18.388000725636694,142.82022458284933,15.345429203200437,2.2071938609658623,0.2967784377554147,0.0,0.0,0.6088950322319283,0.0,5.0,15.656972105879053,0.0,,,,
gametes_epistasis_2_way_20atts_0_4h_edm_1_1,random,Random,budget_50,seed_0,0.1,1,19.523233680677826,140.77163062506807,16.89929636119857,2.3046551021409067,18.388000725636694,142.82022458284933,15.345429203200437,2.2071938609658623,0.2967784377554147,0.0,0.0,0.6135223418703204,0.0,10.0,15.656972105879053,0.0,18.141620616518082,0.0,,
gametes_epistasis_2_way_20atts_0_4h_edm_1_1,random,Random,budget_50,seed_0,0.1,2,21.454597465884902,149.19525954047015,18.480670132261608,2.4018967978810473,18.388000725636694,142.82022458284933,15.345429203200437,2.2071938609658623,0.2967784377554147,0.0,0.0,0.6080150868430889,0.0,16.0,15.656972105879053,0.0,18.141620616518082,0.0,21.116293084033344,0.0
gametes_epistasis_2_way_20atts_0_4h_edm_1_1,random,Random,budget_50,seed_0,1.0,0,16.912330528710264,129.38114160091317,15.527407362483604,2.2008813878347953,17.995764043009917,136.9965000192119,15.353059156623745,2.164414054266324,0.39087985877268605,0.0,0.0,0.6115611499909115,0.0,5.0,15.527407362483604,0.0,,,,
gametes_epistasis_2_way_20atts_0_4h_edm_1_1,random,Random,budget_50,seed_0,1.0,1,18.86341800444153,133.5217585716267,17.718929452104845,2.325525777147784,17.995764043009917,136.9965000192119,15.353059156623745,2.164414054266324,0.39087985877268605,0.0,0.0,0.588763860863464,0.0,10.0,15.527407362483604,0.0,19.91045154172609,0.0,,
gametes_epistasis_2_way_20atts_0_4h_edm_1_1,random,Random,budget_50,seed_0,1.0,2,20.566683117748873,140.26405190532626,18.811971183797695,2.376460984711591,17.995764043009917,136.9965000192119,15.353059156623745,2.164414054266324,0.39087985877268605,0.0,0.0,0.5645099079840807,0.0,16.0,15.527407362483604,0.0,19.91045154172609,0.0,20.63370740328578,0.0
gametes_epistasis_2_way_20atts_0_4h_edm_1_1,random,Random,budget_50,seed_0,10.0,0,14.01057941613251,101.33201447372528,14.01057941613251,1.8765187865504682,14.897127906304863,106.96217523642134,14.897127906304863,1.9807810228966916,0.2439805566187,0.0,0.0,0.5695187727003457,0.0,5.0,14.01057941613251,0.0,,,,
gametes_epistasis_2_way_20atts_0_4h_edm_1_1,random,Random,budget_50,seed_0,10.0,1,14.857298538569376,99.19130641300333,14.857298538569376,1.836876044685247,14.897127906304863,106.96217523642134,14.897127906304863,1.9807810228966916,0.2439805566187,0.0,0.0,0.5113388806201187,0.0,10.0,14.01057941613251,0.0,15.704017661006244,0.0,,
gametes_epistasis_2_way_20atts_0_4h_edm_1_1,random,Random,budget_50,seed_0,10.0,2,15.589995911514809,99.57726539744272,15.589995911514809,1.8440234332859762,14.897127906304863,106.96217523642134,14.897127906304863,1.9807810228966916,0.2439805566187,0.0,0.0,0.46828310089037506,0.0,16.0,14.01057941613251,0.0,15.704017661006244,0.0,16.811158199757198,0.0
gametes_epistasis_2_way_20atts_0_4h_edm_1_1,random,Random,budget_50,seed_1,0.1,0,13.890110504644309,148.07437582777197,12.859471965452432,2.540321736577204,14.53431915876005,153.308075891171,12.129397262667847,2.3692767948785023,0.2967784377554147,0.0,0.0,0.5028124430897625,0.0,5.0,12.859471965452432,0.0,,,,
gametes_epistasis_2_way_20atts_0_4h_edm_1_1,random,Random,budget_50,seed_1,0.1,1,14.364180242951964,149.73153920947945,13.48623985452679,2.6007838710432454,14.53431915876005,153.308075891171,12.129397262667847,2.3692767948785023,0.2967784377554147,0.0,0.0,0.5168007204287446,0.0,9.0,12.859471965452432,0.0,14.269699715869738,0.0,,
gametes_epistasis_2_way_20atts_0_4h_edm_1_1,random,Random,budget_50,seed_1,0.1,2,14.606598154775563,146.4503250531477,13.465125121486695,2.537511652331087,14.53431915876005,153.308075891171,12.129397262667847,2.3692767948785023,0.2967784377554147,0.0,0.0,0.5002266225736546,0.0,14.0,12.859471965452432,0.0,14.269699715869738,0.0,13.427118602014517,0.0
gametes_epistasis_2_way_20atts_0_4h_edm_1_1,random,Random,budget_50,seed_1,1.0,0,13.290504872705423,140.78918255383164,12.501653647123053,2.4472118133034493,13.280162309794177,145.5063040030341,11.329950596403398,2.2988608418780756,0.39087985877268605,0.0,0.0,0.5167182586132025,0.0,5.0,12.501653647123053,0.0,,,,
gametes_epistasis_2_way_20atts_0_4h_edm_1_1,random,Random,budget_50,seed_1,1.0,1,13.828559325502178,142.43744509889063,13.168748154120742,2.503924646249341,13.280162309794177,145.5063040030341,11.329950596403398,2.2988608418780756,0.39087985877268605,0.0,0.0,0.5303833871093068,0.0,9.0,12.501653647123053,0.0,14.00261628786785,0.0,,
gametes_epistasis_2_way_20atts_0_4h_edm_1_1,random,Random,budget_50,seed_1,1.0,2,13.901055514548359,137.92653985277525,13.128131271189458,2.433564194538792,13.280162309794177,145.5063040030341,11.329950596403398,2.2988608418780756,0.39087985877268605,0.0,0.0,0.5122517193239683,0.0,14.0,12.501653647123053,0.0,14.00261628786785,0.0,13.055020881913146,0.0
gametes_epistasis_2_way_20atts_0_4h_edm_1_1,random,Random,budget_50,seed_1,10.0,0,12.194021045243591,107.73921204508683,12.194021045243591,1.9951705934275341,12.177546294878464,110.64409055513708,12.177546294878464,2.048964639909946,0.2439805566187,0.0,0.0,0.5347542116145704,0.0,5.0,12.194021045243591,0.0,,,,
gametes_epistasis_2_way_20atts_0_4h_edm_1_1,random,Random,budget_50,seed_1,10.0,1,12.656621817849516,109.17778679145314,12.656621817849516,2.0218108665083916,12.177546294878464,110.64409055513708,12.177546294878464,2.048964639909946,0.2439805566187,0.0,0.0,0.5466703863251321,0.0,9.0,12.194021045243591,0.0,13.234872783606917,0.0,,
gametes_epistasis_2_way_20atts_0_4h_edm_1_1,random,Random,budget_50,seed_1,10.0,2,12.193795406811478,103.16144434772721,12.193795406811478,1.910397117550504,12.177546294878464,110.64409055513708,12.177546294878464,2.048964639909946,0.2439805566187,0.0,0.0,0.5332768895808699,0.0,14.0,12.194021045243591,0.0,13.234872783606917,0.0,11.360707866943013,0.0
gametes_epistasis_2_way_20atts_0_4h_edm_1_1,random,Random,budget_50,seed_2,0.1,0,33.03567825206167,185.788952222179,29.712804530666205,3.0988197487143623,34.43525839812326,192.33110391278362,28.73742652759314,2.972352361642072,0.2967784377554147,0.0,1.0,0.5249633101207004,0.0,5.0,29.712804530666205,1.0,,,,
gametes_epistasis_2_way_20atts_0_4h_edm_1_1,random,Random,budget_50,seed_2,0.1,1,32.92500092055937,184.30005349925173,29.455159519435174,3.0613217631026277,34.43525839812326,192.33110391278362,28.73742652759314,2.972352361642072,0.2967784377554147,0.0,1.0,0.5216130915175454,0.0,9.0,29.712804530666205,1.0,29.13310325539638,1.0,,
gametes_epistasis_2_way_20atts_0_4h_edm_1_1,random,Random,budget_50,seed_2,0.1,2,29.576640491142587,170.26258468500993,26.147803332820633,2.7567591973990457,34.43525839812326,192.33110391278362,28.73742652759314,2.972352361642072,0.2967784377554147,0.0,1.0,0.5242857857640272,0.0,15.0,29.712804530666205,1.0,29.13310325539638,1.0,21.18676905289882,0.3333333333333333
gametes_epistasis_2_way_20atts_0_4h_edm_1_1,random,Random,budget_50,seed_2,1.0,0,32.380725837287365,179.62114138696845,29.50466423561279,3.034590638017376,33.75253073958348,185.9261443108993,28.795921078542506,2.937455772560796,0.39087985877268605,0.0,1.0,0.5431489637349207,0.0,5.0,29.50466423561279,1.0,,,,
gametes_epistasis_2_way_20atts_0_4h_edm_1_1,random,Random,budget_50,seed_2,1.0,1,32.27340920965636,178.13784101454021,29.220665950451284,2.994106351954093,33.75253073958348,185.9261443108993,28.795921078542506,2.937455772560796,0.39087985877268605,0.0,1.0,0.5406758550749728,0.0,9.0,29.50466423561279,1.0,28.865668093999407,1.0,,
gametes_epistasis_2_way_20atts_0_4h_edm_1_1,random,Random,budget_50,seed_2,1.0,2,28.709840328911454,161.813605595864,25.985600158247266,2.7018080850919284,33.75253073958348,185.9261443108993,28.795921078542506,2.937455772560796,0.39087985877268605,0.0,1.0,0.5398825211116896,0.0,15.0,29.50466423561279,1.0,28.865668093999407,1.0,21.133001469941224,0.3333333333333333
gametes_epistasis_2_way_20atts_0_4h_edm_1_1,random,Random,budget_50,seed_2,10.0,0,27.13115170208951,147.08530386890754,27.13115170208951,2.723801923498288,28.279325891533123,152.17482957049015,28.279325891533123,2.818052399453521,0.2439805566187,0.0,1.0,0.5889825983012558,0.0,5.0,27.13115170208951,1.0,,,,
gametes_epistasis_2_way_20atts_0_4h_edm_1_1,random,Random,budget_50,seed_2,10.0,1,27.049200878273588,145.79412277555386,26.776875114880717,2.6742901543047983,28.279325891533123,152.17482957049015,28.279325891533123,2.818052399453521,0.2439805566187,0.0,1.0,0.5909567830165356,0.0,9.0,27.13115170208951,1.0,26.334029380869723,1.0,,
gametes_epistasis_2_way_20atts_0_4h_edm_1_1,random,Random,budget_50,seed_2,10.0,2,23.139317979717184,129.20954627850796,22.84607811637329,2.3651538967294825,28.279325891533123,152.17482957049015,28.279325891533123,2.818052399453521,0.2439805566187,0.0,1.0,0.5439539089231837,0.0,15.0,27.13115170208951,1.0,26.334029380869723,1.0,16.94988261861216,0.3333333333333333
gametes_epistasis_3_way_20atts_0_2h_edm_1_1,histdistill_refined,HistDistill-Refined,budget_50,seed_0,0.1,0,3.9134121950932057,27.809454468121494,1.9074404195329222,0.23886606367315116,3.6122130912183343,28.766917116368955,0.958789752332124,0.14406798228861384,1.979259039656926,0.0,0.0,0.579805716049749,0.0,5.0,1.9074404195329222,0.0,,,,
gametes_epistasis_3_way_20atts_0_2h_edm_1_1,histdistill_refined,HistDistill-Refined,budget_50,seed_0,0.1,1,5.474991632615356,44.63462910385373,3.0342233936437224,0.4519186117577055,3.6122130912183343,28.766917116368955,0.958789752332124,0.14406798228861384,1.979259039656926,0.0,0.0,0.5466435138399306,0.0,11.0,1.9074404195329222,0.0,3.973209205402723,0.0,,
gametes_epistasis_3_way_20atts_0_2h_edm_1_1,histdistill_refined,HistDistill-Refined,budget_50,seed_0,0.1,2,6.044672111939178,50.26936370968201,3.398110017527403,0.5171202198245212,3.6122130912183343,28.766917116368955,0.958789752332124,0.14406798228861384,1.979259039656926,0.0,0.0,0.5567923515789384,0.0,17.0,1.9074404195329222,0.0,3.973209205402723,0.0,4.065235494647484,0.0
gametes_epistasis_3_way_20atts_0_2h_edm_1_1,histdistill_refined,HistDistill-Refined,budget_50,seed_0,1.0,0,2.7032876344285133,24.169081717006065,1.3320585939512584,0.20915623411717324,2.49737169370911,25.14919550118626,0.6703528562158141,0.12737039820339838,1.9530615084114291,0.0,1.0,0.613023603287496,0.0,5.0,1.3320585939512584,0.4,,,,
gametes_epistasis_3_way_20atts_0_2h_edm_1_1,histdistill_refined,HistDistill-Refined,budget_50,seed_0,1.0,1,4.653256328371055,39.676368860266024,2.876484117977111,0.4419282232061548,2.49737169370911,25.14919550118626,0.6703528562158141,0.12737039820339838,1.9530615084114291,0.0,1.0,0.5307315198666367,0.0,11.0,1.3320585939512584,0.4,4.163505387998654,0.0,,
gametes_epistasis_3_way_20atts_0_2h_edm_1_1,histdistill_refined,HistDistill-Refined,budget_50,seed_0,1.0,2,5.369862557008109,44.84434089747104,3.3695471441070466,0.5091833941582867,2.49737169370911,25.14919550118626,0.6703528562158141,0.12737039820339838,1.9530615084114291,0.0,1.0,0.5276429481325761,0.0,17.0,1.3320585939512584,0.4,4.163505387998654,0.0,4.273496025345261,0.0
gametes_epistasis_3_way_20atts_0_2h_edm_1_1,histdistill_refined,HistDistill-Refined,budget_50,seed_0,10.0,0,2.134201468500501,16.397677071049884,1.0719117733904324,0.15476954132383894,2.2447085003899936,17.29954654848746,0.6688686058571339,0.09726121962473956,1.7267962085064927,0.0,1.0,0.6949907312567292,0.0,5.0,1.0719117733904324,0.4,,,,
gametes_epistasis_3_way_20atts_0_2h_edm_1_1,histdistill_refined,HistDistill-Refined,budget_50,seed_0,10.0,1,3.54304140724013,26.01569081276558,2.709799332677638,0.35305972392923535,2.2447085003899936,17.29954654848746,0.6688686058571339,0.09726121962473956,1.7267962085064927,0.0,1.0,0.5113603439629074,0.0,11.0,1.0719117733904324,0.4,4.074705632083642,0.0,,
gametes_epistasis_3_way_20atts_0_2h_edm_1_1,histdistill_refined,HistDistill-Refined,budget_50,seed_0,10.0,2,4.157366896394505,29.137003448162208,3.295176326241531,0.4107864884450796,2.2447085003899936,17.29954654848746,0.6688686058571339,0.09726121962473956,1.7267962085064927,0.0,1.0,0.46127288195951516,0.0,17.0,1.0719117733904324,0.4,4.074705632083642,0.0,4.368367481108668,0.0
gametes_epistasis_3_way_20atts_0_2h_edm_1_1,histdistill_refined,HistDistill-Refined,budget_50,seed_1,0.1,0,4.0699556924192395,19.34976690924979,1.8177549526415178,0.16154169261972276,4.267374818743887,20.616267952936006,1.132689335387963,0.10324860722078662,1.979259039656926,0.0,0.0,0.5891467584646126,0.0,5.0,1.8177549526415178,0.0,,,,
gametes_epistasis_3_way_20atts_0_2h_edm_1_1,histdistill_refined,HistDistill-Refined,budget_50,seed_1,0.1,1,9.103861935681847,55.1251548805123,5.023711259140934,0.5772168733044802,4.267374818743887,20.616267952936006,1.132689335387963,0.10324860722078662,1.979259039656926,0.0,0.0,0.5598558518098894,0.0,12.0,1.8177549526415178,0.0,7.313680049497661,0.0,,
gametes_epistasis_3_way_20atts_0_2h_edm_1_1,histdistill_refined,HistDistill-Refined,budget_50,seed_1,0.1,2,10.366062032902883,64.23602255546841,5.811909169916369,0.6820096932106066,4.267374818743887,20.616267952936006,1.132689335387963,0.10324860722078662,1.979259039656926,0.0,0.0,0.5620740828397901,0.0,19.0,1.8177549526415178,0.0,7.313680049497661,0.0,7.163105588388541,0.0
gametes_epistasis_3_way_20atts_0_2h_edm_1_1,histdistill_refined,HistDistill-Refined,budget_50,seed_1,1.0,0,2.9554642734088263,16.018082288906466,1.3347401499513236,0.13483978087025844,3.1020540777634693,17.143427566081012,0.8326637225859694,0.0868244551027431,1.9530615084114291,0.0,1.0,0.6148116678832289,0.0,5.0,1.3347401499513236,0.6,,,,
gametes_epistasis_3_way_20atts_0_2h_edm_1_1,histdistill_refined,HistDistill-Refined,budget_50,seed_1,1.0,1,7.879653612109826,47.80649565517877,4.9723054620171325,0.568807304123683,3.1020540777634693,17.143427566081012,0.8326637225859694,0.0868244551027431,1.9530615084114291,0.0,1.0,0.5699517098358492,0.0,12.0,1.3347401499513236,0.6,7.570566399206997,0.14285714285714285,,
gametes_epistasis_3_way_20atts_0_2h_edm_1_1,histdistill_refined,HistDistill-Refined,budget_50,seed_1,1.0,2,9.114097860104945,55.899660869618366,5.856917463098619,0.6774329170274536,3.1020540777634693,17.143427566081012,0.8326637225859694,0.0868244551027431,1.9530615084114291,0.0,1.0,0.566712799569103,0.0,19.0,1.3347401499513236,0.6,7.570566399206997,0.14285714285714285,7.373395179238311,0.14285714285714285
gametes_epistasis_3_way_20atts_0_2h_edm_1_1,histdistill_refined,HistDistill-Refined,budget_50,seed_1,10.0,0,1.1739394202177449,9.489134731532681,0.6314785923991556,0.08594403366801473,1.0711545215455585,10.285148650029326,0.3191780275074762,0.05782498974292817,1.7267962085064927,0.0,1.0,0.6693934267963607,0.0,5.0,0.6314785923991556,0.6,,,,
gametes_epistasis_3_way_20atts_0_2h_edm_1_1,histdistill_refined,HistDistill-Refined,budget_50,seed_1,10.0,1,4.566559521322383,27.971024007837276,3.983749281732621,0.4353378355845566,1.0711545215455585,10.285148650029326,0.3191780275074762,0.05782498974292817,1.7267962085064927,0.0,1.0,0.5495765264186344,0.0,12.0,0.6314785923991556,0.6,6.378228345542239,0.14285714285714285,,
gametes_epistasis_3_way_20atts_0_2h_edm_1_1,histdistill_refined,HistDistill-Refined,budget_50,seed_1,10.0,2,5.453029173493561,32.632105141943136,4.870314330466601,0.5247062275475368,1.0711545215455585,10.285148650029326,0.3191780275074762,0.05782498974292817,1.7267962085064927,0.0,1.0,0.5112136870202493,0.0,19.0,0.6314785923991556,0.6,6.378228345542239,0.14285714285714285,6.390140128296281,0.14285714285714285
gametes_epistasis_3_way_20atts_0_2h_edm_1_1,histdistill_refined,HistDistill-Refined,budget_50,seed_2,0.1,0,4.709940187789593,23.154790357240547,2.0817336544266096,0.18993335839011155,4.539248639400978,23.286667776232502,1.2048528059780885,0.11662227228506576,1.979259039656926,0.0,0.0,0.5537343372016069,0.0,5.0,2.0817336544266096,0.0,,,,
gametes_epistasis_3_way_20atts_0_2h_edm_1_1,histdistill_refined,HistDistill-Refined,budget_50,seed_2,0.1,1,8.413544091152803,54.42097490817767,4.684035081946575,0.5705705244566729,4.539248639400978,23.286667776232502,1.2048528059780885,0.11662227228506576,1.979259039656926,0.0,0.0,0.5523802424990852,0.0,12.0,2.0817336544266096,0.0,6.542821815889406,0.0,,
gametes_epistasis_3_way_20atts_0_2h_edm_1_1,histdistill_refined,HistDistill-Refined,budget_50,seed_2,0.1,2,8.861562921341424,62.10595719374924,5.004982596373719,0.6574141221773676,4.539248639400978,23.286667776232502,1.2048528059780885,0.11662227228506576,1.979259039656926,0.0,0.0,0.5480924529101766,0.0,19.0,2.0817336544266096,0.0,6.542821815889406,0.0,5.555178335391685,0.0
gametes_epistasis_3_way_20atts_0_2h_edm_1_1,histdistill_refined,HistDistill-Refined,budget_50,seed_2,1.0,0,3.4584276652980166,18.666691886987252,1.546686291739627,0.1544896568707739,3.328512341542816,18.872689305974127,0.893450406570801,0.09558245916683725,1.9530615084114291,0.0,0.0,0.5833555578252181,0.0,5.0,1.546686291739627,0.0,,,,
gametes_epistasis_3_way_20atts_0_2h_edm_1_1,histdistill_refined,HistDistill-Refined,budget_50,seed_2,1.0,1,7.715952146158686,47.26827860362342,4.907257110852428,0.5606232754157842,3.328512341542816,18.872689305974127,0.893450406570801,0.09558245916683725,1.9530615084114291,0.0,0.0,0.5484497464841711,0.0,12.0,1.546686291739627,0.0,7.307664838790144,0.0,,
gametes_epistasis_3_way_20atts_0_2h_edm_1_1,histdistill_refined,HistDistill-Refined,budget_50,seed_2,1.0,2,8.32325306301397,54.463756130920295,5.338645479373007,0.6501166578430896,3.328512341542816,18.872689305974127,0.893450406570801,0.09558245916683725,1.9530615084114291,0.0,0.0,0.5329490687214093,0.0,19.0,1.546686291739627,0.0,7.307664838790144,0.0,6.078168396836854,0.0
gametes_epistasis_3_way_20atts_0_2h_edm_1_1,histdistill_refined,HistDistill-Refined,budget_50,seed_2,10.0,0,1.1682391939797694,10.3236030925224,0.5482448537829745,0.09401548258157551,1.2796308570000163,10.608733817939456,0.38129891127719534,0.05964424483121643,1.7267962085064927,0.0,1.0,0.6327724725975257,0.0,5.0,0.5482448537829745,0.4,,,,
gametes_epistasis_3_way_20atts_0_2h_edm_1_1,histdistill_refined,HistDistill-Refined,budget_50,seed_2,10.0,1,5.488848953746609,28.55369782865246,4.446734777666851,0.419238427656684,1.2796308570000163,10.608733817939456,0.38129891127719534,0.05964424483121643,1.7267962085064927,0.0,1.0,0.5103845899839062,0.0,12.0,0.5482448537829745,0.4,7.231370437583905,0.0,,
gametes_epistasis_3_way_20atts_0_2h_edm_1_1,histdistill_refined,HistDistill-Refined,budget_50,seed_2,10.0,2,6.212023253032604,33.31266850208228,5.074449772144479,0.49860718742296695,1.2796308570000163,10.608733817939456,0.38129891127719534,0.05964424483121643,1.7267962085064927,0.0,1.0,0.4575179856368436,0.0,19.0,0.5482448537829745,0.4,7.231370437583905,0.0,6.150532619820409,0.0
gametes_epistasis_3_way_20atts_0_2h_edm_1_1,histdistill_density,HistDistill-Density,budget_50,seed_0,0.1,0,3.913848579179981,29.771740393516104,1.90756334569055,0.25509677223958,3.613106818518387,30.89663353947266,0.9590269743771781,0.15473384358623918,1.979259039656926,0.0,1.0,0.5598155566335727,0.0,5.0,1.90756334569055,0.4,,,,
gametes_epistasis_3_way_20atts_0_2h_edm_1_1,histdistill_density,HistDistill-Density,budget_50,seed_0,0.1,1,5.172013950441349,45.21161312534939,2.8229397441106667,0.45589765278337563,3.613106818518387,30.89663353947266,0.9590269743771781,0.15473384358623918,1.979259039656926,0.0,1.0,0.5445782341223775,0.0,11.0,1.90756334569055,0.4,3.585753409460764,0.0,,
gametes_epistasis_3_way_20atts_0_2h_edm_1_1,histdistill_density,HistDistill-Density,budget_50,seed_0,0.1,2,5.623891306938554,50.36996441784822,3.11031933710297,0.5172266239970231,3.613106818518387,30.89663353947266,0.9590269743771781,0.15473384358623918,1.979259039656926,0.0,1.0,0.5620663046333292,0.0,17.0,1.90756334569055,0.4,3.585753409460764,0.0,3.637181924255527,0.0
gametes_epistasis_3_way_20atts_0_2h_edm_1_1,histdistill_density,HistDistill-Density,budget_50,seed_0,1.0,0,2.9406831005926497,25.9238837374995,1.3981780361033789,0.2237807091113067,2.9221440574837994,27.063008446488144,0.7843716736850702,0.13706307870756881,1.9530615084114291,0.0,1.0,0.5928521029398356,0.0,5.0,1.3981780361033789,0.6,,,,
gametes_epistasis_3_way_20atts_0_2h_edm_1_1,histdistill_density,HistDistill-Density,budget_50,seed_0,1.0,1,4.495204067370531,40.1856332618325,2.6549659267286434,0.44466375131177927,2.9221440574837994,27.063008446488144,0.7843716736850702,0.13706307870756881,1.9530615084114291,0.0,1.0,0.5353015869207733,0.0,11.0,1.3981780361033789,0.6,3.7022891689163635,0.0,,
gametes_epistasis_3_way_20atts_0_2h_edm_1_1,histdistill_density,HistDistill-Density,budget_50,seed_0,1.0,2,5.0404646628587155,44.92331008058007,3.031734003698159,0.5082447699561804,2.9221440574837994,27.063008446488144,0.7843716736850702,0.13706307870756881,1.9530615084114291,0.0,1.0,0.5441757896157965,0.0,17.0,1.3981780361033789,0.6,3.7022891689163635,0.0,3.722475478142273,0.0
gametes_epistasis_3_way_20atts_0_2h_edm_1_1,histdistill_density,HistDistill-Density,budget_50,seed_0,10.0,0,2.6198370301283864,17.148730972332956,1.325749035568699,0.16135321101350958,2.719714637248287,18.16955606799466,0.8104088960457219,0.1021525725116626,1.7267962085064927,0.0,1.0,0.6797631361095631,0.0,5.0,1.325749035568699,0.6,,,,
gametes_epistasis_3_way_20atts_0_2h_edm_1_1,histdistill_density,HistDistill-Density,budget_50,seed_0,10.0,1,3.718719178186861,26.222815186608273,2.634283563923233,0.3523190890864852,2.719714637248287,18.16955606799466,0.8104088960457219,0.1021525725116626,1.7267962085064927,0.0,1.0,0.5082784670299054,0.0,11.0,1.325749035568699,0.6,3.7247290042186774,0.0,,
gametes_epistasis_3_way_20atts_0_2h_edm_1_1,histdistill_density,HistDistill-Density,budget_50,seed_0,10.0,2,4.111466503962725,29.143017367113604,3.0341573606832775,0.40788613156366865,2.719714637248287,18.16955606799466,0.8104088960457219,0.1021525725116626,1.7267962085064927,0.0,1.0,0.47224097329218656,0.0,17.0,1.325749035568699,0.6,3.7247290042186774,0.0,3.7672593214100267,0.0
gametes_epistasis_3_way_20atts_0_2h_edm_1_1,histdistill_density,HistDistill-Density,budget_50,seed_1,0.1,0,4.3756937851976705,24.23871552071302,1.9546676355860668,0.20481884729153182,4.586402244080221,25.460979973140685,1.217368787679691,0.12751147427382667,1.979259039656926,0.0,0.0,0.5280321231291805,0.0,5.0,1.9546676355860668,0.0,,,,
gametes_epistasis_3_way_20atts_0_2h_edm_1_1,histdistill_density,HistDistill-Density,budget_50,seed_1,0.1,1,8.651816906988929,56.58099010521426,4.717091431155987,0.5870581800657729,4.586402244080221,25.460979973140685,1.217368787679691,0.12751147427382667,1.979259039656926,0.0,0.0,0.5223961113306128,0.0,12.0,1.9546676355860668,0.0,6.690251285134502,0.0,,
gametes_epistasis_3_way_20atts_0_2h_edm_1_1,histdistill_density,HistDistill-Density,budget_50,seed_1,0.1,2,9.714386943432267,64.77695009332537,5.393434585027728,0.6828745961355166,4.586402244080221,25.460979973140685,1.217368787679691,0.12751147427382667,1.979259039656926,0.0,0.0,0.5307876500821467,0.0,19.0,1.9546676355860668,0.0,6.690251285134502,0.0,6.552879991664999,0.0
gametes_epistasis_3_way_20atts_0_2h_edm_1_1,histdistill_density,HistDistill-Density,budget_50,seed_1,1.0,0,3.235891572457703,20.80967725130305,1.4617736862095714,0.17771478807125649,3.3946395333426778,21.89591342882371,0.9112004883901121,0.11089385393361252,1.9530615084114291,0.0,0.0,0.548911397533437,0.0,5.0,1.4617736862095714,0.0,,,,
gametes_epistasis_3_way_20atts_0_2h_edm_1_1,histdistill_density,HistDistill-Density,budget_50,seed_1,1.0,1,7.4237962041241525,49.230267719713915,4.608221093656241,0.5773909131375211,3.3946395333426778,21.89591342882371,0.9112004883901121,0.11089385393361252,1.9530615084114291,0.0,0.0,0.5291486023926414,0.0,12.0,1.4617736862095714,0.0,6.855683527546718,0.0,,
gametes_epistasis_3_way_20atts_0_2h_edm_1_1,histdistill_density,HistDistill-Density,budget_50,seed_1,1.0,2,8.464383210086163,56.423469397192704,5.369856952533746,0.6767632160715241,3.3946395333426778,21.89591342882371,0.9112004883901121,0.11089385393361252,1.9530615084114291,0.0,0.0,0.5303333245373499,0.0,19.0,1.4617736862095714,0.0,6.855683527546718,0.0,6.675518424895183,0.0
gametes_epistasis_3_way_20atts_0_2h_edm_1_1,histdistill_density,HistDistill-Density,budget_50,seed_1,10.0,0,1.8306748639285941,13.572272594760012,0.8508438559429008,0.12534369161729347,2.104565289016394,14.338567159015655,0.6271093331517847,0.08061405110523151,1.7267962085064927,0.0,0.0,0.597069774329211,0.0,5.0,0.8508438559429008,0.0,,,,
gametes_epistasis_3_way_20atts_0_2h_edm_1_1,histdistill_density,HistDistill-Density,budget_50,seed_1,10.0,1,4.232002141226135,29.129701550638558,3.488485739876229,0.44116868651070623,2.104565289016394,14.338567159015655,0.6271093331517847,0.08061405110523151,1.7267962085064927,0.0,0.0,0.49687324589992204,0.0,12.0,0.8508438559429008,0.0,5.372515656971464,0.0,,
gametes_epistasis_3_way_20atts_0_2h_edm_1_1,histdistill_density,HistDistill-Density,budget_50,seed_1,10.0,2,4.841929158670459,33.002402611728286,4.167467348375017,0.5213506291150012,2.104565289016394,14.338567159015655,0.6271093331517847,0.08061405110523151,1.7267962085064927,0.0,0.0,0.4622421975724658,0.0,19.0,0.8508438559429008,0.0,5.372515656971464,0.0,5.3314358200872265,0.0
gametes_epistasis_3_way_20atts_0_2h_edm_1_1,histdistill_density,HistDistill-Density,budget_50,seed_2,0.1,0,6.498045109231716,26.488979631680525,2.8709759442968377,0.21688721858872057,6.26696884206932,26.64124364765888,1.663441594453154,0.13342236856495066,1.979259039656926,0.0,0.0,0.5751028025453657,0.0,5.0,2.8709759442968377,0.0,,,,
gametes_epistasis_3_way_20atts_0_2h_edm_1_1,histdistill_density,HistDistill-Density,budget_50,seed_2,0.1,1,9.470541987464275,57.34367353397033,5.222953301707943,0.5968463997162655,6.26696884206932,26.64124364765888,1.663441594453154,0.13342236856495066,1.979259039656926,0.0,0.0,0.5489404514912477,0.0,12.0,2.8709759442968377,0.0,6.9029371284301595,0.0,,
gametes_epistasis_3_way_20atts_0_2h_edm_1_1,histdistill_density,HistDistill-Density,budget_50,seed_2,0.1,2,9.90891901791177,65.14459007094102,5.566957788299786,0.6848189605336671,6.26696884206932,26.64124364765888,1.663441594453154,0.13342236856495066,1.979259039656926,0.0,0.0,0.5460269851448049,0.0,19.0,2.8709759442968377,0.0,6.9029371284301595,0.0,6.156679765314377,0.0
gametes_epistasis_3_way_20atts_0_2h_edm_1_1,histdistill_density,HistDistill-Density,budget_50,seed_2,1.0,0,5.1235571559387205,21.86318802922458,2.2898068767723894,0.18061989601971346,4.937634599069991,22.088363152240458,1.3253763806062158,0.11186853313973538,1.9530615084114291,0.0,0.0,0.6129587652249323,0.0,5.0,2.2898068767723894,0.0,,,,
gametes_epistasis_3_way_20atts_0_2h_edm_1_1,histdistill_density,HistDistill-Density,budget_50,seed_2,1.0,1,8.286881448110462,50.196411245606235,5.209548174037462,0.5890172323911637,4.937634599069991,22.088363152240458,1.3253763806062158,0.11186853313973538,1.9530615084114291,0.0,0.0,0.5467509509278643,0.0,12.0,2.2898068767723894,0.0,7.295077672083941,0.0,,
gametes_epistasis_3_way_20atts_0_2h_edm_1_1,histdistill_density,HistDistill-Density,budget_50,seed_2,1.0,2,8.9972436022812,57.52788332404984,5.74086478654928,0.6798725734287582,4.937634599069991,22.088363152240458,1.3253763806062158,0.11186853313973538,1.9530615084114291,0.0,0.0,0.5301593843498503,0.0,19.0,2.2898068767723894,0.0,7.295077672083941,0.0,6.651693265140971,0.0
gametes_epistasis_3_way_20atts_0_2h_edm_1_1,histdistill_density,HistDistill-Density,budget_50,seed_2,10.0,0,1.9290299736999341,12.45248631494939,0.9143446607305172,0.11329775978899628,2.1439045976269004,12.749406575152829,0.6388314915082579,0.07167949920048372,1.7267962085064927,0.0,1.0,0.68973769233428,0.0,5.0,0.9143446607305172,0.4,,,,
gametes_epistasis_3_way_20atts_0_2h_edm_1_1,histdistill_density,HistDistill-Density,budget_50,seed_2,10.0,1,5.58995716804607,31.00137825095514,4.577823149184,0.448293945702176,2.1439045976269004,12.749406575152829,0.6388314915082579,0.07167949920048372,1.7267962085064927,0.0,1.0,0.5473402157780477,0.0,12.0,0.9143446607305172,0.4,7.194593498079345,0.0,,
gametes_epistasis_3_way_20atts_0_2h_edm_1_1,histdistill_density,HistDistill-Density,budget_50,seed_2,10.0,2,6.30415236150836,36.07606884764866,5.259232801776587,0.532531983471336,2.1439045976269004,12.749406575152829,0.6388314915082579,0.07167949920048372,1.7267962085064927,0.0,1.0,0.48303030548034087,0.0,19.0,0.9143446607305172,0.4,7.194593498079345,0.0,6.427363634792454,0.2857142857142857
gametes_epistasis_3_way_20atts_0_2h_edm_1_1,gain_path_refined,Legacy gain-path refined,budget_50,seed_0,0.1,0,5.009355661787975,22.481055886505775,2.4417537683520187,0.1943542306749607,4.623468023505451,23.054204855862555,1.227207157836067,0.11545807162501101,1.979259039656926,0.0,0.0,0.6408654951303447,0.0,5.0,2.4417537683520187,0.0,,,,
gametes_epistasis_3_way_20atts_0_2h_edm_1_1,gain_path_refined,Legacy gain-path refined,budget_50,seed_0,0.1,1,6.661772599525265,40.67376366282084,3.702319144392021,0.41729587038526267,4.623468023505451,23.054204855862555,1.227207157836067,0.11545807162501101,1.979259039656926,0.0,0.0,0.6028133582194998,0.0,11.0,2.4417537683520187,0.0,4.7527902910920234,0.0,,
gametes_epistasis_3_way_20atts_0_2h_edm_1_1,gain_path_refined,Legacy gain-path refined,budget_50,seed_0,0.1,2,7.230085102074052,47.00973813037322,4.081570397345489,0.4885852474626083,4.623468023505451,23.054204855862555,1.227207157836067,0.11545807162501101,1.979259039656926,0.0,0.0,0.6036068291063978,0.0,17.0,2.4417537683520187,0.0,4.7527902910920234,0.0,4.776864361093513,0.0
gametes_epistasis_3_way_20atts_0_2h_edm_1_1,gain_path_refined,Legacy gain-path refined,budget_50,seed_0,1.0,0,3.69148570476584,18.58702877852884,1.8191382682095623,0.16182398348270427,3.409674267259091,19.195268522749302,0.9152361619138814,0.0972161910804826,1.9530615084114291,0.0,1.0,0.6508919984422699,0.0,5.0,1.8191382682095623,0.4,,,,
gametes_epistasis_3_way_20atts_0_2h_edm_1_1,gain_path_refined,Legacy gain-path refined,budget_50,seed_0,1.0,1,5.485822221277304,35.59813683193528,3.3872500256544256,0.40475096225236595,3.409674267259091,19.195268522749302,0.9152361619138814,0.0972161910804826,1.9530615084114291,0.0,1.0,0.5903380094131508,0.0,11.0,1.8191382682095623,0.4,4.694009823525144,0.0,,
gametes_epistasis_3_way_20atts_0_2h_edm_1_1,gain_path_refined,Legacy gain-path refined,budget_50,seed_0,1.0,2,6.119910555696201,41.49061196657637,3.8420506054101207,0.47845633563025913,3.409674267259091,19.195268522749302,0.9152361619138814,0.0972161910804826,1.9530615084114291,0.0,1.0,0.5808201695123614,0.0,17.0,1.8191382682095623,0.4,4.694009823525144,0.0,4.6758516682955635,0.0
gametes_epistasis_3_way_20atts_0_2h_edm_1_1,gain_path_refined,Legacy gain-path refined,budget_50,seed_0,10.0,0,1.0462147762948848,9.968221372380764,0.567332456135801,0.09394498413624892,0.9659603899125492,10.572089860141986,0.2878327316004583,0.05943822578804267,1.7267962085064927,0.0,1.0,0.6938308602803576,0.0,5.0,0.567332456135801,0.8,,,,
gametes_epistasis_3_way_20atts_0_2h_edm_1_1,gain_path_refined,Legacy gain-path refined,budget_50,seed_0,10.0,1,3.0595812852493096,21.48133664985795,2.4730540568665904,0.30641168293309484,0.9659603899125492,10.572089860141986,0.2878327316004583,0.05943822578804267,1.7267962085064927,0.0,1.0,0.5875443129113861,0.0,11.0,0.567332456135801,0.8,4.061155390808914,0.3333333333333333,,
gametes_epistasis_3_way_20atts_0_2h_edm_1_1,gain_path_refined,Legacy gain-path refined,budget_50,seed_0,10.0,2,3.7277838329867037,25.33692076671464,3.0449284033405246,0.37039506236637426,0.9659603899125492,10.572089860141986,0.2878327316004583,0.05943822578804267,1.7267962085064927,0.0,1.0,0.539498233488415,0.0,17.0,0.567332456135801,0.8,4.061155390808914,0.3333333333333333,4.093364705209405,0.0
gametes_epistasis_3_way_20atts_0_2h_edm_1_1,gain_path_refined,Legacy gain-path refined,budget_50,seed_1,0.1,0,4.290511686379444,20.845763695469778,1.8986818009570616,0.1742685139696824,4.623468023505451,22.154822541068906,1.227207157836067,0.11095386302753656,1.979259039656926,0.0,0.0,0.629666777847637,0.0,5.0,1.8986818009570616,0.0,,,,
gametes_epistasis_3_way_20atts_0_2h_edm_1_1,gain_path_refined,Legacy gain-path refined,budget_50,seed_1,0.1,1,8.792158871147384,53.51485679090131,4.80172965620106,0.558547696890355,4.623468023505451,22.154822541068906,1.227207157836067,0.11095386302753656,1.979259039656926,0.0,0.0,0.5731672869835275,0.0,12.0,1.8986818009570616,0.0,6.875335267089629,0.0,,
gametes_epistasis_3_way_20atts_0_2h_edm_1_1,gain_path_refined,Legacy gain-path refined,budget_50,seed_1,0.1,2,9.917537802157067,61.61375199344581,5.515538580485548,0.6519073071816122,4.623468023505451,22.154822541068906,1.227207157836067,0.11095386302753656,1.979259039656926,0.0,0.0,0.5711296354934607,0.0,19.0,1.8986818009570616,0.0,6.875335267089629,0.0,6.739211022116101,0.0
gametes_epistasis_3_way_20atts_0_2h_edm_1_1,gain_path_refined,Legacy gain-path refined,budget_50,seed_1,1.0,0,3.1529930230987553,17.2797745779639,1.408508399415895,0.1456946310923684,3.409674267259091,18.438988867662108,0.9152361619138814,0.09338594367487311,1.9530615084114291,0.0,0.0,0.6146293849693398,0.0,5.0,1.408508399415895,0.0,,,,
gametes_epistasis_3_way_20atts_0_2h_edm_1_1,gain_path_refined,Legacy gain-path refined,budget_50,seed_1,1.0,1,7.571827268428797,46.105557649645895,4.714813821376641,0.546093163772818,3.409674267259091,18.438988867662108,0.9152361619138814,0.09338594367487311,1.9530615084114291,0.0,0.0,0.5654493055932343,0.0,12.0,1.408508399415895,0.0,7.076460551348603,0.0,,
gametes_epistasis_3_way_20atts_0_2h_edm_1_1,gain_path_refined,Legacy gain-path refined,budget_50,seed_1,1.0,2,8.676532471639742,53.2314823283518,5.5186116538403125,0.6422694854918674,3.409674267259091,18.438988867662108,0.9152361619138814,0.09338594367487311,1.9530615084114291,0.0,0.0,0.5660440691035704,0.0,19.0,1.408508399415895,0.0,7.076460551348603,0.0,6.896550795206605,0.0
gametes_epistasis_3_way_20atts_0_2h_edm_1_1,gain_path_refined,Legacy gain-path refined,budget_50,seed_1,10.0,0,1.184470987150144,9.591036001888629,0.5299388637012099,0.0870050640510942,1.410054790211902,10.347679235699017,0.42016207518586396,0.05817654814990937,1.7267962085064927,0.0,0.0,0.5714910313971391,0.0,5.0,0.5299388637012099,0.0,,,,
gametes_epistasis_3_way_20atts_0_2h_edm_1_1,gain_path_refined,Legacy gain-path refined,budget_50,seed_1,10.0,1,4.123262094370203,25.937891807459177,3.5387119106082854,0.4047780175094855,1.410054790211902,10.347679235699017,0.42016207518586396,0.05817654814990937,1.7267962085064927,0.0,0.0,0.4967063560133497,0.0,12.0,0.5299388637012099,0.0,5.687835515541912,0.14285714285714285,,
gametes_epistasis_3_way_20atts_0_2h_edm_1_1,gain_path_refined,Legacy gain-path refined,budget_50,seed_1,10.0,2,4.847313398660224,29.895034681205928,4.286671821528024,0.48295125888273804,1.410054790211902,10.347679235699017,0.42016207518586396,0.05817654814990937,1.7267962085064927,0.0,0.0,0.4753234474929471,0.0,19.0,0.5299388637012099,0.0,5.687835515541912,0.14285714285714285,5.568888811676148,0.14285714285714285
gametes_epistasis_3_way_20atts_0_2h_edm_1_1,gain_path_refined,Legacy gain-path refined,budget_50,seed_2,0.1,0,4.829588805280315,25.419130228244992,2.133962633511083,0.2067068237032265,4.656464432554591,25.790654202771655,1.2359653949779972,0.12916252019172453,1.979259039656926,0.0,0.0,0.5813126752787893,0.0,5.0,2.133962633511083,0.0,,,,
gametes_epistasis_3_way_20atts_0_2h_edm_1_1,gain_path_refined,Legacy gain-path refined,budget_50,seed_2,0.1,1,6.739571952247061,55.259919717945735,3.700671583983189,0.5745865517965035,4.656464432554591,25.790654202771655,1.2359653949779972,0.12916252019172453,1.979259039656926,0.0,0.0,0.552217902003964,0.0,12.0,2.133962633511083,0.0,4.819749405748979,0.0,,
gametes_epistasis_3_way_20atts_0_2h_edm_1_1,gain_path_refined,Legacy gain-path refined,budget_50,seed_2,0.1,2,7.251504965822394,63.09670527654447,4.073131119375865,0.6620956710700533,4.656464432554591,25.790654202771655,1.2359653949779972,0.12916252019172453,1.979259039656926,0.0,0.0,0.5419873934428603,0.0,19.0,2.133962633511083,0.0,4.819749405748979,0.0,4.711633180049023,0.0
gametes_epistasis_3_way_20atts_0_2h_edm_1_1,gain_path_refined,Legacy gain-path refined,budget_50,seed_2,1.0,0,3.5678803544575493,20.6486454103379,1.594876468838012,0.16917044258690245,3.4365169270672355,21.086060188494997,0.9224413583674753,0.10679227821115589,1.9530615084114291,0.0,1.0,0.5695838997239498,0.0,5.0,1.594876468838012,0.4,,,,
gametes_epistasis_3_way_20atts_0_2h_edm_1_1,gain_path_refined,Legacy gain-path refined,budget_50,seed_2,1.0,1,5.972472421040369,47.885381302898764,3.755830972154593,0.5614415208937404,3.4365169270672355,21.086060188494997,0.9224413583674753,0.10679227821115589,1.9530615084114291,0.0,1.0,0.524002266321956,0.0,12.0,1.594876468838012,0.4,5.299369903095007,0.0,,
gametes_epistasis_3_way_20atts_0_2h_edm_1_1,gain_path_refined,Legacy gain-path refined,budget_50,seed_2,1.0,2,6.636693446789268,55.241344418974116,4.244747387191341,0.6513582797673447,3.4365169270672355,21.086060188494997,0.9224413583674753,0.10679227821115589,1.9530615084114291,0.0,1.0,0.5104513193041762,0.0,19.0,1.594876468838012,0.4,5.299369903095007,0.0,5.082889812968624,0.0
gametes_epistasis_3_way_20atts_0_2h_edm_1_1,gain_path_refined,Legacy gain-path refined,budget_50,seed_2,10.0,0,1.0551334381047939,10.713337687157246,0.5195579345136154,0.09613399270566672,1.0441889458074651,11.167734830750973,0.31114294097087697,0.06278705092299035,1.7267962085064927,0.0,1.0,0.5948341952216536,0.0,5.0,0.5195579345136154,0.8,,,,
gametes_epistasis_3_way_20atts_0_2h_edm_1_1,gain_path_refined,Legacy gain-path refined,budget_50,seed_2,10.0,1,3.6806598949021603,27.963432796330142,3.0638718368582443,0.4046279726027335,1.0441889458074651,11.167734830750973,0.31114294097087697,0.06278705092299035,1.7267962085064927,0.0,1.0,0.5098310738170707,0.0,12.0,0.5195579345136154,0.8,4.881238909961552,0.0,,
gametes_epistasis_3_way_20atts_0_2h_edm_1_1,gain_path_refined,Legacy gain-path refined,budget_50,seed_2,10.0,2,4.4668886180279435,32.91822138475184,3.7141711295034425,0.48344146350157646,1.0441889458074651,11.167734830750973,0.31114294097087697,0.06278705092299035,1.7267962085064927,0.0,1.0,0.4609348532790653,0.0,19.0,0.5195579345136154,0.8,4.881238909961552,0.0,4.828969916895209,0.0
gametes_epistasis_3_way_20atts_0_2h_edm_1_1,random,Random,budget_50,seed_0,0.1,0,24.963235567590694,172.06542000613263,11.480532580282377,1.5115699552244142,25.377124391982537,172.39401545943394,6.735850348874053,0.8633687741165809,1.979259039656926,0.0,0.0,0.4453491525489245,0.0,5.0,11.480532580282377,0.0,,,,
gametes_epistasis_3_way_20atts_0_2h_edm_1_1,random,Random,budget_50,seed_0,0.1,1,25.666271599067077,152.48826545375687,13.170162660656882,1.481072046547282,25.377124391982537,172.39401545943394,6.735850348874053,0.8633687741165809,1.979259039656926,0.0,0.0,0.4000486689941967,0.0,11.0,11.480532580282377,0.0,14.578187727635637,0.0,,
gametes_epistasis_3_way_20atts_0_2h_edm_1_1,random,Random,budget_50,seed_0,0.1,2,25.129180842243247,144.23073218796807,13.192730938853085,1.438155401759913,25.377124391982537,172.39401545943394,6.735850348874053,0.8633687741165809,1.979259039656926,0.0,0.0,0.4156808588860738,0.0,17.0,11.480532580282377,0.0,14.578187727635637,0.0,13.23410611554612,0.0
gametes_epistasis_3_way_20atts_0_2h_edm_1_1,random,Random,budget_50,seed_0,1.0,0,24.385317954315532,161.45113397199447,11.340034871106578,1.433077999045708,24.79424651202233,161.96724773997087,6.655354510872875,0.8202979232308039,1.9530615084114291,0.0,0.0,0.4763415148241094,0.0,5.0,11.340034871106578,0.0,,,,
gametes_epistasis_3_way_20atts_0_2h_edm_1_1,random,Random,budget_50,seed_0,1.0,1,24.585686028386704,141.0091990834104,13.460376950568117,1.451017465562379,24.79424651202233,161.96724773997087,6.655354510872875,0.8202979232308039,1.9530615084114291,0.0,0.0,0.4031150224961108,0.0,11.0,11.340034871106578,0.0,15.227328683452734,0.0,,
gametes_epistasis_3_way_20atts_0_2h_edm_1_1,random,Random,budget_50,seed_0,1.0,2,23.906767332180234,132.72480712678066,13.441136791331141,1.4105760347471705,24.79424651202233,161.96724773997087,6.655354510872875,0.8202979232308039,1.9530615084114291,0.0,0.0,0.4120595431537857,0.0,17.0,11.340034871106578,0.0,15.227328683452734,0.0,13.405863166063346,0.0
gametes_epistasis_3_way_20atts_0_2h_edm_1_1,random,Random,budget_50,seed_0,10.0,0,19.89361761375968,121.70961935462238,10.16355620219675,1.1843447676582055,20.26086154284149,122.60349820601644,6.037244573747691,0.6892993254103138,1.7267962085064927,0.0,0.0,0.5666164800121356,0.0,5.0,10.16355620219675,0.0,,,,
gametes_epistasis_3_way_20atts_0_2h_edm_1_1,random,Random,budget_50,seed_0,10.0,1,18.05997955419577,99.50792551383626,11.130441468463607,1.1569351845144704,20.26086154284149,122.60349820601644,6.037244573747691,0.6892993254103138,1.7267962085064927,0.0,0.0,0.42940468903442236,0.0,11.0,10.16355620219675,0.0,11.936179190352656,0.0,,
gametes_epistasis_3_way_20atts_0_2h_edm_1_1,random,Random,budget_50,seed_0,10.0,2,16.918503304171434,91.42055766707715,10.91192966183017,1.1163632915705957,20.26086154284149,122.60349820601644,6.037244573747691,0.6892993254103138,1.7267962085064927,0.0,0.0,0.39699988517340706,0.0,17.0,10.16355620219675,0.0,11.936179190352656,0.0,10.511324683002195,0.0
gametes_epistasis_3_way_20atts_0_2h_edm_1_1,random,Random,budget_50,seed_1,0.1,0,18.50991986305561,199.4303378008175,8.808420258831044,1.7242974572435852,18.15000214688124,203.87879880248997,4.8175552282732,1.0210481385990264,1.979259039656926,0.0,0.0,0.5111304114842286,0.0,5.0,8.808420258831044,0.0,,,,
gametes_epistasis_3_way_20atts_0_2h_edm_1_1,random,Random,budget_50,seed_1,0.1,1,18.778486834981376,174.34336476881455,9.719268279769075,1.639447910079211,18.15000214688124,203.87879880248997,4.8175552282732,1.0210481385990264,1.979259039656926,0.0,0.0,0.472853902992755,0.0,12.0,8.808420258831044,0.0,10.369874009010527,0.0,,
gametes_epistasis_3_way_20atts_0_2h_edm_1_1,random,Random,budget_50,seed_1,0.1,2,18.74143649380186,166.47304484066922,9.921978639174693,1.6080730439214428,18.15000214688124,203.87879880248997,4.8175552282732,1.0210481385990264,1.979259039656926,0.0,0.0,0.4756190129633789,0.0,19.0,8.808420258831044,0.0,10.369874009010527,0.0,10.269482112441464,0.0
gametes_epistasis_3_way_20atts_0_2h_edm_1_1,random,Random,budget_50,seed_1,1.0,0,17.890690873110366,186.38924510035247,8.67985766820371,1.6310932675666723,17.295628025510165,190.4915293949795,4.6425502764177216,0.9647617536023547,1.9530615084114291,0.0,0.0,0.5090962127936521,0.0,5.0,8.67985766820371,0.0,,,,
gametes_epistasis_3_way_20atts_0_2h_edm_1_1,random,Random,budget_50,seed_1,1.0,1,17.986107821722683,159.93124386423304,10.077393584913182,1.6018534971038878,17.295628025510165,190.4915293949795,4.6425502764177216,0.9647617536023547,1.9530615084114291,0.0,0.0,0.45913801253383535,0.0,12.0,8.67985766820371,0.0,11.07563352541995,0.0,,
gametes_epistasis_3_way_20atts_0_2h_edm_1_1,random,Random,budget_50,seed_1,1.0,2,17.904100812436234,151.79876727489048,10.395153423496012,1.5830518106454656,17.295628025510165,190.4915293949795,4.6425502764177216,0.9647617536023547,1.9530615084114291,0.0,0.0,0.4556687933202244,0.0,19.0,8.67985766820371,0.0,11.07563352541995,0.0,10.939884575352286,0.0
gametes_epistasis_3_way_20atts_0_2h_edm_1_1,random,Random,budget_50,seed_1,10.0,0,15.787827349836016,138.63029005860548,8.188097548546223,1.3143521156261986,15.59511860693921,141.48428572363645,4.646966516582349,0.7954505714150732,1.7267962085064927,0.0,0.0,0.5551383851757898,0.0,5.0,8.188097548546223,0.0,,,,
gametes_epistasis_3_way_20atts_0_2h_edm_1_1,random,Random,budget_50,seed_1,10.0,1,14.375082539837594,112.25409448135315,9.05814862583177,1.2511027191297932,15.59511860693921,141.48428572363645,4.646966516582349,0.7954505714150732,1.7267962085064927,0.0,0.0,0.4351152175095015,0.0,12.0,8.188097548546223,0.0,9.679613681035732,0.0,,
gametes_epistasis_3_way_20atts_0_2h_edm_1_1,random,Random,budget_50,seed_1,10.0,2,13.906995438652634,104.43482170757788,9.263692082816927,1.227811326876069,15.59511860693921,141.48428572363645,4.646966516582349,0.7954505714150732,1.7267962085064927,0.0,0.0,0.40782532922621995,0.0,19.0,8.188097548546223,0.0,9.679613681035732,0.0,9.616052294791476,0.0
gametes_epistasis_3_way_20atts_0_2h_edm_1_1,random,Random,budget_50,seed_2,0.1,0,20.02769114580309,142.17221137199317,8.78477625210249,1.1648092649490278,19.750036845741487,143.62309688182245,5.24225245235795,0.7192807520564097,1.979259039656926,0.0,0.0,0.4854832534608734,0.0,5.0,8.78477625210249,0.0,,,,
gametes_epistasis_3_way_20atts_0_2h_edm_1_1,random,Random,budget_50,seed_2,0.1,1,18.311585619997846,148.07655086889818,9.353982091199134,1.4422295011338946,19.750036845741487,143.62309688182245,5.24225245235795,0.7192807520564097,1.979259039656926,0.0,0.0,0.5155353155417263,0.0,12.0,8.78477625210249,0.0,9.76055769055388,0.0,,
gametes_epistasis_3_way_20atts_0_2h_edm_1_1,random,Random,budget_50,seed_2,0.1,2,17.944042667619893,149.8827981759892,9.467790355991301,1.5050384749965788,19.750036845741487,143.62309688182245,5.24225245235795,0.7192807520564097,1.979259039656926,0.0,0.0,0.5336931451604293,0.0,19.0,8.78477625210249,0.0,9.76055769055388,0.0,9.662890238492157,0.0
gametes_epistasis_3_way_20atts_0_2h_edm_1_1,random,Random,budget_50,seed_2,1.0,0,18.374380642527143,133.9760654520964,8.14485725445321,1.1098282222365194,18.137602964326145,135.3675149562437,4.868556003366259,0.685581146441363,1.9530615084114291,0.0,0.0,0.49021148072495857,0.0,5.0,8.14485725445321,0.0,,,,
gametes_epistasis_3_way_20atts_0_2h_edm_1_1,random,Random,budget_50,seed_2,1.0,1,17.236227333775993,137.0032184167009,9.59801463515572,1.4520722772614185,18.137602964326145,135.3675149562437,4.868556003366259,0.685581146441363,1.9530615084114291,0.0,0.0,0.4810678711365835,0.0,12.0,8.14485725445321,0.0,10.635984192800368,0.0,,
gametes_epistasis_3_way_20atts_0_2h_edm_1_1,random,Random,budget_50,seed_2,1.0,2,16.992958430754214,138.13549805611737,9.857266217187192,1.524986448565717,18.137602964326145,135.3675149562437,4.868556003366259,0.685581146441363,1.9530615084114291,0.0,0.0,0.4896902275047683,0.0,19.0,8.14485725445321,0.0,10.635984192800368,0.0,10.301697500669718,0.0
gametes_epistasis_3_way_20atts_0_2h_edm_1_1,random,Random,budget_50,seed_2,10.0,0,14.29021254618849,97.61893707623163,6.889322946618202,0.895111177092662,14.852807128564189,98.91692629914472,4.425775727860257,0.5561290792460949,1.7267962085064927,0.0,0.0,0.49521816246157757,0.0,5.0,6.889322946618202,0.0,,,,
gametes_epistasis_3_way_20atts_0_2h_edm_1_1,random,Random,budget_50,seed_2,10.0,1,13.166465209186262,93.94019881636318,8.558882898016783,1.1461589182518954,14.852807128564189,98.91692629914472,4.425775727860257,0.5561290792460949,1.7267962085064927,0.0,0.0,0.4287186773070924,0.0,12.0,6.889322946618202,0.0,9.751425720444336,0.42857142857142855,,
gametes_epistasis_3_way_20atts_0_2h_edm_1_1,random,Random,budget_50,seed_2,10.0,2,12.957107778429195,93.32309375157983,8.964835474277411,1.2068322917178396,14.852807128564189,98.91692629914472,4.425775727860257,0.5561290792460949,1.7267962085064927,0.0,0.0,0.39944619589722397,0.0,19.0,6.889322946618202,0.0,9.751425720444336,0.42857142857142855,9.66075417643849,0.2857142857142857
gametes_heterogeneity_20atts_1600_het_0_4_0_2_50_edm_2_001,histdistill_refined,HistDistill-Refined,budget_50,seed_0,0.1,0,4.641517366406066,23.861965904672356,2.324955698010714,0.2171299757268288,4.685977316857421,25.133989286076655,1.4800353378577282,0.14700752593515443,1.5327451312567488,0.0,0.0,0.5919969322909125,0.0,5.0,2.324955698010714,0.0,,,,
gametes_heterogeneity_20atts_1600_het_0_4_0_2_50_edm_2_001,histdistill_refined,HistDistill-Refined,budget_50,seed_0,0.1,1,6.905062202839827,41.08724387515469,2.4276066274525934,0.2600148277759135,4.685977316857421,25.133989286076655,1.4800353378577282,0.14700752593515443,1.5327451312567488,0.0,0.0,0.5817621679008694,0.0,12.0,2.324955698010714,0.0,2.500928719911078,0.14285714285714285,,
gametes_heterogeneity_20atts_1600_het_0_4_0_2_50_edm_2_001,histdistill_refined,HistDistill-Refined,budget_50,seed_0,0.1,2,7.501331333027438,45.65467663476602,2.447326704531025,0.27077926462330254,4.685977316857421,25.133989286076655,1.4800353378577282,0.14700752593515443,1.5327451312567488,0.0,0.0,0.582425666381727,0.0,19.0,2.324955698010714,0.0,2.500928719911078,0.14285714285714285,2.4811325509511937,0.0
gametes_heterogeneity_20atts_1600_het_0_4_0_2_50_edm_2_001,histdistill_refined,HistDistill-Refined,budget_50,seed_0,1.0,0,3.4301674511845563,20.335740615916478,1.7308060350979786,0.18626639086820257,3.4637876056905457,21.469955248557834,1.1022130471445193,0.12651781213321064,1.5490616683495726,0.0,0.0,0.6322734400864148,0.0,5.0,1.7308060350979786,0.0,,,,
gametes_heterogeneity_20atts_1600_het_0_4_0_2_50_edm_2_001,histdistill_refined,HistDistill-Refined,budget_50,seed_0,1.0,1,5.786757855125178,35.69188574293751,2.0726422530073885,0.2350184414934281,3.4637876056905457,21.469955248557834,1.1022130471445193,0.12651781213321064,1.5490616683495726,0.0,0.0,0.6222678787860835,0.0,12.0,1.7308060350979786,0.0,2.3168109800855383,0.14285714285714285,,
gametes_heterogeneity_20atts_1600_het_0_4_0_2_50_edm_2_001,histdistill_refined,HistDistill-Refined,budget_50,seed_0,1.0,2,6.404834663427211,39.76888055598608,2.1529398677622886,0.24727233355714956,3.4637876056905457,21.469955248557834,1.1022130471445193,0.12651781213321064,1.5490616683495726,0.0,0.0,0.6237921785687719,0.0,19.0,1.7308060350979786,0.0,2.3168109800855383,0.14285714285714285,2.290592921627833,0.0
gametes_heterogeneity_20atts_1600_het_0_4_0_2_50_edm_2_001,histdistill_refined,HistDistill-Refined,budget_50,seed_0,10.0,0,2.2720658666231417,12.106576336844384,1.2081526959425541,0.11900364767640932,2.4172250973289753,12.839407155546755,0.8263986865206798,0.08128749397606697,1.6374141893413092,0.0,0.0,0.6777040309536733,0.0,5.0,1.2081526959425541,0.0,,,,
gametes_heterogeneity_20atts_1600_het_0_4_0_2_50_edm_2_001,histdistill_refined,HistDistill-Refined,budget_50,seed_0,10.0,1,3.279974426275246,19.753338818153424,1.5970624438573398,0.17676773451314806,2.4172250973289753,12.839407155546755,0.8263986865206798,0.08128749397606697,1.6374141893413092,0.0,0.0,0.6498223271633402,0.0,12.0,1.2081526959425541,0.0,1.8748551209393294,0.0,,
gametes_heterogeneity_20atts_1600_het_0_4_0_2_50_edm_2_001,histdistill_refined,HistDistill-Refined,budget_50,seed_0,10.0,2,3.543182612287341,21.80140398643642,1.6964206899573857,0.19228119079828174,2.4172250973289753,12.839407155546755,0.8263986865206798,0.08128749397606697,1.6374141893413092,0.0,0.0,0.6427826903085077,0.0,19.0,1.2081526959425541,0.0,1.8748551209393294,0.0,1.8667491118431794,0.0
gametes_heterogeneity_20atts_1600_het_0_4_0_2_50_edm_2_001,histdistill_refined,HistDistill-Refined,budget_50,seed_1,0.1,0,3.5124489222218194,20.680869868363324,1.636024723388601,0.17709618214590747,3.5829839398963523,21.415192477594758,1.1316620818770096,0.12525645760899262,1.5327451312567488,0.0,0.0,0.6283019461068153,0.0,5.0,1.636024723388601,0.0,,,,
gametes_heterogeneity_20atts_1600_het_0_4_0_2_50_edm_2_001,histdistill_refined,HistDistill-Refined,budget_50,seed_1,0.1,1,6.040128839072156,45.37751958520578,2.1059902749810737,0.2781530681427411,3.5829839398963523,21.415192477594758,1.1316620818770096,0.12525645760899262,1.5327451312567488,0.0,0.0,0.6004371438109454,0.0,11.0,1.636024723388601,0.0,2.4976282346414678,0.16666666666666666,,
gametes_heterogeneity_20atts_1600_het_0_4_0_2_50_edm_2_001,histdistill_refined,HistDistill-Refined,budget_50,seed_1,0.1,2,6.788162631435925,53.014196441442074,2.297301794094415,0.31948142145009034,3.5829839398963523,21.415192477594758,1.1316620818770096,0.12525645760899262,1.5327451312567488,0.0,0.0,0.5946590754438931,0.0,17.0,1.636024723388601,0.0,2.4976282346414678,0.16666666666666666,2.648039579135542,0.16666666666666666
gametes_heterogeneity_20atts_1600_het_0_4_0_2_50_edm_2_001,histdistill_refined,HistDistill-Refined,budget_50,seed_1,1.0,0,2.4160705371955458,17.40161305967414,1.1322524267049863,0.1500970417397806,2.473568780549722,18.049730384567287,0.7871151737052662,0.10636316524242319,1.5490616683495726,0.0,1.0,0.6596493126571147,0.0,5.0,1.1322524267049863,0.4,,,,
gametes_heterogeneity_20atts_1600_het_0_4_0_2_50_edm_2_001,histdistill_refined,HistDistill-Refined,budget_50,seed_1,1.0,1,5.028425660448852,39.458959147984466,1.7540865149436042,0.25098174156599884,2.473568780549722,18.049730384567287,0.7871151737052662,0.10636316524242319,1.5490616683495726,0.0,1.0,0.6352087870655502,0.0,11.0,1.1322524267049863,0.4,2.272281588475786,0.16666666666666666,,
gametes_heterogeneity_20atts_1600_het_0_4_0_2_50_edm_2_001,histdistill_refined,HistDistill-Refined,budget_50,seed_1,1.0,2,5.862978747477792,46.33146972155459,2.033095783431023,0.2912247482338856,2.473568780549722,18.049730384567287,0.7871151737052662,0.10636316524242319,1.5490616683495726,0.0,1.0,0.6289601305775848,0.0,17.0,1.1322524267049863,0.4,2.272281588475786,0.16666666666666666,2.544612775657957,0.16666666666666666
gametes_heterogeneity_20atts_1600_het_0_4_0_2_50_edm_2_001,histdistill_refined,HistDistill-Refined,budget_50,seed_1,10.0,0,1.5615646579382925,10.58147528811219,0.7856415440517994,0.09811882442942876,1.581351920655392,11.01096916974845,0.5406311359254914,0.0697114811621122,1.6374141893413092,0.0,1.0,0.7182079722792171,0.0,5.0,0.7856415440517994,0.8,,,,
gametes_heterogeneity_20atts_1600_het_0_4_0_2_50_edm_2_001,histdistill_refined,HistDistill-Refined,budget_50,seed_1,10.0,1,2.9892681797613303,22.05237720790621,1.4006362186558532,0.19246116292464988,1.581351920655392,11.01096916974845,0.5406311359254914,0.0697114811621122,1.6374141893413092,0.0,1.0,0.6624254340399003,0.0,11.0,0.7856415440517994,0.8,1.9131317808258979,0.5,,
gametes_heterogeneity_20atts_1600_het_0_4_0_2_50_edm_2_001,histdistill_refined,HistDistill-Refined,budget_50,seed_1,10.0,2,3.5469207867563304,25.783278808814842,1.7170146870598173,0.22677789479980665,1.581351920655392,11.01096916974845,0.5406311359254914,0.0697114811621122,1.6374141893413092,0.0,1.0,0.6450792335197284,0.0,17.0,0.7856415440517994,0.8,1.9131317808258979,0.5,2.2970418791337512,0.3333333333333333
gametes_heterogeneity_20atts_1600_het_0_4_0_2_50_edm_2_001,histdistill_refined,HistDistill-Refined,budget_50,seed_2,0.1,0,2.7357999146811833,13.639756846441395,1.225387875347962,0.1112273815733937,2.643122377404922,13.795851804294351,0.8348129443070547,0.08069129093807809,1.5327451312567488,0.0,0.0,0.714633848384788,0.0,5.0,1.225387875347962,0.0,,,,
gametes_heterogeneity_20atts_1600_het_0_4_0_2_50_edm_2_001,histdistill_refined,HistDistill-Refined,budget_50,seed_2,0.1,1,10.040655866605938,35.40959799815417,2.8555192825948263,0.19940924749162212,2.643122377404922,13.795851804294351,0.8348129443070547,0.08069129093807809,1.5327451312567488,0.0,0.0,0.6509033049415884,0.0,11.0,1.225387875347962,0.0,4.213962121967213,0.0,,
gametes_heterogeneity_20atts_1600_het_0_4_0_2_50_edm_2_001,histdistill_refined,HistDistill-Refined,budget_50,seed_2,0.1,2,13.898826418300299,47.00439150216923,3.7220956105686662,0.2479413675678541,2.643122377404922,13.795851804294351,0.8348129443070547,0.08069129093807809,1.5327451312567488,0.0,0.0,0.6127692418190466,0.0,18.0,1.225387875347962,0.0,4.213962121967213,0.0,5.083858411670414,0.0
gametes_heterogeneity_20atts_1600_het_0_4_0_2_50_edm_2_001,histdistill_refined,HistDistill-Refined,budget_50,seed_2,1.0,0,2.4169487718193374,12.260642136881671,1.0902687647703062,0.1006363041284154,2.3377666244778696,12.43647256857514,0.7439015228431745,0.07328544851701574,1.5490616683495726,0.0,0.0,0.7554619742881886,0.0,5.0,1.0902687647703062,0.0,,,,
gametes_heterogeneity_20atts_1600_het_0_4_0_2_50_edm_2_001,histdistill_refined,HistDistill-Refined,budget_50,seed_2,1.0,1,9.187961204510046,30.927340691943694,2.74735501496677,0.18331214803499724,2.3377666244778696,12.43647256857514,0.7439015228431745,0.07328544851701574,1.5490616683495726,0.0,0.0,0.6928406847963354,0.0,11.0,1.0902687647703062,0.0,4.128260223463823,0.0,,
gametes_heterogeneity_20atts_1600_het_0_4_0_2_50_edm_2_001,histdistill_refined,HistDistill-Refined,budget_50,seed_2,1.0,2,12.764192983680928,40.89004880659773,3.629036928779785,0.22894904468856517,2.3377666244778696,12.43647256857514,0.7439015228431745,0.07328544851701574,1.5490616683495726,0.0,0.0,0.6521122253590257,0.0,18.0,1.0902687647703062,0.0,4.128260223463823,0.0,5.014537079057378,0.0
gametes_heterogeneity_20atts_1600_het_0_4_0_2_50_edm_2_001,histdistill_refined,HistDistill-Refined,budget_50,seed_2,10.0,0,1.1307474614467934,8.39117044581823,0.5461745176237732,0.07365272007805787,1.104959599287392,8.635613587254308,0.37776256854131235,0.054672881617460006,1.6374141893413092,0.0,1.0,0.7762273153700854,0.0,5.0,0.5461745176237732,0.4,,,,
gametes_heterogeneity_20atts_1600_het_0_4_0_2_50_edm_2_001,histdistill_refined,HistDistill-Refined,budget_50,seed_2,10.0,1,5.070711810468037,17.3779402779139,2.3254093577573385,0.14695559505313815,1.104959599287392,8.635613587254308,0.37776256854131235,0.054672881617460006,1.6374141893413092,0.0,1.0,0.7276598888300444,0.0,11.0,0.5461745176237732,0.4,3.808105057868643,0.16666666666666666,,
gametes_heterogeneity_20atts_1600_het_0_4_0_2_50_edm_2_001,histdistill_refined,HistDistill-Refined,budget_50,seed_2,10.0,2,7.138499676157284,22.260236158726713,3.27085048911277,0.18799507772337382,1.104959599287392,8.635613587254308,0.37776256854131235,0.054672881617460006,1.6374141893413092,0.0,1.0,0.692944692160951,0.0,18.0,0.5461745176237732,0.4,3.808105057868643,0.16666666666666666,4.756543695528449,0.14285714285714285
gametes_heterogeneity_20atts_1600_het_0_4_0_2_50_edm_2_001,histdistill_density,HistDistill-Density,budget_50,seed_0,0.1,0,5.231668737481647,23.949698136098757,2.625743709349611,0.21746773226541496,5.279345761804643,25.337668522732816,1.6674468867212493,0.1481988362490237,1.5327451312567488,0.0,0.0,0.5693287234580892,0.0,5.0,2.625743709349611,0.0,,,,
gametes_heterogeneity_20atts_1600_het_0_4_0_2_50_edm_2_001,histdistill_density,HistDistill-Density,budget_50,seed_0,0.1,1,7.367543957755699,42.86381542898254,2.636062691114473,0.2693959552212728,5.279345761804643,25.337668522732816,1.6674468867212493,0.1481988362490237,1.5327451312567488,0.0,0.0,0.5791066011715174,0.0,12.0,2.625743709349611,0.0,2.643433392375088,0.14285714285714285,,
gametes_heterogeneity_20atts_1600_het_0_4_0_2_50_edm_2_001,histdistill_density,HistDistill-Density,budget_50,seed_0,0.1,2,7.927680553690578,47.89697869470477,2.6287098474470443,0.2827389655842644,5.279345761804643,25.337668522732816,1.6674468867212493,0.1481988362490237,1.5327451312567488,0.0,0.0,0.585502578421459,0.0,19.0,2.625743709349611,0.0,2.643433392375088,0.14285714285714285,2.6161049725885954,0.0
gametes_heterogeneity_20atts_1600_het_0_4_0_2_50_edm_2_001,histdistill_density,HistDistill-Density,budget_50,seed_0,1.0,0,3.9769979276928966,20.415334368965055,2.0114144796115836,0.18656762045887806,4.011650309304367,21.65908893643853,1.2765486267784902,0.1276323361326474,1.5490616683495726,0.0,0.0,0.6064719908232955,0.0,5.0,2.0114144796115836,0.0,,,,
gametes_heterogeneity_20atts_1600_het_0_4_0_2_50_edm_2_001,histdistill_density,HistDistill-Density,budget_50,seed_0,1.0,1,6.356356046950868,37.37347845284254,2.3240806193995467,0.24448474603692114,4.011650309304367,21.65908893643853,1.2765486267784902,0.1276323361326474,1.5490616683495726,0.0,0.0,0.6181781094837266,0.0,12.0,2.0114144796115836,0.0,2.5474135763909485,0.14285714285714285,,
gametes_heterogeneity_20atts_1600_het_0_4_0_2_50_edm_2_001,histdistill_density,HistDistill-Density,budget_50,seed_0,1.0,2,6.9805757492624165,41.893413937249086,2.3949678366426554,0.25934854959795783,4.011650309304367,21.65908893643853,1.2765486267784902,0.1276323361326474,1.5490616683495726,0.0,0.0,0.6258093873010916,0.0,19.0,2.0114144796115836,0.0,2.5474135763909485,0.14285714285714285,2.516488780487986,0.0
gametes_heterogeneity_20atts_1600_het_0_4_0_2_50_edm_2_001,histdistill_density,HistDistill-Density,budget_50,seed_0,10.0,0,1.8233979579270945,12.09505967899983,0.9639548363751453,0.11861383086815011,1.9741106151865235,12.9003013792665,0.6749071161139969,0.08167302103224866,1.6374141893413092,0.0,0.0,0.6626166850172174,0.0,5.0,0.9639548363751453,0.0,,,,
gametes_heterogeneity_20atts_1600_het_0_4_0_2_50_edm_2_001,histdistill_density,HistDistill-Density,budget_50,seed_0,10.0,1,3.314399623554199,20.84738322894916,1.6011645890167714,0.1861444383403805,1.9741106151865235,12.9003013792665,0.6749071161139969,0.08167302103224866,1.6374141893413092,0.0,0.0,0.6543329086895057,0.0,12.0,0.9639548363751453,0.0,2.056314412332219,0.0,,
gametes_heterogeneity_20atts_1600_het_0_4_0_2_50_edm_2_001,histdistill_density,HistDistill-Density,budget_50,seed_0,10.0,2,3.7048726067176605,23.207371739275406,1.765648419572414,0.204504626308682,1.9741106151865235,12.9003013792665,0.6749071161139969,0.08167302103224866,1.6374141893413092,0.0,0.0,0.6558206590720719,0.0,19.0,0.9639548363751453,0.0,2.056314412332219,0.0,2.047620700524943,0.0
gametes_heterogeneity_20atts_1600_het_0_4_0_2_50_edm_2_001,histdistill_density,HistDistill-Density,budget_50,seed_1,0.1,0,3.505953535513131,21.87467245996786,1.6327322108023181,0.1872907342116757,3.5781751457794706,22.692198501796227,1.1301432556548117,0.13272560602333294,1.5327451312567488,0.0,1.0,0.6477848703530296,0.0,5.0,1.6327322108023181,0.6,,,,
gametes_heterogeneity_20atts_1600_het_0_4_0_2_50_edm_2_001,histdistill_density,HistDistill-Density,budget_50,seed_1,0.1,1,5.896321463346459,45.38068782630725,2.067296536814738,0.28108708805433497,3.5781751457794706,22.692198501796227,1.1301432556548117,0.13272560602333294,1.5327451312567488,0.0,1.0,0.6178114712777617,0.0,11.0,1.6327322108023181,0.6,2.4294334751584206,0.5,,
gametes_heterogeneity_20atts_1600_het_0_4_0_2_50_edm_2_001,histdistill_density,HistDistill-Density,budget_50,seed_1,0.1,2,6.627753163276488,52.70821167629897,2.2716170609841178,0.32125936723187687,3.5781751457794706,22.692198501796227,1.1301432556548117,0.13272560602333294,1.5327451312567488,0.0,1.0,0.6114537510237384,0.0,17.0,1.6327322108023181,0.6,2.4294334751584206,0.5,2.6462046886279813,0.5
gametes_heterogeneity_20atts_1600_het_0_4_0_2_50_edm_2_001,histdistill_density,HistDistill-Density,budget_50,seed_1,1.0,0,2.467692201799476,18.60435156774989,1.151789595494595,0.16044808544096045,2.520192205268318,19.33380294369464,0.8019512297448951,0.11392992767486924,1.5490616683495726,0.0,1.0,0.6830210831583287,0.0,5.0,1.151789595494595,0.8,,,,
gametes_heterogeneity_20atts_1600_het_0_4_0_2_50_edm_2_001,histdistill_density,HistDistill-Density,budget_50,seed_1,1.0,1,4.92180404513714,39.49171273692053,1.7268864097484675,0.2539270195003904,2.520192205268318,19.33380294369464,0.8019512297448951,0.11392992767486924,1.5490616683495726,0.0,1.0,0.6570799317467335,0.0,11.0,1.151789595494595,0.8,2.2061337549600286,0.5,,
gametes_heterogeneity_20atts_1600_het_0_4_0_2_50_edm_2_001,histdistill_density,HistDistill-Density,budget_50,seed_1,1.0,2,5.740701653412636,46.06091287670899,2.0181997332261035,0.2929546525111517,2.520192205268318,19.33380294369464,0.8019512297448951,0.11392992767486924,1.5490616683495726,0.0,1.0,0.6505191704878527,0.0,17.0,1.151789595494595,0.8,2.2061337549600286,0.5,2.5522741596017684,0.5
gametes_heterogeneity_20atts_1600_het_0_4_0_2_50_edm_2_001,histdistill_density,HistDistill-Density,budget_50,seed_1,10.0,0,1.754391886050307,11.781460352617648,0.8763516393805993,0.10922394736410115,1.7978742770082223,12.280176519892313,0.6146555993857056,0.07774695223794208,1.6374141893413092,0.0,1.0,0.7376856705755915,0.0,5.0,0.8763516393805993,1.0,,,,
gametes_heterogeneity_20atts_1600_het_0_4_0_2_50_edm_2_001,histdistill_density,HistDistill-Density,budget_50,seed_1,10.0,1,3.157451832731027,22.4420123902789,1.524040717492243,0.196638172791065,1.7978742770082223,12.280176519892313,0.6146555993857056,0.07774695223794208,1.6374141893413092,0.0,1.0,0.6925608662575257,0.0,11.0,0.8763516393805993,1.0,2.0637816159186126,0.5,,
gametes_heterogeneity_20atts_1600_het_0_4_0_2_50_edm_2_001,histdistill_density,HistDistill-Density,budget_50,seed_1,10.0,2,3.6669596949845222,25.973065384836815,1.809294626847027,0.22966082496719126,1.7978742770082223,12.280176519892313,0.6146555993857056,0.07774695223794208,1.6374141893413092,0.0,1.0,0.6769617422725124,0.0,17.0,0.8763516393805993,1.0,2.0637816159186126,0.5,2.3322601273307972,0.5
gametes_heterogeneity_20atts_1600_het_0_4_0_2_50_edm_2_001,histdistill_density,HistDistill-Density,budget_50,seed_2,0.1,0,1.9545331844218414,15.586717644369068,0.8495245625611737,0.1253325383691717,2.100129554960744,16.401242331118365,0.6633122068772275,0.09593009808022411,1.5327451312567488,0.0,0.0,0.7253081058385862,0.0,5.0,0.8495245625611737,0.0,,,,
gametes_heterogeneity_20atts_1600_het_0_4_0_2_50_edm_2_001,histdistill_density,HistDistill-Density,budget_50,seed_2,0.1,1,9.53382751588846,37.83724060003409,2.604283300629333,0.21451994607658909,2.100129554960744,16.401242331118365,0.6633122068772275,0.09593009808022411,1.5327451312567488,0.0,0.0,0.6456562316128227,0.0,11.0,0.8495245625611737,0.0,4.066582249019465,0.0,,
gametes_heterogeneity_20atts_1600_het_0_4_0_2_50_edm_2_001,histdistill_density,HistDistill-Density,budget_50,seed_2,0.1,2,13.529254983768526,49.678891483579065,3.5418349056302874,0.26330818853311716,2.100129554960744,16.401242331118365,0.6633122068772275,0.09593009808022411,1.5327451312567488,0.0,0.0,0.6051077122796367,0.0,18.0,0.8495245625611737,0.0,4.066582249019465,0.0,5.015130284917502,0.0
gametes_heterogeneity_20atts_1600_het_0_4_0_2_50_edm_2_001,histdistill_density,HistDistill-Density,budget_50,seed_2,1.0,0,1.8007516524451457,14.183777002398866,0.7843379813376522,0.11473461266331982,1.9191371095195668,14.988573227664634,0.6106892806869947,0.08832442684713669,1.5490616683495726,0.0,0.0,0.7662284732781011,0.0,5.0,0.7843379813376522,0.0,,,,
gametes_heterogeneity_20atts_1600_het_0_4_0_2_50_edm_2_001,histdistill_density,HistDistill-Density,budget_50,seed_2,1.0,1,8.84887117491837,33.28441101593293,2.565355109784712,0.19850667309298195,1.9191371095195668,14.988573227664634,0.6106892806869947,0.08832442684713669,1.5490616683495726,0.0,0.0,0.6841420023899296,0.0,11.0,0.7843379813376522,0.0,4.04953605015726,0.0,,
gametes_heterogeneity_20atts_1600_het_0_4_0_2_50_edm_2_001,histdistill_density,HistDistill-Density,budget_50,seed_2,1.0,2,12.561415494048255,43.46831088261135,3.516320298808403,0.24443332517006638,1.9191371095195668,14.988573227664634,0.6106892806869947,0.08832442684713669,1.5490616683495726,0.0,0.0,0.6389709428714734,0.0,18.0,0.7843379813376522,0.0,4.04953605015726,0.0,5.010694167274204,0.0
gametes_heterogeneity_20atts_1600_het_0_4_0_2_50_edm_2_001,histdistill_density,HistDistill-Density,budget_50,seed_2,10.0,0,1.5948092686703375,10.00189735411954,0.7476949547403254,0.08651746776266203,1.7458217881973352,10.718204334770402,0.5968599425265317,0.06785795946353429,1.6374141893413092,0.0,0.0,0.7973832032621906,0.0,5.0,0.7476949547403254,0.0,,,,
gametes_heterogeneity_20atts_1600_het_0_4_0_2_50_edm_2_001,histdistill_density,HistDistill-Density,budget_50,seed_2,10.0,1,5.5454313059039,19.103155010934465,2.524810573657231,0.1610506860441621,1.7458217881973352,10.718204334770402,0.5968599425265317,0.06785795946353429,1.6374141893413092,0.0,0.0,0.7183078824948551,0.0,11.0,0.7476949547403254,0.0,4.005740256087987,0.0,,
gametes_heterogeneity_20atts_1600_het_0_4_0_2_50_edm_2_001,histdistill_density,HistDistill-Density,budget_50,seed_2,10.0,2,7.631586573975282,24.033435084691703,3.4780724033834356,0.2023774897396702,1.7458217881973352,10.718204334770402,0.5968599425265317,0.06785795946353429,1.6374141893413092,0.0,0.0,0.6632042662319778,0.0,18.0,0.7476949547403254,0.0,4.005740256087987,0.0,4.976055278667469,0.0
gametes_heterogeneity_20atts_1600_het_0_4_0_2_50_edm_2_001,gain_path_refined,Legacy gain-path refined,budget_50,seed_0,0.1,0,4.626739477984262,23.00720691397121,2.3212742618190196,0.20886183224272722,4.656464432554591,24.329319476136334,1.4707138860587279,0.14230104991148684,1.5327451312567488,0.0,0.0,0.646693822058982,0.0,5.0,2.3212742618190196,0.0,,,,
gametes_heterogeneity_20atts_1600_het_0_4_0_2_50_edm_2_001,gain_path_refined,Legacy gain-path refined,budget_50,seed_0,0.1,1,6.645493615616446,39.82141283638486,2.3793251059909806,0.2552976444373211,4.656464432554591,24.329319476136334,1.4707138860587279,0.14230104991148684,1.5327451312567488,0.0,0.0,0.614796070196313,0.0,12.0,2.3212742618190196,0.0,2.4207899946852374,0.14285714285714285,,
gametes_heterogeneity_20atts_1600_het_0_4_0_2_50_edm_2_001,gain_path_refined,Legacy gain-path refined,budget_50,seed_0,0.1,2,7.174582503157141,44.17635574593459,2.384927902341295,0.2657330489436611,4.656464432554591,24.329319476136334,1.4707138860587279,0.14230104991148684,1.5327451312567488,0.0,0.0,0.6109283384752953,0.0,19.0,2.3212742618190196,0.0,2.4207899946852374,0.14285714285714285,2.394532696084691,0.0
gametes_heterogeneity_20atts_1600_het_0_4_0_2_50_edm_2_001,gain_path_refined,Legacy gain-path refined,budget_50,seed_0,1.0,0,3.4165761075763994,19.256524737064645,1.7274187272473802,0.17590984339521804,3.4365169270672355,20.42476617078526,1.0935352351061265,0.12035873849498326,1.5490616683495726,0.0,0.0,0.6685122489090862,0.0,5.0,1.7274187272473802,0.0,,,,
gametes_heterogeneity_20atts_1600_het_0_4_0_2_50_edm_2_001,gain_path_refined,Legacy gain-path refined,budget_50,seed_0,1.0,1,5.671032572043188,34.37281029070702,2.073500917859056,0.22892293492410698,3.4365169270672355,20.42476617078526,1.0935352351061265,0.12035873849498326,1.5490616683495726,0.0,0.0,0.6366976220278387,0.0,12.0,1.7274187272473802,0.0,2.3207024825816824,0.14285714285714285,,
gametes_heterogeneity_20atts_1600_het_0_4_0_2_50_edm_2_001,gain_path_refined,Legacy gain-path refined,budget_50,seed_0,1.0,2,6.2621583862153205,38.28456246060473,2.153612124625092,0.2410120556274067,3.4365169270672355,20.42476617078526,1.0935352351061265,0.12035873849498326,1.5490616683495726,0.0,0.0,0.6334254766148985,0.0,19.0,1.7274187272473802,0.0,2.3207024825816824,0.14285714285714285,2.2909456219382958,0.0
gametes_heterogeneity_20atts_1600_het_0_4_0_2_50_edm_2_001,gain_path_refined,Legacy gain-path refined,budget_50,seed_0,10.0,0,1.691904289747944,10.309895176660628,0.9021368376627527,0.10098491912797085,1.767585448516646,11.016517025219104,0.6043004826407455,0.06974660515675521,1.6374141893413092,0.0,0.0,0.6933447566716122,0.0,5.0,0.9021368376627527,0.0,,,,
gametes_heterogeneity_20atts_1600_het_0_4_0_2_50_edm_2_001,gain_path_refined,Legacy gain-path refined,budget_50,seed_0,10.0,1,3.003517585782941,18.591689906375283,1.4560389966907474,0.16601812973368682,1.767585448516646,11.016517025219104,0.6043004826407455,0.06974660515675521,1.6374141893413092,0.0,0.0,0.6480064018847943,0.0,12.0,0.9021368376627527,0.0,1.8516833959964585,0.0,,
gametes_heterogeneity_20atts_1600_het_0_4_0_2_50_edm_2_001,gain_path_refined,Legacy gain-path refined,budget_50,seed_0,10.0,2,3.3465550301998017,20.72148042137864,1.5984869219621496,0.18224779162617927,1.767585448516646,11.016517025219104,0.6043004826407455,0.06974660515675521,1.6374141893413092,0.0,0.0,0.6392712092746735,0.0,19.0,0.9021368376627527,0.0,1.8516833959964585,0.0,1.8426833652845533,0.0
gametes_heterogeneity_20atts_1600_het_0_4_0_2_50_edm_2_001,gain_path_refined,Legacy gain-path refined,budget_50,seed_1,0.1,0,4.597582497159626,23.11910768610693,2.1497573391960274,0.19844381945650086,4.656464432554591,23.682378317153876,1.4707138860587279,0.1385171213784896,1.5327451312567488,0.0,1.0,0.6836760591658334,0.0,5.0,2.1497573391960274,0.4,,,,
gametes_heterogeneity_20atts_1600_het_0_4_0_2_50_edm_2_001,gain_path_refined,Legacy gain-path refined,budget_50,seed_1,0.1,1,6.740984224305876,44.6691633801379,2.4586739973087233,0.2793881812546845,4.656464432554591,23.682378317153876,1.4707138860587279,0.1385171213784896,1.5327451312567488,0.0,1.0,0.6458864122599421,0.0,11.0,2.1497573391960274,0.4,2.7161045457359703,0.3333333333333333,,
gametes_heterogeneity_20atts_1600_het_0_4_0_2_50_edm_2_001,gain_path_refined,Legacy gain-path refined,budget_50,seed_1,0.1,2,7.384681049777451,51.40274980338478,2.6268843584514947,0.3159246159293905,4.656464432554591,23.682378317153876,1.4707138860587279,0.1385171213784896,1.5327451312567488,0.0,1.0,0.6359308142647588,0.0,17.0,2.1497573391960274,0.4,2.7161045457359703,0.3333333333333333,2.935270020546574,0.3333333333333333
gametes_heterogeneity_20atts_1600_het_0_4_0_2_50_edm_2_001,gain_path_refined,Legacy gain-path refined,budget_50,seed_1,1.0,0,3.390339583009953,19.33106450231418,1.5970534966221348,0.16718027017916487,3.4365169270672355,19.807972848771875,1.0935352351061265,0.1167241085790802,1.5490616683495726,0.0,1.0,0.6981122860450337,0.0,5.0,1.5970534966221348,0.6,,,,
gametes_heterogeneity_20atts_1600_het_0_4_0_2_50_edm_2_001,gain_path_refined,Legacy gain-path refined,budget_50,seed_1,1.0,1,5.455999046295196,38.47579315501064,2.004188187240172,0.2492641813716774,3.4365169270672355,19.807972848771875,1.0935352351061265,0.1167241085790802,1.5490616683495726,0.0,1.0,0.6747198378286868,0.0,11.0,1.5970534966221348,0.6,2.343467096088536,0.5,,
gametes_heterogeneity_20atts_1600_het_0_4_0_2_50_edm_2_001,gain_path_refined,Legacy gain-path refined,budget_50,seed_1,1.0,2,6.144530239195839,44.51461691048121,2.2475475329115446,0.28498879061960014,3.4365169270672355,19.807972848771875,1.0935352351061265,0.1167241085790802,1.5490616683495726,0.0,1.0,0.669452032526395,0.0,17.0,1.5970534966221348,0.6,2.343467096088536,0.5,2.6937063333090623,0.5
gametes_heterogeneity_20atts_1600_het_0_4_0_2_50_edm_2_001,gain_path_refined,Legacy gain-path refined,budget_50,seed_1,10.0,0,1.3577579798975141,10.4405593872501,0.6601260084067955,0.09683080267217589,1.5072690601749001,10.773542424753979,0.5153037559216914,0.0682083101145956,1.6374141893413092,0.0,1.0,0.718210248689612,0.0,5.0,0.6601260084067955,1.0,,,,
gametes_heterogeneity_20atts_1600_het_0_4_0_2_50_edm_2_001,gain_path_refined,Legacy gain-path refined,budget_50,seed_1,10.0,1,2.710626163050744,20.26868071236328,1.2651221939580122,0.17827869937775406,1.5072690601749001,10.773542424753979,0.5153037559216914,0.0682083101145956,1.6374141893413092,0.0,1.0,0.6934440737726248,0.0,11.0,0.6601260084067955,1.0,1.7692856819173592,0.6666666666666666,,
gametes_heterogeneity_20atts_1600_het_0_4_0_2_50_edm_2_001,gain_path_refined,Legacy gain-path refined,budget_50,seed_1,10.0,2,3.3138054287475556,23.54095790314025,1.6470908843653784,0.20946754586247512,1.5072690601749001,10.773542424753979,0.5153037559216914,0.0682083101145956,1.6374141893413092,0.0,1.0,0.6798378358748952,0.0,17.0,0.6601260084067955,1.0,1.7692856819173592,0.6666666666666666,2.3473668167788837,0.5
gametes_heterogeneity_20atts_1600_het_0_4_0_2_50_edm_2_001,gain_path_refined,Legacy gain-path refined,budget_50,seed_2,0.1,0,2.0351394524748097,17.81838138108707,0.8778041994693065,0.1455842315552205,2.175393927508446,17.858331772336285,0.687083967498338,0.10445254596470477,1.5327451312567488,0.0,0.0,0.7054860511527524,0.0,5.0,0.8778041994693065,0.0,,,,
gametes_heterogeneity_20atts_1600_het_0_4_0_2_50_edm_2_001,gain_path_refined,Legacy gain-path refined,budget_50,seed_2,0.1,1,9.386863640290514,38.49048472178606,2.552977499134142,0.22378226014472916,2.175393927508446,17.858331772336285,0.687083967498338,0.10445254596470477,1.5327451312567488,0.0,0.0,0.61828288001005,0.0,11.0,0.8778041994693065,0.0,3.9489552488548374,0.0,,
gametes_heterogeneity_20atts_1600_het_0_4_0_2_50_edm_2_001,gain_path_refined,Legacy gain-path refined,budget_50,seed_2,0.1,2,13.337007475962306,49.57700310553281,3.4780510728369567,0.26736528728224407,2.175393927508446,17.858331772336285,0.687083967498338,0.10445254596470477,1.5327451312567488,0.0,0.0,0.5773006957077462,0.0,18.0,0.8778041994693065,0.0,3.9489552488548374,0.0,4.931738117227096,0.0
gametes_heterogeneity_20atts_1600_het_0_4_0_2_50_edm_2_001,gain_path_refined,Legacy gain-path refined,budget_50,seed_2,1.0,0,1.9520960909681495,16.146979460088748,0.8398367127806925,0.13290992466766863,2.1205469834154353,16.18799687327671,0.6747799860371286,0.09539237150314021,1.5490616683495726,0.0,0.0,0.7301629874916271,0.0,5.0,0.8398367127806925,0.0,,,,
gametes_heterogeneity_20atts_1600_het_0_4_0_2_50_edm_2_001,gain_path_refined,Legacy gain-path refined,budget_50,seed_2,1.0,1,8.729573436361441,33.79700210696817,2.5228901054537225,0.20624478029366564,2.1205469834154353,16.18799687327671,0.6747799860371286,0.09539237150314021,1.5490616683495726,0.0,0.0,0.6454253811647399,0.0,11.0,0.8398367127806925,0.0,3.925434599347915,0.0,,
gametes_heterogeneity_20atts_1600_het_0_4_0_2_50_edm_2_001,gain_path_refined,Legacy gain-path refined,budget_50,seed_2,1.0,2,12.38658582541326,43.29183264999029,3.4583653514638053,0.2472689628277072,2.1205469834154353,16.18799687327671,0.6747799860371286,0.09539237150314021,1.5490616683495726,0.0,0.0,0.6079523139167259,0.0,18.0,0.8398367127806925,0.0,3.925434599347915,0.0,4.928397880908221,0.0
gametes_heterogeneity_20atts_1600_het_0_4_0_2_50_edm_2_001,gain_path_refined,Legacy gain-path refined,budget_50,seed_2,10.0,0,1.5384748264371886,10.895367599821924,0.7031200496296677,0.09621292841249218,1.7027656299770288,10.971782388042163,0.5821399428710569,0.06946338596244286,1.6374141893413092,0.0,0.0,0.7342195679188012,0.0,5.0,0.7031200496296677,0.0,,,,
gametes_heterogeneity_20atts_1600_het_0_4_0_2_50_edm_2_001,gain_path_refined,Legacy gain-path refined,budget_50,seed_2,10.0,1,5.340491455983615,19.127468067900626,2.4329145766550244,0.16261786514439666,1.7027656299770288,10.971782388042163,0.5821399428710569,0.06946338596244286,1.6374141893413092,0.0,0.0,0.6730463806704091,0.0,11.0,0.7031200496296677,0.0,3.8744100158428227,0.16666666666666666,,
gametes_heterogeneity_20atts_1600_het_0_4_0_2_50_edm_2_001,gain_path_refined,Legacy gain-path refined,budget_50,seed_2,10.0,2,7.42975563528402,23.669033489165447,3.4019469009739933,0.20032393719632383,1.7027656299770288,10.971782388042163,0.5821399428710569,0.06946338596244286,1.6374141893413092,0.0,0.0,0.6380115045622241,0.0,18.0,0.7031200496296677,0.0,3.8744100158428227,0.16666666666666666,4.9247119820466585,0.14285714285714285
gametes_heterogeneity_20atts_1600_het_0_4_0_2_50_edm_2_001,random,Random,budget_50,seed_0,0.1,0,19.176096877551817,183.81250129875167,9.345150481995407,1.6932324060282204,20.504549750721832,188.12168044619816,6.476228151757731,1.100314896389304,1.5327451312567488,0.0,0.0,0.5635721869417092,0.0,5.0,9.345150481995407,0.0,,,,
gametes_heterogeneity_20atts_1600_het_0_4_0_2_50_edm_2_001,random,Random,budget_50,seed_0,0.1,1,20.04986392182664,164.1975784152244,7.878317992000317,1.317258090991604,20.504549750721832,188.12168044619816,6.476228151757731,1.100314896389304,1.5327451312567488,0.0,0.0,0.5407974952684488,0.0,12.0,9.345150481995407,0.0,6.830580499146678,0.0,,
gametes_heterogeneity_20atts_1600_het_0_4_0_2_50_edm_2_001,random,Random,budget_50,seed_0,0.1,2,20.29642237338329,159.31369979633303,7.469147448422357,1.2145009677148775,20.504549750721832,188.12168044619816,6.476228151757731,1.100314896389304,1.5327451312567488,0.0,0.0,0.5390477632832821,0.0,19.0,9.345150481995407,0.0,6.830580499146678,0.0,6.76771223086014,0.0
gametes_heterogeneity_20atts_1600_het_0_4_0_2_50_edm_2_001,random,Random,budget_50,seed_0,1.0,0,18.939099595864818,172.4208147559586,9.298901747012234,1.59964971645958,20.25182194536343,176.59118241969864,6.444339237185175,1.0406137219712044,1.5490616683495726,0.0,0.0,0.5991020932481369,0.0,5.0,9.298901747012234,0.0,,,,
gametes_heterogeneity_20atts_1600_het_0_4_0_2_50_edm_2_001,random,Random,budget_50,seed_0,1.0,1,19.31603050330857,151.4681739160009,7.852005471720215,1.246217707629773,20.25182194536343,176.59118241969864,6.444339237185175,1.0406137219712044,1.5490616683495726,0.0,0.0,0.5729265020290518,0.0,12.0,9.298901747012234,0.0,6.818508132225916,0.0,,
gametes_heterogeneity_20atts_1600_het_0_4_0_2_50_edm_2_001,random,Random,budget_50,seed_0,1.0,2,19.431715063391863,146.22519519154517,7.441972375979595,1.1484696946495736,20.25182194536343,176.59118241969864,6.444339237185175,1.0406137219712044,1.5490616683495726,0.0,0.0,0.5706762367540074,0.0,19.0,9.298901747012234,0.0,6.818508132225916,0.0,6.739058497567099,0.0
gametes_heterogeneity_20atts_1600_het_0_4_0_2_50_edm_2_001,random,Random,budget_50,seed_0,10.0,0,16.883901255620593,128.31645096609674,8.907229297901745,1.2767141575065732,18.059571254325874,131.97428611608976,6.174189561490546,0.8355416147873181,1.6374141893413092,0.0,0.0,0.6400587883014928,0.0,5.0,8.907229297901745,0.0,,,,
gametes_heterogeneity_20atts_1600_het_0_4_0_2_50_edm_2_001,random,Random,budget_50,seed_0,10.0,1,15.076245064014154,106.34365150389003,7.509070481509281,1.000857687309075,18.059571254325874,131.97428611608976,6.174189561490546,0.8355416147873181,1.6374141893413092,0.0,0.0,0.6300940664791295,0.0,12.0,8.907229297901745,0.0,6.510385612657524,0.0,,
gametes_heterogeneity_20atts_1600_het_0_4_0_2_50_edm_2_001,random,Random,budget_50,seed_0,10.0,2,14.615832976800203,100.77704395032471,7.143409042576617,0.9296850656997299,18.059571254325874,131.97428611608976,6.174189561490546,0.8355416147873181,1.6374141893413092,0.0,0.0,0.6301883471481244,0.0,19.0,8.907229297901745,0.0,6.510385612657524,0.0,6.51656086154919,0.0
gametes_heterogeneity_20atts_1600_het_0_4_0_2_50_edm_2_001,random,Random,budget_50,seed_1,0.1,0,23.484864850663996,244.14355640279814,10.853892686219158,2.0850739380324863,24.391226371965622,253.22720205418173,7.703809584039195,1.4811140424130274,1.5327451312567488,0.0,0.0,0.5694626581805811,0.0,5.0,10.853892686219158,0.0,,,,
gametes_heterogeneity_20atts_1600_het_0_4_0_2_50_edm_2_001,random,Random,budget_50,seed_1,0.1,1,21.756386938324827,221.91214340143725,9.55423274923517,1.7527917814075138,24.391226371965622,253.22720205418173,7.703809584039195,1.4811140424130274,1.5327451312567488,0.0,0.0,0.5468979750661739,0.0,11.0,10.853892686219158,0.0,8.471182801748514,0.0,,
gametes_heterogeneity_20atts_1600_het_0_4_0_2_50_edm_2_001,random,Random,budget_50,seed_1,0.1,2,21.16059704748245,214.7069208815639,9.374990893448304,1.6973919634712387,24.391226371965622,253.22720205418173,7.703809584039195,1.4811140424130274,1.5327451312567488,0.0,0.0,0.5430896405421547,0.0,17.0,10.853892686219158,0.0,8.471182801748514,0.0,9.046380824505718,0.0
gametes_heterogeneity_20atts_1600_het_0_4_0_2_50_edm_2_001,random,Random,budget_50,seed_1,1.0,0,23.294340561636254,229.6688070862198,10.846989893360941,1.9761605410761476,24.19160013664151,238.20423218568797,7.6980174125294205,1.4036861254766195,1.5490616683495726,0.0,0.0,0.583551467230463,0.0,5.0,10.846989893360941,0.0,,,,
gametes_heterogeneity_20atts_1600_het_0_4_0_2_50_edm_2_001,random,Random,budget_50,seed_1,1.0,1,21.263519706263235,205.21596590767732,9.565073759615666,1.6612464550989634,24.19160013664151,238.20423218568797,7.6980174125294205,1.4036861254766195,1.5490616683495726,0.0,0.0,0.5693992415543921,0.0,11.0,10.846989893360941,0.0,8.496810314827938,0.0,,
gametes_heterogeneity_20atts_1600_het_0_4_0_2_50_edm_2_001,random,Random,budget_50,seed_1,1.0,2,20.574397725268636,197.48599550230307,9.347650815315134,1.6046404303989874,24.19160013664151,238.20423218568797,7.6980174125294205,1.4036861254766195,1.5490616683495726,0.0,0.0,0.5673842794638441,0.0,17.0,10.846989893360941,0.0,8.496810314827938,0.0,8.949042084097494,0.0
gametes_heterogeneity_20atts_1600_het_0_4_0_2_50_edm_2_001,random,Random,budget_50,seed_1,10.0,0,21.55213500137571,168.09237903560515,10.786559869020358,1.554447600456701,22.367358222267132,174.29149502954786,7.646931796399198,1.1034558434556285,1.6374141893413092,0.0,0.0,0.5848180733779021,0.0,5.0,10.786559869020358,0.0,,,,
gametes_heterogeneity_20atts_1600_het_0_4_0_2_50_edm_2_001,random,Random,budget_50,seed_1,10.0,1,18.66857588381101,142.26024428700055,9.722662045960162,1.335118205380248,22.367358222267132,174.29149502954786,7.646931796399198,1.1034558434556285,1.6374141893413092,0.0,0.0,0.5817055752233526,0.0,11.0,10.786559869020358,0.0,8.83608052674333,0.0,,
gametes_heterogeneity_20atts_1600_het_0_4_0_2_50_edm_2_001,random,Random,budget_50,seed_1,10.0,2,17.692783117270896,134.47335599110417,9.22592256204881,1.2684277805912463,22.367358222267132,174.29149502954786,7.646931796399198,1.1034558434556285,1.6374141893413092,0.0,0.0,0.5724693575714404,0.0,17.0,10.786559869020358,0.0,8.83608052674333,0.0,8.315233508211334,0.0
gametes_heterogeneity_20atts_1600_het_0_4_0_2_50_edm_2_001,random,Random,budget_50,seed_2,0.1,0,20.307244296420357,153.92645081445917,8.69441563833921,1.2439947492501802,21.88835288056637,159.27773154065974,6.913293334604487,0.9316079904325892,1.5327451312567488,0.0,0.0,0.40296877055599467,0.0,5.0,8.69441563833921,0.0,,,,
gametes_heterogeneity_20atts_1600_het_0_4_0_2_50_edm_2_001,random,Random,budget_50,seed_2,0.1,1,24.086599516730118,157.09500752064085,8.731777680149484,1.1359824900166289,21.88835288056637,159.27773154065974,6.913293334604487,0.9316079904325892,1.5327451312567488,0.0,0.0,0.42895680521499335,0.0,11.0,8.69441563833921,0.0,8.762912714991378,0.0,,
gametes_heterogeneity_20atts_1600_het_0_4_0_2_50_edm_2_001,random,Random,budget_50,seed_2,0.1,2,26.02040843551424,158.27125520265272,8.68715596178652,1.0697657694350478,21.88835288056637,159.27773154065974,6.913293334604487,0.9316079904325892,1.5327451312567488,0.0,0.0,0.43655680614329073,0.0,18.0,8.69441563833921,0.0,8.762912714991378,0.0,8.617036118644718,0.0
gametes_heterogeneity_20atts_1600_het_0_4_0_2_50_edm_2_001,random,Random,budget_50,seed_2,1.0,0,19.462103220886668,145.55957876997962,8.394713188174459,1.1851968679579632,20.979686417107704,150.63610767485733,6.675953241459421,0.8876660687295029,1.5490616683495726,0.0,0.0,0.43351287028516117,0.0,5.0,8.394713188174459,0.0,,,,
gametes_heterogeneity_20atts_1600_het_0_4_0_2_50_edm_2_001,random,Random,budget_50,seed_2,1.0,1,22.813359651556524,146.8365801490985,8.493160453614331,1.0844487111744796,20.979686417107704,150.63610767485733,6.675953241459421,0.8876660687295029,1.5490616683495726,0.0,0.0,0.45328661254961117,0.0,11.0,8.394713188174459,0.0,8.575199841480895,0.0,,
gametes_heterogeneity_20atts_1600_het_0_4_0_2_50_edm_2_001,random,Random,budget_50,seed_2,1.0,2,24.527502390136064,147.06535207435135,8.483518199358222,1.0226882609383783,20.979686417107704,150.63610767485733,6.675953241459421,0.8876660687295029,1.5490616683495726,0.0,0.0,0.4541566728293394,0.0,18.0,8.394713188174459,0.0,8.575199841480895,0.0,8.468366085527192,0.0
gametes_heterogeneity_20atts_1600_het_0_4_0_2_50_edm_2_001,random,Random,budget_50,seed_2,10.0,0,13.970933799017448,110.37678529053508,6.502739803264996,0.9660102192884443,14.962303330140877,114.1569720629837,5.115298460625575,0.7227385241760932,1.6374141893413092,0.0,0.0,0.4884737122731594,0.0,5.0,6.502739803264996,0.0,,,,
gametes_heterogeneity_20atts_1600_het_0_4_0_2_50_edm_2_001,random,Random,budget_50,seed_2,10.0,1,15.256609020343102,104.65026551387272,6.975316198274402,0.8960500778483173,14.962303330140877,114.1569720629837,5.115298460625575,0.7227385241760932,1.6374141893413092,0.0,0.0,0.4961010799973819,0.0,11.0,6.502739803264996,0.0,7.369129860782241,0.0,,
gametes_heterogeneity_20atts_1600_het_0_4_0_2_50_edm_2_001,random,Random,budget_50,seed_2,10.0,2,15.911526433535819,101.38308426881193,7.18132194426609,0.852290900477617,14.962303330140877,114.1569720629837,5.115298460625575,0.7227385241760932,1.6374141893413092,0.0,0.0,0.48327133933823013,0.0,18.0,6.502739803264996,0.0,7.369129860782241,0.0,7.505045259395883,0.0
gametes_heterogeneity_20atts_1600_het_0_4_0_2_75_edm_2_001,histdistill_refined,HistDistill-Refined,budget_50,seed_0,0.1,0,4.19842749011301,20.726149479751165,1.6847730415524924,0.15126871883291315,4.746391019250365,22.269580274369297,1.4545381963747372,0.1197288449669927,0.6421050471444367,0.0,0.0,0.6919890815447876,0.0,5.0,1.6847730415524924,0.0,,,,
gametes_heterogeneity_20atts_1600_het_0_4_0_2_75_edm_2_001,histdistill_refined,HistDistill-Refined,budget_50,seed_0,0.1,1,8.017137460907586,57.24319932601284,3.1963683169226837,0.3982499636760833,4.746391019250365,22.269580274369297,1.4545381963747372,0.1197288449669927,0.6421050471444367,0.0,0.0,0.6166150555749742,0.0,11.0,1.6847730415524924,0.0,4.456031046397842,0.16666666666666666,,
gametes_heterogeneity_20atts_1600_het_0_4_0_2_75_edm_2_001,histdistill_refined,HistDistill-Refined,budget_50,seed_0,0.1,2,9.339645065542078,69.5099628603179,3.8634560745189663,0.5016359832198685,4.746391019250365,22.269580274369297,1.4545381963747372,0.1197288449669927,0.6421050471444367,0.0,0.0,0.6005374618329093,0.0,18.0,1.6847730415524924,0.0,4.456031046397842,0.16666666666666666,4.911736836455982,0.0
gametes_heterogeneity_20atts_1600_het_0_4_0_2_75_edm_2_001,histdistill_refined,HistDistill-Refined,budget_50,seed_0,1.0,0,3.1947045068624087,18.39812006395969,1.2928774141439234,0.13552975446912816,3.610487694334053,19.738350745451545,1.1171273818926162,0.10714522819781222,0.6600953715371016,0.0,0.0,0.7159466956468681,0.0,5.0,1.2928774141439234,0.0,,,,
gametes_heterogeneity_20atts_1600_het_0_4_0_2_75_edm_2_001,histdistill_refined,HistDistill-Refined,budget_50,seed_0,1.0,1,7.109742833986579,51.485602865415785,3.0374035641395523,0.3898493501814787,3.610487694334053,19.738350745451545,1.1171273818926162,0.10714522819781222,0.6600953715371016,0.0,0.0,0.5875141195701665,0.0,11.0,1.2928774141439234,0.0,4.491175355802577,0.0,,
gametes_heterogeneity_20atts_1600_het_0_4_0_2_75_edm_2_001,histdistill_refined,HistDistill-Refined,budget_50,seed_0,1.0,2,8.366871140524454,61.928283371053844,3.8929861185180488,0.5059614113031459,3.610487694334053,19.738350745451545,1.1171273818926162,0.10714522819781222,0.6600953715371016,0.0,0.0,0.5650492488477333,0.0,18.0,1.2928774141439234,0.0,4.491175355802577,0.0,5.2374729896842585,0.0
gametes_heterogeneity_20atts_1600_het_0_4_0_2_75_edm_2_001,histdistill_refined,HistDistill-Refined,budget_50,seed_0,10.0,0,1.2362215196858508,11.459665063782683,0.5524109296578208,0.09190428553872938,1.400358320212247,12.180711763577335,0.47439036379213145,0.07239265311996462,0.5632718690419019,0.0,1.0,0.743962354039905,0.0,5.0,0.5524109296578208,0.6,,,,
gametes_heterogeneity_20atts_1600_het_0_4_0_2_75_edm_2_001,histdistill_refined,HistDistill-Refined,budget_50,seed_0,10.0,1,4.347424685362427,32.072739081916744,2.6425016409163216,0.3425564338601376,1.400358320212247,12.180711763577335,0.47439036379213145,0.07239265311996462,0.5632718690419019,0.0,1.0,0.5470306383975847,0.0,11.0,0.5524109296578208,0.6,4.384243900298405,0.0,,
gametes_heterogeneity_20atts_1600_het_0_4_0_2_75_edm_2_001,histdistill_refined,HistDistill-Refined,budget_50,seed_0,10.0,2,5.154376365449922,37.41996142615811,3.2894379093780324,0.4204594320934388,1.400358320212247,12.180711763577335,0.47439036379213145,0.07239265311996462,0.5632718690419019,0.0,1.0,0.48789271352786023,0.0,18.0,0.5524109296578208,0.6,4.384243900298405,0.0,4.306052045532151,0.0
gametes_heterogeneity_20atts_1600_het_0_4_0_2_75_edm_2_001,histdistill_refined,HistDistill-Refined,budget_50,seed_1,0.1,0,7.407381452362195,23.777447696401314,2.95620622464948,0.16526825617766389,7.5275392826629695,24.904858114554134,2.306824989120651,0.1338969957846164,0.6421050471444367,0.0,0.0,0.7293973799094541,0.0,5.0,2.95620622464948,0.0,,,,
gametes_heterogeneity_20atts_1600_het_0_4_0_2_75_edm_2_001,histdistill_refined,HistDistill-Refined,budget_50,seed_1,0.1,1,13.069206611621057,69.05288889627509,5.449995469139381,0.5043790749587468,7.5275392826629695,24.904858114554134,2.306824989120651,0.1338969957846164,0.6421050471444367,0.0,0.0,0.6246149128946423,0.0,12.0,2.95620622464948,0.0,7.231273500917881,0.14285714285714285,,
gametes_heterogeneity_20atts_1600_het_0_4_0_2_75_edm_2_001,histdistill_refined,HistDistill-Refined,budget_50,seed_1,0.1,2,15.930846029743293,95.82592889762459,6.594469848473983,0.7053263383336049,7.5275392826629695,24.904858114554134,2.306824989120651,0.1338969957846164,0.6421050471444367,0.0,0.0,0.5752410625295852,0.0,22.0,2.95620622464948,0.0,7.231273500917881,0.14285714285714285,7.967839103675506,0.1
gametes_heterogeneity_20atts_1600_het_0_4_0_2_75_edm_2_001,histdistill_refined,HistDistill-Refined,budget_50,seed_1,1.0,0,6.212387213644755,20.52395753239564,2.5045179721671116,0.1438643825741416,6.299196505299275,21.556462042698207,1.9490455295098457,0.11701443927551099,0.6600953715371016,0.0,0.0,0.7447722060407551,0.0,5.0,2.5045179721671116,0.0,,,,
gametes_heterogeneity_20atts_1600_het_0_4_0_2_75_edm_2_001,histdistill_refined,HistDistill-Refined,budget_50,seed_1,1.0,1,11.723845056674165,60.68095753863617,5.495927877080533,0.5001231046101645,6.299196505299275,21.556462042698207,1.9490455295098457,0.11701443927551099,0.6600953715371016,0.0,0.0,0.591070677420213,0.0,12.0,2.5045179721671116,0.0,7.632649237732977,0.0,,
gametes_heterogeneity_20atts_1600_het_0_4_0_2_75_edm_2_001,histdistill_refined,HistDistill-Refined,budget_50,seed_1,1.0,2,14.527609811262714,83.10936381790009,6.986447263066296,0.720390437784812,6.299196505299275,21.556462042698207,1.9490455295098457,0.11701443927551099,0.6600953715371016,0.0,0.0,0.5206526942007789,0.0,22.0,2.5045179721671116,0.0,7.632649237732977,0.0,8.775070526249214,0.0
gametes_heterogeneity_20atts_1600_het_0_4_0_2_75_edm_2_001,histdistill_refined,HistDistill-Refined,budget_50,seed_1,10.0,0,2.3537802106605334,11.842906839623975,1.0403623112254607,0.09056995696746324,2.3683023312514857,12.523592474783166,0.80229451867852,0.07443046871478669,0.5632718690419019,0.0,0.0,0.759319105867093,0.0,5.0,1.0403623112254607,0.0,,,,
gametes_heterogeneity_20atts_1600_het_0_4_0_2_75_edm_2_001,histdistill_refined,HistDistill-Refined,budget_50,seed_1,10.0,1,6.8621252704408695,34.833997275869386,5.275699596535606,0.43414881674937145,2.3683023312514857,12.523592474783166,0.80229451867852,0.07443046871478669,0.5632718690419019,0.0,0.0,0.505560938762348,0.0,12.0,1.0403623112254607,0.0,8.300940514614283,0.0,,
gametes_heterogeneity_20atts_1600_het_0_4_0_2_75_edm_2_001,histdistill_refined,HistDistill-Refined,budget_50,seed_1,10.0,2,8.89360973188344,45.009080592281656,7.185246711335797,0.6156197757041963,2.3683023312514857,12.523592474783166,0.80229451867852,0.07443046871478669,0.5632718690419019,0.0,0.0,0.4027770989568008,0.0,22.0,1.0403623112254607,0.0,8.300940514614283,0.0,9.476703249096026,0.0
gametes_heterogeneity_20atts_1600_het_0_4_0_2_75_edm_2_001,histdistill_refined,HistDistill-Refined,budget_50,seed_2,0.1,0,2.3740990200522236,14.960746835951335,1.0690073671847908,0.1182180551374142,2.5510753615587767,16.349234835761564,0.7817806287278422,0.08789905237831389,0.6421050471444367,0.0,0.0,0.7018837799188349,0.0,5.0,1.0690073671847908,0.0,,,,
gametes_heterogeneity_20atts_1600_het_0_4_0_2_75_edm_2_001,histdistill_refined,HistDistill-Refined,budget_50,seed_2,0.1,1,6.947043962429072,45.07754851863172,2.922498865392294,0.33019122640120585,2.5510753615587767,16.349234835761564,0.7817806287278422,0.08789905237831389,0.6421050471444367,0.0,0.0,0.6178833575238296,0.0,11.0,1.0690073671847908,0.0,4.467075113898547,0.0,,
gametes_heterogeneity_20atts_1600_het_0_4_0_2_75_edm_2_001,histdistill_refined,HistDistill-Refined,budget_50,seed_2,0.1,2,8.817444308473199,60.54396341227665,3.872468411325239,0.4655355979403856,2.5510753615587767,16.349234835761564,0.7817806287278422,0.08789905237831389,0.6421050471444367,0.0,0.0,0.5840912794504647,0.0,18.0,1.0690073671847908,0.0,4.467075113898547,0.0,5.365277697791293,0.0
gametes_heterogeneity_20atts_1600_het_0_4_0_2_75_edm_2_001,histdistill_refined,HistDistill-Refined,budget_50,seed_2,1.0,0,2.3558382511603986,13.820798857675928,1.0705075593665527,0.11009204693050212,2.531544636317955,15.143690301488597,0.783289702427805,0.08220414025644435,0.6600953715371016,0.0,0.0,0.7107831827525405,0.0,5.0,1.0705075593665527,0.0,,,,
gametes_heterogeneity_20atts_1600_het_0_4_0_2_75_edm_2_001,histdistill_refined,HistDistill-Refined,budget_50,seed_2,1.0,1,6.42210226147358,39.850193388368965,2.9453020761199245,0.31882020425458296,2.531544636317955,15.143690301488597,0.783289702427805,0.08220414025644435,0.6600953715371016,0.0,0.0,0.6074504181472752,0.0,11.0,1.0705075593665527,0.0,4.507630840081068,0.0,,
gametes_heterogeneity_20atts_1600_het_0_4_0_2_75_edm_2_001,histdistill_refined,HistDistill-Refined,budget_50,seed_2,1.0,2,8.037558096409274,52.89812974319977,3.9411026083717675,0.45618979443532265,2.531544636317955,15.143690301488597,0.783289702427805,0.08220414025644435,0.6600953715371016,0.0,0.0,0.5859549638768159,0.0,18.0,1.0705075593665527,0.0,4.507630840081068,0.0,5.505932016196093,0.0
gametes_heterogeneity_20atts_1600_het_0_4_0_2_75_edm_2_001,histdistill_refined,HistDistill-Refined,budget_50,seed_2,10.0,0,2.1877457443933954,10.09926437399061,1.0838150179976793,0.08755677417833369,2.3516973391832394,11.114187731815532,0.7966693525233127,0.06605406587038315,0.5632718690419019,0.0,0.0,0.7397465513267889,0.0,5.0,1.0838150179976793,0.0,,,,
gametes_heterogeneity_20atts_1600_het_0_4_0_2_75_edm_2_001,histdistill_refined,HistDistill-Refined,budget_50,seed_2,10.0,1,4.3829644907059215,23.53661847367031,2.852210574768954,0.2689164916883746,2.3516973391832394,11.114187731815532,0.7966693525233127,0.06605406587038315,0.5632718690419019,0.0,0.0,0.6045208398893032,0.0,11.0,1.0838150179976793,0.0,4.325873538745018,0.0,,
gametes_heterogeneity_20atts_1600_het_0_4_0_2_75_edm_2_001,histdistill_refined,HistDistill-Refined,budget_50,seed_2,10.0,2,5.226987442158283,29.63828111924277,3.7060184605463076,0.3704871076191909,2.3516973391832394,11.114187731815532,0.7966693525233127,0.06605406587038315,0.5632718690419019,0.0,0.0,0.57733857257145,0.0,18.0,1.0838150179976793,0.0,4.325873538745018,0.0,5.0477165667678605,0.0
gametes_heterogeneity_20atts_1600_het_0_4_0_2_75_edm_2_001,histdistill_density,HistDistill-Density,budget_50,seed_0,0.1,0,4.221154115307711,19.402659661315433,1.6939683437743995,0.1415406909846614,4.77276289142739,20.829072327131733,1.4626198936550117,0.1119841838389593,0.6421050471444367,0.0,0.0,0.6850142153771343,0.0,5.0,1.6939683437743995,0.0,,,,
gametes_heterogeneity_20atts_1600_het_0_4_0_2_75_edm_2_001,histdistill_density,HistDistill-Density,budget_50,seed_0,0.1,1,8.52239676570168,56.1917337896685,3.4034470386704725,0.3903461269878221,4.77276289142739,20.829072327131733,1.4626198936550117,0.1119841838389593,0.6421050471444367,0.0,0.0,0.6109307125602969,0.0,11.0,1.6939683437743995,0.0,4.828012617750534,0.16666666666666666,,
gametes_heterogeneity_20atts_1600_het_0_4_0_2_75_edm_2_001,histdistill_density,HistDistill-Density,budget_50,seed_0,0.1,2,9.962711474746094,68.66747565235691,4.123344347173572,0.495872946709038,4.77276289142739,20.829072327131733,1.4626198936550117,0.1119841838389593,0.6421050471444367,0.0,0.0,0.5920711706434962,0.0,18.0,1.6939683437743995,0.0,4.828012617750534,0.16666666666666666,5.25461154624987,0.0
gametes_heterogeneity_20atts_1600_het_0_4_0_2_75_edm_2_001,histdistill_density,HistDistill-Density,budget_50,seed_0,1.0,0,3.2167595882145052,17.1587968199505,1.301875476938695,0.1263571882328371,3.6360955240318256,18.38456977752177,1.1250507457614691,0.09979653059843875,0.6600953715371016,0.0,0.0,0.7070367073325295,0.0,5.0,1.301875476938695,0.0,,,,
gametes_heterogeneity_20atts_1600_het_0_4_0_2_75_edm_2_001,histdistill_density,HistDistill-Density,budget_50,seed_0,1.0,1,7.5747197360351946,50.55254803924538,3.266749030208082,0.3819177717833465,3.6360955240318256,18.38456977752177,1.1250507457614691,0.09979653059843875,0.6600953715371016,0.0,0.0,0.5914974622026812,0.0,11.0,1.301875476938695,0.0,4.904143657932571,0.0,,
gametes_heterogeneity_20atts_1600_het_0_4_0_2_75_edm_2_001,histdistill_density,HistDistill-Density,budget_50,seed_0,1.0,2,8.939414534970327,61.190682745815785,4.182892778668151,0.5005892175941041,3.6360955240318256,18.38456977752177,1.1250507457614691,0.09979653059843875,0.6600953715371016,0.0,0.0,0.5660419654155971,0.0,18.0,1.301875476938695,0.0,4.904143657932571,0.0,5.622547240533975,0.0
gametes_heterogeneity_20atts_1600_het_0_4_0_2_75_edm_2_001,histdistill_density,HistDistill-Density,budget_50,seed_0,10.0,0,1.1983552012871237,10.684753228347029,0.5263595919526065,0.0857698485137294,1.3971348910110652,11.308833486807053,0.4732983834544312,0.06721088846793523,0.5632718690419019,0.0,1.0,0.7366801507467531,0.0,5.0,0.5263595919526065,0.6,,,,
gametes_heterogeneity_20atts_1600_het_0_4_0_2_75_edm_2_001,histdistill_density,HistDistill-Density,budget_50,seed_0,10.0,1,4.620941599435238,31.6011985650949,2.892026572342023,0.33597765948702224,1.3971348910110652,11.308833486807053,0.4732983834544312,0.06721088846793523,0.5632718690419019,0.0,1.0,0.5520692328117486,0.0,11.0,0.5263595919526065,0.6,4.863415722666537,0.0,,
gametes_heterogeneity_20atts_1600_het_0_4_0_2_75_edm_2_001,histdistill_density,HistDistill-Density,budget_50,seed_0,10.0,2,5.483245684384723,37.07127792669793,3.598712749170099,0.41520193162025204,1.3971348910110652,11.308833486807053,0.4732983834544312,0.06721088846793523,0.5632718690419019,0.0,1.0,0.4929933380876541,0.0,18.0,0.5263595919526065,0.6,4.863415722666537,0.0,4.709219598471361,0.0
gametes_heterogeneity_20atts_1600_het_0_4_0_2_75_edm_2_001,histdistill_density,HistDistill-Density,budget_50,seed_1,0.1,0,6.9805668485907075,23.898087978637335,2.7888416840858574,0.16607749163234448,7.064990387910761,25.039259155346677,2.1650762304576396,0.13461958153514234,0.6421050471444367,0.0,0.0,0.7212611320114775,0.0,5.0,2.7888416840858574,0.0,,,,
gametes_heterogeneity_20atts_1600_het_0_4_0_2_75_edm_2_001,histdistill_density,HistDistill-Density,budget_50,seed_1,0.1,1,12.773099490078309,68.84886137390514,5.314743163424148,0.5034420270930077,7.064990387910761,25.039259155346677,2.1650762304576396,0.13461958153514234,0.6421050471444367,0.0,0.0,0.6247108483313751,0.0,12.0,2.7888416840858574,0.0,7.118958505808641,0.14285714285714285,,
gametes_heterogeneity_20atts_1600_het_0_4_0_2_75_edm_2_001,histdistill_density,HistDistill-Density,budget_50,seed_1,0.1,2,15.704726151244664,95.37539757356647,6.482533664427711,0.7019336223172429,7.064990387910761,25.039259155346677,2.1650762304576396,0.13461958153514234,0.6421050471444367,0.0,0.0,0.5749237971861718,0.0,22.0,2.7888416840858574,0.0,7.118958505808641,0.14285714285714285,7.883882265631987,0.1
gametes_heterogeneity_20atts_1600_het_0_4_0_2_75_edm_2_001,histdistill_density,HistDistill-Density,budget_50,seed_1,1.0,0,5.79651328397919,20.62852071644466,2.339856614966961,0.14456365106929767,5.84907770167842,21.67665572233044,1.8097734745410086,0.1176668838185333,0.6600953715371016,0.0,0.0,0.739588533830364,0.0,5.0,2.339856614966961,0.0,,,,
gametes_heterogeneity_20atts_1600_het_0_4_0_2_75_edm_2_001,histdistill_density,HistDistill-Density,budget_50,seed_1,1.0,1,11.434561817943747,60.47787664273864,5.3603612228266115,0.4988034229657512,5.84907770167842,21.67665572233044,1.8097734745410086,0.1176668838185333,0.6600953715371016,0.0,0.0,0.5919466588892891,0.0,12.0,2.339856614966961,0.0,7.517864514154932,0.0,,
gametes_heterogeneity_20atts_1600_het_0_4_0_2_75_edm_2_001,histdistill_density,HistDistill-Density,budget_50,seed_1,1.0,2,14.272355259856665,82.65851051741583,6.861926347129835,0.7163869924452088,5.84907770167842,21.67665572233044,1.8097734745410086,0.1176668838185333,0.6600953715371016,0.0,0.0,0.52331735575929,0.0,22.0,2.339856614966961,0.0,7.517864514154932,0.0,8.663804496293702,0.0
gametes_heterogeneity_20atts_1600_het_0_4_0_2_75_edm_2_001,histdistill_density,HistDistill-Density,budget_50,seed_1,10.0,0,2.1115038970652784,11.967330840976283,0.9356228147917369,0.09146340129474193,2.1048794728213416,12.675026713930144,0.7130564545072736,0.07533047575524827,0.5632718690419019,0.0,0.0,0.7609256088558005,0.0,5.0,0.9356228147917369,0.0,,,,
gametes_heterogeneity_20atts_1600_het_0_4_0_2_75_edm_2_001,histdistill_density,HistDistill-Density,budget_50,seed_1,10.0,1,6.547983726178902,34.791540839538406,5.083074293653708,0.43258977597363896,2.1048794728213416,12.675026713930144,0.7130564545072736,0.07533047575524827,0.5632718690419019,0.0,0.0,0.4988555196602249,0.0,12.0,0.9356228147917369,0.0,8.045539635697974,0.14285714285714285,,
gametes_heterogeneity_20atts_1600_het_0_4_0_2_75_edm_2_001,histdistill_density,HistDistill-Density,budget_50,seed_1,10.0,2,8.573184852443388,44.74177658210564,6.988927632647625,0.6115661929410305,2.1048794728213416,12.675026713930144,0.7130564545072736,0.07533047575524827,0.5632718690419019,0.0,0.0,0.4001988608709304,0.0,22.0,0.9356228147917369,0.0,8.045539635697974,0.14285714285714285,9.275951639440326,0.0
gametes_heterogeneity_20atts_1600_het_0_4_0_2_75_edm_2_001,histdistill_density,HistDistill-Density,budget_50,seed_2,0.1,0,2.4193031138573273,21.106144673053237,1.0913632243476754,0.16727847783905467,2.574089128516942,22.88233318492769,0.7888332299457681,0.12302321321854687,0.6421050471444367,0.0,0.0,0.6802629075591391,0.0,5.0,1.0913632243476754,0.0,,,,
gametes_heterogeneity_20atts_1600_het_0_4_0_2_75_edm_2_001,histdistill_density,HistDistill-Density,budget_50,seed_2,0.1,1,7.0243602332775765,53.10547196726204,2.958739117401194,0.39293568149387964,2.574089128516942,22.88233318492769,0.7888332299457681,0.12302321321854687,0.6421050471444367,0.0,0.0,0.5902753521689941,0.0,11.0,1.0913632243476754,0.0,4.514885694945792,0.0,,
gametes_heterogeneity_20atts_1600_het_0_4_0_2_75_edm_2_001,histdistill_density,HistDistill-Density,budget_50,seed_2,0.1,2,9.32816269337541,68.55012093987658,4.106274290262985,0.5304693600392271,2.574089128516942,22.88233318492769,0.7888332299457681,0.12302321321854687,0.6421050471444367,0.0,0.0,0.554819277202736,0.0,18.0,1.0913632243476754,0.0,4.514885694945792,0.0,5.909543847617228,0.0
gametes_heterogeneity_20atts_1600_het_0_4_0_2_75_edm_2_001,histdistill_density,HistDistill-Density,budget_50,seed_2,1.0,0,2.337368507905775,19.827764315006583,1.0638514755659725,0.15847634557937865,2.4879390948131146,21.52841508380707,0.7697976347235562,0.11686219262383273,0.6600953715371016,0.0,0.0,0.698089139269617,0.0,5.0,1.0638514755659725,0.0,,,,
gametes_heterogeneity_20atts_1600_het_0_4_0_2_75_edm_2_001,histdistill_density,HistDistill-Density,budget_50,seed_2,1.0,1,6.5775349086393655,47.59335965390397,3.0126644756766052,0.38184387037977124,2.4879390948131146,21.52841508380707,0.7697976347235562,0.11686219262383273,0.6600953715371016,0.0,0.0,0.5841309814603189,0.0,11.0,1.0638514755659725,0.0,4.636675309102132,0.0,,
gametes_heterogeneity_20atts_1600_het_0_4_0_2_75_edm_2_001,histdistill_density,HistDistill-Density,budget_50,seed_2,1.0,2,8.680743411015657,60.66194868145892,4.2647619437193285,0.5220556483744327,2.4879390948131146,21.52841508380707,0.7697976347235562,0.11686219262383273,0.6600953715371016,0.0,0.0,0.558286432995015,0.0,18.0,1.0638514755659725,0.0,4.636675309102132,0.0,6.232343679215036,0.0
gametes_heterogeneity_20atts_1600_het_0_4_0_2_75_edm_2_001,histdistill_density,HistDistill-Density,budget_50,seed_2,10.0,0,1.9529182312171667,15.221352938400267,0.9775832492807845,0.13249003463783315,2.0440595710146683,16.55537066472242,0.6924528883146606,0.09839221459844365,0.5632718690419019,0.0,0.0,0.736324907466313,0.0,5.0,0.9775832492807845,0.2,,,,
gametes_heterogeneity_20atts_1600_het_0_4_0_2_75_edm_2_001,histdistill_density,HistDistill-Density,budget_50,seed_2,10.0,1,4.5570455521329585,29.659104777042725,2.9252916503163466,0.3291171797628864,2.0440595710146683,16.55537066472242,0.6924528883146606,0.09839221459844365,0.5632718690419019,0.0,0.0,0.6071108069734557,0.0,11.0,0.9775832492807845,0.2,4.548381984512648,0.16666666666666666,,
gametes_heterogeneity_20atts_1600_het_0_4_0_2_75_edm_2_001,histdistill_density,HistDistill-Density,budget_50,seed_2,10.0,2,5.830648373763275,35.77693417392297,4.098467966439693,0.43492658615929597,2.0440595710146683,16.55537066472242,0.6924528883146606,0.09839221459844365,0.5632718690419019,0.0,0.0,0.5596630815016675,0.0,18.0,0.9775832492807845,0.2,4.548381984512648,0.16666666666666666,5.942030748919239,0.14285714285714285
gametes_heterogeneity_20atts_1600_het_0_4_0_2_75_edm_2_001,gain_path_refined,Legacy gain-path refined,budget_50,seed_0,0.1,0,6.131912470574283,25.968161771152324,2.451716032620383,0.188119255321857,6.9788616558408805,28.281511894735488,2.138681959506749,0.15205103604822404,0.6421050471444367,0.0,0.0,0.7184238911917953,0.0,5.0,2.451716032620383,0.0,,,,
gametes_heterogeneity_20atts_1600_het_0_4_0_2_75_edm_2_001,gain_path_refined,Legacy gain-path refined,budget_50,seed_0,0.1,1,9.535409223683144,61.26779738589696,3.8448608316309474,0.428417766339536,6.9788616558408805,28.281511894735488,2.138681959506749,0.15205103604822404,0.6421050471444367,0.0,0.0,0.6347797944913122,0.0,11.0,2.451716032620383,0.0,5.005814830806417,0.16666666666666666,,
gametes_heterogeneity_20atts_1600_het_0_4_0_2_75_edm_2_001,gain_path_refined,Legacy gain-path refined,budget_50,seed_0,0.1,2,10.642137276277234,72.56999784143066,4.422367227400482,0.5235755345626828,6.9788616558408805,28.281511894735488,2.138681959506749,0.15205103604822404,0.6421050471444367,0.0,0.0,0.6115766902731051,0.0,18.0,2.451716032620383,0.0,5.005814830806417,0.16666666666666666,5.329877277895465,0.0
gametes_heterogeneity_20atts_1600_het_0_4_0_2_75_edm_2_001,gain_path_refined,Legacy gain-path refined,budget_50,seed_0,1.0,0,5.059357575727092,23.444625870327766,2.0385814240769036,0.17130929516220716,5.76537007805724,25.528048628241816,1.7838733506970386,0.13857330994830513,0.6600953715371016,0.0,0.0,0.7413629125757175,0.0,5.0,2.0385814240769036,0.0,,,,
gametes_heterogeneity_20atts_1600_het_0_4_0_2_75_edm_2_001,gain_path_refined,Legacy gain-path refined,budget_50,seed_0,1.0,1,8.584950857631497,55.36644892969991,3.692721957733279,0.41885927324802363,5.76537007805724,25.528048628241816,1.7838733506970386,0.13857330994830513,0.6600953715371016,0.0,0.0,0.6098024566601127,0.0,11.0,2.0385814240769036,0.0,5.071172402446925,0.0,,
gametes_heterogeneity_20atts_1600_het_0_4_0_2_75_edm_2_001,gain_path_refined,Legacy gain-path refined,budget_50,seed_0,1.0,2,9.636918213865561,64.89153292971726,4.465565340463487,0.5263638863819451,5.76537007805724,25.528048628241816,1.7838733506970386,0.13857330994830513,0.6600953715371016,0.0,0.0,0.5794065925692099,0.0,18.0,2.0385814240769036,0.0,5.071172402446925,0.0,5.6800335133252435,0.0
gametes_heterogeneity_20atts_1600_het_0_4_0_2_75_edm_2_001,gain_path_refined,Legacy gain-path refined,budget_50,seed_0,10.0,0,1.92951223145753,14.977277966033167,0.8605192347994356,0.11901021420647213,2.056523826517746,16.21832393493865,0.6966753238278848,0.09638907164029446,0.5632718690419019,0.0,1.0,0.7706655853312113,0.0,5.0,0.8605192347994356,0.6,,,,
gametes_heterogeneity_20atts_1600_het_0_4_0_2_75_edm_2_001,gain_path_refined,Legacy gain-path refined,budget_50,seed_0,10.0,1,4.931620432845038,34.70913090687381,2.992087168300142,0.3624000815028258,2.056523826517746,16.21832393493865,0.6966753238278848,0.09638907164029446,0.5632718690419019,0.0,1.0,0.5741229486299165,0.0,11.0,0.8605192347994356,0.6,4.76839377955073,0.0,,
gametes_heterogeneity_20atts_1600_het_0_4_0_2_75_edm_2_001,gain_path_refined,Legacy gain-path refined,budget_50,seed_0,10.0,2,5.629981305128456,39.45261288413348,3.60490649973098,0.4339341210947829,2.056523826517746,16.21832393493865,0.6966753238278848,0.09638907164029446,0.5632718690419019,0.0,1.0,0.5050248128675443,0.0,18.0,0.8605192347994356,0.6,4.76839377955073,0.0,4.567908306265154,0.0
gametes_heterogeneity_20atts_1600_het_0_4_0_2_75_edm_2_001,gain_path_refined,Legacy gain-path refined,budget_50,seed_1,0.1,0,6.870860409903841,27.648470623927146,2.743458721789619,0.1918000813567508,6.9788616558408805,29.295187421636008,2.138681959506749,0.1575009007745382,0.6421050471444367,0.0,0.0,0.7712408781909919,0.0,5.0,2.743458721789619,0.0,,,,
gametes_heterogeneity_20atts_1600_het_0_4_0_2_75_edm_2_001,gain_path_refined,Legacy gain-path refined,budget_50,seed_1,0.1,1,12.329499013915578,70.96820720175616,5.112438718561481,0.5147575983413396,6.9788616558408805,29.295187421636008,2.138681959506749,0.1575009007745382,0.6421050471444367,0.0,0.0,0.6546557291593808,0.0,12.0,2.743458721789619,0.0,6.8045672876842405,0.14285714285714285,,
gametes_heterogeneity_20atts_1600_het_0_4_0_2_75_edm_2_001,gain_path_refined,Legacy gain-path refined,budget_50,seed_1,0.1,2,15.160229626692962,96.47656678457798,6.252844697455891,0.7083269342754182,6.9788616558408805,29.295187421636008,2.138681959506749,0.1575009007745382,0.6421050471444367,0.0,0.0,0.5979105085604982,0.0,22.0,2.743458721789619,0.0,6.8045672876842405,0.14285714285714285,7.621331872129185,0.1
gametes_heterogeneity_20atts_1600_het_0_4_0_2_75_edm_2_001,gain_path_refined,Legacy gain-path refined,budget_50,seed_1,1.0,0,5.69355351996779,24.032143953158815,2.2970555383216054,0.16812826585699076,5.76537007805724,25.550198665634717,1.7838733506970386,0.13869354647878623,0.6600953715371016,0.0,0.0,0.7644596976664627,0.0,5.0,2.2970555383216054,0.0,,,,
gametes_heterogeneity_20atts_1600_het_0_4_0_2_75_edm_2_001,gain_path_refined,Legacy gain-path refined,budget_50,seed_1,1.0,1,11.006435494967404,62.364232227031636,5.129273539090908,0.5077083586355942,5.76537007805724,25.550198665634717,1.7838733506970386,0.13869354647878623,0.6600953715371016,0.0,0.0,0.6166806292254211,0.0,12.0,2.2970555383216054,0.0,7.152286396783269,0.0,,
gametes_heterogeneity_20atts_1600_het_0_4_0_2_75_edm_2_001,gain_path_refined,Legacy gain-path refined,budget_50,seed_1,1.0,2,13.794558202566579,83.60139823718147,6.6133222916427625,0.7202258386463666,5.76537007805724,25.550198665634717,1.7838733506970386,0.13869354647878623,0.6600953715371016,0.0,0.0,0.5560524775983027,0.0,22.0,2.2970555383216054,0.0,7.152286396783269,0.0,8.394180794704983,0.0
gametes_heterogeneity_20atts_1600_het_0_4_0_2_75_edm_2_001,gain_path_refined,Legacy gain-path refined,budget_50,seed_1,10.0,0,2.0571620788062828,13.636396483079093,0.9112510948850405,0.10411414212345937,2.056523826517746,14.621075301915496,0.6966753238278848,0.08689627117993581,0.5632718690419019,0.0,0.0,0.7811249724011657,0.0,5.0,0.9112510948850405,0.0,,,,
gametes_heterogeneity_20atts_1600_het_0_4_0_2_75_edm_2_001,gain_path_refined,Legacy gain-path refined,budget_50,seed_1,10.0,1,6.481915447668375,35.45495148000391,4.946686378820895,0.42658508635204,2.056523826517746,14.621075301915496,0.6966753238278848,0.08689627117993581,0.5632718690419019,0.0,0.0,0.5353615718550658,0.0,12.0,0.9112510948850405,0.0,7.82914015306079,0.14285714285714285,,
gametes_heterogeneity_20atts_1600_het_0_4_0_2_75_edm_2_001,gain_path_refined,Legacy gain-path refined,budget_50,seed_1,10.0,2,8.463629119012388,45.00781087851663,6.818519750873406,0.6046843071380763,2.056523826517746,14.621075301915496,0.6966753238278848,0.08689627117993581,0.5632718690419019,0.0,0.0,0.4313705938393799,0.0,22.0,0.9112510948850405,0.0,7.82914015306079,0.14285714285714285,9.06471979733642,0.0
gametes_heterogeneity_20atts_1600_het_0_4_0_2_75_edm_2_001,gain_path_refined,Legacy gain-path refined,budget_50,seed_2,0.1,0,2.1667501886000986,20.282022799210672,0.9888120374403433,0.1612124343244492,2.2999756360803865,21.828181446270456,0.704830765068018,0.11735573459818692,0.6421050471444367,0.0,0.0,0.7325394825115618,0.0,5.0,0.9888120374403433,0.2,,,,
gametes_heterogeneity_20atts_1600_het_0_4_0_2_75_edm_2_001,gain_path_refined,Legacy gain-path refined,budget_50,seed_2,0.1,1,6.863462284848037,48.5340776506881,2.898957907210142,0.36041403225965757,2.2999756360803865,21.828181446270456,0.704830765068018,0.11735573459818692,0.6421050471444367,0.0,0.0,0.6457812431526732,0.0,11.0,0.9888120374403433,0.2,4.490746132018308,0.16666666666666666,,
gametes_heterogeneity_20atts_1600_het_0_4_0_2_75_edm_2_001,gain_path_refined,Legacy gain-path refined,budget_50,seed_2,0.1,2,8.706807012202344,63.55185115990667,3.8322664299889198,0.4931616427768528,2.2999756360803865,21.828181446270456,0.704830765068018,0.11735573459818692,0.6421050471444367,0.0,0.0,0.6077088380859836,0.0,18.0,0.9888120374403433,0.2,4.490746132018308,0.16666666666666666,5.298894108641285,0.14285714285714285
gametes_heterogeneity_20atts_1600_het_0_4_0_2_75_edm_2_001,gain_path_refined,Legacy gain-path refined,budget_50,seed_2,1.0,0,2.149997359090043,18.960254242502927,0.9901389480044684,0.1519485269798247,2.282057278294946,20.444234472223386,0.7060953778159449,0.11097696034004904,0.6600953715371016,0.0,0.0,0.7345405729334731,0.0,5.0,0.9901389480044684,0.2,,,,
gametes_heterogeneity_20atts_1600_het_0_4_0_2_75_edm_2_001,gain_path_refined,Legacy gain-path refined,budget_50,seed_2,1.0,1,6.341879619710968,43.20521630121495,2.923581184231512,0.34795126801464366,2.282057278294946,20.444234472223386,0.7060953778159449,0.11097696034004904,0.6600953715371016,0.0,0.0,0.6348201714208761,0.0,11.0,0.9901389480044684,0.2,4.534783047754048,0.16666666666666666,,
gametes_heterogeneity_20atts_1600_het_0_4_0_2_75_edm_2_001,gain_path_refined,Legacy gain-path refined,budget_50,seed_2,1.0,2,7.96414166291936,55.81861442282489,3.9115121077750055,0.48316281541538886,2.282057278294946,20.444234472223386,0.7060953778159449,0.11097696034004904,0.6600953715371016,0.0,0.0,0.6118555420848172,0.0,18.0,0.9901389480044684,0.2,4.534783047754048,0.16666666666666666,5.463974987629067,0.14285714285714285
gametes_heterogeneity_20atts_1600_het_0_4_0_2_75_edm_2_001,gain_path_refined,Legacy gain-path refined,budget_50,seed_2,10.0,0,1.9959004487883856,14.203521369272693,1.001921940980941,0.12389294172781481,2.1173829467513716,15.362508827934338,0.7172921757942606,0.09130277394450258,0.5632718690419019,0.0,0.0,0.7359642502317195,0.0,5.0,1.001921940980941,0.2,,,,
gametes_heterogeneity_20atts_1600_het_0_4_0_2_75_edm_2_001,gain_path_refined,Legacy gain-path refined,budget_50,seed_2,10.0,1,4.308712942676797,26.34889747938564,2.82957755983748,0.29374505725964856,2.1173829467513716,15.362508827934338,0.7172921757942606,0.09130277394450258,0.5632718690419019,0.0,0.0,0.61892719813667,0.0,11.0,1.001921940980941,0.2,4.352623908884596,0.16666666666666666,,
gametes_heterogeneity_20atts_1600_het_0_4_0_2_75_edm_2_001,gain_path_refined,Legacy gain-path refined,budget_50,seed_2,10.0,2,5.149263833928014,32.06009142234421,3.6513508754816533,0.3938175859030319,2.1173829467513716,15.362508827934338,0.7172921757942606,0.09130277394450258,0.5632718690419019,0.0,0.0,0.6051452166220197,0.0,18.0,1.001921940980941,0.2,4.352623908884596,0.16666666666666666,4.942708942922495,0.14285714285714285
gametes_heterogeneity_20atts_1600_het_0_4_0_2_75_edm_2_001,random,Random,budget_50,seed_0,0.1,0,13.357748811247252,137.9182695480343,5.585409666647367,1.0291394163451657,14.314560748077813,139.35525100560056,4.386717252742095,0.7492212712328921,0.6421050471444367,0.0,0.0,0.49957443551819924,0.0,5.0,5.585409666647367,0.0,,,,
gametes_heterogeneity_20atts_1600_het_0_4_0_2_75_edm_2_001,random,Random,budget_50,seed_0,0.1,1,15.679856447732867,141.5308996825818,6.545816413432607,1.061844734487907,14.314560748077813,139.35525100560056,4.386717252742095,0.7492212712328921,0.6421050471444367,0.0,0.0,0.480937685827246,0.0,11.0,5.585409666647367,0.0,7.346155369086972,0.0,,
gametes_heterogeneity_20atts_1600_het_0_4_0_2_75_edm_2_001,random,Random,budget_50,seed_0,0.1,2,15.701244648667544,136.78023007846483,6.537964727854023,1.0266747126294717,14.314560748077813,139.35525100560056,4.386717252742095,0.7492212712328921,0.6421050471444367,0.0,0.0,0.49723197549756176,0.0,18.0,5.585409666647367,0.0,7.346155369086972,0.0,6.525626364801964,0.0
gametes_heterogeneity_20atts_1600_het_0_4_0_2_75_edm_2_001,random,Random,budget_50,seed_0,1.0,0,13.047327182039306,129.76892162987133,5.501682160195757,0.9758898296770668,13.98574143600774,131.34365233569198,4.327352988559678,0.7129696793479434,0.6600953715371016,0.0,0.0,0.4978069791569795,0.0,5.0,5.501682160195757,0.0,,,,
gametes_heterogeneity_20atts_1600_het_0_4_0_2_75_edm_2_001,random,Random,budget_50,seed_0,1.0,1,14.887462004598683,130.94456805310884,6.556018396736648,1.0231934555047024,13.98574143600774,131.34365233569198,4.327352988559678,0.7129696793479434,0.6600953715371016,0.0,0.0,0.47444892764915286,0.0,11.0,5.501682160195757,0.0,7.43463192718739,0.0,,
gametes_heterogeneity_20atts_1600_het_0_4_0_2_75_edm_2_001,random,Random,budget_50,seed_0,1.0,2,14.808913222642303,124.94446033055699,6.691370450546376,1.0033602531543937,13.98574143600774,131.34365233569198,4.327352988559678,0.7129696793479434,0.6600953715371016,0.0,0.0,0.4643741790036357,0.0,18.0,5.501682160195757,0.0,7.43463192718739,0.0,6.904066535104519,0.0
gametes_heterogeneity_20atts_1600_het_0_4_0_2_75_edm_2_001,random,Random,budget_50,seed_0,10.0,0,10.634567290689763,94.73458265359369,4.8579676564221455,0.771132932472864,11.42837761987026,96.39602990378772,3.8715178382504187,0.5729028393753877,0.5632718690419019,0.0,0.0,0.5061710667510094,0.0,5.0,4.8579676564221455,0.0,,,,
gametes_heterogeneity_20atts_1600_het_0_4_0_2_75_edm_2_001,random,Random,budget_50,seed_0,10.0,1,10.900651298539556,90.51166701559384,6.043124447061243,0.8541375974316326,11.42837761987026,96.39602990378772,3.8715178382504187,0.5729028393753877,0.5632718690419019,0.0,0.0,0.4544006789791513,0.0,11.0,4.8579676564221455,0.0,7.030755105927159,0.0,,
gametes_heterogeneity_20atts_1600_het_0_4_0_2_75_edm_2_001,random,Random,budget_50,seed_0,10.0,2,10.567314065419614,83.28992484908991,6.2031421243269556,0.8160126213452363,11.42837761987026,96.39602990378772,3.8715178382504187,0.5729028393753877,0.5632718690419019,0.0,0.0,0.4235011533483497,0.0,18.0,4.8579676564221455,0.0,7.030755105927159,0.0,6.454598474315936,0.0
gametes_heterogeneity_20atts_1600_het_0_4_0_2_75_edm_2_001,random,Random,budget_50,seed_1,0.1,0,29.071441911610503,200.0551442458949,11.684310874027073,1.4121817703490103,29.274335339547708,201.81348682184222,8.971161194296219,1.0850180101396139,0.6421050471444367,0.0,0.0,0.48567908979470875,0.0,5.0,11.684310874027073,0.0,,,,
gametes_heterogeneity_20atts_1600_het_0_4_0_2_75_edm_2_001,random,Random,budget_50,seed_1,0.1,1,25.341422835467835,177.68272710382962,10.69057196283613,1.324124880593571,29.274335339547708,201.81348682184222,8.971161194296219,1.0850180101396139,0.6421050471444367,0.0,0.0,0.5082090509350554,0.0,12.0,11.684310874027073,0.0,9.980758454842595,0.0,,
gametes_heterogeneity_20atts_1600_het_0_4_0_2_75_edm_2_001,random,Random,budget_50,seed_1,0.1,2,22.11853287437942,158.27017768743016,9.196990272970233,1.1612892192332074,29.274335339547708,201.81348682184222,8.971161194296219,1.0850180101396139,0.6421050471444367,0.0,0.0,0.5141142575833325,0.0,22.0,11.684310874027073,0.0,9.980758454842595,0.0,7.404692245131153,0.0
gametes_heterogeneity_20atts_1600_het_0_4_0_2_75_edm_2_001,random,Random,budget_50,seed_1,1.0,0,28.82914591684788,190.45059375892592,11.697432363565921,1.3568092462194332,29.030354047057184,192.24909256330434,8.982333179780152,1.0435812575812216,0.6600953715371016,0.0,0.0,0.47923414460669206,0.0,5.0,11.697432363565921,0.0,,,,
gametes_heterogeneity_20atts_1600_het_0_4_0_2_75_edm_2_001,random,Random,budget_50,seed_1,1.0,1,24.753301962697424,165.1142987278558,10.986705198190037,1.3009274286908912,29.030354047057184,192.24909256330434,8.982333179780152,1.0435812575812216,0.6600953715371016,0.0,0.0,0.4679224765136132,0.0,12.0,11.697432363565921,0.0,10.479042937207264,0.0,,
gametes_heterogeneity_20atts_1600_het_0_4_0_2_75_edm_2_001,random,Random,budget_50,seed_1,1.0,2,21.288710835904524,144.21622724942924,9.572208284210033,1.152633444336247,29.030354047057184,192.24909256330434,8.982333179780152,1.0435812575812216,0.6600953715371016,0.0,0.0,0.46998796500832507,0.0,22.0,11.697432363565921,0.0,10.479042937207264,0.0,7.874811987434022,0.0
gametes_heterogeneity_20atts_1600_het_0_4_0_2_75_edm_2_001,random,Random,budget_50,seed_1,10.0,0,26.619639130707792,148.38805527823294,11.81214472497245,1.1551718838602532,26.805484661935086,149.99883807287384,9.080721296012602,0.8914761356948971,0.5632718690419019,0.0,0.0,0.46656048902298075,0.0,5.0,11.81214472497245,0.0,,,,
gametes_heterogeneity_20atts_1600_het_0_4_0_2_75_edm_2_001,random,Random,budget_50,seed_1,10.0,1,21.068850739284755,117.98077254889755,10.99823561177864,1.1109632208853786,26.805484661935086,149.99883807287384,9.080721296012602,0.8914761356948971,0.5632718690419019,0.0,0.0,0.389241196486166,0.0,12.0,11.81214472497245,0.0,10.416871959497348,0.0,,
gametes_heterogeneity_20atts_1600_het_0_4_0_2_75_edm_2_001,random,Random,budget_50,seed_1,10.0,2,17.041194010142558,96.81152591061958,9.947969785005744,1.026114937862186,26.805484661935086,149.99883807287384,9.080721296012602,0.8914761356948971,0.5632718690419019,0.0,0.0,0.3475143028882153,0.0,22.0,11.81214472497245,0.0,10.416871959497348,0.0,8.68765079287827,0.0
gametes_heterogeneity_20atts_1600_het_0_4_0_2_75_edm_2_001,random,Random,budget_50,seed_2,0.1,0,12.449546550584031,164.28861069898431,5.8252362508352125,1.3227584859740575,12.463252651468313,171.6914602419444,3.819381285508273,0.923071740562768,0.6421050471444367,0.0,0.0,0.6536494525489785,0.0,5.0,5.8252362508352125,0.0,,,,
gametes_heterogeneity_20atts_1600_het_0_4_0_2_75_edm_2_001,random,Random,budget_50,seed_2,0.1,1,16.22383097038065,162.36809793596495,7.369989944762694,1.313043644419601,12.463252651468313,171.6914602419444,3.819381285508273,0.923071740562768,0.6421050471444367,0.0,0.0,0.6015082104440446,0.0,11.0,5.8252362508352125,0.0,8.657284689702264,0.0,,
gametes_heterogeneity_20atts_1600_het_0_4_0_2_75_edm_2_001,random,Random,budget_50,seed_2,0.1,2,17.198224586407406,154.07902719447057,8.055538757827735,1.291077727646481,12.463252651468313,171.6914602419444,3.819381285508273,0.923071740562768,0.6421050471444367,0.0,0.0,0.5931362346715685,0.0,18.0,5.8252362508352125,0.0,8.657284689702264,0.0,9.132829749787083,0.0
gametes_heterogeneity_20atts_1600_het_0_4_0_2_75_edm_2_001,random,Random,budget_50,seed_2,1.0,0,12.29481804854702,154.3930547360248,5.804661072951369,1.253800664483816,12.309765486559265,161.5185278050843,3.8087863064295773,0.8767672508726885,0.6600953715371016,0.0,0.0,0.6313126054687187,0.0,5.0,5.804661072951369,0.0,,,,
gametes_heterogeneity_20atts_1600_het_0_4_0_2_75_edm_2_001,random,Random,budget_50,seed_2,1.0,1,15.791668520879343,150.89591740970548,7.549468630114223,1.259830003482943,12.309765486559265,161.5185278050843,3.8087863064295773,0.8767672508726885,0.6600953715371016,0.0,0.0,0.5594862066507841,0.0,11.0,5.804661072951369,0.0,9.003474927749938,0.0,,
gametes_heterogeneity_20atts_1600_het_0_4_0_2_75_edm_2_001,random,Random,budget_50,seed_2,1.0,2,16.588611701824465,141.94167379247241,8.358400871185722,1.2481390837721122,12.309765486559265,161.5185278050843,3.8087863064295773,0.8767672508726885,0.6600953715371016,0.0,0.0,0.5502659405305782,0.0,18.0,5.804661072951369,0.0,9.003474927749938,0.0,9.629580107155219,0.0
gametes_heterogeneity_20atts_1600_het_0_4_0_2_75_edm_2_001,random,Random,budget_50,seed_2,10.0,0,10.994189822799717,114.25510270858395,5.644024307508874,1.009357156748359,11.079865605901935,119.94850889837551,3.7534546691985837,0.712880410067833,0.5632718690419019,0.0,0.0,0.5906760198998239,0.0,5.0,5.644024307508874,0.0,,,,
gametes_heterogeneity_20atts_1600_het_0_4_0_2_75_edm_2_001,random,Random,budget_50,seed_2,10.0,1,12.842672545137964,106.95784738411685,7.684918903195461,1.0498740129484971,11.079865605901935,119.94850889837551,3.7534546691985837,0.712880410067833,0.5632718690419019,0.0,0.0,0.4558625585982023,0.0,11.0,5.644024307508874,0.0,9.38566439960095,0.0,,
gametes_heterogeneity_20atts_1600_het_0_4_0_2_75_edm_2_001,random,Random,budget_50,seed_2,10.0,2,12.957730078650313,98.97914697051205,8.3080853755674,1.046114006484369,11.079865605901935,119.94850889837551,3.7534546691985837,0.712880410067833,0.5632718690419019,0.0,0.0,0.44446994843693743,0.0,18.0,5.644024307508874,0.0,9.38566439960095,0.0,9.287346975009017,0.2857142857142857
hill_valley_with_noise,histdistill_refined,HistDistill-Refined,budget_50,seed_0,0.1,0,3.9089356015775785,62.37605293460545,2.495712674106288,0.3053119533938572,3.0338619066214934,59.655534383025376,1.3180753838721613,0.20407577749866482,0.04282735143227834,0.0,0.0,0.5350693418234371,0.0,6.0,2.495712674106288,0.0,,,,
hill_valley_with_noise,histdistill_refined,HistDistill-Refined,budget_50,seed_0,0.1,1,4.584905332107027,81.93012685578584,2.4310650058846766,0.3352823393636167,3.0338619066214934,59.655534383025376,1.3180753838721613,0.20407577749866482,0.04282735143227834,0.0,0.0,0.5549926202630561,0.0,13.0,2.495712674106288,0.0,2.3756527188375824,0.14285714285714285,,
hill_valley_with_noise,histdistill_refined,HistDistill-Refined,budget_50,seed_0,0.1,2,5.503817284028374,115.16205191236197,2.4224193669253586,0.3745284480936683,3.0338619066214934,59.655534383025376,1.3180753838721613,0.20407577749866482,0.04282735143227834,0.0,0.0,0.537768502217058,0.0,20.0,2.495712674106288,0.0,2.3756527188375824,0.14285714285714285,2.4063631802866245,0.0
hill_valley_with_noise,histdistill_refined,HistDistill-Refined,budget_50,seed_0,1.0,0,3.0636814270102204,57.836328630455235,2.0214511980275565,0.2876035492932842,1.8449289254040064,52.521889408048075,0.8105355600818077,0.18313115266686414,0.09371243865757739,0.0,0.0,0.5465007972283287,0.0,6.0,2.0214511980275565,0.0,,,,
hill_valley_with_noise,histdistill_refined,HistDistill-Refined,budget_50,seed_0,1.0,1,3.746905818075467,71.74031578586425,2.219050131672087,0.32816909698887475,1.8449289254040064,52.521889408048075,0.8105355600818077,0.18313115266686414,0.09371243865757739,0.0,0.0,0.5444154413102202,0.0,13.0,2.0214511980275565,0.0,2.3884206462245428,0.14285714285714285,,
hill_valley_with_noise,histdistill_refined,HistDistill-Refined,budget_50,seed_0,1.0,2,4.626428871567283,94.25321541333493,2.3428525096739685,0.35890622398743327,1.8449289254040064,52.521889408048075,0.8105355600818077,0.18313115266686414,0.09371243865757739,0.0,0.0,0.5268144777766264,0.0,20.0,2.0214511980275565,0.0,2.3884206462245428,0.14285714285714285,2.5727712116774604,0.0
hill_valley_with_noise,histdistill_refined,HistDistill-Refined,budget_50,seed_0,10.0,0,2.298714736391204,48.69777125201866,1.5807815056675816,0.2611493691512475,2.005465962472055,46.03781909710201,0.9783082806814623,0.17683631458067856,0.07996045655276518,0.0,0.0,0.564097081888531,0.0,6.0,1.5807815056675816,0.0,,,,
hill_valley_with_noise,histdistill_refined,HistDistill-Refined,budget_50,seed_0,10.0,1,2.5161851239181434,48.832756623568166,2.0383464992795575,0.29247720623538503,2.005465962472055,46.03781909710201,0.9783082806814623,0.17683631458067856,0.07996045655276518,0.0,0.0,0.5337117118172846,0.0,13.0,1.5807815056675816,0.0,2.4305450652326805,0.0,,
hill_valley_with_noise,histdistill_refined,HistDistill-Refined,budget_50,seed_0,10.0,2,2.7045778333885506,54.053893983683814,2.083483915431049,0.3178726171031678,2.005465962472055,46.03781909710201,0.9783082806814623,0.17683631458067856,0.07996045655276518,0.0,0.0,0.5207625155689589,0.0,20.0,1.5807815056675816,0.0,2.4305450652326805,0.0,2.167310545426675,0.0
hill_valley_with_noise,histdistill_refined,HistDistill-Refined,budget_50,seed_1,0.1,0,2.6481485899400816,87.35455301872301,1.625577381014125,0.39319836534719943,2.7535978704646227,98.45512672257536,1.196313372807392,0.33417411470728103,0.04282735143227834,0.0,0.0,0.4999864984846255,0.0,5.0,1.625577381014125,0.0,,,,
hill_valley_with_noise,histdistill_refined,HistDistill-Refined,budget_50,seed_1,0.1,1,5.499410630384878,171.61245496784824,1.9361666581934942,0.47064132646541645,2.7535978704646227,98.45512672257536,1.196313372807392,0.33417411470728103,0.04282735143227834,0.0,0.0,0.5570640037493676,0.0,13.0,1.625577381014125,0.0,2.1302849564305992,0.125,,
hill_valley_with_noise,histdistill_refined,HistDistill-Refined,budget_50,seed_1,0.1,2,4.925603759511464,141.27282293932697,1.825613271226328,0.40095313424893947,2.7535978704646227,98.45512672257536,1.196313372807392,0.33417411470728103,0.04282735143227834,0.0,0.0,0.5893663980277465,0.0,22.0,1.625577381014125,0.0,2.1302849564305992,0.125,1.6659250456070882,0.0
hill_valley_with_noise,histdistill_refined,HistDistill-Refined,budget_50,seed_1,1.0,0,2.425154015617177,84.61272589690246,1.5375759554740906,0.38784402421036274,2.425469597180687,94.06237471362255,1.0655854170543408,0.32284822450221357,0.09371243865757739,0.0,0.0,0.497128821786156,0.0,5.0,1.5375759554740906,0.0,,,,
hill_valley_with_noise,histdistill_refined,HistDistill-Refined,budget_50,seed_1,1.0,1,5.233677030500636,154.8059945259202,2.304649988372696,0.5273279604212839,2.425469597180687,94.06237471362255,1.0655854170543408,0.32284822450221357,0.09371243865757739,0.0,0.0,0.572772532141719,0.0,13.0,1.5375759554740906,0.0,2.784071258934324,0.125,,
hill_valley_with_noise,histdistill_refined,HistDistill-Refined,budget_50,seed_1,1.0,2,4.561523771539177,125.15249654195335,2.123833963049691,0.43632989255304183,2.425469597180687,94.06237471362255,1.0655854170543408,0.32284822450221357,0.09371243865757739,0.0,0.0,0.5301305983790838,0.0,22.0,1.5375759554740906,0.0,2.784071258934324,0.125,1.8626552598053507,0.0
hill_valley_with_noise,histdistill_refined,HistDistill-Refined,budget_50,seed_1,10.0,0,1.873104446548544,73.20045796573379,1.3541327045361384,0.3611065657700133,1.3274123107784925,83.8021761038948,0.6475395144140769,0.31937856165554984,0.07996045655276518,0.0,0.0,0.39764003647692625,0.0,5.0,1.3541327045361384,0.0,,,,
hill_valley_with_noise,histdistill_refined,HistDistill-Refined,budget_50,seed_1,10.0,1,3.354632408308641,88.20397530272115,2.433259226758141,0.48711828885140573,1.3274123107784925,83.8021761038948,0.6475395144140769,0.31937856165554984,0.07996045655276518,0.0,0.0,0.4543581729385855,0.0,13.0,1.3541327045361384,0.0,3.107713303146893,0.0,,
hill_valley_with_noise,histdistill_refined,HistDistill-Refined,budget_50,seed_1,10.0,2,2.9518742923581085,70.80212943040257,2.1126749228599624,0.3790233071394718,1.3274123107784925,83.8021761038948,0.6475395144140769,0.31937856165554984,0.07996045655276518,0.0,0.0,0.5355911141413853,0.0,22.0,1.3541327045361384,0.0,3.107713303146893,0.0,1.6496087061181484,0.0
hill_valley_with_noise,histdistill_refined,HistDistill-Refined,budget_50,seed_2,0.1,0,3.3281941903901826,66.5738081669443,1.8863364947599652,0.2960190195724912,3.5963441828927594,70.63680351284492,1.5624484189794685,0.2397538052657301,0.04282735143227834,0.0,0.0,0.6067212645449593,0.0,5.0,1.8863364947599652,0.0,,,,
hill_valley_with_noise,histdistill_refined,HistDistill-Refined,budget_50,seed_2,0.1,1,4.072202836940139,89.99370862156039,1.859012596641747,0.29144325760113554,3.5963441828927594,70.63680351284492,1.5624484189794685,0.2397538052657301,0.04282735143227834,0.0,0.0,0.6120902680634416,0.0,13.0,1.8863364947599652,0.0,1.8419351603178604,0.125,,
hill_valley_with_noise,histdistill_refined,HistDistill-Refined,budget_50,seed_2,0.1,2,4.978259874397822,96.45370627050364,2.1238839106167706,0.2912471871975089,3.5963441828927594,70.63680351284492,1.5624484189794685,0.2397538052657301,0.04282735143227834,0.0,0.0,0.6599805437179297,0.0,22.0,1.8863364947599652,0.0,1.8419351603178604,0.125,2.5064758085806935,0.1111111111111111
hill_valley_with_noise,histdistill_refined,HistDistill-Refined,budget_50,seed_2,1.0,0,3.2000971732357066,66.12054732065396,1.840644946279196,0.2958418924642191,3.4563024710954315,72.68127831172595,1.5184628636076065,0.2494623565366318,0.09371243865757739,0.0,0.0,0.624264527104326,0.0,5.0,1.840644946279196,0.0,,,,
hill_valley_with_noise,histdistill_refined,HistDistill-Refined,budget_50,seed_2,1.0,1,3.5953657270010906,78.5713923380223,1.8287488240197929,0.28205932486773844,3.4563024710954315,72.68127831172595,1.5184628636076065,0.2494623565366318,0.09371243865757739,0.0,0.0,0.6155301760014881,0.0,13.0,1.840644946279196,0.0,1.821313747607666,0.125,,
hill_valley_with_noise,histdistill_refined,HistDistill-Refined,budget_50,seed_2,1.0,2,4.458826689038564,83.551685538539,2.145371795427822,0.28247133799740853,3.4563024710954315,72.68127831172595,1.5184628636076065,0.2494623565366318,0.09371243865757739,0.0,0.0,0.650607040083701,0.0,22.0,1.840644946279196,0.0,1.821313747607666,0.125,2.6027160874616415,0.1111111111111111
hill_valley_with_noise,histdistill_refined,HistDistill-Refined,budget_50,seed_2,10.0,0,2.2953578518401065,51.03664327685973,1.4120360468105817,0.24358750761875,2.5121840414381467,55.719683219052094,1.2254959676828756,0.21235334343038212,0.07996045655276518,0.0,0.0,0.6298864964863703,0.0,5.0,1.4120360468105817,0.0,,,,
hill_valley_with_noise,histdistill_refined,HistDistill-Refined,budget_50,seed_2,10.0,1,2.2510077348759685,44.198100240720805,1.6463107008804174,0.23368093635052706,2.5121840414381467,55.719683219052094,1.2254959676828756,0.21235334343038212,0.07996045655276518,0.0,0.0,0.6641613764564377,0.0,13.0,1.4120360468105817,0.0,1.7927323596740645,0.125,,
hill_valley_with_noise,histdistill_refined,HistDistill-Refined,budget_50,seed_2,10.0,2,2.6560479822610534,48.72776151869339,1.7949893601795253,0.24408798125801034,2.5121840414381467,55.719683219052094,1.2254959676828756,0.21235334343038212,0.07996045655276518,0.0,0.0,0.6958608124920342,0.0,22.0,1.4120360468105817,0.0,1.7927323596740645,0.125,2.009747423611571,0.1111111111111111
hill_valley_with_noise,histdistill_density,HistDistill-Density,budget_50,seed_0,0.1,0,10.468666178845082,298.3308249123927,6.601414896608034,1.3498194807284927,9.699642513762068,363.20573911779354,4.2140547009889735,1.2424914866495902,0.04282735143227834,0.0,1.0,0.5902166886131782,0.0,6.0,6.601414896608034,0.3333333333333333,,,,
hill_valley_with_noise,histdistill_density,HistDistill-Density,budget_50,seed_0,0.1,1,9.967941866117062,230.48923181494033,5.577557292470425,0.9884297992322868,9.699642513762068,363.20573911779354,4.2140547009889735,1.2424914866495902,0.04282735143227834,0.0,1.0,0.523380217689097,0.0,13.0,6.601414896608034,0.3333333333333333,4.699965060352475,0.0,,
hill_valley_with_noise,histdistill_density,HistDistill-Density,budget_50,seed_0,0.1,2,9.525145082964155,240.19477916392503,4.688623494566755,0.8759462127323692,9.699642513762068,363.20573911779354,4.2140547009889735,1.2424914866495902,0.04282735143227834,0.0,1.0,0.5008424394970049,0.0,20.0,6.601414896608034,0.3333333333333333,4.699965060352475,0.0,3.0377464413170827,0.0
hill_valley_with_noise,histdistill_density,HistDistill-Density,budget_50,seed_0,1.0,0,10.399897202291745,292.6003774529136,6.604564309096422,1.347424580206232,9.592726102203857,346.5771949952225,4.214387620519603,1.208431035571201,0.09371243865757739,0.0,1.0,0.6112940304353697,0.0,6.0,6.604564309096422,0.16666666666666666,,,,
hill_valley_with_noise,histdistill_density,HistDistill-Density,budget_50,seed_0,1.0,1,9.732453183599137,224.86265191216256,5.868272856733525,1.031441628170499,9.592726102203857,346.5771949952225,4.214387620519603,1.208431035571201,0.09371243865757739,0.0,1.0,0.5321322838874376,0.0,13.0,6.604564309096422,0.16666666666666666,5.237165897565327,0.0,,
hill_valley_with_noise,histdistill_density,HistDistill-Density,budget_50,seed_0,1.0,2,9.39155134128968,227.13381920197708,5.153647285436051,0.9316070936047908,9.592726102203857,346.5771949952225,4.214387620519603,1.208431035571201,0.09371243865757739,0.0,1.0,0.5081313902938136,0.0,20.0,6.604564309096422,0.16666666666666666,5.237165897565327,0.0,3.8264855101693165,0.0
hill_valley_with_noise,histdistill_density,HistDistill-Density,budget_50,seed_0,10.0,0,10.2382148620382,311.9351348973627,6.90804195031275,1.5885542993462922,11.565290218658856,340.71952634573023,5.641790686615025,1.3087410856185857,0.07996045655276518,0.0,0.0,0.7124185378434836,0.0,6.0,6.90804195031275,0.0,,,,
hill_valley_with_noise,histdistill_density,HistDistill-Density,budget_50,seed_0,10.0,1,8.84206831537149,226.5275018342156,6.649671827696091,1.2866290313419302,11.565290218658856,340.71952634573023,5.641790686615025,1.3087410856185857,0.07996045655276518,0.0,0.0,0.5960869550134394,0.0,13.0,6.90804195031275,0.0,6.428211722596097,0.0,,
hill_valley_with_noise,histdistill_density,HistDistill-Density,budget_50,seed_0,10.0,2,8.17449788106888,208.441801133859,6.173336433955368,1.2017154019394072,11.565290218658856,340.71952634573023,5.641790686615025,1.3087410856185857,0.07996045655276518,0.0,0.0,0.5846197667958746,0.0,20.0,6.90804195031275,0.0,6.428211722596097,0.0,5.288713559865452,0.0
hill_valley_with_noise,histdistill_density,HistDistill-Density,budget_50,seed_1,0.1,0,3.6795401598547826,108.97994277873875,1.958180878769107,0.45610132896410605,4.794403439326259,137.82957586839186,2.082950822493181,0.46781795960797556,0.04282735143227834,0.0,0.0,0.5978324763614096,0.0,5.0,1.958180878769107,0.0,,,,
hill_valley_with_noise,histdistill_density,HistDistill-Density,budget_50,seed_1,0.1,1,4.498153872037874,117.84144038555915,1.6395147307554814,0.3521930194612564,4.794403439326259,137.82957586839186,2.082950822493181,0.46781795960797556,0.04282735143227834,0.0,0.0,0.6154084482174444,0.0,13.0,1.958180878769107,0.0,1.4403483882469654,0.0,,
hill_valley_with_noise,histdistill_density,HistDistill-Density,budget_50,seed_1,0.1,2,5.356163525012582,124.10702077900737,2.043432618685114,0.37647866013208886,4.794403439326259,137.82957586839186,2.082950822493181,0.46781795960797556,0.04282735143227834,0.0,0.0,0.6428942385210447,0.0,22.0,1.958180878769107,0.0,1.4403483882469654,0.0,2.626869567916806,0.0
hill_valley_with_noise,histdistill_density,HistDistill-Density,budget_50,seed_1,1.0,0,3.63525860857413,107.64266711427986,1.9648834201524945,0.4564480922697712,4.742024333193159,137.22970211216654,2.0833210948679786,0.4710104950121387,0.09371243865757739,0.0,0.0,0.6000038020376975,0.0,5.0,1.9648834201524945,0.0,,,,
hill_valley_with_noise,histdistill_density,HistDistill-Density,budget_50,seed_1,1.0,1,3.9693685378963184,100.21428091251536,1.7583678200041537,0.3564131458313818,4.742024333193159,137.22970211216654,2.0833210948679786,0.4710104950121387,0.09371243865757739,0.0,0.0,0.6482674857844166,0.0,13.0,1.9648834201524945,0.0,1.6292955699114409,0.125,,
hill_valley_with_noise,histdistill_density,HistDistill-Density,budget_50,seed_1,1.0,2,4.783086668309496,104.9944752808396,2.2687393926047053,0.37665769375960073,4.742024333193159,137.22970211216654,2.0833210948679786,0.4710104950121387,0.09371243865757739,0.0,0.0,0.6263055847577544,0.0,22.0,1.9648834201524945,0.0,1.6292955699114409,0.125,3.0059427752499475,0.0
hill_valley_with_noise,histdistill_density,HistDistill-Density,budget_50,seed_1,10.0,0,3.8647701389800644,116.68266172039357,2.482088296356906,0.5845664670995532,4.2770381379228795,130.11819136579336,2.086428742955382,0.4958935762253704,0.07996045655276518,0.0,0.0,0.7262481879926348,0.0,5.0,2.482088296356906,0.0,,,,
hill_valley_with_noise,histdistill_density,HistDistill-Density,budget_50,seed_1,10.0,1,3.1188737584708313,80.01070860758804,2.049372837608683,0.4218008763299691,4.2770381379228795,130.11819136579336,2.086428742955382,0.4958935762253704,0.07996045655276518,0.0,0.0,0.6562323529766585,0.0,13.0,2.482088296356906,0.0,1.7789256758910437,0.0,,
hill_valley_with_noise,histdistill_density,HistDistill-Density,budget_50,seed_1,10.0,2,3.0840319904169324,77.79668182727106,2.0481459099761365,0.40445279109382853,4.2770381379228795,130.11819136579336,2.086428742955382,0.4958935762253704,0.07996045655276518,0.0,0.0,0.6966513086993111,0.0,22.0,2.482088296356906,0.0,1.7789256758910437,0.0,2.04637368117357,0.1111111111111111
hill_valley_with_noise,histdistill_density,HistDistill-Density,budget_50,seed_2,0.1,0,13.635294006616656,521.8546840386308,7.407574246225439,2.1578323054526765,14.802348700689638,569.0896990591953,6.430949082846716,1.9315910984301563,0.04282735143227834,0.0,0.0,0.5598174997593067,0.0,5.0,7.407574246225439,0.0,,,,
hill_valley_with_noise,histdistill_density,HistDistill-Density,budget_50,seed_2,0.1,1,9.523710626353466,303.091231010976,4.51111490807746,1.1422003245713706,14.802348700689638,569.0896990591953,6.430949082846716,1.9315910984301563,0.04282735143227834,0.0,0.0,0.5225870507858544,0.0,13.0,7.407574246225439,0.0,2.7008278217349755,0.125,,
hill_valley_with_noise,histdistill_density,HistDistill-Density,budget_50,seed_2,0.1,2,9.143134229177486,276.94694193092397,4.097806753185381,0.9882050540759036,14.802348700689638,569.0896990591953,6.430949082846716,1.9315910984301563,0.04282735143227834,0.0,0.0,0.5832384585180022,0.0,22.0,7.407574246225439,0.0,2.7008278217349755,0.125,3.5008060850079317,0.1111111111111111
hill_valley_with_noise,histdistill_density,HistDistill-Density,budget_50,seed_2,1.0,0,13.500102483438184,518.1357723204458,7.435327061634074,2.166908045921069,14.651115195337823,569.5096852824252,6.4366977487090775,1.9547155947320263,0.09371243865757739,0.0,0.0,0.5760124955217114,0.0,5.0,7.435327061634074,0.0,,,,
hill_valley_with_noise,histdistill_density,HistDistill-Density,budget_50,seed_2,1.0,1,9.23496950069014,290.63945032884334,4.735371832242985,1.1669562177133814,14.651115195337823,569.5096852824252,6.4366977487090775,1.9547155947320263,0.09371243865757739,0.0,0.0,0.49266082296707275,0.0,13.0,7.435327061634074,0.0,3.0478998138735554,0.125,,
hill_valley_with_noise,histdistill_density,HistDistill-Density,budget_50,seed_2,1.0,2,8.77634222795112,264.7822090441326,4.357036175214827,1.0301823861266994,14.651115195337823,569.5096852824252,6.4366977487090775,1.9547155947320263,0.09371243865757739,0.0,0.0,0.5274170663398187,0.0,22.0,7.435327061634074,0.0,3.0478998138735554,0.125,3.8105513372852644,0.1111111111111111
hill_valley_with_noise,histdistill_density,HistDistill-Density,budget_50,seed_2,10.0,0,12.788793320375444,537.7706343099494,7.858654727858576,2.5780248766899696,13.295415441253734,579.976417583695,6.485781990159282,2.2103487361995864,0.07996045655276518,0.0,0.0,0.7336785988355012,0.0,5.0,7.858654727858576,0.0,,,,
hill_valley_with_noise,histdistill_density,HistDistill-Density,budget_50,seed_2,10.0,1,8.143055040823231,281.5676327962396,5.764279667291285,1.4808691387232975,13.295415441253734,579.976417583695,6.485781990159282,2.2103487361995864,0.07996045655276518,0.0,0.0,0.5480186988856344,0.0,13.0,7.858654727858576,0.0,4.4552952544367255,0.125,,
hill_valley_with_noise,histdistill_density,HistDistill-Density,budget_50,seed_2,10.0,2,7.286461572592784,249.45138854287532,5.152239441027955,1.3309397838067654,13.295415441253734,579.976417583695,6.485781990159282,2.2103487361995864,0.07996045655276518,0.0,0.0,0.5696850429836277,0.0,22.0,7.858654727858576,0.0,4.4552952544367255,0.125,4.2681813364253705,0.1111111111111111
hill_valley_with_noise,gain_path_refined,Legacy gain-path refined,budget_50,seed_0,0.1,0,4.500379007997293,74.64246916981425,2.83744218730932,0.37120189741441156,3.669087773797071,64.16352011616058,1.5940522096121852,0.21949715797839828,0.04282735143227834,0.0,0.0,0.7063480309717344,0.0,6.0,2.83744218730932,0.0,,,,
hill_valley_with_noise,gain_path_refined,Legacy gain-path refined,budget_50,seed_0,0.1,1,4.8958251384329605,83.6933718292962,2.6324412516472537,0.3517260402672528,3.669087773797071,64.16352011616058,1.5940522096121852,0.21949715797839828,0.04282735143227834,0.0,0.0,0.663205156133727,0.0,13.0,2.83744218730932,0.0,2.456726163936911,0.14285714285714285,,
hill_valley_with_noise,gain_path_refined,Legacy gain-path refined,budget_50,seed_0,0.1,2,5.602852814690144,122.18476214825255,2.5551746826798287,0.40506471117637644,3.669087773797071,64.16352011616058,1.5940522096121852,0.21949715797839828,0.04282735143227834,0.0,0.0,0.6300817602114414,0.0,20.0,2.83744218730932,0.0,2.456726163936911,0.14285714285714285,2.4116796260260385,0.0
hill_valley_with_noise,gain_path_refined,Legacy gain-path refined,budget_50,seed_0,1.0,0,3.5276080375120973,66.480745526715,2.3157695605833486,0.3392361070086101,2.0691281791074623,48.6076947072955,0.9090333749126204,0.16948330040202328,0.09371243865757739,0.0,0.0,0.7324841209289223,0.0,6.0,2.3157695605833486,0.0,,,,
hill_valley_with_noise,gain_path_refined,Legacy gain-path refined,budget_50,seed_0,1.0,1,4.141955051721866,73.06923862609987,2.4732607664295587,0.34008543336243285,2.0691281791074623,48.6076947072955,0.9090333749126204,0.16948330040202328,0.09371243865757739,0.0,0.0,0.682780371969412,0.0,13.0,2.3157695605833486,0.0,2.6082532285834517,0.0,,
hill_valley_with_noise,gain_path_refined,Legacy gain-path refined,budget_50,seed_0,1.0,2,4.9184895472884795,100.07768556198297,2.5660090572834244,0.3864592663224558,2.0691281791074623,48.6076947072955,0.9090333749126204,0.16948330040202328,0.09371243865757739,0.0,0.0,0.6464619452501145,0.0,20.0,2.3157695605833486,0.0,2.6082532285834517,0.0,2.738255883154891,0.0
hill_valley_with_noise,gain_path_refined,Legacy gain-path refined,budget_50,seed_0,10.0,0,2.3771568726692855,46.73421041985523,1.6530765538628476,0.252117338589229,1.9533679905360297,40.94035010512052,0.9528937993063219,0.15725637687055286,0.07996045655276518,0.0,0.0,0.7270502170676206,0.0,6.0,1.6530765538628476,0.0,,,,
hill_valley_with_noise,gain_path_refined,Legacy gain-path refined,budget_50,seed_0,10.0,1,2.7039978010504067,49.07976275375938,2.2195773464758752,0.3033620035489219,1.9533679905360297,40.94035010512052,0.9528937993063219,0.15725637687055286,0.07996045655276518,0.0,0.0,0.6868561818959207,0.0,13.0,1.6530765538628476,0.0,2.705149454429898,0.0,,
hill_valley_with_noise,gain_path_refined,Legacy gain-path refined,budget_50,seed_0,10.0,2,2.7914788631670833,54.41512073997293,2.184427740620529,0.3283447067376861,1.9533679905360297,40.94035010512052,0.9528937993063219,0.15725637687055286,0.07996045655276518,0.0,0.0,0.6645951395622359,0.0,20.0,1.6530765538628476,0.0,2.705149454429898,0.0,2.119149901174886,0.0
hill_valley_with_noise,gain_path_refined,Legacy gain-path refined,budget_50,seed_1,0.1,0,2.0967168145403114,55.21761341798924,1.3127054411727646,0.2546270347557048,1.8091544569504783,55.13259708838739,0.7859955491463105,0.1871297862978684,0.04282735143227834,0.0,0.0,0.7229281099939384,0.0,5.0,1.3127054411727646,0.0,,,,
hill_valley_with_noise,gain_path_refined,Legacy gain-path refined,budget_50,seed_1,0.1,1,4.12769166559084,97.85684570166035,1.506950862790301,0.27734746562667845,1.8091544569504783,55.13259708838739,0.7859955491463105,0.1871297862978684,0.04282735143227834,0.0,0.0,0.673709962113189,0.0,13.0,1.3127054411727646,0.0,1.6283542513012614,0.125,,
hill_valley_with_noise,gain_path_refined,Legacy gain-path refined,budget_50,seed_1,0.1,2,4.591576230604124,96.06560752204204,1.746473423370272,0.2819200813447792,1.8091544569504783,55.13259708838739,0.7859955491463105,0.1871297862978684,0.04282735143227834,0.0,0.0,0.690882505173071,0.0,22.0,1.3127054411727646,0.0,1.6283542513012614,0.125,2.0924504553191188,0.0
hill_valley_with_noise,gain_path_refined,Legacy gain-path refined,budget_50,seed_1,1.0,0,2.030080417459043,52.666291081766985,1.2976564485768676,0.2477327897895198,1.7905510284020623,51.69623881977536,0.7866456320766463,0.17743586601146863,0.09371243865757739,0.0,0.0,0.7390450477869761,0.0,5.0,1.2976564485768676,0.0,,,,
hill_valley_with_noise,gain_path_refined,Legacy gain-path refined,budget_50,seed_1,1.0,1,3.579127388423072,77.45139641560955,1.6704651358205782,0.2692422662157438,1.7905510284020623,51.69623881977536,0.7866456320766463,0.17743586601146863,0.09371243865757739,0.0,0.0,0.7157447383606735,0.0,13.0,1.2976564485768676,0.0,1.903470565347897,0.125,,
hill_valley_with_noise,gain_path_refined,Legacy gain-path refined,budget_50,seed_1,1.0,2,4.014400746667957,75.11193932914779,1.9718469598287554,0.26893525070884655,1.7905510284020623,51.69623881977536,0.7866456320766463,0.17743586601146863,0.09371243865757739,0.0,0.0,0.6696577887430758,0.0,22.0,1.2976564485768676,0.0,1.903470565347897,0.125,2.407176261173901,0.0
hill_valley_with_noise,gain_path_refined,Legacy gain-path refined,budget_50,seed_1,10.0,0,1.7592276122284212,41.81345343365079,1.21290973800198,0.20979366476509184,1.6239397807414977,42.97950769727499,0.7921918220287836,0.16379924707446056,0.07996045655276518,0.0,0.0,0.7592372983877402,0.0,5.0,1.21290973800198,0.0,,,,
hill_valley_with_noise,gain_path_refined,Legacy gain-path refined,budget_50,seed_1,10.0,1,1.9949322082103842,44.11250726902834,1.2739578131365297,0.2267315458185758,1.6239397807414977,42.97950769727499,0.7921918220287836,0.16379924707446056,0.07996045655276518,0.0,0.0,0.7125460009339505,0.0,13.0,1.21290973800198,0.0,1.3121128600956233,0.0,,
hill_valley_with_noise,gain_path_refined,Legacy gain-path refined,budget_50,seed_1,10.0,2,1.9576647591316458,38.954744312684035,1.2669105739588136,0.19618061438644363,1.6239397807414977,42.97950769727499,0.7921918220287836,0.16379924707446056,0.07996045655276518,0.0,0.0,0.7263819766776441,0.0,22.0,1.21290973800198,0.0,1.3121128600956233,0.0,1.2567312284798902,0.1111111111111111
hill_valley_with_noise,gain_path_refined,Legacy gain-path refined,budget_50,seed_2,0.1,0,2.225620628437183,64.3021985683989,1.18565105529759,0.2802178339274212,2.1379715184464656,68.05819574743492,0.9288516473784413,0.23100155440924297,0.04282735143227834,0.0,1.0,0.5387771297485624,0.0,5.0,1.18565105529759,0.8,,,,
hill_valley_with_noise,gain_path_refined,Legacy gain-path refined,budget_50,seed_2,0.1,1,3.5464252605693662,91.42247382538143,1.4290231545299728,0.2915888926553665,2.1379715184464656,68.05819574743492,0.9288516473784413,0.23100155440924297,0.04282735143227834,0.0,1.0,0.5542481670682995,0.0,13.0,1.18565105529759,0.8,1.5811307165502118,0.125,,
hill_valley_with_noise,gain_path_refined,Legacy gain-path refined,budget_50,seed_2,0.1,2,5.006728311491458,107.29732725588627,1.9830983833940392,0.3224463278832431,2.1379715184464656,68.05819574743492,0.9288516473784413,0.23100155440924297,0.04282735143227834,0.0,1.0,0.6428151623058082,0.0,22.0,1.18565105529759,0.8,1.5811307165502118,0.125,2.7834292695310245,0.1111111111111111
hill_valley_with_noise,gain_path_refined,Legacy gain-path refined,budget_50,seed_2,1.0,0,2.1099144986643026,60.997671597381384,1.1459226625555818,0.2702696181489251,1.9837198026856693,62.775675540008244,0.8715107770144078,0.21546357352472345,0.09371243865757739,0.0,1.0,0.5604574499010828,0.0,5.0,1.1459226625555818,0.8,,,,
hill_valley_with_noise,gain_path_refined,Legacy gain-path refined,budget_50,seed_2,1.0,1,2.8499279939199513,78.71787370062175,1.32173351309791,0.2819516517464322,1.9837198026856693,62.775675540008244,0.8715107770144078,0.21546357352472345,0.09371243865757739,0.0,1.0,0.5678098437714113,0.0,13.0,1.1459226625555818,0.8,1.4316152946868654,0.25,,
hill_valley_with_noise,gain_path_refined,Legacy gain-path refined,budget_50,seed_2,1.0,2,4.336465546365921,92.43361078001821,1.9620798624220428,0.3114341680597278,1.9837198026856693,62.775675540008244,0.8715107770144078,0.21546357352472345,0.09371243865757739,0.0,1.0,0.6439696999980677,0.0,22.0,1.1459226625555818,0.8,1.4316152946868654,0.25,2.8870245892235693,0.1111111111111111
hill_valley_with_noise,gain_path_refined,Legacy gain-path refined,budget_50,seed_2,10.0,0,1.7602088324640541,48.18233109823608,1.0431986945155258,0.22822397043743098,1.9533679905360297,49.58589775689033,0.9528937993063219,0.18897686719210102,0.07996045655276518,0.0,0.0,0.7239855257044646,0.0,5.0,1.0431986945155258,0.4,,,,
hill_valley_with_noise,gain_path_refined,Legacy gain-path refined,budget_50,seed_2,10.0,1,1.8547696131380111,45.453412540040276,1.305894935269166,0.2461217898899213,1.9533679905360297,49.58589775689033,0.9528937993063219,0.18897686719210102,0.07996045655276518,0.0,0.0,0.6736785648311554,0.0,13.0,1.0431986945155258,0.4,1.4700800857401908,0.125,,
hill_valley_with_noise,gain_path_refined,Legacy gain-path refined,budget_50,seed_2,10.0,2,2.537642910459047,55.62478601314385,1.6442098819357354,0.2800608467013745,1.9533679905360297,49.58589775689033,0.9528937993063219,0.18897686719210102,0.07996045655276518,0.0,0.0,0.7033801972210605,0.0,22.0,1.0431986945155258,0.4,1.4700800857401908,0.125,2.1328870271207805,0.1111111111111111
hill_valley_with_noise,random,Random,budget_50,seed_0,0.1,0,11.271920701604772,153.38856677906207,6.530007736716733,0.7826934008295989,14.72866515890498,141.48096123768053,6.398936926192221,0.4839925995877711,0.04282735143227834,0.0,0.0,0.12521433024721612,0.0,6.0,6.530007736716733,0.0,,,,
hill_valley_with_noise,random,Random,budget_50,seed_0,0.1,1,10.737614913071857,167.2202472022015,5.678328184617589,0.7408277399078801,14.72866515890498,141.48096123768053,6.398936926192221,0.4839925995877711,0.04282735143227834,0.0,0.0,0.25164437698291864,0.0,13.0,6.530007736716733,0.0,4.948317139961182,0.0,,
hill_valley_with_noise,random,Random,budget_50,seed_0,0.1,2,9.604253707718787,178.78186289135505,4.672881645339306,0.6778391406696819,14.72866515890498,141.48096123768053,6.398936926192221,0.4839925995877711,0.04282735143227834,0.0,0.0,0.3028389431175626,0.0,20.0,6.530007736716733,0.0,4.948317139961182,0.0,2.8056237866796363,0.0
hill_valley_with_noise,random,Random,budget_50,seed_0,1.0,0,10.147676597540146,140.9630358326015,5.929166179572985,0.7127028806858137,13.190646738368592,132.38783733536982,5.7950678179017725,0.4616044381408823,0.09371243865757739,0.0,0.0,0.1361808662192884,0.0,6.0,5.929166179572985,0.0,,,,
hill_valley_with_noise,random,Random,budget_50,seed_0,1.0,1,9.178036451869074,153.74050588017528,5.2920865012373275,0.7281427955813429,13.190646738368592,132.38783733536982,5.7950678179017725,0.4616044381408823,0.09371243865757739,0.0,0.0,0.24904762269551822,0.0,13.0,5.929166179572985,0.0,4.746018205521051,0.0,,
hill_valley_with_noise,random,Random,budget_50,seed_0,1.0,2,8.51924523575712,161.0434009706474,4.6706611974085845,0.7015352411633593,13.190646738368592,132.38783733536982,5.7950678179017725,0.4616044381408823,0.09371243865757739,0.0,0.0,0.2952178274694358,0.0,20.0,5.929166179572985,0.0,4.746018205521051,0.0,3.516585633155205,0.0
hill_valley_with_noise,random,Random,budget_50,seed_0,10.0,0,5.765181882198345,133.749451413493,3.7606486556461234,0.7307087430350142,6.602162809973434,126.09663387948551,3.2206732341856954,0.4843510064898142,0.07996045655276518,0.0,0.0,0.32603641477827466,0.0,6.0,3.7606486556461234,0.3333333333333333,,,,
hill_valley_with_noise,random,Random,budget_50,seed_0,10.0,1,5.958660785156,139.77474700209908,4.2388553510702875,0.8004826177062472,6.602162809973434,126.09663387948551,3.2206732341856954,0.4843510064898142,0.07996045655276518,0.0,0.0,0.3435184375124906,0.0,13.0,3.7606486556461234,0.3333333333333333,4.648746804291,0.0,,
hill_valley_with_noise,random,Random,budget_50,seed_0,10.0,2,6.051251824410256,130.65101550529553,4.438233448554469,0.7760969340301336,6.602162809973434,126.09663387948551,3.2206732341856954,0.4843510064898142,0.07996045655276518,0.0,0.0,0.3604803062475047,0.0,20.0,3.7606486556461234,0.3333333333333333,4.648746804291,0.0,4.808507058167953,0.14285714285714285
hill_valley_with_noise,random,Random,budget_50,seed_1,0.1,0,14.016568279029375,273.96068718618966,8.444941993906685,1.3010387065274265,12.552680828292289,268.28147500573414,5.453570436170907,0.9105947794371966,0.04282735143227834,0.0,0.0,-0.02614920499414087,0.0,5.0,8.444941993906685,0.0,,,,
hill_valley_with_noise,random,Random,budget_50,seed_1,0.1,1,10.510078149186796,259.90683869874556,4.88635998954821,0.8665104738079344,12.552680828292289,268.28147500573414,5.453570436170907,0.9105947794371966,0.04282735143227834,0.0,0.0,0.18779003212630402,0.0,13.0,8.444941993906685,0.0,2.6622462368241626,0.0,,
hill_valley_with_noise,random,Random,budget_50,seed_1,0.1,2,10.181736504116806,246.6028711144865,4.826677767453567,0.8755961165364909,12.552680828292289,268.28147500573414,5.453570436170907,0.9105947794371966,0.04282735143227834,0.0,0.0,0.33079064623660226,0.0,22.0,8.444941993906685,0.0,2.6622462368241626,0.0,4.74047011331686,0.1111111111111111
hill_valley_with_noise,random,Random,budget_50,seed_1,1.0,0,13.821360834199481,271.2292169051444,8.489964172346465,1.3098482506587301,12.2457135106,268.38012919302355,5.379928799556333,0.9211552277458489,0.09371243865757739,0.0,0.0,-0.017750678178253664,0.0,5.0,8.489964172346465,0.0,,,,
hill_valley_with_noise,random,Random,budget_50,seed_1,1.0,1,10.599550523151521,249.6632956200286,5.74992708134508,1.0153571728645656,12.2457135106,268.38012919302355,5.379928799556333,0.9211552277458489,0.09371243865757739,0.0,0.0,0.10391027255606594,0.0,13.0,8.489964172346465,0.0,4.037403899469211,0.0,,
hill_valley_with_noise,random,Random,budget_50,seed_1,1.0,2,9.93017720355048,221.53315610219673,5.560477924218606,0.9264478859256674,12.2457135106,268.38012919302355,5.379928799556333,0.9211552277458489,0.09371243865757739,0.0,0.0,0.18449993658474895,0.0,22.0,8.489964172346465,0.0,4.037403899469211,0.0,5.28682914170259,0.1111111111111111
hill_valley_with_noise,random,Random,budget_50,seed_1,10.0,0,12.176355164834778,256.0425682031,8.094044658442836,1.3115763127530933,9.897020454374601,263.3186096344565,4.827973770571236,1.0035338306481443,0.07996045655276518,0.0,0.0,0.07795695892183163,0.0,5.0,8.094044658442836,0.0,,,,
hill_valley_with_noise,random,Random,budget_50,seed_1,10.0,1,8.925890515958413,212.10778820172933,6.693361554952304,1.1471222406006691,9.897020454374601,263.3186096344565,4.827973770571236,1.0035338306481443,0.07996045655276518,0.0,0.0,-0.008353342154845528,0.0,13.0,8.094044658442836,0.0,5.817934615270721,0.0,,
hill_valley_with_noise,random,Random,budget_50,seed_1,10.0,2,7.6012921912107565,170.353135130754,5.500202480349443,0.8996794584149829,9.897020454374601,263.3186096344565,4.827973770571236,1.0035338306481443,0.07996045655276518,0.0,0.0,0.0017295104065741327,0.0,22.0,8.094044658442836,0.0,5.817934615270721,0.0,3.776750483700865,0.0
hill_valley_with_noise,random,Random,budget_50,seed_2,0.1,0,10.066635876561273,345.13343472949356,5.446796069026783,1.4678425523499445,11.567158130164097,394.3367713319682,5.025405526682129,1.3384487516603036,0.04282735143227834,0.0,0.0,0.4954803392396706,0.0,5.0,5.446796069026783,0.0,,,,
hill_valley_with_noise,random,Random,budget_50,seed_2,0.1,1,10.525992685394236,300.34967146841916,5.218694480607155,1.1529969900303803,11.567158130164097,394.3367713319682,5.025405526682129,1.3384487516603036,0.04282735143227834,0.0,0.0,0.5699755411140189,0.0,13.0,5.446796069026783,0.0,5.0761309878448895,0.125,,
hill_valley_with_noise,random,Random,budget_50,seed_2,0.1,2,11.168307865573851,347.5605728161057,4.713630029987694,1.1415066872985566,11.567158130164097,394.3367713319682,5.025405526682129,1.3384487516603036,0.04282735143227834,0.0,0.0,0.5458982659668187,0.0,22.0,5.446796069026783,0.0,5.0761309878448895,0.125,3.9840924902040302,0.0
hill_valley_with_noise,random,Random,budget_50,seed_2,1.0,0,9.740623579871635,330.7458217566037,5.356998172822264,1.4306452530002054,11.156188110780327,368.9340638141839,4.901265872217378,1.2662842908594527,0.09371243865757739,0.0,0.0,0.5034387934752566,0.0,5.0,5.356998172822264,0.0,,,,
hill_valley_with_noise,random,Random,budget_50,seed_2,1.0,1,9.928920329353513,278.163364523154,5.302314289203224,1.154914323007607,11.156188110780327,368.9340638141839,4.901265872217378,1.2662842908594527,0.09371243865757739,0.0,0.0,0.558561552540817,0.0,13.0,5.356998172822264,0.0,5.268136861941323,0.125,,
hill_valley_with_noise,random,Random,budget_50,seed_2,1.0,2,10.696028164309189,327.8314647896179,5.0682972721398265,1.1610853579192246,11.156188110780327,368.9340638141839,4.901265872217378,1.2662842908594527,0.09371243865757739,0.0,0.0,0.5312166807177447,0.0,22.0,5.356998172822264,0.0,5.268136861941323,0.125,4.7302726919371425,0.0
hill_valley_with_noise,random,Random,budget_50,seed_2,10.0,0,7.457242839777623,311.45715652001843,4.540734930473115,1.491454702161326,8.309357804336098,351.47887726248314,4.053478692356721,1.3395215195036234,0.07996045655276518,0.0,0.0,0.5853211143860525,0.0,5.0,4.540734930473115,0.0,,,,
hill_valley_with_noise,random,Random,budget_50,seed_2,10.0,1,6.482715879778739,208.43506581242895,4.596873315407352,1.1027005825365277,8.309357804336098,351.47887726248314,4.053478692356721,1.3395215195036234,0.07996045655276518,0.0,0.0,0.4434912029732842,0.0,13.0,4.540734930473115,0.0,4.63195980599125,0.0,,
hill_valley_with_noise,random,Random,budget_50,seed_2,10.0,2,6.95080336586893,241.94076446256074,4.689328294411908,1.1607895824612842,8.309357804336098,351.47887726248314,4.053478692356721,1.3395215195036234,0.07996045655276518,0.0,0.0,0.5197832767229998,0.0,22.0,4.540734930473115,0.0,4.63195980599125,0.0,4.822874375196267,0.0
hill_valley_without_noise,histdistill_refined,HistDistill-Refined,budget_50,seed_0,0.1,0,5.039005182873885,69.7469828425066,2.941333751133133,0.3055309417653927,5.52879834489095,80.21550924398953,2.119246124072698,0.2459795368922185,0.0,0.0,0.0,0.6736512381139669,0.0,6.0,2.941333751133133,0.16666666666666666,,,,
hill_valley_without_noise,histdistill_refined,HistDistill-Refined,budget_50,seed_0,0.1,1,4.084503629635872,72.90430620316592,2.2499046545061048,0.2896225999844952,5.52879834489095,80.21550924398953,2.119246124072698,0.2459795368922185,0.0,0.0,0.0,0.7271633586017048,0.0,12.0,2.941333751133133,0.16666666666666666,1.558475557879076,0.6666666666666666,,
hill_valley_without_noise,histdistill_refined,HistDistill-Refined,budget_50,seed_0,0.1,2,5.32296785699665,92.95756517418715,2.7734976429515763,0.35754700081802065,5.52879834489095,80.21550924398953,2.119246124072698,0.2459795368922185,0.0,0.0,0.0,0.7361189254035567,0.0,20.0,2.941333751133133,0.16666666666666666,1.558475557879076,0.6666666666666666,3.5588871256197847,0.375
hill_valley_without_noise,histdistill_refined,HistDistill-Refined,budget_50,seed_0,1.0,0,4.629039358788044,67.33546276461603,2.86107055805914,0.3115647780552991,5.464444023520578,78.99880255040173,2.125107636102713,0.2457793807680636,0.0,0.0,0.0,0.6643908955063766,0.0,6.0,2.86107055805914,0.16666666666666666,,,,
hill_valley_without_noise,histdistill_refined,HistDistill-Refined,budget_50,seed_0,1.0,1,3.7984418265398348,70.1177457243829,2.2260726365100654,0.2964109713442656,5.464444023520578,78.99880255040173,2.125107636102713,0.2457793807680636,0.0,0.0,0.0,0.7272543925474461,0.0,12.0,2.86107055805914,0.16666666666666666,1.5910747149609907,0.5,,
hill_valley_without_noise,histdistill_refined,HistDistill-Refined,budget_50,seed_0,1.0,2,4.603907651691423,83.90099107520783,2.634260718575125,0.35835848000470494,5.464444023520578,78.99880255040173,2.125107636102713,0.2457793807680636,0.0,0.0,0.0,0.7377967598432529,0.0,20.0,2.86107055805914,0.16666666666666666,1.5910747149609907,0.5,3.2465428416727145,0.5
hill_valley_without_noise,histdistill_refined,HistDistill-Refined,budget_50,seed_0,10.0,0,4.135060202350628,62.154745276242274,2.8626308307775976,0.33802336682101664,4.898665984762584,68.60277584212753,2.1744749885672037,0.24361737775794653,0.0,0.0,0.0,0.6907390594660682,0.0,6.0,2.8626308307775976,0.0,,,,
hill_valley_without_noise,histdistill_refined,HistDistill-Refined,budget_50,seed_0,10.0,1,3.3199995814548124,60.07307110265159,2.237519044631195,0.30016754551847274,4.898665984762584,68.60277584212753,2.1744749885672037,0.24361737775794653,0.0,0.0,0.0,0.7532757518334184,0.0,12.0,2.8626308307775976,0.0,1.6124072584847928,0.8333333333333334,,
hill_valley_without_noise,histdistill_refined,HistDistill-Refined,budget_50,seed_0,10.0,2,3.2709002439235393,57.08940199696718,2.5205034610426376,0.32099401145930295,4.898665984762584,68.60277584212753,2.1744749885672037,0.24361737775794653,0.0,0.0,0.0,0.7219929371076926,0.0,20.0,2.8626308307775976,0.0,1.6124072584847928,0.8333333333333334,2.944980085659801,0.25
hill_valley_without_noise,histdistill_refined,HistDistill-Refined,budget_50,seed_1,0.1,0,4.594116527865055,79.62612384228164,3.2495392618050913,0.37820781908199524,2.179485100451466,75.80016725079949,0.8354193919686298,0.2305952018341834,0.0,0.0,0.0,0.22313488309704085,0.0,5.0,3.2495392618050913,0.0,,,,
hill_valley_without_noise,histdistill_refined,HistDistill-Refined,budget_50,seed_1,0.1,1,3.888936169674931,78.36693983370542,2.098083359305115,0.28748701819294314,2.179485100451466,75.80016725079949,0.8354193919686298,0.2305952018341834,0.0,0.0,0.0,0.5437483122249763,0.0,12.0,3.2495392618050913,0.0,1.275614857519417,0.0,,
hill_valley_without_noise,histdistill_refined,HistDistill-Refined,budget_50,seed_1,0.1,2,5.195395131017345,96.04487677474113,2.45805573450518,0.3382646135856666,2.179485100451466,75.80016725079949,0.8354193919686298,0.2305952018341834,0.0,0.0,0.0,0.6334316811558551,0.0,24.0,3.2495392618050913,0.0,1.275614857519417,0.0,2.8180281097052458,0.0
hill_valley_without_noise,histdistill_refined,HistDistill-Refined,budget_50,seed_1,1.0,0,4.063439753014978,74.0883078726861,3.057787216577695,0.37147696681691383,2.152910461900829,71.3586997784157,0.8372611088590176,0.22024767542354265,0.0,0.0,0.0,0.2995909020655948,0.0,5.0,3.057787216577695,0.0,,,,
hill_valley_without_noise,histdistill_refined,HistDistill-Refined,budget_50,seed_1,1.0,1,3.2454778394678794,70.97090246866445,1.8723612020615559,0.27138484356229087,2.152910461900829,71.3586997784157,0.8372611088590176,0.22024767542354265,0.0,0.0,0.0,0.5934026026864853,0.0,12.0,3.057787216577695,0.0,1.025628334550028,0.0,,
hill_valley_without_noise,histdistill_refined,HistDistill-Refined,budget_50,seed_1,1.0,2,4.414122010657764,80.7766237824988,2.352728114935942,0.3082866560297142,2.152910461900829,71.3586997784157,0.8372611088590176,0.22024767542354265,0.0,0.0,0.0,0.6087901469716274,0.0,24.0,3.057787216577695,0.0,1.025628334550028,0.0,2.833095027810328,0.08333333333333333
hill_valley_without_noise,histdistill_refined,HistDistill-Refined,budget_50,seed_1,10.0,0,1.6794249491827518,51.353738399904465,1.0753953986158309,0.2538776604606372,1.9209398851915584,61.11540771498697,0.85268841514873,0.215306309445113,0.0,0.0,0.0,0.5773419454183828,0.0,5.0,1.0753953986158309,0.0,,,,
hill_valley_without_noise,histdistill_refined,HistDistill-Refined,budget_50,seed_1,10.0,1,1.6554291535934464,51.37544099809468,0.9057609183986695,0.21348078060891443,1.9209398851915584,61.11540771498697,0.85268841514873,0.215306309445113,0.0,0.0,0.0,0.7086586594812885,0.0,12.0,1.0753953986158309,0.0,0.7845934325292685,0.14285714285714285,,
hill_valley_without_noise,histdistill_refined,HistDistill-Refined,budget_50,seed_1,10.0,2,2.0850883903222566,47.2092130588372,1.5221549783531128,0.24981203717326128,1.9209398851915584,61.11540771498697,0.85268841514873,0.215306309445113,0.0,0.0,0.0,0.6641214514611727,0.0,24.0,1.0753953986158309,0.0,0.7845934325292685,0.14285714285714285,2.138549038307556,0.0
hill_valley_without_noise,histdistill_refined,HistDistill-Refined,budget_50,seed_2,0.1,0,6.033139052204257,108.01369435235203,3.900741587417579,0.5091645017978259,3.725092555515823,102.97966923065174,1.427866865027554,0.3108124589234218,0.0,0.0,0.0,0.20079582870925985,0.0,5.0,3.900741587417579,0.2,,,,
hill_valley_without_noise,histdistill_refined,HistDistill-Refined,budget_50,seed_2,0.1,1,6.414765157700008,133.20485947685927,2.9916645303876823,0.46203435349191085,3.725092555515823,102.97966923065174,1.427866865027554,0.3108124589234218,0.0,0.0,0.0,0.5115789127874798,0.0,12.0,3.900741587417579,0.2,2.342323775366327,0.0,,
hill_valley_without_noise,histdistill_refined,HistDistill-Refined,budget_50,seed_2,0.1,2,6.831916803826276,144.13207600890192,2.7653473528600983,0.4557554980412897,3.725092555515823,102.97966923065174,1.427866865027554,0.3108124589234218,0.0,0.0,0.0,0.6260176199644564,0.0,23.0,3.900741587417579,0.2,2.342323775366327,0.0,2.5184558864663704,0.36363636363636365
hill_valley_without_noise,histdistill_refined,HistDistill-Refined,budget_50,seed_2,1.0,0,5.561972307520634,101.6671951773529,3.87206336061888,0.5039750867169326,3.671862867830895,98.79645679931276,1.4279776287509915,0.30253289193648447,0.0,0.0,0.0,0.3070961282294957,0.0,5.0,3.87206336061888,0.2,,,,
hill_valley_without_noise,histdistill_refined,HistDistill-Refined,budget_50,seed_2,1.0,1,5.97223293343029,125.71585007941714,3.000694758515829,0.46799590330653196,3.671862867830895,98.79645679931276,1.4279776287509915,0.30253289193648447,0.0,0.0,0.0,0.5840880212224833,0.0,12.0,3.87206336061888,0.2,2.378288614156507,0.0,,
hill_valley_without_noise,histdistill_refined,HistDistill-Refined,budget_50,seed_2,1.0,2,6.176513315569446,124.72234067530903,2.7432184657370695,0.43390834388856764,3.671862867830895,98.79645679931276,1.4279776287509915,0.30253289193648447,0.0,0.0,0.0,0.5707720404561658,0.0,23.0,3.87206336061888,0.2,2.378288614156507,0.0,2.46233523725115,0.18181818181818182
hill_valley_without_noise,histdistill_refined,HistDistill-Refined,budget_50,seed_2,10.0,0,4.642504680925318,86.55427648489017,3.4568176420164383,0.46720142958346467,3.219003546098448,86.96300844708419,1.4288875218013977,0.303953692131694,0.0,0.0,0.0,0.5164556824146901,0.0,5.0,3.4568176420164383,0.0,,,,
hill_valley_without_noise,histdistill_refined,HistDistill-Refined,budget_50,seed_2,10.0,1,4.77538808239001,103.05409610180804,2.8523772193960766,0.46514076171284513,3.219003546098448,86.96300844708419,1.4288875218013977,0.303953692131694,0.0,0.0,0.0,0.6567687940372026,0.0,12.0,3.4568176420164383,0.0,2.420634060381533,0.0,,
hill_valley_without_noise,histdistill_refined,HistDistill-Refined,budget_50,seed_2,10.0,2,4.102856553144192,83.67403671872965,2.5706416758505313,0.4009447232612039,3.219003546098448,86.96300844708419,1.4288875218013977,0.303953692131694,0.0,0.0,0.0,0.5545176640821591,0.0,23.0,3.4568176420164383,0.0,2.420634060381533,0.0,2.263293810164482,0.18181818181818182
hill_valley_without_noise,histdistill_density,HistDistill-Density,budget_50,seed_0,0.1,0,5.191828542254008,151.37863961501913,3.2612748906988873,0.6707386253626585,5.083731922268738,196.1492801148902,1.9486475179635387,0.6014885343138049,0.0,0.0,0.0,-0.17319841133673228,0.0,6.0,3.2612748906988873,0.0,,,,
hill_valley_without_noise,histdistill_density,HistDistill-Density,budget_50,seed_0,0.1,1,5.382406808318296,209.89226471592198,2.8592485722952854,0.7351564974866647,5.083731922268738,196.1492801148902,1.9486475179635387,0.6014885343138049,0.0,0.0,0.0,0.17077020389714156,0.0,12.0,3.2612748906988873,0.0,2.457222253891683,0.5,,
hill_valley_without_noise,histdistill_density,HistDistill-Density,budget_50,seed_0,0.1,2,6.2428907479170155,187.14350202338719,3.113372231506197,0.6664640768835333,5.083731922268738,196.1492801148902,1.9486475179635387,0.6014885343138049,0.0,0.0,0.0,0.33160107441315473,0.0,20.0,3.2612748906988873,0.0,2.457222253891683,0.5,3.4945577203225637,0.125
hill_valley_without_noise,histdistill_density,HistDistill-Density,budget_50,seed_0,1.0,0,5.045004898741646,148.33371700910868,3.4102961670297365,0.6935590401334242,5.0303239778471305,192.96077453586597,1.9562795137768247,0.6003354246754959,0.0,0.0,0.0,-0.19409431479990266,0.0,6.0,3.4102961670297365,0.0,,,,
hill_valley_without_noise,histdistill_density,HistDistill-Density,budget_50,seed_0,1.0,1,5.233379767148447,205.2972679245553,2.9800000247587217,0.7558936795718189,5.0303239778471305,192.96077453586597,1.9562795137768247,0.6003354246754959,0.0,0.0,0.0,0.1674480215950694,0.0,12.0,3.4102961670297365,0.0,2.5497038824877074,0.5,,
hill_valley_without_noise,histdistill_density,HistDistill-Density,budget_50,seed_0,1.0,2,5.819523756383856,179.68412664942275,3.1969151612766598,0.6924615384190067,5.0303239778471305,192.96077453586597,1.9562795137768247,0.6003354246754959,0.0,0.0,0.0,0.30268979649758043,0.0,20.0,3.4102961670297365,0.0,2.5497038824877074,0.5,3.522287866053567,0.125
hill_valley_without_noise,histdistill_density,HistDistill-Density,budget_50,seed_0,10.0,0,4.320184319298167,142.3173871644104,3.215659806557506,0.7823458026684339,4.553497931180567,168.57362930974986,2.021257908304709,0.5986268781031264,0.0,0.0,0.0,-0.23545775366977817,0.0,6.0,3.215659806557506,0.0,,,,
hill_valley_without_noise,histdistill_density,HistDistill-Density,budget_50,seed_0,10.0,1,4.3228007695094375,177.71139384925706,2.7668402403316272,0.7782959390022097,4.553497931180567,168.57362930974986,2.021257908304709,0.5986268781031264,0.0,0.0,0.0,0.11305510807699648,0.0,12.0,3.215659806557506,0.0,2.318020674105748,0.5,,
hill_valley_without_noise,histdistill_density,HistDistill-Density,budget_50,seed_0,10.0,2,4.369764286423517,159.80984405988988,3.1721903744218274,0.8280283045309647,4.553497931180567,168.57362930974986,2.021257908304709,0.5986268781031264,0.0,0.0,0.0,0.21283266034750667,0.0,20.0,3.215659806557506,0.0,2.318020674105748,0.5,3.7802155755571265,0.25
hill_valley_without_noise,histdistill_density,HistDistill-Density,budget_50,seed_1,0.1,0,5.9851569994850475,91.4524112816514,3.8260191520165585,0.42505001552869837,3.6924518914586746,83.56756756735376,1.415355357738779,0.25422477032572044,0.0,0.0,0.0,0.28849961708540695,0.0,5.0,3.8260191520165585,0.0,,,,
hill_valley_without_noise,histdistill_density,HistDistill-Density,budget_50,seed_1,0.1,1,4.384544118535209,107.45532766737993,2.31116597381215,0.3719683713474917,3.6924518914586746,83.56756756735376,1.415355357738779,0.25422477032572044,0.0,0.0,0.0,0.5228575390568097,0.0,12.0,3.8260191520165585,0.0,1.2291279893804299,0.0,,
hill_valley_without_noise,histdistill_density,HistDistill-Density,budget_50,seed_1,0.1,2,5.710150238791322,110.03498177963893,2.6572165474571023,0.3824223207450368,3.6924518914586746,83.56756756735376,1.415355357738779,0.25422477032572044,0.0,0.0,0.0,0.546470721541306,0.0,24.0,3.8260191520165585,0.0,1.2291279893804299,0.0,3.003267121102055,0.0
hill_valley_without_noise,histdistill_density,HistDistill-Density,budget_50,seed_1,1.0,0,5.505106077144687,86.97573212002214,3.7106987642540488,0.42479266820104905,3.643482561873933,81.3146367572885,1.4169406038232084,0.25097654216395493,0.0,0.0,0.0,0.33991940071550925,0.0,5.0,3.7106987642540488,0.0,,,,
hill_valley_without_noise,histdistill_density,HistDistill-Density,budget_50,seed_1,1.0,1,3.789747793128409,102.6267382644095,2.1180930842113628,0.36741296961821335,3.643482561873933,81.3146367572885,1.4169406038232084,0.25097654216395493,0.0,0.0,0.0,0.5354929209758659,0.0,12.0,3.7106987642540488,0.0,0.9805175984665875,0.0,,
hill_valley_without_noise,histdistill_density,HistDistill-Density,budget_50,seed_1,1.0,2,5.014136099488012,98.72708685246697,2.6159876590422395,0.3683502475466592,3.643482561873933,81.3146367572885,1.4169406038232084,0.25097654216395493,0.0,0.0,0.0,0.5520170953125775,0.0,24.0,3.7106987642540488,0.0,0.9805175984665875,0.0,3.1138822338731167,0.08333333333333333
hill_valley_without_noise,histdistill_density,HistDistill-Density,budget_50,seed_1,10.0,0,3.416374010103824,64.26935708172246,2.279299729760104,0.32058727296962053,3.2215140144819068,69.32130163183521,1.4300018967611112,0.24421523439533369,0.0,0.0,0.0,0.5845797005401767,0.0,5.0,2.279299729760104,0.0,,,,
hill_valley_without_noise,histdistill_density,HistDistill-Density,budget_50,seed_1,10.0,1,2.444735639762451,80.11410743952716,1.4279239670730852,0.3176023068817976,3.2215140144819068,69.32130163183521,1.4300018967611112,0.24421523439533369,0.0,0.0,0.0,0.6138709720984777,0.0,12.0,2.279299729760104,0.0,0.8197984222966431,0.0,,
hill_valley_without_noise,histdistill_density,HistDistill-Density,budget_50,seed_1,10.0,2,2.7699227912925366,65.2262702248194,2.0092722241834697,0.3228663155230979,3.2215140144819068,69.32130163183521,1.4300018967611112,0.24421523439533369,0.0,0.0,0.0,0.5374764510125806,0.0,24.0,2.279299729760104,0.0,0.8197984222966431,0.0,2.5906204812938545,0.0
hill_valley_without_noise,histdistill_density,HistDistill-Density,budget_50,seed_2,0.1,0,4.918480170594703,95.61679291058705,3.25731506489907,0.4118617953378371,1.8429885916536668,105.3277846930218,0.7064367672554841,0.31789952325512694,0.0,0.0,0.0,0.3315482438925519,0.0,5.0,3.25731506489907,0.4,,,,
hill_valley_without_noise,histdistill_density,HistDistill-Density,budget_50,seed_2,0.1,1,4.355913565684578,105.82069804353402,2.1739029725294094,0.3525165441585158,1.8429885916536668,105.3277846930218,0.7064367672554841,0.31789952325512694,0.0,0.0,0.0,0.5484816674114797,0.0,12.0,3.25731506489907,0.4,1.400037192265366,0.0,,
hill_valley_without_noise,histdistill_density,HistDistill-Density,budget_50,seed_2,0.1,2,5.548595935627944,127.43276854563109,2.2263718301373627,0.37977435470361126,1.8429885916536668,105.3277846930218,0.7064367672554841,0.31789952325512694,0.0,0.0,0.0,0.6416588197128597,0.0,23.0,3.25731506489907,0.4,1.400037192265366,0.0,2.283610583891494,0.36363636363636365
hill_valley_without_noise,histdistill_density,HistDistill-Density,budget_50,seed_2,1.0,0,4.134829305958233,89.67873905225845,2.919948162790965,0.3998967407831309,1.8138907303689011,101.11947131336991,0.705417243835065,0.30964638893542773,0.0,0.0,0.0,0.3910916338298725,0.0,5.0,2.919948162790965,0.4,,,,
hill_valley_without_noise,histdistill_density,HistDistill-Density,budget_50,seed_2,1.0,1,3.7949023954437124,98.95745860744194,1.9992322348873113,0.3456398364785527,1.8138907303689011,101.11947131336991,0.705417243835065,0.30964638893542773,0.0,0.0,0.0,0.5827042855400103,0.0,12.0,2.919948162790965,0.4,1.341578000670416,0.0,,
hill_valley_without_noise,histdistill_density,HistDistill-Density,budget_50,seed_2,1.0,2,4.842563475044038,110.90488899865038,2.114732408967504,0.36048274713610956,1.8138907303689011,101.11947131336991,0.705417243835065,0.30964638893542773,0.0,0.0,0.0,0.6349395082600077,0.0,23.0,2.919948162790965,0.4,1.341578000670416,0.0,2.240732598873168,0.18181818181818182
hill_valley_without_noise,histdistill_density,HistDistill-Density,budget_50,seed_2,10.0,0,1.895501477279654,70.22957998629536,1.1374974322309093,0.3306779485061287,1.5704933828873986,88.24287082886552,0.6971282776619959,0.3084270757382376,0.0,0.0,0.0,0.47307457688213733,0.0,5.0,1.1374974322309093,0.0,,,,
hill_valley_without_noise,histdistill_density,HistDistill-Density,budget_50,seed_2,10.0,1,2.174099632524482,73.87282911247034,1.1372758653041404,0.29427858465137424,1.5704933828873986,88.24287082886552,0.6971282776619959,0.3084270757382376,0.0,0.0,0.0,0.6112678551040983,0.0,12.0,1.1374974322309093,0.0,1.137117603213591,0.0,,
hill_valley_without_noise,histdistill_density,HistDistill-Density,budget_50,seed_2,10.0,2,2.539190682049077,70.58889670695204,1.5594445153418952,0.3265840605908456,1.5704933828873986,88.24287082886552,0.6971282776619959,0.3084270757382376,0.0,0.0,0.0,0.5338348183283866,0.0,23.0,1.1374974322309093,0.0,1.137117603213591,0.0,2.0199921335649007,0.18181818181818182
hill_valley_without_noise,gain_path_refined,Legacy gain-path refined,budget_50,seed_0,0.1,0,4.984891531194662,63.879066738044024,2.916764832768184,0.2727930303730696,5.407833350420532,78.81707000738945,2.072878978865313,0.24169124602387163,0.0,0.0,0.0,0.7731798494774114,0.0,6.0,2.916764832768184,0.16666666666666666,,,,
hill_valley_without_noise,gain_path_refined,Legacy gain-path refined,budget_50,seed_0,0.1,1,4.123104798142404,68.36683937652064,2.259853981665161,0.267731664649221,5.407833350420532,78.81707000738945,2.072878978865313,0.24169124602387163,0.0,0.0,0.0,0.8037923427758614,0.0,12.0,2.916764832768184,0.16666666666666666,1.6029431305621387,0.6666666666666666,,
hill_valley_without_noise,gain_path_refined,Legacy gain-path refined,budget_50,seed_0,0.1,2,5.406943601498812,90.11380564912996,2.8125199827576446,0.3447532345122783,5.407833350420532,78.81707000738945,2.072878978865313,0.24169124602387163,0.0,0.0,0.0,0.7768781571899894,0.0,20.0,2.916764832768184,0.16666666666666666,1.6029431305621387,0.6666666666666666,3.6415189843963702,0.375
hill_valley_without_noise,gain_path_refined,Legacy gain-path refined,budget_50,seed_0,1.0,0,4.570344237535417,61.15752354873632,2.8388750364025417,0.27647077919141333,5.34487531185165,75.9981468854612,2.0786076845773804,0.23644380519707012,0.0,0.0,0.0,0.7293275532361368,0.0,6.0,2.8388750364025417,0.16666666666666666,,,,
hill_valley_without_noise,gain_path_refined,Legacy gain-path refined,budget_50,seed_0,1.0,1,3.837606514816015,65.56481501506896,2.2434011578931763,0.27321296042627985,5.34487531185165,75.9981468854612,2.0786076845773804,0.23644380519707012,0.0,0.0,0.0,0.7844330177634163,0.0,12.0,2.8388750364025417,0.16666666666666666,1.6479272793838105,0.5,,
hill_valley_without_noise,gain_path_refined,Legacy gain-path refined,budget_50,seed_0,1.0,2,4.653823528753804,81.0651872028123,2.6623611293730205,0.34469412569145963,5.34487531185165,75.9981468854612,2.0786076845773804,0.23644380519707012,0.0,0.0,0.0,0.7873257376811831,0.0,20.0,2.8388750364025417,0.16666666666666666,1.6479272793838105,0.5,3.2908010865927877,0.5
hill_valley_without_noise,gain_path_refined,Legacy gain-path refined,budget_50,seed_0,10.0,0,4.079633403302528,60.69716146162015,2.835688676859434,0.3334146130184837,4.791388638713462,67.30992765603486,2.1268555128672313,0.23902630573398329,0.0,0.0,0.0,0.7798356036645856,0.0,6.0,2.835688676859434,0.0,,,,
hill_valley_without_noise,gain_path_refined,Legacy gain-path refined,budget_50,seed_0,10.0,1,3.319814477891933,58.847399965735974,2.2424195775621003,0.2966858570335223,4.791388638713462,67.30992765603486,2.1268555128672313,0.23902630573398329,0.0,0.0,0.0,0.8222266648535007,0.0,12.0,2.835688676859434,0.0,1.6491504782647668,0.8333333333333334,,
hill_valley_without_noise,gain_path_refined,Legacy gain-path refined,budget_50,seed_0,10.0,2,3.265656252590803,56.94479448708622,2.5220399669787374,0.3239382211325991,4.791388638713462,67.30992765603486,2.1268555128672313,0.23902630573398329,0.0,0.0,0.0,0.7717422299629986,0.0,20.0,2.835688676859434,0.0,1.6491504782647668,0.8333333333333334,2.9414705511036923,0.25
hill_valley_without_noise,gain_path_refined,Legacy gain-path refined,budget_50,seed_1,0.1,0,5.100422944853795,77.05288319977363,3.4764011107865387,0.3655297526469661,3.4154726578604477,64.29209149127844,1.3091863259465286,0.19558595121195815,0.0,0.0,0.0,0.266972524144457,0.0,5.0,3.4764011107865387,0.0,,,,
hill_valley_without_noise,gain_path_refined,Legacy gain-path refined,budget_50,seed_1,0.1,1,4.190950789574794,78.66773001314594,2.2164978211215245,0.2938946107256096,3.4154726578604477,64.29209149127844,1.3091863259465286,0.19558595121195815,0.0,0.0,0.0,0.5955749048448905,0.0,12.0,3.4764011107865387,0.0,1.3165668999322286,0.14285714285714285,,
hill_valley_without_noise,gain_path_refined,Legacy gain-path refined,budget_50,seed_1,0.1,2,5.46291707933862,99.0567193351507,2.5376965239962357,0.35855333170975356,3.4154726578604477,64.29209149127844,1.3091863259465286,0.19558595121195815,0.0,0.0,0.0,0.6782796632036446,0.0,24.0,3.4764011107865387,0.0,1.3165668999322286,0.14285714285714285,2.8588952268709478,0.0
hill_valley_without_noise,gain_path_refined,Legacy gain-path refined,budget_50,seed_1,1.0,0,4.637858534019929,72.73151951146521,3.3225831533691292,0.36159724840008767,3.374157279147097,62.93825139318929,1.3122007231592692,0.1942580737543849,0.0,0.0,0.0,0.3580704725110554,0.0,5.0,3.3225831533691292,0.0,,,,
hill_valley_without_noise,gain_path_refined,Legacy gain-path refined,budget_50,seed_1,1.0,1,3.558819567219086,64.60618510141042,2.0156656483032096,0.2519282616798375,3.374157279147097,62.93825139318929,1.3122007231592692,0.1942580737543849,0.0,0.0,0.0,0.6310240229356454,0.0,12.0,3.3225831533691292,0.0,1.0821531446846953,0.14285714285714285,,
hill_valley_without_noise,gain_path_refined,Legacy gain-path refined,budget_50,seed_1,1.0,2,4.635795529523837,77.44029576336256,2.4192583151196985,0.3063027272426532,3.374157279147097,62.93825139318929,1.3122007231592692,0.1942580737543849,0.0,0.0,0.0,0.6540290146806329,0.0,24.0,3.3225831533691292,0.0,1.0821531446846953,0.14285714285714285,2.8228509819361878,0.16666666666666666
hill_valley_without_noise,gain_path_refined,Legacy gain-path refined,budget_50,seed_1,10.0,0,2.5886967310565394,49.97060202397752,1.6417876094567252,0.24458869083616763,3.013075933881305,54.0193082592855,1.3374780557111625,0.19030713096646076,0.0,0.0,0.0,0.6873129309070163,0.0,5.0,1.6417876094567252,0.0,,,,
hill_valley_without_noise,gain_path_refined,Legacy gain-path refined,budget_50,seed_1,10.0,1,2.0607077383363763,47.02388292616494,1.159296225190755,0.19804063880642706,3.013075933881305,54.0193082592855,1.3374780557111625,0.19030713096646076,0.0,0.0,0.0,0.7844171761352983,0.0,12.0,1.6417876094567252,0.0,0.8146595221436337,0.42857142857142855,,
hill_valley_without_noise,gain_path_refined,Legacy gain-path refined,budget_50,seed_1,10.0,2,2.2733461772381474,43.09844984528996,1.6283565252070396,0.2283927116928157,3.013075933881305,54.0193082592855,1.3374780557111625,0.19030713096646076,0.0,0.0,0.0,0.7207187128613479,0.0,24.0,1.6417876094567252,0.0,0.8146595221436337,0.42857142857142855,2.0974168252233234,0.08333333333333333
hill_valley_without_noise,gain_path_refined,Legacy gain-path refined,budget_50,seed_2,0.1,0,5.133017255579888,73.95145228311317,3.4657678117511823,0.33415662789794476,1.5861601421294296,72.56746234201584,0.6079917413650389,0.21902256607405507,0.0,0.0,0.0,0.3367238718363616,0.0,5.0,3.4657678117511823,0.2,,,,
hill_valley_without_noise,gain_path_refined,Legacy gain-path refined,budget_50,seed_2,0.1,1,4.303680978566734,70.32175439546164,2.2041327927919876,0.25474636848697835,1.5861601421294296,72.56746234201584,0.6079917413650389,0.21902256607405507,0.0,0.0,0.0,0.6106098263159391,0.0,12.0,3.4657678117511823,0.2,1.3029649221068473,0.0,,
hill_valley_without_noise,gain_path_refined,Legacy gain-path refined,budget_50,seed_2,0.1,2,5.6346301499888805,109.92364469471313,2.325438361114656,0.33544601528551976,1.5861601421294296,72.56746234201584,0.6079917413650389,0.21902256607405507,0.0,0.0,0.0,0.6940797870798088,0.0,23.0,3.4657678117511823,0.2,1.3029649221068473,0.0,2.45777170837575,0.18181818181818182
hill_valley_without_noise,gain_path_refined,Legacy gain-path refined,budget_50,seed_2,1.0,0,4.322494734742675,67.60815070161576,3.130166783378999,0.31680432300085204,1.5611476290347936,68.36420506663333,0.6071261290747106,0.20934374909578046,0.0,0.0,0.0,0.4576442337432579,0.0,5.0,3.130166783378999,0.4,,,,
hill_valley_without_noise,gain_path_refined,Legacy gain-path refined,budget_50,seed_2,1.0,1,3.5771985694621775,61.27289117171042,1.9744151368304463,0.23695205838668895,1.5611476290347936,68.36420506663333,0.6071261290747106,0.20934374909578046,0.0,0.0,0.0,0.6757099493146265,0.0,12.0,3.130166783378999,0.4,1.148878246438623,0.14285714285714285,,
hill_valley_without_noise,gain_path_refined,Legacy gain-path refined,budget_50,seed_2,1.0,2,4.831824035345664,90.09953684794168,2.1608161628512983,0.31041121634218777,1.5611476290347936,68.36420506663333,0.6071261290747106,0.20934374909578046,0.0,0.0,0.0,0.6282935036601509,0.0,23.0,3.130166783378999,0.4,1.148878246438623,0.14285714285714285,2.3641627366922275,0.09090909090909091
hill_valley_without_noise,gain_path_refined,Legacy gain-path refined,budget_50,seed_2,10.0,0,1.3572704171391876,49.93548146963583,0.900686758507636,0.23950465852694208,1.351892388716282,59.40635137476204,0.6000932081594861,0.20763747895657222,0.0,0.0,0.0,0.6499302368509701,0.0,5.0,0.900686758507636,0.0,,,,
hill_valley_without_noise,gain_path_refined,Legacy gain-path refined,budget_50,seed_2,10.0,1,1.5321785313613123,43.428904933250784,0.8544868338335073,0.19420520850238668,1.351892388716282,59.40635137476204,0.6000932081594861,0.20763747895657222,0.0,0.0,0.0,0.7730631151889646,0.0,12.0,0.900686758507636,0.0,0.8214868876377011,0.42857142857142855,,
hill_valley_without_noise,gain_path_refined,Legacy gain-path refined,budget_50,seed_2,10.0,2,2.0479530909244383,47.14846352352009,1.2790033880362,0.2301771960829792,1.351892388716282,59.40635137476204,0.6000932081594861,0.20763747895657222,0.0,0.0,0.0,0.6107493491368511,0.0,23.0,0.900686758507636,0.0,0.8214868876377011,0.42857142857142855,1.742112356257319,0.09090909090909091
hill_valley_without_noise,random,Random,budget_50,seed_0,0.1,0,14.456594915221766,481.43952693616666,8.857304389684863,2.603305669832625,14.924673766471651,350.9263535340692,5.720783262401366,1.0761098787396057,0.0,0.0,0.0,-0.2950498898829222,0.0,6.0,8.857304389684863,0.0,,,,
hill_valley_without_noise,random,Random,budget_50,seed_0,0.1,1,13.364056054567142,459.6085977986243,6.971654090736714,1.9487632105985375,14.924673766471651,350.9263535340692,5.720783262401366,1.0761098787396057,0.0,0.0,0.0,0.06129733352330583,0.0,12.0,8.857304389684863,0.0,5.086003791788566,0.16666666666666666,,
hill_valley_without_noise,random,Random,budget_50,seed_0,0.1,2,12.636608614579444,383.68585085998194,6.3640818750311405,1.5661146875332255,14.924673766471651,350.9263535340692,5.720783262401366,1.0761098787396057,0.0,0.0,0.0,0.24409997169666373,0.0,20.0,8.857304389684863,0.0,5.086003791788566,0.16666666666666666,5.452723551472777,0.125
hill_valley_without_noise,random,Random,budget_50,seed_0,1.0,0,13.162762732337237,441.9952839958235,8.638470444716692,2.524453480559553,13.361108805187074,336.75674968660303,5.196099406725915,1.04771037959256,0.0,0.0,0.0,-0.3624992873985326,0.0,6.0,8.638470444716692,0.0,,,,
hill_valley_without_noise,random,Random,budget_50,seed_0,1.0,1,12.251338197023756,431.6504888804082,6.828466454247352,1.9171104668927568,13.361108805187074,336.75674968660303,5.196099406725915,1.04771037959256,0.0,0.0,0.0,0.03379267573426165,0.0,12.0,8.638470444716692,0.0,5.018462463778015,0.16666666666666666,,
hill_valley_without_noise,random,Random,budget_50,seed_0,1.0,2,11.526520236250251,364.6552815875567,6.364747867030326,1.6033311529336598,13.361108805187074,336.75674968660303,5.196099406725915,1.04771037959256,0.0,0.0,0.0,0.2358911658664382,0.0,20.0,8.638470444716692,0.0,5.018462463778015,0.16666666666666666,5.669169986204782,0.125
hill_valley_without_noise,random,Random,budget_50,seed_0,10.0,0,8.280123562735085,319.0437762021393,6.10773570572329,1.9671443750918118,7.228322176148837,259.21317728681714,3.2085889975417623,0.9204996992576753,0.0,0.0,0.0,-0.5147384204579217,0.0,6.0,6.10773570572329,0.0,,,,
hill_valley_without_noise,random,Random,budget_50,seed_0,10.0,1,7.896770311552317,320.7386439601826,5.063155456514736,1.5881587191331372,7.228322176148837,259.21317728681714,3.2085889975417623,0.9204996992576753,0.0,0.0,0.0,-0.020906994147176727,0.0,12.0,6.10773570572329,0.0,4.018575207306182,0.0,,
hill_valley_without_noise,random,Random,budget_50,seed_0,10.0,2,6.906072029195032,259.2575708966494,4.875526199164751,1.3709604898377599,7.228322176148837,259.21317728681714,3.2085889975417623,0.9204996992576753,0.0,0.0,0.0,0.1299615626776369,0.0,20.0,6.10773570572329,0.0,4.018575207306182,0.0,4.594082313139774,0.25
hill_valley_without_noise,random,Random,budget_50,seed_1,0.1,0,16.363141025752785,323.5770486818461,9.45202248193113,1.5997214971036857,17.228287766722563,304.08686816554047,6.6037825575199225,0.925076754880352,0.0,0.0,0.0,0.01527782778437956,0.0,5.0,9.45202248193113,0.0,,,,
hill_valley_without_noise,random,Random,budget_50,seed_1,0.1,1,20.558898316079794,716.432124340492,9.47533978952829,2.520526716910457,17.228287766722563,304.08686816554047,6.6037825575199225,0.925076754880352,0.0,0.0,0.0,0.39345459183319975,0.0,12.0,9.45202248193113,0.0,9.491995009240549,0.0,,
hill_valley_without_noise,random,Random,budget_50,seed_1,0.1,2,15.178213123095459,473.3983946038893,7.014478147008634,1.6483078596519132,17.228287766722563,304.08686816554047,6.6037825575199225,0.925076754880352,0.0,0.0,0.0,0.5357032061061489,0.0,24.0,9.45202248193113,0.0,9.491995009240549,0.0,4.5536165044889785,0.0
hill_valley_without_noise,random,Random,budget_50,seed_1,1.0,0,15.924060366194027,294.80647989605393,9.758888833137572,1.524720387416464,16.778674853221773,292.88635043882897,6.525181683770593,0.9039898155059877,0.0,0.0,0.0,-0.08458546827729715,0.0,5.0,9.758888833137572,0.0,,,,
hill_valley_without_noise,random,Random,budget_50,seed_1,1.0,1,19.902468943004667,688.6554864096041,9.594105373922746,2.495870846405902,16.778674853221773,292.88635043882897,6.525181683770593,0.9039898155059877,0.0,0.0,0.0,0.3239716784005841,0.0,12.0,9.758888833137572,0.0,9.476402903055012,0.0,,
hill_valley_without_noise,random,Random,budget_50,seed_1,1.0,2,14.40148874511921,445.7748866037985,7.251900390592276,1.655866728422178,16.778674853221773,292.88635043882897,6.525181683770593,0.9039898155059877,0.0,0.0,0.0,0.425581483289774,0.0,24.0,9.758888833137572,0.0,9.476402903055012,0.0,4.909695407261807,0.08333333333333333
hill_valley_without_noise,random,Random,budget_50,seed_1,10.0,0,12.662587565843245,183.40054619402352,8.38739387281565,0.9119766917782652,13.39153457105386,232.29613342932012,5.944385078277786,0.8183668416364277,0.0,0.0,0.0,-0.278437589244022,0.0,5.0,8.38739387281565,0.0,,,,
hill_valley_without_noise,random,Random,budget_50,seed_1,10.0,1,15.322593559444087,462.9311886333885,8.979527695433422,2.063432423497396,13.39153457105386,232.29613342932012,5.944385078277786,0.8183668416364277,0.0,0.0,0.0,0.24591534531281808,0.0,12.0,8.38739387281565,0.0,9.402480425874687,0.0,,
hill_valley_without_noise,random,Random,budget_50,seed_1,10.0,2,10.511353380963337,300.0088632031042,6.939534897822263,1.4850613743750511,13.39153457105386,232.29613342932012,5.944385078277786,0.8183668416364277,0.0,0.0,0.0,0.31539107743487127,0.0,24.0,8.38739387281565,0.0,9.402480425874687,0.0,4.899542100211103,0.08333333333333333
hill_valley_without_noise,random,Random,budget_50,seed_2,0.1,0,13.536508862015546,521.3495334572012,7.8643047028330795,2.369069168139466,13.902335036057222,567.415605910649,5.328910154220042,1.7125694908730476,0.0,0.0,0.0,0.11151926566545542,0.0,5.0,7.8643047028330795,0.0,,,,
hill_valley_without_noise,random,Random,budget_50,seed_2,0.1,1,17.364950253984937,889.4794885751102,7.24806003520217,2.6966501267381626,13.902335036057222,567.415605910649,5.328910154220042,1.7125694908730476,0.0,0.0,0.0,0.4027379978048098,0.0,12.0,7.8643047028330795,0.0,6.807885272608661,0.0,,
hill_valley_without_noise,random,Random,budget_50,seed_2,0.1,2,15.400396127362928,598.0323154838441,6.52187259738871,1.8696375380595895,13.902335036057222,567.415605910649,5.328910154220042,1.7125694908730476,0.0,0.0,0.0,0.5178689967424076,0.0,23.0,7.8643047028330795,0.0,6.807885272608661,0.0,5.7296681197740265,0.0
hill_valley_without_noise,random,Random,budget_50,seed_2,1.0,0,13.215378841457243,512.2391246048068,8.177942718038057,2.4692800549540985,13.51360381859228,556.3593722490434,5.255404308754393,1.7036745577260524,0.0,0.0,0.0,0.09594865896178355,0.0,5.0,8.177942718038057,0.0,,,,
hill_valley_without_noise,random,Random,budget_50,seed_2,1.0,1,16.745961049930358,908.6396352569305,7.447287416927426,2.8836015861654243,13.51360381859228,556.3593722490434,5.255404308754393,1.7036745577260524,0.0,0.0,0.0,0.4301869851865157,0.0,12.0,8.177942718038057,0.0,6.925390773276975,0.0,,
hill_valley_without_noise,random,Random,budget_50,seed_2,1.0,2,14.522018905009942,632.1648330535467,6.697069956210701,2.1526862090334813,13.51360381859228,556.3593722490434,5.255404308754393,1.7036745577260524,0.0,0.0,0.0,0.5210479370997962,0.0,23.0,8.177942718038057,0.0,6.925390773276975,0.0,5.87865090815609,0.0
hill_valley_without_noise,random,Random,budget_50,seed_2,10.0,0,10.749775203826598,465.3555296551907,7.417621726317202,2.5118111781796566,10.635129038000198,484.18022737413236,4.720840768741864,1.6923099878390313,0.0,0.0,0.0,0.1533255573685707,0.0,5.0,7.417621726317202,0.0,,,,
hill_valley_without_noise,random,Random,budget_50,seed_2,10.0,1,13.025991947391477,785.1842686822433,6.994058758235034,3.120918410991262,10.635129038000198,484.18022737413236,4.720840768741864,1.6923099878390313,0.0,0.0,0.0,0.3932343249605321,0.0,12.0,7.417621726317202,0.0,6.691513781033485,0.0,,
hill_valley_without_noise,random,Random,budget_50,seed_2,10.0,2,10.339282342987227,500.32202629623674,6.371126332884045,2.142034497387337,10.635129038000198,484.18022737413236,4.720840768741864,1.6923099878390313,0.0,0.0,0.0,0.25240107966918773,0.0,23.0,7.417621726317202,0.0,6.691513781033485,0.0,5.691563687046602,0.0
kr_vs_kp,histdistill_refined,HistDistill-Refined,budget_50,seed_0,0.1,0,19.683256348136684,145.7983795175795,0.9022235649914406,0.12743400622156495,19.547549780040214,187.41429339985345,0.10459496632628107,0.027103129641947363,48.24118585536203,1.0,1.0,0.7440908165858512,0.42857142857142855,7.0,0.9022235649914406,0.8571428571428571,,,,
kr_vs_kp,histdistill_refined,HistDistill-Refined,budget_50,seed_0,0.1,1,19.693695314913334,142.5971553727892,0.9635796110426067,0.13515176595845863,19.547549780040214,187.41429339985345,0.10459496632628107,0.027103129641947363,48.24118585536203,1.0,1.0,0.734587686090009,0.38461538461538464,13.0,0.9022235649914406,0.8571428571428571,1.0351616647689672,0.8333333333333334,,
kr_vs_kp,histdistill_refined,HistDistill-Refined,budget_50,seed_0,0.1,2,19.697541250041574,141.4177570036559,0.9861844701140888,0.1379951511246826,19.547549780040214,187.41429339985345,0.10459496632628107,0.027103129641947363,48.24118585536203,1.0,1.0,0.7310865327494355,0.3684210526315789,19.0,0.9022235649914406,0.8571428571428571,1.0351616647689672,0.8333333333333334,1.0351616647689672,0.8333333333333334
kr_vs_kp,histdistill_refined,HistDistill-Refined,budget_50,seed_0,1.0,0,19.30612621486358,141.57629578143627,0.9261069417029741,0.12948492108747753,19.477574878774035,183.03593737203389,0.10517950997962837,0.02671350684093663,47.256997087914414,1.0,1.0,0.7568667986349864,0.42857142857142855,7.0,0.9261069417029741,0.8571428571428571,,,,
kr_vs_kp,histdistill_refined,HistDistill-Refined,budget_50,seed_0,1.0,1,19.292937856101236,138.38709258215957,0.9892552056816931,0.13739041449105763,19.477574878774035,183.03593737203389,0.10517950997962837,0.02671350684093663,47.256997087914414,1.0,1.0,0.7479449870530307,0.38461538461538464,13.0,0.9261069417029741,0.8571428571428571,1.0629281803235318,0.8333333333333334,,
kr_vs_kp,histdistill_refined,HistDistill-Refined,budget_50,seed_0,1.0,2,19.288078987083527,137.212122982426,1.0125203555685893,0.1403029646923766,19.477574878774035,183.03593737203389,0.10517950997962837,0.02671350684093663,47.256997087914414,1.0,1.0,0.7446580038386259,0.3684210526315789,19.0,0.9261069417029741,0.8571428571428571,1.0629281803235318,0.8333333333333334,1.0629281803235318,0.8333333333333334
kr_vs_kp,histdistill_refined,HistDistill-Refined,budget_50,seed_0,10.0,0,16.926165574962884,120.19469857179317,0.9401921576722921,0.1363299206812791,18.798373078503403,158.950448784784,0.11065855046910145,0.025288597662124913,38.72107874161358,1.0,1.0,0.7806735025859616,0.42857142857142855,7.0,0.9401921576722921,0.7142857142857143,,,,
kr_vs_kp,histdistill_refined,HistDistill-Refined,budget_50,seed_0,10.0,1,16.782149613152075,117.21348701694771,1.0040024351494607,0.14487156091352174,18.798373078503403,158.950448784784,0.11065855046910145,0.025288597662124913,38.72107874161358,1.0,1.0,0.7715118643668866,0.38461538461538464,13.0,0.9401921576722921,0.7142857142857143,1.0784477588728238,0.6666666666666666,,
kr_vs_kp,histdistill_refined,HistDistill-Refined,budget_50,seed_0,10.0,2,16.729091100905983,116.11514591779412,1.0275114847463123,0.14801848099908482,18.798373078503403,158.950448784784,0.11065855046910145,0.025288597662124913,38.72107874161358,1.0,1.0,0.7681365239703853,0.3684210526315789,19.0,0.9401921576722921,0.7142857142857143,1.0784477588728238,0.6666666666666666,1.0784477588728238,0.6666666666666666
kr_vs_kp,histdistill_refined,HistDistill-Refined,budget_50,seed_1,0.1,0,20.886459766444744,143.53966748461653,0.44316993866674004,0.08764203480363854,33.283937444844895,209.56832067492743,0.17809558514614182,0.030306959309551774,48.24118585536203,0.0,1.0,0.812595300465223,0.0,7.0,0.44316993866674004,0.8571428571428571,,,,
kr_vs_kp,histdistill_refined,HistDistill-Refined,budget_50,seed_1,0.1,1,19.93280763733704,138.46054031613107,0.46356027355293994,0.0920524252262606,33.283937444844895,209.56832067492743,0.17809558514614182,0.030306959309551774,48.24118585536203,0.0,1.0,0.8061144678595582,0.0,13.0,0.44316993866674004,0.8571428571428571,0.48734899758683975,0.8333333333333334,,
kr_vs_kp,histdistill_refined,HistDistill-Refined,budget_50,seed_1,0.1,2,19.58146211608683,136.58928293826804,0.4710725021952241,0.09367730590827927,33.283937444844895,209.56832067492743,0.17809558514614182,0.030306959309551774,48.24118585536203,0.0,1.0,0.8037267926890501,0.0,19.0,0.44316993866674004,0.8571428571428571,0.48734899758683975,0.8333333333333334,0.48734899758683975,0.8333333333333334
kr_vs_kp,histdistill_refined,HistDistill-Refined,budget_50,seed_1,1.0,0,20.69251404719854,139.49419626626144,0.4496937262931474,0.08643918037923252,32.96953635702516,204.5725750324315,0.1780365214802201,0.02985670989565931,47.256997087914414,0.0,1.0,0.820115880642122,0.0,7.0,0.4496937262931474,0.8571428571428571,,,,
kr_vs_kp,histdistill_refined,HistDistill-Refined,budget_50,seed_1,1.0,1,19.748127715673416,134.48816713040225,0.4705904343556803,0.09079167810873817,32.96953635702516,204.5725750324315,0.1780365214802201,0.02985670989565931,47.256997087914414,0.0,1.0,0.8135021479709612,0.0,13.0,0.4496937262931474,0.8571428571428571,0.494969927095302,0.8333333333333334,,
kr_vs_kp,histdistill_refined,HistDistill-Refined,budget_50,seed_1,1.0,2,19.40019590932205,132.6438406066646,0.4782892215366135,0.09239522990381921,32.96953635702516,204.5725750324315,0.1780365214802201,0.02985670989565931,47.256997087914414,0.0,1.0,0.8110655096184285,0.0,19.0,0.4496937262931474,0.8571428571428571,0.494969927095302,0.8333333333333334,0.494969927095302,0.8333333333333334
kr_vs_kp,histdistill_refined,HistDistill-Refined,budget_50,seed_1,10.0,0,18.988605424458882,120.78207306867975,0.49100921746303566,0.0859358610181474,30.1551473394767,179.49676628256685,0.17751136653333915,0.028557462648742347,38.72107874161358,0.0,1.0,0.8189640800744886,0.0,7.0,0.49100921746303566,0.7142857142857143,,,,
kr_vs_kp,histdistill_refined,HistDistill-Refined,budget_50,seed_1,10.0,1,18.1296406617652,116.26555820607305,0.5151244367653199,0.09034958396964012,30.1551473394767,179.49676628256685,0.17751136653333915,0.028557462648742347,38.72107874161358,0.0,1.0,0.8124988827706472,0.0,13.0,0.49100921746303566,0.7142857142857143,0.5432588592846517,0.6666666666666666,,
kr_vs_kp,histdistill_refined,HistDistill-Refined,budget_50,seed_1,10.0,2,17.813179959720163,114.60157904616531,0.524008991245109,0.0919756924254532,30.1551473394767,179.49676628256685,0.17751136653333915,0.028557462648742347,38.72107874161358,0.0,1.0,0.8101169679744951,0.0,19.0,0.49100921746303566,0.7142857142857143,0.5432588592846517,0.6666666666666666,0.5432588592846517,0.6666666666666666
kr_vs_kp,histdistill_refined,HistDistill-Refined,budget_50,seed_2,0.1,0,12.499024861665589,106.58254822579582,0.3667029024543457,0.07759847452754938,15.163265760706317,137.1668745006067,0.08113555353402789,0.019836542425496637,48.24118585536203,1.0,1.0,0.8142213718548226,0.42857142857142855,7.0,0.3667029024543457,0.7142857142857143,,,,
kr_vs_kp,histdistill_refined,HistDistill-Refined,budget_50,seed_2,0.1,1,12.294083254047072,104.22990774311808,0.38866962160206253,0.08204170007386113,15.163265760706317,137.1668745006067,0.08113555353402789,0.019836542425496637,48.24118585536203,1.0,1.0,0.8068258740925083,0.38461538461538464,13.0,0.3667029024543457,0.7142857142857143,0.41429746060773204,0.6666666666666666,,
kr_vs_kp,histdistill_refined,HistDistill-Refined,budget_50,seed_2,0.1,2,12.21857845124025,103.36314546002626,0.39676262339332663,0.08367867790671282,15.163265760706317,137.1668745006067,0.08113555353402789,0.019836542425496637,48.24118585536203,1.0,1.0,0.8041012170221817,0.3684210526315789,19.0,0.3667029024543457,0.7142857142857143,0.41429746060773204,0.6666666666666666,0.41429746060773204,0.6666666666666666
kr_vs_kp,histdistill_refined,HistDistill-Refined,budget_50,seed_2,1.0,0,12.398429484833132,102.94425546290209,0.37831230425095985,0.07792132447245094,15.048474171873657,132.44112639040537,0.08126222844424201,0.01932935677358415,47.256997087914414,1.0,1.0,0.8218097050062884,0.42857142857142855,7.0,0.37831230425095985,0.7142857142857143,,,,
kr_vs_kp,histdistill_refined,HistDistill-Refined,budget_50,seed_2,1.0,1,12.194579893522327,100.67526539155568,0.4011623100822458,0.0824283989108253,15.048474171873657,132.44112639040537,0.08126222844424201,0.01932935677358415,47.256997087914414,1.0,1.0,0.8144506896148942,0.38461538461538464,13.0,0.37831230425095985,0.7142857142857143,0.4278206502187462,0.6666666666666666,,
kr_vs_kp,histdistill_refined,HistDistill-Refined,budget_50,seed_2,1.0,2,12.11947741251308,99.83932168105963,0.4095807332832459,0.08408890001970008,15.048474171873657,132.44112639040537,0.08126222844424201,0.01932935677358415,47.256997087914414,1.0,1.0,0.811739473418065,0.3684210526315789,19.0,0.37831230425095985,0.7142857142857143,0.4278206502187462,0.6666666666666666,0.4278206502187462,0.6666666666666666
kr_vs_kp,histdistill_refined,HistDistill-Refined,budget_50,seed_2,10.0,0,11.521035112833404,88.35584381997094,0.3688510536315325,0.07275517130168138,13.99917873776792,111.97275932015793,0.08240760093493124,0.017814571026467517,38.72107874161358,1.0,1.0,0.8166943554265057,0.42857142857142855,7.0,0.3688510536315325,0.7142857142857143,,,,
kr_vs_kp,histdistill_refined,HistDistill-Refined,budget_50,seed_2,10.0,1,11.330408680146137,86.53915801226427,0.3908851653774249,0.07698137132285168,13.99917873776792,111.97275932015793,0.08240760093493124,0.017814571026467517,38.72107874161358,1.0,1.0,0.8081574806311068,0.38461538461538464,13.0,0.3688510536315325,0.7142857142857143,0.4165916290809661,0.6666666666666666,,
kr_vs_kp,histdistill_refined,HistDistill-Refined,budget_50,seed_2,10.0,2,11.26017788915609,85.86985271468812,0.3990029960206485,0.07853839238328286,13.99917873776792,111.97275932015793,0.08240760093493124,0.017814571026467517,38.72107874161358,1.0,1.0,0.8050123162328019,0.3684210526315789,19.0,0.3688510536315325,0.7142857142857143,0.4165916290809661,0.6666666666666666,0.4165916290809661,0.6666666666666666
kr_vs_kp,histdistill_density,HistDistill-Density,budget_50,seed_0,0.1,0,18.237856649290556,142.1767058899936,0.7245588559104084,0.11965114885612763,17.227085502661243,181.29454017195437,0.09217863355389347,0.02621811461932794,48.24118585536203,1.0,1.0,0.7336870327951759,0.42857142857142855,7.0,0.7245588559104084,0.8571428571428571,,,,
kr_vs_kp,histdistill_density,HistDistill-Density,budget_50,seed_0,0.1,1,18.315608275954347,139.16764171445817,0.773203488399371,0.12683830533588145,17.227085502661243,181.29454017195437,0.09217863355389347,0.02621811461932794,48.24118585536203,1.0,1.0,0.7257558094969725,0.38461538461538464,13.0,0.7245588559104084,0.8571428571428571,0.8299555596364941,0.8333333333333334,,
kr_vs_kp,histdistill_density,HistDistill-Density,budget_50,seed_0,0.1,2,18.344253612093645,138.05903912347148,0.7911251951058309,0.12948620509158024,17.227085502661243,181.29454017195437,0.09217863355389347,0.02621811461932794,48.24118585536203,1.0,1.0,0.7228337798607922,0.3684210526315789,19.0,0.7245588559104084,0.8571428571428571,0.8299555596364941,0.8333333333333334,0.8299555596364941,0.8333333333333334
kr_vs_kp,histdistill_density,HistDistill-Density,budget_50,seed_0,1.0,0,17.9509077992408,137.9568790827607,0.7514931322669592,0.12131751126465672,16.781187826077225,176.8751396833716,0.09061893605380934,0.02581435821709457,47.256997087914414,1.0,1.0,0.7470052315891021,0.42857142857142855,7.0,0.7514931322669592,0.8571428571428571,,,,
kr_vs_kp,histdistill_density,HistDistill-Density,budget_50,seed_0,1.0,1,18.040886258714917,134.96316672886758,0.8023296088987399,0.12866390765293073,16.781187826077225,176.8751396833716,0.09061893605380934,0.02581435821709457,47.256997087914414,1.0,1.0,0.7397700269007986,0.38461538461538464,13.0,0.7514931322669592,0.8571428571428571,0.8616388316358176,0.8333333333333334,,
kr_vs_kp,histdistill_density,HistDistill-Density,budget_50,seed_0,1.0,2,18.074036217468546,133.8602200721701,0.8210588371315013,0.13137047474334745,16.781187826077225,176.8751396833716,0.09061893605380934,0.02581435821709457,47.256997087914414,1.0,1.0,0.737104425173529,0.3684210526315789,19.0,0.7514931322669592,0.8571428571428571,0.8616388316358176,0.8333333333333334,0.8616388316358176,0.8333333333333334
kr_vs_kp,histdistill_density,HistDistill-Density,budget_50,seed_0,10.0,0,16.420317262158896,116.45383441053535,0.8524491984331605,0.12626408933146535,15.788421880112573,152.54788226958036,0.09294016413823598,0.024269966196496257,38.72107874161358,1.0,1.0,0.7714219293779673,0.2857142857142857,7.0,0.8524491984331605,0.7142857142857143,,,,
kr_vs_kp,histdistill_density,HistDistill-Density,budget_50,seed_0,10.0,1,16.46892459923938,113.67736919060881,0.9108729703020008,0.13410979111107837,15.788421880112573,152.54788226958036,0.09294016413823598,0.024269966196496257,38.72107874161358,1.0,1.0,0.7650156906744883,0.23076923076923078,13.0,0.8524491984331605,0.7142857142857143,0.9790340374823145,0.6666666666666666,,
kr_vs_kp,histdistill_density,HistDistill-Density,budget_50,seed_0,10.0,2,16.486832565532197,112.65446095168852,0.9323975178326263,0.13700031281935685,15.788421880112573,152.54788226958036,0.09294016413823598,0.024269966196496257,38.72107874161358,1.0,1.0,0.7626554974679433,0.21052631578947367,19.0,0.8524491984331605,0.7142857142857143,0.9790340374823145,0.6666666666666666,0.9790340374823145,0.6666666666666666
kr_vs_kp,histdistill_density,HistDistill-Density,budget_50,seed_1,0.1,0,19.387962513592637,135.51976224683324,0.42959269400547406,0.08887259976650272,30.88631272821498,190.27936762687833,0.1652663825442365,0.02751746558612844,48.24118585536203,0.0,1.0,0.8261458953785545,0.0,7.0,0.42959269400547406,0.8571428571428571,,,,
kr_vs_kp,histdistill_density,HistDistill-Density,budget_50,seed_1,0.1,1,18.503474035544766,131.3074849099067,0.4499254871948001,0.09359222547268534,30.88631272821498,190.27936762687833,0.1652663825442365,0.02751746558612844,48.24118585536203,0.0,1.0,0.8204520396313182,0.0,13.0,0.42959269400547406,0.8571428571428571,0.47364707924901367,0.8333333333333334,,
kr_vs_kp,histdistill_density,HistDistill-Density,budget_50,seed_1,0.1,2,18.177609859421867,129.7555932594601,0.45741651626455176,0.0953310349433842,30.88631272821498,190.27936762687833,0.1652663825442365,0.02751746558612844,48.24118585536203,0.0,1.0,0.8183543033033889,0.0,19.0,0.42959269400547406,0.8571428571428571,0.47364707924901367,0.8333333333333334,0.47364707924901367,0.8333333333333334
kr_vs_kp,histdistill_density,HistDistill-Density,budget_50,seed_1,1.0,0,19.214493367750467,131.57247990681108,0.43637093659199716,0.08780017096247747,30.589465166287365,185.45678157124794,0.16518406304448136,0.02706682127199889,47.256997087914414,0.0,1.0,0.83790103646587,0.0,7.0,0.43637093659199716,0.8571428571428571,,,,
kr_vs_kp,histdistill_density,HistDistill-Density,budget_50,seed_1,1.0,1,18.339495537093782,127.4275336249313,0.4572314653264215,0.09247196709251428,30.589465166287365,185.45678157124794,0.16518406304448136,0.02706682127199889,47.256997087914414,0.0,1.0,0.8320716747695004,0.0,13.0,0.43637093659199716,0.8571428571428571,0.4815687488499165,0.8333333333333334,,
kr_vs_kp,histdistill_density,HistDistill-Density,budget_50,seed_1,1.0,2,18.017127915272898,125.90044815265985,0.4649169232812093,0.09419315514042259,30.589465166287365,185.45678157124794,0.16518406304448136,0.02706682127199889,47.256997087914414,0.0,1.0,0.8299240151971534,0.0,19.0,0.43637093659199716,0.8571428571428571,0.4815687488499165,0.8333333333333334,0.4815687488499165,0.8333333333333334
kr_vs_kp,histdistill_density,HistDistill-Density,budget_50,seed_1,10.0,0,17.68852199822178,114.05347153156784,0.48014614918080906,0.08831247497102945,27.936804637209683,162.39778839433458,0.16445286477622217,0.02583706031232271,38.72107874161358,0.0,1.0,0.8361055826398535,0.0,7.0,0.48014614918080906,0.7142857142857143,,,,
kr_vs_kp,histdistill_density,HistDistill-Density,budget_50,seed_1,10.0,1,16.90019256445348,110.3346779267396,0.5044302479811619,0.09311827609862228,27.936804637209683,162.39778839433458,0.16445286477622217,0.02583706031232271,38.72107874161358,0.0,1.0,0.8294631852486838,0.0,13.0,0.48014614918080906,0.7142857142857143,0.5327616965815735,0.6666666666666666,,
kr_vs_kp,histdistill_density,HistDistill-Density,budget_50,seed_1,10.0,2,16.609755404644105,108.96459607232921,0.5133770212233971,0.09488883440878806,27.936804637209683,162.39778839433458,0.16445286477622217,0.02583706031232271,38.72107874161358,0.0,1.0,0.8270159862098317,0.0,19.0,0.48014614918080906,0.7142857142857143,0.5327616965815735,0.6666666666666666,0.5327616965815735,0.6666666666666666
kr_vs_kp,histdistill_density,HistDistill-Density,budget_50,seed_2,0.1,0,13.497725197323518,110.60931708963071,0.3843655756427142,0.079017035383473,18.74914420651281,144.49551119242696,0.10032286035814157,0.020896381495152633,48.24118585536203,1.0,1.0,0.8272976959461876,0.42857142857142855,7.0,0.3843655756427142,0.7142857142857143,,,,
kr_vs_kp,histdistill_density,HistDistill-Density,budget_50,seed_2,0.1,1,13.09376988892434,108.00268677403098,0.406215015279989,0.08348785491334378,18.74914420651281,144.49551119242696,0.10032286035814157,0.020896381495152633,48.24118585536203,1.0,1.0,0.8204885220022384,0.38461538461538464,13.0,0.3843655756427142,0.7142857142857143,0.431706028190143,0.6666666666666666,,
kr_vs_kp,histdistill_density,HistDistill-Density,budget_50,seed_2,0.1,2,12.944944248987804,107.04234928933634,0.41426480883056394,0.0851349989506646,18.74914420651281,144.49551119242696,0.10032286035814157,0.020896381495152633,48.24118585536203,1.0,1.0,0.8179798789702573,0.3684210526315789,19.0,0.3843655756427142,0.7142857142857143,0.431706028190143,0.6666666666666666,0.431706028190143,0.6666666666666666
kr_vs_kp,histdistill_density,HistDistill-Density,budget_50,seed_2,1.0,0,13.39982948875443,106.9919285022003,0.3968648885972211,0.07935566954873632,18.669633506951925,139.89225745933757,0.10081660144972072,0.020416825407560988,47.256997087914414,1.0,1.0,0.8368847418473699,0.42857142857142855,7.0,0.3968648885972211,0.7142857142857143,,,,
kr_vs_kp,histdistill_density,HistDistill-Density,budget_50,seed_2,1.0,1,12.994459948893082,104.46113396703589,0.41963783376241337,0.0838894267903652,18.669633506951925,139.89225745933757,0.10081660144972072,0.020416825407560988,47.256997087914414,1.0,1.0,0.8303205209653155,0.38461538461538464,13.0,0.3968648885972211,0.7142857142857143,0.44620626978847105,0.6666666666666666,,
kr_vs_kp,histdistill_density,HistDistill-Density,budget_50,seed_2,1.0,2,12.845113276312585,103.52873598039638,0.4280278661916948,0.08555975840570215,18.669633506951925,139.89225745933757,0.10081660144972072,0.020416825407560988,47.256997087914414,1.0,1.0,0.8279021237982429,0.3684210526315789,19.0,0.3968648885972211,0.7142857142857143,0.44620626978847105,0.6666666666666666,0.44620626978847105,0.6666666666666666
kr_vs_kp,histdistill_density,HistDistill-Density,budget_50,seed_2,10.0,0,12.565589124209694,92.24943615549077,0.382877273387355,0.07395392794995194,17.911788110687098,119.54671840325626,0.10543957715707386,0.019019567963728164,38.72107874161358,1.0,1.0,0.8378671599785866,0.42857142857142855,7.0,0.382877273387355,0.7142857142857143,,,,
kr_vs_kp,histdistill_density,HistDistill-Density,budget_50,seed_2,10.0,1,12.154343048326819,90.14964521335494,0.40421863463583824,0.07817964794889225,17.911788110687098,119.54671840325626,0.10543957715707386,0.019019567963728164,38.72107874161358,1.0,1.0,0.8302475562234746,0.38461538461538464,13.0,0.382877273387355,0.7142857142857143,0.42911688942573517,0.6666666666666666,,
kr_vs_kp,histdistill_density,HistDistill-Density,budget_50,seed_2,10.0,2,12.002831336159442,89.37603802414701,0.41208124141159513,0.07973649215902813,17.911788110687098,119.54671840325626,0.10543957715707386,0.019019567963728164,38.72107874161358,1.0,1.0,0.8274403337873808,0.3684210526315789,19.0,0.382877273387355,0.7142857142857143,0.42911688942573517,0.6666666666666666,0.42911688942573517,0.6666666666666666
kr_vs_kp,gain_path_refined,Legacy gain-path refined,budget_50,seed_0,0.1,0,13.076844960362605,99.36428435508878,0.6753542026986407,0.09342099101250813,12.839268661820569,115.88154435320983,0.06870031735171443,0.016758340373822178,48.24118585536203,1.0,1.0,0.8106704389179155,0.5714285714285714,7.0,0.6753542026986407,0.8571428571428571,,,,
kr_vs_kp,gain_path_refined,Legacy gain-path refined,budget_50,seed_0,0.1,1,13.095120060250453,98.09372589369485,0.7220198861868656,0.09931811798471475,12.839268661820569,115.88154435320983,0.06870031735171443,0.016758340373822178,48.24118585536203,1.0,1.0,0.8013990620747173,0.5384615384615384,13.0,0.6753542026986407,0.8571428571428571,0.776463183589795,0.8333333333333334,,
kr_vs_kp,gain_path_refined,Legacy gain-path refined,budget_50,seed_0,0.1,2,13.101852991788082,97.62562540791816,0.7392125064193698,0.10149074371131718,12.839268661820569,115.88154435320983,0.06870031735171443,0.016758340373822178,48.24118585536203,1.0,1.0,0.7979832916588021,0.5263157894736842,19.0,0.6753542026986407,0.8571428571428571,0.776463183589795,0.8333333333333334,0.776463183589795,0.8333333333333334
kr_vs_kp,gain_path_refined,Legacy gain-path refined,budget_50,seed_0,1.0,0,12.756917877423506,95.35883700631528,0.6911398182211644,0.09378645957467778,12.778872354833311,111.9622657268815,0.06900630806139592,0.01634053287220084,47.256997087914414,1.0,1.0,0.8239551695215486,0.5714285714285714,7.0,0.6911398182211644,0.8571428571428571,,,,
kr_vs_kp,gain_path_refined,Legacy gain-path refined,budget_50,seed_0,1.0,1,12.755229071468904,94.08165018165631,0.7389962420796082,0.09974383855179139,12.778872354833311,111.9622657268815,0.06900630806139592,0.01634053287220084,47.256997087914414,1.0,1.0,0.8149392015451477,0.5384615384615384,13.0,0.6911398182211644,0.8571428571428571,0.7948287365811261,0.8333333333333334,,
kr_vs_kp,gain_path_refined,Legacy gain-path refined,budget_50,seed_0,1.0,2,12.754606879801422,93.61110766730829,0.756627556132719,0.10193866238546483,12.778872354833311,111.9622657268815,0.06900630806139592,0.01634053287220084,47.256997087914414,1.0,1.0,0.8116175291327894,0.5263157894736842,19.0,0.6911398182211644,0.8571428571428571,0.7948287365811261,0.8333333333333334,0.7948287365811261,0.8333333333333334
kr_vs_kp,gain_path_refined,Legacy gain-path refined,budget_50,seed_0,10.0,0,10.551366741757791,77.44824490832285,0.6779268658165332,0.09381151276621716,12.206616479034594,93.33909996348665,0.07185549941270523,0.014850004911388649,38.72107874161358,1.0,1.0,0.8546928827241101,0.5714285714285714,7.0,0.6779268658165332,0.7142857142857143,,,,
kr_vs_kp,gain_path_refined,Legacy gain-path refined,budget_50,seed_0,10.0,1,10.424039838890346,76.22587144254102,0.7245477401552891,0.09988547490889628,12.206616479034594,93.33909996348665,0.07185549941270523,0.014850004911388649,38.72107874161358,1.0,1.0,0.8468459893814954,0.5384615384615384,13.0,0.6779268658165332,0.7142857142857143,0.7789387602171711,0.6666666666666666,,
kr_vs_kp,gain_path_refined,Legacy gain-path refined,budget_50,seed_0,10.0,2,10.3771299273076,75.77552332356878,0.7417238517537781,0.10212325043514649,12.206616479034594,93.33909996348665,0.07185549941270523,0.014850004911388649,38.72107874161358,1.0,1.0,0.8439550286763218,0.5263157894736842,19.0,0.6779268658165332,0.7142857142857143,0.7789387602171711,0.6666666666666666,0.7789387602171711,0.6666666666666666
kr_vs_kp,gain_path_refined,Legacy gain-path refined,budget_50,seed_1,0.1,0,11.936523413144554,101.33549742181432,0.4119134041789597,0.07119664090952557,16.266617211893585,134.69245163249727,0.08703936292096316,0.01947870096865383,48.24118585536203,1.0,1.0,0.8666102901569426,0.7142857142857143,7.0,0.4119134041789597,0.8571428571428571,,,,
kr_vs_kp,gain_path_refined,Legacy gain-path refined,budget_50,seed_1,0.1,1,11.603439274779245,98.7695778671464,0.4369037150449594,0.07517494398190033,16.266617211893585,134.69245163249727,0.08703936292096316,0.01947870096865383,48.24118585536203,1.0,1.0,0.8612247857808697,0.6923076923076923,13.0,0.4119134041789597,0.8571428571428571,0.4660590777219591,0.8333333333333334,,
kr_vs_kp,gain_path_refined,Legacy gain-path refined,budget_50,seed_1,0.1,2,11.480724065907813,97.82423908384767,0.4461106716798014,0.0766406345875121,16.266617211893585,134.69245163249727,0.08703936292096316,0.01947870096865383,48.24118585536203,1.0,1.0,0.8592406525896849,0.6842105263157895,19.0,0.4119134041789597,0.8571428571428571,0.4660590777219591,0.8333333333333334,0.4660590777219591,0.8333333333333334
kr_vs_kp,gain_path_refined,Legacy gain-path refined,budget_50,seed_1,1.0,0,11.540707340460145,97.13365695891629,0.40075960296410296,0.06947811103156211,16.106491469697293,130.15281235771695,0.08697555475039995,0.01899538469441707,47.256997087914414,1.0,1.0,0.8770782432575285,0.7142857142857143,7.0,0.40075960296410296,0.8571428571428571,,,,
kr_vs_kp,gain_path_refined,Legacy gain-path refined,budget_50,seed_1,1.0,1,11.189493176672674,94.59372192823932,0.4248968374420801,0.07336139767288095,16.106491469697293,130.15281235771695,0.08697555475039995,0.01899538469441707,47.256997087914414,1.0,1.0,0.8719598191600284,0.6923076923076923,13.0,0.40075960296410296,0.8571428571428571,0.4530569443330535,0.8333333333333334,,
kr_vs_kp,gain_path_refined,Legacy gain-path refined,budget_50,seed_1,1.0,2,11.060098484750974,93.65795639062148,0.43378950277607176,0.0747920822249458,16.106491469697293,130.15281235771695,0.08697555475039995,0.01899538469441707,47.256997087914414,1.0,1.0,0.8700740839662127,0.6842105263157895,19.0,0.40075960296410296,0.8571428571428571,0.4530569443330535,0.8333333333333334,0.4530569443330535,0.8333333333333334
kr_vs_kp,gain_path_refined,Legacy gain-path refined,budget_50,seed_1,10.0,0,9.225366852879002,77.75495785862837,0.319512147738885,0.06629118589221236,14.678915386481231,107.35985147838011,0.08640894040900281,0.01708066954109878,38.72107874161358,1.0,1.0,0.8819227396487552,0.7142857142857143,7.0,0.319512147738885,0.7142857142857143,,,,
kr_vs_kp,gain_path_refined,Legacy gain-path refined,budget_50,seed_1,10.0,1,8.805863119524982,75.47765834941671,0.33744316368733746,0.0700766102269134,14.678915386481231,107.35985147838011,0.08640894040900281,0.01708066954109878,38.72107874161358,1.0,1.0,0.8764563995645938,0.6923076923076923,13.0,0.319512147738885,0.7142857142857143,0.3583626822938653,0.6666666666666666,,
kr_vs_kp,gain_path_refined,Legacy gain-path refined,budget_50,seed_1,10.0,2,8.651309112499817,74.63865326707557,0.3440493274578199,0.07147124024496117,14.678915386481231,107.35985147838011,0.08640894040900281,0.01708066954109878,38.72107874161358,1.0,1.0,0.8744424847967448,0.6842105263157895,19.0,0.319512147738885,0.7142857142857143,0.3583626822938653,0.6666666666666666,0.3583626822938653,0.6666666666666666
kr_vs_kp,gain_path_refined,Legacy gain-path refined,budget_50,seed_2,0.1,0,9.317042061307834,89.33184590404286,0.2236555554955329,0.06558537455515709,12.10457683014748,114.57690072531526,0.0647691306680255,0.016569667862553646,48.24118585536203,1.0,1.0,0.8596478225517846,0.5714285714285714,7.0,0.2236555554955329,0.8571428571428571,,,,
kr_vs_kp,gain_path_refined,Legacy gain-path refined,budget_50,seed_2,0.1,1,9.10261630985863,87.38991861009882,0.23587758817457194,0.06935581353151118,12.10457683014748,114.57690072531526,0.0647691306680255,0.016569667862553646,48.24118585536203,1.0,1.0,0.8532299001437933,0.5384615384615384,13.0,0.2236555554955329,0.8571428571428571,0.25013662630011746,0.8333333333333334,,
kr_vs_kp,gain_path_refined,Legacy gain-path refined,budget_50,seed_2,0.1,2,9.0236173487984,86.67447171232998,0.24038044231948105,0.07074492262806271,12.10457683014748,114.57690072531526,0.0647691306680255,0.016569667862553646,48.24118585536203,1.0,1.0,0.8508654024145336,0.5263157894736842,19.0,0.2236555554955329,0.8571428571428571,0.25013662630011746,0.8333333333333334,0.25013662630011746,0.8333333333333334
kr_vs_kp,gain_path_refined,Legacy gain-path refined,budget_50,seed_2,1.0,0,9.028652154791596,85.3239638708045,0.2289839707307404,0.0651431794742414,11.550247144903722,109.99538790172544,0.06237169372499625,0.016053473374530735,47.256997087914414,1.0,1.0,0.8692350372226091,0.5714285714285714,7.0,0.2289839707307404,0.8571428571428571,,,,
kr_vs_kp,gain_path_refined,Legacy gain-path refined,budget_50,seed_2,1.0,1,8.834683309398356,83.42616202227208,0.24180029973118225,0.06891931071268068,11.550247144903722,109.99538790172544,0.06237169372499625,0.016053473374530735,47.256997087914414,1.0,1.0,0.8631714825335742,0.5384615384615384,13.0,0.2289839707307404,0.8571428571428571,0.25675268356503106,0.8333333333333334,,
kr_vs_kp,gain_path_refined,Legacy gain-path refined,budget_50,seed_2,1.0,2,8.763221103200848,82.72697186754964,0.24652210515239767,0.07031051695842147,11.550247144903722,109.99538790172544,0.06237169372499625,0.016053473374530735,47.256997087914414,1.0,1.0,0.8609375413323507,0.5263157894736842,19.0,0.2289839707307404,0.8571428571428571,0.25675268356503106,0.8333333333333334,0.25675268356503106,0.8333333333333334
kr_vs_kp,gain_path_refined,Legacy gain-path refined,budget_50,seed_2,10.0,0,8.489175855233034,67.13794150019535,0.22912696326049356,0.05616330200161069,10.82815720418101,87.48962927685469,0.06374105756186128,0.013919369535008448,38.72107874161358,1.0,1.0,0.8676094801785865,0.5714285714285714,7.0,0.22912696326049356,0.7142857142857143,,,,
kr_vs_kp,gain_path_refined,Legacy gain-path refined,budget_50,seed_2,10.0,1,8.309254213006268,65.57242705583693,0.2418489560065422,0.05941283526827241,10.82815720418101,87.48962927685469,0.06374105756186128,0.013919369535008448,38.72107874161358,1.0,1.0,0.8602533082928996,0.5384615384615384,13.0,0.22912696326049356,0.7142857142857143,0.25669128087693227,0.6666666666666666,,
kr_vs_kp,gain_path_refined,Legacy gain-path refined,budget_50,seed_2,10.0,2,8.242967292185877,64.99565857633645,0.24653600596561276,0.060610031734937245,10.82815720418101,87.48962927685469,0.06374105756186128,0.013919369535008448,38.72107874161358,1.0,1.0,0.8575431397034358,0.5263157894736842,19.0,0.22912696326049356,0.7142857142857143,0.25669128087693227,0.6666666666666666,0.25669128087693227,0.6666666666666666
kr_vs_kp,random,Random,budget_50,seed_0,0.1,0,85.5651011947207,593.5140334881095,2.5645773430415297,0.44573211583018973,122.71462097942212,763.7913194274815,0.6566209982077148,0.11045654402501004,48.24118585536203,0.0,1.0,0.41628325790358767,0.0,7.0,2.5645773430415297,0.7142857142857143,,,,
kr_vs_kp,random,Random,budget_50,seed_0,0.1,1,82.70744582666674,580.4157807235423,2.7113432157210537,0.4715225444305882,122.71462097942212,763.7913194274815,0.6566209982077148,0.11045654402501004,48.24118585536203,0.0,1.0,0.40752445860122477,0.0,13.0,2.5645773430415297,0.7142857142857143,2.882570067180499,0.6666666666666666,,
kr_vs_kp,random,Random,budget_50,seed_0,0.1,2,81.65462542791002,575.590108652386,2.765414853024036,0.4810242812833666,122.71462097942212,763.7913194274815,0.6566209982077148,0.11045654402501004,48.24118585536203,0.0,1.0,0.4042975325424594,0.0,19.0,2.5645773430415297,0.7142857142857143,2.882570067180499,0.6666666666666666,2.882570067180499,0.6666666666666666
kr_vs_kp,random,Random,budget_50,seed_0,1.0,0,85.10907276303816,585.977092048882,2.687071461148464,0.46133278576716624,122.19970789580071,755.8964701811162,0.6598822223058518,0.11032066061529808,47.256997087914414,0.0,1.0,0.43430578017144217,0.0,7.0,2.687071461148464,0.7142857142857143,,,,
kr_vs_kp,random,Random,budget_50,seed_0,1.0,1,82.25594698359487,572.9063706540949,2.8430090949055886,0.4883337184711562,122.19970789580071,755.8964701811162,0.6598822223058518,0.11032066061529808,47.256997087914414,0.0,1.0,0.4258843983706472,0.0,13.0,2.687071461148464,0.7142857142857143,3.0249363342888995,0.6666666666666666,,
kr_vs_kp,random,Random,budget_50,seed_0,1.0,2,81.2047953806421,568.0908417191735,2.900459802079265,0.4982814305199945,122.19970789580071,755.8964701811162,0.6598822223058518,0.11032066061529808,47.256997087914414,0.0,1.0,0.42278178402298583,0.0,19.0,2.687071461148464,0.7142857142857143,3.0249363342888995,0.6666666666666666,3.0249363342888995,0.6666666666666666
kr_vs_kp,random,Random,budget_50,seed_0,10.0,0,80.85967774441006,534.9735552540791,3.2722604390940795,0.5293224359650915,117.28868203415402,701.1900067553788,0.6904318520613234,0.11155748285774507,38.72107874161358,0.0,1.0,0.4939289542785814,0.0,7.0,3.2722604390940795,0.7142857142857143,,,,
kr_vs_kp,random,Random,budget_50,seed_0,10.0,1,78.057446645199,522.1876743693637,3.4708626380966,0.5614582015887337,117.28868203415402,701.1900067553788,0.6904318520613234,0.11155748285774507,38.72107874161358,0.0,1.0,0.4875674164759613,0.0,13.0,3.2722604390940795,0.7142857142857143,3.702565203599539,0.6666666666666666,,
kr_vs_kp,random,Random,budget_50,seed_0,10.0,2,77.02504571391069,517.4770866749947,3.544031869308054,0.5732976941869176,117.28868203415402,701.1900067553788,0.6904318520613234,0.11155748285774507,38.72107874161358,0.0,1.0,0.4852236920223644,0.0,19.0,3.2722604390940795,0.7142857142857143,3.702565203599539,0.6666666666666666,3.702565203599539,0.6666666666666666
kr_vs_kp,random,Random,budget_50,seed_1,0.1,0,35.607753733227234,334.0410270031918,1.2752418665623548,0.1823650704447816,44.08390036010313,475.6340836749404,0.23588399188548484,0.06878436002993159,48.24118585536203,0.0,1.0,0.4952824865723638,0.0,7.0,1.2752418665623548,0.7142857142857143,,,,
kr_vs_kp,random,Random,budget_50,seed_1,0.1,1,34.955742454236784,323.1492534130574,1.3551924723067297,0.19110204816900084,44.08390036010313,475.6340836749404,0.23588399188548484,0.06878436002993159,48.24118585536203,0.0,1.0,0.4918171175429858,0.0,13.0,1.2752418665623548,0.7142857142857143,1.4484681790085,0.6666666666666666,,
kr_vs_kp,random,Random,budget_50,seed_1,0.1,2,34.71552777250347,319.13649472195516,1.3846479586336045,0.19432093469897635,44.08390036010313,475.6340836749404,0.23588399188548484,0.06878436002993159,48.24118585536203,0.0,1.0,0.4905404026374255,0.0,19.0,1.2752418665623548,0.7142857142857143,1.4484681790085,0.6666666666666666,1.4484681790085,0.6666666666666666
kr_vs_kp,random,Random,budget_50,seed_1,1.0,0,34.79006116044173,327.67877971443613,1.2225047511526108,0.18033613610044577,43.788126183849,469.05439895003707,0.23645724293748735,0.06845698213709213,47.256997087914414,0.0,1.0,0.5029076871066385,0.0,7.0,1.2225047511526108,0.7142857142857143,,,,
kr_vs_kp,random,Random,budget_50,seed_1,1.0,1,34.09790231248732,316.8037320809284,1.298354559476851,0.18894222486685755,43.788126183849,469.05439895003707,0.23645724293748735,0.06845698213709213,47.256997087914414,0.0,1.0,0.49939925231420684,0.0,13.0,1.2225047511526108,0.7142857142857143,1.3868460025217981,0.6666666666666666,,
kr_vs_kp,random,Random,budget_50,seed_1,1.0,2,33.842896421135706,312.7971355843729,1.326299225701571,0.1921128891492198,43.788126183849,469.05439895003707,0.23645724293748735,0.06845698213709213,47.256997087914414,0.0,1.0,0.4981066710748898,0.0,19.0,1.2225047511526108,0.7142857142857143,1.3868460025217981,0.6666666666666666,1.3868460025217981,0.6666666666666666
kr_vs_kp,random,Random,budget_50,seed_1,10.0,0,30.62811489300064,289.83085828576645,0.9351287609883617,0.1816516428531511,41.044172055465594,424.0372773195605,0.2416107269440264,0.06746321373647969,38.72107874161358,0.0,1.0,0.5279184360920397,0.0,7.0,0.9351287609883617,0.8571428571428571,,,,
kr_vs_kp,random,Random,budget_50,seed_1,10.0,1,29.826879726657186,279.50728759085916,0.9884763020686952,0.19043536816981815,41.044172055465594,424.0372773195605,0.2416107269440264,0.06746321373647969,38.72107874161358,0.0,1.0,0.5240617993731349,0.0,13.0,0.9351287609883617,0.8571428571428571,1.0507150999957509,0.8333333333333334,,
kr_vs_kp,random,Random,budget_50,seed_1,10.0,2,29.531687823267475,275.70386680852494,1.008130659308818,0.19367147749701127,41.044172055465594,424.0372773195605,0.2416107269440264,0.06746321373647969,38.72107874161358,0.0,1.0,0.5226409332135383,0.0,19.0,0.9351287609883617,0.8571428571428571,1.0507150999957509,0.8333333333333334,1.0507150999957509,0.8333333333333334
kr_vs_kp,random,Random,budget_50,seed_2,0.1,0,39.95000106465336,371.1339097678587,0.7841343844467039,0.17923633309581163,65.56554639915005,584.1979599467425,0.3508279142374033,0.08448444757207678,48.24118585536203,0.0,1.0,0.606544183895805,0.0,7.0,0.7841343844467039,0.8571428571428571,,,,
kr_vs_kp,random,Random,budget_50,seed_2,0.1,1,37.97957450046131,354.74436744640605,0.8174656513858808,0.18652493967456046,65.56554639915005,584.1979599467425,0.3508279142374033,0.08448444757207678,48.24118585536203,0.0,1.0,0.6036622247310264,0.0,13.0,0.7841343844467039,0.8571428571428571,0.8563521294815873,0.8333333333333334,,
kr_vs_kp,random,Random,budget_50,seed_2,0.1,2,37.253627871548446,348.70611501218673,0.8297455918371565,0.1892102157825206,65.56554639915005,584.1979599467425,0.3508279142374033,0.08448444757207678,48.24118585536203,0.0,1.0,0.6026004503018972,0.0,19.0,0.7841343844467039,0.8571428571428571,0.8563521294815873,0.8333333333333334,0.8563521294815873,0.8333333333333334
kr_vs_kp,random,Random,budget_50,seed_2,1.0,0,39.60372632897698,362.6833235598663,0.8089706364922389,0.17908134484858632,65.19073768191991,574.1041587125819,0.3520320105182627,0.08378865697836435,47.256997087914414,0.0,1.0,0.6094252452576612,0.0,7.0,0.8089706364922389,0.8571428571428571,,,,
kr_vs_kp,random,Random,budget_50,seed_2,1.0,1,37.63549468644292,346.42018239427284,0.8441197615671601,0.18641155160783415,65.19073768191991,574.1041587125819,0.3520320105182627,0.08378865697836435,47.256997087914414,0.0,1.0,0.6058797887182255,0.0,13.0,0.8089706364922389,0.8571428571428571,0.8851270741545681,0.8333333333333334,,
kr_vs_kp,random,Random,budget_50,seed_2,1.0,2,36.91035671287772,340.42849880694894,0.8570694392263417,0.18911215409808332,65.19073768191991,574.1041587125819,0.3520320105182627,0.08378865697836435,47.256997087914414,0.0,1.0,0.604573567887907,0.0,19.0,0.8089706364922389,0.8571428571428571,0.8851270741545681,0.8333333333333334,0.8851270741545681,0.8333333333333334
kr_vs_kp,random,Random,budget_50,seed_2,10.0,0,37.161873753937456,308.0359916766624,0.8169945312756266,0.15333911798538072,61.6853390985448,502.5870946462428,0.36311707302190627,0.07996028274128288,38.72107874161358,0.0,1.0,0.5854486614147608,0.0,7.0,0.8169945312756266,0.8571428571428571,,,,
kr_vs_kp,random,Random,budget_50,seed_2,10.0,1,35.27545334281381,293.07052221746386,0.8519081819105281,0.15898364377338828,61.6853390985448,502.5870946462428,0.36311707302190627,0.07996028274128288,38.72107874161358,0.0,1.0,0.581643689865687,0.0,13.0,0.8169945312756266,0.8571428571428571,0.8926407743179133,0.8333333333333334,,
kr_vs_kp,random,Random,budget_50,seed_2,10.0,2,34.580456349241935,287.5569282061802,0.8647711058286499,0.16106320590581208,61.6853390985448,502.5870946462428,0.36311707302190627,0.07996028274128288,38.72107874161358,0.0,1.0,0.5802418582423442,0.0,19.0,0.8169945312756266,0.8571428571428571,0.8926407743179133,0.8333333333333334,0.8926407743179133,0.8333333333333334
pc1,histdistill_refined,HistDistill-Refined,budget_50,seed_0,0.1,0,41.970087825003446,1651.8433309599718,3.1258892848555195,0.9258548844705485,10.391118969332858,307.89156752190627,0.5160902167677834,0.12637923835682552,0.153023233286671,0.0,0.0,0.7546757410825103,0.0,5.0,3.1258892848555195,0.2,,,,
pc1,histdistill_refined,HistDistill-Refined,budget_50,seed_0,0.1,1,34.83456302317342,1222.0196888157784,5.452546148870048,1.5920086377292881,10.391118969332858,307.89156752190627,0.5160902167677834,0.12637923835682552,0.153023233286671,0.0,0.0,0.6982671237015933,0.0,12.0,3.1258892848555195,0.2,7.114443908880426,0.14285714285714285,,
pc1,histdistill_refined,HistDistill-Refined,budget_50,seed_0,0.1,2,34.73831539285536,1021.339563396776,8.05659413361833,1.8215846373193423,10.391118969332858,307.89156752190627,0.5160902167677834,0.12637923835682552,0.153023233286671,0.0,0.0,0.6701480619840258,0.0,23.0,3.1258892848555195,0.2,7.114443908880426,0.14285714285714285,10.897373753343727,0.36363636363636365
pc1,histdistill_refined,HistDistill-Refined,budget_50,seed_0,1.0,0,36.82977970325727,1385.5433225192764,2.9440736658147904,0.918962576923988,6.288600353593125,233.35413991651168,0.33175413852194935,0.10258801284016957,1.148058142023178,0.0,1.0,0.7597077624032799,0.0,5.0,2.9440736658147904,0.6,,,,
pc1,histdistill_refined,HistDistill-Refined,budget_50,seed_0,1.0,1,28.4152129689175,1092.234066232293,5.361305015464239,1.648840588432125,6.288600353593125,233.35413991651168,0.33175413852194935,0.10258801284016957,1.148058142023178,0.0,1.0,0.5841521900068879,0.0,12.0,2.9440736658147904,0.6,7.087898836642417,0.14285714285714285,,
pc1,histdistill_refined,HistDistill-Refined,budget_50,seed_0,1.0,2,27.736023873448115,890.5803937414036,8.12998765710232,1.960744930487041,6.288600353593125,233.35413991651168,0.33175413852194935,0.10258801284016957,1.148058142023178,0.0,1.0,0.5977836656616196,0.0,23.0,2.9440736658147904,0.6,7.087898836642417,0.14285714285714285,11.150368720707501,0.2727272727272727
pc1,histdistill_refined,HistDistill-Refined,budget_50,seed_0,10.0,0,29.84576617113865,2240.859499468389,4.546771030498418,3.087136301660494,3.398898354269874,83.72500686868133,0.26812985022575914,0.05458543933788816,0.5374292810648988,0.0,1.0,0.5430931129045344,0.0,5.0,4.546771030498418,0.4,,,,
pc1,histdistill_refined,HistDistill-Refined,budget_50,seed_0,10.0,1,26.273432518929354,1633.0470472662935,12.094786649775116,5.682529803768894,3.398898354269874,83.72500686868133,0.26812985022575914,0.05458543933788816,0.5374292810648988,0.0,1.0,0.34138174041718994,0.0,12.0,4.546771030498418,0.4,17.4862263778299,0.0,,
pc1,histdistill_refined,HistDistill-Refined,budget_50,seed_0,10.0,2,20.387615835786843,1170.1706319880777,11.440297679498231,5.218592412808169,3.398898354269874,83.72500686868133,0.26812985022575914,0.05458543933788816,0.5374292810648988,0.0,1.0,0.3462310701200093,0.0,23.0,4.546771030498418,0.4,17.4862263778299,0.0,10.72630971192345,0.18181818181818182
pc1,histdistill_refined,HistDistill-Refined,budget_50,seed_1,0.1,0,43.74329108268591,1488.7016579008623,3.266872380688028,0.8399437873788251,10.755922860144246,246.17863047753815,0.5342087389059885,0.10361715251436206,0.153023233286671,0.0,0.0,0.6911885474729036,0.0,5.0,3.266872380688028,0.0,,,,
pc1,histdistill_refined,HistDistill-Refined,budget_50,seed_1,0.1,1,30.640907929239724,1005.2291281209988,4.743388396023615,1.272039762158939,10.755922860144246,246.17863047753815,0.5342087389059885,0.10361715251436206,0.153023233286671,0.0,0.0,0.6082940335803521,0.0,13.0,3.266872380688028,0.0,5.666210905608357,0.25,,
pc1,histdistill_refined,HistDistill-Refined,budget_50,seed_1,0.1,2,28.43021340492501,905.4236568294714,5.38092521724787,1.4134527859196249,10.755922860144246,246.17863047753815,0.5342087389059885,0.10361715251436206,0.153023233286671,0.0,0.0,0.6208274692225115,0.0,22.0,3.266872380688028,0.0,5.666210905608357,0.25,6.301811736794018,0.2222222222222222
pc1,histdistill_refined,HistDistill-Refined,budget_50,seed_1,1.0,0,38.20571726480024,1271.760067822525,3.0784344753047397,0.8673937400349333,6.01391858060483,175.33735760804845,0.3172633440936874,0.07838894210141048,1.148058142023178,0.0,1.0,0.711060194703657,0.0,5.0,3.0784344753047397,0.6,,,,
pc1,histdistill_refined,HistDistill-Refined,budget_50,seed_1,1.0,1,27.485249513077925,922.4582476882152,5.073997462721495,1.4434765834936156,6.01391858060483,175.33735760804845,0.3172633440936874,0.07838894210141048,1.148058142023178,0.0,1.0,0.5618727528529344,0.0,13.0,3.0784344753047397,0.6,6.321224329856969,0.25,,
pc1,histdistill_refined,HistDistill-Refined,budget_50,seed_1,1.0,2,25.351795286828523,820.1692088492862,5.887781280925273,1.628436232593127,6.01391858060483,175.33735760804845,0.3172633440936874,0.07838894210141048,1.148058142023178,0.0,1.0,0.5777271887937965,0.0,22.0,3.0784344753047397,0.6,6.321224329856969,0.25,7.063246796108505,0.1111111111111111
pc1,histdistill_refined,HistDistill-Refined,budget_50,seed_1,10.0,0,28.859979579970428,2150.4136382011347,4.2970043059353,2.834913555370515,3.306628129064313,52.450789837243384,0.26085090302406244,0.03477058997293173,0.5374292810648988,0.0,1.0,0.48321334813407135,0.0,5.0,4.2970043059353,0.4,,,,
pc1,histdistill_refined,HistDistill-Refined,budget_50,seed_1,10.0,1,22.37797247159707,1479.0878923019939,8.802135526323633,4.347100881000887,3.306628129064313,52.450789837243384,0.26085090302406244,0.03477058997293173,0.5374292810648988,0.0,1.0,0.40036172422599275,0.0,13.0,4.2970043059353,0.4,11.617842539066341,0.125,,
pc1,histdistill_refined,HistDistill-Refined,budget_50,seed_1,10.0,2,19.12522610942223,1212.3558842058044,8.817051309893566,4.287644364545165,3.306628129064313,52.450789837243384,0.26085090302406244,0.03477058997293173,0.5374292810648988,0.0,1.0,0.4264475515090171,0.0,22.0,4.2970043059353,0.4,11.617842539066341,0.125,8.838596330605695,0.0
pc1,histdistill_refined,HistDistill-Refined,budget_50,seed_2,0.1,0,46.71393902855497,1762.8876468266826,4.791726270147939,1.2972051753487468,11.433556183892064,325.6624502718702,0.5678643952384977,0.1359202091369319,0.153023233286671,0.0,0.0,0.4230481954764176,0.0,6.0,4.791726270147939,0.0,,,,
pc1,histdistill_refined,HistDistill-Refined,budget_50,seed_2,0.1,1,38.92641898248695,1244.4853606688564,7.133598293447697,1.57212716038375,11.433556183892064,325.6624502718702,0.5678643952384977,0.1359202091369319,0.153023233286671,0.0,0.0,0.4100625688741137,0.0,14.0,4.791726270147939,0.0,8.890002310922517,0.125,,
pc1,histdistill_refined,HistDistill-Refined,budget_50,seed_2,0.1,2,37.54405896427483,1110.0853794420682,7.9069805804810365,1.6744579871663012,11.433556183892064,325.6624502718702,0.5678643952384977,0.1359202091369319,0.153023233286671,0.0,0.0,0.4748804373916528,0.0,22.0,4.791726270147939,0.0,8.890002310922517,0.125,9.260399582789383,0.0
pc1,histdistill_refined,HistDistill-Refined,budget_50,seed_2,1.0,0,40.078675537035615,1501.9765178807393,4.220919985965792,1.3478273621375294,7.689483293530469,255.27248764486887,0.40565750123818006,0.11412593714802344,1.148058142023178,0.0,1.0,0.45358160576262047,0.0,6.0,4.220919985965792,0.5,,,,
pc1,histdistill_refined,HistDistill-Refined,budget_50,seed_2,1.0,1,30.825625259334227,1189.973856997002,5.790932000203787,1.88340175212708,7.689483293530469,255.27248764486887,0.40565750123818006,0.11412593714802344,1.148058142023178,0.0,1.0,0.4095612504216647,0.0,14.0,4.220919985965792,0.5,6.968441010882282,0.125,,
pc1,histdistill_refined,HistDistill-Refined,budget_50,seed_2,1.0,2,28.45177164581486,1057.5149238280492,6.531935390246764,2.0140752651208476,7.689483293530469,255.27248764486887,0.40565750123818006,0.11412593714802344,1.148058142023178,0.0,1.0,0.47602955914472245,0.0,22.0,4.220919985965792,0.5,6.968441010882282,0.125,7.828691322821974,0.0
pc1,histdistill_refined,HistDistill-Refined,budget_50,seed_2,10.0,0,31.67385046207526,2292.47970520407,8.268101873923365,5.552071568907692,4.5750110711045995,152.36355350800963,0.3609101848354556,0.10186056346967892,0.5374292810648988,0.0,1.0,0.33830902015401737,0.0,6.0,8.268101873923365,0.3333333333333333,,,,
pc1,histdistill_refined,HistDistill-Refined,budget_50,seed_2,10.0,1,28.41479265754526,1801.831070606581,12.745354110267465,6.697672006337069,4.5750110711045995,152.36355350800963,0.3609101848354556,0.10186056346967892,0.5374292810648988,0.0,1.0,0.31803029468716754,0.0,14.0,8.268101873923365,0.3333333333333333,16.10329328752554,0.25,,
pc1,histdistill_refined,HistDistill-Refined,budget_50,seed_2,10.0,2,25.318826641248332,1560.7274485119583,13.679020949459034,6.691568356577684,4.5750110711045995,152.36355350800963,0.3609101848354556,0.10186056346967892,0.5374292810648988,0.0,1.0,0.3491268988774099,0.0,22.0,8.268101873923365,0.3333333333333333,16.10329328752554,0.25,15.312937918044279,0.25
pc1,histdistill_density,HistDistill-Density,budget_50,seed_0,0.1,0,42.93568094502041,1765.2574519828254,3.1442468895091737,0.9918748640339805,10.281690554076269,256.21174998696716,0.5106552934725155,0.10516639374710547,0.153023233286671,0.0,0.0,0.7690946972331041,0.0,5.0,3.1442468895091737,0.2,,,,
pc1,histdistill_density,HistDistill-Density,budget_50,seed_0,0.1,1,35.08327605520678,1234.869791770793,5.381385993890253,1.5243430203527677,10.281690554076269,256.21174998696716,0.5106552934725155,0.10516639374710547,0.153023233286671,0.0,0.0,0.7157977152121874,0.0,12.0,3.1442468895091737,0.2,6.979342497019594,0.2857142857142857,,
pc1,histdistill_density,HistDistill-Density,budget_50,seed_0,0.1,2,34.584229851166626,1019.3729651586921,7.8916721451833665,1.7648280911429959,10.281690554076269,256.21174998696716,0.5106552934725155,0.10516639374710547,0.153023233286671,0.0,0.0,0.6852745299485473,0.0,23.0,3.1442468895091737,0.2,6.979342497019594,0.2857142857142857,10.630166128412219,0.36363636363636365
pc1,histdistill_density,HistDistill-Density,budget_50,seed_0,1.0,0,37.76429137736484,1458.125459265502,2.9725296876368645,0.9578540598783594,6.0747927113097795,186.06348502557046,0.3204747494390365,0.08179791966715949,1.148058142023178,0.0,1.0,0.7726186654319289,0.0,5.0,2.9725296876368645,0.6,,,,
pc1,histdistill_density,HistDistill-Density,budget_50,seed_0,1.0,1,28.43170569227556,1102.4006517567534,5.164553161765224,1.5951144055298256,6.0747927113097795,186.06348502557046,0.3204747494390365,0.08179791966715949,1.148058142023178,0.0,1.0,0.599216633879644,0.0,12.0,2.9725296876368645,0.6,6.730284214714053,0.14285714285714285,,
pc1,histdistill_density,HistDistill-Density,budget_50,seed_0,1.0,2,27.494969484104118,891.4638131203391,7.916469424367568,1.9226225575283677,6.0747927113097795,186.06348502557046,0.3204747494390365,0.08179791966715949,1.148058142023178,0.0,1.0,0.6079092458984484,0.0,23.0,2.9725296876368645,0.6,6.730284214714053,0.14285714285714285,10.918559892661031,0.18181818181818182
pc1,histdistill_density,HistDistill-Density,budget_50,seed_0,10.0,0,29.466679185480036,2170.4457051368227,4.506380059014575,3.0115171454024625,3.9714102755525493,61.55553068550538,0.3132937591473487,0.04013180544034141,0.5374292810648988,0.0,1.0,0.5508028043212857,0.0,5.0,4.506380059014575,0.4,,,,
pc1,histdistill_density,HistDistill-Density,budget_50,seed_0,10.0,1,26.061324906574352,1602.7810133226556,12.069846472127937,5.654951767143355,3.9714102755525493,61.55553068550538,0.3132937591473487,0.04013180544034141,0.5374292810648988,0.0,1.0,0.3525175434501269,0.0,12.0,4.506380059014575,0.4,17.472322481494622,0.0,,
pc1,histdistill_density,HistDistill-Density,budget_50,seed_0,10.0,2,20.263295734272525,1154.862135637479,11.42035732532667,5.213359199785753,3.9714102755525493,61.55553068550538,0.3132937591473487,0.04013180544034141,0.5374292810648988,0.0,1.0,0.35253299104516933,0.0,23.0,4.506380059014575,0.4,17.472322481494622,0.0,10.711823710634375,0.18181818181818182
pc1,histdistill_density,HistDistill-Density,budget_50,seed_1,0.1,0,43.934036666186095,1491.7979207491348,3.271240837746428,0.8434980590607518,10.769896242463576,252.2239529715912,0.5349027475042392,0.10616164267441254,0.153023233286671,0.0,0.0,0.6872535553001168,0.0,5.0,3.271240837746428,0.0,,,,
pc1,histdistill_density,HistDistill-Density,budget_50,seed_1,0.1,1,31.157844682857288,1011.6450780041334,4.835015650510246,1.287988269165544,10.769896242463576,252.2239529715912,0.5349027475042392,0.10616164267441254,0.153023233286671,0.0,0.0,0.606854707616,0.0,13.0,3.271240837746428,0.0,5.812374908487632,0.25,,
pc1,histdistill_density,HistDistill-Density,budget_50,seed_1,0.1,2,28.892069389390944,910.4299303677556,5.487409000958613,1.4236473252925117,10.769896242463576,252.2239529715912,0.5349027475042392,0.10616164267441254,0.153023233286671,0.0,0.0,0.6130543528653692,0.0,22.0,3.271240837746428,0.0,5.812374908487632,0.25,6.429754951606252,0.2222222222222222
pc1,histdistill_density,HistDistill-Density,budget_50,seed_1,1.0,0,38.38158456336785,1269.8008629653923,3.082185519228258,0.8688986182051615,6.054848283831541,181.66497225216656,0.31942258425373,0.081217860163964,1.148058142023178,0.0,1.0,0.7086182840031802,0.0,5.0,3.082185519228258,0.6,,,,
pc1,histdistill_density,HistDistill-Density,budget_50,seed_1,1.0,1,27.590251021897874,926.5252086693314,5.099141987190629,1.4560380792950887,6.054848283831541,181.66497225216656,0.31942258425373,0.081217860163964,1.148058142023178,0.0,1.0,0.5632352415732903,0.0,13.0,3.082185519228258,0.6,6.359739779667111,0.25,,
pc1,histdistill_density,HistDistill-Density,budget_50,seed_1,1.0,2,25.45330411944801,822.4994621706835,5.923076758741439,1.6299567964845323,6.054848283831541,181.66497225216656,0.31942258425373,0.081217860163964,1.148058142023178,0.0,1.0,0.5811032316672069,0.0,22.0,3.082185519228258,0.6,6.359739779667111,0.25,7.113204762092609,0.1111111111111111
pc1,histdistill_density,HistDistill-Density,budget_50,seed_1,10.0,0,28.521692502523063,2150.0649741976817,4.269430149246005,2.8355617529370374,2.7734369187000447,54.32772225326473,0.21878889808147187,0.036014842874497036,0.5374292810648988,0.0,1.0,0.4824678145209722,0.0,5.0,4.269430149246005,0.4,,,,
pc1,histdistill_density,HistDistill-Density,budget_50,seed_1,10.0,1,22.191347708770504,1479.8093693031208,8.768245709471147,4.346617020319344,2.7734369187000447,54.32772225326473,0.21878889808147187,0.036014842874497036,0.5374292810648988,0.0,1.0,0.4109592493860573,0.0,13.0,4.269430149246005,0.4,11.580005434611865,0.125,,
pc1,histdistill_density,HistDistill-Density,budget_50,seed_1,10.0,2,19.0314882080187,1213.7449088800474,8.82034550437284,4.285807165336838,2.7734369187000447,54.32772225326473,0.21878889808147187,0.036014842874497036,0.5374292810648988,0.0,1.0,0.4311307147909492,0.0,22.0,4.269430149246005,0.4,11.580005434611865,0.125,8.895600763675287,0.0
pc1,histdistill_density,HistDistill-Density,budget_50,seed_2,0.1,0,38.12647540165201,1307.940506089337,3.8856189955429516,0.9290244204804147,11.438657001116225,286.02006280095003,0.5681177348330765,0.11937485184677893,0.153023233286671,0.0,0.0,0.5405484841756169,0.0,6.0,3.8856189955429516,0.0,,,,
pc1,histdistill_density,HistDistill-Density,budget_50,seed_2,0.1,1,30.451628290329776,958.0725518062972,5.307715852946339,1.2062414501754322,11.438657001116225,286.02006280095003,0.5681177348330765,0.11937485184677893,0.153023233286671,0.0,0.0,0.524739626917249,0.0,14.0,3.8856189955429516,0.0,6.374288495998881,0.125,,
pc1,histdistill_density,HistDistill-Density,budget_50,seed_2,0.1,2,29.693906980822863,896.698085539363,6.110896923563273,1.3723377423465537,11.438657001116225,286.02006280095003,0.5681177348330765,0.11937485184677893,0.153023233286671,0.0,0.0,0.5775310113487816,0.0,22.0,3.8856189955429516,0.0,6.374288495998881,0.125,7.516463797142908,0.0
pc1,histdistill_density,HistDistill-Density,budget_50,seed_2,1.0,0,33.412870476115565,1125.0592825376862,3.463828623363875,1.0747008068192463,7.718024789745112,208.10419741916462,0.40716320345431883,0.0930381756922438,1.148058142023178,0.0,1.0,0.5732164089102362,0.0,6.0,3.463828623363875,0.5,,,,
pc1,histdistill_density,HistDistill-Density,budget_50,seed_2,1.0,1,24.714316076321804,917.3110107831778,4.529365327970283,1.5226966330926037,7.718024789745112,208.10419741916462,0.40716320345431883,0.0930381756922438,1.148058142023178,0.0,1.0,0.4999610296462923,0.0,14.0,3.463828623363875,0.5,5.328517856425089,0.125,,
pc1,histdistill_density,HistDistill-Density,budget_50,seed_2,1.0,2,23.017584034625546,847.9109851197558,5.253075794868748,1.6875045073742294,7.718024789745112,208.10419741916462,0.40716320345431883,0.0930381756922438,1.148058142023178,0.0,1.0,0.5517581275549669,0.0,22.0,3.463828623363875,0.5,5.328517856425089,0.125,6.51956911194106,0.0
pc1,histdistill_density,HistDistill-Density,budget_50,seed_2,10.0,0,26.888171569709897,2067.961455954452,7.023565326557144,4.907687005863516,2.1475530225679185,56.63314045529644,0.16941461917201295,0.03786130911898631,0.5374292810648988,0.0,1.0,0.4172646792742786,0.0,6.0,7.023565326557144,0.3333333333333333,,,,
pc1,histdistill_density,HistDistill-Density,budget_50,seed_2,10.0,1,24.256103080094903,1572.252579718545,10.81401865068504,5.702267207477961,2.1475530225679185,56.63314045529644,0.16941461917201295,0.03786130911898631,0.5374292810648988,0.0,1.0,0.3592172362185005,0.0,14.0,7.023565326557144,0.3333333333333333,13.65685864378096,0.25,,
pc1,histdistill_density,HistDistill-Density,budget_50,seed_2,10.0,2,21.920864683203618,1352.8703010198633,11.679407680472758,5.64285430890105,2.1475530225679185,56.63314045529644,0.16941461917201295,0.03786130911898631,0.5374292810648988,0.0,1.0,0.37548858377675914,0.0,22.0,7.023565326557144,0.3333333333333333,13.65685864378096,0.25,13.193838482601267,0.25
pc1,gain_path_refined,Legacy gain-path refined,budget_50,seed_0,0.1,0,43.114517942548474,1683.8253085292533,3.0787247279452226,0.9240106516502953,11.587788056658699,295.17409402986624,0.5755245481906052,0.12115913886958385,0.153023233286671,0.0,0.0,0.6506854689358081,0.0,5.0,3.0787247279452226,0.0,,,,
pc1,gain_path_refined,Legacy gain-path refined,budget_50,seed_0,0.1,1,38.21988338281998,1268.9384605788132,6.534584511609562,1.6554457596847785,11.587788056658699,295.17409402986624,0.5755245481906052,0.12115913886958385,0.153023233286671,0.0,0.0,0.5988312001961175,0.0,12.0,3.0787247279452226,0.0,9.003055785655523,0.14285714285714285,,
pc1,gain_path_refined,Legacy gain-path refined,budget_50,seed_0,0.1,2,37.63345972135914,1100.953387770262,8.910015416343997,1.9595955446018924,11.587788056658699,295.17409402986624,0.5755245481906052,0.12115913886958385,0.153023233286671,0.0,0.0,0.5886148386841639,0.0,23.0,3.0787247279452226,0.0,9.003055785655523,0.14285714285714285,11.501394585145198,0.36363636363636365
pc1,gain_path_refined,Legacy gain-path refined,budget_50,seed_0,1.0,0,37.40790583973537,1492.1486806707023,2.9063032185915283,1.0654836529396863,7.182242545904714,212.8034345877857,0.3788980940903459,0.0935534355110844,1.148058142023178,0.0,0.0,0.6714089602107329,0.0,5.0,2.9063032185915283,0.0,,,,
pc1,gain_path_refined,Legacy gain-path refined,budget_50,seed_0,1.0,1,32.62318931815591,1256.4896812654217,6.662672557668585,1.9321032169077912,7.182242545904714,212.8034345877857,0.3788980940903459,0.0935534355110844,1.148058142023178,0.0,0.0,0.4779742225953017,0.0,12.0,2.9063032185915283,0.0,9.345793514152195,0.14285714285714285,,
pc1,gain_path_refined,Legacy gain-path refined,budget_50,seed_0,1.0,2,32.24603841815194,1063.4739870093758,9.655594411958948,2.4148118923809334,7.182242545904714,212.8034345877857,0.3788980940903459,0.0935534355110844,1.148058142023178,0.0,0.0,0.5050873086794639,0.0,23.0,2.9063032185915283,0.0,9.345793514152195,0.14285714285714285,12.920600071184804,0.09090909090909091
pc1,gain_path_refined,Legacy gain-path refined,budget_50,seed_0,10.0,0,46.06896343217073,3739.0397280032166,6.932555830334924,4.996121967828468,3.7838923295335753,58.6957274619794,0.2985009782106825,0.038267325266324634,0.5374292810648988,0.0,0.0,0.42245332340497344,0.0,5.0,6.932555830334924,0.0,,,,
pc1,gain_path_refined,Legacy gain-path refined,budget_50,seed_0,10.0,1,39.9693549874754,2755.106249611892,18.17970971638718,9.463004000811049,3.7838923295335753,58.6957274619794,0.2985009782106825,0.038267325266324634,0.5374292810648988,0.0,0.0,0.26611962528937677,0.0,12.0,6.932555830334924,0.0,26.213391063567364,0.0,,
pc1,gain_path_refined,Legacy gain-path refined,budget_50,seed_0,10.0,2,30.773535697434053,1952.055311108984,17.169280827239824,8.555362063482141,3.7838923295335753,58.6957274619794,0.2985009782106825,0.038267325266324634,0.5374292810648988,0.0,0.0,0.2801160601273893,0.0,23.0,6.932555830334924,0.0,26.213391063567364,0.0,16.06699476635182,0.18181818181818182
pc1,gain_path_refined,Legacy gain-path refined,budget_50,seed_1,0.1,0,44.25467562188355,1377.6531152420446,3.287469792969772,0.7912487656733949,11.587788056658692,297.0089410093894,0.5755245481906048,0.12501174727879988,0.153023233286671,0.0,0.0,0.5227856675416068,0.0,5.0,3.287469792969772,0.0,,,,
pc1,gain_path_refined,Legacy gain-path refined,budget_50,seed_1,0.1,1,34.33339641435245,1060.002070891533,5.698476549821961,1.4860940812483934,11.587788056658692,297.0089410093894,0.5755245481906048,0.12501174727879988,0.153023233286671,0.0,0.0,0.5043554673678522,0.0,13.0,3.287469792969772,0.0,7.205355772854579,0.125,,
pc1,gain_path_refined,Legacy gain-path refined,budget_50,seed_1,0.1,2,33.29969844096757,1007.0275044380788,6.65690137115541,1.700508484348603,11.587788056658692,297.0089410093894,0.5755245481906048,0.12501174727879988,0.153023233286671,0.0,0.0,0.5472981699157663,0.0,22.0,3.287469792969772,0.0,7.205355772854579,0.125,8.041292779748165,0.1111111111111111
pc1,gain_path_refined,Legacy gain-path refined,budget_50,seed_1,1.0,0,37.27952196628169,1265.192765609787,2.9349083444126913,0.9250409667742371,6.975694526912745,214.24888605591266,0.3680016853107765,0.09578531211740872,1.148058142023178,0.0,1.0,0.5779343383738124,0.0,5.0,2.9349083444126913,0.6,,,,
pc1,gain_path_refined,Legacy gain-path refined,budget_50,seed_1,1.0,1,31.472426001883797,1032.70356742351,6.343217019933909,1.7519039867868875,6.975694526912745,214.24888605591266,0.3680016853107765,0.09578531211740872,1.148058142023178,0.0,1.0,0.4736261328640013,0.0,13.0,2.9349083444126913,0.6,8.47340994213467,0.125,,
pc1,gain_path_refined,Legacy gain-path refined,budget_50,seed_1,1.0,2,30.341171857455024,956.1434197284993,7.4521255967602995,2.00962927396613,6.975694526912745,214.24888605591266,0.3680016853107765,0.09578531211740872,1.148058142023178,0.0,1.0,0.5058503092787148,0.0,22.0,2.9349083444126913,0.6,8.47340994213467,0.125,9.053882429953974,0.1111111111111111
pc1,gain_path_refined,Legacy gain-path refined,budget_50,seed_1,10.0,0,44.7528229399221,3715.2091957935745,6.573486697915354,4.685675856385201,2.847262957775023,54.44344150434672,0.2246128335854764,0.036091555287100015,0.5374292810648988,0.0,1.0,0.36917447933417036,0.0,5.0,6.573486697915354,0.4,,,,
pc1,gain_path_refined,Legacy gain-path refined,budget_50,seed_1,10.0,1,34.495458602379514,2587.556918048354,13.261599014092269,7.367837837145666,2.847262957775023,54.44344150434672,0.2246128335854764,0.036091555287100015,0.5374292810648988,0.0,1.0,0.3358819649433315,0.0,13.0,6.573486697915354,0.4,17.44166921170285,0.125,,
pc1,gain_path_refined,Legacy gain-path refined,budget_50,seed_1,10.0,2,29.212529703136525,2139.601954771306,13.26263451169736,7.347959161052961,2.847262957775023,54.44344150434672,0.2246128335854764,0.036091555287100015,0.5374292810648988,0.0,1.0,0.3773936781743798,0.0,22.0,6.573486697915354,0.4,17.44166921170285,0.125,13.264130230460262,0.0
pc1,gain_path_refined,Legacy gain-path refined,budget_50,seed_2,0.1,0,39.687274523137575,1219.851427750815,4.48016721075247,1.0522255772354212,12.587234076170777,324.8050896680848,0.6251635056869029,0.13556237656374145,0.153023233286671,0.0,0.0,0.4123114336017684,0.0,6.0,4.48016721075247,0.0,,,,
pc1,gain_path_refined,Legacy gain-path refined,budget_50,seed_2,0.1,1,36.260318446142215,1042.644414108167,7.075759759650806,1.5504210137071783,12.587234076170777,324.8050896680848,0.6251635056869029,0.13556237656374145,0.153023233286671,0.0,0.0,0.4301501921645851,0.0,14.0,4.48016721075247,0.0,9.022454171324558,0.125,,
pc1,gain_path_refined,Legacy gain-path refined,budget_50,seed_2,0.1,2,35.454791400948714,1024.313193618981,7.689776958470213,1.7434735148662468,12.587234076170777,324.8050896680848,0.6251635056869029,0.13556237656374145,0.153023233286671,0.0,0.0,0.4919711654014065,0.0,22.0,4.48016721075247,0.0,9.022454171324558,0.125,8.764307056404178,0.0
pc1,gain_path_refined,Legacy gain-path refined,budget_50,seed_2,1.0,0,33.26777601835876,1108.4569049890931,3.7657037555964776,1.2414540839444,8.623439926812257,238.89497499185634,0.4549282389014859,0.10680396133730104,1.148058142023178,0.0,1.0,0.45652575052932187,0.0,6.0,3.7657037555964776,0.5,,,,
pc1,gain_path_refined,Legacy gain-path refined,budget_50,seed_2,1.0,1,28.677122781458912,1079.5243193673657,5.960612955565012,1.9865728172202104,8.623439926812257,238.89497499185634,0.4549282389014859,0.10680396133730104,1.148058142023178,0.0,1.0,0.4152830544291037,0.0,14.0,3.7657037555964776,0.5,7.606794855541414,0.125,,
pc1,gain_path_refined,Legacy gain-path refined,budget_50,seed_2,1.0,2,27.39551830557925,1040.2618489736,6.672067057730681,2.2227784087435407,8.623439926812257,238.89497499185634,0.4549282389014859,0.10680396133730104,1.148058142023178,0.0,1.0,0.48020204005834677,0.0,22.0,3.7657037555964776,0.5,7.606794855541414,0.125,7.917111736520605,0.0
pc1,gain_path_refined,Legacy gain-path refined,budget_50,seed_2,10.0,0,41.42512131256479,3498.327356600066,10.190888385413244,7.423201053180983,2.1656226013227924,61.5239365845705,0.1708400791123199,0.04113098377590478,0.5374292810648988,0.0,1.0,0.3327016489098828,0.0,6.0,10.190888385413244,0.3333333333333333,,,,
pc1,gain_path_refined,Legacy gain-path refined,budget_50,seed_2,10.0,1,36.5415862850194,2620.934762598027,15.844942366432152,8.917823666499485,2.1656226013227924,61.5239365845705,0.1708400791123199,0.04113098377590478,0.5374292810648988,0.0,1.0,0.2872209890567564,0.0,14.0,10.190888385413244,0.3333333333333333,20.085482852196336,0.25,,
pc1,gain_path_refined,Legacy gain-path refined,budget_50,seed_2,10.0,2,32.85899459179586,2270.232145747498,17.193809123931818,9.04200771676673,2.1656226013227924,61.5239365845705,0.1708400791123199,0.04113098377590478,0.5374292810648988,0.0,1.0,0.3065741470056689,0.0,22.0,10.190888385413244,0.3333333333333333,20.085482852196336,0.25,19.554325949556233,0.25
pc1,random,Random,budget_50,seed_0,0.1,0,62.728293415731784,2176.5171416931676,4.551845012275806,1.200223660346353,12.587234076170777,353.12845251137793,0.6251635056869029,0.14494747365023927,0.153023233286671,0.0,0.0,0.5403698121763703,0.0,5.0,4.551845012275806,0.2,,,,
pc1,random,Random,budget_50,seed_0,0.1,1,52.62681363183327,1517.81320587715,9.25865081683004,1.8550766486429469,12.587234076170777,353.12845251137793,0.6251635056869029,0.14494747365023927,0.153023233286671,0.0,0.0,0.48496996993318237,0.0,12.0,4.551845012275806,0.2,12.620654962940206,0.2857142857142857,,
pc1,random,Random,budget_50,seed_0,0.1,2,49.954992002754175,1332.6004606803956,10.86360757597458,2.130166210637293,12.587234076170777,353.12845251137793,0.6251635056869029,0.14494747365023927,0.153023233286671,0.0,0.0,0.4499310616758915,0.0,23.0,4.551845012275806,0.2,12.620654962940206,0.2857142857142857,12.61446949504135,0.2727272727272727
pc1,random,Random,budget_50,seed_0,1.0,0,55.66397667430944,1884.182777203662,4.312620483165918,1.279436320655004,9.649983612450594,276.85513270516753,0.509083392184443,0.12171208069840164,1.148058142023178,0.0,1.0,0.5601115935243715,0.0,5.0,4.312620483165918,0.6,,,,
pc1,random,Random,budget_50,seed_0,1.0,1,43.28417285949755,1485.646488604476,7.828833134894573,2.1548506500873623,9.649983612450594,276.85513270516753,0.509083392184443,0.12171208069840164,1.148058142023178,0.0,1.0,0.41841805052346936,0.0,12.0,4.312620483165918,0.6,10.340413600415044,0.14285714285714285,,
pc1,random,Random,budget_50,seed_0,1.0,2,41.13825938840716,1282.7375810432618,10.719388573453108,2.6756422940614155,9.649983612450594,276.85513270516753,0.509083392184443,0.12171208069840164,1.148058142023178,0.0,1.0,0.46120166378594,0.0,23.0,4.312620483165918,0.6,10.340413600415044,0.14285714285714285,13.872721779153325,0.09090909090909091
pc1,random,Random,budget_50,seed_0,10.0,0,48.08749505882922,3724.1297269785837,7.263380438134746,5.041515315669557,6.7174589059086545,149.56586667102428,0.5299220696247885,0.0975111122414704,0.5374292810648988,0.0,1.0,0.38281057592017176,0.0,5.0,7.263380438134746,0.4,,,,
pc1,random,Random,budget_50,seed_0,10.0,1,41.971321931395806,2819.016589909062,19.06305950766344,9.942331124795446,6.7174589059086545,149.56586667102428,0.5299220696247885,0.0975111122414704,0.5374292810648988,0.0,1.0,0.25576457550976844,0.0,12.0,7.263380438134746,0.4,27.491401700183935,0.14285714285714285,,
pc1,random,Random,budget_50,seed_0,10.0,2,33.54681231353462,2000.752961026561,18.29534116373727,8.789630396942329,6.7174589059086545,149.56586667102428,0.5299220696247885,0.0975111122414704,0.5374292810648988,0.0,1.0,0.267910083093315,0.0,23.0,7.263380438134746,0.4,27.491401700183935,0.14285714285714285,17.45783024309054,0.0
pc1,random,Random,budget_50,seed_1,0.1,0,43.24182170501696,1232.4575412967474,3.1457641670326066,0.7228606458971012,13.39195309110813,380.2058637573385,0.6651310599110308,0.16002952366490422,0.153023233286671,0.0,0.0,0.4249824669830236,0.0,5.0,3.1457641670326066,0.0,,,,
pc1,random,Random,budget_50,seed_1,0.1,1,40.02193112828521,1152.7465456632597,7.487640725717558,1.812358207094161,13.39195309110813,380.2058637573385,0.6651310599110308,0.16002952366490422,0.153023233286671,0.0,0.0,0.43188937485003903,0.0,13.0,3.1457641670326066,0.0,10.201313574895654,0.0,,
pc1,random,Random,budget_50,seed_1,0.1,2,38.488348367585644,1076.899405248716,8.268877323378746,1.9653691309237618,13.39195309110813,380.2058637573385,0.6651310599110308,0.16002952366490422,0.153023233286671,0.0,0.0,0.47483149549183873,0.0,22.0,3.1457641670326066,0.0,10.201313574895654,0.0,9.397330186667133,0.1111111111111111
pc1,random,Random,budget_50,seed_1,1.0,0,36.04296515404208,1139.0279605959936,2.7302937658280717,0.8403291504186091,8.623439926812257,298.3626869401734,0.4549282389014859,0.13339048626509542,1.148058142023178,0.0,0.0,0.4957622773953564,0.0,5.0,2.7302937658280717,0.0,,,,
pc1,random,Random,budget_50,seed_1,1.0,1,33.4055334668926,1087.2912489711262,7.150342025231124,1.9854059048866626,8.623439926812257,298.3626869401734,0.4549282389014859,0.13339048626509542,1.148058142023178,0.0,0.0,0.42884132158294413,0.0,13.0,2.7302937658280717,0.0,9.91287218735803,0.25,,
pc1,random,Random,budget_50,seed_1,1.0,2,31.95127746579425,1019.3489326796814,8.135386302050255,2.229661137033331,8.623439926812257,298.3626869401734,0.4549282389014859,0.13339048626509542,1.148058142023178,0.0,0.0,0.46563405478733505,0.0,22.0,2.7302937658280717,0.0,9.91287218735803,0.25,9.558228035233448,0.1111111111111111
pc1,random,Random,budget_50,seed_1,10.0,0,45.02217241216781,3919.071857093688,6.575564649478241,4.889750474003129,3.7881243051956126,128.0241270900323,0.29883482726474314,0.08486954044930674,0.5374292810648988,0.0,0.0,0.36940473364348103,0.0,5.0,6.575564649478241,0.0,,,,
pc1,random,Random,budget_50,seed_1,10.0,1,35.10302652512688,2675.869931322825,13.472697663676634,7.41599378411024,3.7881243051956126,128.0241270900323,0.29883482726474314,0.08486954044930674,0.5374292810648988,0.0,0.0,0.35920107331185874,0.0,13.0,6.575564649478241,0.0,17.78340579755063,0.25,,
pc1,random,Random,budget_50,seed_1,10.0,2,30.46143151637706,2215.7835214756265,14.069669945862143,7.492506147586025,3.7881243051956126,128.0241270900323,0.29883482726474314,0.08486954044930674,0.5374292810648988,0.0,0.0,0.37142489473636536,0.0,22.0,6.575564649478241,0.0,17.78340579755063,0.25,14.931963242352326,0.1111111111111111
pc1,random,Random,budget_50,seed_2,0.1,0,33.57299564340254,1158.2210243120305,4.343065775616946,1.0485209448045028,10.699005549301411,405.94925723472306,0.5313818568947816,0.16942913712116023,0.153023233286671,0.0,0.0,0.3409582994879559,0.0,6.0,4.343065775616946,0.0,,,,
pc1,random,Random,budget_50,seed_2,0.1,1,41.705425768912036,1310.3849724376835,9.096638221795137,2.2051618342166646,10.699005549301411,405.94925723472306,0.5313818568947816,0.16942913712116023,0.153023233286671,0.0,0.0,0.4003899299307215,0.0,14.0,4.343065775616946,0.0,12.66181755642878,0.0,,
pc1,random,Random,budget_50,seed_2,0.1,2,43.81339189153155,1382.3679995248074,10.144980853156286,2.573161974076133,10.699005549301411,405.94925723472306,0.5313818568947816,0.16942913712116023,0.153023233286671,0.0,0.0,0.45190858063124595,0.0,22.0,4.343065775616946,0.0,12.66181755642878,0.0,11.979580458038292,0.125
pc1,random,Random,budget_50,seed_2,1.0,0,26.691962745932173,1083.8512780176131,3.1677184945718824,1.2181853610399247,7.212610067919659,321.7368123050846,0.3805001280150106,0.14384047242262055,1.148058142023178,0.0,0.0,0.3917998180849687,0.0,6.0,3.1677184945718824,0.0,,,,
pc1,random,Random,budget_50,seed_2,1.0,1,31.53953998170459,1217.7114566848784,7.388820141888493,2.4229008586357748,7.212610067919659,321.7368123050846,0.3805001280150106,0.14384047242262055,1.148058142023178,0.0,0.0,0.3851713930954338,0.0,14.0,3.1677184945718824,0.0,10.554646377375953,0.0,,
pc1,random,Random,budget_50,seed_2,1.0,2,32.94798334207598,1251.6136394304476,8.724666931347283,2.8188504574814397,7.212610067919659,321.7368123050846,0.3805001280150106,0.14384047242262055,1.148058142023178,0.0,0.0,0.4381898991962489,0.0,22.0,3.1677184945718824,0.0,10.554646377375953,0.0,11.062398812900161,0.25
pc1,random,Random,budget_50,seed_2,10.0,0,41.975182999059165,3649.0168133764582,10.199994638827333,7.6376219683264,4.02833214488342,146.70542310407293,0.3177841706593856,0.09807789801025449,0.5374292810648988,0.0,0.0,0.35752137908372217,0.0,6.0,10.199994638827333,0.0,,,,
pc1,random,Random,budget_50,seed_2,10.0,1,37.467522156488606,2644.2454862061354,16.00266869838118,8.695411790184602,4.02833214488342,146.70542310407293,0.3177841706593856,0.09807789801025449,0.5374292810648988,0.0,0.0,0.27965235881377576,0.0,14.0,10.199994638827333,0.0,20.35467424304656,0.0,,
pc1,random,Random,budget_50,seed_2,10.0,2,33.77006118846401,2270.4403714202945,17.331378645311208,8.73547321085045,4.02833214488342,146.70542310407293,0.3177841706593856,0.09807789801025449,0.5374292810648988,0.0,0.0,0.2832916460944056,0.0,22.0,10.199994638827333,0.0,20.35467424304656,0.0,19.656621052438766,0.25
pc3,histdistill_refined,HistDistill-Refined,budget_50,seed_0,0.1,0,41.014660303576555,1603.7785218245726,1.9219808116807815,0.5484169766314324,18.18694350938928,751.9977300374824,0.4718453301920968,0.16123937376167669,1.1844983521851162,0.0,0.0,0.7610376331535449,0.0,5.0,1.9219808116807815,0.2,,,,
pc3,histdistill_refined,HistDistill-Refined,budget_50,seed_0,0.1,1,35.99164876571751,1168.941221366685,4.914584931959924,1.0975530783292404,18.18694350938928,751.9977300374824,0.4718453301920968,0.16123937376167669,1.1844983521851162,0.0,0.0,0.6589683983462089,0.0,13.0,1.9219808116807815,0.2,6.784962507134387,0.125,,
pc3,histdistill_refined,HistDistill-Refined,budget_50,seed_0,0.1,2,31.957561448510795,936.8046150572255,5.151362840042697,1.0640314647789924,18.18694350938928,751.9977300374824,0.4718453301920968,0.16123937376167669,1.1844983521851162,0.0,0.0,0.6180381852012905,0.0,23.0,1.9219808116807815,0.2,6.784962507134387,0.125,5.459174120550304,0.0
pc3,histdistill_refined,HistDistill-Refined,budget_50,seed_0,1.0,0,39.721304577545524,1522.4620854829195,1.9324255429791442,0.5493678220445622,16.475316500128223,715.2441429648869,0.4432838646235063,0.15904392932667613,0.8143845932429983,0.0,0.0,0.7503366011008575,0.0,5.0,1.9324255429791442,0.2,,,,
pc3,histdistill_refined,HistDistill-Refined,budget_50,seed_0,1.0,1,34.32466374576673,1110.2722293416005,5.584491741465685,1.216863245595129,16.475316500128223,715.2441429648869,0.4432838646235063,0.15904392932667613,0.8143845932429983,0.0,0.0,0.6378187700309508,0.0,13.0,1.9324255429791442,0.2,7.8670331155197735,0.125,,
pc3,histdistill_refined,HistDistill-Refined,budget_50,seed_0,1.0,2,29.786855023278033,874.9695470568104,6.126536786766252,1.2196204321379545,16.475316500128223,715.2441429648869,0.4432838646235063,0.15904392932667613,0.8143845932429983,0.0,0.0,0.5537750463201041,0.0,23.0,1.9324255429791442,0.2,7.8670331155197735,0.125,6.8311953456569885,0.0
pc3,histdistill_refined,HistDistill-Refined,budget_50,seed_0,10.0,0,33.82916215934135,1478.9016307972868,2.228728820535955,0.9141499920129604,11.570094938494275,484.522973293403,0.40215806210319605,0.14152307917577084,1.043907886819369,0.0,1.0,0.6207792738205679,0.0,5.0,2.228728820535955,0.4,,,,
pc3,histdistill_refined,HistDistill-Refined,budget_50,seed_0,10.0,1,30.840910029934655,1165.4097978831182,8.179588546090757,2.309288530237366,11.570094938494275,484.522973293403,0.40215806210319605,0.14152307917577084,1.043907886819369,0.0,1.0,0.5325831890836835,0.0,13.0,2.228728820535955,0.4,11.89887587456251,0.0,,
pc3,histdistill_refined,HistDistill-Refined,budget_50,seed_0,10.0,2,25.180075220109664,903.8291974613684,8.772790682683233,2.4744495910866013,11.570094938494275,484.522973293403,0.40215806210319605,0.14152307917577084,1.043907886819369,0.0,1.0,0.45489232706417143,0.0,23.0,2.228728820535955,0.4,11.89887587456251,0.0,9.543953460253455,0.1
pc3,histdistill_refined,HistDistill-Refined,budget_50,seed_1,0.1,0,45.06968546288429,1603.9169328754438,2.086013965993051,0.5059457880811837,21.149894776939682,844.7740001476708,0.5487166702530941,0.17257455469850136,1.1844983521851162,0.0,0.0,0.6789770504212399,0.0,5.0,2.086013965993051,0.0,,,,
pc3,histdistill_refined,HistDistill-Refined,budget_50,seed_1,0.1,1,43.220675894312464,1297.7360782292187,5.743833478858083,1.1938388471630477,21.149894776939682,844.7740001476708,0.5487166702530941,0.17257455469850136,1.1844983521851162,0.0,0.0,0.5032361662466328,0.0,13.0,2.086013965993051,0.0,8.029970674398728,0.125,,
pc3,histdistill_refined,HistDistill-Refined,budget_50,seed_1,0.1,2,41.1563953211059,1065.673145565788,6.585770213220986,1.2234253154455852,21.149894776939682,844.7740001476708,0.5487166702530941,0.17257455469850136,1.1844983521851162,0.0,0.0,0.42756924204509805,0.0,24.0,2.086013965993051,0.0,8.029970674398728,0.125,7.580786353831689,0.18181818181818182
pc3,histdistill_refined,HistDistill-Refined,budget_50,seed_1,1.0,0,44.15576137223258,1517.7081682423145,2.120341552002629,0.5215226388184577,20.507270601563505,803.7486295116179,0.5517673766734823,0.1702804077601968,0.8143845932429983,0.0,0.0,0.6711044304368696,0.0,5.0,2.120341552002629,0.0,,,,
pc3,histdistill_refined,HistDistill-Refined,budget_50,seed_1,1.0,1,39.238547698062064,1192.3929658111242,5.933615829094898,1.221704197066845,20.507270601563505,803.7486295116179,0.5517673766734823,0.1702804077601968,0.8143845932429983,0.0,0.0,0.5135165407307605,0.0,13.0,2.120341552002629,0.0,8.316912252277564,0.375,,
pc3,histdistill_refined,HistDistill-Refined,budget_50,seed_1,1.0,2,35.576554151565,980.2333606573796,7.265318504974334,1.425718125638837,20.507270601563505,803.7486295116179,0.5517673766734823,0.1702804077601968,0.8143845932429983,0.0,0.0,0.41899226533107353,0.0,24.0,2.120341552002629,0.0,8.316912252277564,0.375,8.839148940104577,0.18181818181818182
pc3,histdistill_refined,HistDistill-Refined,budget_50,seed_1,10.0,0,37.59887110099909,1654.4875194068704,2.4336630721333536,1.0162305424273483,15.821643490009931,578.6367339799833,0.5499351145391804,0.15962294257831783,1.043907886819369,0.0,1.0,0.5473630160031774,0.0,5.0,2.4336630721333536,0.4,,,,
pc3,histdistill_refined,HistDistill-Refined,budget_50,seed_1,10.0,1,32.31286313688557,1304.9143828545073,7.416057617672867,2.048088399234582,15.821643490009931,578.6367339799833,0.5499351145391804,0.15962294257831783,1.043907886819369,0.0,1.0,0.4159338564872017,0.0,13.0,2.4336630721333536,0.4,10.530054208635063,0.125,,
pc3,histdistill_refined,HistDistill-Refined,budget_50,seed_1,10.0,2,26.47762086077422,1040.43536934695,8.395007952215765,2.3429951296386333,15.821643490009931,578.6367339799833,0.5499351145391804,0.15962294257831783,1.043907886819369,0.0,1.0,0.37359446563492077,0.0,24.0,2.4336630721333536,0.4,10.530054208635063,0.125,9.551949256675554,0.0
pc3,histdistill_refined,HistDistill-Refined,budget_50,seed_2,0.1,0,45.804372841313,1556.2266862638785,2.116700633393258,0.5111055153485576,20.74308204120577,718.558239979911,0.538162247542119,0.15280659087528975,1.1844983521851162,0.0,0.0,0.7813435055233799,0.0,5.0,2.116700633393258,0.2,,,,
pc3,histdistill_refined,HistDistill-Refined,budget_50,seed_2,0.1,1,36.87723308554819,1117.8597852885623,4.676586575552161,1.0261270536365092,20.74308204120577,718.558239979911,0.538162247542119,0.15280659087528975,1.1844983521851162,0.0,0.0,0.5918653215205061,0.0,13.0,2.116700633393258,0.2,6.276515289401475,0.125,,
pc3,histdistill_refined,HistDistill-Refined,budget_50,seed_2,0.1,2,42.11884353628777,1188.3942147991177,9.461028354862904,2.026939834385278,20.74308204120577,718.558239979911,0.538162247542119,0.15280659087528975,1.1844983521851162,0.0,0.0,0.6421799276894398,0.0,25.0,2.116700633393258,0.2,6.276515289401475,0.125,14.644173615782877,0.25
pc3,histdistill_refined,HistDistill-Refined,budget_50,seed_2,1.0,0,44.807300486375475,1480.7085161086538,2.1428527560953126,0.5145061623220192,19.97421902971686,679.7627048943933,0.5374251234724603,0.14991519698234707,0.8143845932429983,0.0,0.0,0.7732010992884273,0.0,5.0,2.1428527560953126,0.2,,,,
pc3,histdistill_refined,HistDistill-Refined,budget_50,seed_2,1.0,1,33.9411433941574,1037.0694252896528,4.999703599460923,1.06426813601179,19.97421902971686,679.7627048943933,0.5374251234724603,0.14991519698234707,0.8143845932429983,0.0,0.0,0.5442628094097919,0.0,13.0,2.1428527560953126,0.2,6.7852353765644295,0.25,,
pc3,histdistill_refined,HistDistill-Refined,budget_50,seed_2,1.0,2,36.17346700950317,974.4931153754,10.22476508097493,2.0002164885208074,19.97421902971686,679.7627048943933,0.5374251234724603,0.14991519698234707,0.8143845932429983,0.0,0.0,0.5551207459857724,0.0,25.0,2.1428527560953126,0.2,6.7852353765644295,0.25,15.885248352615102,0.3333333333333333
pc3,histdistill_refined,HistDistill-Refined,budget_50,seed_2,10.0,0,37.9960524916267,1531.448691175686,2.4159315085374606,0.9274028832825472,14.642047088514293,505.32561811572117,0.5089342234132926,0.14279929435045038,1.043907886819369,0.0,1.0,0.6503365473227473,0.0,5.0,2.4159315085374606,0.4,,,,
pc3,histdistill_refined,HistDistill-Refined,budget_50,seed_2,10.0,1,31.09958967248732,1330.0730005739301,6.527160360888659,1.797824590969531,14.642047088514293,505.32561811572117,0.5089342234132926,0.14279929435045038,1.043907886819369,0.0,1.0,0.3714378947132401,0.0,13.0,2.4159315085374606,0.4,9.096678393608157,0.125,,
pc3,histdistill_refined,HistDistill-Refined,budget_50,seed_2,10.0,2,25.562415558726034,984.170749001834,8.501757090185452,2.0878412348526285,14.642047088514293,505.32561811572117,0.5089342234132926,0.14279929435045038,1.043907886819369,0.0,1.0,0.3236894572749746,0.0,25.0,2.4159315085374606,0.4,9.096678393608157,0.125,10.640903546923644,0.25
pc3,histdistill_density,HistDistill-Density,budget_50,seed_0,0.1,0,47.3643460235642,1845.6589131279397,2.164341975704993,0.6473158631903193,16.237967854158967,547.9283911051493,0.42128075560573264,0.11748390602672931,1.1844983521851162,0.0,0.0,0.8020102165045667,0.0,5.0,2.164341975704993,0.2,,,,
pc3,histdistill_density,HistDistill-Density,budget_50,seed_0,0.1,1,38.582816499891464,1258.5229401935298,4.943648676729315,1.1120742445542329,16.237967854158967,547.9283911051493,0.42128075560573264,0.11748390602672931,1.1844983521851162,0.0,0.0,0.6571689875841644,0.0,13.0,2.164341975704993,0.2,6.680715364869516,0.125,,
pc3,histdistill_density,HistDistill-Density,budget_50,seed_0,0.1,2,35.064298088840665,1003.3988499046827,5.439923388271186,1.0976499779024338,16.237967854158967,547.9283911051493,0.42128075560573264,0.11748390602672931,1.1844983521851162,0.0,0.0,0.6015287729675394,0.0,23.0,2.164341975704993,0.2,6.680715364869516,0.125,6.085080513275621,0.0
pc3,histdistill_density,HistDistill-Density,budget_50,seed_0,1.0,0,44.8263290839283,1728.1112261921153,2.138345062768118,0.6311139393998524,14.364844139016983,516.838536893249,0.386499623519112,0.11492583692361392,0.8143845932429983,0.0,0.0,0.7967959969118364,0.0,5.0,2.138345062768118,0.2,,,,
pc3,histdistill_density,HistDistill-Density,budget_50,seed_0,1.0,1,36.39139023130169,1188.1580568921158,5.5697541642361434,1.2341238465471254,14.364844139016983,516.838536893249,0.386499623519112,0.11492583692361392,0.8143845932429983,0.0,0.0,0.6529315252267476,0.0,13.0,2.138345062768118,0.2,7.714384852653659,0.25,,
pc3,histdistill_density,HistDistill-Density,budget_50,seed_0,1.0,2,31.922887675970056,934.2887430670618,6.330151931800132,1.2530100087065197,14.364844139016983,516.838536893249,0.386499623519112,0.11492583692361392,0.8143845932429983,0.0,0.0,0.5670278373987955,0.0,23.0,2.138345062768118,0.2,7.714384852653659,0.25,7.31866902963332,0.0
pc3,histdistill_density,HistDistill-Density,budget_50,seed_0,10.0,0,34.58056874067698,1513.1483758693896,2.2881488341817056,0.9085901943518782,10.216893019279333,342.5569556756849,0.35512291983697114,0.10005658726721317,1.043907886819369,0.0,1.0,0.6739733427483955,0.0,5.0,2.2881488341817056,0.4,,,,
pc3,histdistill_density,HistDistill-Density,budget_50,seed_0,10.0,1,31.266889730943305,1198.226408594332,8.284040005533935,2.344423070053551,10.216893019279333,342.5569556756849,0.35512291983697114,0.10005658726721317,1.043907886819369,0.0,1.0,0.5517901587446987,0.0,13.0,2.2881488341817056,0.4,12.031471987629079,0.125,,
pc3,histdistill_density,HistDistill-Density,budget_50,seed_0,10.0,2,25.778896271773597,936.1512758211704,9.00410968047992,2.5339192553324152,10.216893019279333,342.5569556756849,0.35512291983697114,0.10005658726721317,1.043907886819369,0.0,1.0,0.4701117571056663,0.0,23.0,2.2881488341817056,0.4,12.031471987629079,0.125,9.9402002579097,0.1
pc3,histdistill_density,HistDistill-Density,budget_50,seed_1,0.1,0,48.932837232559365,1825.0267696264807,2.3616406910915795,0.5839164546789448,18.44177909763843,674.4354020170505,0.47845683048185356,0.13777695473067542,1.1844983521851162,0.0,0.0,0.75621974781393,0.0,5.0,2.3616406910915795,0.0,,,,
pc3,histdistill_density,HistDistill-Density,budget_50,seed_1,0.1,1,39.26777023963075,1237.940248342603,5.085912873630215,1.0489410264841854,18.44177909763843,674.4354020170505,0.47845683048185356,0.13777695473067542,1.1844983521851162,0.0,0.0,0.6206919196776645,0.0,13.0,2.3616406910915795,0.0,6.788582987716861,0.125,,
pc3,histdistill_density,HistDistill-Density,budget_50,seed_1,0.1,2,35.660739049356806,991.7330644133208,5.716003492730809,1.0915196602389485,18.44177909763843,674.4354020170505,0.47845683048185356,0.13777695473067542,1.1844983521851162,0.0,0.0,0.5354566858581261,0.0,24.0,2.3616406910915795,0.0,6.788582987716861,0.125,6.460656042576966,0.18181818181818182
pc3,histdistill_density,HistDistill-Density,budget_50,seed_1,1.0,0,47.94122866937978,1697.1288735543544,2.4001848552294307,0.5838375661039288,17.859157798079167,637.5542002874755,0.4805174144965257,0.13507082339928053,0.8143845932429983,0.0,0.0,0.7462374232688054,0.0,5.0,2.4001848552294307,0.0,,,,
pc3,histdistill_density,HistDistill-Density,budget_50,seed_1,1.0,1,36.963512207372176,1163.694443793936,5.451054955981814,1.1114684997256403,17.859157798079167,637.5542002874755,0.4805174144965257,0.13507082339928053,0.8143845932429983,0.0,0.0,0.6111447305627312,0.0,13.0,2.4001848552294307,0.0,7.357848768952055,0.375,,
pc3,histdistill_density,HistDistill-Density,budget_50,seed_1,1.0,2,31.579967432579384,939.9714968931861,6.36606771711703,1.3095003911599035,17.859157798079167,637.5542002874755,0.4805174144965257,0.13507082339928053,0.8143845932429983,0.0,0.0,0.4954151877264421,0.0,24.0,2.4001848552294307,0.0,7.357848768952055,0.375,7.447446434822285,0.09090909090909091
pc3,histdistill_density,HistDistill-Density,budget_50,seed_1,10.0,0,39.914236809207225,1662.2756423285693,2.6062804424970976,1.029183939066627,13.6511179366517,449.5458245666923,0.4744911052268756,0.12401187675653856,1.043907886819369,0.0,1.0,0.6144599633470894,0.0,5.0,2.6062804424970976,0.4,,,,
pc3,histdistill_density,HistDistill-Density,budget_50,seed_1,10.0,1,33.12150181472762,1320.9413399726868,7.46635193424227,2.123246119315006,13.6511179366517,449.5458245666923,0.4744911052268756,0.12401187675653856,1.043907886819369,0.0,1.0,0.4573537718192908,0.0,13.0,2.6062804424970976,0.4,10.503896616583003,0.125,,
pc3,histdistill_density,HistDistill-Density,budget_50,seed_1,10.0,2,26.95645078226559,1063.8320058078466,8.524311587372857,2.4546330288387295,13.6511179366517,449.5458245666923,0.4744911052268756,0.12401187675653856,1.043907886819369,0.0,1.0,0.4152618877634093,0.0,24.0,2.6062804424970976,0.4,10.503896616583003,0.125,9.774627541072638,0.09090909090909091
pc3,histdistill_density,HistDistill-Density,budget_50,seed_2,0.1,0,48.799255228144055,1692.1520770688699,2.278537475309507,0.5610386391693781,21.47771552526178,607.726590970775,0.5572217106495743,0.12923744156507344,1.1844983521851162,0.0,0.0,0.801779177863021,0.0,5.0,2.278537475309507,0.2,,,,
pc3,histdistill_density,HistDistill-Density,budget_50,seed_2,0.1,1,38.42989118545295,1147.5810402132904,4.805619277459437,0.992429564486753,21.47771552526178,607.726590970775,0.5572217106495743,0.12923744156507344,1.1844983521851162,0.0,0.0,0.6318058441872225,0.0,13.0,2.278537475309507,0.2,6.385045403803144,0.125,,
pc3,histdistill_density,HistDistill-Density,budget_50,seed_2,0.1,2,43.22677906631672,1178.777924456267,9.613799436235364,1.9315551713729469,21.47771552526178,607.726590970775,0.5572217106495743,0.12923744156507344,1.1844983521851162,0.0,0.0,0.6596103704830125,0.0,25.0,2.278537475309507,0.2,6.385045403803144,0.125,14.822661274909287,0.25
pc3,histdistill_density,HistDistill-Density,budget_50,seed_2,1.0,0,47.73225867060866,1589.6444195759486,2.306202428028352,0.5531149000921877,20.692890450500215,576.9766217381828,0.5567616530497119,0.12724670429738702,0.8143845932429983,0.0,0.0,0.7934664533474988,0.0,5.0,2.306202428028352,0.2,,,,
pc3,histdistill_density,HistDistill-Density,budget_50,seed_2,1.0,1,36.12915451197221,1055.8331982245124,5.305043533913968,1.0182564697181198,20.692890450500215,576.9766217381828,0.5567616530497119,0.12724670429738702,0.8143845932429983,0.0,0.0,0.5797986136936192,0.0,13.0,2.306202428028352,0.2,7.179319225092476,0.125,,
pc3,histdistill_density,HistDistill-Density,budget_50,seed_2,1.0,2,37.53282512674738,963.8941053168035,10.423610122493074,1.8899732314714384,20.692890450500215,576.9766217381828,0.5567616530497119,0.12724670429738702,0.8143845932429983,0.0,0.0,0.5765827070597228,0.0,25.0,2.306202428028352,0.2,7.179319225092476,0.125,15.968723926787101,0.25
pc3,histdistill_density,HistDistill-Density,budget_50,seed_2,10.0,0,40.10830448018554,1514.0885016942138,2.5470044309054654,0.9198553133672014,15.233016518357719,432.199874930962,0.5294753790331438,0.12213478783963157,1.043907886819369,0.0,0.0,0.6610485510523486,0.0,5.0,2.5470044309054654,0.0,,,,
pc3,histdistill_density,HistDistill-Density,budget_50,seed_2,10.0,1,32.7279714564097,1318.692985129494,6.899153494290577,1.7726194228190064,15.233016518357719,432.199874930962,0.5294753790331438,0.12213478783963157,1.043907886819369,0.0,0.0,0.3832416821509184,0.0,13.0,2.5470044309054654,0.0,9.61924665890627,0.0,,
pc3,histdistill_density,HistDistill-Density,budget_50,seed_2,10.0,2,26.653311056389256,976.5038391163506,8.77853128871834,2.042086264210595,15.233016518357719,432.199874930962,0.5294753790331438,0.12213478783963157,1.043907886819369,0.0,0.0,0.3269520924889385,0.0,25.0,2.5470044309054654,0.0,9.61924665890627,0.0,10.814523899348421,0.25
pc3,gain_path_refined,Legacy gain-path refined,budget_50,seed_0,0.1,0,58.36263535598134,2285.55690173703,2.829203981649055,0.7967294726748606,12.291396472896558,434.0131207292049,0.31889019858019024,0.09305879658338852,1.1844983521851162,0.0,0.0,0.789760341395134,0.0,5.0,2.829203981649055,0.2,,,,
pc3,gain_path_refined,Legacy gain-path refined,budget_50,seed_0,0.1,1,52.680556965327646,1752.2433581844755,6.862153749975846,1.5517624979884792,12.291396472896558,434.0131207292049,0.31889019858019024,0.09305879658338852,1.1844983521851162,0.0,0.0,0.6565381062569077,0.0,13.0,2.829203981649055,0.2,9.38274735518009,0.125,,
pc3,gain_path_refined,Legacy gain-path refined,budget_50,seed_0,0.1,2,44.479416229148505,1366.9648639606805,6.817835955106441,1.4821924521521386,12.291396472896558,434.0131207292049,0.31889019858019024,0.09305879658338852,1.1844983521851162,0.0,0.0,0.6283728527513573,0.0,23.0,2.829203981649055,0.2,9.38274735518009,0.125,6.76022282177621,0.0
pc3,gain_path_refined,Legacy gain-path refined,budget_50,seed_0,1.0,0,56.9315607138091,2160.5940612404747,2.851093558019738,0.7946575985493135,11.286305346604742,401.00245295656725,0.303668645839062,0.08916816224943071,0.8143845932429983,0.0,0.0,0.7680295628245417,0.0,5.0,2.851093558019738,0.2,,,,
pc3,gain_path_refined,Legacy gain-path refined,budget_50,seed_0,1.0,1,50.78151440201872,1686.5336127683963,8.05637072476466,1.8302022496591854,11.286305346604742,401.00245295656725,0.303668645839062,0.08916816224943071,0.8143845932429983,0.0,0.0,0.6444620674771244,0.0,13.0,2.851093558019738,0.2,11.309668953980237,0.125,,
pc3,gain_path_refined,Legacy gain-path refined,budget_50,seed_0,1.0,2,41.58782051114246,1334.2367279468992,8.219884426361624,1.8505752111413118,11.286305346604742,401.00245295656725,0.303668645839062,0.08916816224943071,0.8143845932429983,0.0,0.0,0.5647738726949786,0.0,23.0,2.851093558019738,0.2,11.309668953980237,0.125,8.432452238437673,0.0
pc3,gain_path_refined,Legacy gain-path refined,budget_50,seed_0,10.0,0,49.144014941551056,2184.6250006436367,3.3327133298738865,1.393676303524871,7.491266942117456,241.53290073621196,0.260384500918517,0.07054872878802655,1.043907886819369,0.0,0.0,0.6215884966846739,0.0,5.0,3.3327133298738865,0.0,,,,
pc3,gain_path_refined,Legacy gain-path refined,budget_50,seed_0,10.0,1,46.804231603392836,1797.4275046299938,12.319630618370992,3.6189656869688642,7.491266942117456,241.53290073621196,0.260384500918517,0.07054872878802655,1.043907886819369,0.0,0.0,0.5276979320621741,0.0,13.0,3.3327133298738865,0.0,17.936453923681686,0.125,,
pc3,gain_path_refined,Legacy gain-path refined,budget_50,seed_0,10.0,2,38.82218064548703,1396.663462236724,13.634988215178593,3.895127779947362,7.491266942117456,241.53290073621196,0.260384500918517,0.07054872878802655,1.043907886819369,0.0,0.0,0.4563631831896462,0.0,23.0,3.3327133298738865,0.0,17.936453923681686,0.125,15.344953091028472,0.1
pc3,gain_path_refined,Legacy gain-path refined,budget_50,seed_1,0.1,0,62.691673151201414,2430.94946638736,3.0114309932634162,0.7739343053991158,13.860216879876909,458.69996714895075,0.3595919571006136,0.09370546744704479,1.1844983521851162,0.0,0.0,0.7540209152064734,0.0,5.0,3.0114309932634162,0.2,,,,
pc3,gain_path_refined,Legacy gain-path refined,budget_50,seed_1,0.1,1,51.308482933892826,1685.346649900143,6.770142497359705,1.4519482341250876,13.860216879876909,458.69996714895075,0.3595919571006136,0.09370546744704479,1.1844983521851162,0.0,0.0,0.5997442010767736,0.0,13.0,3.0114309932634162,0.2,9.119337187419884,0.125,,
pc3,gain_path_refined,Legacy gain-path refined,budget_50,seed_1,0.1,2,44.98064381679806,1291.2397490903402,7.416319342878265,1.4310983609716166,13.860216879876909,458.69996714895075,0.3595919571006136,0.09370546744704479,1.1844983521851162,0.0,0.0,0.5009026385423029,0.0,24.0,3.0114309932634162,0.2,9.119337187419884,0.125,8.17998288758202,0.09090909090909091
pc3,gain_path_refined,Legacy gain-path refined,budget_50,seed_1,1.0,0,61.38592262279833,2251.17548956756,3.0563223784446523,0.7753280847454671,13.372054291792942,428.2375960816347,0.35978768021695884,0.09072547037913571,0.8143845932429983,0.0,0.0,0.7395509683989239,0.0,5.0,3.0563223784446523,0.2,,,,
pc3,gain_path_refined,Legacy gain-path refined,budget_50,seed_1,1.0,1,48.609651123655865,1618.2436312695147,7.313429055011958,1.5868645773935346,13.372054291792942,428.2375960816347,0.35978768021695884,0.09072547037913571,0.8143845932429983,0.0,0.0,0.5894467213726017,0.0,13.0,3.0563223784446523,0.2,9.974120727866524,0.375,,
pc3,gain_path_refined,Legacy gain-path refined,budget_50,seed_1,1.0,2,41.024713215204166,1302.1476364517755,8.434692388683215,1.8309593867597282,13.372054291792942,428.2375960816347,0.35978768021695884,0.09072547037913571,0.8143845932429983,0.0,0.0,0.4532277622320919,0.0,24.0,3.0563223784446523,0.2,9.974120727866524,0.375,9.759821783021975,0.09090909090909091
pc3,gain_path_refined,Legacy gain-path refined,budget_50,seed_1,10.0,0,52.42381383623952,2381.479107049462,3.525899364438152,1.5198893440628347,9.93046361130446,260.4796579381306,0.34516709006609364,0.0718560143872864,1.043907886819369,0.0,1.0,0.5837774855212227,0.0,5.0,3.525899364438152,0.4,,,,
pc3,gain_path_refined,Legacy gain-path refined,budget_50,seed_1,10.0,1,46.33238225621259,1959.554730866235,10.702046647751237,3.251718195154933,9.93046361130446,260.4796579381306,0.34516709006609364,0.0718560143872864,1.043907886819369,0.0,1.0,0.43411817287465126,0.0,13.0,3.525899364438152,0.4,15.187138699821915,0.125,,
pc3,gain_path_refined,Legacy gain-path refined,budget_50,seed_1,10.0,2,38.6069103448256,1583.9044365956615,12.646026843853614,3.7336640318317342,9.93046361130446,260.4796579381306,0.34516709006609364,0.0718560143872864,1.043907886819369,0.0,1.0,0.39929507977129525,0.0,24.0,3.525899364438152,0.4,15.187138699821915,0.125,14.943457984701876,0.09090909090909091
pc3,gain_path_refined,Legacy gain-path refined,budget_50,seed_2,0.1,0,67.63678016696785,2306.155614898666,3.3074461000129025,0.7759010355657856,13.378273569397198,359.4616743111387,0.3470883332591599,0.07644211693034718,1.1844983521851162,0.0,0.0,0.794533148773706,0.0,5.0,3.3074461000129025,0.2,,,,
pc3,gain_path_refined,Legacy gain-path refined,budget_50,seed_2,0.1,1,50.92237866332987,1466.092652037281,6.547814887027956,1.2808031769366615,13.378273569397198,359.4616743111387,0.3470883332591599,0.07644211693034718,1.1844983521851162,0.0,0.0,0.6510377739744663,0.0,13.0,3.3074461000129025,0.2,8.573045378912365,0.125,,
pc3,gain_path_refined,Legacy gain-path refined,budget_50,seed_2,0.1,2,52.66574718785305,1404.533585292938,11.554761918360573,2.2457248767907707,13.378273569397198,359.4616743111387,0.3470883332591599,0.07644211693034718,1.1844983521851162,0.0,0.0,0.6676067537170752,0.0,25.0,3.3074461000129025,0.2,8.573045378912365,0.125,16.97895453563758,0.16666666666666666
pc3,gain_path_refined,Legacy gain-path refined,budget_50,seed_2,1.0,0,65.9313321022561,2159.0039658988853,3.3388502046811697,0.76677469669364,12.145854472332955,322.14612464868026,0.3267956223850721,0.07104626274151005,0.8143845932429983,0.0,0.0,0.7805412730928453,0.0,5.0,3.3388502046811697,0.2,,,,
pc3,gain_path_refined,Legacy gain-path refined,budget_50,seed_2,1.0,1,48.63242437271209,1397.156239593671,7.428335454526967,1.348544724479118,12.145854472332955,322.14612464868026,0.3267956223850721,0.07104626274151005,0.8143845932429983,0.0,0.0,0.5936573617285679,0.0,13.0,3.3388502046811697,0.2,9.98426373568059,0.125,,
pc3,gain_path_refined,Legacy gain-path refined,budget_50,seed_2,1.0,2,46.81687954363212,1211.516920906349,12.671467916287034,2.233897564353669,12.145854472332955,322.14612464868026,0.3267956223850721,0.07104626274151005,0.8143845932429983,0.0,0.0,0.562306727063939,0.0,25.0,3.3388502046811697,0.2,9.98426373568059,0.125,18.35152808319377,0.25
pc3,gain_path_refined,Legacy gain-path refined,budget_50,seed_2,10.0,0,54.97140004689652,2192.567778322636,3.6186054744997507,1.4017377562116538,7.4740563810162275,195.04320705851595,0.25978628924117364,0.0551170004791379,1.043907886819369,0.0,0.0,0.6321413698004836,0.0,5.0,3.6186054744997507,0.0,,,,
pc3,gain_path_refined,Legacy gain-path refined,budget_50,seed_2,10.0,1,46.211812433060906,1969.3843452140218,9.8392301457522,2.736452216834223,7.4740563810162275,195.04320705851595,0.25978628924117364,0.0551170004791379,1.043907886819369,0.0,0.0,0.3577537639971164,0.0,13.0,3.6186054744997507,0.0,13.727120565284983,0.0,,
pc3,gain_path_refined,Legacy gain-path refined,budget_50,seed_2,10.0,2,36.958800062976515,1470.3463309403458,11.835571792033338,3.1895922934280403,7.4740563810162275,195.04320705851595,0.25978628924117364,0.0551170004791379,1.043907886819369,0.0,0.0,0.2871640945044101,0.0,25.0,3.6186054744997507,0.0,13.727120565284983,0.0,13.998275242171234,0.25
pc3,random,Random,budget_50,seed_0,0.1,0,60.71936311419756,1892.2171392531818,2.790540143945438,0.6381081918476672,15.93092439785404,543.549533462214,0.41331476500655767,0.11654501454350207,1.1844983521851162,0.0,0.0,0.6176261502138802,0.0,5.0,2.790540143945438,0.2,,,,
pc3,random,Random,budget_50,seed_0,0.1,1,53.978622891072014,1589.8416097488162,8.13814897749535,1.5798673679602844,15.93092439785404,543.549533462214,0.41331476500655767,0.11654501454350207,1.1844983521851162,0.0,0.0,0.41024142522798385,0.0,13.0,2.790540143945438,0.2,11.480404498464047,0.0,,
pc3,random,Random,budget_50,seed_0,0.1,2,47.25419546750702,1296.8273224698573,7.744283657433664,1.5492860348270894,15.93092439785404,543.549533462214,0.41331476500655767,0.11654501454350207,1.1844983521851162,0.0,0.0,0.39163270569195996,0.0,23.0,2.790540143945438,0.2,11.480404498464047,0.0,7.2322587413534745,0.1
pc3,random,Random,budget_50,seed_0,1.0,0,56.973467002404696,1824.355103971954,2.643527011019964,0.6642362711398453,15.062666369834906,509.1828325964772,0.4052751860580628,0.11322349052190214,0.8143845932429983,0.0,0.0,0.6327798664714324,0.0,5.0,2.643527011019964,0.2,,,,
pc3,random,Random,budget_50,seed_0,1.0,1,50.87447929278676,1495.4927767423396,9.07805279504457,1.8329167605376153,15.062666369834906,509.1828325964772,0.4052751860580628,0.11322349052190214,0.8143845932429983,0.0,0.0,0.4460171907779825,0.0,13.0,2.643527011019964,0.2,13.09963141005995,0.0,,
pc3,random,Random,budget_50,seed_0,1.0,2,43.989988330063376,1218.2610021165438,9.273448054055082,1.889450722000609,15.062666369834906,509.1828325964772,0.4052751860580628,0.11322349052190214,0.8143845932429983,0.0,0.0,0.3887081863643319,0.0,23.0,2.643527011019964,0.2,13.09963141005995,0.0,9.52746189076875,0.1
pc3,random,Random,budget_50,seed_0,10.0,0,46.689822333204134,2250.763275337808,3.0811305428243982,1.5535733992670486,11.2578849274242,397.48773517433085,0.3913061396523766,0.11610117851400663,1.043907886819369,0.0,0.0,0.6170865417119836,0.0,5.0,3.0811305428243982,0.0,,,,
pc3,random,Random,budget_50,seed_0,10.0,1,42.85592743915734,1740.2346425132005,10.996528538030672,3.3429921330578645,11.2578849274242,397.48773517433085,0.3913061396523766,0.11610117851400663,1.043907886819369,0.0,0.0,0.46663551522212016,0.0,13.0,3.0811305428243982,0.0,15.943652285034592,0.0,,
pc3,random,Random,budget_50,seed_0,10.0,2,35.27481435400753,1314.1352090366634,11.913273144577614,3.3547070684701783,11.2578849274242,397.48773517433085,0.3913061396523766,0.11610117851400663,1.043907886819369,0.0,0.0,0.3879067938113958,0.0,23.0,3.0811305428243982,0.0,15.943652285034592,0.0,13.105041133088639,0.1
pc3,random,Random,budget_50,seed_1,0.1,0,72.03406826428957,1696.1470634608875,3.45625386971223,0.5419664922361489,21.027607921243334,964.747325878386,0.5455440380967118,0.19708329107066386,1.1844983521851162,0.0,0.0,0.565161981793979,0.0,5.0,3.45625386971223,0.2,,,,
pc3,random,Random,budget_50,seed_1,0.1,1,59.79841001841388,1198.95647310835,8.196162413825732,1.1131278845336552,21.027607921243334,964.747325878386,0.5455440380967118,0.19708329107066386,1.1844983521851162,0.0,0.0,0.4835255077892936,0.0,13.0,3.45625386971223,0.2,11.158605253896667,0.25,,
pc3,random,Random,budget_50,seed_1,0.1,2,48.884928132718876,956.491438041532,8.3696002981178,1.168209855022307,21.027607921243334,964.747325878386,0.5455440380967118,0.19708329107066386,1.1844983521851162,0.0,0.0,0.40646296674589194,0.0,24.0,3.45625386971223,0.2,11.158605253896667,0.25,8.574572343190246,0.09090909090909091
pc3,random,Random,budget_50,seed_1,1.0,0,70.37255568700563,1668.4791961778787,3.5036503776635812,0.6157526403112132,19.98924153612852,920.2898720810396,0.537829318117124,0.1949705777672789,0.8143845932429983,0.0,0.0,0.5521913102062577,0.0,5.0,3.5036503776635812,0.2,,,,
pc3,random,Random,budget_50,seed_1,1.0,1,58.227457019555956,1190.2018624911498,9.115002358533548,1.2394009899096667,19.98924153612852,920.2898720810396,0.537829318117124,0.1949705777672789,0.8143845932429983,0.0,0.0,0.43986877434841026,0.0,13.0,3.5036503776635812,0.2,12.622097346577279,0.125,,
pc3,random,Random,budget_50,seed_1,1.0,2,46.7232276394783,1009.301441393124,9.892190947861383,1.5338346999066699,19.98924153612852,920.2898720810396,0.537829318117124,0.1949705777672789,0.8143845932429983,0.0,0.0,0.3330157346029365,0.0,24.0,3.5036503776635812,0.2,12.622097346577279,0.125,10.810686553430644,0.09090909090909091
pc3,random,Random,budget_50,seed_1,10.0,0,58.45555850179778,2615.2216008656164,3.8412105728632953,1.7191958076170912,14.387290707674516,688.8605628929753,0.5000792975918904,0.1900293286235382,1.043907886819369,0.0,0.0,0.38736084712361774,0.0,5.0,3.8412105728632953,0.0,,,,
pc3,random,Random,budget_50,seed_1,10.0,1,51.32390670644343,2028.2063694384963,12.172862036536616,3.45439905611808,14.387290707674516,688.8605628929753,0.5000792975918904,0.1900293286235382,1.043907886819369,0.0,0.0,0.29167271740106343,0.0,13.0,3.8412105728632953,0.0,17.38014420133244,0.125,,
pc3,random,Random,budget_50,seed_1,10.0,2,41.66156467994964,1543.2814748669098,14.287943774288479,3.734715098258311,14.387290707674516,688.8605628929753,0.5000792975918904,0.1900293286235382,1.043907886819369,0.0,0.0,0.2870923003713163,0.0,24.0,3.8412105728632953,0.0,17.38014420133244,0.125,16.787585827995226,0.0
pc3,random,Random,budget_50,seed_2,0.1,0,86.00835067399657,3910.557615507782,4.142320034488371,1.3763392800086056,23.384118888334143,899.0171498762385,0.6066817820389097,0.19118247925853316,1.1844983521851162,0.0,0.0,0.7018288416599413,0.0,5.0,4.142320034488371,0.0,,,,
pc3,random,Random,budget_50,seed_2,0.1,1,63.68888594915094,2291.812535739445,8.131216661999993,1.9818591195452226,23.384118888334143,899.0171498762385,0.6066817820389097,0.19118247925853316,1.1844983521851162,0.0,0.0,0.582432752219882,0.0,13.0,4.142320034488371,0.0,10.624277054194756,0.0,,
pc3,random,Random,budget_50,seed_2,0.1,2,53.85310303508482,1599.6268829257592,10.31422732666193,2.0154323286414804,23.384118888334143,899.0171498762385,0.6066817820389097,0.19118247925853316,1.1844983521851162,0.0,0.0,0.4512902179076799,0.0,25.0,4.142320034488371,0.0,10.624277054194756,0.0,12.67915554671236,0.08333333333333333
pc3,random,Random,budget_50,seed_2,1.0,0,83.89313471670417,3668.9018946041406,4.182212936059915,1.3230472211095172,22.86199935722606,877.5721287956314,0.6151235654873406,0.19354018337186338,0.8143845932429983,0.0,0.0,0.7013102282155201,0.0,5.0,4.182212936059915,0.0,,,,
pc3,random,Random,budget_50,seed_2,1.0,1,57.516168374968565,2150.8785977090806,7.979908340496952,1.9886568556929318,22.86199935722606,877.5721287956314,0.6151235654873406,0.19354018337186338,0.8143845932429983,0.0,0.0,0.5542962338682463,0.0,13.0,4.182212936059915,0.0,10.353467968270103,0.0,,
pc3,random,Random,budget_50,seed_2,1.0,2,44.63448871845606,1464.5100356803366,10.01788906047149,2.0225609185360303,22.86199935722606,877.5721287956314,0.6151235654873406,0.19354018337186338,0.8143845932429983,0.0,0.0,0.40202306544384336,0.0,25.0,4.182212936059915,0.0,10.353467968270103,0.0,12.22570150711057,0.0
pc3,random,Random,budget_50,seed_2,10.0,0,66.2908575144572,3010.757880734755,4.068338695572814,1.6265385207826164,18.714856397706235,719.451525907623,0.6504985846227301,0.20330884985022904,1.043907886819369,0.0,0.0,0.6448672663711513,0.0,5.0,4.068338695572814,0.0,,,,
pc3,random,Random,budget_50,seed_2,10.0,1,49.891202547426616,2319.995972915323,9.126460209364195,2.6793564003354047,18.714856397706235,719.451525907623,0.6504985846227301,0.20330884985022904,1.043907886819369,0.0,0.0,0.4507078547240976,0.0,13.0,4.068338695572814,0.0,12.287786155483811,0.0,,
pc3,random,Random,budget_50,seed_2,10.0,2,36.76790064412789,1644.718414691733,9.957577488994247,2.9697956924592233,18.714856397706235,719.451525907623,0.6504985846227301,0.20330884985022904,1.043907886819369,0.0,0.0,0.3189500292237311,0.0,25.0,4.068338695572814,0.0,12.287786155483811,0.0,10.857954541926796,0.08333333333333333
pc4,histdistill_refined,HistDistill-Refined,budget_50,seed_0,0.1,0,60.011002545388315,1436.093682143169,1.156754999041968,0.2298523814624492,48.83196856850915,1035.9613373588325,0.5501607893921333,0.09891153515540534,13.888940418287135,0.0,1.0,0.7657607969688432,0.0,6.0,1.156754999041968,0.8333333333333334,,,,
pc4,histdistill_refined,HistDistill-Refined,budget_50,seed_0,0.1,1,49.680052116069135,1090.5704946449678,3.375110182278934,0.6560885627111526,48.83196856850915,1035.9613373588325,0.5501607893921333,0.09891153515540534,13.888940418287135,0.0,1.0,0.6707303240770707,0.0,14.0,1.156754999041968,0.8333333333333334,5.038876569706658,0.25,,
pc4,histdistill_refined,HistDistill-Refined,budget_50,seed_0,0.1,2,37.089934958262624,878.4537483161522,4.199942664626918,0.9062720749663269,48.83196856850915,1035.9613373588325,0.5501607893921333,0.09891153515540534,13.888940418287135,0.0,1.0,0.5959411789432855,0.0,24.0,1.156754999041968,0.8333333333333334,5.038876569706658,0.25,5.354708139914098,0.0
pc4,histdistill_refined,HistDistill-Refined,budget_50,seed_0,1.0,0,57.136453244489495,1388.3993063740154,1.127059761470422,0.23527467622923182,43.099935463449256,988.0000345344464,0.49590207719680124,0.09633725333958863,18.7796065065112,0.0,1.0,0.7688759229713183,0.0,6.0,1.127059761470422,0.8333333333333334,,,,
pc4,histdistill_refined,HistDistill-Refined,budget_50,seed_0,1.0,1,46.72083269266302,1062.7301660936207,3.366909865151196,0.6861700076844764,43.099935463449256,988.0000345344464,0.49590207719680124,0.09633725333958863,18.7796065065112,0.0,1.0,0.6624695469941843,0.0,14.0,1.127059761470422,0.8333333333333334,5.046797442911776,0.25,,
pc4,histdistill_refined,HistDistill-Refined,budget_50,seed_0,1.0,2,34.01029533668832,808.3461564931339,4.075180012503829,0.8279945632099409,43.099935463449256,988.0000345344464,0.49590207719680124,0.09633725333958863,18.7796065065112,0.0,1.0,0.5566633634860986,0.0,24.0,1.127059761470422,0.8333333333333334,5.046797442911776,0.25,5.066758218797514,0.0
pc4,histdistill_refined,HistDistill-Refined,budget_50,seed_0,10.0,0,46.83233372084058,1341.0316363191082,1.3112319146260634,0.4422242450704907,31.567597842749286,716.9189769990742,0.43819678925542005,0.08362781905242732,19.549097220174808,0.0,1.0,0.6816009242754256,0.0,6.0,1.3112319146260634,0.8333333333333334,,,,
pc4,histdistill_refined,HistDistill-Refined,budget_50,seed_0,10.0,1,37.397000563902054,1045.339242679208,4.080093801514768,1.0981823978694865,31.567597842749286,716.9189769990742,0.43819678925542005,0.08362781905242732,19.549097220174808,0.0,1.0,0.4995691457009723,0.0,14.0,1.3112319146260634,0.8333333333333334,6.156740216681296,0.25,,
pc4,histdistill_refined,HistDistill-Refined,budget_50,seed_0,10.0,2,25.981103246154817,754.0991101546379,4.111626126904844,1.0899883129731294,31.567597842749286,716.9189769990742,0.43819678925542005,0.08362781905242732,19.549097220174808,0.0,1.0,0.5086379467822771,0.0,24.0,1.3112319146260634,0.8333333333333334,6.156740216681296,0.25,4.15577138245095,0.0
pc4,histdistill_refined,HistDistill-Refined,budget_50,seed_1,0.1,0,55.125870619581235,1385.4311425213127,1.1432784958042874,0.23952360067980585,45.000071015624535,1003.0584557657882,0.5069890753620687,0.09263003214661061,13.888940418287135,0.0,1.0,0.798759668880864,0.0,6.0,1.1432784958042874,0.6666666666666666,,,,
pc4,histdistill_refined,HistDistill-Refined,budget_50,seed_1,0.1,1,58.654513913408856,1369.6736653434314,3.741610701139027,0.7431714644662328,45.000071015624535,1003.0584557657882,0.5069890753620687,0.09263003214661061,13.888940418287135,0.0,1.0,0.6894712271273413,0.0,15.0,1.1432784958042874,0.6666666666666666,5.473832171362186,0.3333333333333333,,
pc4,histdistill_refined,HistDistill-Refined,budget_50,seed_1,0.1,2,42.27749336284506,974.0175261685816,3.2090062810252444,0.5823627335086365,45.000071015624535,1003.0584557657882,0.5069890753620687,0.09263003214661061,13.888940418287135,0.0,1.0,0.6089689238305379,0.0,24.0,1.1432784958042874,0.6666666666666666,5.473832171362186,0.3333333333333333,2.3213322475022746,0.1111111111111111
pc4,histdistill_refined,HistDistill-Refined,budget_50,seed_1,1.0,0,53.556121111780726,1346.0431106852423,1.1474057864407416,0.2503743395567021,42.66753909910334,957.5151255360705,0.4909269826184502,0.09030361163563468,18.7796065065112,0.0,1.0,0.7944129434116523,0.0,6.0,1.1474057864407416,0.8333333333333334,,,,
pc4,histdistill_refined,HistDistill-Refined,budget_50,seed_1,1.0,1,57.0786526591038,1318.1719114044097,3.8772979668385714,0.7527917718553301,42.66753909910334,957.5151255360705,0.4909269826184502,0.09030361163563468,18.7796065065112,0.0,1.0,0.720474275227829,0.0,15.0,1.1474057864407416,0.8333333333333334,5.697226087103792,0.4444444444444444,,
pc4,histdistill_refined,HistDistill-Refined,budget_50,seed_1,1.0,2,41.53388425147397,935.7276931232918,3.343756024979663,0.5983974561355894,42.66753909910334,957.5151255360705,0.4909269826184502,0.09030361163563468,18.7796065065112,0.0,1.0,0.63851311459065,0.0,24.0,1.1474057864407416,0.8333333333333334,5.697226087103792,0.4444444444444444,2.4545194552148146,0.0
pc4,histdistill_refined,HistDistill-Refined,budget_50,seed_1,10.0,0,44.28616180206226,1277.2059513835668,1.2991047767792059,0.4560742672610086,32.523107749248695,703.3906679077737,0.4514604330466108,0.08003213954498622,19.549097220174808,0.0,1.0,0.6870684436354962,0.0,6.0,1.2991047767792059,0.8333333333333334,,,,
pc4,histdistill_refined,HistDistill-Refined,budget_50,seed_1,10.0,1,42.92462040536017,1107.2637648221012,4.512400215260312,1.1655712206274051,32.523107749248695,703.3906679077737,0.4514604330466108,0.08003213954498622,19.549097220174808,0.0,1.0,0.5892252071750359,0.0,15.0,1.2991047767792059,0.8333333333333334,6.654597174247717,0.4444444444444444,,
pc4,histdistill_refined,HistDistill-Refined,budget_50,seed_1,10.0,2,30.054287597637355,822.8952105593617,3.742513275436656,0.9999485740516668,32.523107749248695,703.3906679077737,0.4514604330466108,0.08003213954498622,19.549097220174808,0.0,1.0,0.5604150980302199,0.0,24.0,1.2991047767792059,0.8333333333333334,6.654597174247717,0.4444444444444444,2.4593683757305635,0.1111111111111111
pc4,histdistill_refined,HistDistill-Refined,budget_50,seed_2,0.1,0,55.278635316317406,1435.7671154747184,1.1482395640903393,0.24236401953920841,43.03949633175975,1011.0861466740606,0.48490044475066896,0.09040719958604719,13.888940418287135,0.0,1.0,0.7666811371652497,0.0,6.0,1.1482395640903393,0.6666666666666666,,,,
pc4,histdistill_refined,HistDistill-Refined,budget_50,seed_2,0.1,1,42.82106685017361,1082.4751638768228,2.4232472515610604,0.4840487968278492,43.03949633175975,1011.0861466740606,0.48490044475066896,0.09040719958604719,13.888940418287135,0.0,1.0,0.555678271412398,0.0,15.0,1.1482395640903393,0.6666666666666666,3.2732523765415418,0.3333333333333333,,
pc4,histdistill_refined,HistDistill-Refined,budget_50,seed_2,0.1,2,34.070288515360545,870.4499467282544,2.493741491966966,0.498577565965093,43.03949633175975,1011.0861466740606,0.48490044475066896,0.09040719958604719,13.888940418287135,0.0,1.0,0.49361193682623433,0.0,23.0,1.1482395640903393,0.6666666666666666,3.2732523765415418,0.3333333333333333,2.6259181927280384,0.0
pc4,histdistill_refined,HistDistill-Refined,budget_50,seed_2,1.0,0,52.502467127508034,1387.8368783012168,1.1334302568853445,0.25124553632735325,37.530636735152186,966.9054416514896,0.43182247294230813,0.08829432013818622,18.7796065065112,0.0,1.0,0.7633906322000592,0.0,6.0,1.1334302568853445,0.6666666666666666,,,,
pc4,histdistill_refined,HistDistill-Refined,budget_50,seed_2,1.0,1,40.99963847621798,1061.2688401882829,2.509422813198154,0.514306656308912,37.530636735152186,966.9054416514896,0.43182247294230813,0.08829432013818622,18.7796065065112,0.0,1.0,0.5535735709742903,0.0,15.0,1.1334302568853445,0.6666666666666666,3.426751184073361,0.3333333333333333,,
pc4,histdistill_refined,HistDistill-Refined,budget_50,seed_2,1.0,2,32.39062782864732,858.109137981119,2.5994515531439144,0.5455611137269218,37.530636735152186,966.9054416514896,0.43182247294230813,0.08829432013818622,18.7796065065112,0.0,1.0,0.49326635013287773,0.0,23.0,1.1334302568853445,0.6666666666666666,3.426751184073361,0.3333333333333333,2.768255440542215,0.0
pc4,histdistill_refined,HistDistill-Refined,budget_50,seed_2,10.0,0,39.426510373754276,1334.3352450828636,1.2437120449844064,0.47842843117313266,19.749119488800787,713.3165572800707,0.27414188414725615,0.07858495622579167,19.549097220174808,0.0,1.0,0.6713587167018926,0.0,6.0,1.2437120449844064,0.6666666666666666,,,,
pc4,histdistill_refined,HistDistill-Refined,budget_50,seed_2,10.0,1,31.09693463365211,1039.9655792171827,3.034930808377092,0.9308034737757794,19.749119488800787,713.3165572800707,0.27414188414725615,0.07858495622579167,19.549097220174808,0.0,1.0,0.4816637788876409,0.0,15.0,1.2437120449844064,0.6666666666666666,4.229076650638883,0.3333333333333333,,
pc4,histdistill_refined,HistDistill-Refined,budget_50,seed_2,10.0,2,24.930108544631885,863.3874004691926,3.4554867231706727,1.0741180730801432,19.749119488800787,713.3165572800707,0.27414188414725615,0.07858495622579167,19.549097220174808,0.0,1.0,0.46302846573032497,0.0,23.0,1.2437120449844064,0.6666666666666666,4.229076650638883,0.3333333333333333,4.244029063408638,0.0
pc4,histdistill_density,HistDistill-Density,budget_50,seed_0,0.1,0,58.03963698934903,1400.1671092649906,1.229654125182208,0.21972650570208083,48.36189835880553,1005.094876133937,0.5448647875060443,0.09596446661677348,13.888940418287135,0.0,1.0,0.7837165464701658,0.0,6.0,1.229654125182208,0.6666666666666666,,,,
pc4,histdistill_density,HistDistill-Density,budget_50,seed_0,0.1,1,46.96422308627195,1068.8193947379064,3.1879458413488884,0.6311295818086567,48.36189835880553,1005.094876133937,0.5448647875060443,0.09596446661677348,13.888940418287135,0.0,1.0,0.6234654708252384,0.0,14.0,1.229654125182208,0.6666666666666666,4.656664628473899,0.25,,
pc4,histdistill_density,HistDistill-Density,budget_50,seed_0,0.1,2,35.572449499567675,883.8013108910854,4.076932213392152,0.8993545058354235,48.36189835880553,1005.094876133937,0.5448647875060443,0.09596446661677348,13.888940418287135,0.0,1.0,0.535770296681975,0.0,24.0,1.229654125182208,0.6666666666666666,4.656664628473899,0.25,5.321513134252724,0.0
pc4,histdistill_density,HistDistill-Density,budget_50,seed_0,1.0,0,55.31966964266007,1348.2600180930185,1.2196170627014806,0.2266792011701657,42.72144758864531,959.3880913130698,0.4915472464693109,0.09354737892024763,18.7796065065112,0.0,1.0,0.789055662091994,0.0,6.0,1.2196170627014806,0.6666666666666666,,,,
pc4,histdistill_density,HistDistill-Density,budget_50,seed_0,1.0,1,44.41346947720018,1030.6048853648633,3.217439845985331,0.6542378021586224,42.72144758864531,959.3880913130698,0.4915472464693109,0.09354737892024763,18.7796065065112,0.0,1.0,0.6266384741598635,0.0,14.0,1.2196170627014806,0.6666666666666666,4.715806933448219,0.25,,
pc4,histdistill_density,HistDistill-Density,budget_50,seed_0,1.0,2,32.71845911449861,801.3593727769997,3.915218852063815,0.8170579373343797,42.72144758864531,959.3880913130698,0.4915472464693109,0.09354737892024763,18.7796065065112,0.0,1.0,0.5161796623929646,0.0,24.0,1.2196170627014806,0.6666666666666666,4.715806933448219,0.25,4.8921094605736934,0.0
pc4,histdistill_density,HistDistill-Density,budget_50,seed_0,10.0,0,45.31105604290831,1290.2692140632487,1.3047524203768714,0.42142713859215775,32.567072890381425,702.0637442449754,0.4520707228690893,0.08189497230600472,19.549097220174808,0.0,1.0,0.6847517518573243,0.0,6.0,1.3047524203768714,0.6666666666666666,,,,
pc4,histdistill_density,HistDistill-Density,budget_50,seed_0,10.0,1,35.37213942299043,989.8704248775249,3.8016719776818655,1.0173834558905228,32.567072890381425,702.0637442449754,0.4520707228690893,0.08189497230600472,19.549097220174808,0.0,1.0,0.48410903812267714,0.0,14.0,1.3047524203768714,0.6666666666666666,5.6743616456606105,0.25,,
pc4,histdistill_density,HistDistill-Density,budget_50,seed_0,10.0,2,24.644373741232027,724.1383722615716,3.8113546251923545,1.0329151023772922,32.567072890381425,702.0637442449754,0.4520707228690893,0.08189497230600472,19.549097220174808,0.0,1.0,0.47928220658441,0.0,24.0,1.3047524203768714,0.6666666666666666,5.6743616456606105,0.25,3.824910331707039,0.0
pc4,histdistill_density,HistDistill-Density,budget_50,seed_1,0.1,0,65.85955633801412,1618.4116629220532,1.3353475732391846,0.27426088411254423,46.45394558688188,652.055777536468,0.5233690167252336,0.06021578033403215,13.888940418287135,0.0,1.0,0.8196023857055227,0.0,6.0,1.3353475732391846,0.8333333333333334,,,,
pc4,histdistill_density,HistDistill-Density,budget_50,seed_1,0.1,1,60.57490859100256,1434.793097831615,3.551711417320209,0.7500478519790175,46.45394558688188,652.055777536468,0.5233690167252336,0.06021578033403215,13.888940418287135,0.0,1.0,0.6860557190058745,0.0,15.0,1.3353475732391846,0.8333333333333334,5.029287313374227,0.3333333333333333,,
pc4,histdistill_density,HistDistill-Density,budget_50,seed_1,0.1,2,42.48838783150439,1017.1334024564625,2.9045129076650107,0.5889578790024338,46.45394558688188,652.055777536468,0.5233690167252336,0.06021578033403215,13.888940418287135,0.0,1.0,0.6042242706437712,0.0,24.0,1.3353475732391846,0.8333333333333334,5.029287313374227,0.3333333333333333,1.8258487249063455,0.2222222222222222
pc4,histdistill_density,HistDistill-Density,budget_50,seed_1,1.0,0,62.72199358097754,1558.972173158345,1.2815185110109997,0.28439927491458367,40.82838541259165,610.9750594868657,0.4697659269551824,0.057621287663807544,18.7796065065112,0.0,1.0,0.8115612380172714,0.0,6.0,1.2815185110109997,0.8333333333333334,,,,
pc4,histdistill_density,HistDistill-Density,budget_50,seed_1,1.0,1,57.45670219229828,1390.08544408579,3.524801106877952,0.7747880187565321,40.82838541259165,610.9750594868657,0.4697659269551824,0.057621287663807544,18.7796065065112,0.0,1.0,0.7188207196147431,0.0,15.0,1.2815185110109997,0.8333333333333334,5.020322837455921,0.3333333333333333,,
pc4,histdistill_density,HistDistill-Density,budget_50,seed_1,1.0,2,40.260080865946016,991.252473694551,2.924451767745854,0.622230437979962,40.82838541259165,610.9750594868657,0.4697659269551824,0.057621287663807544,18.7796065065112,0.0,1.0,0.6345448840826126,0.0,24.0,1.2815185110109997,0.8333333333333334,5.020322837455921,0.3333333333333333,1.9238695358590236,0.0
pc4,histdistill_density,HistDistill-Density,budget_50,seed_1,10.0,0,49.48443132836872,1376.1478398874715,1.4716836000130396,0.49326766543902495,24.17281933795534,397.86314080419527,0.3355482375918674,0.04526906576591496,19.549097220174808,0.0,1.0,0.7037981844790263,0.0,6.0,1.4716836000130396,0.8333333333333334,,,,
pc4,histdistill_density,HistDistill-Density,budget_50,seed_1,10.0,1,43.51423023296838,1170.2724392662924,4.296368117898163,1.2366726352654394,24.17281933795534,397.86314080419527,0.3355482375918674,0.04526906576591496,19.549097220174808,0.0,1.0,0.5994555865915324,0.0,15.0,1.4716836000130396,0.8333333333333334,6.179491129821578,0.3333333333333333,,
pc4,histdistill_density,HistDistill-Density,budget_50,seed_1,10.0,2,30.46155437596803,889.6981535872013,3.5336751670528717,1.101481181930031,24.17281933795534,397.86314080419527,0.3355482375918674,0.04526906576591496,19.549097220174808,0.0,1.0,0.5738993275516701,0.0,24.0,1.4716836000130396,0.8333333333333334,6.179491129821578,0.3333333333333333,2.2625202489773866,0.0
pc4,histdistill_density,HistDistill-Density,budget_50,seed_2,0.1,0,55.527015997215265,1448.7608346640382,1.1718323540387985,0.24280666806329998,44.242844509356914,876.8405471142877,0.4984578540197963,0.07840350558541974,13.888940418287135,0.0,1.0,0.8047361905086317,0.0,6.0,1.1718323540387985,0.6666666666666666,,,,
pc4,histdistill_density,HistDistill-Density,budget_50,seed_2,0.1,1,39.226382725433695,994.6329698354782,2.1238410156423297,0.4235617002251406,44.242844509356914,876.8405471142877,0.4984578540197963,0.07840350558541974,13.888940418287135,0.0,1.0,0.5473424707790543,0.0,15.0,1.1718323540387985,0.6666666666666666,2.7585134567113503,0.3333333333333333,,
pc4,histdistill_density,HistDistill-Density,budget_50,seed_2,0.1,2,31.94398377972809,811.7535771077459,2.3513007327499826,0.4626030783584458,44.242844509356914,876.8405471142877,0.4984578540197963,0.07840350558541974,13.888940418287135,0.0,1.0,0.48188466933686447,0.0,23.0,1.1718323540387985,0.6666666666666666,2.7585134567113503,0.3333333333333333,2.777787702326832,0.0
pc4,histdistill_density,HistDistill-Density,budget_50,seed_2,1.0,0,52.82407665182441,1378.5764474221585,1.15932800709589,0.24971401507907323,38.708590937488594,835.9297278383316,0.44537585601585616,0.07633408999821074,18.7796065065112,0.0,1.0,0.8102994862426098,0.0,6.0,1.15932800709589,0.6666666666666666,,,,
pc4,histdistill_density,HistDistill-Density,budget_50,seed_2,1.0,1,36.95078710222206,976.5352091015927,2.1270821856566524,0.4606594349575252,38.708590937488594,835.9297278383316,0.44537585601585616,0.07633408999821074,18.7796065065112,0.0,1.0,0.5430221274134328,0.0,15.0,1.15932800709589,0.6666666666666666,2.772251638030494,0.3333333333333333,,
pc4,histdistill_density,HistDistill-Density,budget_50,seed_2,1.0,2,29.587624823564536,804.3444234525244,2.4007480313324328,0.5178215685454853,38.708590937488594,835.9297278383316,0.44537585601585616,0.07633408999821074,18.7796065065112,0.0,1.0,0.46845657279602976,0.0,23.0,1.15932800709589,0.6666666666666666,2.772251638030494,0.3333333333333333,2.913871491974523,0.0
pc4,histdistill_density,HistDistill-Density,budget_50,seed_2,10.0,0,39.09826081176193,1274.8436016025857,1.2230870928947046,0.47400045117938233,18.713116930908143,603.8659996411412,0.2597609041059372,0.06652696150639156,19.549097220174808,0.0,1.0,0.7213697184453193,0.0,6.0,1.2230870928947046,0.8333333333333334,,,,
pc4,histdistill_density,HistDistill-Density,budget_50,seed_2,10.0,1,29.450559470068452,990.5885916653584,2.926532824157376,0.9083296287546258,18.713116930908143,603.8659996411412,0.2597609041059372,0.06652696150639156,19.549097220174808,0.0,1.0,0.4849948376460941,0.06666666666666667,15.0,1.2230870928947046,0.8333333333333334,4.062163311665824,0.3333333333333333,,
pc4,histdistill_density,HistDistill-Density,budget_50,seed_2,10.0,2,24.20144640798426,846.3760596538147,3.51561403373483,1.0938246641469003,18.713116930908143,603.8659996411412,0.2597609041059372,0.06652696150639156,19.549097220174808,0.0,1.0,0.4539970442185998,0.043478260869565216,23.0,1.2230870928947046,0.8333333333333334,4.062163311665824,0.3333333333333333,4.620141301692555,0.0
pc4,gain_path_refined,Legacy gain-path refined,budget_50,seed_0,0.1,0,79.16803410639393,1848.0055706738951,1.4999201057263651,0.2896220553589837,44.58960463640692,605.9689096797265,0.5023645944363719,0.05785671043060176,13.888940418287135,0.0,1.0,0.8019001644769799,0.0,6.0,1.4999201057263651,0.8333333333333334,,,,
pc4,gain_path_refined,Legacy gain-path refined,budget_50,seed_0,0.1,1,58.78501437901423,1319.5529492719536,3.7116324271392025,0.769582978443517,44.58960463640692,605.9689096797265,0.5023645944363719,0.05785671043060176,13.888940418287135,0.0,1.0,0.6873333163530184,0.0,14.0,1.4999201057263651,0.8333333333333334,5.37041666819883,0.375,,
pc4,gain_path_refined,Legacy gain-path refined,budget_50,seed_0,0.1,2,42.213020234364166,1033.9855974875525,4.695259694778582,1.1461598497829837,44.58960463640692,605.9689096797265,0.5023645944363719,0.05785671043060176,13.888940418287135,0.0,1.0,0.5965438428725355,0.0,24.0,1.4999201057263651,0.8333333333333334,5.37041666819883,0.375,6.072337869473715,0.0
pc4,gain_path_refined,Legacy gain-path refined,budget_50,seed_0,1.0,0,75.96275306171914,1780.2597278148653,1.4875006729167435,0.3089687774559055,38.87323538787109,559.5248886840566,0.4472702329810571,0.05455778245631405,18.7796065065112,0.0,1.0,0.8000913009400388,0.0,6.0,1.4875006729167435,0.8333333333333334,,,,
pc4,gain_path_refined,Legacy gain-path refined,budget_50,seed_0,1.0,1,56.273567138427566,1327.7127778740196,3.787399468155368,0.8429136972073018,38.87323538787109,559.5248886840566,0.4472702329810571,0.05455778245631405,18.7796065065112,0.0,1.0,0.6713877622438134,0.0,14.0,1.4875006729167435,0.8333333333333334,5.512323564584337,0.375,,
pc4,gain_path_refined,Legacy gain-path refined,budget_50,seed_0,1.0,2,39.93011017771544,1005.0713993372278,4.616539484798707,1.0606925204386881,38.87323538787109,559.5248886840566,0.4472702329810571,0.05455778245631405,18.7796065065112,0.0,1.0,0.546881238288296,0.0,24.0,1.4875006729167435,0.8333333333333334,5.512323564584337,0.375,5.777335508099382,0.0
pc4,gain_path_refined,Legacy gain-path refined,budget_50,seed_0,10.0,0,59.07096176891451,1778.729422964143,1.7664568352483874,0.6575424023718061,17.15677398777148,330.2530523809263,0.2381569643934494,0.03852365942610496,19.549097220174808,0.0,1.0,0.6692448060830424,0.0,6.0,1.7664568352483874,0.8333333333333334,,,,
pc4,gain_path_refined,Legacy gain-path refined,budget_50,seed_0,10.0,1,45.849096617391886,1426.2786449877806,4.898160494364829,1.4964636063108423,17.15677398777148,330.2530523809263,0.2381569643934494,0.03852365942610496,19.549097220174808,0.0,1.0,0.49362367989499123,0.0,14.0,1.7664568352483874,0.8333333333333334,7.246938238702161,0.375,,
pc4,gain_path_refined,Legacy gain-path refined,budget_50,seed_0,10.0,2,32.14819127108806,1062.9521092494535,4.827930322633752,1.6158743059199452,17.15677398777148,330.2530523809263,0.2381569643934494,0.03852365942610496,19.549097220174808,0.0,1.0,0.4751083128303712,0.0,24.0,1.7664568352483874,0.8333333333333334,7.246938238702161,0.375,4.729608082210243,0.0
pc4,gain_path_refined,Legacy gain-path refined,budget_50,seed_1,0.1,0,76.08548310186289,1846.2657447051308,1.4780083941209765,0.30255472294360486,44.58960463640692,663.6301961103874,0.5023645944363719,0.06128465000799542,13.888940418287135,0.0,1.0,0.8033022981456313,0.0,6.0,1.4780083941209765,0.8333333333333334,,,,
pc4,gain_path_refined,Legacy gain-path refined,budget_50,seed_1,0.1,1,73.4624349647116,1736.1564809553706,4.105123376294356,0.8551164013250946,44.58960463640692,663.6301961103874,0.5023645944363719,0.06128465000799542,13.888940418287135,0.0,1.0,0.6925933977555125,0.0,15.0,1.4780083941209765,0.8333333333333334,5.856533364409942,0.3333333333333333,,
pc4,gain_path_refined,Legacy gain-path refined,budget_50,seed_1,0.1,2,50.619676503368,1214.1931083993984,3.239999432492482,0.661539347259927,44.58960463640692,663.6301961103874,0.5023645944363719,0.06128465000799542,13.888940418287135,0.0,1.0,0.5713837732522699,0.0,24.0,1.4780083941209765,0.8333333333333334,5.856533364409942,0.3333333333333333,1.7981261928226928,0.2222222222222222
pc4,gain_path_refined,Legacy gain-path refined,budget_50,seed_1,1.0,0,72.9495400284634,1788.1446598179264,1.4670507431319468,0.32568413813749103,38.87323538787109,611.9833423862735,0.4472702329810571,0.057716379203292104,18.7796065065112,0.0,1.0,0.7921721752099306,0.0,6.0,1.4670507431319468,0.8333333333333334,,,,
pc4,gain_path_refined,Legacy gain-path refined,budget_50,seed_1,1.0,1,70.76491925159262,1705.778940437726,4.212256935168907,0.9117845529059949,38.87323538787109,611.9833423862735,0.4472702329810571,0.057716379203292104,18.7796065065112,0.0,1.0,0.7071320997814557,0.0,15.0,1.4670507431319468,0.8333333333333334,6.042394396526879,0.3333333333333333,,
pc4,gain_path_refined,Legacy gain-path refined,budget_50,seed_1,1.0,2,48.52544340803316,1217.6497626972357,3.3617987396112046,0.7483811084342463,38.87323538787109,611.9833423862735,0.4472702329810571,0.057716379203292104,18.7796065065112,0.0,1.0,0.5967975418586039,0.0,24.0,1.4670507431319468,0.8333333333333334,6.042394396526879,0.3333333333333333,1.9443684136817028,0.1111111111111111
pc4,gain_path_refined,Legacy gain-path refined,budget_50,seed_1,10.0,0,58.707630219729964,1727.0151175637063,1.8057419014042655,0.6645297421376366,22.800383526114516,360.71835202729915,0.316497153337576,0.04104271325031495,19.549097220174808,0.0,1.0,0.6411025647079506,0.0,6.0,1.8057419014042655,0.8333333333333334,,,,
pc4,gain_path_refined,Legacy gain-path refined,budget_50,seed_1,10.0,1,55.585555201819766,1529.7869714992494,5.461884899245235,1.6694982500998299,22.800383526114516,360.71835202729915,0.316497153337576,0.04104271325031495,19.549097220174808,0.0,1.0,0.5201393904877699,0.0,15.0,1.8057419014042655,0.8333333333333334,7.899313564472546,0.4444444444444444,,
pc4,gain_path_refined,Legacy gain-path refined,budget_50,seed_1,10.0,2,38.910291586051954,1165.2180887146772,4.53024718487235,1.51515876061947,22.800383526114516,360.71835202729915,0.316497153337576,0.04104271325031495,19.549097220174808,0.0,1.0,0.4939530266009989,0.0,24.0,1.8057419014042655,0.8333333333333334,7.899313564472546,0.4444444444444444,2.9775176609175404,0.1111111111111111
pc4,gain_path_refined,Legacy gain-path refined,budget_50,seed_2,0.1,0,74.89369868296727,1860.8864791543565,1.443345397128743,0.2959932033022993,39.84105807168105,577.7106243236033,0.4488655403720306,0.05165652787154726,13.888940418287135,0.0,1.0,0.8514688376650844,0.0,6.0,1.443345397128743,0.8333333333333334,,,,
pc4,gain_path_refined,Legacy gain-path refined,budget_50,seed_2,0.1,1,57.51830137182469,1356.2053590886087,2.8347825378836062,0.5426852108503535,39.84105807168105,577.7106243236033,0.4488655403720306,0.05165652787154726,13.888940418287135,0.0,1.0,0.579040268728138,0.0,15.0,1.443345397128743,0.8333333333333334,3.762407298386849,0.4444444444444444,,
pc4,gain_path_refined,Legacy gain-path refined,budget_50,seed_2,0.1,2,42.7647489657684,1046.2956800931072,2.6525343167597186,0.5339965178242926,39.84105807168105,577.7106243236033,0.4488655403720306,0.05165652787154726,13.888940418287135,0.0,1.0,0.4721703985210009,0.0,23.0,1.443345397128743,0.8333333333333334,3.762407298386849,0.4444444444444444,2.3108189021524286,0.0
pc4,gain_path_refined,Legacy gain-path refined,budget_50,seed_2,1.0,0,71.79960661059077,1770.6558840689565,1.4294586058287517,0.3168384268032755,34.340872346142156,531.9100773728562,0.3951214716700462,0.04857211122534384,18.7796065065112,0.0,1.0,0.8398277878412749,0.0,6.0,1.4294586058287517,0.8333333333333334,,,,
pc4,gain_path_refined,Legacy gain-path refined,budget_50,seed_2,1.0,1,55.61758551778342,1356.4536285666907,2.9185289991320564,0.6210184944462628,34.340872346142156,531.9100773728562,0.3951214716700462,0.04857211122534384,18.7796065065112,0.0,1.0,0.5670147400094088,0.0,15.0,1.4294586058287517,0.8333333333333334,3.911242594667593,0.4444444444444444,,
pc4,gain_path_refined,Legacy gain-path refined,budget_50,seed_2,1.0,2,41.47342743440114,1076.7936253532391,2.8212541003481384,0.640927161258719,34.340872346142156,531.9100773728562,0.3951214716700462,0.04857211122534384,18.7796065065112,0.0,1.0,0.4577239369103792,0.0,23.0,1.4294586058287517,0.8333333333333334,3.911242594667593,0.4444444444444444,2.6388636651282926,0.0
pc4,gain_path_refined,Legacy gain-path refined,budget_50,seed_2,10.0,0,55.97617712417952,1689.1129042962777,1.7731651388187515,0.6636336698025095,11.846323410145466,307.36518252379784,0.16444142847566653,0.03386193572467628,19.549097220174808,0.0,1.0,0.6934969687557754,0.0,6.0,1.7731651388187515,0.8333333333333334,,,,
pc4,gain_path_refined,Legacy gain-path refined,budget_50,seed_2,10.0,1,45.78402307151374,1396.3940649707463,4.115809107809647,1.297101008672986,11.846323410145466,307.36518252379784,0.16444142847566653,0.03386193572467628,19.549097220174808,0.0,1.0,0.4757748217171055,0.0,15.0,1.7731651388187515,0.8333333333333334,5.677571753803578,0.4444444444444444,,
pc4,gain_path_refined,Legacy gain-path refined,budget_50,seed_2,10.0,2,35.642347123639276,1163.9750453184074,4.414780180739891,1.4830540312725602,11.846323410145466,307.36518252379784,0.16444142847566653,0.03386193572467628,19.549097220174808,0.0,1.0,0.43973257616390726,0.0,23.0,1.7731651388187515,0.8333333333333334,5.677571753803578,0.4444444444444444,4.9753509424841,0.0
pc4,random,Random,budget_50,seed_0,0.1,0,82.7306163249068,2539.0564150090827,1.6915629394482885,0.40387011216002505,36.678285685123576,1044.5305578384293,0.4132324622090049,0.09972970734210393,13.888940418287135,0.0,1.0,0.7076288426270848,0.0,6.0,1.6915629394482885,1.0,,,,
pc4,random,Random,budget_50,seed_0,0.1,1,55.147979326315365,1589.4454425511044,3.663031678629761,0.8665062212881416,36.678285685123576,1044.5305578384293,0.4132324622090049,0.09972970734210393,13.888940418287135,0.0,1.0,0.6366315155530168,0.0,14.0,1.6915629394482885,1.0,5.141633233015865,0.375,,
pc4,random,Random,budget_50,seed_0,0.1,2,40.19792635275252,1118.7664287945724,5.136278277242623,1.0271163972565958,36.678285685123576,1044.5305578384293,0.4132324622090049,0.09972970734210393,13.888940418287135,0.0,1.0,0.5321681382172633,0.0,24.0,1.6915629394482885,1.0,5.141633233015865,0.375,7.1988235153006315,0.1
pc4,random,Random,budget_50,seed_0,1.0,0,81.0262309525423,2451.8840637946087,1.7001098677130049,0.4182331682557339,35.739386917724374,990.1252239788183,0.41121259277220557,0.09654447490511577,18.7796065065112,0.0,1.0,0.7004270138636536,0.0,6.0,1.7001098677130049,1.0,,,,
pc4,random,Random,budget_50,seed_0,1.0,1,53.35146971829808,1572.2951003375379,3.7367404244616376,0.9213977751667508,35.739386917724374,990.1252239788183,0.41121259277220557,0.09654447490511577,18.7796065065112,0.0,1.0,0.6030814387111555,0.0,14.0,1.7001098677130049,1.0,5.264213342023112,0.375,,
pc4,random,Random,budget_50,seed_0,1.0,2,38.1621935643985,1132.8233525711269,4.874216860716159,1.049028545418468,35.739386917724374,990.1252239788183,0.41121259277220557,0.09654447490511577,18.7796065065112,0.0,1.0,0.4860629535339924,0.0,24.0,1.7001098677130049,1.0,5.264213342023112,0.375,6.46668387147249,0.0
pc4,random,Random,budget_50,seed_0,10.0,0,67.89923388140635,2167.3560020229215,1.9587558565443233,0.7008449364749522,28.56264898906218,747.9920293482775,0.39648443134584,0.08725245681852893,19.549097220174808,0.0,1.0,0.6263103315382849,0.0,6.0,1.9587558565443233,1.0,,,,
pc4,random,Random,budget_50,seed_0,10.0,1,46.41740816451481,1566.1260494520923,4.8891339835504715,1.3964795269205188,28.56264898906218,747.9920293482775,0.39648443134584,0.08725245681852893,19.549097220174808,0.0,1.0,0.4608930625705446,0.0,14.0,1.9587558565443233,1.0,7.086917578805083,0.625,,
pc4,random,Random,budget_50,seed_0,10.0,2,33.25191775957799,1179.447960463683,5.021677950262201,1.60685865224825,28.56264898906218,747.9920293482775,0.39648443134584,0.08725245681852893,19.549097220174808,0.0,1.0,0.447306192685016,0.0,24.0,1.9587558565443233,1.0,7.086917578805083,0.625,5.207239503658622,0.0
pc4,random,Random,budget_50,seed_1,0.1,0,57.665069907831985,1445.5226560356705,1.1024812770986343,0.23869563946654182,44.98463085198421,1004.6306050195004,0.5068151202079817,0.09277521634307846,13.888940418287135,0.0,1.0,0.7174016003752298,0.0,6.0,1.1024812770986343,0.8333333333333334,,,,
pc4,random,Random,budget_50,seed_1,0.1,1,49.04947709960071,1064.3799480630655,2.650938080179,0.45195670608401295,44.98463085198421,1004.6306050195004,0.5068151202079817,0.09277521634307846,13.888940418287135,0.0,1.0,0.5911250807091692,0.0,15.0,1.1024812770986343,0.8333333333333334,3.6832426155659093,0.3333333333333333,,
pc4,random,Random,budget_50,seed_1,0.1,2,36.77040664814783,804.1360735787375,2.5008278440863427,0.42128879146664105,44.98463085198421,1004.6306050195004,0.5068151202079817,0.09277521634307846,13.888940418287135,0.0,1.0,0.575342738905412,0.0,24.0,1.1024812770986343,0.8333333333333334,3.6832426155659093,0.3333333333333333,2.2506441172652485,0.1111111111111111
pc4,random,Random,budget_50,seed_1,1.0,0,54.27786718004396,1422.4877655889704,1.0831924817528862,0.25936519012542236,37.342877489303675,959.1550144667387,0.42966214024046123,0.09045827017749085,18.7796065065112,0.0,1.0,0.720685972013935,0.0,6.0,1.0831924817528862,0.8333333333333334,,,,
pc4,random,Random,budget_50,seed_1,1.0,1,46.30213675096118,1056.0647683144737,2.706911285086121,0.5137437534676567,37.342877489303675,959.1550144667387,0.42966214024046123,0.09045827017749085,18.7796065065112,0.0,1.0,0.5676496722353577,0.0,15.0,1.0831924817528862,0.8333333333333334,3.7893904873082778,0.3333333333333333,,
pc4,random,Random,budget_50,seed_1,1.0,2,34.32592359455477,814.6070863656784,2.5882863376336864,0.5173611943476853,37.342877489303675,959.1550144667387,0.42966214024046123,0.09045827017749085,18.7796065065112,0.0,1.0,0.5364732490151147,0.0,24.0,1.0831924817528862,0.8333333333333334,3.7893904873082778,0.3333333333333333,2.3905780918796284,0.1111111111111111
pc4,random,Random,budget_50,seed_1,10.0,0,43.65091698762466,1507.6714064974542,1.4601233198370196,0.5810563528021557,19.058557171754355,696.9158608462855,0.2645560362909222,0.07929543278171163,19.549097220174808,0.0,1.0,0.5792027786110848,0.0,6.0,1.4601233198370196,0.8333333333333334,,,,
pc4,random,Random,budget_50,seed_1,10.0,1,37.07340273975735,1158.5615321109624,3.730159367502279,1.3003696064794648,19.058557171754355,696.9158608462855,0.2645560362909222,0.07929543278171163,19.549097220174808,0.0,1.0,0.46350558839228706,0.0,15.0,1.4601233198370196,0.8333333333333334,5.243516732612452,0.3333333333333333,,
pc4,random,Random,budget_50,seed_1,10.0,2,27.700673842714433,949.48224656296,3.6163789058909153,1.3609111174086002,19.058557171754355,696.9158608462855,0.2645560362909222,0.07929543278171163,19.549097220174808,0.0,1.0,0.4903463476681648,0.0,24.0,1.4601233198370196,0.8333333333333334,5.243516732612452,0.3333333333333333,3.4267448032053083,0.0
pc4,random,Random,budget_50,seed_2,0.1,0,78.47439047632663,2646.9574617431567,1.916720333388264,0.45446307247645895,34.186387236392946,921.2741697912944,0.3851577222829399,0.08237657890553737,13.888940418287135,0.0,1.0,0.7346756503582705,0.0,6.0,1.916720333388264,0.6666666666666666,,,,
pc4,random,Random,budget_50,seed_2,0.1,1,67.64631008372818,2256.615735192345,3.805803005146316,0.970723712150998,34.186387236392946,921.2741697912944,0.3851577222829399,0.08237657890553737,13.888940418287135,0.0,1.0,0.6594536590000336,0.0,15.0,1.916720333388264,0.6666666666666666,5.065191452985017,0.3333333333333333,,
pc4,random,Random,budget_50,seed_2,0.1,2,50.04208883653806,1649.1497363161573,3.4133635695916023,0.8359009310536578,34.186387236392946,921.2741697912944,0.3851577222829399,0.08237657890553737,13.888940418287135,0.0,1.0,0.5588384870324028,0.0,23.0,1.916720333388264,0.6666666666666666,5.065191452985017,0.3333333333333333,2.677539627926514,0.0
pc4,random,Random,budget_50,seed_2,1.0,0,75.48533478980639,2549.0501463267033,1.9199312498972922,0.471954240983149,29.22257404113447,869.7768226307816,0.3362310178010684,0.07942488470740972,18.7796065065112,0.0,1.0,0.7223555421057991,0.0,6.0,1.9199312498972922,0.6666666666666666,,,,
pc4,random,Random,budget_50,seed_2,1.0,1,65.36097711699901,2222.1099803527186,3.9212208565791267,1.0401510553699695,29.22257404113447,869.7768226307816,0.3362310178010684,0.07942488470740972,18.7796065065112,0.0,1.0,0.6513357852144982,0.0,15.0,1.9199312498972922,0.6666666666666666,5.255413927700349,0.3333333333333333,,
pc4,random,Random,budget_50,seed_2,1.0,2,48.59456878925921,1628.449685526803,3.611951198622536,0.9095191797705958,29.22257404113447,869.7768226307816,0.3362310178010684,0.07942488470740972,18.7796065065112,0.0,1.0,0.5700289780402507,0.0,23.0,1.9199312498972922,0.6666666666666666,5.255413927700349,0.3333333333333333,3.032070589953927,0.0
pc4,random,Random,budget_50,seed_2,10.0,0,61.49709916440306,2246.0939794121855,2.043256024018524,0.7824761383157496,19.81849813902565,605.0750845916264,0.27510494449549205,0.0666601644818972,19.549097220174808,0.0,1.0,0.6189393488918482,0.0,6.0,2.043256024018524,0.6666666666666666,,,,
pc4,random,Random,budget_50,seed_2,10.0,1,53.52641752213035,1922.9499221367353,4.838994305724099,1.6273071562973371,19.81849813902565,605.0750845916264,0.27510494449549205,0.0666601644818972,19.549097220174808,0.0,1.0,0.5058038637814989,0.0,15.0,2.043256024018524,0.6666666666666666,6.702819826861149,0.3333333333333333,,
pc4,random,Random,budget_50,seed_2,10.0,2,40.25319264550352,1510.0319456308546,4.893670227051324,1.7764541381011394,19.81849813902565,605.0750845916264,0.27510494449549205,0.0666601644818972,19.549097220174808,0.0,1.0,0.45590815823913894,0.0,23.0,2.043256024018524,0.6666666666666666,6.702819826861149,0.3333333333333333,4.996187579539871,0.0
phoneme,histdistill_refined,HistDistill-Refined,budget_50,seed_0,0.1,0,79.39771616114805,2040.0296405554022,0.39502663063706545,0.0942377036546542,75.0262105391385,1943.6646411998295,0.21217478047495825,0.05137103390362339,6.554419265552212,0.0,1.0,0.9139361171569034,0.0,5.0,0.39502663063706545,0.8,,,,
phoneme,histdistill_refined,HistDistill-Refined,budget_50,seed_0,0.1,1,87.4666607046256,1975.789715780378,1.6080951635461884,0.32243815661818087,75.0262105391385,1943.6646411998295,0.21217478047495825,0.05137103390362339,6.554419265552212,0.0,1.0,0.755028272733871,0.0,12.0,0.39502663063706545,0.8,2.4745726870527043,0.0,,
phoneme,histdistill_refined,HistDistill-Refined,budget_50,seed_0,0.1,2,68.28194839852158,1385.1676285411347,2.638932627989468,0.47930407115719575,75.0262105391385,1943.6646411998295,0.21217478047495825,0.05137103390362339,6.554419265552212,0.0,1.0,0.5963276789072173,0.0,25.0,0.39502663063706545,0.8,2.4745726870527043,0.0,3.5904749028601888,0.07692307692307693
phoneme,histdistill_refined,HistDistill-Refined,budget_50,seed_0,1.0,0,78.26838739034395,2025.2097615142732,0.38454597399481266,0.09387092514306947,74.59663669838221,1929.105495675171,0.21159949106521914,0.05114080645754209,6.610832507037287,0.0,1.0,0.9153593688480045,0.0,5.0,0.38454597399481266,0.8,,,,
phoneme,histdistill_refined,HistDistill-Refined,budget_50,seed_0,1.0,1,86.24471908741323,1956.2635322261383,1.5997775897307605,0.32015433455166403,74.59663669838221,1929.105495675171,0.21159949106521914,0.05114080645754209,6.610832507037287,0.0,1.0,0.748931724597092,0.0,12.0,0.38454597399481266,0.8,2.467800172399295,0.0,,
phoneme,histdistill_refined,HistDistill-Refined,budget_50,seed_0,1.0,2,66.7544941179479,1358.2219665310843,2.638721817046596,0.47499648432818675,74.59663669838221,1929.105495675171,0.21159949106521914,0.05114080645754209,6.610832507037287,0.0,1.0,0.566697923430795,0.0,25.0,0.38454597399481266,0.8,2.467800172399295,0.0,3.597747257645829,0.07692307692307693
phoneme,histdistill_refined,HistDistill-Refined,budget_50,seed_0,10.0,0,74.7129832614855,1911.322332933522,0.3748360667159938,0.09304600464693884,70.55419349421408,1776.3034106936734,0.20617155298693987,0.048968544419466596,7.121381613118672,0.0,1.0,0.923442689734526,0.0,5.0,0.3748360667159938,0.8,,,,
phoneme,histdistill_refined,HistDistill-Refined,budget_50,seed_0,10.0,1,81.0623026133252,1856.434689941214,1.5993252638811828,0.3357165141986089,70.55419349421408,1776.3034106936734,0.20617155298693987,0.048968544419466596,7.121381613118672,0.0,1.0,0.7108981607241023,0.0,12.0,0.3748360667159938,0.8,2.47396040471346,0.0,,
phoneme,histdistill_refined,HistDistill-Refined,budget_50,seed_0,10.0,2,58.517928962460175,1244.4465534797826,2.5158171056421637,0.4545703046856382,70.55419349421408,1776.3034106936734,0.20617155298693987,0.048968544419466596,7.121381613118672,0.0,1.0,0.5369709938022689,0.0,25.0,0.3748360667159938,0.8,2.47396040471346,0.0,3.3618095749599917,0.07692307692307693
phoneme,histdistill_refined,HistDistill-Refined,budget_50,seed_1,0.1,0,70.67277944326851,2038.127841950109,0.33070818693660714,0.09024934657988182,82.89643240555328,3030.257895769211,0.23443183683960916,0.08319995988212887,6.554419265552212,0.0,1.0,0.9241565978547024,0.0,5.0,0.33070818693660714,0.8,,,,
phoneme,histdistill_refined,HistDistill-Refined,budget_50,seed_1,0.1,1,69.36518016203594,1862.9991911386833,1.1912755261145391,0.29569331944249716,82.89643240555328,3030.257895769211,0.23443183683960916,0.08319995988212887,6.554419265552212,0.0,1.0,0.6953925818481744,0.0,12.0,0.33070818693660714,0.8,1.805966482670205,0.0,,
phoneme,histdistill_refined,HistDistill-Refined,budget_50,seed_1,0.1,2,60.42567835656326,1368.5350662985597,2.1498604078786143,0.40943715919366563,82.89643240555328,3030.257895769211,0.23443183683960916,0.08319995988212887,6.554419265552212,0.0,1.0,0.5429280274178833,0.0,25.0,0.33070818693660714,0.8,1.805966482670205,0.0,3.034707991045453,0.0
phoneme,histdistill_refined,HistDistill-Refined,budget_50,seed_1,1.0,0,70.02497377466217,2033.0799181898979,0.32927267897117823,0.09042806994058074,82.18056130618416,3018.879984446138,0.23311191653523614,0.08313884656817556,6.610832507037287,0.0,1.0,0.925177370172861,0.0,5.0,0.32927267897117823,0.8,,,,
phoneme,histdistill_refined,HistDistill-Refined,budget_50,seed_1,1.0,1,68.75208530258227,1856.5833624864156,1.1916289029657745,0.29783849653025735,82.18056130618416,3018.879984446138,0.23311191653523614,0.08313884656817556,6.610832507037287,0.0,1.0,0.6713591197661949,0.0,12.0,0.32927267897117823,0.8,1.807597634390486,0.0,,
phoneme,histdistill_refined,HistDistill-Refined,budget_50,seed_1,1.0,2,59.470264627352265,1354.2694030930415,2.158087703753226,0.41373607647437877,82.18056130618416,3018.879984446138,0.23311191653523614,0.08313884656817556,6.610832507037287,0.0,1.0,0.4905006866382896,0.0,25.0,0.32927267897117823,0.8,1.807597634390486,0.0,3.0502035198647195,0.0
phoneme,histdistill_refined,HistDistill-Refined,budget_50,seed_1,10.0,0,64.02974023979955,1993.469532846116,0.3158890749243874,0.09352722568175291,75.68100979483027,2881.1240715065883,0.22115299670032426,0.08254061485308786,7.121381613118672,0.0,1.0,0.9264668666657562,0.0,5.0,0.3158890749243874,0.8,,,,
phoneme,histdistill_refined,HistDistill-Refined,budget_50,seed_1,10.0,1,63.80035418901584,1830.0944761128842,1.200523899455642,0.3331064513945497,75.68100979483027,2881.1240715065883,0.22115299670032426,0.08254061485308786,7.121381613118672,0.0,1.0,0.6371115812314855,0.0,12.0,0.3158890749243874,0.8,1.8324059169779667,0.0,,
phoneme,histdistill_refined,HistDistill-Refined,budget_50,seed_1,10.0,2,53.088321584614796,1279.9999063178686,2.1882809578755213,0.4506134599901367,75.68100979483027,2881.1240715065883,0.22115299670032426,0.08254061485308786,7.121381613118672,0.0,1.0,0.4006510544107845,0.0,25.0,0.3158890749243874,0.8,1.8324059169779667,0.0,3.100056704109256,0.0
phoneme,histdistill_refined,HistDistill-Refined,budget_50,seed_2,0.1,0,67.69806882015635,1708.092421120286,0.2820123498538508,0.07155465409767585,91.38475969838623,2496.942749264303,0.25843690076346154,0.07279769033850814,6.554419265552212,0.0,1.0,0.9420522707631594,0.0,5.0,0.2820123498538508,0.6,,,,
phoneme,histdistill_refined,HistDistill-Refined,budget_50,seed_2,0.1,1,74.15339124920978,1817.849863592991,1.195498393891712,0.29853850179628144,91.38475969838623,2496.942749264303,0.25843690076346154,0.07279769033850814,6.554419265552212,0.0,1.0,0.7475777973391047,0.0,12.0,0.2820123498538508,0.6,1.8479884253473273,0.0,,
phoneme,histdistill_refined,HistDistill-Refined,budget_50,seed_2,0.1,2,62.40304073417993,1341.3031824599677,2.4190297195114123,0.4540453549523836,91.38475969838623,2496.942749264303,0.25843690076346154,0.07279769033850814,6.554419265552212,0.0,1.0,0.5677439238908452,0.0,25.0,0.2820123498538508,0.6,1.8479884253473273,0.0,3.548443250852674,0.15384615384615385
phoneme,histdistill_refined,HistDistill-Refined,budget_50,seed_2,1.0,0,67.47134676887569,1697.4800329977502,0.282382723852357,0.07139687788396458,90.96538118772344,2482.1955471922574,0.25803078015035197,0.07258713072529947,6.610832507037287,0.0,1.0,0.9436598977990034,0.0,5.0,0.282382723852357,0.6,,,,
phoneme,histdistill_refined,HistDistill-Refined,budget_50,seed_2,1.0,1,73.69866128430293,1803.9882305460135,1.1951281707282366,0.2983138092959469,90.96538118772344,2482.1955471922574,0.25803078015035197,0.07258713072529947,6.610832507037287,0.0,1.0,0.7332238447064787,0.0,12.0,0.282382723852357,0.6,1.8470892042110079,0.0,,
phoneme,histdistill_refined,HistDistill-Refined,budget_50,seed_2,1.0,2,61.36515973656309,1323.6760078183456,2.4043397311549715,0.45444522242447905,90.96538118772344,2482.1955471922574,0.25803078015035197,0.07258713072529947,6.610832507037287,0.0,1.0,0.5410318820827914,0.0,25.0,0.282382723852357,0.6,1.8470892042110079,0.0,3.520535017702727,0.15384615384615385
phoneme,histdistill_refined,HistDistill-Refined,budget_50,seed_2,10.0,0,65.30166954674598,1624.4668710099222,0.2861031343276024,0.0720728391182038,86.97516161642397,2344.1918036978727,0.25415646120621793,0.07061993594821904,7.121381613118672,0.0,0.0,0.9477885465079711,0.0,5.0,0.2861031343276024,0.4,,,,
phoneme,histdistill_refined,HistDistill-Refined,budget_50,seed_2,10.0,1,69.97954734805239,1747.7555281406483,1.2027083396587244,0.3202986327064407,86.97516161642397,2344.1918036978727,0.25415646120621793,0.07061993594821904,7.121381613118672,0.0,0.0,0.7350864814567245,0.0,12.0,0.2861031343276024,0.4,1.8574263434666687,0.0,,
phoneme,histdistill_refined,HistDistill-Refined,budget_50,seed_2,10.0,2,55.48174732026684,1234.9260310780464,2.2798663849535505,0.44859744579339433,86.97516161642397,2344.1918036978727,0.25415646120621793,0.07061993594821904,7.121381613118672,0.0,0.0,0.5605691056658035,0.0,25.0,0.2861031343276024,0.4,1.8574263434666687,0.0,3.274166119071851,0.15384615384615385
phoneme,histdistill_density,HistDistill-Density,budget_50,seed_0,0.1,0,97.42039601515481,2194.736419266889,0.46541538439587987,0.10119930997874298,116.52082508103311,2456.167897035794,0.32952191380413937,0.06491648900590609,6.554419265552212,0.0,1.0,0.8779349513611908,0.0,5.0,0.46541538439587987,0.8,,,,
phoneme,histdistill_density,HistDistill-Density,budget_50,seed_0,0.1,1,96.36626605156539,2269.124389231441,1.6004010184863338,0.3767453802227065,116.52082508103311,2456.167897035794,0.32952191380413937,0.06491648900590609,6.554419265552212,0.0,1.0,0.7351553001574013,0.0,12.0,0.46541538439587987,0.8,2.4111050428366574,0.0,,
phoneme,histdistill_density,HistDistill-Density,budget_50,seed_0,0.1,2,71.91835274424614,1557.5839718700108,2.5835275655786556,0.5152347748597412,116.52082508103311,2456.167897035794,0.32952191380413937,0.06491648900590609,6.554419265552212,0.0,1.0,0.5567374769250186,0.0,25.0,0.46541538439587987,0.8,2.4111050428366574,0.0,3.4910289936638765,0.0
phoneme,histdistill_density,HistDistill-Density,budget_50,seed_0,1.0,0,96.38424380947264,2179.5213595103464,0.45698696248669224,0.10080852117683195,115.94199835017756,2439.2561816020007,0.3288790075506729,0.06466495925875279,6.610832507037287,0.0,1.0,0.8803975168435928,0.0,5.0,0.45698696248669224,0.8,,,,
phoneme,histdistill_density,HistDistill-Density,budget_50,seed_0,1.0,1,95.56391140702101,2249.244576360401,1.6006096949570352,0.37483097840342555,115.94199835017756,2439.2561816020007,0.3288790075506729,0.06466495925875279,6.610832507037287,0.0,1.0,0.7271550360287223,0.0,12.0,0.45698696248669224,0.8,2.4174830752929948,0.0,,
phoneme,histdistill_density,HistDistill-Density,budget_50,seed_0,1.0,2,70.49921001415552,1529.8945954619855,2.582531931578117,0.5106453252510963,115.94199835017756,2439.2561816020007,0.3288790075506729,0.06466495925875279,6.610832507037287,0.0,1.0,0.5325840492263458,0.0,25.0,0.45698696248669224,0.8,2.4174830752929948,0.0,3.4889216884591154,0.0
phoneme,histdistill_density,HistDistill-Density,budget_50,seed_0,10.0,0,92.60002514625965,2056.723914417182,0.45265862064254464,0.09943926421070484,110.46846772635854,2265.2205967258974,0.32280796391073097,0.06244685155862253,7.121381613118672,0.0,1.0,0.8893962779809591,0.0,5.0,0.45265862064254464,0.8,,,,
phoneme,histdistill_density,HistDistill-Density,budget_50,seed_0,10.0,1,91.48480031203992,2126.0076895867405,1.6453406720603405,0.38381116588814873,110.46846772635854,2265.2205967258974,0.32280796391073097,0.06244685155862253,7.121381613118672,0.0,1.0,0.6973226003013927,0.0,12.0,0.45265862064254464,0.8,2.4972564230730514,0.0,,
phoneme,histdistill_density,HistDistill-Density,budget_50,seed_0,10.0,2,63.03871573777013,1399.9254946467875,2.4830584980291937,0.48297179066601126,110.46846772635854,2265.2205967258974,0.32280796391073097,0.06244685155862253,7.121381613118672,0.0,1.0,0.5072503691810162,0.0,25.0,0.45265862064254464,0.8,2.4972564230730514,0.0,3.2563364912312123,0.0
phoneme,histdistill_density,HistDistill-Density,budget_50,seed_1,0.1,0,69.30417115748267,2070.8784166468376,0.3265372074845917,0.09355893768310011,84.52905675800736,2987.2929819291453,0.23904891280667148,0.08202029820619579,6.554419265552212,0.0,1.0,0.9154541673587657,0.0,5.0,0.3265372074845917,0.8,,,,
phoneme,histdistill_density,HistDistill-Density,budget_50,seed_1,0.1,1,71.26376717262117,1984.9553564819664,1.2384891258889044,0.31885720116801797,84.52905675800736,2987.2929819291453,0.23904891280667148,0.08202029820619579,6.554419265552212,0.0,1.0,0.7095498860876313,0.0,12.0,0.3265372074845917,0.8,1.8898833533205563,0.0,,
phoneme,histdistill_density,HistDistill-Density,budget_50,seed_1,0.1,2,58.36411637129013,1403.2739889331165,1.9992427381554914,0.40548561569858355,84.52905675800736,2987.2929819291453,0.23904891280667148,0.08202029820619579,6.554419265552212,0.0,1.0,0.5509266573854752,0.0,25.0,0.3265372074845917,0.8,1.8898833533205563,0.0,2.701476841786187,0.0
phoneme,histdistill_density,HistDistill-Density,budget_50,seed_1,1.0,0,68.67359234253625,2064.823741246598,0.32513455332357816,0.09369116277726318,83.80116298781316,2974.7392973120127,0.23770888640183566,0.08192322824814778,6.610832507037287,0.0,1.0,0.9161564580666216,0.0,5.0,0.32513455332357816,0.8,,,,
phoneme,histdistill_density,HistDistill-Density,budget_50,seed_1,1.0,1,70.647587974152,1977.523989561256,1.2385084077103596,0.3210708692809469,83.80116298781316,2974.7392973120127,0.23770888640183566,0.08192322824814778,6.610832507037287,0.0,1.0,0.6774115001289148,0.0,12.0,0.32513455332357816,0.8,1.8909183037009178,0.0,,
phoneme,histdistill_density,HistDistill-Density,budget_50,seed_1,1.0,2,57.50659496518564,1388.9930232280117,2.010626819045639,0.40982377521215924,83.80116298781316,2974.7392973120127,0.23770888640183566,0.08192322824814778,6.610832507037287,0.0,1.0,0.4961946634174268,0.0,25.0,0.32513455332357816,0.8,1.8909183037009178,0.0,2.723351506432052,0.0
phoneme,histdistill_density,HistDistill-Density,budget_50,seed_1,10.0,0,63.67011081294487,2025.1496263419278,0.31767720629964413,0.09661140118630698,77.1909761531364,2840.988147598496,0.22556537948910263,0.08139077064129788,7.121381613118672,0.0,1.0,0.9201390264294365,0.0,5.0,0.31767720629964413,0.8,,,,
phoneme,histdistill_density,HistDistill-Density,budget_50,seed_1,10.0,1,66.2487757448625,1956.3307824326573,1.2564472891465834,0.36085562109443864,77.1909761531364,2840.988147598496,0.22556537948910263,0.08139077064129788,7.121381613118672,0.0,1.0,0.6319193916946697,0.0,12.0,0.31767720629964413,0.8,1.9269973483229688,0.0,,
phoneme,histdistill_density,HistDistill-Density,budget_50,seed_1,10.0,2,51.715957346376044,1323.0640890653935,2.051759930253527,0.4514907660029523,77.1909761531364,2840.988147598496,0.22556537948910263,0.08139077064129788,7.121381613118672,0.0,1.0,0.3974578779639566,0.0,25.0,0.31767720629964413,0.8,1.9269973483229688,0.0,2.7858946758907064,0.0
phoneme,histdistill_density,HistDistill-Density,budget_50,seed_2,0.1,0,67.73110882784694,1554.5615152454238,0.289443572406701,0.06531006129785392,79.14749134054631,2007.0147380483654,0.22382979867500719,0.05851397171533687,6.554419265552212,0.0,1.0,0.9451641620365576,0.0,5.0,0.289443572406701,0.6,,,,
phoneme,histdistill_density,HistDistill-Density,budget_50,seed_2,0.1,1,73.13973472971334,1750.4905181924735,1.1832546839916132,0.2941205849019173,79.14749134054631,2007.0147380483654,0.22382979867500719,0.05851397171533687,6.554419265552212,0.0,1.0,0.7480927186641507,0.0,12.0,0.289443572406701,0.6,1.8216911922665506,0.0,,
phoneme,histdistill_density,HistDistill-Density,budget_50,seed_2,0.1,2,58.102266205248796,1272.3792401312012,2.140738730022843,0.41493857872969614,79.14749134054631,2007.0147380483654,0.22382979867500719,0.05851397171533687,6.554419265552212,0.0,1.0,0.5764373068820933,0.0,25.0,0.289443572406701,0.6,1.8216911922665506,0.0,3.0245701571285935,0.0
phoneme,histdistill_density,HistDistill-Density,budget_50,seed_2,1.0,0,67.42345131350183,1546.3898333512466,0.2890698550033938,0.06524763127855104,78.75558645576461,1994.6922027728403,0.22339669387459216,0.0583310141874947,6.610832507037287,0.0,1.0,0.9455359664012002,0.0,5.0,0.2890698550033938,0.6,,,,
phoneme,histdistill_density,HistDistill-Density,budget_50,seed_2,1.0,1,72.60786825060639,1738.066679823486,1.1813369477831648,0.2942447324250995,78.75558645576461,1994.6922027728403,0.22339669387459216,0.0583310141874947,6.610832507037287,0.0,1.0,0.7364623534749265,0.0,12.0,0.2890698550033938,0.6,1.8186705854830016,0.0,,
phoneme,histdistill_density,HistDistill-Density,budget_50,seed_2,1.0,2,57.065203947762804,1254.9741482746388,2.1185496084204445,0.41502530238757424,78.75558645576461,1994.6922027728403,0.22339669387459216,0.0583310141874947,6.610832507037287,0.0,1.0,0.5495476014064667,0.0,25.0,0.2890698550033938,0.6,1.8186705854830016,0.0,2.983668987470241,0.0
phoneme,histdistill_density,HistDistill-Density,budget_50,seed_2,10.0,0,64.59176571713041,1475.1628810957122,0.2865428472398763,0.06584166146659202,75.03448347682269,1870.017165312725,0.21926373500758756,0.05633519075876573,7.121381613118672,0.0,0.0,0.9488258577084088,0.0,5.0,0.2865428472398763,0.4,,,,
phoneme,histdistill_density,HistDistill-Density,budget_50,seed_2,10.0,1,68.9857290058785,1668.7188540512807,1.1950753103825444,0.31215731118049017,75.03448347682269,1870.017165312725,0.21926373500758756,0.05633519075876573,7.121381613118672,0.0,0.0,0.731695685353262,0.0,12.0,0.2865428472398763,0.4,1.8440270697701646,0.0,,
phoneme,histdistill_density,HistDistill-Density,budget_50,seed_2,10.0,2,51.268947521192565,1160.6374133359188,1.974204632712321,0.4123093212969345,75.03448347682269,1870.017165312725,0.21926373500758756,0.05633519075876573,7.121381613118672,0.0,0.0,0.5672179216460743,0.0,25.0,0.2865428472398763,0.4,1.8440270697701646,0.0,2.6934009302474995,0.0
phoneme,gain_path_refined,Legacy gain-path refined,budget_50,seed_0,0.1,0,103.03469552675828,2343.782299658519,0.5337802010379948,0.10902017781089908,84.28709249673236,2065.1390091014873,0.2383646357566927,0.05458160003711294,6.554419265552212,0.0,1.0,0.9109730736276932,0.0,5.0,0.5337802010379948,0.8,,,,
phoneme,gain_path_refined,Legacy gain-path refined,budget_50,seed_0,0.1,1,100.86911932372993,2364.365672007467,1.6703177764805908,0.38467405295049906,84.28709249673236,2065.1390091014873,0.2383646357566927,0.05458160003711294,6.554419265552212,0.0,1.0,0.7598349310223419,0.0,12.0,0.5337802010379948,0.8,2.4821303303681597,0.14285714285714285,,
phoneme,gain_path_refined,Legacy gain-path refined,budget_50,seed_0,0.1,2,71.67921099679421,1564.4473142695597,2.478657719117731,0.5037818654027465,84.28709249673236,2065.1390091014873,0.2383646357566927,0.05458160003711294,6.554419265552212,0.0,1.0,0.5974991158103904,0.0,25.0,0.5337802010379948,0.8,2.4821303303681597,0.14285714285714285,3.2248176661673984,0.07692307692307693
phoneme,gain_path_refined,Legacy gain-path refined,budget_50,seed_0,1.0,0,102.49117476563966,2324.798858958954,0.5330624830955187,0.10856461784687096,83.41680329103053,2041.8161158363569,0.236618618531529,0.05412877783821319,6.610832507037287,0.0,1.0,0.9120832280475334,0.0,5.0,0.5330624830955187,0.8,,,,
phoneme,gain_path_refined,Legacy gain-path refined,budget_50,seed_0,1.0,1,100.33043216823069,2345.980325256813,1.6713245122350269,0.3842606928269148,83.41680329103053,2041.8161158363569,0.236618618531529,0.05412877783821319,6.610832507037287,0.0,1.0,0.7499686128871034,0.0,12.0,0.5330624830955187,0.8,2.4843688187632464,0.14285714285714285,,
phoneme,gain_path_refined,Legacy gain-path refined,budget_50,seed_0,1.0,2,70.51099095637571,1538.411138447706,2.4782336852297906,0.4989333760618013,83.41680329103053,2041.8161158363569,0.236618618531529,0.05412877783821319,6.610832507037287,0.0,1.0,0.5774579790178196,0.0,25.0,0.5330624830955187,0.8,2.4843688187632464,0.14285714285714285,3.223072921840343,0.07692307692307693
phoneme,gain_path_refined,Legacy gain-path refined,budget_50,seed_0,10.0,0,97.86943329423009,2199.690520842804,0.5281309221799323,0.10804105364763375,76.40690204094327,1840.0332809400677,0.22327417935822774,0.05072542838603439,7.121381613118672,0.0,1.0,0.9181309796959798,0.0,5.0,0.5281309221799323,0.8,,,,
phoneme,gain_path_refined,Legacy gain-path refined,budget_50,seed_0,10.0,1,96.536242276875,2263.9412574994576,1.7575678159589927,0.4215149915968131,76.40690204094327,1840.0332809400677,0.22327417935822774,0.05072542838603439,7.121381613118672,0.0,1.0,0.7279891114628785,0.0,12.0,0.5281309221799323,0.8,2.635737025801179,0.14285714285714285,,
phoneme,gain_path_refined,Legacy gain-path refined,budget_50,seed_0,10.0,2,64.4199783702637,1454.6473150997156,2.446323766927927,0.5069349084343058,76.40690204094327,1840.0332809400677,0.22327417935822774,0.05072542838603439,7.121381613118672,0.0,1.0,0.5507061959475457,0.0,25.0,0.5281309221799323,0.8,2.635737025801179,0.14285714285714285,3.0820984908992513,0.07692307692307693
phoneme,gain_path_refined,Legacy gain-path refined,budget_50,seed_1,0.1,0,85.28292783913977,1935.7699424212856,0.4684087897202126,0.09616906747097734,63.876737766562286,1390.482418444417,0.18064397382840885,0.038177635505183424,6.554419265552212,0.0,1.0,0.9391601900626558,0.0,5.0,0.4684087897202126,0.6,,,,
phoneme,gain_path_refined,Legacy gain-path refined,budget_50,seed_1,0.1,1,88.06410312163695,2204.2556845098593,1.506559795646633,0.3754860770594344,63.876737766562286,1390.482418444417,0.18064397382840885,0.038177635505183424,6.554419265552212,0.0,1.0,0.7624229265924156,0.0,12.0,0.4684087897202126,0.6,2.2480962284512187,0.0,,
phoneme,gain_path_refined,Legacy gain-path refined,budget_50,seed_1,0.1,2,67.16967051269425,1559.1041158169883,2.171500374816139,0.4640455111266321,63.876737766562286,1390.482418444417,0.18064397382840885,0.038177635505183424,6.554419265552212,0.0,1.0,0.5919881042605811,0.0,25.0,0.4684087897202126,0.6,2.2480962284512187,0.0,2.7852916786649136,0.0
phoneme,gain_path_refined,Legacy gain-path refined,budget_50,seed_1,1.0,0,84.8097964113374,1919.3864670036496,0.46755740523729694,0.09583714356112245,62.88857772333452,1375.9745121614214,0.17838861950141588,0.03789383295715765,6.610832507037287,0.0,1.0,0.939427341185126,0.0,5.0,0.46755740523729694,0.6,,,,
phoneme,gain_path_refined,Legacy gain-path refined,budget_50,seed_1,1.0,1,87.57512027459467,2193.6542900504332,1.5106557811646173,0.37811523924695756,62.88857772333452,1375.9745121614214,0.17838861950141588,0.03789383295715765,6.610832507037287,0.0,1.0,0.7519680269158636,0.0,12.0,0.46755740523729694,0.6,2.255726049684131,0.0,,
phoneme,gain_path_refined,Legacy gain-path refined,budget_50,seed_1,1.0,2,66.50287109921005,1545.545869847358,2.185895469105181,0.46982960159350745,62.88857772333452,1375.9745121614214,0.17838861950141588,0.03789383295715765,6.610832507037287,0.0,1.0,0.5358958475743377,0.0,25.0,0.46755740523729694,0.6,2.255726049684131,0.0,2.8091936425887787,0.0
phoneme,gain_path_refined,Legacy gain-path refined,budget_50,seed_1,10.0,0,81.03124183773835,1811.5864009757959,0.4625505798149751,0.09635876166864465,54.239937467920015,1246.355953239013,0.15849847596362415,0.03570654513755789,7.121381613118672,0.0,1.0,0.9370321732252449,0.0,5.0,0.4625505798149751,0.6,,,,
phoneme,gain_path_refined,Legacy gain-path refined,budget_50,seed_1,10.0,1,83.97317269604886,2141.449020267707,1.568967001395771,0.4292827684449219,54.239937467920015,1246.355953239013,0.15849847596362415,0.03570654513755789,7.121381613118672,0.0,1.0,0.7250668342645651,0.0,12.0,0.4625505798149751,0.6,2.3592644453820535,0.0,,
phoneme,gain_path_refined,Legacy gain-path refined,budget_50,seed_1,10.0,2,62.242621585796506,1482.955208850088,2.295385822380306,0.533238534009108,54.239937467920015,1246.355953239013,0.15849847596362415,0.03570654513755789,7.121381613118672,0.0,1.0,0.481359091875525,0.0,25.0,0.4625505798149751,0.6,2.3592644453820535,0.0,2.965926272519877,0.0
phoneme,gain_path_refined,Legacy gain-path refined,budget_50,seed_2,0.1,0,78.39182052298779,1839.3936868797434,0.3773109326430241,0.08089694334016159,66.89296260346165,1417.264166801384,0.18917388408288444,0.04131995336019212,6.554419265552212,0.0,1.0,0.9488576423868732,0.0,5.0,0.3773109326430241,0.6,,,,
phoneme,gain_path_refined,Legacy gain-path refined,budget_50,seed_2,0.1,1,87.71069221284529,2080.810787881931,1.4697977211528956,0.34917014084984993,66.89296260346165,1417.264166801384,0.18917388408288444,0.04131995336019212,6.554419265552212,0.0,1.0,0.7946785426856139,0.0,12.0,0.3773109326430241,0.6,2.2501454272313755,0.0,,
phoneme,gain_path_refined,Legacy gain-path refined,budget_50,seed_2,0.1,2,68.99368940445176,1478.8567931298928,2.529752173101028,0.4804335033573041,66.89296260346165,1417.264166801384,0.18917388408288444,0.04131995336019212,6.554419265552212,0.0,1.0,0.6020592358695209,0.0,25.0,0.3773109326430241,0.6,2.2501454272313755,0.0,3.5081716672069967,0.0
phoneme,gain_path_refined,Legacy gain-path refined,budget_50,seed_2,1.0,0,78.0125155168391,1822.8794120153198,0.37716588036577453,0.08055338104116799,66.36153060394564,1399.942515885006,0.18823993578799503,0.040938680485264285,6.610832507037287,0.0,1.0,0.9487927374421309,0.0,5.0,0.37716588036577453,0.6,,,,
phoneme,gain_path_refined,Legacy gain-path refined,budget_50,seed_2,1.0,1,87.33397608696168,2067.480703052823,1.475543059874205,0.35053265855358745,66.36153060394564,1399.942515885006,0.18823993578799503,0.040938680485264285,6.610832507037287,0.0,1.0,0.7720536256721057,0.0,12.0,0.37716588036577453,0.6,2.2600981880945126,0.0,,
phoneme,gain_path_refined,Legacy gain-path refined,budget_50,seed_2,1.0,2,68.0497566107181,1464.2683849279829,2.5135699477028903,0.48259990100865663,66.36153060394564,1399.942515885006,0.18823993578799503,0.040938680485264285,6.610832507037287,0.0,1.0,0.5637869078953321,0.0,25.0,0.37716588036577453,0.6,2.2600981880945126,0.0,3.4717486133909072,0.0
phoneme,gain_path_refined,Legacy gain-path refined,budget_50,seed_2,10.0,0,74.4582222812557,1694.0959577962617,0.3758763507662541,0.08085305732263667,61.47876315468842,1231.3890403384878,0.17965157629302106,0.03709620305764481,7.121381613118672,0.0,0.0,0.947998787025228,0.0,5.0,0.3758763507662541,0.4,,,,
phoneme,gain_path_refined,Legacy gain-path refined,budget_50,seed_2,10.0,1,84.21805014635811,2011.6877946364687,1.5468224104490318,0.3889788664042369,61.47876315468842,1231.3890403384878,0.17965157629302106,0.03709620305764481,7.121381613118672,0.0,0.0,0.7754218526499659,0.0,12.0,0.3758763507662541,0.4,2.3832124530795875,0.0,,
phoneme,gain_path_refined,Legacy gain-path refined,budget_50,seed_2,10.0,2,63.37674603209072,1398.0430462413874,2.484283249928988,0.505192284850251,61.47876315468842,1231.3890403384878,0.17965157629302106,0.03709620305764481,7.121381613118672,0.0,0.0,0.5821650788598641,0.0,25.0,0.3758763507662541,0.4,2.3832124530795875,0.0,3.3496317171412566,0.0
phoneme,random,Random,budget_50,seed_0,0.1,0,147.5687014235927,3805.7574261338186,0.707024471684264,0.17315674311586732,137.07910594493237,4231.465214482385,0.3876609121341281,0.11183757649724572,6.554419265552212,0.0,1.0,0.7910973229334102,0.0,5.0,0.707024471684264,0.4,,,,
phoneme,random,Random,budget_50,seed_0,0.1,1,126.10261247244209,2813.0660270397107,1.9008200582835,0.37990320477334977,137.07910594493237,4231.465214482385,0.3876609121341281,0.11183757649724572,6.554419265552212,0.0,1.0,0.5915919652086902,0.0,12.0,0.707024471684264,0.4,2.7535311915686687,0.14285714285714285,,
phoneme,random,Random,budget_50,seed_0,0.1,2,96.80680627491603,2005.1985723698444,3.1930734888113825,0.5573084723589321,137.07910594493237,4231.465214482385,0.3876609121341281,0.11183757649724572,6.554419265552212,0.0,1.0,0.49047873357602567,0.0,25.0,0.707024471684264,0.4,2.7535311915686687,0.14285714285714285,4.385922809298659,0.0
phoneme,random,Random,budget_50,seed_0,1.0,0,147.20017802460256,3786.108654247858,0.707521872674375,0.17292372035524375,136.71326308342523,4207.98498082493,0.3877984071491733,0.11155416122294212,6.610832507037287,0.0,1.0,0.7926877714240842,0.0,5.0,0.707521872674375,0.4,,,,
phoneme,random,Random,budget_50,seed_0,1.0,1,124.72387590931964,2791.8741035856656,1.8902877925168273,0.3802702538293919,136.71326308342523,4207.98498082493,0.3877984071491733,0.11155416122294212,6.610832507037287,0.0,1.0,0.5754193132739874,0.0,12.0,0.707521872674375,0.4,2.7351205924042934,0.14285714285714285,,
phoneme,random,Random,budget_50,seed_0,1.0,2,95.41708899657269,1970.2318149559726,3.2574426108975634,0.5600273321046023,136.71326308342523,4207.98498082493,0.3877984071491733,0.11155416122294212,6.610832507037287,0.0,1.0,0.45144570865251105,0.0,25.0,0.707521872674375,0.4,2.7351205924042934,0.14285714285714285,4.519431674018242,0.0
phoneme,random,Random,budget_50,seed_0,10.0,0,143.5886039023248,3617.01570426716,0.7121571467740413,0.17317405434758365,133.15944415880165,3955.586043949493,0.3891149205659792,0.10904628664903615,7.121381613118672,0.0,1.0,0.8039537820078866,0.0,5.0,0.7121571467740413,0.4,,,,
phoneme,random,Random,budget_50,seed_0,10.0,1,116.20228208603363,2655.2252757199108,1.8570408301502732,0.3972239145706224,133.15944415880165,3955.586043949493,0.3891149205659792,0.10904628664903615,7.121381613118672,0.0,1.0,0.5923103360098287,0.0,12.0,0.7121571467740413,0.4,2.6748148897047246,0.14285714285714285,,
phoneme,random,Random,budget_50,seed_0,10.0,2,86.49622381897801,1787.2648949322831,3.2624210409624483,0.5563563347590903,133.15944415880165,3955.586043949493,0.3891149205659792,0.10904628664903615,7.121381613118672,0.0,1.0,0.4430935401111046,0.0,25.0,0.7121571467740413,0.4,2.6748148897047246,0.14285714285714285,4.559695081712149,0.0
phoneme,random,Random,budget_50,seed_1,0.1,0,227.3688208037617,6205.039617895676,1.149673672048682,0.3204575364839685,200.64592299390165,5366.74946120272,0.5674284274589366,0.14735159686999466,6.554419265552212,0.0,1.0,0.8633455460082671,0.0,5.0,1.149673672048682,0.8,,,,
phoneme,random,Random,budget_50,seed_1,0.1,1,145.92371477422935,3657.7447934087554,2.003762912314427,0.42219034569507125,200.64592299390165,5366.74946120272,0.5674284274589366,0.14735159686999466,6.554419265552212,0.0,1.0,0.5786959448674313,0.0,12.0,1.149673672048682,0.8,2.6138266553613874,0.0,,
phoneme,random,Random,budget_50,seed_1,0.1,2,103.25972715560218,2333.1292163899566,2.8756748945890864,0.5314013810036344,200.64592299390165,5366.74946120272,0.5674284274589366,0.14735159686999466,6.554419265552212,0.0,1.0,0.4621247562454805,0.0,25.0,1.149673672048682,0.8,2.6138266553613874,0.0,3.6805167243810795,0.0
phoneme,random,Random,budget_50,seed_1,1.0,0,226.62533623230348,6168.529307334057,1.1489440348600797,0.3194856727069306,200.21649981733577,5333.220979456592,0.5679305574526872,0.14687494799716758,6.610832507037287,0.0,1.0,0.8652542545702493,0.0,5.0,1.1489440348600797,0.8,,,,
phoneme,random,Random,budget_50,seed_1,1.0,1,144.88631119116147,3633.4543790180674,2.006923599832563,0.4228078412008707,200.21649981733577,5333.220979456592,0.5679305574526872,0.14687494799716758,6.610832507037287,0.0,1.0,0.5747914948382267,0.0,12.0,1.1489440348600797,0.8,2.619766146241479,0.0,,
phoneme,random,Random,budget_50,seed_1,1.0,2,102.13580029469057,2309.879841929114,2.899746801050173,0.5367100043983456,200.21649981733577,5333.220979456592,0.5679305574526872,0.14687494799716758,6.610832507037287,0.0,1.0,0.4304031699537327,0.0,25.0,1.1489440348600797,0.8,2.619766146241479,0.0,3.7238912944818137,0.0
phoneme,random,Random,budget_50,seed_1,10.0,0,219.4071502551554,5883.825600744551,1.141612766416567,0.31486907111018797,195.99685596883796,5119.660639529336,0.5727367031552378,0.14667189837643133,7.121381613118672,0.0,1.0,0.8685499185859193,0.0,5.0,1.141612766416567,0.8,,,,
phoneme,random,Random,budget_50,seed_1,10.0,1,141.15456284089845,3523.982855581069,2.1412254845972956,0.4644006675006935,195.99685596883796,5119.660639529336,0.5727367031552378,0.14667189837643133,7.121381613118672,0.0,1.0,0.6040144995166354,0.0,12.0,1.141612766416567,0.8,2.8552345690121013,0.0,,
phoneme,random,Random,budget_50,seed_1,10.0,2,96.54497025563073,2214.3752267348095,3.0670625708410717,0.5993255715244186,195.99685596883796,5119.660639529336,0.5727367031552378,0.14667189837643133,7.121381613118672,0.0,1.0,0.4456841693765364,0.0,25.0,1.141612766416567,0.8,2.8552345690121013,0.0,3.9216814196814793,0.0
phoneme,random,Random,budget_50,seed_2,0.1,0,213.29698664163203,4609.464447251337,1.0013261843441854,0.19555277823613787,270.40569666622787,6026.352040551597,0.764709678351747,0.17569666338892684,6.554419265552212,0.0,0.0,0.5342561869201576,0.0,5.0,1.0013261843441854,0.0,,,,
phoneme,random,Random,budget_50,seed_2,0.1,1,175.75654513139511,3361.2313578453063,2.7591619838253156,0.4173464034121345,270.40569666622787,6026.352040551597,0.764709678351747,0.17569666338892684,6.554419265552212,0.0,0.0,0.4644808476228976,0.0,12.0,1.0013261843441854,0.0,4.014758983454695,0.0,,
phoneme,random,Random,budget_50,seed_2,0.1,2,144.01768272473106,2659.0062903472076,5.203248954318808,0.8498462672359445,270.40569666622787,6026.352040551597,0.764709678351747,0.17569666338892684,6.554419265552212,0.0,0.0,0.4121174269350395,0.0,25.0,1.0013261843441854,0.0,4.014758983454695,0.0,7.459329234774339,0.0
phoneme,random,Random,budget_50,seed_2,1.0,0,212.62879433296044,4597.695201878913,0.9994183665511225,0.19568547221280777,269.6224643871924,6007.021601713609,0.7648062804059016,0.1756640256512034,6.610832507037287,0.0,0.0,0.5355557619306277,0.0,5.0,0.9994183665511225,0.0,,,,
phoneme,random,Random,budget_50,seed_2,1.0,1,175.03999931977617,3338.6384387452003,2.778950102393648,0.41608482057032775,269.6224643871924,6007.021601713609,0.7648062804059016,0.1756640256512034,6.610832507037287,0.0,0.0,0.45202040094016654,0.0,12.0,0.9994183665511225,0.0,4.050044199424023,0.0,,
phoneme,random,Random,budget_50,seed_2,1.0,2,143.0066324279452,2619.265159274925,5.24240397630125,0.8393227096074876,269.6224643871924,6007.021601713609,0.7648062804059016,0.1756640256512034,6.610832507037287,0.0,0.0,0.3794942276391095,0.0,25.0,0.9994183665511225,0.0,4.050044199424023,0.0,7.516361398369805,0.0
phoneme,random,Random,budget_50,seed_2,10.0,0,206.549429032657,4490.938961871109,0.9854832356589357,0.1989359602988962,262.0408096905387,5822.391904928298,0.76572855565678,0.17540243197798472,7.121381613118672,0.0,0.0,0.5388731973206917,0.0,5.0,0.9854832356589357,0.0,,,,
phoneme,random,Random,budget_50,seed_2,10.0,1,168.3857574341803,3181.513239096684,2.905908254112793,0.4175441240562631,262.0408096905387,5822.391904928298,0.76572855565678,0.17540243197798472,7.121381613118672,0.0,0.0,0.4120630622691524,0.0,12.0,0.9854832356589357,0.0,4.277640410151264,0.0,,
phoneme,random,Random,budget_50,seed_2,10.0,2,134.60140386646086,2369.0349661172936,5.431378127300839,0.7840046559468753,262.0408096905387,5822.391904928298,0.76572855565678,0.17540243197798472,7.121381613118672,0.0,0.0,0.3169121266649044,0.0,25.0,0.9854832356589357,0.0,4.277640410151264,0.0,7.762581087166726,0.0
qsar_biodeg,histdistill_refined,HistDistill-Refined,budget_50,seed_0,0.1,0,24.480507121237316,846.8431865335384,0.4807773347745835,0.14559582950107436,31.43181800369166,998.471483913622,0.39617196630373025,0.10575549551982719,7.493141638388778,0.0,0.0,0.8429408787266388,0.0,5.0,0.4807773347745835,0.0,,,,
qsar_biodeg,histdistill_refined,HistDistill-Refined,budget_50,seed_0,0.1,1,21.660857366686283,654.2231508938559,1.051305267130284,0.24605858569382189,31.43181800369166,998.471483913622,0.39617196630373025,0.10575549551982719,7.493141638388778,0.0,0.0,0.6601850444737428,0.0,12.0,0.4807773347745835,0.0,1.4588252188129274,0.0,,
qsar_biodeg,histdistill_refined,HistDistill-Refined,budget_50,seed_0,0.1,2,18.423511810275386,521.7329015369938,1.5165648019462272,0.30789508671298194,31.43181800369166,998.471483913622,0.39617196630373025,0.10575549551982719,7.493141638388778,0.0,0.0,0.5681506999468129,0.0,23.0,0.4807773347745835,0.0,1.4588252188129274,0.0,2.0241206581090747,0.09090909090909091
qsar_biodeg,histdistill_refined,HistDistill-Refined,budget_50,seed_0,1.0,0,24.124883747023393,831.1952098910946,0.481903303720125,0.14527620464046428,30.865370713604477,975.7988456222599,0.39501779187798824,0.10494421374440692,7.214026758087613,0.0,0.0,0.8443924329729793,0.0,5.0,0.481903303720125,0.0,,,,
qsar_biodeg,histdistill_refined,HistDistill-Refined,budget_50,seed_0,1.0,1,21.235674590924592,643.5008511990584,1.0679235931460132,0.25222561737138977,30.865370713604477,975.7988456222599,0.39501779187798824,0.10494421374440692,7.214026758087613,0.0,0.0,0.6601777743720129,0.0,12.0,0.481903303720125,0.0,1.4865095141645046,0.0,,
qsar_biodeg,histdistill_refined,HistDistill-Refined,budget_50,seed_0,1.0,2,17.887338015878687,509.90083404670844,1.5532788458369367,0.31768557322896224,30.865370713604477,975.7988456222599,0.39501779187798824,0.10494421374440692,7.214026758087613,0.0,0.0,0.5652650754330945,0.0,23.0,0.481903303720125,0.0,1.4865095141645046,0.0,2.0827573033179445,0.09090909090909091
qsar_biodeg,histdistill_refined,HistDistill-Refined,budget_50,seed_0,10.0,0,21.12964734258077,726.227439278646,0.4925045813578186,0.14772342463509297,26.216647540248076,814.9524398888584,0.3858202457464912,0.10078436430497333,4.969170323252925,0.0,0.0,0.8517395210078957,0.0,5.0,0.4925045813578186,0.0,,,,
qsar_biodeg,histdistill_refined,HistDistill-Refined,budget_50,seed_0,10.0,1,18.28812568916606,575.1950017062226,1.1669287789210518,0.2965794894516871,26.216647540248076,814.9524398888584,0.3858202457464912,0.10078436430497333,4.969170323252925,0.0,0.0,0.7647294231841563,0.0,12.0,0.4925045813578186,0.0,1.6486603486090754,0.0,,
qsar_biodeg,histdistill_refined,HistDistill-Refined,budget_50,seed_0,10.0,2,14.80054643730699,435.6246689312461,1.7473200884380322,0.3733710319887308,26.216647540248076,814.9524398888584,0.3858202457464912,0.10078436430497333,4.969170323252925,0.0,0.0,0.6846923772641106,0.0,23.0,0.4925045813578186,0.0,1.6486603486090754,0.0,2.3804742442747386,0.18181818181818182
qsar_biodeg,histdistill_refined,HistDistill-Refined,budget_50,seed_1,0.1,0,26.903866827768304,1019.1824062464897,0.5391241950854561,0.17949992133446546,34.744213242663875,1231.1789987407342,0.43792195782011695,0.12616251187740893,7.493141638388778,0.0,0.0,0.7896442142480933,0.0,5.0,0.5391241950854561,0.0,,,,
qsar_biodeg,histdistill_refined,HistDistill-Refined,budget_50,seed_1,0.1,1,22.851998719423047,758.1547002923961,1.3861211201903154,0.3545155109991898,34.744213242663875,1231.1789987407342,0.43792195782011695,0.12616251187740893,7.493141638388778,0.0,0.0,0.6810807405442129,0.0,13.0,0.5391241950854561,0.0,1.9154941983808529,0.125,,
qsar_biodeg,histdistill_refined,HistDistill-Refined,budget_50,seed_1,0.1,2,19.530246475062622,582.7420108954873,1.6265549011660547,0.3659223599965107,34.744213242663875,1231.1789987407342,0.43792195782011695,0.12616251187740893,7.493141638388778,0.0,0.0,0.603633622930301,0.0,25.0,0.5391241950854561,0.0,1.9154941983808529,0.125,1.887024830556439,0.25
qsar_biodeg,histdistill_refined,HistDistill-Refined,budget_50,seed_1,1.0,0,26.449459966965946,1003.6308200385026,0.5376983967896287,0.1799175152134762,34.131357108412516,1205.2155570150876,0.436816179655394,0.1254020906710159,7.214026758087613,0.0,0.0,0.7903268710703889,0.0,5.0,0.5376983967896287,0.0,,,,
qsar_biodeg,histdistill_refined,HistDistill-Refined,budget_50,seed_1,1.0,1,22.323120086531375,741.7329589903339,1.4040673720532557,0.3589657283959582,34.131357108412516,1205.2155570150876,0.436816179655394,0.1254020906710159,7.214026758087613,0.0,0.0,0.6950791505220497,0.0,13.0,0.5376983967896287,0.0,1.9455479815930228,0.125,,
qsar_biodeg,histdistill_refined,HistDistill-Refined,budget_50,seed_1,1.0,2,18.822979281631646,564.9583085686477,1.6752241022091834,0.37282480905079873,34.131357108412516,1205.2155570150876,0.436816179655394,0.1254020906710159,7.214026758087613,0.0,0.0,0.6285536073303557,0.0,25.0,0.5376983967896287,0.0,1.9455479815930228,0.125,1.9689772265447718,0.16666666666666666
qsar_biodeg,histdistill_refined,HistDistill-Refined,budget_50,seed_1,10.0,0,22.89506841217322,898.939418422721,0.534384926885026,0.18782719908207163,29.08459551855621,1029.9057683904407,0.42802672512491924,0.12322540013644288,4.969170323252925,0.0,0.0,0.7903024426816077,0.0,5.0,0.534384926885026,0.0,,,,
qsar_biodeg,histdistill_refined,HistDistill-Refined,budget_50,seed_1,10.0,1,18.857539234801244,658.5810655906591,1.5052602472772212,0.4020104800151549,29.08459551855621,1029.9057683904407,0.42802672512491924,0.12322540013644288,4.969170323252925,0.0,0.0,0.7281730605658672,0.0,13.0,0.534384926885026,0.0,2.1120573225223436,0.0,,
qsar_biodeg,histdistill_refined,HistDistill-Refined,budget_50,seed_1,10.0,2,14.950920794983649,469.0778291722877,1.6976303661042789,0.3971911680092466,29.08459551855621,1029.9057683904407,0.42802672512491924,0.12322540013644288,4.969170323252925,0.0,0.0,0.6930196353023177,0.0,25.0,0.534384926885026,0.0,2.1120573225223436,0.0,1.9060313281669246,0.16666666666666666
qsar_biodeg,histdistill_refined,HistDistill-Refined,budget_50,seed_2,0.1,0,27.38644364405734,911.7274977782952,0.5308631036782024,0.15197598849825292,36.64854680295265,1160.2374079633596,0.4619245010706912,0.1198674517706974,7.493141638388778,0.0,0.0,0.8165021902001944,0.0,5.0,0.5308631036782024,0.0,,,,
qsar_biodeg,histdistill_refined,HistDistill-Refined,budget_50,seed_2,0.1,1,19.08790217163507,606.9989355186498,0.9012191944283029,0.2297604865508792,36.64854680295265,1160.2374079633596,0.4619245010706912,0.1198674517706974,7.493141638388778,0.0,0.0,0.7117627933928686,0.0,12.0,0.5308631036782024,0.0,1.165759259249803,0.0,,
qsar_biodeg,histdistill_refined,HistDistill-Refined,budget_50,seed_2,0.1,2,15.819459625612117,474.95819158330295,1.3489087354442812,0.3000929685830038,36.64854680295265,1160.2374079633596,0.4619245010706912,0.1198674517706974,7.493141638388778,0.0,0.0,0.6165170895485972,0.0,24.0,0.5308631036782024,0.0,1.165759259249803,0.0,1.7965982764602597,0.16666666666666666
qsar_biodeg,histdistill_refined,HistDistill-Refined,budget_50,seed_2,1.0,0,27.024975556924442,899.312647856976,0.5320715015206411,0.1524503730738355,36.07193219543804,1137.409945176283,0.4616518342458759,0.11931700680812615,7.214026758087613,0.0,0.0,0.8156437244904721,0.0,5.0,0.5320715015206411,0.0,,,,
qsar_biodeg,histdistill_refined,HistDistill-Refined,budget_50,seed_2,1.0,1,18.56782394458474,591.8249014318654,0.8904016621080016,0.22828973614660017,36.07193219543804,1137.409945176283,0.4616518342458759,0.11931700680812615,7.214026758087613,0.0,0.0,0.7081063771281695,0.0,12.0,0.5320715015206411,0.0,1.1463517768132594,0.0,,
qsar_biodeg,histdistill_refined,HistDistill-Refined,budget_50,seed_2,1.0,2,15.07843459460556,455.1983571556586,1.3709735127233114,0.3019536614860213,36.07193219543804,1137.409945176283,0.4616518342458759,0.11931700680812615,7.214026758087613,0.0,0.0,0.6231005658983267,0.0,24.0,0.5320715015206411,0.0,1.1463517768132594,0.0,1.8515453633386219,0.16666666666666666
qsar_biodeg,histdistill_refined,HistDistill-Refined,budget_50,seed_2,10.0,0,24.027321877005786,804.309764388309,0.5482340035630994,0.1588345797972108,31.218324104661534,978.3189625586356,0.45942798213856406,0.11705318032227509,4.969170323252925,0.0,0.0,0.8166424890828082,0.0,5.0,0.5482340035630994,0.0,,,,
qsar_biodeg,histdistill_refined,HistDistill-Refined,budget_50,seed_2,10.0,1,16.332711036371453,538.4862820777784,0.9427664045189075,0.2491356353344837,31.218324104661534,978.3189625586356,0.45942798213856406,0.11705318032227509,4.969170323252925,0.0,0.0,0.7329912289447439,0.0,12.0,0.5482340035630994,0.0,1.2245752623444848,0.0,,
qsar_biodeg,histdistill_refined,HistDistill-Refined,budget_50,seed_2,10.0,2,12.370581835730555,389.2689399861785,1.349802223598252,0.30732127894723577,31.218324104661534,978.3189625586356,0.45942798213856406,0.11705318032227509,4.969170323252925,0.0,0.0,0.642926179304193,0.0,24.0,0.5482340035630994,0.0,1.2245752623444848,0.0,1.7568380426775958,0.25
qsar_biodeg,histdistill_density,HistDistill-Density,budget_50,seed_0,0.1,0,26.29538102564802,835.6886666422812,0.5182148253788054,0.1440639220190674,29.752860338941318,910.544628001787,0.3750100990739461,0.09644251225864375,7.493141638388778,0.0,0.0,0.8570135072192384,0.0,5.0,0.5182148253788054,0.0,,,,
qsar_biodeg,histdistill_density,HistDistill-Density,budget_50,seed_0,0.1,1,22.402132072145832,617.788838535199,1.0678093800514177,0.22588246845736526,29.752860338941318,910.544628001787,0.3750100990739461,0.09644251225864375,7.493141638388778,0.0,0.0,0.6817659833824439,0.0,12.0,0.5182148253788054,0.0,1.4603769191032836,0.0,,
qsar_biodeg,histdistill_density,HistDistill-Density,budget_50,seed_0,0.1,2,18.43081221905104,484.7224702733986,1.4529519529303199,0.2761567890722135,29.752860338941318,910.544628001787,0.3750100990739461,0.09644251225864375,7.493141638388778,0.0,0.0,0.5967175487717077,0.0,23.0,0.5182148253788054,0.0,1.4603769191032836,0.0,1.8731074869800315,0.09090909090909091
qsar_biodeg,histdistill_density,HistDistill-Density,budget_50,seed_0,1.0,0,25.889735200410342,819.7309722988572,0.5182657914579987,0.143649368718424,29.222837231143664,890.1288880279367,0.3739965005626259,0.09573066898404219,7.214026758087613,0.0,0.0,0.8577370702906663,0.0,5.0,0.5182657914579987,0.0,,,,
qsar_biodeg,histdistill_density,HistDistill-Density,budget_50,seed_0,1.0,1,22.129115582007998,609.0972772340873,1.0965851791015577,0.23267295429642054,29.222837231143664,890.1288880279367,0.3739965005626259,0.09573066898404219,7.214026758087613,0.0,0.0,0.6893661655760925,0.0,12.0,0.5182657914579987,0.0,1.509670455989814,0.0,,
qsar_biodeg,histdistill_density,HistDistill-Density,budget_50,seed_0,1.0,2,18.044438193106746,475.22426841739417,1.4985340111347456,0.28643291446670616,29.222837231143664,890.1288880279367,0.3739965005626259,0.09573066898404219,7.214026758087613,0.0,0.0,0.5976362393557445,0.0,23.0,0.5182657914579987,0.0,1.509670455989814,0.0,1.9370236460800414,0.09090909090909091
qsar_biodeg,histdistill_density,HistDistill-Density,budget_50,seed_0,10.0,0,22.60659149342735,713.0794397869124,0.5278133472187106,0.14489916383242646,24.86581066281567,751.5059464762395,0.3659405027238842,0.09293799905347161,4.969170323252925,0.0,0.0,0.8632169118121145,0.0,5.0,0.5278133472187106,0.0,,,,
qsar_biodeg,histdistill_density,HistDistill-Density,budget_50,seed_0,10.0,1,19.32502111705951,549.9223402180696,1.231120604991624,0.2817946352899285,24.86581066281567,751.5059464762395,0.3659405027238842,0.09293799905347161,4.969170323252925,0.0,0.0,0.7781710491675892,0.0,12.0,0.5278133472187106,0.0,1.733482931972276,0.14285714285714285,,
qsar_biodeg,histdistill_density,HistDistill-Density,budget_50,seed_0,10.0,2,15.244479413324756,415.16084221327947,1.7295191977248527,0.35128743812898905,24.86581066281567,751.5059464762395,0.3659405027238842,0.09293799905347161,4.969170323252925,0.0,0.0,0.7025362361211269,0.0,23.0,0.5278133472187106,0.0,1.733482931972276,0.14285714285714285,2.27322675343383,0.2727272727272727
qsar_biodeg,histdistill_density,HistDistill-Density,budget_50,seed_1,0.1,0,24.057614811001795,789.0064825424088,0.5369730163261588,0.14155072736645524,24.998460638138788,897.4384167588196,0.31508483869481113,0.09196313860891363,7.493141638388778,0.0,0.0,0.8305418655199315,0.0,5.0,0.5369730163261588,0.0,,,,
qsar_biodeg,histdistill_density,HistDistill-Density,budget_50,seed_1,0.1,1,23.1564633173879,613.1540611779691,1.534438604564381,0.297410921038375,24.998460638138788,897.4384167588196,0.31508483869481113,0.09196313860891363,7.493141638388778,0.0,0.0,0.7277627815792784,0.0,13.0,0.5369730163261588,0.0,2.1578545972132694,0.0,,
qsar_biodeg,histdistill_density,HistDistill-Density,budget_50,seed_1,0.1,2,19.983038189677632,488.32825207725284,1.7148827082351943,0.3123647600162303,24.998460638138788,897.4384167588196,0.31508483869481113,0.09196313860891363,7.493141638388778,0.0,0.0,0.6485400367983025,0.0,25.0,0.5369730163261588,0.0,2.1578545972132694,0.0,1.9103638205452425,0.08333333333333333
qsar_biodeg,histdistill_density,HistDistill-Density,budget_50,seed_1,1.0,0,23.653655188669312,776.2599724793852,0.5361585431622168,0.14217220197586428,24.503386633707777,874.8853825766438,0.3135965471269568,0.09103139719200395,7.214026758087613,0.0,0.0,0.8302531622980152,0.0,5.0,0.5361585431622168,0.0,,,,
qsar_biodeg,histdistill_density,HistDistill-Density,budget_50,seed_1,1.0,1,22.69085886203226,601.037208966697,1.5678053420492757,0.30358869204467315,24.503386633707777,874.8853825766438,0.3135965471269568,0.09103139719200395,7.214026758087613,0.0,0.0,0.7390353009536744,0.0,13.0,0.5361585431622168,0.0,2.2125845913536875,0.0,,
qsar_biodeg,histdistill_density,HistDistill-Density,budget_50,seed_1,1.0,2,19.294048269217498,473.1077466864858,1.760598843815284,0.3197448264842328,24.503386633707777,874.8853825766438,0.3135965471269568,0.09103139719200395,7.214026758087613,0.0,0.0,0.677423317502522,0.0,25.0,0.5361585431622168,0.0,2.2125845913536875,0.0,1.96945847072846,0.0
qsar_biodeg,histdistill_density,HistDistill-Density,budget_50,seed_1,10.0,0,20.476898561553334,689.9561858778499,0.5358447785262506,0.14874014017349318,20.501660568515277,733.5901320504678,0.30171499642020455,0.08777204704789562,4.969170323252925,0.0,0.0,0.8292147113376007,0.0,5.0,0.5358447785262506,0.0,,,,
qsar_biodeg,histdistill_density,HistDistill-Density,budget_50,seed_1,10.0,1,19.060947178450558,538.0403036354735,1.7069261996436276,0.35135056349900207,20.501660568515277,733.5901320504678,0.30171499642020455,0.08777204704789562,4.969170323252925,0.0,0.0,0.7536491628495502,0.0,13.0,0.5358447785262506,0.0,2.4388520878419877,0.0,,
qsar_biodeg,histdistill_density,HistDistill-Density,budget_50,seed_1,10.0,2,15.229249612296119,396.0238473858016,1.8527412660149851,0.35566803645916417,20.501660568515277,733.5901320504678,0.30171499642020455,0.08777204704789562,4.969170323252925,0.0,0.0,0.7072196262447231,0.0,25.0,0.5358447785262506,0.0,2.4388520878419877,0.0,2.0107075879172895,0.08333333333333333
qsar_biodeg,histdistill_density,HistDistill-Density,budget_50,seed_2,0.1,0,22.94830259140236,709.3191537839241,0.44039199127548245,0.1207492785160778,30.500711883745154,848.0572360338989,0.384436146812369,0.08761522352354163,7.493141638388778,0.0,0.0,0.8479202027715322,0.0,5.0,0.44039199127548245,0.0,,,,
qsar_biodeg,histdistill_density,HistDistill-Density,budget_50,seed_2,0.1,1,16.86702415612957,499.8142238802556,0.8222631470638618,0.20343371009366293,30.500711883745154,848.0572360338989,0.384436146812369,0.08761522352354163,7.493141638388778,0.0,0.0,0.7295450134378862,0.0,12.0,0.44039199127548245,0.0,1.0950282583412758,0.0,,
qsar_biodeg,histdistill_density,HistDistill-Density,budget_50,seed_2,0.1,2,14.154029850508499,413.34217398268197,1.2125755012300823,0.27654886050586697,30.500711883745154,848.0572360338989,0.384436146812369,0.08761522352354163,7.493141638388778,0.0,0.0,0.6294134375778152,0.0,24.0,0.44039199127548245,0.0,1.0950282583412758,0.0,1.6028878553963029,0.08333333333333333
qsar_biodeg,histdistill_density,HistDistill-Density,budget_50,seed_2,1.0,0,22.52731834885494,698.7451645881356,0.4399860090208074,0.1210034206471939,30.05118307699508,830.4464228143863,0.3845977452382749,0.08711580367742532,7.214026758087613,0.0,0.0,0.8464261384331122,0.0,5.0,0.4399860090208074,0.0,,,,
qsar_biodeg,histdistill_density,HistDistill-Density,budget_50,seed_2,1.0,1,16.389824735559785,484.8381390564676,0.8237473409094461,0.2020336817963647,30.05118307699508,830.4464228143863,0.3845977452382749,0.08711580367742532,7.214026758087613,0.0,0.0,0.726641426542081,0.0,12.0,0.4399860090208074,0.0,1.0978625779727598,0.0,,
qsar_biodeg,histdistill_density,HistDistill-Density,budget_50,seed_2,1.0,2,13.509767712052012,392.81106330438746,1.2389447323837859,0.2773785754645028,30.05118307699508,830.4464228143863,0.3845977452382749,0.08711580367742532,7.214026758087613,0.0,0.0,0.6375292471069111,0.0,24.0,0.4399860090208074,0.0,1.0978625779727598,0.0,1.6541421238581258,0.08333333333333333
qsar_biodeg,histdistill_density,HistDistill-Density,budget_50,seed_2,10.0,0,19.75082375341661,616.5074645292682,0.45037571224001727,0.12468843783986272,26.220523180004598,706.2291922403457,0.3858772820353985,0.08449838565120243,4.969170323252925,0.0,0.0,0.85065903432815,0.0,5.0,0.45037571224001727,0.0,,,,
qsar_biodeg,histdistill_density,HistDistill-Density,budget_50,seed_2,10.0,1,13.900946333925312,432.21959195897233,0.8931281319013961,0.2166563671672644,26.220523180004598,706.2291922403457,0.3858772820353985,0.08449838565120243,4.969170323252925,0.0,0.0,0.7627419146751042,0.0,12.0,0.45037571224001727,0.0,1.2093798602309522,0.0,,
qsar_biodeg,histdistill_density,HistDistill-Density,budget_50,seed_2,10.0,2,11.162126251948072,328.9592207594445,1.3099060449545472,0.2831480295810721,26.220523180004598,706.2291922403457,0.3858772820353985,0.08449838565120243,4.969170323252925,0.0,0.0,0.6771549992757412,0.0,24.0,0.45037571224001727,0.0,1.2093798602309522,0.0,1.7266839580076982,0.16666666666666666
qsar_biodeg,gain_path_refined,Legacy gain-path refined,budget_50,seed_0,0.1,0,25.853864927380222,664.8400761172722,0.531808962702905,0.1121850258213121,25.62678466364713,673.6977491187973,0.3230043413030369,0.0713563085541402,7.493141638388778,0.0,0.0,0.9025829700525071,0.0,5.0,0.531808962702905,0.0,,,,
qsar_biodeg,gain_path_refined,Legacy gain-path refined,budget_50,seed_0,0.1,1,18.40014953140563,539.7900004253725,0.7862979344287564,0.20694350743925452,25.62678466364713,673.6977491187973,0.3230043413030369,0.0713563085541402,7.493141638388778,0.0,0.0,0.7987659764725427,0.0,12.0,0.531808962702905,0.0,0.9680757713757933,0.14285714285714285,,
qsar_biodeg,gain_path_refined,Legacy gain-path refined,budget_50,seed_0,0.1,2,14.964659013224553,444.05305696619683,1.083542399995035,0.26919595989077266,25.62678466364713,673.6977491187973,0.3230043413030369,0.0713563085541402,7.493141638388778,0.0,0.0,0.6991217054100147,0.0,23.0,0.531808962702905,0.0,0.9680757713757933,0.14285714285714285,1.4078090897037023,0.0
qsar_biodeg,gain_path_refined,Legacy gain-path refined,budget_50,seed_0,1.0,0,25.471191710016075,650.171005774586,0.5318219738025329,0.11180517854183744,25.21156850488711,654.5609182594783,0.3226599224415445,0.0703960465035735,7.214026758087613,0.0,0.0,0.9025038230171019,0.0,5.0,0.5318219738025329,0.0,,,,
qsar_biodeg,gain_path_refined,Legacy gain-path refined,budget_50,seed_0,1.0,1,18.266152737812643,532.2574306615994,0.8124946909506016,0.21407792285390304,25.21156850488711,654.5609182594783,0.3226599224415445,0.0703960465035735,7.214026758087613,0.0,0.0,0.8087714225122165,0.0,12.0,0.5318219738025329,0.0,1.0129752031992219,0.0,,
qsar_biodeg,gain_path_refined,Legacy gain-path refined,budget_50,seed_0,1.0,2,14.690591864345757,436.0359843053314,1.119745173861386,0.2808124654979163,25.21156850488711,654.5609182594783,0.3226599224415445,0.0703960465035735,7.214026758087613,0.0,0.0,0.7096452954695472,0.0,23.0,0.5318219738025329,0.0,1.0129752031992219,0.0,1.454927518854969,0.09090909090909091
qsar_biodeg,gain_path_refined,Legacy gain-path refined,budget_50,seed_0,10.0,0,22.19569915794533,572.1360493413644,0.5315334592574446,0.11711100568687878,21.722172044459242,521.4723411098191,0.3196767909960436,0.0644899700018652,4.969170323252925,0.0,0.0,0.9025157697894443,0.0,5.0,0.5315334592574446,0.0,,,,
qsar_biodeg,gain_path_refined,Legacy gain-path refined,budget_50,seed_0,10.0,1,16.210249523281288,497.65889042603516,0.948534721531446,0.2755377858992614,21.722172044459242,521.4723411098191,0.3196767909960436,0.0644899700018652,4.969170323252925,0.0,0.0,0.8347848933591986,0.0,12.0,0.5315334592574446,0.0,1.2463927660128757,0.0,,
qsar_biodeg,gain_path_refined,Legacy gain-path refined,budget_50,seed_0,10.0,2,12.570410075528276,392.5904684464252,1.3208784788971337,0.359578983465724,21.722172044459242,521.4723411098191,0.3196767909960436,0.0644899700018652,4.969170323252925,0.0,0.0,0.7458200639334057,0.0,23.0,0.5315334592574446,0.0,1.2463927660128757,0.0,1.7270716687506111,0.09090909090909091
qsar_biodeg,gain_path_refined,Legacy gain-path refined,budget_50,seed_1,0.1,0,22.720122319878335,602.0499222716551,0.5077589523913736,0.10514870572065008,20.410114125321563,638.7029567198861,0.25725254086678967,0.06544975949535159,7.493141638388778,0.0,1.0,0.8754678682346386,0.0,5.0,0.5077589523913736,0.4,,,,
qsar_biodeg,gain_path_refined,Legacy gain-path refined,budget_50,seed_1,0.1,1,17.826281347822047,512.4023145397995,1.080794535104259,0.26314108819999377,20.410114125321563,638.7029567198861,0.25725254086678967,0.06544975949535159,7.493141638388778,0.0,1.0,0.7855997053369153,0.0,13.0,0.5077589523913736,0.4,1.438941774299812,0.0,,
qsar_biodeg,gain_path_refined,Legacy gain-path refined,budget_50,seed_1,0.1,2,15.600579915070892,431.4910720180188,1.2499038678159395,0.2880281570616473,20.410114125321563,638.7029567198861,0.25725254086678967,0.06544975949535159,7.493141638388778,0.0,1.0,0.696315895146383,0.0,25.0,0.5077589523913736,0.4,1.438941774299812,0.0,1.4331056449202604,0.16666666666666666
qsar_biodeg,gain_path_refined,Legacy gain-path refined,budget_50,seed_1,1.0,0,22.32699741917109,590.9824458389473,0.5062260425843575,0.10542506887846684,20.223918185456462,619.8574642163818,0.2588275248292705,0.06449586671722295,7.214026758087613,0.0,1.0,0.8750285222241194,0.0,5.0,0.5062260425843575,0.4,,,,
qsar_biodeg,gain_path_refined,Legacy gain-path refined,budget_50,seed_1,1.0,1,17.378271810549105,502.712809411032,1.0902008897599986,0.26836180605278115,20.223918185456462,619.8574642163818,0.2588275248292705,0.06449586671722295,7.214026758087613,0.0,1.0,0.799046925480555,0.0,13.0,0.5062260425843575,0.4,1.4551851692447741,0.0,,
qsar_biodeg,gain_path_refined,Legacy gain-path refined,budget_50,seed_1,1.0,2,14.93667099901163,417.94616989264284,1.268542087132106,0.2953667671836317,20.223918185456462,619.8574642163818,0.2588275248292705,0.06449586671722295,7.214026758087613,0.0,1.0,0.7308567428000506,0.0,25.0,0.5062260425843575,0.4,1.4551851692447741,0.0,1.4617450509518888,0.08333333333333333
qsar_biodeg,gain_path_refined,Legacy gain-path refined,budget_50,seed_1,10.0,0,19.398893949445046,531.4042996558165,0.5046504427148119,0.11346196121032844,18.4646576960976,499.81056082513084,0.27173721426419284,0.05980096261267656,4.969170323252925,0.0,1.0,0.8753745802454468,0.0,5.0,0.5046504427148119,0.4,,,,
qsar_biodeg,gain_path_refined,Legacy gain-path refined,budget_50,seed_1,10.0,1,14.83346380043929,464.5466143244122,1.1828501456765965,0.32664101755906016,18.4646576960976,499.81056082513084,0.27173721426419284,0.05980096261267656,4.969170323252925,0.0,1.0,0.8008166816381289,0.0,13.0,0.5046504427148119,0.4,1.606724960027712,0.0,,
qsar_biodeg,gain_path_refined,Legacy gain-path refined,budget_50,seed_1,10.0,2,11.722775036304839,359.3556579142362,1.309097703800208,0.345136178933446,18.4646576960976,499.81056082513084,0.27173721426419284,0.05980096261267656,4.969170323252925,0.0,1.0,0.745038387899259,0.0,25.0,0.5046504427148119,0.4,1.606724960027712,0.0,1.4458658917674532,0.16666666666666666
qsar_biodeg,gain_path_refined,Legacy gain-path refined,budget_50,seed_2,0.1,0,24.955435276114606,709.6788954617741,0.4822549067874281,0.1197793595085856,30.6080326106424,793.8716696908673,0.38578883546038273,0.08201715737284535,7.493141638388778,0.0,0.0,0.8792204593860296,0.0,5.0,0.4822549067874281,0.0,,,,
qsar_biodeg,gain_path_refined,Legacy gain-path refined,budget_50,seed_2,0.1,1,18.87752937165094,519.4183946162592,1.0061841178632271,0.21473359717970006,30.6080326106424,793.8716696908673,0.38578883546038273,0.08201715737284535,7.493141638388778,0.0,0.0,0.800874286899968,0.0,12.0,0.4822549067874281,0.0,1.380419268631655,0.0,,
qsar_biodeg,gain_path_refined,Legacy gain-path refined,budget_50,seed_2,0.1,2,14.364367874853421,400.9272880388177,1.1913078473948704,0.2545090825416005,30.6080326106424,793.8716696908673,0.38578883546038273,0.08201715737284535,7.493141638388778,0.0,0.0,0.7021120937438314,0.0,24.0,0.4822549067874281,0.0,1.380419268631655,0.0,1.3764315769265139,0.16666666666666666
qsar_biodeg,gain_path_refined,Legacy gain-path refined,budget_50,seed_2,1.0,0,24.631286850328006,697.8944981253767,0.4843932458234895,0.12002752445191436,30.1209192603863,771.2863704479008,0.3854902351886728,0.08090977356408123,7.214026758087613,0.0,0.0,0.8793589664182756,0.0,5.0,0.4843932458234895,0.0,,,,
qsar_biodeg,gain_path_refined,Legacy gain-path refined,budget_50,seed_2,1.0,1,18.322688144757308,508.79669583517654,0.9910853121548054,0.21836433541200603,30.1209192603863,771.2863704479008,0.3854902351886728,0.08090977356408123,7.214026758087613,0.0,0.0,0.7988948092999824,0.0,12.0,0.4843932458234895,0.0,1.3530082166771742,0.0,,
qsar_biodeg,gain_path_refined,Legacy gain-path refined,budget_50,seed_2,1.0,2,13.690485794979717,387.34823585225575,1.1816120999466888,0.2601906791600959,30.1209192603863,771.2863704479008,0.3854902351886728,0.08090977356408123,7.214026758087613,0.0,0.0,0.7229862309040783,0.0,24.0,0.4843932458234895,0.0,1.3530082166771742,0.0,1.3721388877385727,0.16666666666666666
qsar_biodeg,gain_path_refined,Legacy gain-path refined,budget_50,seed_2,10.0,0,21.82222207277166,637.5377317064429,0.5034350035296498,0.13072324319894751,26.029238730330356,630.6254456926584,0.3830622228914901,0.07545260475931298,4.969170323252925,0.0,0.0,0.871596358763021,0.0,5.0,0.5034350035296498,0.0,,,,
qsar_biodeg,gain_path_refined,Legacy gain-path refined,budget_50,seed_2,10.0,1,15.463115999519355,481.7515278664603,0.9508152214112563,0.255951730489438,26.029238730330356,630.6254456926584,0.3830622228914901,0.07545260475931298,4.969170323252925,0.0,0.0,0.798698652026757,0.0,12.0,0.5034350035296498,0.0,1.270372519898118,0.0,,
qsar_biodeg,gain_path_refined,Legacy gain-path refined,budget_50,seed_2,10.0,2,11.513095328032044,360.88173789145657,1.2331864303330689,0.3061940401943124,26.029238730330356,630.6254456926584,0.3830622228914901,0.07545260475931298,4.969170323252925,0.0,0.0,0.7319067191837231,0.0,24.0,0.5034350035296498,0.0,1.270372519898118,0.0,1.5155576392548815,0.16666666666666666
qsar_biodeg,random,Random,budget_50,seed_0,0.1,0,39.20513019976237,1057.2058099084218,0.835402464852457,0.1734997940676965,48.264164241092004,1323.733689376746,0.6083297137681904,0.1402064200247481,7.493141638388778,0.0,0.0,0.7711040310342879,0.0,5.0,0.835402464852457,0.0,,,,
qsar_biodeg,random,Random,budget_50,seed_0,0.1,1,30.051300333004576,777.4021437143216,1.363035407938171,0.279722313521748,48.264164241092004,1323.733689376746,0.6083297137681904,0.1402064200247481,7.493141638388778,0.0,0.0,0.7065316543852299,0.0,12.0,0.835402464852457,0.0,1.7399160815708241,0.0,,
qsar_biodeg,random,Random,budget_50,seed_0,0.1,2,25.64403086118918,638.3673104649921,1.942081279990067,0.39550628604207755,48.264164241092004,1323.733689376746,0.6083297137681904,0.1402064200247481,7.493141638388778,0.0,0.0,0.6607577356435368,0.0,23.0,0.835402464852457,0.0,1.7399160815708241,0.0,2.573767685864862,0.09090909090909091
qsar_biodeg,random,Random,budget_50,seed_0,1.0,0,38.6559677582181,1039.1978223793642,0.8370364090670155,0.17324627123511682,47.45730923538855,1296.702578810967,0.6073629141402532,0.13945643941286243,7.214026758087613,0.0,0.0,0.7725900363749161,0.0,5.0,0.8370364090670155,0.0,,,,
qsar_biodeg,random,Random,budget_50,seed_0,1.0,1,29.35154953209258,764.6592286656123,1.3757976058198682,0.2863893649733455,47.45730923538855,1296.702578810967,0.6073629141402532,0.13945643941286243,7.214026758087613,0.0,0.0,0.705426544550435,0.0,12.0,0.8370364090670155,0.0,1.7606270320719055,0.0,,
qsar_biodeg,random,Random,budget_50,seed_0,1.0,2,24.697252676635294,623.8263476300392,1.9624893597599071,0.4103472847095742,47.45730923538855,1296.702578810967,0.6073629141402532,0.13945643941286243,7.214026758087613,0.0,0.0,0.6501709213893657,0.0,23.0,0.8370364090670155,0.0,1.7606270320719055,0.0,2.6025167276944945,0.09090909090909091
qsar_biodeg,random,Random,budget_50,seed_0,10.0,0,34.36641839677574,919.3620466897455,0.8645885381030183,0.18069970583801323,40.73612251179789,1071.8702023027895,0.5994977341833048,0.1325571305379028,4.969170323252925,0.0,0.0,0.7780360773909796,0.0,5.0,0.8645885381030183,0.0,,,,
qsar_biodeg,random,Random,budget_50,seed_0,10.0,1,24.957520441954355,690.5662843656183,1.4407443553649226,0.33419366199801853,40.73612251179789,1071.8702023027895,0.5994977341833048,0.1325571305379028,4.969170323252925,0.0,0.0,0.7139985909817378,0.0,12.0,0.8645885381030183,0.0,1.8522842248377114,0.0,,
qsar_biodeg,random,Random,budget_50,seed_0,10.0,2,19.743351866713894,527.2401563543427,2.07026320359823,0.46353409321863337,40.73612251179789,1071.8702023027895,0.5994977341833048,0.1325571305379028,4.969170323252925,0.0,0.0,0.6701059946177765,0.0,23.0,0.8645885381030183,0.0,1.8522842248377114,0.0,2.7570110380345656,0.09090909090909091
qsar_biodeg,random,Random,budget_50,seed_1,0.1,0,27.470205372338206,850.4160892746434,0.5721442945386599,0.14106236901485444,27.788377475094826,1013.0658107471179,0.35024942379742724,0.10381181575685325,7.493141638388778,0.0,0.0,0.8513709243443758,0.0,5.0,0.5721442945386599,0.0,,,,
qsar_biodeg,random,Random,budget_50,seed_1,0.1,1,20.10096103946061,621.8744013422462,1.0950302960154714,0.2767478560967107,27.788377475094826,1013.0658107471179,0.35024942379742724,0.10381181575685325,7.493141638388778,0.0,0.0,0.737323864493969,0.0,13.0,0.5721442945386599,0.0,1.4218340469384785,0.0,,
qsar_biodeg,random,Random,budget_50,seed_1,0.1,2,19.018128412635736,512.5912114957229,1.5208762635556206,0.3139394963787944,27.788377475094826,1013.0658107471179,0.35024942379742724,0.10381181575685325,7.493141638388778,0.0,0.0,0.6806379032558258,0.0,25.0,0.5721442945386599,0.0,1.4218340469384785,0.0,1.982209395057449,0.0
qsar_biodeg,random,Random,budget_50,seed_1,1.0,0,26.907723065296484,832.9547507708991,0.5694961838278157,0.14011585984677238,27.39323293961752,993.2857497935182,0.3505810601988854,0.10335089763222785,7.214026758087613,0.0,0.0,0.8533974515589209,0.0,5.0,0.5694961838278157,0.0,,,,
qsar_biodeg,random,Random,budget_50,seed_1,1.0,1,19.663079001600586,607.903452072903,1.1183748522639922,0.2817777928243369,27.39323293961752,993.2857497935182,0.3505810601988854,0.10335089763222785,7.214026758087613,0.0,0.0,0.7298184528080338,0.0,13.0,0.5694961838278157,0.0,1.4614240200366027,0.0,,
qsar_biodeg,random,Random,budget_50,seed_1,1.0,2,18.614587719181888,497.7722728523563,1.6071901958788632,0.326645693062987,27.39323293961752,993.2857497935182,0.3505810601988854,0.10335089763222785,7.214026758087613,0.0,0.0,0.6934763498365244,0.0,25.0,0.5694961838278157,0.0,1.4614240200366027,0.0,2.1367401514616398,0.0
qsar_biodeg,random,Random,budget_50,seed_1,10.0,0,22.064548065135558,716.3754953891964,0.5187414394606692,0.1394100096705262,24.004694757099884,839.1934183090723,0.3532677935283463,0.10040719057687778,4.969170323252925,0.0,0.0,0.853552751127093,0.0,5.0,0.5187414394606692,0.0,,,,
qsar_biodeg,random,Random,budget_50,seed_1,10.0,1,16.324921001290015,539.6426035947493,1.2325935426149632,0.3397527655587504,24.004694757099884,839.1934183090723,0.3532677935283463,0.10040719057687778,4.969170323252925,0.0,0.0,0.7308750570581911,0.0,13.0,0.5187414394606692,0.0,1.6787511070863976,0.0,,
qsar_biodeg,random,Random,budget_50,seed_1,10.0,2,14.2901798280809,420.6654437476539,1.665808478650899,0.38494779769826193,24.004694757099884,839.1934183090723,0.3532677935283463,0.10040719057687778,4.969170323252925,0.0,0.0,0.7151210292638284,0.0,25.0,0.5187414394606692,0.0,1.6787511070863976,0.0,2.1351246593564968,0.0
qsar_biodeg,random,Random,budget_50,seed_2,0.1,0,54.274640313643275,1268.4923525416057,1.1939403595775049,0.21484750200869565,57.85812871080161,1566.7451794605286,0.7292536694925005,0.1618649346650684,7.493141638388778,0.0,0.0,0.7028426394377679,0.0,5.0,1.1939403595775049,0.0,,,,
qsar_biodeg,random,Random,budget_50,seed_2,0.1,1,37.90501046340646,884.1792143624644,1.8574405814748838,0.32630266440182515,57.85812871080161,1566.7451794605286,0.7292536694925005,0.1618649346650684,7.493141638388778,0.0,0.0,0.6795057915053532,0.0,12.0,1.1939403595775049,0.0,2.3313693114015828,0.0,,
qsar_biodeg,random,Random,budget_50,seed_2,0.1,2,26.420308637667205,604.6906008527793,2.025059241593358,0.33044360999822137,57.85812871080161,1566.7451794605286,0.7292536694925005,0.1618649346650684,7.493141638388778,0.0,0.0,0.5770692309911102,0.0,24.0,1.1939403595775049,0.0,2.3313693114015828,0.0,2.192677901711833,0.16666666666666666
qsar_biodeg,random,Random,budget_50,seed_2,1.0,0,53.307618212988515,1241.1838009792348,1.19081797204303,0.2132319935926274,56.57620915423561,1529.208423744368,0.7240674158850396,0.16041759849275078,7.214026758087613,0.0,0.0,0.7116185288443928,0.0,5.0,1.19081797204303,0.0,,,,
qsar_biodeg,random,Random,budget_50,seed_2,1.0,1,36.756858741395696,865.4300090834805,1.839588129355609,0.3368725570824999,56.57620915423561,1529.208423744368,0.7240674158850396,0.16041759849275078,7.214026758087613,0.0,0.0,0.6822111957821809,0.0,12.0,1.19081797204303,0.0,2.3029953845788795,0.0,,
qsar_biodeg,random,Random,budget_50,seed_2,1.0,2,25.358699556401053,591.414666893948,2.0396423947790803,0.34768022086502337,56.57620915423561,1529.208423744368,0.7240674158850396,0.16041759849275078,7.214026758087613,0.0,0.0,0.5924568598895844,0.0,24.0,1.19081797204303,0.0,2.3029953845788795,0.0,2.2396966602025516,0.16666666666666666
qsar_biodeg,random,Random,budget_50,seed_2,10.0,0,45.489663846241584,1064.1545969064641,1.170231800195937,0.20698812842904632,46.53504066692918,1301.3336460021806,0.6848381662214499,0.15570100116076133,4.969170323252925,0.0,0.0,0.7309631018346829,0.0,5.0,1.170231800195937,0.0,,,,
qsar_biodeg,random,Random,budget_50,seed_2,10.0,1,30.776816409685974,752.1600539831434,1.8114578526145566,0.3733668752696036,46.53504066692918,1301.3336460021806,0.6848381662214499,0.15570100116076133,4.969170323252925,0.0,0.0,0.6910231809988208,0.0,12.0,1.170231800195937,0.0,2.269476461484999,0.14285714285714285,,
qsar_biodeg,random,Random,budget_50,seed_2,10.0,2,20.503630952716065,511.41221609577724,1.9150788871111022,0.4033737357054617,46.53504066692918,1301.3336460021806,0.6848381662214499,0.15570100116076133,4.969170323252925,0.0,0.0,0.6561444783314765,0.0,24.0,1.170231800195937,0.0,2.269476461484999,0.14285714285714285,2.0186999216076473,0.0
sick,histdistill_refined,HistDistill-Refined,budget_50,seed_0,0.1,0,233.69390667435633,2846.970816534454,0.905254436628414,0.1318047096692732,328.12564428213136,2054.2481284298033,0.6848867937682203,0.041628838516899094,10.17020883953603,0.0,0.0,0.68549207640096,0.0,5.0,0.905254436628414,0.2,,,,
sick,histdistill_refined,HistDistill-Refined,budget_50,seed_0,0.1,1,199.8056786264566,3232.3663588297786,11.599331482428754,2.225483045825908,328.12564428213136,2054.2481284298033,0.6848867937682203,0.041628838516899094,10.17020883953603,0.0,0.0,0.5245883919158745,0.0,13.0,0.905254436628414,0.2,18.283129636053964,0.375,,
sick,histdistill_refined,HistDistill-Refined,budget_50,seed_0,0.1,2,137.87485432046643,1971.9425430119493,10.99451244433101,1.499397776932188,328.12564428213136,2054.2481284298033,0.6848867937682203,0.041628838516899094,10.17020883953603,0.0,0.0,0.3933478844141418,0.0,24.0,0.905254436628414,0.2,18.283129636053964,0.375,10.279726308397315,0.09090909090909091
sick,histdistill_refined,HistDistill-Refined,budget_50,seed_0,1.0,0,212.7528076702371,2657.531393711601,0.8634045140215404,0.13056473651293718,289.3634296498195,1892.9577193095445,0.6541473000147282,0.04154661055214125,4.911983658066845,0.0,1.0,0.696162478926954,0.0,5.0,0.8634045140215404,0.8,,,,
sick,histdistill_refined,HistDistill-Refined,budget_50,seed_0,1.0,1,184.64032222205648,3096.015545607596,11.493110083687501,2.281172028115093,289.3634296498195,1892.9577193095445,0.6541473000147282,0.04154661055214125,4.911983658066845,0.0,1.0,0.5685961959808336,0.0,13.0,0.8634045140215404,0.8,18.136676064728725,0.5,,
sick,histdistill_refined,HistDistill-Refined,budget_50,seed_0,1.0,2,120.31287447386144,1954.8824128164554,9.88811977386665,1.6932139474668393,289.3634296498195,1892.9577193095445,0.6541473000147282,0.04154661055214125,4.911983658066845,0.0,1.0,0.5046615452450275,0.0,24.0,0.8634045140215404,0.8,18.136676064728725,0.5,7.9913130440783755,0.0
sick,histdistill_refined,HistDistill-Refined,budget_50,seed_0,10.0,0,136.1148225055888,2568.5319880567445,0.8661620818056155,0.20889052225985627,128.6508093256099,1118.7636082612592,0.44733935129553354,0.03813842378238015,43.49179837580675,0.0,1.0,0.649230445794836,0.0,5.0,0.8661620818056155,0.8,,,,
sick,histdistill_refined,HistDistill-Refined,budget_50,seed_0,10.0,1,120.97060860071949,2571.0575381253752,9.397290702793969,1.9908873535513218,128.6508093256099,1118.7636082612592,0.44733935129553354,0.03813842378238015,43.49179837580675,0.0,1.0,0.6219989607605905,0.0,13.0,0.8661620818056155,0.8,14.729246090911687,0.75,,
sick,histdistill_refined,HistDistill-Refined,budget_50,seed_0,10.0,2,77.90426054418847,1706.3431671540384,8.474353866471473,1.7701928504331832,128.6508093256099,1118.7636082612592,0.44733935129553354,0.03813842378238015,43.49179837580675,0.0,1.0,0.599358429874247,0.0,24.0,0.8661620818056155,0.8,14.729246090911687,0.75,7.3836103326357945,0.0
sick,histdistill_refined,HistDistill-Refined,budget_50,seed_1,0.1,0,235.6283550929082,3095.7413386828375,0.9166737680942625,0.1410855846460287,330.84338661903405,1885.6810368619088,0.6905594556519985,0.03678434901104096,10.17020883953603,0.0,0.0,0.6226136363917156,0.0,5.0,0.9166737680942625,0.2,,,,
sick,histdistill_refined,HistDistill-Refined,budget_50,seed_1,0.1,1,214.49379282202432,3766.5279711624453,12.935106241630645,2.666705531885294,330.84338661903405,1885.6810368619088,0.6905594556519985,0.03678434901104096,10.17020883953603,0.0,0.0,0.47164799368989196,0.0,13.0,0.9166737680942625,0.2,20.44662653759088,0.25,,
sick,histdistill_refined,HistDistill-Refined,budget_50,seed_1,0.1,2,168.70544056305184,2436.9427579650437,17.263309422590186,2.0826756856412514,330.84338661903405,1885.6810368619088,0.6905594556519985,0.03678434901104096,10.17020883953603,0.0,0.0,0.3211761202631,0.0,23.0,0.9166737680942625,0.2,20.44662653759088,0.25,22.88997355783759,0.0
sick,histdistill_refined,HistDistill-Refined,budget_50,seed_1,1.0,0,218.6080006588238,2864.194145931052,0.9156554484440973,0.13822971387517646,292.2713107056213,1743.7866465908533,0.6607209798460694,0.03684185423456794,4.911983658066845,0.0,1.0,0.6346136697850793,0.0,5.0,0.9156554484440973,0.6,,,,
sick,histdistill_refined,HistDistill-Refined,budget_50,seed_1,1.0,1,201.35026590667874,3614.4413579203847,12.966195191280887,2.687804609981718,292.2713107056213,1743.7866465908533,0.6607209798460694,0.03684185423456794,4.911983658066845,0.0,1.0,0.5225604106154276,0.0,13.0,0.9156554484440973,0.6,20.49778253055388,0.25,,
sick,histdistill_refined,HistDistill-Refined,budget_50,seed_1,1.0,2,146.1183647671649,2385.5729690633552,14.54304870519378,2.158050024640108,292.2713107056213,1743.7866465908533,0.6607209798460694,0.03684185423456794,4.911983658066845,0.0,1.0,0.38051165984586516,0.0,23.0,0.9156554484440973,0.6,20.49778253055388,0.25,16.592958273280537,0.0
sick,histdistill_refined,HistDistill-Refined,budget_50,seed_1,10.0,0,148.94102075708682,2756.1092906772014,0.9600453035789384,0.21313875360610607,150.92513899235524,1035.7178641780445,0.5247907426695728,0.03303996283330436,43.49179837580675,0.0,1.0,0.634957164680983,0.0,5.0,0.9600453035789384,0.6,,,,
sick,histdistill_refined,HistDistill-Refined,budget_50,seed_1,10.0,1,138.6592206052252,2954.714724287071,11.18117043578445,2.3774244363203865,150.92513899235524,1035.7178641780445,0.5247907426695728,0.03303996283330436,43.49179837580675,0.0,1.0,0.6054849410427975,0.0,13.0,0.9600453035789384,0.6,17.569373643412895,0.5,,
sick,histdistill_refined,HistDistill-Refined,budget_50,seed_1,10.0,2,90.53271778013051,1988.9662218083572,10.102935445294015,2.1130554901144225,150.92513899235524,1035.7178641780445,0.5247907426695728,0.03303996283330436,43.49179837580675,0.0,1.0,0.5120162605461884,0.0,23.0,0.9600453035789384,0.6,17.569373643412895,0.5,8.701229957656455,0.0
sick,histdistill_refined,HistDistill-Refined,budget_50,seed_2,0.1,0,225.11066254267604,2758.556331819434,0.8449742597243428,0.11844488193796203,335.43727497609996,1765.409438992622,0.700148140726228,0.033806294067378076,10.17020883953603,0.0,0.0,0.7993288684994418,0.0,5.0,0.8449742597243428,0.2,,,,
sick,histdistill_refined,HistDistill-Refined,budget_50,seed_2,0.1,1,180.63652216885518,2876.747749511356,10.080406924851975,1.8649185861901052,335.43727497609996,1765.409438992622,0.700148140726228,0.033806294067378076,10.17020883953603,0.0,0.0,0.6317305360446013,0.0,13.0,0.8449742597243428,0.2,15.852552340556745,0.125,,
sick,histdistill_refined,HistDistill-Refined,budget_50,seed_2,0.1,2,134.42955082339552,1937.406435120794,11.426995969527718,1.473028689442662,335.43727497609996,1765.409438992622,0.700148140726228,0.033806294067378076,10.17020883953603,0.0,0.0,0.46163342395360585,0.0,25.0,0.8449742597243428,0.2,15.852552340556745,0.125,12.885800767926442,0.3333333333333333
sick,histdistill_refined,HistDistill-Refined,budget_50,seed_2,1.0,0,208.18415369423292,2581.474309047198,0.8427172006138937,0.11805572676494536,296.43738983930734,1606.0326133569022,0.6701389958691943,0.03361727560474549,4.911983658066845,0.0,1.0,0.8069048789877623,0.0,5.0,0.8427172006138937,0.6,,,,
sick,histdistill_refined,HistDistill-Refined,budget_50,seed_2,1.0,1,169.64099077342766,2744.9612218666452,10.182674535237762,1.895402912747201,296.43738983930734,1606.0326133569022,0.6701389958691943,0.03361727560474549,4.911983658066845,0.0,1.0,0.6828778549596637,0.0,13.0,0.8427172006138937,0.6,16.02014786937768,0.125,,
sick,histdistill_refined,HistDistill-Refined,budget_50,seed_2,1.0,2,118.5713200932531,1846.8892421793869,10.487345155647601,1.5527478817407785,296.43738983930734,1606.0326133569022,0.6701389958691943,0.03361727560474549,4.911983658066845,0.0,1.0,0.5207250908788565,0.0,25.0,0.8427172006138937,0.6,16.02014786937768,0.125,10.817404994424928,0.3333333333333333
sick,histdistill_refined,HistDistill-Refined,budget_50,seed_2,10.0,0,133.5402600736415,2390.0153805471255,0.8496773955341534,0.18929839832347659,138.7081462330685,863.2750014679834,0.4823103133246667,0.02779393198295083,43.49179837580675,0.0,1.0,0.7401224188992447,0.0,5.0,0.8496773955341534,0.6,,,,
sick,histdistill_refined,HistDistill-Refined,budget_50,seed_2,10.0,1,114.86023823211873,2254.1699376775487,8.757071555773864,1.5967442533554779,138.7081462330685,863.2750014679834,0.4823103133246667,0.02779393198295083,43.49179837580675,0.0,1.0,0.6844834071907466,0.0,13.0,0.8496773955341534,0.6,13.699192905923681,0.5,,
sick,histdistill_refined,HistDistill-Refined,budget_50,seed_2,10.0,2,73.18354101725247,1533.519202542664,7.568396307308743,1.5125653037802145,138.7081462330685,863.2750014679834,0.4823103133246667,0.02779393198295083,43.49179837580675,0.0,1.0,0.5551279615436833,0.0,25.0,0.8496773955341534,0.6,13.699192905923681,0.5,6.280664788138195,0.5833333333333334
sick,histdistill_density,HistDistill-Density,budget_50,seed_0,0.1,0,231.83037625308322,2837.3258044489658,0.8969104923310948,0.12909474826996575,329.61864972543526,1877.3179686533215,0.688003099149898,0.038043391876753346,10.17020883953603,0.0,0.0,0.7580209120486019,0.0,5.0,0.8969104923310948,0.2,,,,
sick,histdistill_density,HistDistill-Density,budget_50,seed_0,0.1,1,197.2193368005067,2829.590384882962,11.450867599224186,1.803833962374345,329.61864972543526,1877.3179686533215,0.688003099149898,0.038043391876753346,10.17020883953603,0.0,0.0,0.5721264131405307,0.0,13.0,0.8969104923310948,0.2,18.04709079103237,0.25,,
sick,histdistill_density,HistDistill-Density,budget_50,seed_0,0.1,2,141.30892457207912,1773.0234586730476,11.886358147394114,1.3045500660680571,329.61864972543526,1877.3179686533215,0.688003099149898,0.038043391876753346,10.17020883953603,0.0,0.0,0.43190857316968795,0.0,24.0,0.8969104923310948,0.2,18.04709079103237,0.25,12.401028795231303,0.09090909090909091
sick,histdistill_density,HistDistill-Density,budget_50,seed_0,1.0,0,210.7405433363678,2654.795387797831,0.8526409020464685,0.12829649083554034,290.8206215213994,1714.9954340826332,0.6574414900564725,0.037640696710606304,4.911983658066845,0.0,1.0,0.7644669388866883,0.0,5.0,0.8526409020464685,0.8,,,,
sick,histdistill_density,HistDistill-Density,budget_50,seed_0,1.0,1,181.76355973328756,2713.759487849573,11.303192251765449,1.8573106149297165,290.8206215213994,1714.9954340826332,0.6574414900564725,0.037640696710606304,4.911983658066845,0.0,1.0,0.6165808063247528,0.0,13.0,0.8526409020464685,0.8,17.83478684533981,0.25,,
sick,histdistill_density,HistDistill-Density,budget_50,seed_0,1.0,2,122.78472724608945,1754.3687894290379,10.688288728321558,1.4818664485202937,290.8206215213994,1714.9954340826332,0.6574414900564725,0.037640696710606304,4.911983658066845,0.0,1.0,0.537526939449629,0.0,24.0,0.8526409020464685,0.8,17.83478684533981,0.25,9.96158456425151,0.0
sick,histdistill_density,HistDistill-Density,budget_50,seed_0,10.0,0,135.2451597919499,2518.6665026408577,0.854250805112347,0.20389212348430505,131.76709875046464,949.4893748589135,0.4581751858858577,0.03236789960616956,43.49179837580675,0.0,1.0,0.6987846785459814,0.0,5.0,0.854250805112347,0.6,,,,
sick,histdistill_density,HistDistill-Density,budget_50,seed_0,10.0,1,114.35239203606055,2310.145425501949,8.440615537733454,1.6577174396778172,131.76709875046464,949.4893748589135,0.4581751858858577,0.03236789960616956,43.49179837580675,0.0,1.0,0.6506729980804319,0.0,13.0,0.854250805112347,0.6,13.182093495621647,0.5,,
sick,histdistill_density,HistDistill-Density,budget_50,seed_0,10.0,2,75.34519845537956,1561.9506202173445,8.200261839971793,1.5736403462193513,131.76709875046464,949.4893748589135,0.4581751858858577,0.03236789960616956,43.49179837580675,0.0,1.0,0.615978189046423,0.0,24.0,0.854250805112347,0.6,13.182093495621647,0.5,7.916207469889827,0.0
sick,histdistill_density,HistDistill-Density,budget_50,seed_1,0.1,0,236.99043315572303,3049.3929564263435,0.9222693604528345,0.13778628382692248,328.4140651582291,2011.0609924181867,0.6854888059928927,0.039230160340748194,10.17020883953603,0.0,1.0,0.6287446609003788,0.0,5.0,0.9222693604528345,0.6,,,,
sick,histdistill_density,HistDistill-Density,budget_50,seed_1,0.1,1,212.38590229366451,3638.8298057174934,12.667375620516989,2.549870269714811,328.4140651582291,2011.0609924181867,0.6854888059928927,0.039230160340748194,10.17020883953603,0.0,1.0,0.4490479049184107,0.0,13.0,0.9222693604528345,0.6,20.00806703305709,0.25,,
sick,histdistill_density,HistDistill-Density,budget_50,seed_1,0.1,2,163.9229111487579,2352.3101510571387,16.288546052580184,1.9875183338777311,328.4140651582291,2011.0609924181867,0.6854888059928927,0.039230160340748194,10.17020883953603,0.0,1.0,0.3100429300452654,0.0,23.0,0.9222693604528345,0.6,20.00806703305709,0.25,20.996067614262337,0.0
sick,histdistill_density,HistDistill-Density,budget_50,seed_1,1.0,0,222.2357549027397,2828.0887047533042,0.9261591754734546,0.13536386087390687,295.61775199820306,1859.4910804954245,0.6682860876375042,0.03928639978521729,4.911983658066845,0.0,0.0,0.6413044384335279,0.0,5.0,0.9261591754734546,0.2,,,,
sick,histdistill_density,HistDistill-Density,budget_50,seed_1,1.0,1,200.06513680712976,3486.6084847244524,12.680141417223219,2.5644098447433112,295.61775199820306,1859.4910804954245,0.6682860876375042,0.03928639978521729,4.911983658066845,0.0,0.0,0.510394469381305,0.0,13.0,0.9261591754734546,0.2,20.02638031831682,0.25,,
sick,histdistill_density,HistDistill-Density,budget_50,seed_1,1.0,2,142.4273175284431,2299.5753387138493,13.650587827314611,2.0595575265757753,295.61775199820306,1859.4910804954245,0.6682860876375042,0.03928639978521729,4.911983658066845,0.0,0.0,0.3784949817631015,0.0,23.0,0.9261591754734546,0.2,20.02638031831682,0.25,14.912168160433419,0.0
sick,histdistill_density,HistDistill-Density,budget_50,seed_1,10.0,0,154.0625850859421,2747.704184327821,0.9753456821824787,0.21213381106976742,159.40645556310056,1105.777643168703,0.5542816310112602,0.0352749078642061,43.49179837580675,0.0,1.0,0.6528978918470592,0.0,5.0,0.9753456821824787,0.6,,,,
sick,histdistill_density,HistDistill-Density,budget_50,seed_1,10.0,1,137.98699807964425,2862.7174479986666,10.843215440653113,2.264218628668758,159.40645556310056,1105.777643168703,0.5542816310112602,0.0352749078642061,43.49179837580675,0.0,1.0,0.60932407558086,0.0,13.0,0.9753456821824787,0.6,17.01063403969726,0.375,,
sick,histdistill_density,HistDistill-Density,budget_50,seed_1,10.0,2,89.39121073839178,1924.5650849389494,9.73203583726433,2.033790628065374,159.40645556310056,1105.777643168703,0.5542816310112602,0.0352749078642061,43.49179837580675,0.0,1.0,0.5117391480744252,0.0,23.0,0.9753456821824787,0.6,17.01063403969726,0.375,8.287502352858914,0.0
sick,histdistill_density,HistDistill-Density,budget_50,seed_2,0.1,0,229.42830699870524,2865.3963619098986,0.8609876788899161,0.12205137800101926,336.0444078143916,1736.8800826666748,0.7014153908490238,0.03325997784848535,10.17020883953603,0.0,0.0,0.8009930458534014,0.0,5.0,0.8609876788899161,0.2,,,,
sick,histdistill_density,HistDistill-Density,budget_50,seed_2,0.1,1,180.5737522905195,2995.1581399903826,9.90519714348437,1.947521515991494,336.0444078143916,1736.8800826666748,0.7014153908490238,0.03325997784848535,10.17020883953603,0.0,0.0,0.6502345179087007,0.0,13.0,0.8609876788899161,0.2,15.557828058855906,0.0,,
sick,histdistill_density,HistDistill-Density,budget_50,seed_2,0.1,2,134.66273333170685,2016.3442464960397,11.385530691671404,1.543332168286604,336.0444078143916,1736.8800826666748,0.7014153908490238,0.03325997784848535,10.17020883953603,0.0,0.0,0.4759451581027924,0.0,25.0,0.8609876788899161,0.2,15.557828058855906,0.0,12.989225368874022,0.3333333333333333
sick,histdistill_density,HistDistill-Density,budget_50,seed_2,1.0,0,212.4477924465263,2679.851571238317,0.8591295310592109,0.12105413058468995,297.04732787999103,1579.3228823230652,0.6715178477958955,0.03305819082525503,4.911983658066845,0.0,1.0,0.8101607191479078,0.0,5.0,0.8591295310592109,0.6,,,,
sick,histdistill_density,HistDistill-Density,budget_50,seed_2,1.0,1,169.66766942337625,2858.449213693459,10.009788400781527,1.9794628628405433,297.04732787999103,1579.3228823230652,0.6715178477958955,0.03305819082525503,4.911983658066845,0.0,1.0,0.6946944174099998,0.0,13.0,0.8591295310592109,0.6,15.72895019435797,0.0,,
sick,histdistill_density,HistDistill-Density,budget_50,seed_2,1.0,2,118.81105312082236,1921.6052400025249,10.442429108692435,1.6244889053858051,297.04732787999103,1579.3228823230652,0.6715178477958955,0.03305819082525503,4.911983658066845,0.0,1.0,0.5279726225041209,0.0,25.0,0.8591295310592109,0.6,15.72895019435797,0.0,10.91112320892926,0.3333333333333333
sick,histdistill_density,HistDistill-Density,budget_50,seed_2,10.0,0,135.9227233750134,2430.711465047502,0.8644546487426943,0.18994784602948855,135.8120062058398,855.1161757702671,0.47223997324804484,0.027531251092020977,43.49179837580675,0.0,1.0,0.7475236429651715,0.0,5.0,0.8644546487426943,0.6,,,,
sick,histdistill_density,HistDistill-Density,budget_50,seed_2,10.0,1,114.85563731832846,2310.494026556529,8.624248253191691,1.6503755758128957,135.8120062058398,855.1161757702671,0.47223997324804484,0.027531251092020977,43.49179837580675,0.0,1.0,0.6835128391136606,0.0,13.0,0.8644546487426943,0.6,13.474119255972314,0.5,,
sick,histdistill_density,HistDistill-Density,budget_50,seed_2,10.0,2,73.36050454808152,1568.1207090993255,7.542241826175508,1.5504402040006307,135.8120062058398,855.1161757702671,0.47223997324804484,0.027531251092020977,43.49179837580675,0.0,1.0,0.5519678691593108,0.0,25.0,0.8644546487426943,0.6,13.474119255972314,0.5,6.370068196907977,0.5
sick,gain_path_refined,Legacy gain-path refined,budget_50,seed_0,0.1,0,227.14071935323483,2537.685507179334,0.8752955294674194,0.12220814284577142,348.4176857529576,1929.9922449550295,0.7272417619462522,0.03911082327017241,10.17020883953603,0.0,0.0,0.6383294355611855,0.0,5.0,0.8752955294674194,0.2,,,,
sick,gain_path_refined,Legacy gain-path refined,budget_50,seed_0,0.1,1,207.759333767667,3469.099798118334,12.727468705740117,2.5804950675633482,348.4176857529576,1929.9922449550295,0.7272417619462522,0.03911082327017241,10.17020883953603,0.0,0.0,0.5257390091116456,0.0,13.0,0.8752955294674194,0.2,20.135076940910558,0.375,,
sick,gain_path_refined,Legacy gain-path refined,budget_50,seed_0,0.1,2,153.44397084001733,2196.0357216484026,13.859675405503998,1.8715782628898776,348.4176857529576,1929.9922449550295,0.7272417619462522,0.03911082327017241,10.17020883953603,0.0,0.0,0.40733488524976336,0.0,24.0,0.8752955294674194,0.2,20.135076940910558,0.375,15.197737868861303,0.09090909090909091
sick,gain_path_refined,Legacy gain-path refined,budget_50,seed_0,1.0,0,210.22012245482173,2359.7810218529526,0.8759336689252756,0.12255921567719805,308.8332189818774,1757.8369846134278,0.6981615354654005,0.03858098248518876,4.911983658066845,0.0,1.0,0.6371320468229218,0.0,5.0,0.8759336689252756,0.6,,,,
sick,gain_path_refined,Legacy gain-path refined,budget_50,seed_0,1.0,1,194.9530942740892,3318.784732489155,12.797629639121446,2.6327292725986293,308.8332189818774,1757.8369846134278,0.6981615354654005,0.03858098248518876,4.911983658066845,0.0,1.0,0.5728020983746965,0.0,13.0,0.8759336689252756,0.6,20.24868962049405,0.625,,
sick,gain_path_refined,Legacy gain-path refined,budget_50,seed_0,1.0,2,135.62328993660913,2163.4848259443734,12.719639008318254,2.061628397109544,308.8332189818774,1757.8369846134278,0.6981615354654005,0.03858098248518876,4.911983658066845,0.0,1.0,0.5100814213193886,0.0,24.0,0.8759336689252756,0.6,20.24868962049405,0.625,12.627468262823571,0.0
sick,gain_path_refined,Legacy gain-path refined,budget_50,seed_0,10.0,0,131.99467111630722,2777.8620907601903,0.897594589478165,0.23766292327500604,135.05852828875499,940.9471021713691,0.46962001054115554,0.03207669526825894,43.49179837580675,0.0,1.0,0.6276686996759488,0.0,5.0,0.897594589478165,0.6,,,,
sick,gain_path_refined,Legacy gain-path refined,budget_50,seed_0,10.0,1,132.75483439179996,2874.1767137980487,11.228685445646846,2.286124837048369,135.05852828875499,940.9471021713691,0.46962001054115554,0.03207669526825894,43.49179837580675,0.0,1.0,0.6408015295528894,0.0,13.0,0.897594589478165,0.6,17.68561723075227,0.75,,
sick,gain_path_refined,Legacy gain-path refined,budget_50,seed_0,10.0,2,87.21852095342034,1929.4594824681662,10.271546089242745,2.0594040714286135,135.05852828875499,940.9471021713691,0.46962001054115554,0.03207669526825894,43.49179837580675,0.0,1.0,0.5947979133126448,0.0,24.0,0.897594589478165,0.6,17.68561723075227,0.75,9.140381395310625,0.0
sick,gain_path_refined,Legacy gain-path refined,budget_50,seed_1,0.1,0,237.1048483005603,2877.482952914998,0.9380743455287393,0.13036674922608382,338.8584905437679,1758.6140525929138,0.7072891411379951,0.03430562848208575,10.17020883953603,0.0,0.0,0.6522859757291759,0.0,5.0,0.9380743455287393,0.2,,,,
sick,gain_path_refined,Legacy gain-path refined,budget_50,seed_1,0.1,1,214.09023611134438,3649.407262044313,12.811023357571164,2.5988519756655704,338.8584905437679,1758.6140525929138,0.7072891411379951,0.03430562848208575,10.17020883953603,0.0,0.0,0.4472595841468435,0.0,13.0,0.9380743455287393,0.2,20.231616490097686,0.125,,
sick,gain_path_refined,Legacy gain-path refined,budget_50,seed_1,0.1,2,181.5494099003774,2487.127050068371,20.14067352104735,2.29385257566171,338.8584905437679,1758.6140525929138,0.7072891411379951,0.03430562848208575,10.17020883953603,0.0,0.0,0.3191117030737617,0.0,23.0,0.9380743455287393,0.2,20.231616490097686,0.125,29.66921873356639,0.0
sick,gain_path_refined,Legacy gain-path refined,budget_50,seed_1,1.0,0,219.9578595118086,2648.586473020994,0.9381581047394063,0.12900606413656016,299.47666432753033,1599.3162870689505,0.6770097092930735,0.033789556559776536,4.911983658066845,0.0,1.0,0.6575926147688668,0.0,5.0,0.9381581047394063,0.6,,,,
sick,gain_path_refined,Legacy gain-path refined,budget_50,seed_1,1.0,1,201.39883357081402,3506.1065953994894,12.890592089385315,2.6210623911830506,299.47666432753033,1599.3162870689505,0.6770097092930735,0.033789556559776536,4.911983658066845,0.0,1.0,0.5526615542036836,0.0,13.0,0.9381581047394063,0.6,20.360863329789005,0.125,,
sick,gain_path_refined,Legacy gain-path refined,budget_50,seed_1,1.0,2,157.2986393352634,2430.3416548216214,17.204041732160753,2.359111057864645,299.47666432753033,1599.3162870689505,0.6770097092930735,0.033789556559776536,4.911983658066845,0.0,1.0,0.4036669007409629,0.0,23.0,0.9381581047394063,0.6,20.360863329789005,0.125,22.811526267768823,0.0
sick,gain_path_refined,Legacy gain-path refined,budget_50,seed_1,10.0,0,142.67114663049261,3107.4354594750093,0.9656453795477077,0.24218599203157504,135.05852828875499,822.5919044740326,0.46962001054115554,0.02624112887380593,43.49179837580675,0.0,1.0,0.6611691262799915,0.0,5.0,0.9656453795477077,0.6,,,,
sick,gain_path_refined,Legacy gain-path refined,budget_50,seed_1,10.0,1,137.88847650366677,3088.4856327072634,11.301000083402402,2.3382004816276276,135.05852828875499,822.5919044740326,0.46962001054115554,0.02624112887380593,43.49179837580675,0.0,1.0,0.6227372509066111,0.0,13.0,0.9656453795477077,0.6,17.760596773311583,0.375,,
sick,gain_path_refined,Legacy gain-path refined,budget_50,seed_1,10.0,2,93.37206681415985,2130.6721565539133,10.942603246597718,2.2089098622275993,135.05852828875499,822.5919044740326,0.46962001054115554,0.02624112887380593,43.49179837580675,0.0,1.0,0.49889834717311643,0.0,23.0,0.9656453795477077,0.6,17.760596773311583,0.375,10.476687358751628,0.0
sick,gain_path_refined,Legacy gain-path refined,budget_50,seed_2,0.1,0,225.51134043447615,2555.2588499426556,0.9110586825700098,0.1174457228225348,338.43319542530077,1818.9100075990946,0.7064014354217001,0.03483079066014264,10.17020883953603,0.0,0.0,0.6829784193264256,0.0,5.0,0.9110586825700098,0.0,,,,
sick,gain_path_refined,Legacy gain-path refined,budget_50,seed_2,0.1,1,189.71113314404005,3245.2637330238404,10.710595864326784,2.264880571153427,338.43319542530077,1818.9100075990946,0.7064014354217001,0.03483079066014264,10.17020883953603,0.0,0.0,0.633012900392382,0.0,13.0,0.9110586825700098,0.0,16.83530660292477,0.125,,
sick,gain_path_refined,Legacy gain-path refined,budget_50,seed_2,0.1,2,174.14347355355926,2647.385108931634,19.144548461232855,2.6656159376657196,338.43319542530077,1818.9100075990946,0.7064014354217001,0.03483079066014264,10.17020883953603,0.0,0.0,0.5068178007766335,0.0,25.0,0.9110586825700098,0.0,16.83530660292477,0.125,28.281330441214426,0.3333333333333333
sick,gain_path_refined,Legacy gain-path refined,budget_50,seed_2,1.0,0,208.63412257083752,2367.615134129058,0.9122004805337415,0.11824358629111467,298.8454506597166,1646.218850853754,0.6755827607770415,0.0344584489471882,4.911983658066845,0.0,1.0,0.6931705798827491,0.0,5.0,0.9122004805337415,0.4,,,,
sick,gain_path_refined,Legacy gain-path refined,budget_50,seed_2,1.0,1,177.12596849660014,3061.4197092375985,10.647572108602013,2.27553168304142,298.8454506597166,1646.218850853754,0.6755827607770415,0.0344584489471882,4.911983658066845,0.0,1.0,0.6843822714504137,0.0,13.0,0.9122004805337415,0.4,16.732179376144686,0.125,,
sick,gain_path_refined,Legacy gain-path refined,budget_50,seed_2,1.0,2,157.49706560916027,2488.838903329617,18.734581348822232,2.7425587242553355,298.8454506597166,1646.218850853754,0.6755827607770415,0.0344584489471882,4.911983658066845,0.0,1.0,0.5280702078713994,0.0,25.0,0.9122004805337415,0.4,16.732179376144686,0.125,27.49550802572747,0.3333333333333333
sick,gain_path_refined,Legacy gain-path refined,budget_50,seed_2,10.0,0,138.9649272946789,2722.2694981842333,0.9555431995814561,0.22659501962913003,149.57679660902687,856.6234091319391,0.5201023414831037,0.02757977785517931,43.49179837580675,0.0,1.0,0.6674710876420876,0.0,5.0,0.9555431995814561,0.4,,,,
sick,gain_path_refined,Legacy gain-path refined,budget_50,seed_2,10.0,1,119.83558177783969,2506.401167408734,8.860768777810494,1.726209399821114,149.57679660902687,856.6234091319391,0.5201023414831037,0.02757977785517931,43.49179837580675,0.0,1.0,0.7039196051893227,0.0,13.0,0.9555431995814561,0.4,13.801534764203641,0.5,,
sick,gain_path_refined,Legacy gain-path refined,budget_50,seed_2,10.0,2,94.93006482537217,1913.209341295754,13.476570324723637,2.2913487566077726,149.57679660902687,856.6234091319391,0.5201023414831037,0.02757977785517931,43.49179837580675,0.0,1.0,0.5332288649346204,0.0,25.0,0.9555431995814561,0.4,13.801534764203641,0.5,18.477022000546203,0.5833333333333334
sick,random,Random,budget_50,seed_0,0.1,0,237.3830359275356,3289.6845322226845,0.9366259219069011,0.14921441986721792,357.4127560028868,2864.119350543373,0.7460169016847875,0.05804068178853899,10.17020883953603,0.0,0.0,0.4944154287826194,0.0,5.0,0.9366259219069011,0.2,,,,
sick,random,Random,budget_50,seed_0,0.1,1,274.4632198211038,5397.836150534868,19.479267226407558,4.30878212649101,357.4127560028868,2864.119350543373,0.7460169016847875,0.05804068178853899,10.17020883953603,0.0,0.0,0.525983386419635,0.0,13.0,0.9366259219069011,0.2,31.068418041720463,0.125,,
sick,random,Random,budget_50,seed_0,0.1,2,178.8957426739995,3232.471694149097,15.483207160046101,2.8239330071860476,357.4127560028868,2864.119350543373,0.7460169016847875,0.05804068178853899,10.17020883953603,0.0,0.0,0.37499933217581544,0.0,24.0,0.9366259219069011,0.2,31.068418041720463,0.125,10.760590717982565,0.0
sick,random,Random,budget_50,seed_0,1.0,0,220.69280393273525,3145.0291241078744,0.9419588975152061,0.15128334003596433,317.6453866789201,2694.111228172862,0.718082697283511,0.0591303169845102,4.911983658066845,0.0,0.0,0.48632789077135563,0.0,5.0,0.9419588975152061,0.4,,,,
sick,random,Random,budget_50,seed_0,1.0,1,259.63072222149003,5118.741487490771,19.64949439665076,4.307212081748189,317.6453866789201,2694.111228172862,0.718082697283511,0.0591303169845102,4.911983658066845,0.0,0.0,0.5435346980735466,0.0,13.0,0.9419588975152061,0.4,31.341704083610473,0.125,,
sick,random,Random,budget_50,seed_0,1.0,2,166.74250790739663,3141.2473542507128,15.417464495244829,2.9467023711783504,317.6453866789201,2694.111228172862,0.718082697283511,0.0591303169845102,4.911983658066845,0.0,0.0,0.44196737127108365,0.0,24.0,0.9419588975152061,0.4,31.341704083610473,0.125,10.415974611765096,0.0
sick,random,Random,budget_50,seed_0,10.0,0,148.2546153346604,3226.977349119782,1.0020353167121319,0.24590311653218042,156.76096732512627,1745.6785679381098,0.5450828471214505,0.05950982720586906,43.49179837580675,0.0,1.0,0.4463729678166617,0.0,5.0,1.0020353167121319,0.2,,,,
sick,random,Random,budget_50,seed_0,10.0,1,177.29413029296452,3883.3035209912823,16.897776683602366,3.4993968875999055,156.76096732512627,1745.6785679381098,0.5450828471214505,0.05950982720586906,43.49179837580675,0.0,1.0,0.517077668215829,0.0,13.0,1.0020353167121319,0.2,26.832615037908763,0.25,,
sick,random,Random,budget_50,seed_0,10.0,2,110.68905099496128,2456.553688467607,13.44910975273718,2.682362086242236,156.76096732512627,1745.6785679381098,0.5450828471214505,0.05950982720586906,43.49179837580675,0.0,1.0,0.49075122155097795,0.0,24.0,1.0020353167121319,0.2,26.832615037908763,0.25,9.373412470805592,0.09090909090909091
sick,random,Random,budget_50,seed_1,0.1,0,232.62138152026196,2757.8947140413793,0.9026877223480909,0.13109748611723282,363.3392844174328,2753.2985744025623,0.7583871662914898,0.053709134107308806,10.17020883953603,0.0,0.0,0.3608808886357683,0.0,5.0,0.9026877223480909,0.2,,,,
sick,random,Random,budget_50,seed_1,0.1,1,196.93919195018816,3561.799342626422,11.0442685847659,2.558656606302492,363.3392844174328,2753.2985744025623,0.7583871662914898,0.053709134107308806,10.17020883953603,0.0,0.0,0.42902449958261113,0.0,13.0,0.9026877223480909,0.2,17.382756623777034,0.25,,
sick,random,Random,budget_50,seed_1,0.1,2,146.3217971223151,2395.5720387603383,13.36158844567151,2.189663359719158,363.3392844174328,2753.2985744025623,0.7583871662914898,0.053709134107308806,10.17020883953603,0.0,0.0,0.342018974037722,0.0,23.0,0.9026877223480909,0.2,17.382756623777034,0.25,16.3741042648488,0.2
sick,random,Random,budget_50,seed_1,1.0,0,215.88748905050542,2643.1359050921646,0.9039084110086268,0.13387596004202926,323.5184352477493,2574.6154417461944,0.7313595611526057,0.05439519048980117,4.911983658066845,0.0,1.0,0.3568415756024862,0.0,5.0,0.9039084110086268,0.6,,,,
sick,random,Random,budget_50,seed_1,1.0,1,185.8461212736244,3450.994586166537,11.178846818916087,2.5825060750446203,323.5184352477493,2574.6154417461944,0.7313595611526057,0.05439519048980117,4.911983658066845,0.0,1.0,0.4879233893667986,0.0,13.0,0.9039084110086268,0.6,17.60068332385825,0.25,,
sick,random,Random,budget_50,seed_1,1.0,2,133.6985755034594,2364.8780896832186,12.60846175401996,2.280741955919155,323.5184352477493,2574.6154417461944,0.7313595611526057,0.05439519048980117,4.911983658066845,0.0,1.0,0.3840108535254011,0.0,23.0,0.9039084110086268,0.6,17.60068332385825,0.25,14.466961169654994,0.1
sick,random,Random,budget_50,seed_1,10.0,0,134.60948565198987,3502.208936684131,0.9137804620080834,0.2617661480010379,141.77046816008973,1667.7024403478956,0.49295849433085537,0.05320061432930289,43.49179837580675,0.0,1.0,0.41284044611422166,0.0,5.0,0.9137804620080834,0.6,,,,
sick,random,Random,budget_50,seed_1,10.0,1,126.06460277662751,3186.3024235053595,10.023613418884379,2.307335643003169,141.77046816008973,1667.7024403478956,0.49295849433085537,0.05320061432930289,43.49179837580675,0.0,1.0,0.5400129459877715,0.0,13.0,0.9137804620080834,0.6,15.717259016932065,0.5,,
sick,random,Random,budget_50,seed_1,10.0,2,84.7235798646398,2169.743315703125,9.632791028205299,2.2234059244519933,141.77046816008973,1667.7024403478956,0.49295849433085537,0.05320061432930289,43.49179837580675,0.0,1.0,0.45233883369148353,0.0,23.0,0.9137804620080834,0.6,15.717259016932065,0.5,9.124721920322495,0.1
sick,random,Random,budget_50,seed_2,0.1,0,218.1313320009511,2540.350071850733,0.8321366417629799,0.11587410234766356,357.4127560028868,2299.6910325418344,0.7460169016847875,0.04403739415519602,10.17020883953603,0.0,0.0,0.5672937132919624,0.0,5.0,0.8321366417629799,0.2,,,,
sick,random,Random,budget_50,seed_2,0.1,1,158.85145797425827,2441.504946574788,7.7377829564045815,1.4397357999108567,357.4127560028868,2299.6910325418344,0.7460169016847875,0.04403739415519602,10.17020883953603,0.0,0.0,0.4720484451893144,0.0,13.0,0.8321366417629799,0.2,12.053811903055582,0.0,,
sick,random,Random,budget_50,seed_2,0.1,2,151.65395495813627,2042.22378402535,16.87386694434111,2.1382436783216443,357.4127560028868,2299.6910325418344,0.7460169016847875,0.04403739415519602,10.17020883953603,0.0,0.0,0.3893670849689588,0.0,25.0,0.8321366417629799,0.2,12.053811903055582,0.0,26.77129126460568,0.0
sick,random,Random,budget_50,seed_2,1.0,0,199.00515084847603,2416.1311826174956,0.8205982580753831,0.11887922990431248,317.6453866789201,2139.065386018575,0.718082697283511,0.044774651535907234,4.911983658066845,0.0,1.0,0.5791909926654439,0.0,5.0,0.8205982580753831,0.6,,,,
sick,random,Random,budget_50,seed_2,1.0,1,143.10174464088666,2343.2049874322033,7.333314797836199,1.4713698558798358,317.6453866789201,2139.065386018575,0.718082697283511,0.044774651535907234,4.911983658066845,0.0,1.0,0.5254495418993412,0.0,13.0,0.8205982580753831,0.6,11.403762635186709,0.0,,
sick,random,Random,budget_50,seed_2,1.0,2,135.43755073281977,1961.6485317388663,16.493853140879455,2.1799562350961157,317.6453866789201,2139.065386018575,0.718082697283511,0.044774651535907234,4.911983658066845,0.0,1.0,0.42572757840721415,0.0,25.0,0.8205982580753831,0.6,11.403762635186709,0.0,26.417769679176313,0.0
sick,random,Random,budget_50,seed_2,10.0,0,122.31727789943663,2798.9639771682296,0.8144148230229173,0.22735945035161906,149.9089325759153,1354.1694445353191,0.5212572311316697,0.043598729687298665,43.49179837580675,0.0,1.0,0.5505355326961648,0.0,5.0,0.8144148230229173,0.6,,,,
sick,random,Random,budget_50,seed_2,10.0,1,92.86616779182292,2184.1096720503456,5.926000142860337,1.2243071169473931,149.9089325759153,1354.1694445353191,0.5212572311316697,0.043598729687298665,43.49179837580675,0.0,1.0,0.6330084364392881,0.0,13.0,0.8144148230229173,0.6,9.120740967758726,0.0,,
sick,random,Random,budget_50,seed_2,10.0,2,81.84937326032461,1710.7503492340836,11.724790469648445,1.8574439581117232,149.9089325759153,1354.1694445353191,0.5212572311316697,0.043598729687298665,43.49179837580675,0.0,1.0,0.4786478125159301,0.0,25.0,0.8144148230229173,0.6,9.120740967758726,0.0,18.006813323668894,0.0
spambase,histdistill_refined,HistDistill-Refined,budget_50,seed_0,0.1,0,100.4989973575778,2994.4116547604917,0.36227116813198157,0.08788669210676821,95.1189146906465,3306.8700085911782,0.2106584770236751,0.062065058603952825,4.668700672800014,0.0,1.0,0.920073352582482,0.0,5.0,0.36227116813198157,0.6,,,,
spambase,histdistill_refined,HistDistill-Refined,budget_50,seed_0,0.1,1,90.69501501925903,2503.083828115361,0.8284895939940177,0.1788127922444718,95.1189146906465,3306.8700085911782,0.2106584770236751,0.062065058603952825,4.668700672800014,0.0,1.0,0.8394032135080606,0.0,12.0,0.36227116813198157,0.6,1.1615027553240433,0.0,,
spambase,histdistill_refined,HistDistill-Refined,budget_50,seed_0,0.1,2,73.1743671579047,1762.1353814946726,1.6450536284806234,0.252213636347463,95.1189146906465,3306.8700085911782,0.2106584770236751,0.062065058603952825,4.668700672800014,0.0,1.0,0.6009794296214287,0.0,25.0,0.36227116813198157,0.6,1.1615027553240433,0.0,2.3988050449297975,0.0
spambase,histdistill_refined,HistDistill-Refined,budget_50,seed_0,1.0,0,100.15045396443645,2976.3684992226777,0.3619910712263473,0.08764833930054927,94.90025790160735,3285.258160830526,0.21076609883029218,0.06183307714457078,4.707203687713047,0.0,1.0,0.9205875567107586,0.0,5.0,0.3619910712263473,0.6,,,,
spambase,histdistill_refined,HistDistill-Refined,budget_50,seed_0,1.0,1,89.80692973709012,2479.9654601759617,0.82461631834422,0.17834410444645618,94.90025790160735,3285.258160830526,0.21076609883029218,0.06183307714457078,4.707203687713047,0.0,1.0,0.8422363671417464,0.0,12.0,0.3619910712263473,0.6,1.1550629234284144,0.0,,
spambase,histdistill_refined,HistDistill-Refined,budget_50,seed_0,1.0,2,72.0928357581508,1741.5384734142538,1.648354378316999,0.2559898029563916,94.90025790160735,3285.258160830526,0.21076609883029218,0.06183307714457078,4.707203687713047,0.0,1.0,0.6645276842020027,0.0,25.0,0.3619910712263473,0.6,1.1550629234284144,0.0,2.408727972138026,0.0
spambase,histdistill_refined,HistDistill-Refined,budget_50,seed_0,10.0,0,99.23193401722922,2894.534067474812,0.3650351309361832,0.08676541935652181,104.65396584039196,3304.423960830144,0.23895252618245352,0.06393956702100807,5.0579529583603176,0.0,1.0,0.9208800300255249,0.0,5.0,0.3650351309361832,0.6,,,,
spambase,histdistill_refined,HistDistill-Refined,budget_50,seed_0,10.0,1,83.85040481830353,2340.7912298881147,0.7947069661716905,0.1778981490050956,104.65396584039196,3304.423960830144,0.23895252618245352,0.06393956702100807,5.0579529583603176,0.0,1.0,0.8565185955425295,0.0,12.0,0.3650351309361832,0.6,1.1016154199113384,0.0,,
spambase,histdistill_refined,HistDistill-Refined,budget_50,seed_0,10.0,2,65.11894524448044,1631.4958614735162,1.444095457064675,0.26833493178736606,104.65396584039196,3304.423960830144,0.23895252618245352,0.06393956702100807,5.0579529583603176,0.0,1.0,0.7633311289792872,0.0,25.0,0.3650351309361832,0.6,1.1016154199113384,0.0,2.0435309871197376,0.0
spambase,histdistill_refined,HistDistill-Refined,budget_50,seed_1,0.1,0,87.44705707022061,2578.023420428629,0.2940904792434615,0.07481311534891666,92.95232365320948,2803.5542457276947,0.20586015936241914,0.053525782888951684,4.668700672800014,0.0,1.0,0.9168855994569809,0.0,5.0,0.2940904792434615,0.6,,,,
spambase,histdistill_refined,HistDistill-Refined,budget_50,seed_1,0.1,1,91.54986366219113,2547.9580974120895,0.8822828728053332,0.1999356257059973,92.95232365320948,2803.5542457276947,0.20586015936241914,0.053525782888951684,4.668700672800014,0.0,1.0,0.8272959836865897,0.0,12.0,0.2940904792434615,0.6,1.302420296778099,0.0,,
spambase,histdistill_refined,HistDistill-Refined,budget_50,seed_1,0.1,2,75.83183527370595,1937.6929876686888,1.8302224630860748,0.34229493284277906,92.95232365320948,2803.5542457276947,0.20586015936241914,0.053525782888951684,4.668700672800014,0.0,1.0,0.5795888382530215,0.0,25.0,0.2940904792434615,0.6,1.302420296778099,0.0,2.7052436233452206,0.15384615384615385
spambase,histdistill_refined,HistDistill-Refined,budget_50,seed_1,1.0,0,87.04183299291049,2561.007172020237,0.2933547498987798,0.07454104512979534,92.47282979863047,2780.6790463955754,0.20537496963034943,0.0532385525591523,4.707203687713047,0.0,1.0,0.9175911254680837,0.0,5.0,0.2933547498987798,0.6,,,,
spambase,histdistill_refined,HistDistill-Refined,budget_50,seed_1,1.0,1,90.55389238343552,2522.895863061871,0.8776146789930622,0.20022003433784527,92.47282979863047,2780.6790463955754,0.20537496963034943,0.0532385525591523,4.707203687713047,0.0,1.0,0.8296391924182974,0.0,12.0,0.2933547498987798,0.6,1.2949431997746927,0.0,,
spambase,histdistill_refined,HistDistill-Refined,budget_50,seed_1,1.0,2,74.78852751408266,1918.2688619578662,1.8288778056509563,0.34638550690791253,92.47282979863047,2780.6790463955754,0.20537496963034943,0.0532385525591523,4.707203687713047,0.0,1.0,0.6209645316064301,0.0,25.0,0.2933547498987798,0.6,1.2949431997746927,0.0,2.706966845642858,0.15384615384615385
spambase,histdistill_refined,HistDistill-Refined,budget_50,seed_1,10.0,0,83.05789521195936,2433.6746357351026,0.28585153292377097,0.07284961291710676,87.9386221133808,2655.7125645919787,0.20078700060964466,0.051826411889550554,5.0579529583603176,0.0,1.0,0.9215618508671921,0.0,5.0,0.28585153292377097,0.6,,,,
spambase,histdistill_refined,HistDistill-Refined,budget_50,seed_1,10.0,1,82.71901675945271,2369.8634555224908,0.8429386256444977,0.20343926793740227,87.9386221133808,2655.7125645919787,0.20078700060964466,0.051826411889550554,5.0579529583603176,0.0,1.0,0.8442142693042065,0.0,12.0,0.28585153292377097,0.6,1.240857977587874,0.0,,
spambase,histdistill_refined,HistDistill-Refined,budget_50,seed_1,10.0,2,65.32460696564416,1768.2854990061462,1.6492287659461993,0.3553211116309861,87.9386221133808,2655.7125645919787,0.20078700060964466,0.051826411889550554,5.0579529583603176,0.0,1.0,0.7036548347370436,0.0,25.0,0.28585153292377097,0.6,1.240857977587874,0.0,2.3934965877631544,0.0
spambase,histdistill_refined,HistDistill-Refined,budget_50,seed_2,0.1,0,108.52521426378948,2483.0808286094675,0.37582420825146645,0.07243294239481148,119.87279415950485,2960.866624250153,0.26548053388057585,0.053749084032729294,4.668700672800014,0.0,0.0,0.9150515273430795,0.0,5.0,0.37582420825146645,0.0,,,,
spambase,histdistill_refined,HistDistill-Refined,budget_50,seed_2,0.1,1,93.56374787269137,2317.3488065990573,0.7373389788479484,0.16076359755891148,119.87279415950485,2960.866624250153,0.26548053388057585,0.053749084032729294,4.668700672800014,0.0,0.0,0.8384814507628797,0.0,12.0,0.37582420825146645,0.0,0.9955638149882925,0.14285714285714285,,
spambase,histdistill_refined,HistDistill-Refined,budget_50,seed_2,0.1,2,73.77506432892511,1678.0068281318456,1.6704154506154838,0.254272873492831,119.87279415950485,2960.866624250153,0.26548053388057585,0.053749084032729294,4.668700672800014,0.0,0.0,0.6100196386911948,0.0,25.0,0.37582420825146645,0.0,0.9955638149882925,0.14285714285714285,2.531716809170132,0.0
spambase,histdistill_refined,HistDistill-Refined,budget_50,seed_2,1.0,0,108.02899408361225,2467.245605172745,0.37558395174707265,0.07227408482038025,119.13161544430568,2938.558307728911,0.2645820611001903,0.05349434154671995,4.707203687713047,0.0,0.0,0.9155662991394479,0.0,5.0,0.37558395174707265,0.0,,,,
spambase,histdistill_refined,HistDistill-Refined,budget_50,seed_2,1.0,1,93.04844753952273,2294.5387945775115,0.7409244278314612,0.16049418394752302,119.13161544430568,2938.558307728911,0.2645820611001903,0.05349434154671995,4.707203687713047,0.0,0.0,0.8415887066510201,0.0,12.0,0.37558395174707265,0.0,1.0018819107488814,0.0,,
spambase,histdistill_refined,HistDistill-Refined,budget_50,seed_2,1.0,2,72.80516659546656,1654.4313311202961,1.6787354014936244,0.2548555989830368,119.13161544430568,2938.558307728911,0.2645820611001903,0.05349434154671995,4.707203687713047,0.0,0.0,0.6530968588831282,0.0,25.0,0.37558395174707265,0.0,1.0018819107488814,0.0,2.544407069489467,0.0
spambase,histdistill_refined,HistDistill-Refined,budget_50,seed_2,10.0,0,103.32781274912858,2380.885172764132,0.37314896770266603,0.07177077708530323,112.20711473818704,2891.386769400062,0.2561983514626242,0.054113085072640975,5.0579529583603176,0.0,0.0,0.9167895560343731,0.0,5.0,0.37314896770266603,0.0,,,,
spambase,histdistill_refined,HistDistill-Refined,budget_50,seed_2,10.0,1,88.33399698310562,2157.1429045377954,0.765779935345225,0.1630338902756955,112.20711473818704,2891.386769400062,0.2561983514626242,0.054113085072640975,5.0579529583603176,0.0,0.0,0.8572123998738008,0.0,12.0,0.37314896770266603,0.0,1.0462306265184813,0.14285714285714285,,
spambase,histdistill_refined,HistDistill-Refined,budget_50,seed_2,10.0,2,67.14444465489728,1547.7750072343683,1.5082727413703985,0.2671027736691233,112.20711473818704,2891.386769400062,0.2561983514626242,0.054113085072640975,5.0579529583603176,0.0,0.0,0.7380245661145358,0.0,25.0,0.37314896770266603,0.0,1.0462306265184813,0.14285714285714285,2.1936507161628658,0.0
spambase,histdistill_density,HistDistill-Density,budget_50,seed_0,0.1,0,122.00448689493547,2767.2290068310276,0.44971249615790443,0.08231992096292906,88.26304454564888,2716.8163823405876,0.19547488112043776,0.0509906248349884,4.668700672800014,0.0,1.0,0.9090377749035948,0.0,5.0,0.44971249615790443,0.6,,,,
spambase,histdistill_density,HistDistill-Density,budget_50,seed_0,0.1,1,102.26597567980764,2596.1437247813506,0.9106877161980168,0.19806299887945325,88.26304454564888,2716.8163823405876,0.19547488112043776,0.0509906248349884,4.668700672800014,0.0,1.0,0.8299867027500194,0.0,12.0,0.44971249615790443,0.6,1.239955730512383,0.0,,
spambase,histdistill_density,HistDistill-Density,budget_50,seed_0,0.1,2,82.30855235475677,1851.588332204967,1.855847052145837,0.28028854044234414,88.26304454564888,2716.8163823405876,0.19547488112043776,0.0509906248349884,4.668700672800014,0.0,1.0,0.5929018349817998,0.0,25.0,0.44971249615790443,0.6,1.239955730512383,0.0,2.7283018237899777,0.0
spambase,histdistill_density,HistDistill-Density,budget_50,seed_0,1.0,0,121.46735090827922,2747.5805364757625,0.44911397447429086,0.08202141040112473,87.57419277911225,2692.5192251779536,0.19449547744540754,0.05067691511999163,4.707203687713047,0.0,1.0,0.9096586013027619,0.0,5.0,0.44911397447429086,0.6,,,,
spambase,histdistill_density,HistDistill-Density,budget_50,seed_0,1.0,1,101.36086723792612,2574.464129976983,0.9091830364014294,0.1983711583396378,87.57419277911225,2692.5192251779536,0.19449547744540754,0.05067691511999163,4.707203687713047,0.0,1.0,0.832689650281262,0.0,12.0,0.44911397447429086,0.6,1.2378037949208138,0.0,,
spambase,histdistill_density,HistDistill-Density,budget_50,seed_0,1.0,2,81.20833558032997,1832.217604564902,1.8633044975418847,0.2848915616156221,87.57419277911225,2692.5192251779536,0.19449547744540754,0.05067691511999163,4.707203687713047,0.0,1.0,0.6441283584807631,0.0,25.0,0.44911397447429086,0.6,1.2378037949208138,0.0,2.744032000133074,0.0
spambase,histdistill_density,HistDistill-Density,budget_50,seed_0,10.0,0,117.28216808362353,2638.72792334387,0.44769665726166485,0.08089925741098407,81.22251883487866,2624.62485436114,0.18545237060672745,0.05078566756859742,5.0579529583603176,0.0,1.0,0.9094498406899924,0.0,5.0,0.44769665726166485,0.6,,,,
spambase,histdistill_density,HistDistill-Density,budget_50,seed_0,10.0,1,94.28630028021591,2413.0165848091433,0.8922489493419347,0.1987233671176434,81.22251883487866,2624.62485436114,0.18545237060672745,0.05078566756859742,5.0579529583603176,0.0,1.0,0.8454843910991651,0.0,12.0,0.44769665726166485,0.6,1.2097863008278418,0.0,,
spambase,histdistill_density,HistDistill-Density,budget_50,seed_0,10.0,2,73.72876878338334,1707.503379315094,1.6417356569556065,0.2950745755484885,81.22251883487866,2624.62485436114,0.18545237060672745,0.05078566756859742,5.0579529583603176,0.0,1.0,0.7474621559763406,0.0,25.0,0.44769665726166485,0.6,1.2097863008278418,0.0,2.333569540906689,0.0
spambase,histdistill_density,HistDistill-Density,budget_50,seed_1,0.1,0,111.59229143746363,2543.708365752443,0.3807599803738043,0.07512772486650994,107.90450971202623,2633.028272970162,0.23897454837294363,0.05027008123500426,4.668700672800014,0.0,1.0,0.9170920906090464,0.0,5.0,0.3807599803738043,0.6,,,,
spambase,histdistill_density,HistDistill-Density,budget_50,seed_1,0.1,1,98.76757958485307,2462.3882390572157,0.8910352880671447,0.19467873475593964,107.90450971202623,2633.028272970162,0.23897454837294363,0.05027008123500426,4.668700672800014,0.0,1.0,0.8310200786646127,0.0,12.0,0.3807599803738043,0.6,1.255517650705245,0.0,,
spambase,histdistill_density,HistDistill-Density,budget_50,seed_1,0.1,2,78.42016422331369,1883.3770188121991,1.8105157045795224,0.3342947170534665,107.90450971202623,2633.028272970162,0.23897454837294363,0.05027008123500426,4.668700672800014,0.0,1.0,0.5786817038624962,0.0,25.0,0.3807599803738043,0.6,1.255517650705245,0.0,2.6592668582832553,0.15384615384615385
spambase,histdistill_density,HistDistill-Density,budget_50,seed_1,1.0,0,111.08122022807663,2526.0447019224657,0.37988943465100034,0.07483797657459164,107.30116345880907,2608.880414524821,0.23830754649383987,0.04994931624678557,4.707203687713047,0.0,1.0,0.9174959287093547,0.0,5.0,0.37988943465100034,0.6,,,,
spambase,histdistill_density,HistDistill-Density,budget_50,seed_1,1.0,1,97.4866667643728,2435.720467945687,0.88259448752056,0.19463955266491814,107.30116345880907,2608.880414524821,0.23830754649383987,0.04994931624678557,4.707203687713047,0.0,1.0,0.8337401202074758,0.0,12.0,0.37988943465100034,0.6,1.2416695252845311,0.0,,
spambase,histdistill_density,HistDistill-Density,budget_50,seed_1,1.0,2,77.24802604441722,1862.9020321245844,1.8070441976616192,0.3381611097537656,107.30116345880907,2608.880414524821,0.23830754649383987,0.04994931624678557,4.707203687713047,0.0,1.0,0.6203238885285387,0.0,25.0,0.37988943465100034,0.6,1.2416695252845311,0.0,2.6603823916379814,0.15384615384615385
spambase,histdistill_density,HistDistill-Density,budget_50,seed_1,10.0,0,106.14045272204332,2392.750780636231,0.3712746293757621,0.07300738671108921,101.65725712174414,2482.433369086038,0.23211025209562183,0.04844485656691699,5.0579529583603176,0.0,1.0,0.9188937012699501,0.0,5.0,0.3712746293757621,0.6,,,,
spambase,histdistill_density,HistDistill-Density,budget_50,seed_1,10.0,1,88.70412791882951,2277.063746576431,0.8402131707010002,0.19702236566990403,101.65725712174414,2482.433369086038,0.23211025209562183,0.04844485656691699,5.0579529583603176,0.0,1.0,0.8455646397529595,0.0,12.0,0.3712746293757621,0.6,1.1751692716475988,0.0,,
spambase,histdistill_density,HistDistill-Density,budget_50,seed_1,10.0,2,67.42552206587456,1710.3967538519976,1.624743711847377,0.3473177603230063,101.65725712174414,2482.433369086038,0.23211025209562183,0.04844485656691699,5.0579529583603176,0.0,1.0,0.7082441697940886,0.0,25.0,0.3712746293757621,0.6,1.1751692716475988,0.0,2.3489257498286484,0.0
spambase,histdistill_density,HistDistill-Density,budget_50,seed_2,0.1,0,110.8992325245461,2732.165138663759,0.3923536029911956,0.07795739313358085,117.3156256485799,3404.7304104423333,0.2598172099690666,0.06180661413142829,4.668700672800014,0.0,0.0,0.9058136906963059,0.0,5.0,0.3923536029911956,0.0,,,,
spambase,histdistill_density,HistDistill-Density,budget_50,seed_2,0.1,1,104.2648351657948,2522.2144734094836,0.8554395810381932,0.17390813014159354,117.3156256485799,3404.7304104423333,0.2598172099690666,0.06180661413142829,4.668700672800014,0.0,0.0,0.8330223800377383,0.0,12.0,0.3923536029911956,0.0,1.1862152796431917,0.14285714285714285,,
spambase,histdistill_density,HistDistill-Density,budget_50,seed_2,0.1,2,78.01421369413946,1802.4288831700023,1.6887249083199967,0.26509888912916496,117.3156256485799,3404.7304104423333,0.2598172099690666,0.06180661413142829,4.668700672800014,0.0,0.0,0.6011457264283991,0.0,25.0,0.3923536029911956,0.0,1.1862152796431917,0.14285714285714285,2.457911364272431,0.0
spambase,histdistill_density,HistDistill-Density,budget_50,seed_2,1.0,0,110.39635574270349,2714.8817104616505,0.39213698510081596,0.07778696788978402,116.57908731786665,3379.5489854291714,0.2589130944686988,0.06152225981867329,4.707203687713047,0.0,0.0,0.9062196052990817,0.0,5.0,0.39213698510081596,0.0,,,,
spambase,histdistill_density,HistDistill-Density,budget_50,seed_2,1.0,1,103.65916606930595,2497.2252177291257,0.8593970972071805,0.17360304489657466,116.57908731786665,3379.5489854291714,0.2589130944686988,0.06152225981867329,4.707203687713047,0.0,0.0,0.8369209402905947,0.0,12.0,0.39213698510081596,0.0,1.1931543201402979,0.0,,
spambase,histdistill_density,HistDistill-Density,budget_50,seed_2,1.0,2,77.10930931940537,1777.32939673011,1.69822023109253,0.26575691113774724,116.57908731786665,3379.5489854291714,0.2589130944686988,0.06152225981867329,4.707203687713047,0.0,0.0,0.6466405332092566,0.0,25.0,0.39213698510081596,0.0,1.1931543201402979,0.0,2.47251850852516,0.0
spambase,histdistill_density,HistDistill-Density,budget_50,seed_2,10.0,0,105.63100196188284,2591.637957886614,0.3899168835556376,0.07679043210899014,109.70151977951747,3227.912433101021,0.2504774192441813,0.06041125384815747,5.0579529583603176,0.0,0.0,0.9076353383605277,0.0,5.0,0.3899168835556376,0.0,,,,
spambase,histdistill_density,HistDistill-Density,budget_50,seed_2,10.0,1,98.15519384067039,2348.978174933422,0.8859845981822726,0.177598161413998,109.70151977951747,3227.912433101021,0.2504774192441813,0.06041125384815747,5.0579529583603176,0.0,0.0,0.8528153157173838,0.0,12.0,0.3899168835556376,0.0,1.2403186800584405,0.14285714285714285,,
spambase,histdistill_density,HistDistill-Density,budget_50,seed_2,10.0,2,72.93920383345673,1660.4448593548962,1.5953351540182654,0.2796024908476072,109.70151977951747,3227.912433101021,0.2504774192441813,0.06041125384815747,5.0579529583603176,0.0,0.0,0.7334086824123599,0.0,25.0,0.3899168835556376,0.0,1.2403186800584405,0.14285714285714285,2.2501202824822584,0.0
spambase,gain_path_refined,Legacy gain-path refined,budget_50,seed_0,0.1,0,93.84980900176905,2586.9952249617595,0.34107733901052395,0.07875533999241519,80.85027319852833,2641.428858662568,0.1790579242240329,0.04957571252729945,4.668700672800014,0.0,1.0,0.9191453191273082,0.0,5.0,0.34107733901052395,0.6,,,,
spambase,gain_path_refined,Legacy gain-path refined,budget_50,seed_0,0.1,1,90.70095022203475,2525.0817225196984,0.8457789896603236,0.19511789443595065,80.85027319852833,2641.428858662568,0.1790579242240329,0.04957571252729945,4.668700672800014,0.0,1.0,0.8329656412521563,0.0,12.0,0.34107733901052395,0.6,1.2062801686958946,0.0,,
spambase,gain_path_refined,Legacy gain-path refined,budget_50,seed_0,0.1,2,72.63296225523543,1773.0831370604446,1.6561132238170995,0.2658653457413927,80.85027319852833,2641.428858662568,0.1790579242240329,0.04957571252729945,4.668700672800014,0.0,1.0,0.5959253540457864,0.0,25.0,0.34107733901052395,0.6,1.2062801686958946,0.0,2.4041140553464313,0.0
spambase,gain_path_refined,Legacy gain-path refined,budget_50,seed_0,1.0,0,93.31826466759007,2568.2855922225867,0.34030356354045754,0.07851606329367719,80.13651971632873,2613.7519783616367,0.17797698349733704,0.04919440719810962,4.707203687713047,0.0,1.0,0.9199383931591566,0.0,5.0,0.34030356354045754,0.6,,,,
spambase,gain_path_refined,Legacy gain-path refined,budget_50,seed_0,1.0,1,89.76117870042343,2502.0222018420077,0.842335577433801,0.19514789699638121,80.13651971632873,2613.7519783616367,0.17797698349733704,0.04919440719810962,4.707203687713047,0.0,1.0,0.8358677527401054,0.0,12.0,0.34030356354045754,0.6,1.2009298730719036,0.0,,
spambase,gain_path_refined,Legacy gain-path refined,budget_50,seed_0,1.0,2,71.54695064887497,1752.4375409084562,1.6591860653465764,0.26988925056110635,80.13651971632873,2613.7519783616367,0.17797698349733704,0.04919440719810962,4.707203687713047,0.0,1.0,0.6534885019373093,0.0,25.0,0.34030356354045754,0.6,1.2009298730719036,0.0,2.4132019003429845,0.0
spambase,gain_path_refined,Legacy gain-path refined,budget_50,seed_0,10.0,0,88.44558538167033,2466.794784622425,0.33354262454106876,0.07759545972361293,73.57899442865414,2519.228059937937,0.16800019427362897,0.0487462726602247,5.0579529583603176,0.0,1.0,0.9188804422469845,0.0,5.0,0.33354262454106876,0.6,,,,
spambase,gain_path_refined,Legacy gain-path refined,budget_50,seed_0,10.0,1,82.48178932437567,2343.962692378122,0.8224734973681596,0.19564856604126035,73.57899442865414,2519.228059937937,0.16800019427362897,0.0487462726602247,5.0579529583603176,0.0,1.0,0.8488599118586305,0.0,12.0,0.33354262454106876,0.6,1.1717098351017958,0.0,,
spambase,gain_path_refined,Legacy gain-path refined,budget_50,seed_0,10.0,2,64.11281553154205,1636.67263330259,1.449509645551344,0.28299388605052167,73.57899442865414,2519.228059937937,0.16800019427362897,0.0487462726602247,5.0579529583603176,0.0,1.0,0.7552430137417523,0.0,25.0,0.33354262454106876,0.6,1.1717098351017958,0.0,2.028312243874284,0.0
spambase,gain_path_refined,Legacy gain-path refined,budget_50,seed_1,0.1,0,84.2353749233915,2460.2926693437894,0.2849447191680161,0.07213931508766473,99.9585709849207,2736.306032432285,0.22137679343409244,0.052241872199509785,4.668700672800014,0.0,1.0,0.9247759371464997,0.0,5.0,0.2849447191680161,0.6,,,,
spambase,gain_path_refined,Legacy gain-path refined,budget_50,seed_1,0.1,1,91.67209698649354,2521.4555330467883,0.9255058290831796,0.2023221501450949,99.9585709849207,2736.306032432285,0.22137679343409244,0.052241872199509785,4.668700672800014,0.0,1.0,0.8249830811942008,0.0,12.0,0.2849447191680161,0.6,1.3830494790225818,0.0,,
spambase,gain_path_refined,Legacy gain-path refined,budget_50,seed_1,0.1,2,76.72285534975141,1945.9559912703905,1.9007808330795826,0.35172989569106405,99.9585709849207,2736.306032432285,0.22137679343409244,0.052241872199509785,4.668700672800014,0.0,1.0,0.5828016084243013,0.0,25.0,0.2849447191680161,0.6,1.3830494790225818,0.0,2.801034682922416,0.15384615384615385
spambase,gain_path_refined,Legacy gain-path refined,budget_50,seed_1,1.0,0,83.95752812391407,2443.201187813259,0.2845784283750752,0.07189052581351756,99.51414496336389,2707.611203320671,0.2210131834847746,0.05183960426665893,4.707203687713047,0.0,1.0,0.9250164727270971,0.0,5.0,0.2845784283750752,0.6,,,,
spambase,gain_path_refined,Legacy gain-path refined,budget_50,seed_1,1.0,1,90.61168816340233,2497.016880705903,0.9195122862403556,0.20285959641322124,99.51414496336389,2707.611203320671,0.2210131834847746,0.05183960426665893,4.707203687713047,0.0,1.0,0.8275043833676387,0.0,12.0,0.2845784283750752,0.6,1.3730364704298417,0.0,,
spambase,gain_path_refined,Legacy gain-path refined,budget_50,seed_1,1.0,2,75.31105570655802,1922.396890352474,1.8922196229520345,0.3547303633333467,99.51414496336389,2707.611203320671,0.2210131834847746,0.05183960426665893,4.707203687713047,0.0,1.0,0.6241895120629747,0.0,25.0,0.2845784283750752,0.6,1.3730364704298417,0.0,2.7901033183782,0.15384615384615385
spambase,gain_path_refined,Legacy gain-path refined,budget_50,seed_1,10.0,0,81.20961549022365,2333.8409738939527,0.28079777890746915,0.07079934757490598,95.28453442832216,2580.2227418564594,0.21755965027155125,0.05035322284841603,5.0579529583603176,0.0,1.0,0.9274708966502825,0.0,5.0,0.28079777890746915,0.6,,,,
spambase,gain_path_refined,Legacy gain-path refined,budget_50,seed_1,10.0,1,82.50763938986178,2351.5836196557457,0.8758533253765997,0.20693049536561883,95.28453442832216,2580.2227418564594,0.21755965027155125,0.05035322284841603,5.0579529583603176,0.0,1.0,0.8383407497746619,0.0,12.0,0.28079777890746915,0.6,1.3008930014259785,0.0,,
spambase,gain_path_refined,Legacy gain-path refined,budget_50,seed_1,10.0,2,65.82520494063355,1768.780789871328,1.723898166339388,0.3625299223264146,95.28453442832216,2580.2227418564594,0.21755965027155125,0.05035322284841603,5.0579529583603176,0.0,1.0,0.7062831071058758,0.0,25.0,0.28079777890746915,0.6,1.3008930014259785,0.0,2.5067087887665767,0.0
spambase,gain_path_refined,Legacy gain-path refined,budget_50,seed_2,0.1,0,111.29219711872842,2700.3924863603106,0.37042771550388826,0.07849216661746913,138.4543032678659,3307.7602310339244,0.3066327318666385,0.06004629899970182,4.668700672800014,0.0,0.0,0.9092176245852392,0.0,5.0,0.37042771550388826,0.0,,,,
spambase,gain_path_refined,Legacy gain-path refined,budget_50,seed_2,0.1,1,99.74948790216729,2593.141337284867,0.7974476560306661,0.18145683970094814,138.4543032678659,3307.7602310339244,0.3066327318666385,0.06004629899970182,4.668700672800014,0.0,0.0,0.826658347172683,0.0,12.0,0.37042771550388826,0.0,1.1024618992640787,0.14285714285714285,,
spambase,gain_path_refined,Legacy gain-path refined,budget_50,seed_2,0.1,2,76.13371399177372,1842.278716312155,1.6455536241376965,0.2685036524347055,138.4543032678659,3307.7602310339244,0.3066327318666385,0.06004629899970182,4.668700672800014,0.0,0.0,0.6009428762100828,0.0,25.0,0.37042771550388826,0.0,1.1024618992640787,0.14285714285714285,2.4284206716211094,0.0
spambase,gain_path_refined,Legacy gain-path refined,budget_50,seed_2,1.0,0,110.74580084438007,2683.251620336554,0.37004163916881955,0.07835323940724723,137.58403250484912,3280.556657592818,0.3055634455962423,0.05972017565316443,4.707203687713047,0.0,0.0,0.9097194201985641,0.0,5.0,0.37004163916881955,0.0,,,,
spambase,gain_path_refined,Legacy gain-path refined,budget_50,seed_2,1.0,1,99.11277468861043,2567.6557483290367,0.8005323310758835,0.18118961984091667,137.58403250484912,3280.556657592818,0.3055634455962423,0.05972017565316443,4.707203687713047,0.0,0.0,0.8303805879015944,0.0,12.0,0.37004163916881955,0.0,1.1080256824380723,0.0,,
spambase,gain_path_refined,Legacy gain-path refined,budget_50,seed_2,1.0,2,75.11308063535826,1816.6146339838474,1.6511696269485543,0.26920177437586845,137.58403250484912,3280.556657592818,0.3055634455962423,0.05972017565316443,4.707203687713047,0.0,0.0,0.6484280468110798,0.0,25.0,0.37004163916881955,0.0,1.1080256824380723,0.0,2.436373284677173,0.0
spambase,gain_path_refined,Legacy gain-path refined,budget_50,seed_2,10.0,0,105.57780579043677,2581.438756298455,0.366215232370685,0.07806803659257107,129.45423519536877,3174.991578722998,0.29557806315842333,0.05942082575137642,5.0579529583603176,0.0,0.0,0.9116901350596682,0.0,5.0,0.366215232370685,0.0,,,,
spambase,gain_path_refined,Legacy gain-path refined,budget_50,seed_2,10.0,1,93.38038773077609,2415.9933588922754,0.8198819740926869,0.18509749880338774,129.45423519536877,3174.991578722998,0.29557806315842333,0.05942082575137642,5.0579529583603176,0.0,0.0,0.8447787240897556,0.0,12.0,0.366215232370685,0.0,1.1439296467512599,0.14285714285714285,,
spambase,gain_path_refined,Legacy gain-path refined,budget_50,seed_2,10.0,2,69.85483793425476,1702.5228611176135,1.5194857180975199,0.2845989771426467,129.45423519536877,3174.991578722998,0.29557806315842333,0.05942082575137642,5.0579529583603176,0.0,0.0,0.7237308833478232,0.0,25.0,0.366215232370685,0.0,1.1439296467512599,0.14285714285714285,2.1652737894865965,0.0
spambase,random,Random,budget_50,seed_0,0.1,0,152.41717566470484,4984.141637614249,0.541059874623351,0.14426169074452438,176.5715493226706,6065.394541918706,0.3910504423541557,0.11383848373908662,4.668700672800014,0.0,0.0,0.8376847646160567,0.0,5.0,0.541059874623351,0.0,,,,
spambase,random,Random,budget_50,seed_0,0.1,1,124.1856598582147,3535.2669891065907,1.0639936554399039,0.22881207065429177,176.5715493226706,6065.394541918706,0.3910504423541557,0.11383848373908662,4.668700672800014,0.0,0.0,0.7553939778077555,0.0,12.0,0.541059874623351,0.0,1.4375177845945846,0.0,,
spambase,random,Random,budget_50,seed_0,0.1,2,89.86573246632341,2392.756456890135,1.565383347103072,0.3069008413953987,176.5715493226706,6065.394541918706,0.3910504423541557,0.11383848373908662,4.668700672800014,0.0,0.0,0.5686953744466662,0.0,25.0,0.541059874623351,0.0,1.4375177845945846,0.0,2.0282046009459966,0.07692307692307693
spambase,random,Random,budget_50,seed_0,1.0,0,151.8005913396082,4959.569454810899,0.5404189544570426,0.1439693075532439,175.87409170101546,6032.92248978837,0.39060269184491075,0.11354789896450507,4.707203687713047,0.0,0.0,0.8390262439246168,0.0,5.0,0.5404189544570426,0.0,,,,
spambase,random,Random,budget_50,seed_0,1.0,1,124.62214985978044,3510.8551104478483,1.0839926579620935,0.22865828674393587,175.87409170101546,6032.92248978837,0.39060269184491075,0.11354789896450507,4.707203687713047,0.0,0.0,0.7575854974054631,0.0,12.0,0.5404189544570426,0.0,1.47225958903713,0.0,,
spambase,random,Random,budget_50,seed_0,1.0,2,89.50050972522118,2374.7118740663195,1.5749879664269408,0.31210453654344367,175.87409170101546,6032.92248978837,0.39060269184491075,0.11354789896450507,4.707203687713047,0.0,0.0,0.6126991068326658,0.0,25.0,0.5404189544570426,0.0,1.47225958903713,0.0,2.028214405009877,0.07692307692307693
spambase,random,Random,budget_50,seed_0,10.0,0,145.88968368258233,4740.277274366567,0.5342171482831347,0.14150198662369895,169.21497428827988,5724.996657553024,0.3863622868888688,0.11077688935190327,5.0579529583603176,0.0,0.0,0.8444495381209679,0.0,5.0,0.5342171482831347,0.0,,,,
spambase,random,Random,budget_50,seed_0,10.0,1,117.12428502125971,3315.6259900405985,1.073175390032429,0.22786693046730774,169.21497428827988,5724.996657553024,0.3863622868888688,0.11077688935190327,5.0579529583603176,0.0,0.0,0.7889178661928259,0.0,12.0,0.5342171482831347,0.0,1.4581455627104964,0.0,,
spambase,random,Random,budget_50,seed_0,10.0,2,83.17064152626466,2232.0886883154667,1.5990716587030023,0.32857773436571036,169.21497428827988,5724.996657553024,0.3863622868888688,0.11077688935190327,5.0579529583603176,0.0,0.0,0.7012870201757234,0.0,25.0,0.5342171482831347,0.0,1.4581455627104964,0.0,2.08451436824507,0.15384615384615385
spambase,random,Random,budget_50,seed_1,0.1,0,170.81473731096466,5288.630360954226,0.5641965987052144,0.146579010353224,193.89080227520128,6840.141400563499,0.4294071399892547,0.13059277311798903,4.668700672800014,0.0,0.0,0.8302744774665355,0.0,5.0,0.5641965987052144,0.0,,,,
spambase,random,Random,budget_50,seed_1,0.1,1,131.76623907939495,3529.2338583216247,1.0568413415253208,0.20041844369287887,193.89080227520128,6840.141400563499,0.4294071399892547,0.13059277311798903,4.668700672800014,0.0,0.0,0.6715174252710502,0.0,12.0,0.5641965987052144,0.0,1.4087304435396828,0.0,,
spambase,random,Random,budget_50,seed_1,0.1,2,103.21522698850505,2359.1666458329196,2.18196199624574,0.3348162632302318,193.89080227520128,6840.141400563499,0.4294071399892547,0.13059277311798903,4.668700672800014,0.0,0.0,0.45461379034102734,0.0,25.0,0.5641965987052144,0.0,1.4087304435396828,0.0,3.2205349082953565,0.0
spambase,random,Random,budget_50,seed_1,1.0,0,170.18193507236367,5262.199272016493,0.5637942761578354,0.14628548452134696,193.53617884890645,6800.534990954864,0.42982881501542086,0.13020223963481475,4.707203687713047,0.0,0.0,0.8307590001336166,0.0,5.0,0.5637942761578354,0.0,,,,
spambase,random,Random,budget_50,seed_1,1.0,1,130.60247850964228,3499.516892601146,1.052502132698574,0.20018783372815038,193.53617884890645,6800.534990954864,0.42982881501542086,0.13020223963481475,4.707203687713047,0.0,0.0,0.6768042782382394,0.0,12.0,0.5637942761578354,0.0,1.4015791730848157,0.0,,
spambase,random,Random,budget_50,seed_1,1.0,2,101.93026453127919,2329.3885753025215,2.21687657126032,0.3352024795414655,193.53617884890645,6800.534990954864,0.42982881501542086,0.13020223963481475,4.707203687713047,0.0,0.0,0.4705335268447074,0.0,25.0,0.5637942761578354,0.0,1.4015791730848157,0.0,3.2916837453173162,0.07692307692307693
spambase,random,Random,budget_50,seed_1,10.0,0,165.30347728773324,5108.106080326217,0.5627429491102478,0.14532977764115868,189.2066496007709,6704.4070908549575,0.4320085390894269,0.13083696180021526,5.0579529583603176,0.0,0.0,0.8354399251989714,0.0,5.0,0.5627429491102478,0.0,,,,
spambase,random,Random,budget_50,seed_1,10.0,1,122.13580062361319,3407.600258496202,1.0295135169144045,0.21138224524544422,189.2066496007709,6704.4070908549575,0.4320085390894269,0.13083696180021526,5.0579529583603176,0.0,0.0,0.6968806733450426,0.0,12.0,0.5627429491102478,0.0,1.3629210653459451,0.0,,
spambase,random,Random,budget_50,seed_1,10.0,2,91.75507255818373,2224.615346635288,2.10666778615481,0.3558091157444704,189.2066496007709,6704.4070908549575,0.4320085390894269,0.13083696180021526,5.0579529583603176,0.0,0.0,0.5440994090263296,0.0,25.0,0.5627429491102478,0.0,1.3629210653459451,0.0,3.1009640346844156,0.07692307692307693
spambase,random,Random,budget_50,seed_2,0.1,0,140.94643236022642,5167.572167970813,0.48080244379450787,0.14657311458642663,177.39963571439318,6358.499816495509,0.3928843932428055,0.1154268612303546,4.668700672800014,0.0,0.0,0.8074021506356264,0.0,5.0,0.48080244379450787,0.0,,,,
spambase,random,Random,budget_50,seed_2,0.1,1,128.79579369731712,4052.3384180125795,1.0635740354387355,0.2572333022928947,177.39963571439318,6358.499816495509,0.3928843932428055,0.1154268612303546,4.668700672800014,0.0,0.0,0.7603196191014191,0.0,12.0,0.48080244379450787,0.0,1.4798394580417555,0.0,,
spambase,random,Random,budget_50,seed_2,0.1,2,102.716565290079,2640.9400840461108,2.0896884531345106,0.34833807793267185,177.39963571439318,6358.499816495509,0.3928843932428055,0.1154268612303546,4.668700672800014,0.0,0.0,0.4886208374494481,0.0,25.0,0.48080244379450787,0.0,1.4798394580417555,0.0,3.0368709925459947,0.07692307692307693
spambase,random,Random,budget_50,seed_2,1.0,0,140.54964467353062,5140.422976675936,0.4811223445155802,0.14628535913638535,176.92399010001606,6327.330356157476,0.3929344346095611,0.11518450059710111,4.707203687713047,0.0,0.0,0.8081403195569177,0.0,5.0,0.4811223445155802,0.0,,,,
spambase,random,Random,budget_50,seed_2,1.0,1,127.86721739572306,4024.5057745992503,1.0651289566351927,0.2573819021886414,176.92399010001606,6327.330356157476,0.3929344346095611,0.11518450059710111,4.707203687713047,0.0,0.0,0.7651663976609216,0.0,12.0,0.4811223445155802,0.0,1.48227653672063,0.14285714285714285,,
spambase,random,Random,budget_50,seed_2,1.0,2,101.2910085428755,2605.1716180763005,2.100550906924837,0.348218066825388,176.92399010001606,6327.330356157476,0.3929344346095611,0.11518450059710111,4.707203687713047,0.0,0.0,0.524134460745174,0.0,25.0,0.4811223445155802,0.0,1.48227653672063,0.14285714285714285,3.056325014884509,0.07692307692307693
spambase,random,Random,budget_50,seed_2,10.0,0,136.70184095766706,4884.854141952068,0.483972484157019,0.143701228240742,172.3030775925135,6036.280214072748,0.3934132388497758,0.11297061610826749,5.0579529583603176,0.0,0.0,0.818136638119196,0.0,5.0,0.483972484157019,0.0,,,,
spambase,random,Random,budget_50,seed_2,10.0,1,119.9457647187255,3750.9190049018994,1.0701048166631417,0.2584620468709477,172.3030775925135,6036.280214072748,0.3934132388497758,0.11297061610826749,5.0579529583603176,0.0,0.0,0.7858685996469598,0.0,12.0,0.483972484157019,0.0,1.4887707684532294,0.0,,
spambase,random,Random,budget_50,seed_2,10.0,2,92.08869646357965,2395.2504452779085,1.957577361369109,0.33667290857388193,172.3030775925135,6036.280214072748,0.3934132388497758,0.11297061610826749,5.0579529583603176,0.0,0.0,0.6311034028507606,0.0,25.0,0.483972484157019,0.0,1.4887707684532294,0.0,2.7767827872515407,0.07692307692307693
tic_tac_toe,histdistill_refined,HistDistill-Refined,budget_50,seed_0,0.1,0,2.7991821884661663,13.63414673134215,0.30212854945344186,0.08464823519479066,3.8473189687616003,16.750458475287104,0.2612546387152869,0.06319169578158311,9.02398176128093,1.0,1.0,0.8526315789473683,0.6,5.0,0.30212854945344186,0.8,,,,
tic_tac_toe,histdistill_refined,HistDistill-Refined,budget_50,seed_0,0.1,1,2.6827225462111177,13.28788987090382,0.3066700950910146,0.08703229512959149,3.8473189687616003,16.750458475287104,0.2612546387152869,0.06319169578158311,9.02398176128093,1.0,1.0,0.8477238848755877,0.5555555555555556,9.0,0.30212854945344186,0.8,0.31234702713798057,0.75,,
tic_tac_toe,histdistill_refined,HistDistill-Refined,budget_50,seed_0,0.1,2,3.7274317362315386,17.982649485216104,0.7564458453101963,0.19669361439827637,3.8473189687616003,16.750458475287104,0.2612546387152869,0.06319169578158311,9.02398176128093,1.0,1.0,0.7803445374089899,0.4,15.0,0.30212854945344186,0.8,0.31234702713798057,0.75,1.4311094706389687,0.3333333333333333
tic_tac_toe,histdistill_refined,HistDistill-Refined,budget_50,seed_0,1.0,0,2.8102767941215867,14.044096042858603,0.30898664298798256,0.08985399794214828,3.798961954846039,16.486987650091653,0.26157884543187576,0.0630676257447301,8.901939218795,1.0,1.0,0.842311661506708,0.6,5.0,0.30898664298798256,0.8,,,,
tic_tac_toe,histdistill_refined,HistDistill-Refined,budget_50,seed_0,1.0,1,2.700422887374425,13.772663642054933,0.3142541760497723,0.09283026151963919,3.798961954846039,16.486987650091653,0.26157884543187576,0.0630676257447301,8.901939218795,1.0,1.0,0.8362573099415205,0.5555555555555556,9.0,0.30898664298798256,0.8,0.3208385923770093,0.75,,
tic_tac_toe,histdistill_refined,HistDistill-Refined,budget_50,seed_0,1.0,2,3.6801224418445675,18.189603630031133,0.811558738414164,0.21647070299262852,3.798961954846039,16.486987650091653,0.26157884543187576,0.0630676257447301,8.901939218795,1.0,1.0,0.7584546563296914,0.4,15.0,0.30898664298798256,0.8,0.3208385923770093,0.75,1.557515581960752,0.3333333333333333
tic_tac_toe,histdistill_refined,HistDistill-Refined,budget_50,seed_0,10.0,0,2.8762105439669083,17.857328161752655,0.373546963480017,0.1445200815819395,3.372146823073402,14.285167325326452,0.2641917460907871,0.062176403356492084,7.840822670401643,1.0,1.0,0.7696594427244582,0.6,5.0,0.373546963480017,0.8,,,,
tic_tac_toe,histdistill_refined,HistDistill-Refined,budget_50,seed_0,10.0,1,2.821106512955075,18.254234921355568,0.3856975431899315,0.15366937916254475,3.372146823073402,14.285167325326452,0.2641917460907871,0.062176403356492084,7.840822670401643,1.0,1.0,0.7543859649122807,0.5555555555555556,9.0,0.373546963480017,0.8,0.40088576782732455,0.75,,
tic_tac_toe,histdistill_refined,HistDistill-Refined,budget_50,seed_0,10.0,2,3.3967738342187244,21.759147195934073,1.2025899481832247,0.40655123974973256,3.372146823073402,14.285167325326452,0.2641917460907871,0.062176403356492084,7.840822670401643,1.0,1.0,0.6391068011951775,0.4,15.0,0.373546963480017,0.8,0.40088576782732455,0.75,2.4279285556731645,0.3333333333333333
tic_tac_toe,histdistill_refined,HistDistill-Refined,budget_50,seed_1,0.1,0,3.9766673506952825,12.81278801636887,0.4169460590027632,0.08241703811626176,5.2633512932397295,14.102692716687057,0.3574112132921492,0.05320290600814505,9.02398176128093,0.0,1.0,0.8823529411764707,0.2,5.0,0.4169460590027632,0.8,,,,
tic_tac_toe,histdistill_refined,HistDistill-Refined,budget_50,seed_1,0.1,1,3.833702468190344,12.669465271889072,0.42356104185949806,0.08566305279494141,5.2633512932397295,14.102692716687057,0.3574112132921492,0.05320290600814505,9.02398176128093,0.0,1.0,0.8768489852081184,0.2222222222222222,9.0,0.4169460590027632,0.8,0.4318297704304167,0.75,,
tic_tac_toe,histdistill_refined,HistDistill-Refined,budget_50,seed_1,0.1,2,4.349012755945177,15.00634911568328,0.6777049021207363,0.1366172161077043,5.2633512932397295,14.102692716687057,0.3574112132921492,0.05320290600814505,9.02398176128093,0.0,1.0,0.8166662402237971,0.2,15.0,0.4169460590027632,0.8,0.4318297704304167,0.75,1.0589206925125942,0.5
tic_tac_toe,histdistill_refined,HistDistill-Refined,budget_50,seed_1,1.0,0,3.9631987590709756,12.938091598606922,0.42359049587576125,0.08512242779613237,5.193723528958616,13.88445077504465,0.35761563825727255,0.053112149031468214,8.901939218795,0.0,1.0,0.8691434468524252,0.2,5.0,0.42359049587576125,0.8,,,,
tic_tac_toe,histdistill_refined,HistDistill-Refined,budget_50,seed_1,1.0,1,3.826473784639015,12.83294057900273,0.4309210356111489,0.0886791254366506,5.193723528958616,13.88445077504465,0.35761563825727255,0.053112149031468214,8.901939218795,0.0,1.0,0.8614837747964683,0.2222222222222222,9.0,0.42359049587576125,0.8,0.44008421028038347,0.75,,
tic_tac_toe,histdistill_refined,HistDistill-Refined,budget_50,seed_1,1.0,2,4.289198026935029,15.033552386356838,0.7070349809845162,0.1459435130559424,5.193723528958616,13.88445077504465,0.35761563825727255,0.053112149031468214,8.901939218795,0.0,1.0,0.7898222301824892,0.2,15.0,0.42359049587576125,0.8,0.44008421028038347,0.75,1.1212058990445675,0.5
tic_tac_toe,histdistill_refined,HistDistill-Refined,budget_50,seed_1,10.0,0,3.826995923981548,15.192405926556734,0.4864013609628137,0.12184954704705238,4.585662776369968,12.049705390944592,0.35926497849478056,0.05244652202190057,7.840822670401643,0.0,1.0,0.7808049535603716,0.0,5.0,0.4864013609628137,0.8,,,,
tic_tac_toe,histdistill_refined,HistDistill-Refined,budget_50,seed_1,10.0,1,3.7426996070495004,15.541594874958085,0.5005276256814841,0.12956099427206924,4.585662776369968,12.049705390944592,0.35926497849478056,0.05244652202190057,7.840822670401643,0.0,1.0,0.7628712303634904,0.0,9.0,0.4864013609628137,0.8,0.5181854565798221,0.75,,
tic_tac_toe,histdistill_refined,HistDistill-Refined,budget_50,seed_1,10.0,2,3.994343746252012,17.328278709857617,1.019039533755612,0.2503510923267202,4.585662776369968,12.049705390944592,0.35926497849478056,0.05244652202190057,7.840822670401643,0.0,1.0,0.7222634450329356,0.0,15.0,0.4864013609628137,0.8,0.5181854565798221,0.75,1.7968073958668034,0.3333333333333333
tic_tac_toe,histdistill_refined,HistDistill-Refined,budget_50,seed_2,0.1,0,4.185346854240089,16.181187107748865,0.4483670558191967,0.09938838707403304,5.441226776319095,19.439484204105604,0.36948996097216413,0.07333614024888216,9.02398176128093,0.0,1.0,0.7543859649122806,0.0,5.0,0.4483670558191967,0.6,,,,
tic_tac_toe,histdistill_refined,HistDistill-Refined,budget_50,seed_2,0.1,1,4.0458046406757555,15.819154097042563,0.45713117746886706,0.10228308116571647,5.441226776319095,19.439484204105604,0.36948996097216413,0.07333614024888216,9.02398176128093,0.0,1.0,0.7548446279096435,0.0,9.0,0.4483670558191967,0.6,0.46808632953095497,0.5,,
tic_tac_toe,histdistill_refined,HistDistill-Refined,budget_50,seed_2,0.1,2,4.009309454585089,16.881584156393327,0.6285451421682845,0.1486117382280059,5.441226776319095,19.439484204105604,0.36948996097216413,0.07333614024888216,9.02398176128093,0.0,1.0,0.752686447929904,0.0,15.0,0.4483670558191967,0.6,0.46808632953095497,0.5,0.8856660892174109,0.0
tic_tac_toe,histdistill_refined,HistDistill-Refined,budget_50,seed_2,1.0,0,4.169628894978574,16.28830820019034,0.4552634587867419,0.10242742272226009,5.369141675523018,19.138108733062243,0.3696941156917683,0.07320895148678119,8.901939218795,0.0,1.0,0.7453044375644995,0.0,5.0,0.4552634587867419,0.6,,,,
tic_tac_toe,histdistill_refined,HistDistill-Refined,budget_50,seed_2,1.0,1,4.036349697140303,15.971663696537908,0.4647711635750723,0.1056739195262022,5.369141675523018,19.138108733062243,0.3696941156917683,0.07320895148678119,8.901939218795,0.0,1.0,0.7447540419676643,0.0,9.0,0.4552634587867419,0.6,0.47665579456048535,0.5,,
tic_tac_toe,histdistill_refined,HistDistill-Refined,budget_50,seed_2,1.0,2,3.992739890733885,17.056703784698588,0.6670529189236548,0.1605873435366783,5.369141675523018,19.138108733062243,0.3696941156917683,0.07320895148678119,8.901939218795,0.0,1.0,0.7237713470193065,0.0,15.0,0.4552634587867419,0.6,0.47665579456048535,0.5,0.970475551946528,0.0
tic_tac_toe,histdistill_refined,HistDistill-Refined,budget_50,seed_2,10.0,0,4.01368352460077,18.56058370388742,0.5204569689615541,0.1451565415316225,4.739803705628537,16.604933812119132,0.37134119088453726,0.07227322150996081,7.840822670401643,0.0,1.0,0.6776057791537667,0.0,5.0,0.5204569689615541,0.6,,,,
tic_tac_toe,histdistill_refined,HistDistill-Refined,budget_50,seed_2,10.0,1,3.933003504486574,18.777878136306118,0.5370253887478893,0.15325468820069602,4.739803705628537,16.604933812119132,0.37134119088453726,0.07227322150996081,7.840822670401643,0.0,1.0,0.6654053434239192,0.0,9.0,0.5204569689615541,0.6,0.5577359134808083,0.5,,
tic_tac_toe,histdistill_refined,HistDistill-Refined,budget_50,seed_2,10.0,2,3.8305728032834376,20.158470704858775,1.0647135164326718,0.31712182270011574,4.739803705628537,16.604933812119132,0.37134119088453726,0.07227322150996081,7.840822670401643,0.0,1.0,0.6221828473306097,0.0,15.0,0.5204569689615541,0.6,0.5577359134808083,0.5,1.8562457079598458,0.0
tic_tac_toe,histdistill_density,HistDistill-Density,budget_50,seed_0,0.1,0,2.094055131825256,12.264659716177672,0.22856036654260264,0.07727252203459085,2.838559693777743,15.185455523728319,0.19275419929852775,0.05728766691227855,9.02398176128093,1.0,1.0,0.8596491228070174,0.8,5.0,0.22856036654260264,0.8,,,,
tic_tac_toe,histdistill_density,HistDistill-Density,budget_50,seed_0,0.1,1,2.011332402719424,11.940126848672046,0.2325388295697221,0.07949306149262556,2.838559693777743,15.185455523728319,0.19275419929852775,0.05728766691227855,9.02398176128093,1.0,1.0,0.8548331613347093,0.7777777777777778,9.0,0.22856036654260264,0.8,0.23751190835362138,0.75,,
tic_tac_toe,histdistill_density,HistDistill-Density,budget_50,seed_0,0.1,2,3.2427387014997806,16.81523624815594,0.7001667115759767,0.18512459775167364,2.838559693777743,15.185455523728319,0.19275419929852775,0.05728766691227855,9.02398176128093,1.0,1.0,0.7773150872644256,0.5333333333333333,15.0,0.22856036654260264,0.8,0.23751190835362138,0.75,1.4016085345853584,0.3333333333333333
tic_tac_toe,histdistill_density,HistDistill-Density,budget_50,seed_0,1.0,0,2.1141337009051595,12.635829683492016,0.23520882210759747,0.08196903603505376,2.8044156458718685,14.941386759494838,0.1930990137509764,0.057155243168381206,8.901939218795,1.0,1.0,0.8480908152734777,0.8,5.0,0.23520882210759747,0.8,,,,
tic_tac_toe,histdistill_density,HistDistill-Density,budget_50,seed_0,1.0,1,2.03743570701997,12.379656675047261,0.23988768970277763,0.08472612413135072,2.8044156458718685,14.941386759494838,0.1930990137509764,0.057155243168381206,8.901939218795,1.0,1.0,0.8419905974085541,0.7777777777777778,9.0,0.23520882210759747,0.8,0.24573627419675276,0.75,,
tic_tac_toe,histdistill_density,HistDistill-Density,budget_50,seed_0,1.0,2,3.1801313222784215,17.015158625666007,0.7511262303389491,0.203989646434912,2.8044156458718685,14.941386759494838,0.1930990137509764,0.057155243168381206,8.901939218795,1.0,1.0,0.7453723841283648,0.5333333333333333,15.0,0.23520882210759747,0.8,0.24573627419675276,0.75,1.5179840412932062,0.3333333333333333
tic_tac_toe,histdistill_density,HistDistill-Density,budget_50,seed_0,10.0,0,2.3401299342389006,16.439360831750882,0.3100320141720244,0.1343657809245192,2.5001930567915824,12.913390689377803,0.19587829471666296,0.05620572513555596,7.840822670401643,1.0,1.0,0.7572755417956657,0.6,5.0,0.3100320141720244,0.8,,,,
tic_tac_toe,histdistill_density,HistDistill-Density,budget_50,seed_0,10.0,1,2.322345142844158,16.831135292014558,0.3227157607781757,0.14305023156773736,2.5001930567915824,12.913390689377803,0.19587829471666296,0.05620572513555596,7.840822670401643,1.0,1.0,0.7422313954821695,0.5555555555555556,9.0,0.3100320141720244,0.8,0.3385704440358648,0.75,,
tic_tac_toe,histdistill_density,HistDistill-Density,budget_50,seed_0,10.0,2,2.9620552189460976,20.3983330183645,1.127451103189887,0.38549592405471933,2.5001930567915824,12.913390689377803,0.19587829471666296,0.05620572513555596,7.840822670401643,1.0,1.0,0.6269884320264282,0.4,15.0,0.3100320141720244,0.8,0.3385704440358648,0.75,2.334554116807454,0.5
tic_tac_toe,histdistill_density,HistDistill-Density,budget_50,seed_1,0.1,0,3.875831637656627,12.805127565581051,0.40558154288557857,0.08225191354592047,5.158622832582456,13.920763079096389,0.3502995606388649,0.05251657002938694,9.02398176128093,0.0,1.0,0.8732714138286892,0.2,5.0,0.40558154288557857,0.8,,,,
tic_tac_toe,histdistill_density,HistDistill-Density,budget_50,seed_1,0.1,1,3.733299282664868,12.681168064079348,0.4117239853574357,0.08555584060331307,5.158622832582456,13.920763079096389,0.3502995606388649,0.05251657002938694,9.02398176128093,0.0,1.0,0.8672170622635018,0.2222222222222222,9.0,0.40558154288557857,0.8,0.419402038447257,0.75,,
tic_tac_toe,histdistill_density,HistDistill-Density,budget_50,seed_1,0.1,2,4.037616310161733,14.528677436235546,0.6111945532937995,0.12830888100114735,5.158622832582456,13.920763079096389,0.3502995606388649,0.05251657002938694,9.02398176128093,0.0,1.0,0.8125398368713878,0.2,15.0,0.40558154288557857,0.8,0.419402038447257,0.75,0.9104004051983452,0.6666666666666666
tic_tac_toe,histdistill_density,HistDistill-Density,budget_50,seed_1,1.0,0,3.8641119935287866,12.91217814594815,0.4122794304175633,0.08490911444862094,5.090257391619103,13.702096923261738,0.350491441419228,0.05241459137439733,8.901939218795,0.0,1.0,0.8683178534571724,0.2,5.0,0.4122794304175633,0.8,,,,
tic_tac_toe,histdistill_density,HistDistill-Density,budget_50,seed_1,1.0,1,3.7278736159631958,12.824409392913307,0.41914476252848953,0.08851961701242356,5.090257391619103,13.702096923261738,0.350491441419228,0.05241459137439733,8.901939218795,0.0,1.0,0.8617131062951495,0.2222222222222222,9.0,0.4122794304175633,0.8,0.42772642766714714,0.75,,
tic_tac_toe,histdistill_density,HistDistill-Density,budget_50,seed_1,1.0,2,3.9863008981028085,14.545805901627485,0.6368133654521952,0.13682066874360957,5.090257391619103,13.702096923261738,0.350491441419228,0.05241459137439733,8.901939218795,0.0,1.0,0.7950504197619312,0.2,15.0,0.4122794304175633,0.8,0.42772642766714714,0.75,0.9633162698377542,0.5
tic_tac_toe,histdistill_density,HistDistill-Density,budget_50,seed_1,10.0,0,3.7430071250459718,14.94964429379468,0.47562749117707137,0.11969137188561416,4.493441690812693,11.871210536294486,0.3520398928451709,0.051669620510911105,7.840822670401643,0.0,1.0,0.798142414860681,0.0,5.0,0.47562749117707137,0.8,,,,
tic_tac_toe,histdistill_density,HistDistill-Density,budget_50,seed_1,10.0,1,3.6596255066274477,15.291692489072481,0.4893594465472824,0.12724934426058118,4.493441690812693,11.871210536294486,0.3520398928451709,0.051669620510911105,7.840822670401643,0.0,1.0,0.7823644077514047,0.0,9.0,0.47562749117707137,0.8,0.5065243907600463,0.75,,
tic_tac_toe,histdistill_density,HistDistill-Density,budget_50,seed_1,10.0,2,3.801921574138397,16.942167131490937,0.9378659722428601,0.2396576840058295,4.493441690812693,11.871210536294486,0.3520398928451709,0.051669620510911105,7.840822670401643,0.0,1.0,0.7397373680514688,0.0,15.0,0.47562749117707137,0.8,0.5065243907600463,0.75,1.610625760786226,0.5
tic_tac_toe,histdistill_density,HistDistill-Density,budget_50,seed_2,0.1,0,4.314442847697198,16.4154425040664,0.4628622323361554,0.10058522900706021,5.580329008538444,19.773958657118406,0.3789357864204902,0.07459795692767214,9.02398176128093,0.0,1.0,0.7766769865841072,0.0,5.0,0.4628622323361554,0.6,,,,
tic_tac_toe,histdistill_density,HistDistill-Density,budget_50,seed_2,0.1,1,4.173788829825949,16.042274042616178,0.47218739299345164,0.1034727036825478,5.580329008538444,19.773958657118406,0.3789357864204902,0.07459795692767214,9.02398176128093,0.0,1.0,0.7775484462790963,0.0,9.0,0.4628622323361554,0.6,0.48384384381507173,0.5,,
tic_tac_toe,histdistill_density,HistDistill-Density,budget_50,seed_2,0.1,2,4.011506301100993,16.993490341334304,0.6081826667874887,0.1458280268975016,5.580329008538444,19.773958657118406,0.3789357864204902,0.07459795692767214,9.02398176128093,0.0,1.0,0.783247476168951,0.0,15.0,0.4628622323361554,0.6,0.48384384381507173,0.5,0.8121755774785441,0.0
tic_tac_toe,histdistill_density,HistDistill-Density,budget_50,seed_2,1.0,0,4.296974497104314,16.536317438374116,0.4697516228879451,0.10378472502682556,5.506195004044562,19.471718292663954,0.3791309702492428,0.07448510716156924,8.901939218795,0.0,1.0,0.7622291021671826,0.0,5.0,0.4697516228879451,0.6,,,,
tic_tac_toe,histdistill_density,HistDistill-Density,budget_50,seed_2,1.0,1,4.1626166629998425,16.210161787897462,0.47982058429224533,0.10704023812296515,5.506195004044562,19.471718292663954,0.3791309702492428,0.07448510716156924,8.901939218795,0.0,1.0,0.7614952413714023,0.0,9.0,0.4697516228879451,0.6,0.49240678604762067,0.5,,
tic_tac_toe,histdistill_density,HistDistill-Density,budget_50,seed_2,1.0,2,3.9960156970204235,17.161148953229567,0.6423563970523596,0.15715351016715656,5.506195004044562,19.471718292663954,0.3791309702492428,0.07448510716156924,8.901939218795,0.0,1.0,0.7514437934083305,0.0,15.0,0.4697516228879451,0.6,0.49240678604762067,0.5,0.8861601161925309,0.0
tic_tac_toe,histdistill_density,HistDistill-Density,budget_50,seed_2,10.0,0,4.125710750275901,18.949089907909958,0.5348380189783262,0.14798067352671973,4.859333775991839,16.918670597729836,0.380705806263548,0.07363876553794821,7.840822670401643,0.0,1.0,0.6842105263157895,0.0,5.0,0.5348380189783262,0.6,,,,
tic_tac_toe,histdistill_density,HistDistill-Density,budget_50,seed_2,10.0,1,4.044197080751908,19.174692053485522,0.5519638203910792,0.1562408855254721,4.859333775991839,16.918670597729836,0.380705806263548,0.07363876553794821,7.840822670401643,0.0,1.0,0.6722852883843595,0.0,9.0,0.5348380189783262,0.6,0.5733710721570207,0.5,,
tic_tac_toe,histdistill_density,HistDistill-Density,budget_50,seed_2,10.0,2,3.844851962725971,20.32257111400969,0.9985653034158699,0.3113603134427736,4.859333775991839,16.918670597729836,0.380705806263548,0.07363876553794821,7.840822670401643,0.0,1.0,0.6438006578592002,0.0,15.0,0.5348380189783262,0.6,0.5733710721570207,0.5,1.668467527953056,0.0
tic_tac_toe,gain_path_refined,Legacy gain-path refined,budget_50,seed_0,0.1,0,1.7401984002963125,9.542376770377373,0.20448996315664786,0.06017769755850335,1.3647267243907937,8.775373397021223,0.09267263520928692,0.033105405854561724,9.02398176128093,1.0,1.0,0.8823164615687624,0.6,5.0,0.20448996315664786,0.8,,,,
tic_tac_toe,gain_path_refined,Legacy gain-path refined,budget_50,seed_0,0.1,1,1.781917475396926,9.627599367416945,0.2169141107063547,0.06318572997005242,1.3647267243907937,8.775373397021223,0.09267263520928692,0.033105405854561724,9.02398176128093,1.0,1.0,0.8791119005218416,0.5555555555555556,9.0,0.20448996315664786,0.8,0.23244429514348813,0.75,,
tic_tac_toe,gain_path_refined,Legacy gain-path refined,budget_50,seed_0,0.1,2,2.561996437098322,12.349367377329573,0.57141470219233,0.13330758732152875,1.3647267243907937,8.775373397021223,0.09267263520928692,0.033105405854561724,9.02398176128093,1.0,1.0,0.8154005452923598,0.4,15.0,0.20448996315664786,0.8,0.23244429514348813,0.75,1.103165589421293,0.6666666666666666
tic_tac_toe,gain_path_refined,Legacy gain-path refined,budget_50,seed_0,1.0,0,1.6697223131542134,9.338247195267016,0.19958985738524215,0.06107348315549373,1.3428316511739422,8.592247219431425,0.09246113993728967,0.0328678982141584,8.901939218795,1.0,1.0,0.8794268846853776,0.6,5.0,0.19958985738524215,0.8,,,,
tic_tac_toe,gain_path_refined,Legacy gain-path refined,budget_50,seed_0,1.0,1,1.7060434978186882,9.42113608147097,0.21149304821279244,0.06420743703786431,1.3428316511739422,8.592247219431425,0.09246113993728967,0.0328678982141584,8.901939218795,1.0,1.0,0.8759012595403027,0.5555555555555556,9.0,0.19958985738524215,0.8,0.22637203674723028,0.75,,
tic_tac_toe,gain_path_refined,Legacy gain-path refined,budget_50,seed_0,1.0,2,2.450669010516938,12.183692085254703,0.6085924309125517,0.1458799403050147,1.3428316511739422,8.592247219431425,0.09246113993728967,0.0328678982141584,8.901939218795,1.0,1.0,0.7930923237581322,0.4,15.0,0.19958985738524215,0.8,0.22637203674723028,0.75,1.2042415049621906,0.6666666666666666
tic_tac_toe,gain_path_refined,Legacy gain-path refined,budget_50,seed_0,10.0,0,1.9697952165668888,15.123423643082905,0.29509945385398073,0.13652333346085938,1.1586955256000266,7.149810255113943,0.09077831131233338,0.031119655529424403,7.840822670401643,1.0,1.0,0.8125538196698976,0.6,5.0,0.29509945385398073,0.8,,,,
tic_tac_toe,gain_path_refined,Legacy gain-path refined,budget_50,seed_0,10.0,1,2.0599174044520954,16.009380686190568,0.3178018030252748,0.14823485323101881,1.1586955256000266,7.149810255113943,0.09077831131233338,0.031119655529424403,7.840822670401643,1.0,1.0,0.8015978539675473,0.5555555555555556,9.0,0.29509945385398073,0.8,0.3461797394893925,0.75,,
tic_tac_toe,gain_path_refined,Legacy gain-path refined,budget_50,seed_0,10.0,2,2.729934654356226,20.58908140204456,1.0544511834965171,0.3655364960376126,1.1586955256000266,7.149810255113943,0.09077831131233338,0.031119655529424403,7.840822670401643,1.0,1.0,0.7073595385460334,0.4,15.0,0.29509945385398073,0.8,0.3461797394893925,0.75,2.1594252542033803,0.5
tic_tac_toe,gain_path_refined,Legacy gain-path refined,budget_50,seed_1,0.1,0,2.0691702260637457,12.410279579980179,0.23585267431918183,0.08099518851022319,1.9103841239508021,11.854789100335584,0.12972584757401573,0.044722610278904236,9.02398176128093,1.0,1.0,0.9184264133694657,0.6,5.0,0.23585267431918183,0.8,,,,
tic_tac_toe,gain_path_refined,Legacy gain-path refined,budget_50,seed_1,0.1,1,2.0868131262985172,12.472000744385133,0.24764454395753363,0.08502547498036975,1.9103841239508021,11.854789100335584,0.12972584757401573,0.044722610278904236,9.02398176128093,1.0,1.0,0.9144781514920987,0.5555555555555556,9.0,0.23585267431918183,0.8,0.26238438100547334,0.75,,
tic_tac_toe,gain_path_refined,Legacy gain-path refined,budget_50,seed_1,0.1,2,2.9082042795457825,13.80726272788425,0.4766613303002171,0.12025709555594817,1.9103841239508021,11.854789100335584,0.12972584757401573,0.044722610278904236,9.02398176128093,1.0,1.0,0.8546395436704194,0.4,15.0,0.23585267431918183,0.8,0.26238438100547334,0.75,0.8201865098142423,0.6666666666666666
tic_tac_toe,gain_path_refined,Legacy gain-path refined,budget_50,seed_1,1.0,0,2.0127400147224064,12.093959310431561,0.23449003187796671,0.08072548297581436,1.8888371039652316,11.650857256003928,0.13005653511055937,0.0445679902612679,8.901939218795,1.0,1.0,0.9097576827193109,0.6,5.0,0.23449003187796671,0.8,,,,
tic_tac_toe,gain_path_refined,Legacy gain-path refined,budget_50,seed_1,1.0,1,2.026507004806537,12.14319287203463,0.246093753741012,0.08474298216631954,1.8888371039652316,11.650857256003928,0.13005653511055937,0.0445679902612679,8.901939218795,1.0,1.0,0.9048462285474821,0.5555555555555556,9.0,0.23449003187796671,0.8,0.26059840606981854,0.75,,
tic_tac_toe,gain_path_refined,Legacy gain-path refined,budget_50,seed_1,1.0,2,2.8369116791408797,13.617338905946175,0.4966654429811881,0.12686933169638537,1.8888371039652316,11.650857256003928,0.13005653511055937,0.0445679902612679,8.901939218795,1.0,1.0,0.8335600074362723,0.4,15.0,0.23449003187796671,0.8,0.26059840606981854,0.75,0.8725229768414522,0.6666666666666666
tic_tac_toe,gain_path_refined,Legacy gain-path refined,budget_50,seed_1,10.0,0,2.144501725690513,14.561097256391648,0.3215700332230265,0.1221320576500792,1.694079216790012,9.98986119482017,0.13272309000233712,0.04348101950638597,7.840822670401643,1.0,1.0,0.8441230077967102,0.6,5.0,0.3215700332230265,0.8,,,,
tic_tac_toe,gain_path_refined,Legacy gain-path refined,budget_50,seed_1,10.0,1,2.1945486711239024,15.069012374344034,0.34255302691421424,0.1308710618882673,1.694079216790012,9.98986119482017,0.13272309000233712,0.04348101950638597,7.840822670401643,1.0,1.0,0.8319188119668147,0.5555555555555556,9.0,0.3215700332230265,0.8,0.36878176902819887,0.75,,
tic_tac_toe,gain_path_refined,Legacy gain-path refined,budget_50,seed_1,10.0,2,2.776930462157565,17.64385574723783,0.7718657837482554,0.2372898036361801,1.694079216790012,9.98986119482017,0.13272309000233712,0.04348101950638597,7.840822670401643,1.0,1.0,0.7613208136442488,0.4,15.0,0.3215700332230265,0.8,0.36878176902819887,0.75,1.4158349189993171,0.3333333333333333
tic_tac_toe,gain_path_refined,Legacy gain-path refined,budget_50,seed_2,0.1,0,2.0894555010641973,10.596765438139979,0.2460718223988887,0.07012636773284646,1.9103841239508021,11.549689144968829,0.12972584757401573,0.043571609929214994,9.02398176128093,1.0,1.0,0.8803710695074483,0.6,5.0,0.2460718223988887,0.8,,,,
tic_tac_toe,gain_path_refined,Legacy gain-path refined,budget_50,seed_2,0.1,1,2.1093523207434637,10.490885026270105,0.25899915293498565,0.0730768963776944,1.9103841239508021,11.549689144968829,0.12972584757401573,0.043571609929214994,9.02398176128093,1.0,1.0,0.8805867157029446,0.5555555555555556,9.0,0.2460718223988887,0.8,0.27515831610510694,0.75,,
tic_tac_toe,gain_path_refined,Legacy gain-path refined,budget_50,seed_2,0.1,2,2.732483378522664,12.644179208640464,0.5170996315525601,0.12193192092845008,1.9103841239508021,11.549689144968829,0.12972584757401573,0.043571609929214994,9.02398176128093,1.0,1.0,0.8597746099597371,0.3333333333333333,15.0,0.2460718223988887,0.8,0.27515831610510694,0.75,0.9042503494789217,0.16666666666666666
tic_tac_toe,gain_path_refined,Legacy gain-path refined,budget_50,seed_2,1.0,0,2.0345918369757277,10.600174948472741,0.24663260356837266,0.07243555424245793,1.8888371039652316,11.346806057212447,0.13005653511055937,0.04340490409782851,8.901939218795,1.0,1.0,0.8807838662050747,0.6,5.0,0.24663260356837266,0.8,,,,
tic_tac_toe,gain_path_refined,Legacy gain-path refined,budget_50,seed_2,1.0,1,2.050786807310227,10.517215936390551,0.2595855000636852,0.07566118203630563,1.8888371039652316,11.346806057212447,0.13005653511055937,0.04340490409782851,8.901939218795,1.0,1.0,0.8810453787003074,0.5555555555555556,9.0,0.24663260356837266,0.8,0.27577662068282593,0.75,,
tic_tac_toe,gain_path_refined,Legacy gain-path refined,budget_50,seed_2,1.0,2,2.6665921668382397,12.980809409910032,0.5498123522623822,0.13438008678309965,1.8888371039652316,11.346806057212447,0.13005653511055937,0.04340490409782851,8.901939218795,1.0,1.0,0.8364731196913656,0.3333333333333333,15.0,0.24663260356837266,0.8,0.27577662068282593,0.75,0.9851526305604278,0.16666666666666666
tic_tac_toe,gain_path_refined,Legacy gain-path refined,budget_50,seed_2,10.0,0,2.1911366557608507,15.323012888372398,0.3343709617329503,0.13221607634966054,1.694079216790012,9.702645358645436,0.13272309000233712,0.04223090830546839,7.840822670401643,1.0,1.0,0.7656135875673037,0.6,5.0,0.3343709617329503,0.8,,,,
tic_tac_toe,gain_path_refined,Legacy gain-path refined,budget_50,seed_2,10.0,1,2.246365260090944,15.947498169453171,0.3567762808141295,0.1422144283545708,1.694079216790012,9.702645358645436,0.13272309000233712,0.04223090830546839,7.840822670401643,1.0,1.0,0.7530784024361175,0.5555555555555556,9.0,0.3343709617329503,0.8,0.38478292966560357,0.75,,
tic_tac_toe,gain_path_refined,Legacy gain-path refined,budget_50,seed_2,10.0,2,2.8054965876738858,19.44602272630334,1.0306214211169862,0.3094684852520166,1.694079216790012,9.702645358645436,0.13272309000233712,0.04223090830546839,7.840822670401643,1.0,1.0,0.6864942302111634,0.3333333333333333,15.0,0.3343709617329503,0.8,0.38478292966560357,0.75,2.0413891315712713,0.3333333333333333
tic_tac_toe,random,Random,budget_50,seed_0,0.1,0,8.56776700279423,46.52732773895331,0.8928131178832043,0.2841163771257674,9.104964264325105,50.56580548212398,0.618278382610301,0.19076128582936103,9.02398176128093,0.0,1.0,0.7116070959992178,0.0,5.0,0.8928131178832043,1.0,,,,
tic_tac_toe,random,Random,budget_50,seed_0,0.1,1,8.508078418179688,46.07860798971213,0.9233169773579714,0.29448916504759043,9.104964264325105,50.56580548212398,0.618278382610301,0.19076128582936103,9.02398176128093,0.0,1.0,0.7088756530414305,0.0,9.0,0.8928131178832043,1.0,0.9614468017014303,1.0,,
tic_tac_toe,random,Random,budget_50,seed_0,0.1,2,8.635207314243873,43.05913165812517,1.5207566261220486,0.3812798472139419,9.104964264325105,50.56580548212398,0.618278382610301,0.19076128582936103,9.02398176128093,0.0,1.0,0.6126867913518085,0.0,15.0,0.8928131178832043,1.0,0.9614468017014303,1.0,2.416916099268166,0.3333333333333333
tic_tac_toe,random,Random,budget_50,seed_0,1.0,0,8.394288800210186,45.966496758439426,0.8845761397982879,0.28483377743420546,8.970450233010782,49.682557482985,0.6176634677696206,0.19005054215349762,8.901939218795,0.0,1.0,0.7025255686514364,0.0,5.0,0.8845761397982879,1.0,,,,
tic_tac_toe,random,Random,budget_50,seed_0,1.0,1,8.33027086323234,45.55360112237881,0.9142331033570286,0.29536524802095077,8.970450233010782,49.682557482985,0.6176634677696206,0.19005054215349762,8.901939218795,0.0,1.0,0.6987850670994513,0.0,9.0,0.8845761397982879,1.0,0.9513043078054546,1.0,,
tic_tac_toe,random,Random,budget_50,seed_0,1.0,2,8.489003780537166,42.62818943739589,1.6117529302814864,0.4008499939604012,8.970450233010782,49.682557482985,0.6176634677696206,0.19005054215349762,8.901939218795,0.0,1.0,0.5705650390696283,0.0,15.0,0.8845761397982879,1.0,0.9513043078054546,1.0,2.6580326706681734,0.3333333333333333
tic_tac_toe,random,Random,budget_50,seed_0,10.0,0,6.9600068957154875,43.77625916282412,0.82018384103804,0.32143508649213137,7.820574423015017,42.48418237574749,0.612704997929538,0.1849130359839788,7.840822670401643,0.0,1.0,0.6554667451220249,0.0,5.0,0.82018384103804,1.0,,,,
tic_tac_toe,random,Random,budget_50,seed_0,10.0,1,6.864388281571094,43.91982325027708,0.8432370458278735,0.33660420321525947,7.820574423015017,42.48418237574749,0.612704997929538,0.1849130359839788,7.840822670401643,0.0,1.0,0.6464974854001049,0.0,9.0,0.82018384103804,1.0,0.8720535518151654,1.0,,
tic_tac_toe,random,Random,budget_50,seed_0,10.0,2,7.2577895657810325,45.01344494010604,2.1828102125602045,0.6366110855524197,7.820574423015017,42.48418237574749,0.612704997929538,0.1849130359839788,7.840822670401643,0.0,1.0,0.4724179333373833,0.0,15.0,0.82018384103804,1.0,0.8720535518151654,1.0,4.1921699626587,0.16666666666666666
tic_tac_toe,random,Random,budget_50,seed_1,0.1,0,16.5250183028975,85.65594799896009,1.8480943256132796,0.5423813137543592,16.740913459178252,86.19354281837497,1.136802363685825,0.3251681823605877,9.02398176128093,0.0,0.0,0.4552100395038427,0.0,5.0,1.8480943256132796,0.2,,,,
tic_tac_toe,random,Random,budget_50,seed_1,0.1,1,16.501029952199637,85.59621524124731,1.9271267658274414,0.5665161061314449,16.740913459178252,86.19354281837497,1.136802363685825,0.3251681823605877,9.02398176128093,0.0,0.0,0.4510651257991259,0.0,9.0,1.8480943256132796,0.2,2.0259173160951436,0.25,,
tic_tac_toe,random,Random,budget_50,seed_1,0.1,2,15.452402082304006,76.78127350490662,2.338187099965451,0.5944096422268966,16.740913459178252,86.19354281837497,1.136802363685825,0.3251681823605877,9.02398176128093,0.0,0.0,0.4588709452143255,0.0,15.0,1.8480943256132796,0.2,2.0259173160951436,0.25,2.954777601172465,0.16666666666666666
tic_tac_toe,random,Random,budget_50,seed_1,1.0,0,15.999457302279808,83.84340961701767,1.8061780167800723,0.5380918464048848,16.449062578707004,84.72636307496249,1.132605919437071,0.32410350941787414,8.901939218795,0.0,0.0,0.4531460560157107,0.0,5.0,1.8061780167800723,0.2,,,,
tic_tac_toe,random,Random,budget_50,seed_1,1.0,1,15.949501160454563,83.745303677246,1.8810193609292947,0.5618683282923305,16.449062578707004,84.72636307496249,1.132605919437071,0.32410350941787414,8.901939218795,0.0,0.0,0.4487718108123125,0.0,9.0,1.8061780167800723,0.2,1.9745710411158226,0.25,,
tic_tac_toe,random,Random,budget_50,seed_1,1.0,2,14.911837308922145,74.53250819077509,2.3876551654462954,0.6008109289907205,16.449062578707004,84.72636307496249,1.132605919437071,0.32410350941787414,8.901939218795,0.0,0.0,0.42843556544371236,0.0,15.0,1.8061780167800723,0.2,1.9745710411158226,0.25,3.147608872221797,0.16666666666666666
tic_tac_toe,random,Random,budget_50,seed_1,10.0,0,11.831408624611834,72.97223237130677,1.4452527390873127,0.5355108298512498,14.036593194767699,72.62530064488094,1.0997006535770928,0.3161027017707285,7.840822670401643,0.0,0.0,0.40608723248629885,0.0,5.0,1.4452527390873127,0.2,,,,
tic_tac_toe,random,Random,budget_50,seed_1,10.0,1,11.586388116816735,73.01078034090963,1.483647415255115,0.5598895107490853,14.036593194767699,72.62530064488094,1.0997006535770928,0.3161027017707285,7.840822670401643,0.0,0.0,0.3964842291129661,0.0,9.0,1.4452527390873127,0.2,1.5316407604648676,0.25,,
tic_tac_toe,random,Random,budget_50,seed_1,10.0,2,10.730721636074126,64.38747419218747,2.5818706013356025,0.698259071736812,14.036593194767699,72.62530064488094,1.0997006535770928,0.3161027017707285,7.840822670401643,0.0,0.0,0.3378641419697695,0.0,15.0,1.4452527390873127,0.2,1.5316407604648676,0.25,4.229205380456333,0.3333333333333333
tic_tac_toe,random,Random,budget_50,seed_2,0.1,0,19.931436903617055,75.2075689841649,2.3634618618180903,0.48672525283704565,19.182888054168906,75.5926308128774,1.3026261999069089,0.2851758676757652,9.02398176128093,0.0,0.0,-0.014619296369623036,0.0,5.0,2.3634618618180903,0.0,,,,
tic_tac_toe,random,Random,budget_50,seed_2,0.1,1,20.014608998000185,75.16478433653018,2.4813324909193324,0.5091196289660768,19.182888054168906,75.5926308128774,1.3026261999069089,0.2851758676757652,9.02398176128093,0.0,0.0,-0.02565597252221482,0.0,9.0,2.3634618618180903,0.0,2.628670777295885,0.0,,
tic_tac_toe,random,Random,budget_50,seed_2,0.1,2,18.334351428653314,74.00854635903025,2.563647239220246,0.5797671613413186,19.182888054168906,75.5926308128774,1.3026261999069089,0.2851758676757652,9.02398176128093,0.0,0.0,0.01935300900874437,0.0,15.0,2.3634618618180903,0.0,2.628670777295885,0.0,2.687119361671616,0.0
tic_tac_toe,random,Random,budget_50,seed_2,1.0,0,19.47667648400259,74.16544070010622,2.33691861004255,0.4874704206646604,18.90878818295645,74.3126804980049,1.301971180602175,0.28426807984597613,8.901939218795,0.0,0.0,-0.027828790693668448,0.0,5.0,2.33691861004255,0.0,,,,
tic_tac_toe,random,Random,budget_50,seed_2,1.0,1,19.539775184118824,74.14908072256192,2.451912768869258,0.5100484585334031,18.90878818295645,74.3126804980049,1.301971180602175,0.28426807984597613,8.901939218795,0.0,0.0,-0.04033318843782083,0.0,9.0,2.33691861004255,0.0,2.595655467402644,0.0,,
tic_tac_toe,random,Random,budget_50,seed_2,1.0,2,17.874011812879562,72.78104759249099,2.571130639539344,0.5917820071863158,18.90878818295645,74.3126804980049,1.301971180602175,0.28426807984597613,8.901939218795,0.0,0.0,-0.026646476976696327,0.0,15.0,2.33691861004255,0.0,2.595655467402644,0.0,2.749957445544473,0.0
tic_tac_toe,random,Random,budget_50,seed_2,10.0,0,15.704266610685831,68.18180625279699,2.0978621440521144,0.52453585569184,16.551002213136222,63.755216605159106,1.2966927016112784,0.2774955289949539,7.840822670401643,0.0,0.0,-0.07240315409671112,0.0,5.0,2.0978621440521144,0.0,,,,
tic_tac_toe,random,Random,budget_50,seed_2,10.0,1,15.610184877080236,68.673649546979,2.186880970989985,0.551984780880383,16.551002213136222,63.755216605159106,1.2966927016112784,0.2774955289949539,7.840822670401643,0.0,0.0,-0.0919263756906144,0.0,9.0,2.0978621440521144,0.0,2.2981545046623237,0.0,,
tic_tac_toe,random,Random,budget_50,seed_2,10.0,2,14.151082210619617,65.78562207849869,2.717642498687177,0.7607561617697975,16.551002213136222,63.755216605159106,1.2966927016112784,0.2774955289949539,7.840822670401643,0.0,0.0,-0.09058260638148266,0.0,15.0,2.0978621440521144,0.0,2.2981545046623237,0.0,3.5137847902329646,0.0
