dataset,budget,seed,method,auroc,sld_inf_norm,sld_root_margin_satisfied,sld_root_agreement_direct,sld_margin_satisfied_rate,sld_rank_correlation_direct
adult,budget_10,seed_0,gain_path_refined,0.6336720375998908,10.545240126708295,0.0,0.0,0.0,0.4192966457730656
adult,budget_10,seed_0,herding,0.6239615927496048,13.2570057437272,0.0,0.0,0.0,0.3920534124466123
adult,budget_10,seed_0,histdistill_density,0.6357672122365703,9.061587895204614,0.0,0.0,0.0,0.4257343150163507
adult,budget_10,seed_0,histdistill_refined,0.6357567207303478,9.25442688608212,0.0,0.0,0.0,0.4345136206392986
adult,budget_10,seed_0,random,0.6075289410978354,2.404788860795961,0.0,0.0,0.0,0.244770366661246
adult,budget_10,seed_1,gain_path_refined,0.6334680090699418,4.368062401312,0.0,1.0,0.0,0.311433422126854
adult,budget_10,seed_1,herding,0.6239615927496048,10.767140488317644,0.0,0.0,0.0,0.4015938935491007
adult,budget_10,seed_1,histdistill_density,0.6351750327164767,3.7274784836594255,0.0,1.0,0.0,0.3533740801021666
adult,budget_10,seed_1,histdistill_refined,0.6351400147089528,3.7434082513392175,0.0,1.0,0.0,0.3504073170054797
adult,budget_10,seed_1,random,0.6090834905032761,3.370372873451917,0.0,0.0,0.0,0.1450005268255655
adult,budget_10,seed_2,gain_path_refined,0.6390369492089508,3.7233783679374097,0.0,0.0,0.0,0.3795544450291467
adult,budget_10,seed_2,herding,0.6239615927496048,5.415220119178811,0.0,0.0,0.0,0.3621986679533472
adult,budget_10,seed_2,histdistill_density,0.6370742732634386,3.3823779810227346,0.0,0.0,0.0,0.3808891107585772
adult,budget_10,seed_2,histdistill_refined,0.636807886277631,3.4103011123574807,0.0,0.0,0.0,0.3850043720152171
adult,budget_10,seed_2,random,0.6124862125280396,8.294928675556266,0.0,0.0,0.0,0.3938756535581374
adult,budget_100,seed_0,gain_path_refined,0.8174693653229317,2.060030310309051,0.0,1.0,0.0,0.7214561473819977
adult,budget_100,seed_0,herding,0.7635620261669283,6.611807502045251,0.0,0.0,0.0,0.5016210279128172
adult,budget_100,seed_0,histdistill_density,0.8170195506786649,1.7308080140743891,0.0,1.0,0.0,0.721499976515995
adult,budget_100,seed_0,histdistill_refined,0.8240168642277504,2.003335814426827,0.0,1.0,0.0,0.7154198592787542
adult,budget_100,seed_0,random,0.797672831063474,3.124072428164231,0.0,1.0,0.0,0.5796969424922694
adult,budget_100,seed_1,gain_path_refined,0.8209284705086193,2.347148328805954,0.0,1.0,0.0,0.6561101035486401
adult,budget_100,seed_1,herding,0.7635620261669283,5.425126249430465,0.0,0.0,0.0,0.4898787634963092
adult,budget_100,seed_1,histdistill_density,0.8254787270815305,1.94289035750384,0.0,1.0,0.0,0.6598934826484443
adult,budget_100,seed_1,histdistill_refined,0.8232602946167804,1.7661497821667336,0.0,1.0,0.0,0.6861597437791641
adult,budget_100,seed_1,random,0.8048432544652302,1.6562013538947458,0.0,0.0,0.0,0.6168363941278482
adult,budget_100,seed_2,gain_path_refined,0.8164373068234048,1.5923504352061368,0.0,1.0,0.0,0.7152574131027738
adult,budget_100,seed_2,herding,0.7635620261669283,5.567998276748093,0.0,0.0,0.0,0.4718468206778876
adult,budget_100,seed_2,histdistill_density,0.8189857006328601,1.412246148874181,0.0,0.0,0.0,0.692274325162614
adult,budget_100,seed_2,histdistill_refined,0.825892342555321,1.3865980816506729,0.0,0.0,0.0,0.7065368492564146
adult,budget_100,seed_2,random,0.8079905326315373,3.174163562590617,0.0,1.0,0.0,0.6507586040284646
adult,budget_200,seed_0,gain_path_refined,0.821087128485169,1.811318367239957,0.0,0.0,0.0,0.7676694512678721
adult,budget_200,seed_0,herding,0.7887869074339964,4.272272294575742,0.0,0.0,0.0,0.5707191382900102
adult,budget_200,seed_0,histdistill_density,0.8252967237666313,1.5401003168314968,0.0,1.0,0.0,0.7670027647279882
adult,budget_200,seed_0,histdistill_refined,0.8177786563159735,1.556145603603418,0.0,1.0,0.0,0.7627073130879066
adult,budget_200,seed_0,random,0.8300300605971336,2.2226757591173354,0.0,1.0,0.0,0.5981683506325112
adult,budget_200,seed_1,gain_path_refined,0.8173782073350914,1.5252947425802137,0.0,1.0,0.0,0.7475188412388589
adult,budget_200,seed_1,herding,0.7887869074339964,3.83635619903281,0.0,0.0,0.0,0.5382350764280569
adult,budget_200,seed_1,histdistill_density,0.8175534015929721,1.2235066559549326,0.0,1.0,0.0,0.754076717939994
adult,budget_200,seed_1,histdistill_refined,0.8159038380500527,1.2290557463279763,0.0,1.0,0.0,0.7316006929836898
adult,budget_200,seed_1,random,0.8130426444987856,1.376508357219043,0.0,0.0,0.0,0.7527150581562124
adult,budget_200,seed_2,gain_path_refined,0.8151531742538438,1.8467622910184016,0.0,1.0,0.0,0.7765192354862681
adult,budget_200,seed_2,herding,0.7887869074339964,6.550992394216368,0.0,0.0,0.0,0.5525812605472472
adult,budget_200,seed_2,histdistill_density,0.837792489818549,1.694143652746638,0.0,1.0,0.0,0.7753298738365787
adult,budget_200,seed_2,histdistill_refined,0.8144968297933763,1.7073129077897833,0.0,1.0,0.0,0.7837342432944375
adult,budget_200,seed_2,random,0.8201093687413563,2.197594918688609,0.0,1.0,0.0,0.7432321517347052
adult,budget_25,seed_0,gain_path_refined,0.7836933506431606,3.244592210128102,0.0,0.0,0.0,0.5538466173233144
adult,budget_25,seed_0,herding,0.7517833997274292,10.168688920982992,0.0,0.0,0.0,0.378498937604628
adult,budget_25,seed_0,histdistill_density,0.7903328412979035,2.209900013949483,0.0,1.0,0.0,0.581245811927806
adult,budget_25,seed_0,histdistill_refined,0.7842704529655701,2.419007098754076,0.0,0.0,0.0,0.5615058754094764
adult,budget_25,seed_0,random,0.7087188238118282,2.274282959774601,0.0,0.0,0.0,0.3398463568476197
adult,budget_25,seed_1,gain_path_refined,0.768231892858793,4.462789241680049,0.0,1.0,0.0,0.5081011101642868
adult,budget_25,seed_1,herding,0.7517833997274292,8.6352457131647,0.0,0.0,0.0,0.3978436472455611
adult,budget_25,seed_1,histdistill_density,0.7618796332419553,3.4332022660071497,0.0,1.0,0.0,0.5216057309686627
adult,budget_25,seed_1,histdistill_refined,0.7668157132191936,3.536486362804212,0.0,1.0,0.0,0.5250015974750339
adult,budget_25,seed_1,random,0.7267481993344495,2.559077925845392,0.0,0.0,0.0,0.2415905350997551
adult,budget_25,seed_2,gain_path_refined,0.7797143947981583,3.333038898470651,0.0,0.0,0.0,0.4737074727855543
adult,budget_25,seed_2,herding,0.7517833997274292,4.229959375119275,0.0,0.0,0.0,0.379473835727473
adult,budget_25,seed_2,histdistill_density,0.767832034459387,3.0795218198195538,0.0,0.0,0.0,0.4679860524747343
adult,budget_25,seed_2,histdistill_refined,0.7882141823625274,3.072977201387796,0.0,0.0,0.0,0.472807837729548
adult,budget_25,seed_2,random,0.7668632376579761,4.666438627500726,0.0,1.0,0.0,0.4896084290422089
adult,budget_50,seed_0,gain_path_refined,0.8008120842697235,2.902445818143584,0.0,0.0,0.0,0.6033748034019663
adult,budget_50,seed_0,herding,0.7651190768586207,9.036370210426629,0.0,0.0,0.0,0.4617000292349476
adult,budget_50,seed_0,histdistill_density,0.7851537544132938,2.6466343422869563,0.0,0.0,0.0,0.5901972042257452
adult,budget_50,seed_0,histdistill_refined,0.7990098727852761,2.2892597773596,0.0,0.0,0.0,0.6009799016289438
adult,budget_50,seed_0,random,0.7675785360457931,3.383622517918982,0.0,0.0,0.0,0.4256153700112635
adult,budget_50,seed_1,gain_path_refined,0.7947565049944085,2.978869227944112,0.0,1.0,0.0,0.6173043305815065
adult,budget_50,seed_1,herding,0.7651190768586207,8.10053606438397,0.0,0.0,0.0,0.4585216477117129
adult,budget_50,seed_1,histdistill_density,0.7902274398744632,2.552403754195196,0.0,1.0,0.0,0.6095840692676205
adult,budget_50,seed_1,histdistill_refined,0.7768150566315526,2.431961338186384,0.0,1.0,0.0,0.6394588640297103
adult,budget_50,seed_1,random,0.7769497786882769,2.1054028050797085,0.0,0.0,0.0,0.4525954324067516
adult,budget_50,seed_2,gain_path_refined,0.8066289991485205,2.2177909165627536,0.0,0.0,0.0,0.5809882008095101
adult,budget_50,seed_2,herding,0.7651190768586207,7.872132963458434,0.0,0.0,0.0,0.4193754612872716
adult,budget_50,seed_2,histdistill_density,0.7907787303123586,1.9217964152014724,0.0,0.0,0.0,0.6011281534966766
adult,budget_50,seed_2,histdistill_refined,0.79616882848437,1.8902508471656867,0.0,0.0,0.0,0.615636043236714
adult,budget_50,seed_2,random,0.7855317265579973,3.491655626018038,0.0,0.0,0.0,0.6149239740252727
agaricus_lepiota,budget_10,seed_0,gain_path_refined,0.7726559362819247,24.422376103884133,0.0,0.0,0.0,0.2916479129150411
agaricus_lepiota,budget_10,seed_0,herding,0.7618286338837411,30.942292111786653,0.0,0.0,0.0,0.2093991688811134
agaricus_lepiota,budget_10,seed_0,histdistill_density,0.7743926040657108,26.11929912718544,0.0,0.0,0.0,0.2939121895934532
agaricus_lepiota,budget_10,seed_0,histdistill_refined,0.7749002895452721,26.9735316101842,0.0,0.0,0.0,0.2538054659441257
agaricus_lepiota,budget_10,seed_0,random,0.7468254183914085,31.12513210166004,0.0,0.0,0.0,0.2882758984964776
agaricus_lepiota,budget_10,seed_1,gain_path_refined,0.7726055149467557,22.63987466635975,0.0,0.0,0.0,0.2345446383767463
agaricus_lepiota,budget_10,seed_1,herding,0.7618286338837411,28.69888417118897,0.0,0.0,0.0,0.1954075144684345
agaricus_lepiota,budget_10,seed_1,histdistill_density,0.7740301441084029,22.570421569739636,0.0,0.0,0.0,0.2853445618828956
agaricus_lepiota,budget_10,seed_1,histdistill_refined,0.7733912725801534,22.82541778278609,0.0,0.0,0.0,0.2808881955872713
agaricus_lepiota,budget_10,seed_1,random,0.7602560618823764,35.26425504662971,0.0,0.0,0.0,0.3144983040265217
agaricus_lepiota,budget_10,seed_2,gain_path_refined,0.765679676578837,25.96346833309265,0.0,0.0,0.0,0.2296070059350134
agaricus_lepiota,budget_10,seed_2,herding,0.7618286338837411,28.04428261330336,0.0,0.0,0.0,0.1752279151057668
agaricus_lepiota,budget_10,seed_2,histdistill_density,0.7630360286103337,29.362693808804487,0.0,0.0,0.0,0.217557115369169
agaricus_lepiota,budget_10,seed_2,histdistill_refined,0.763349123967042,27.83060371997327,0.0,0.0,0.0,0.2140808240616651
agaricus_lepiota,budget_10,seed_2,random,0.7428000144923598,25.3777082673746,0.0,0.0,0.0,0.2238720342573401
agaricus_lepiota,budget_100,seed_0,gain_path_refined,0.9988976748820232,19.11420531218299,0.0,0.0,0.0,0.2966753295488477
agaricus_lepiota,budget_100,seed_0,herding,0.9865115380318772,27.569928448704736,0.0,0.0,0.0,0.2984174906964473
agaricus_lepiota,budget_100,seed_0,histdistill_density,0.9987566762980474,21.01435986719881,0.0,0.0,0.0,0.2930464669777438
agaricus_lepiota,budget_100,seed_0,histdistill_refined,0.9987883783351299,19.765088301924965,0.0,0.0,0.0,0.2828766619902505
agaricus_lepiota,budget_100,seed_0,random,0.9983982923169359,22.273456526596984,0.0,0.0,0.0,0.2714277318234711
agaricus_lepiota,budget_100,seed_1,gain_path_refined,0.9982959400257843,17.190453705894974,0.0,0.0,0.0,0.3408790859860144
agaricus_lepiota,budget_100,seed_1,herding,0.9865115380318772,25.58348655231577,0.0,0.0,0.0,0.3284889521780618
agaricus_lepiota,budget_100,seed_1,histdistill_density,0.9980942546851083,16.47905584651764,0.0,0.0,0.0,0.3340050410978586
agaricus_lepiota,budget_100,seed_1,histdistill_refined,0.998082781566926,18.84283364714364,0.0,0.0,0.0,0.3213201563928037
agaricus_lepiota,budget_100,seed_1,random,0.9943778701665715,21.72050849094404,0.0,0.0,0.0,0.3055146665103598
agaricus_lepiota,budget_100,seed_2,gain_path_refined,0.9980456448949153,17.361877634010447,0.0,0.0,0.0,0.310101036153113
agaricus_lepiota,budget_100,seed_2,herding,0.9865115380318772,25.0093868828207,0.0,0.0,0.0,0.2937789983583782
agaricus_lepiota,budget_100,seed_2,histdistill_density,0.9978122575171569,17.647703808283648,0.0,0.0,0.0,0.3214972868319107
agaricus_lepiota,budget_100,seed_2,histdistill_refined,0.9978430537817513,17.484408658062375,0.0,0.0,0.0,0.3012734967008691
agaricus_lepiota,budget_100,seed_2,random,0.9864346983324728,22.192962494929105,0.0,0.0,0.0,0.2964329308214425
agaricus_lepiota,budget_200,seed_0,gain_path_refined,0.9992832320377767,19.171496064891095,0.0,0.0,0.0,0.2859058796269944
agaricus_lepiota,budget_200,seed_0,herding,0.997720774495862,26.48916714016686,0.0,0.0,0.0,0.2891617073520871
agaricus_lepiota,budget_200,seed_0,histdistill_density,0.9992104683145687,19.84472638178629,0.0,0.0,0.0,0.2859877221787515
agaricus_lepiota,budget_200,seed_0,histdistill_refined,0.9991739354908834,20.267202469082868,0.0,0.0,0.0,0.2711891588300024
agaricus_lepiota,budget_200,seed_0,random,0.9988158534339344,20.43748912711905,0.0,0.0,0.0,0.2632215228081836
agaricus_lepiota,budget_200,seed_1,gain_path_refined,0.9990582985365736,17.528201558962575,0.0,0.0,0.0,0.329254787399077
agaricus_lepiota,budget_200,seed_1,herding,0.997720774495862,24.582583255499248,0.0,0.0,0.0,0.3157843119885529
agaricus_lepiota,budget_200,seed_1,histdistill_density,0.9989375288714981,17.637278408581743,0.0,0.0,0.0,0.3457915820951782
agaricus_lepiota,budget_200,seed_1,histdistill_refined,0.9988294400212554,18.687022370472388,0.0,0.0,0.0,0.3241335423574575
agaricus_lepiota,budget_200,seed_1,random,0.9982929207841573,23.197484655869925,0.0,0.0,0.0,0.294485927315057
agaricus_lepiota,budget_200,seed_2,gain_path_refined,0.9994489884030928,17.413983487219454,0.0,0.0,0.0,0.3077520535421404
agaricus_lepiota,budget_200,seed_2,herding,0.997720774495862,24.028466195916337,0.0,0.0,0.0,0.2873936946751503
agaricus_lepiota,budget_200,seed_2,histdistill_density,0.9996008562569255,17.73767129243121,0.0,0.0,0.0,0.3147289228986074
agaricus_lepiota,budget_200,seed_2,histdistill_refined,0.9995265829129039,18.34560510182683,0.0,0.0,0.0,0.3022897675617255
agaricus_lepiota,budget_200,seed_2,random,0.9916955759052442,18.43595662177428,0.0,0.0,0.0,0.3162494848068793
agaricus_lepiota,budget_25,seed_0,gain_path_refined,0.9458242378679325,18.758390702233324,0.0,0.0,0.0,0.2779756545197118
agaricus_lepiota,budget_25,seed_0,herding,0.923715086244637,29.5633898420614,0.0,0.0,0.0,0.2578354547299291
agaricus_lepiota,budget_25,seed_0,histdistill_density,0.9332753638940972,20.64946439390309,0.0,0.0,0.0,0.2579994026889531
agaricus_lepiota,budget_25,seed_0,histdistill_refined,0.9399924217035165,20.14447364890778,0.0,0.0,0.0,0.2726291790140994
agaricus_lepiota,budget_25,seed_0,random,0.925853162202718,33.82846951764112,0.0,0.0,0.0,0.2766166469278123
agaricus_lepiota,budget_25,seed_1,gain_path_refined,0.9503325694652018,17.43253619071182,0.0,0.0,0.0,0.3170323672062936
agaricus_lepiota,budget_25,seed_1,herding,0.923715086244637,27.42503090887645,0.0,0.0,0.0,0.2663776056181206
agaricus_lepiota,budget_25,seed_1,histdistill_density,0.9412799772953029,21.68884703653598,0.0,0.0,0.0,0.3134335230915085
agaricus_lepiota,budget_25,seed_1,histdistill_refined,0.9408236189233989,19.19800269316113,0.0,0.0,0.0,0.3119550630769259
agaricus_lepiota,budget_25,seed_1,random,0.8996337659906585,29.586830752532585,0.0,0.0,0.0,0.3959190640552892
agaricus_lepiota,budget_25,seed_2,gain_path_refined,0.9349709699917573,18.652012454373043,0.0,0.0,0.0,0.2874841747211862
agaricus_lepiota,budget_25,seed_2,herding,0.923715086244637,26.803298007036197,0.0,0.0,0.0,0.2508215226190152
agaricus_lepiota,budget_25,seed_2,histdistill_density,0.9346314562708139,21.889197608399137,0.0,0.0,0.0,0.2663886832183239
agaricus_lepiota,budget_25,seed_2,histdistill_refined,0.9277934778342376,17.48677192479034,0.0,0.0,0.0,0.2502554657362567
agaricus_lepiota,budget_25,seed_2,random,0.9184247710660036,21.79217983469444,0.0,0.0,0.0,0.277919291880581
agaricus_lepiota,budget_50,seed_0,gain_path_refined,0.9903473335567572,18.497164260559806,0.0,0.0,0.0,0.3037798321913132
agaricus_lepiota,budget_50,seed_0,herding,0.9835507187304693,29.563389842061397,0.0,0.0,0.0,0.3218658946030291
agaricus_lepiota,budget_50,seed_0,histdistill_density,0.9892685585234702,18.26125410768684,0.0,0.0,0.0,0.2944541685672296
agaricus_lepiota,budget_50,seed_0,histdistill_refined,0.9895721432690536,20.82250871852853,0.0,0.0,0.0,0.2832110848127679
agaricus_lepiota,budget_50,seed_0,random,0.9910162465391943,25.10241753738264,0.0,0.0,0.0,0.2562829572466905
agaricus_lepiota,budget_50,seed_1,gain_path_refined,0.9938567490617706,17.190453705894974,0.0,0.0,0.0,0.3229190442662357
agaricus_lepiota,budget_50,seed_1,herding,0.9835507187304693,27.42503090887645,0.0,0.0,0.0,0.336262188199851
agaricus_lepiota,budget_50,seed_1,histdistill_density,0.9935326334731241,20.026970156605948,0.0,0.0,0.0,0.3196660865271497
agaricus_lepiota,budget_50,seed_1,histdistill_refined,0.993558900875278,17.545682959747396,0.0,0.0,0.0,0.3454392002340092
agaricus_lepiota,budget_50,seed_1,random,0.9678816094973264,27.000241806933047,0.0,0.0,0.0,0.3177843746653566
agaricus_lepiota,budget_50,seed_2,gain_path_refined,0.9911237315411114,16.805898703774094,0.0,0.0,0.0,0.3127310210100474
agaricus_lepiota,budget_50,seed_2,herding,0.9835507187304693,26.803298007036183,0.0,0.0,0.0,0.3063191807921361
agaricus_lepiota,budget_50,seed_2,histdistill_density,0.9910930862385985,20.658098895654547,0.0,0.0,0.0,0.2984076128732542
agaricus_lepiota,budget_50,seed_2,histdistill_refined,0.9901002086295965,15.83185588700988,0.0,0.0,0.0,0.3048304447138664
agaricus_lepiota,budget_50,seed_2,random,0.9812705874538434,21.49669270858173,0.0,0.0,0.0,0.3005027153530566
australian,budget_10,seed_0,gain_path_refined,0.7091334894613583,0.7919337875152468,0.0,1.0,0.0,0.7562588005191677
australian,budget_10,seed_0,herding,0.7095167127954014,1.3718665432874562,0.0,1.0,0.0,0.515648281070114
australian,budget_10,seed_0,histdistill_density,0.7100702576112412,0.8646496237198081,0.0,1.0,0.0,0.7233308860673465
australian,budget_10,seed_0,histdistill_refined,0.7077709176069832,0.843840862166095,0.0,1.0,0.0,0.7114377973466178
australian,budget_10,seed_0,random,0.6456461571215669,1.5717768358548336,0.0,0.0,0.0,0.2965112462563815
australian,budget_10,seed_1,gain_path_refined,0.6979348520332127,0.8825197609319109,0.0,1.0,0.0,0.6292458319067054
australian,budget_10,seed_1,herding,0.7095167127954014,1.0420769125670055,0.0,1.0,0.0,0.431058970221107
australian,budget_10,seed_1,histdistill_density,0.7045986800085161,0.8623582479140406,0.0,1.0,0.0,0.5834330642426907
australian,budget_10,seed_1,histdistill_refined,0.707834788162657,0.870968466084627,0.0,1.0,0.0,0.5798712628872739
australian,budget_10,seed_1,random,0.7140941026186928,0.966881136164126,0.0,1.0,0.0,0.4756981235742011
australian,budget_10,seed_2,gain_path_refined,0.693314881839472,0.5011210793004927,0.0,1.0,0.0,0.639649085932951
australian,budget_10,seed_2,herding,0.7095167127954014,0.9331333454237054,0.0,1.0,0.0,0.52515251638822
australian,budget_10,seed_2,histdistill_density,0.6945284223972749,0.5334766709720913,0.0,1.0,0.0,0.6774375990770246
australian,budget_10,seed_2,histdistill_refined,0.6942303598041303,0.5259224184626281,0.0,1.0,0.0,0.6867606289311294
australian,budget_10,seed_2,random,0.7075580157547371,0.7908101839374332,0.0,1.0,0.0,0.7098157041004485
australian,budget_100,seed_0,gain_path_refined,0.9068767298275494,0.1360427240571408,1.0,1.0,0.7692307692307693,0.953257814549812
australian,budget_100,seed_0,herding,0.8715350223546945,0.1792017113252688,1.0,1.0,0.7692307692307693,0.9148067478478716
australian,budget_100,seed_0,histdistill_density,0.9043219076005962,0.1360768226077037,1.0,1.0,0.7692307692307693,0.940688884126009
australian,budget_100,seed_0,histdistill_refined,0.9072599531615925,0.1871281740361356,1.0,1.0,0.6923076923076923,0.9284958960854588
australian,budget_100,seed_0,random,0.8836278475622737,0.1897088558245382,1.0,1.0,0.8461538461538461,0.8914692520437246
australian,budget_100,seed_1,gain_path_refined,0.8920587609112198,0.1732826601605532,1.0,1.0,0.8421052631578947,0.9258245264268464
australian,budget_100,seed_1,herding,0.8715350223546945,0.3053176837421669,1.0,1.0,0.631578947368421,0.8521305049462229
australian,budget_100,seed_1,histdistill_density,0.895507770917607,0.1898527579662546,1.0,1.0,0.7368421052631579,0.9176415060799886
australian,budget_100,seed_1,histdistill_refined,0.8957206727698532,0.1784257996729137,1.0,1.0,0.6842105263157895,0.9206423680410722
australian,budget_100,seed_1,random,0.9007025761124121,0.3843567202769251,1.0,1.0,0.5789473684210527,0.857787922473412
australian,budget_100,seed_2,gain_path_refined,0.8878433042367468,0.0712209812779992,1.0,1.0,1.0,0.9772022681900846
australian,budget_100,seed_2,herding,0.8715350223546945,0.1266094879134386,1.0,1.0,1.0,0.939667567697101
australian,budget_100,seed_2,histdistill_density,0.884436874600809,0.0721880366844164,1.0,1.0,1.0,0.9702467198946756
australian,budget_100,seed_2,histdistill_refined,0.8850329997870983,0.0720686805959114,1.0,1.0,1.0,0.9718990138794252
australian,budget_100,seed_2,random,0.8957632531403024,0.1457243808809298,1.0,1.0,1.0,0.9385846950582936
australian,budget_200,seed_0,gain_path_refined,0.9065360868639557,0.0518641487983531,1.0,1.0,1.0,0.992361025665891
australian,budget_200,seed_0,herding,0.9112625079838195,0.057530944176644,1.0,1.0,1.0,0.9794156495777704
australian,budget_200,seed_0,histdistill_density,0.9088354268682138,0.0474379817558162,1.0,1.0,1.0,0.99023225902067
australian,budget_200,seed_0,histdistill_refined,0.9116031509474132,0.0510167961020853,1.0,1.0,1.0,0.9850940782431752
australian,budget_200,seed_0,random,0.9086651053864168,0.0652891856190333,1.0,1.0,1.0,0.9895977523348508
australian,budget_200,seed_1,gain_path_refined,0.9028315946348734,0.0566961294136845,1.0,1.0,1.0,0.9886179089784036
australian,budget_200,seed_1,herding,0.9112625079838195,0.0720021001268009,1.0,1.0,1.0,0.9780315401391576
australian,budget_200,seed_1,histdistill_density,0.9034064296359379,0.0646672158477535,1.0,1.0,1.0,0.9834003776080972
australian,budget_200,seed_1,histdistill_refined,0.9026186927826272,0.0687904231031132,1.0,1.0,0.8947368421052632,0.9813459685214082
australian,budget_200,seed_1,random,0.9044496487119439,0.1509182114104174,1.0,1.0,0.8947368421052632,0.9686741937885984
australian,budget_200,seed_2,gain_path_refined,0.9096870342771982,0.028671822865012,1.0,1.0,1.0,0.9959154085877312
australian,budget_200,seed_2,herding,0.9112625079838195,0.0461975960614556,1.0,1.0,1.0,0.9866297586552304
australian,budget_200,seed_2,histdistill_density,0.9110070257611241,0.0309289414386005,1.0,1.0,1.0,0.9954012848233904
australian,budget_200,seed_2,histdistill_refined,0.9127954013199915,0.0312938865727013,1.0,1.0,1.0,0.9952525078567092
australian,budget_200,seed_2,random,0.9036832020438578,0.0316824618856421,1.0,1.0,1.0,0.990089549594374
australian,budget_25,seed_0,gain_path_refined,0.8777730466255056,0.3306503637191281,1.0,1.0,0.6923076923076923,0.8115514593014812
australian,budget_25,seed_0,herding,0.8643815201192251,0.6674053925850354,0.0,1.0,0.0,0.7017405077390848
australian,budget_25,seed_0,histdistill_density,0.8675963380881413,0.4000022973491118,1.0,1.0,0.5384615384615384,0.7829128349759529
australian,budget_25,seed_0,histdistill_refined,0.8631679795614222,0.4210745108265675,1.0,1.0,0.4615384615384615,0.744234561465831
australian,budget_25,seed_0,random,0.8050244837130084,0.9426982157417404,0.0,1.0,0.0,0.5766026824609501
australian,budget_25,seed_1,gain_path_refined,0.8604002554822227,0.5137880846315559,1.0,1.0,0.631578947368421,0.7202278177464929
australian,budget_25,seed_1,herding,0.8643815201192251,1.056847742706063,0.0,1.0,0.0,0.5843785019658727
australian,budget_25,seed_1,histdistill_density,0.8630402384500744,0.5076472756383898,1.0,1.0,0.631578947368421,0.6941568707243979
australian,budget_25,seed_1,histdistill_refined,0.8609963806685117,0.5137036856753203,1.0,1.0,0.631578947368421,0.6930805143796972
australian,budget_25,seed_1,random,0.8682350436448797,0.6362205012047053,0.0,1.0,0.0,0.5780611674987305
australian,budget_25,seed_2,gain_path_refined,0.8577602725143709,0.1974795415557008,1.0,1.0,0.8181818181818182,0.8614787919116655
australian,budget_25,seed_2,herding,0.8643815201192251,0.5114246754304997,0.0,1.0,0.0,0.7450698500254712
australian,budget_25,seed_2,histdistill_density,0.8523951458377688,0.1881305889189296,1.0,1.0,0.8181818181818182,0.8390598855378606
australian,budget_25,seed_2,histdistill_refined,0.8518203108367042,0.2090129795895207,1.0,1.0,0.8181818181818182,0.8271977130110485
australian,budget_25,seed_2,random,0.8655737704918034,0.4917512480776093,0.0,1.0,0.0,0.6891241712167354
australian,budget_50,seed_0,gain_path_refined,0.8934426229508196,0.1573004857358165,1.0,1.0,0.8461538461538461,0.9052593536663104
australian,budget_50,seed_0,herding,0.875771769214392,0.3092353814962177,1.0,1.0,0.5384615384615384,0.8548384715292083
australian,budget_50,seed_0,histdistill_density,0.8971684053651267,0.1904533075469611,1.0,1.0,0.6923076923076923,0.9005629389708836
australian,budget_50,seed_0,histdistill_refined,0.898360655737705,0.1854086982490667,1.0,1.0,0.6923076923076923,0.9007724540507532
australian,budget_50,seed_0,random,0.8746433893974878,0.2517559792127616,1.0,1.0,0.6153846153846154,0.7654053943303573
australian,budget_50,seed_1,gain_path_refined,0.8831168831168832,0.3714155583153234,1.0,1.0,0.631578947368421,0.7687877569906912
australian,budget_50,seed_1,herding,0.875771769214392,0.5249289236455269,1.0,1.0,0.4736842105263157,0.7305241769137953
australian,budget_50,seed_1,histdistill_density,0.8900787736853311,0.3717038486664035,1.0,1.0,0.631578947368421,0.7628811179197642
australian,budget_50,seed_1,histdistill_refined,0.8917181179476262,0.3726118940213612,1.0,1.0,0.631578947368421,0.7561066966685213
australian,budget_50,seed_1,random,0.8838194592292954,0.4697364296329405,0.0,1.0,0.2631578947368421,0.752287170809322
australian,budget_50,seed_2,gain_path_refined,0.8810091547796466,0.1464352494145893,1.0,1.0,0.8181818181818182,0.9429296027462628
australian,budget_50,seed_2,herding,0.875771769214392,0.2153118953464624,1.0,1.0,0.9090909090909092,0.8773660059332382
australian,budget_50,seed_2,histdistill_density,0.8768788588460719,0.1441429990746111,1.0,1.0,0.8181818181818182,0.9420597664037584
australian,budget_50,seed_2,histdistill_refined,0.8829891420055354,0.1366004436651637,1.0,1.0,0.8181818181818182,0.9413361070717696
australian,budget_50,seed_2,random,0.8776240153289334,0.2638536968587448,1.0,1.0,0.5454545454545454,0.7632966882411968
bank_marketing,budget_10,seed_0,gain_path_refined,0.6505382411536138,23.500054194122125,0.0,0.0,0.0,0.3384988860778914
bank_marketing,budget_10,seed_0,herding,0.6357214419444442,4.017226362519199,0.0,0.0,0.0,0.2091624959411138
bank_marketing,budget_10,seed_0,histdistill_density,0.654180558830143,20.32253280931476,0.0,1.0,0.0,0.347661111605734
bank_marketing,budget_10,seed_0,histdistill_refined,0.6543923884379218,20.300619532305863,0.0,1.0,0.0,0.3478032684131043
bank_marketing,budget_10,seed_0,random,0.6140226957696505,31.62019587273764,0.0,0.0,0.0,0.1429688870770855
bank_marketing,budget_10,seed_1,gain_path_refined,0.6412677411084597,46.045099427852655,0.0,1.0,0.0,0.2146876815368804
bank_marketing,budget_10,seed_1,herding,0.6357214419444442,8.013108707436778,0.0,0.0,0.0,0.1970578201638037
bank_marketing,budget_10,seed_1,histdistill_density,0.6331770622779047,36.31206859596176,0.0,1.0,0.0,0.2125803561730811
bank_marketing,budget_10,seed_1,histdistill_refined,0.6366589470583566,36.39656272762604,0.0,1.0,0.0,0.2129049551863532
bank_marketing,budget_10,seed_1,random,0.5643340155923562,42.60982261340964,0.0,0.0,0.0,0.0751119418109728
bank_marketing,budget_10,seed_2,gain_path_refined,0.6295075310122789,50.75885765369694,0.0,0.0,0.0,0.2246370698445206
bank_marketing,budget_10,seed_2,herding,0.6357214419444442,12.410159197940333,0.0,0.0,0.0,0.188053161249121
bank_marketing,budget_10,seed_2,histdistill_density,0.6336192679483924,41.04644978797232,0.0,0.0,0.0,0.2576417139661652
bank_marketing,budget_10,seed_2,histdistill_refined,0.6333991954717557,41.06055312028381,0.0,0.0,0.0,0.2627583880936926
bank_marketing,budget_10,seed_2,random,0.5546293709175828,37.16965375166404,0.0,0.0,0.0,0.0660246375113589
bank_marketing,budget_100,seed_0,gain_path_refined,0.827469845343173,5.070915603536574,0.0,0.0,0.0,0.5334731458936782
bank_marketing,budget_100,seed_0,herding,0.8120984101566691,4.792518145981263,0.0,0.0,0.0,0.3973507082807415
bank_marketing,budget_100,seed_0,histdistill_density,0.8359564849255505,4.1763110473947735,0.0,0.0,0.0,0.5521085631536522
bank_marketing,budget_100,seed_0,histdistill_refined,0.8415920616324154,4.5071186589653776,0.0,0.0,0.0,0.5394715051099533
bank_marketing,budget_100,seed_0,random,0.8283797732120096,5.089030145775261,0.0,0.0,0.0,0.4407887473111518
bank_marketing,budget_100,seed_1,gain_path_refined,0.8419215339494069,5.686791390682776,0.0,0.0,0.0,0.489634380165133
bank_marketing,budget_100,seed_1,herding,0.8120984101566691,4.239531724251637,0.0,0.0,0.0,0.3571370517818681
bank_marketing,budget_100,seed_1,histdistill_density,0.8428032178705397,4.890436067031418,0.0,0.0,0.0,0.5215288527336794
bank_marketing,budget_100,seed_1,histdistill_refined,0.843459192647361,5.409732726421867,0.0,0.0,0.0,0.4856300808357604
bank_marketing,budget_100,seed_1,random,0.8291361170390402,8.23399025806647,0.0,0.0,0.0,0.4645772148238917
bank_marketing,budget_100,seed_2,gain_path_refined,0.8477678492961136,15.94564409683992,0.0,0.0,0.0,0.4730653314969038
bank_marketing,budget_100,seed_2,herding,0.8120984101566691,10.035274682602845,0.0,0.0,0.0,0.3611796544704131
bank_marketing,budget_100,seed_2,histdistill_density,0.8413258654557731,14.21757378843735,0.0,0.0,0.0,0.4739782444396276
bank_marketing,budget_100,seed_2,histdistill_refined,0.8457114959534181,14.160543034293282,0.0,0.0,0.0,0.460094857091762
bank_marketing,budget_100,seed_2,random,0.8134535741624852,14.096103401491137,0.0,0.0,0.0,0.3536233892160214
bank_marketing,budget_200,seed_0,gain_path_refined,0.8473110973864652,3.560453625318676,0.0,0.0,0.0,0.6237159379269522
bank_marketing,budget_200,seed_0,herding,0.823451022509699,4.047155357446415,0.0,1.0,0.0,0.426736334202378
bank_marketing,budget_200,seed_0,histdistill_density,0.8501233702908824,3.8190575128236497,0.0,0.0,0.0,0.6501286377408391
bank_marketing,budget_200,seed_0,histdistill_refined,0.8592158001249764,3.370632229251976,0.0,0.0,0.0,0.6477756123132475
bank_marketing,budget_200,seed_0,random,0.8555452385007433,3.78359147819482,0.0,0.0,0.0,0.5519149815828187
bank_marketing,budget_200,seed_1,gain_path_refined,0.8603962880422035,5.769702895855879,0.0,0.0,0.0,0.5017498287386802
bank_marketing,budget_200,seed_1,herding,0.823451022509699,3.8830555395423514,0.0,1.0,0.0,0.3866522049495808
bank_marketing,budget_200,seed_1,histdistill_density,0.8583691483964893,5.334540476620771,0.0,0.0,0.0,0.5525819362454272
bank_marketing,budget_200,seed_1,histdistill_refined,0.8471900605547814,5.026849595299194,0.0,1.0,0.0,0.5778609033773372
bank_marketing,budget_200,seed_1,random,0.8407551680060317,8.215061075683854,0.0,0.0,0.0,0.5502227536812121
bank_marketing,budget_200,seed_2,gain_path_refined,0.860766611047505,7.233618777557793,0.0,0.0,0.0,0.5358179779980216
bank_marketing,budget_200,seed_2,herding,0.823451022509699,6.31655228307719,0.0,1.0,0.0,0.4188542654695409
bank_marketing,budget_200,seed_2,histdistill_density,0.8572343599139589,5.075307774758785,0.0,0.0,0.0,0.5682838733922772
bank_marketing,budget_200,seed_2,histdistill_refined,0.8299133104755347,6.085545721169599,0.0,0.0,0.0,0.5584645400201931
bank_marketing,budget_200,seed_2,random,0.8448363578399078,9.630595485783155,0.0,0.0,0.0,0.4589428646267411
bank_marketing,budget_25,seed_0,gain_path_refined,0.7876546068242469,11.953126237559175,0.0,0.0,0.0,0.3593027434683377
bank_marketing,budget_25,seed_0,herding,0.7830934517073951,6.969352467031984,0.0,0.0,0.0,0.3370554701803405
bank_marketing,budget_25,seed_0,histdistill_density,0.7903853601800339,9.241922964629357,0.0,0.0,0.0,0.3641002621242721
bank_marketing,budget_25,seed_0,histdistill_refined,0.78942997531382,9.029459918054858,0.0,0.0,0.0,0.3639677167668582
bank_marketing,budget_25,seed_0,random,0.7561195725102748,19.316733683365,0.0,0.0,0.0,0.3279132709397472
bank_marketing,budget_25,seed_1,gain_path_refined,0.7753867329813547,10.14712209026979,0.0,0.0,0.0,0.3057704588412283
bank_marketing,budget_25,seed_1,herding,0.7830934517073951,10.356396683739051,0.0,0.0,0.0,0.3085261664617483
bank_marketing,budget_25,seed_1,histdistill_density,0.7897457499222685,8.7644654447845,0.0,0.0,0.0,0.3574304218275214
bank_marketing,budget_25,seed_1,histdistill_refined,0.7866022470302944,9.22150956905096,0.0,0.0,0.0,0.3555122132838928
bank_marketing,budget_25,seed_1,random,0.772337295769287,22.43148217942964,0.0,0.0,0.0,0.2250364622901974
bank_marketing,budget_25,seed_2,gain_path_refined,0.7939187022815171,57.806275429914415,0.0,0.0,0.0,0.3806984237610367
bank_marketing,budget_25,seed_2,herding,0.7830934517073951,10.527093181133202,0.0,0.0,0.0,0.3115839635758897
bank_marketing,budget_25,seed_2,histdistill_density,0.7927882170614051,43.42022049527336,0.0,0.0,0.0,0.3988392217037672
bank_marketing,budget_25,seed_2,histdistill_refined,0.7671619257038713,40.32208350390172,0.0,0.0,0.0,0.3960496557068467
bank_marketing,budget_25,seed_2,random,0.7293729783000417,48.55152836500083,0.0,0.0,0.0,0.1006809862789914
bank_marketing,budget_50,seed_0,gain_path_refined,0.8304698253420941,6.4986991524895314,0.0,0.0,0.0,0.4197706892593073
bank_marketing,budget_50,seed_0,herding,0.8045416995219743,6.238142209821489,0.0,0.0,0.0,0.3776603035936182
bank_marketing,budget_50,seed_0,histdistill_density,0.830066773298681,5.101304354630822,0.0,0.0,0.0,0.4316454675297989
bank_marketing,budget_50,seed_0,histdistill_refined,0.8297049962088863,5.871649529421485,0.0,0.0,0.0,0.4420901921308076
bank_marketing,budget_50,seed_0,random,0.7932651518778892,8.666791773332127,0.0,0.0,0.0,0.3878798125655984
bank_marketing,budget_50,seed_1,gain_path_refined,0.8297902129266367,9.462213556352374,0.0,0.0,0.0,0.3875315748560008
bank_marketing,budget_50,seed_1,herding,0.8045416995219743,6.751688585329159,0.0,0.0,0.0,0.3335331350557781
bank_marketing,budget_50,seed_1,histdistill_density,0.831874022295748,7.782990378099875,0.0,0.0,0.0,0.4344008259418138
bank_marketing,budget_50,seed_1,histdistill_refined,0.8355664032787222,10.080750128973722,0.0,0.0,0.0,0.447788638058236
bank_marketing,budget_50,seed_1,random,0.8148117080254632,13.108828021607978,0.0,0.0,0.0,0.3537647934361523
bank_marketing,budget_50,seed_2,gain_path_refined,0.8306934737691911,24.821978676726086,0.0,0.0,0.0,0.4253201476046975
bank_marketing,budget_50,seed_2,herding,0.8045416995219743,6.0116889644634846,0.0,0.0,0.0,0.3172169705548844
bank_marketing,budget_50,seed_2,histdistill_density,0.830625651929104,15.955520780471751,0.0,0.0,0.0,0.4323789935757867
bank_marketing,budget_50,seed_2,histdistill_refined,0.8361380098684112,21.248649612743574,0.0,0.0,0.0,0.3955500884877924
bank_marketing,budget_50,seed_2,random,0.7937450565515352,35.12277501676672,0.0,0.0,0.0,0.2348233194347181
breast_w,budget_10,seed_0,gain_path_refined,0.7664402173913043,14.630553488473687,0.0,0.0,0.0,-0.0033197972078217
breast_w,budget_10,seed_0,herding,0.7800498188405797,14.672746153320857,0.0,0.0,0.0,-0.077248732041684
breast_w,budget_10,seed_0,histdistill_density,0.7671422101449276,14.685846142769604,0.0,0.0,0.0,0.0057521966574598
breast_w,budget_10,seed_0,histdistill_refined,0.7671422101449276,14.6849229825049,0.0,0.0,0.0,0.0033801567987135
breast_w,budget_10,seed_0,random,0.7747735507246377,14.457082736132124,0.0,0.0,0.0,0.0069315827771653
breast_w,budget_10,seed_1,gain_path_refined,0.7761775362318841,14.073467339764548,0.0,0.0,0.0,-0.0920966111883017
breast_w,budget_10,seed_1,herding,0.7800498188405797,14.113023241959208,0.0,0.0,0.0,-0.084729550152349
breast_w,budget_10,seed_1,histdistill_density,0.7725543478260869,14.126755506648324,0.0,0.0,0.0,-0.0904253146395987
breast_w,budget_10,seed_1,histdistill_refined,0.7739809782608696,14.12539812097741,0.0,0.0,0.0,-0.0815606241877894
breast_w,budget_10,seed_1,random,0.7578804347826087,14.114053969602198,0.0,0.0,0.0,-0.0842912362470586
breast_w,budget_10,seed_2,gain_path_refined,0.7804574275362319,11.478820361202,0.0,0.0,0.0,-0.0471157250085849
breast_w,budget_10,seed_2,herding,0.7800498188405797,14.078667467448518,0.0,0.0,0.0,-0.0930401817413839
breast_w,budget_10,seed_2,histdistill_density,0.780276268115942,11.489456324199606,0.0,0.0,0.0,-0.0640746690486641
breast_w,budget_10,seed_2,histdistill_refined,0.7802536231884057,11.489337128650916,0.0,0.0,0.0,-0.0645125992941911
breast_w,budget_10,seed_2,random,0.7765625,14.07838480740955,0.0,0.0,0.0,-0.0900257796280971
breast_w,budget_100,seed_0,gain_path_refined,0.9876358695652174,10.56531854339776,0.0,0.0,0.0,0.0144197283050276
breast_w,budget_100,seed_0,herding,0.9902173913043478,12.12869589130976,0.0,0.0,0.0,-0.0278312933119686
breast_w,budget_100,seed_0,histdistill_density,0.9908061594202898,9.174779678557291,0.0,0.0,0.0,0.0484996665925761
breast_w,budget_100,seed_0,histdistill_refined,0.9908967391304347,9.195370159348755,0.0,0.0,0.0,0.052530191894495
breast_w,budget_100,seed_0,random,0.9857336956521738,10.791594114218428,0.0,0.0,0.0,0.0453167953230856
breast_w,budget_100,seed_1,gain_path_refined,0.9880887681159422,10.40114671473574,0.0,0.0,0.0,-0.0410622567913699
breast_w,budget_100,seed_1,herding,0.9902173913043478,11.666739975385036,0.0,0.0,0.0,-0.0670041045941236
breast_w,budget_100,seed_1,histdistill_density,0.988677536231884,9.034906105188124,0.0,0.0,0.0,-0.0588979544395831
breast_w,budget_100,seed_1,histdistill_refined,0.9883152173913043,9.026940291315944,0.0,0.0,0.0,-0.0517853356962985
breast_w,budget_100,seed_1,random,0.9842844202898551,11.404053302398069,0.0,0.0,0.0,-0.0531949089479139
breast_w,budget_100,seed_2,gain_path_refined,0.9888586956521739,10.388991657889106,0.0,0.0,0.0,-0.0255050730367101
breast_w,budget_100,seed_2,herding,0.9902173913043478,11.651667788842888,0.0,0.0,0.0,-0.0405577375481866
breast_w,budget_100,seed_2,histdistill_density,0.9898097826086957,10.069790499510642,0.0,0.0,0.0,-0.0137503591511718
breast_w,budget_100,seed_2,histdistill_refined,0.9906702898550724,10.44845331501803,0.0,0.0,0.0,-0.0100835967108593
breast_w,budget_100,seed_2,random,0.9829710144927535,11.389589351782666,0.0,0.0,0.0,-0.0069781761067776
breast_w,budget_200,seed_0,gain_path_refined,0.9891757246376811,11.02658548419656,0.0,0.0,0.0,0.0146256890538255
breast_w,budget_200,seed_0,herding,0.9864583333333332,11.02658548419656,0.0,0.0,0.0,-0.0259921164419144
breast_w,budget_200,seed_0,histdistill_density,0.9903079710144927,9.085504580931415,0.0,0.0,0.0,0.0376824479513966
breast_w,budget_200,seed_0,histdistill_refined,0.9897192028985508,9.674304166598969,0.0,0.0,0.0,0.037415722012299
breast_w,budget_200,seed_0,random,0.9868206521739129,10.75398778433693,0.0,0.0,0.0,0.0114991071920054
breast_w,budget_200,seed_1,gain_path_refined,0.9891757246376812,10.605770903949702,0.0,0.0,0.0,-0.0327595286526752
breast_w,budget_200,seed_1,herding,0.9864583333333332,10.605770903949702,0.0,0.0,0.0,-0.0659585673712478
breast_w,budget_200,seed_1,histdistill_density,0.990625,9.59506624158197,0.0,0.0,0.0,-0.0146081247435371
breast_w,budget_200,seed_1,histdistill_refined,0.990036231884058,10.330117731027263,0.0,0.0,0.0,-0.015127889481603
breast_w,budget_200,seed_1,random,0.9868206521739131,10.605770903949702,0.0,0.0,0.0,-0.0263303674631206
breast_w,budget_200,seed_2,gain_path_refined,0.9892210144927536,10.46170887502016,0.0,0.0,0.0,-0.01953809107013
breast_w,budget_200,seed_2,herding,0.9864583333333332,10.593082576500109,0.0,0.0,0.0,-0.0461514254382574
breast_w,budget_200,seed_2,histdistill_density,0.9905797101449275,9.455742777417935,0.0,0.0,0.0,0.0012450573957777
breast_w,budget_200,seed_2,histdistill_refined,0.9890851449275363,9.047162492631063,0.0,0.0,0.0,0.0004788682291452
breast_w,budget_200,seed_2,random,0.9827445652173914,10.860099052808955,0.0,0.0,0.0,-0.0317156265938934
breast_w,budget_25,seed_0,gain_path_refined,0.9839673913043478,11.332606893276877,0.0,0.0,0.0,0.0187216866224143
breast_w,budget_25,seed_0,herding,0.9743659420289854,13.5352794018439,0.0,0.0,0.0,-0.0622384406095492
breast_w,budget_25,seed_0,histdistill_density,0.9854619565217391,9.81077239392944,0.0,0.0,0.0,0.0194269710421638
breast_w,budget_25,seed_0,histdistill_refined,0.9870471014492754,9.936365587917226,0.0,0.0,0.0,0.0123140299936464
breast_w,budget_25,seed_0,random,0.9662590579710144,11.159136140935312,0.0,0.0,0.0,0.0618686613802982
breast_w,budget_25,seed_1,gain_path_refined,0.9782382246376813,9.928909884154228,0.0,0.0,0.0,-0.0612192029898388
breast_w,budget_25,seed_1,herding,0.9743659420289854,13.02134051483976,0.0,0.0,0.0,-0.0742172740280005
breast_w,budget_25,seed_1,histdistill_density,0.9790307971014492,10.096396693576894,0.0,0.0,0.0,-0.0761592121460812
breast_w,budget_25,seed_1,histdistill_refined,0.9807971014492753,9.98478225928928,0.0,0.0,0.0,-0.0732594720284502
breast_w,budget_25,seed_1,random,0.9739583333333333,11.905678500567126,0.0,0.0,0.0,-0.0386507886535386
breast_w,budget_25,seed_2,gain_path_refined,0.9771965579710147,10.887782430464968,0.0,0.0,0.0,-0.0305344572689734
breast_w,budget_25,seed_2,herding,0.9743659420289854,12.988169665892604,0.0,0.0,0.0,-0.0628295751843785
breast_w,budget_25,seed_2,histdistill_density,0.9765851449275363,9.826917049780874,0.0,0.0,0.0,-0.0226983540614866
breast_w,budget_25,seed_2,histdistill_refined,0.9766530797101449,9.816862704895344,0.0,0.0,0.0,-0.0258725663232497
breast_w,budget_25,seed_2,random,0.9657382246376812,11.783864587058122,0.0,0.0,0.0,-0.0621056021093402
breast_w,budget_50,seed_0,gain_path_refined,0.987296195652174,10.32205788042061,0.0,0.0,0.0,0.0195763158349999
breast_w,budget_50,seed_0,herding,0.9869791666666666,12.390158185800876,0.0,0.0,0.0,-0.0574224485505933
breast_w,budget_50,seed_0,histdistill_density,0.9850090579710145,8.360580306539537,0.0,0.0,0.0,0.0095873156997851
breast_w,budget_50,seed_0,histdistill_refined,0.9836503623188404,9.029575137730356,0.0,0.0,0.0,0.0249685115210787
breast_w,budget_50,seed_0,random,0.9884057971014493,10.303817056920217,0.0,0.0,0.0,0.0547334108470069
breast_w,budget_50,seed_1,gain_path_refined,0.989447463768116,10.401146714735734,0.0,0.0,0.0,-0.0351470054517299
breast_w,budget_50,seed_1,herding,0.9869791666666666,11.918317650129133,0.0,0.0,0.0,-0.0839132223985764
breast_w,budget_50,seed_1,histdistill_density,0.9860960144927537,9.44584485162734,0.0,0.0,0.0,-0.0401860210641499
breast_w,budget_50,seed_1,histdistill_refined,0.9879981884057971,8.579212576223497,0.0,0.0,0.0,-0.004048721438485
breast_w,budget_50,seed_1,random,0.9790760869565218,10.401146714735734,0.0,0.0,0.0,-0.0355941016057169
breast_w,budget_50,seed_2,gain_path_refined,0.9896286231884058,10.388991657889108,0.0,0.0,0.0,-0.0115485923899456
breast_w,budget_50,seed_2,herding,0.9869791666666666,11.902672833129984,0.0,0.0,0.0,-0.0581334925711754
breast_w,budget_50,seed_2,histdistill_density,0.9872282608695653,9.6593185322644,0.0,0.0,0.0,-0.0279248587338724
breast_w,budget_50,seed_2,histdistill_refined,0.9875,9.678530895660764,0.0,0.0,0.0,-0.0358877532870883
breast_w,budget_50,seed_2,random,0.9759510869565217,12.260392577446504,0.0,0.0,0.0,-0.0094555208263575
credit_approval,budget_10,seed_0,gain_path_refined,0.6869704066425378,35.22581056313603,0.0,0.0,0.0,0.2121207938263077
credit_approval,budget_10,seed_0,herding,0.6935064935064935,35.22581056313603,0.0,0.0,0.0,0.3057683194501493
credit_approval,budget_10,seed_0,histdistill_density,0.6857994464551842,32.03424097360688,0.0,0.0,0.0,0.096230408815229
credit_approval,budget_10,seed_0,histdistill_refined,0.6843730040451352,30.201078791469,0.0,0.0,0.0,0.1096058019501773
credit_approval,budget_10,seed_0,random,0.6673621460506707,30.1767585050531,0.0,0.0,0.0,0.0206037373418236
credit_approval,budget_10,seed_1,gain_path_refined,0.7135405578028529,47.79194282448674,0.0,0.0,0.0,0.1158230592003352
credit_approval,budget_10,seed_1,herding,0.6935064935064935,35.52183814375655,0.0,0.0,0.0,0.2627615659451965
credit_approval,budget_10,seed_1,histdistill_density,0.7055567383436235,45.28294941025519,0.0,0.0,0.0,0.0503584315558433
credit_approval,budget_10,seed_1,histdistill_refined,0.6946135831381733,43.89428869245173,0.0,0.0,0.0,0.0800622144097617
credit_approval,budget_10,seed_1,random,0.6727272727272727,58.89603875376329,0.0,0.0,0.0,0.0105278699868808
credit_approval,budget_10,seed_2,gain_path_refined,0.7026186927826272,48.03948567564114,0.0,0.0,0.0,0.1057274042904755
credit_approval,budget_10,seed_2,herding,0.6935064935064935,35.68397084283896,0.0,0.0,0.0,0.3836305344770745
credit_approval,budget_10,seed_2,histdistill_density,0.7083244624228231,47.36062121714811,0.0,0.0,0.0,0.0618592693085148
credit_approval,budget_10,seed_2,histdistill_refined,0.7027038535235256,46.11378282747246,0.0,0.0,0.0,0.0929451906252468
credit_approval,budget_10,seed_2,random,0.6616137960400256,30.50661694724216,0.0,0.0,0.0,0.0304685378511283
credit_approval,budget_100,seed_0,gain_path_refined,0.8860975090483288,36.316793380446335,0.0,0.0,0.0,0.1806995917467377
credit_approval,budget_100,seed_0,herding,0.8719608260591867,37.43338931425994,0.0,0.0,0.0,0.2157179856705817
credit_approval,budget_100,seed_0,histdistill_density,0.9268043431977857,24.585066153064897,0.0,0.0,0.0,0.1679182122500678
credit_approval,budget_100,seed_0,histdistill_refined,0.9308920587609112,27.37916187848884,0.0,0.0,0.0,0.1270356464308332
credit_approval,budget_100,seed_0,random,0.8771769214392166,36.47759613167545,0.0,0.0,0.0,0.2978554969689169
credit_approval,budget_100,seed_1,gain_path_refined,0.9353204172876304,36.62233799447643,0.0,0.0,0.0,0.0668031303718447
credit_approval,budget_100,seed_1,herding,0.8719608260591867,37.748682624179,0.0,0.0,0.0,0.0744219449187157
credit_approval,budget_100,seed_1,histdistill_density,0.9368533106238024,26.12459220108365,0.0,0.0,0.0,0.1882068216773726
credit_approval,budget_100,seed_1,histdistill_refined,0.9366829891420055,27.11222517796808,0.0,0.0,0.0,0.1357663077897403
credit_approval,budget_100,seed_1,random,0.9347881626570151,36.62233799447643,0.0,0.0,0.0,0.1228745751997342
credit_approval,budget_100,seed_2,gain_path_refined,0.9357888013625718,36.79209779724077,0.0,0.0,0.0,0.1416670235577503
credit_approval,budget_100,seed_2,herding,0.8719608260591867,37.92625520090725,0.0,0.0,0.0,0.1865066470161359
credit_approval,budget_100,seed_2,histdistill_density,0.9219927613370237,22.429210027877385,0.0,0.0,0.0,0.2142461281123729
credit_approval,budget_100,seed_2,histdistill_refined,0.9241217798594847,22.76473008586273,0.0,0.0,0.0,0.1855886176076419
credit_approval,budget_100,seed_2,random,0.8932297210985733,32.60408635067159,0.0,0.0,0.0,0.2086912710707198
credit_approval,budget_200,seed_0,gain_path_refined,0.9284649776453054,36.4584064060122,0.0,0.0,0.0,0.1705819986153074
credit_approval,budget_200,seed_0,herding,0.8916329572067276,36.4584064060122,0.0,0.0,0.0,0.1980118519858862
credit_approval,budget_200,seed_0,histdistill_density,0.921694698743879,25.931743315654163,0.0,0.0,0.0,0.1971749751198769
credit_approval,budget_200,seed_0,histdistill_refined,0.9279540131999149,27.571867303464185,0.0,0.0,0.0,0.1882181308242106
credit_approval,budget_200,seed_0,random,0.9400894187779434,36.94674338544503,0.0,0.0,0.0,0.1697050574504659
credit_approval,budget_200,seed_1,gain_path_refined,0.9296572280178838,36.27718330827968,0.0,0.0,0.0,0.0665317108477336
credit_approval,budget_200,seed_1,herding,0.8916329572067276,36.76503476970646,0.0,0.0,0.0,0.0731023251605898
credit_approval,budget_200,seed_1,histdistill_density,0.9341707472855013,24.8870554144989,0.0,0.0,0.0,0.121358454718176
credit_approval,budget_200,seed_1,histdistill_refined,0.9300404513519267,35.63027673264598,0.0,0.0,0.0,0.0538654663892155
credit_approval,budget_200,seed_1,random,0.9305088354268681,38.257004400493145,0.0,0.0,0.0,0.0634669320546457
credit_approval,budget_200,seed_2,gain_path_refined,0.9328081754311264,36.93566288766351,0.0,0.0,0.0,0.141826820132301
credit_approval,budget_200,seed_2,herding,0.8916329572067276,36.93566288766351,0.0,0.0,0.0,0.1437611471065386
credit_approval,budget_200,seed_2,histdistill_density,0.9294017457951884,24.458091875429773,0.0,0.0,0.0,0.1775375096986124
credit_approval,budget_200,seed_2,histdistill_refined,0.9223334043006174,24.52950831695249,0.0,0.0,0.0,0.1721163631966626
credit_approval,budget_200,seed_2,random,0.9322546306152864,37.93229027245695,0.0,0.0,0.0,0.1253514172569804
credit_approval,budget_25,seed_0,gain_path_refined,0.8499041941664893,37.43338931425994,0.0,0.0,0.0,0.0867158101972843
credit_approval,budget_25,seed_0,herding,0.8564828614008941,37.43338931425994,0.0,0.0,0.0,0.2279823144198751
credit_approval,budget_25,seed_0,histdistill_density,0.8423461784117521,31.130351998630854,0.0,0.0,0.0,0.0497954406175572
credit_approval,budget_25,seed_0,histdistill_refined,0.8420481158186076,29.998104885111943,0.0,0.0,0.0,0.0447911424436705
credit_approval,budget_25,seed_0,random,0.8423461784117523,33.70941851889126,0.0,0.0,0.0,0.1022793148144387
credit_approval,budget_25,seed_1,gain_path_refined,0.8839897807110921,33.395411473367126,0.0,0.0,0.0,0.1340242643746011
credit_approval,budget_25,seed_1,herding,0.8564828614008941,37.748682624178976,0.0,0.0,0.0,0.0910932787613395
credit_approval,budget_25,seed_1,histdistill_density,0.8881200766446667,24.23716310275737,0.0,0.0,0.0,0.1064185321816636
credit_approval,budget_25,seed_1,histdistill_refined,0.8930806898020013,24.366857149445625,0.0,0.0,0.0,0.1118924223539284
credit_approval,budget_25,seed_1,random,0.8830955929316586,52.01318570120178,0.0,0.0,0.0,0.0387164731882015
credit_approval,budget_25,seed_2,gain_path_refined,0.880051096444539,37.92625520090724,0.0,0.0,0.0,0.0961160085561728
credit_approval,budget_25,seed_2,herding,0.8564828614008941,37.92625520090724,0.0,0.0,0.0,0.1578131771924729
credit_approval,budget_25,seed_2,histdistill_density,0.8805620608899296,31.50183405739787,0.0,0.0,0.0,0.0986675870904412
credit_approval,budget_25,seed_2,histdistill_refined,0.8800723866297637,32.090327235629175,0.0,0.0,0.0,0.0307596190158373
credit_approval,budget_25,seed_2,random,0.8133063657653821,24.24387011167212,0.0,0.0,0.0,0.1217723433217934
credit_approval,budget_50,seed_0,gain_path_refined,0.8761975729188844,35.22581056313602,0.0,0.0,0.0,0.1718166422274591
credit_approval,budget_50,seed_0,herding,0.8659144134553971,39.74655850384358,0.0,0.0,0.0,0.1927879861451991
credit_approval,budget_50,seed_0,histdistill_density,0.8725356610602513,25.73729694329315,0.0,0.0,0.0,0.1572649959287071
credit_approval,budget_50,seed_0,histdistill_refined,0.8926548860975091,24.91037906513979,0.0,0.0,0.0,0.1480932778431195
credit_approval,budget_50,seed_0,random,0.8534170747285501,35.9643243860415,0.0,0.0,0.0,0.2092278288319308
credit_approval,budget_50,seed_1,gain_path_refined,0.8685969767936982,35.52183814375657,0.0,0.0,0.0,0.0843052268872532
credit_approval,budget_50,seed_1,herding,0.8659144134553971,40.08207445456057,0.0,0.0,0.0,0.1179747331357238
credit_approval,budget_50,seed_1,histdistill_density,0.907728337236534,26.62917318284292,0.0,0.0,0.0,0.1023483576214997
credit_approval,budget_50,seed_1,histdistill_refined,0.9110921865020225,25.776861657212265,0.0,0.0,0.0,0.0926676731879082
credit_approval,budget_50,seed_1,random,0.9136044283585267,41.78261872937134,0.0,0.0,0.0,0.044440046374683
credit_approval,budget_50,seed_2,gain_path_refined,0.9011283798169044,35.68397084283896,0.0,0.0,0.0,0.140109834751168
credit_approval,budget_50,seed_2,herding,0.8659144134553971,40.27585384688021,0.0,0.0,0.0,0.1734396188303999
credit_approval,budget_50,seed_2,histdistill_density,0.859782840110709,26.08083362705285,0.0,0.0,0.0,0.2268731012065211
credit_approval,budget_50,seed_2,histdistill_refined,0.884649776453055,24.023364064061703,0.0,0.0,0.0,0.2202125140469604
credit_approval,budget_50,seed_2,random,0.8807323823717267,31.49716884918151,0.0,0.0,0.0,0.2086891680806499
credit_g,budget_10,seed_0,gain_path_refined,0.607547619047619,5.764795181971676,0.0,0.0,0.0,0.1911753732908004
credit_g,budget_10,seed_0,herding,0.6178452380952381,5.689277292575392,0.0,0.0,0.0,0.1234211045181394
credit_g,budget_10,seed_0,histdistill_density,0.5723690476190477,5.931205842039239,0.0,0.0,0.0,0.3399949601410684
credit_g,budget_10,seed_0,histdistill_refined,0.571047619047619,5.918018033221436,0.0,0.0,0.0,0.3452363085311261
credit_g,budget_10,seed_0,random,0.5981666666666666,5.328627269633237,0.0,1.0,0.0,0.1638618898701618
credit_g,budget_10,seed_1,gain_path_refined,0.5571309523809523,5.732938016893554,0.0,0.0,0.0,0.2235939226436215
credit_g,budget_10,seed_1,herding,0.6178452380952381,7.998991143633074,0.0,0.0,0.0,0.1251116524032594
credit_g,budget_10,seed_1,histdistill_density,0.5937380952380953,5.6002520030752665,0.0,0.0,0.0,0.2519649097275449
credit_g,budget_10,seed_1,histdistill_refined,0.5907857142857142,5.603201364129335,0.0,0.0,0.0,0.2472751573736646
credit_g,budget_10,seed_1,random,0.5148809523809523,8.390276495041446,0.0,0.0,0.0,-0.1185506493467012
credit_g,budget_10,seed_2,gain_path_refined,0.6015952380952381,6.89818155222147,0.0,1.0,0.0,0.260247565910689
credit_g,budget_10,seed_2,herding,0.6178452380952381,3.861384243841407,0.0,0.0,0.0,0.145784697339006
credit_g,budget_10,seed_2,histdistill_density,0.5987619047619048,5.586549860276388,0.0,1.0,0.0,0.2221602756590325
credit_g,budget_10,seed_2,histdistill_refined,0.6126190476190476,5.628064444679804,0.0,1.0,0.0,0.2217749186602954
credit_g,budget_10,seed_2,random,0.5946071428571428,6.322327963433698,0.0,0.0,0.0,0.1498565007779255
credit_g,budget_100,seed_0,gain_path_refined,0.7364285714285714,1.1905973098956202,0.0,0.0,0.0,0.7539322000853429
credit_g,budget_100,seed_0,herding,0.7631190476190476,1.2826945924060724,0.0,1.0,0.0,0.6447242591722812
credit_g,budget_100,seed_0,histdistill_density,0.7405833333333334,0.9589215683027736,0.0,0.0,0.0,0.7714263038361348
credit_g,budget_100,seed_0,histdistill_refined,0.732845238095238,0.9705768480239788,0.0,0.0,0.0,0.7760361101464849
credit_g,budget_100,seed_0,random,0.7076428571428572,1.5070432820752548,0.0,0.0,0.0,0.5125105771944382
credit_g,budget_100,seed_1,gain_path_refined,0.7551904761904762,1.038321625287928,0.0,0.0,0.0,0.7200027748678982
credit_g,budget_100,seed_1,herding,0.7631190476190476,1.9873824207441488,0.0,1.0,0.0,0.656025158280601
credit_g,budget_100,seed_1,histdistill_density,0.7612857142857143,0.8463099069270508,0.0,0.0,0.0,0.7338609682994073
credit_g,budget_100,seed_1,histdistill_refined,0.741095238095238,0.8326592489304497,0.0,0.0,0.0,0.7433061938017331
credit_g,budget_100,seed_1,random,0.7123809523809524,1.7141532911298032,0.0,0.0,0.0,0.5285226267960287
credit_g,budget_100,seed_2,gain_path_refined,0.7619285714285715,0.884068545757608,0.0,1.0,0.0,0.7150844040707258
credit_g,budget_100,seed_2,herding,0.7631190476190476,1.700205871595049,0.0,1.0,0.0,0.6667937129213539
credit_g,budget_100,seed_2,histdistill_density,0.7211904761904762,0.853489569602872,0.0,1.0,0.0,0.7327135403831677
credit_g,budget_100,seed_2,histdistill_refined,0.7218214285714286,0.8648917085114853,0.0,1.0,0.0,0.7205976779762282
credit_g,budget_100,seed_2,random,0.742452380952381,1.0416327599257411,0.0,1.0,0.0,0.6062789024993409
credit_g,budget_200,seed_0,gain_path_refined,0.7603214285714286,0.516001432063573,0.0,0.0,0.0,0.8715612258267885
credit_g,budget_200,seed_0,herding,0.7431428571428571,0.8981765504603502,0.0,1.0,0.0,0.7442622863940551
credit_g,budget_200,seed_0,histdistill_density,0.7549285714285714,0.4700849260939727,0.0,1.0,0.0,0.8814317881510826
credit_g,budget_200,seed_0,histdistill_refined,0.7649285714285714,0.4564574631646943,0.0,1.0,0.0,0.8867176063641573
credit_g,budget_200,seed_0,random,0.767047619047619,0.8595169559288781,0.0,0.0,0.0,0.808345632607887
credit_g,budget_200,seed_1,gain_path_refined,0.7734166666666666,0.5719308049341575,0.0,0.0,0.0,0.8784998766819132
credit_g,budget_200,seed_1,herding,0.7431428571428571,0.9897964525030196,0.0,1.0,0.0,0.7656937553145559
credit_g,budget_200,seed_1,histdistill_density,0.7742142857142857,0.4834495977303802,0.0,1.0,0.0,0.8955930374844844
credit_g,budget_200,seed_1,histdistill_refined,0.7795714285714286,0.4595092080926315,0.0,1.0,0.0,0.8926992511042693
credit_g,budget_200,seed_1,random,0.7475357142857144,0.7621715003419866,0.0,0.0,0.0,0.8087460502588094
credit_g,budget_200,seed_2,gain_path_refined,0.7871190476190476,0.5034593165422132,0.0,1.0,0.0,0.8942605534361162
credit_g,budget_200,seed_2,herding,0.7431428571428571,0.9257497432448574,0.0,1.0,0.0,0.7526599142090868
credit_g,budget_200,seed_2,histdistill_density,0.7774523809523809,0.4594752313455048,0.0,1.0,0.0,0.9023559850529538
credit_g,budget_200,seed_2,histdistill_refined,0.7740357142857144,0.4759279264880163,0.0,1.0,0.0,0.902235365663487
credit_g,budget_200,seed_2,random,0.7504047619047619,0.5841833339584798,0.0,1.0,0.0,0.8227731746671777
credit_g,budget_25,seed_0,gain_path_refined,0.7636190476190476,3.7178532040527577,0.0,1.0,0.0,0.5115603313848638
credit_g,budget_25,seed_0,herding,0.6843214285714285,2.734433222415204,0.0,0.0,0.0,0.3884851002130615
credit_g,budget_25,seed_0,histdistill_density,0.7486904761904762,3.154648431681468,0.0,0.0,0.0,0.4893784987609958
credit_g,budget_25,seed_0,histdistill_refined,0.7310952380952381,3.1751454161944546,0.0,0.0,0.0,0.4856545396498629
credit_g,budget_25,seed_0,random,0.6088095238095239,3.2205276747346003,0.0,1.0,0.0,0.3505261568924764
credit_g,budget_25,seed_1,gain_path_refined,0.7245595238095238,3.731423244135216,0.0,0.0,0.0,0.4064218586226956
credit_g,budget_25,seed_1,herding,0.6843214285714285,5.204103320113551,0.0,0.0,0.0,0.382876693203994
credit_g,budget_25,seed_1,histdistill_density,0.6675952380952381,3.524760002984676,0.0,0.0,0.0,0.4217043939174941
credit_g,budget_25,seed_1,histdistill_refined,0.6746428571428572,3.493279420080502,0.0,0.0,0.0,0.4260305182736005
credit_g,budget_25,seed_1,random,0.6692738095238095,3.506688311713655,0.0,0.0,0.0,0.1949278879263438
credit_g,budget_25,seed_2,gain_path_refined,0.6760595238095238,3.16047812546433,0.0,0.0,0.0,0.4334954920063157
credit_g,budget_25,seed_2,herding,0.6843214285714285,3.3791877229932386,0.0,0.0,0.0,0.3755893465398567
credit_g,budget_25,seed_2,histdistill_density,0.6794404761904762,2.9002998287936625,0.0,0.0,0.0,0.4608191909627513
credit_g,budget_25,seed_2,histdistill_refined,0.6855833333333334,2.8979454416190182,0.0,0.0,0.0,0.4613513457940519
credit_g,budget_25,seed_2,random,0.6111309523809524,4.21785303526352,0.0,1.0,0.0,0.2859302131879642
credit_g,budget_50,seed_0,gain_path_refined,0.7451428571428572,1.9828617862778468,0.0,0.0,0.0,0.6129512352718993
credit_g,budget_50,seed_0,herding,0.754,2.106629553272994,0.0,0.0,0.0,0.4969109990191352
credit_g,budget_50,seed_0,histdistill_density,0.7492738095238095,1.934762571434187,0.0,0.0,0.0,0.6212714196372418
credit_g,budget_50,seed_0,histdistill_refined,0.74,1.8859069621459152,0.0,0.0,0.0,0.6282963951293885
credit_g,budget_50,seed_0,random,0.718952380952381,2.6955744610709966,0.0,0.0,0.0,0.3141898541359416
credit_g,budget_50,seed_1,gain_path_refined,0.7377619047619047,2.0378939515008176,0.0,0.0,0.0,0.5313718516567172
credit_g,budget_50,seed_1,herding,0.754,2.601487393516708,0.0,0.0,0.0,0.4718264396474182
credit_g,budget_50,seed_1,histdistill_density,0.7347023809523809,1.6938025328387027,0.0,0.0,0.0,0.5535882239223017
credit_g,budget_50,seed_1,histdistill_refined,0.7383809523809524,1.7283765142333618,0.0,0.0,0.0,0.5512779809767763
credit_g,budget_50,seed_1,random,0.7221428571428572,2.417774235567343,0.0,1.0,0.0,0.3898283582771061
credit_g,budget_50,seed_2,gain_path_refined,0.7505119047619047,1.5915489911984375,0.0,0.0,0.0,0.5946594029142246
credit_g,budget_50,seed_2,herding,0.754,2.2281216310158496,0.0,0.0,0.0,0.5313737391647059
credit_g,budget_50,seed_2,histdistill_density,0.7479761904761905,1.5041548988755689,0.0,0.0,0.0,0.6001397629247326
credit_g,budget_50,seed_2,histdistill_refined,0.7452619047619048,1.5133368494872057,0.0,0.0,0.0,0.5688168451130448
credit_g,budget_50,seed_2,random,0.6726666666666666,2.17875100438619,0.0,1.0,0.0,0.4366264993083878
diabetes,budget_10,seed_0,gain_path_refined,0.6574074074074074,31.4882812579119,0.0,0.0,0.0,0.259174080208452
diabetes,budget_10,seed_0,herding,0.6582962962962963,66.89280199150234,0.0,0.0,0.0,-0.0167765284397721
diabetes,budget_10,seed_0,histdistill_density,0.6540185185185186,31.51754817472551,0.0,0.0,0.0,0.1858890243691645
diabetes,budget_10,seed_0,histdistill_refined,0.6547222222222222,29.78781154503578,0.0,0.0,0.0,0.1971593531623548
diabetes,budget_10,seed_0,random,0.6070740740740741,31.57617104256267,0.0,0.0,0.0,0.0431594766734848
diabetes,budget_10,seed_1,gain_path_refined,0.6375925925925926,30.21223746794669,0.0,0.0,0.0,0.2689530846043676
diabetes,budget_10,seed_1,herding,0.6582962962962963,67.04606908135953,0.0,0.0,0.0,-0.0550977690186991
diabetes,budget_10,seed_1,histdistill_density,0.6341111111111111,28.3944164145586,0.0,0.0,0.0,0.2572360313058637
diabetes,budget_10,seed_1,histdistill_refined,0.6331111111111112,28.527197173306195,0.0,0.0,0.0,0.2417337432075346
diabetes,budget_10,seed_1,random,0.5673518518518519,34.17562505858866,0.0,0.0,0.0,0.0505390348043633
diabetes,budget_10,seed_2,gain_path_refined,0.6404074074074074,40.90136670076864,0.0,0.0,0.0,0.042679231799776
diabetes,budget_10,seed_2,herding,0.6582962962962963,67.19408620311994,0.0,0.0,0.0,0.0811948280599565
diabetes,budget_10,seed_2,histdistill_density,0.6324444444444445,34.87431914319286,0.0,0.0,0.0,0.0137242854305322
diabetes,budget_10,seed_2,histdistill_refined,0.6291851851851853,34.61530081294964,0.0,0.0,0.0,-0.0002330099393978
diabetes,budget_10,seed_2,random,0.6212222222222222,45.22043543507216,0.0,0.0,0.0,-0.064646261080306
diabetes,budget_100,seed_0,gain_path_refined,0.831037037037037,21.91769039644167,0.0,0.0,0.0,0.113336957657541
diabetes,budget_100,seed_0,herding,0.8005555555555555,26.57472718338836,0.0,0.0,0.0,0.0797904471168703
diabetes,budget_100,seed_0,histdistill_density,0.8193703703703703,15.678855103149685,0.0,0.0,0.0,0.1201844006297654
diabetes,budget_100,seed_0,histdistill_refined,0.8142592592592592,15.687003644596077,0.0,0.0,0.0,0.0913326761982207
diabetes,budget_100,seed_0,random,0.8181296296296295,23.53453924774984,0.0,0.0,0.0,0.0822114896202238
diabetes,budget_100,seed_1,gain_path_refined,0.8201481481481482,23.22883164215851,0.0,0.0,0.0,0.1063249052122256
diabetes,budget_100,seed_1,herding,0.8005555555555555,26.54613980768173,0.0,0.0,0.0,0.0307290711515776
diabetes,budget_100,seed_1,histdistill_density,0.8066296296296297,16.18470083288722,0.0,0.0,0.0,0.0635056732115807
diabetes,budget_100,seed_1,histdistill_refined,0.8156666666666667,14.239217465520534,0.0,0.0,0.0,0.0643345051301837
diabetes,budget_100,seed_1,random,0.8066296296296296,25.575937622423243,0.0,0.0,0.0,0.1069672062822926
diabetes,budget_100,seed_2,gain_path_refined,0.8317037037037037,22.11789685617484,0.0,0.0,0.0,0.1089289978410893
diabetes,budget_100,seed_2,herding,0.8005555555555555,26.66380215454914,0.0,0.0,0.0,0.1137455663709819
diabetes,budget_100,seed_2,histdistill_density,0.8347777777777778,17.501200282665405,0.0,0.0,0.0,0.0506348281887012
diabetes,budget_100,seed_2,histdistill_refined,0.8277777777777778,16.910734428373136,0.0,0.0,0.0,0.0759813628421665
diabetes,budget_100,seed_2,random,0.7882222222222223,19.88530907243948,0.0,0.0,0.0,0.0567741033713923
diabetes,budget_200,seed_0,gain_path_refined,0.836888888888889,20.85017526439465,0.0,0.0,0.0,0.0891358783991565
diabetes,budget_200,seed_0,herding,0.8110740740740742,26.427203433901244,0.0,0.0,0.0,0.1591622346638546
diabetes,budget_200,seed_0,histdistill_density,0.821037037037037,16.996443139771237,0.0,0.0,0.0,0.0718270878179501
diabetes,budget_200,seed_0,histdistill_refined,0.8264814814814814,15.641222542587798,0.0,0.0,0.0,0.0782080569344989
diabetes,budget_200,seed_0,random,0.837185185185185,25.94782565461519,0.0,0.0,0.0,0.0803167420814479
diabetes,budget_200,seed_1,gain_path_refined,0.8395185185185186,21.248155146822025,0.0,0.0,0.0,0.1113209659252395
diabetes,budget_200,seed_1,herding,0.8110740740740742,26.408121027994607,0.0,0.0,0.0,0.1292218726409884
diabetes,budget_200,seed_1,histdistill_density,0.8282962962962964,16.922185468465067,0.0,0.0,0.0,0.0461383101355664
diabetes,budget_200,seed_1,histdistill_refined,0.831111111111111,17.114055996718818,0.0,0.0,0.0,0.0710985357302771
diabetes,budget_200,seed_1,random,0.8253333333333334,22.40589134282044,0.0,0.0,0.0,0.1471323061830894
diabetes,budget_200,seed_2,gain_path_refined,0.8373333333333333,21.56551139421304,0.0,0.0,0.0,0.1193888159260039
diabetes,budget_200,seed_2,herding,0.8110740740740742,26.47830520375029,0.0,0.0,0.0,0.1262092382621187
diabetes,budget_200,seed_2,histdistill_density,0.8263333333333334,19.33266339354441,0.0,0.0,0.0,0.0936983110075713
diabetes,budget_200,seed_2,histdistill_refined,0.8266666666666668,18.199204853747204,0.0,0.0,0.0,0.0984857309260337
diabetes,budget_200,seed_2,random,0.8240000000000001,17.939281223429163,0.0,0.0,0.0,0.1275429676373853
diabetes,budget_25,seed_0,gain_path_refined,0.7991296296296296,26.67951043208064,0.0,0.0,0.0,0.1437166203470292
diabetes,budget_25,seed_0,herding,0.7789259259259259,40.683555469733314,0.0,0.0,0.0,0.0817158079437503
diabetes,budget_25,seed_0,histdistill_density,0.795537037037037,22.79964929942382,0.0,0.0,0.0,0.0641797274343706
diabetes,budget_25,seed_0,histdistill_refined,0.7924074074074074,20.65542464006884,0.0,0.0,0.0,0.065679100523727
diabetes,budget_25,seed_0,random,0.781074074074074,30.974490364520328,0.0,0.0,0.0,0.1669224922966017
diabetes,budget_25,seed_1,gain_path_refined,0.8194444444444444,22.657472666286623,0.0,0.0,0.0,0.1147205952903556
diabetes,budget_25,seed_1,herding,0.7789259259259259,40.68519691042521,0.0,0.0,0.0,0.0748040288888027
diabetes,budget_25,seed_1,histdistill_density,0.8145185185185186,20.118249235902645,0.0,0.0,0.0,0.1571557530030612
diabetes,budget_25,seed_1,histdistill_refined,0.8098518518518519,18.05758181281088,0.0,0.0,0.0,0.1107678677390858
diabetes,budget_25,seed_1,random,0.7114814814814815,20.67596976178925,0.0,0.0,0.0,0.1474318060751963
diabetes,budget_25,seed_2,gain_path_refined,0.7939999999999999,24.4700749882937,0.0,0.0,0.0,0.1228212725214794
diabetes,budget_25,seed_2,herding,0.7789259259259259,40.84643810810886,0.0,0.0,0.0,0.1434154508025163
diabetes,budget_25,seed_2,histdistill_density,0.7818703703703703,20.902308864572408,0.0,0.0,0.0,0.0931172556484211
diabetes,budget_25,seed_2,histdistill_refined,0.7906296296296296,16.546762397699048,0.0,0.0,0.0,0.1126982047033368
diabetes,budget_25,seed_2,random,0.7154444444444444,29.28346344206426,0.0,0.0,0.0,0.104298392161624
diabetes,budget_50,seed_0,gain_path_refined,0.8278333333333332,26.026067129384952,0.0,0.0,0.0,0.0697203169967209
diabetes,budget_50,seed_0,herding,0.7777222222222223,39.135835496291406,0.0,0.0,0.0,0.0048546088639431
diabetes,budget_50,seed_0,histdistill_density,0.8319074074074073,21.664420408768795,0.0,0.0,0.0,0.0782256049584567
diabetes,budget_50,seed_0,histdistill_refined,0.8327592592592593,17.22528333599209,0.0,0.0,0.0,0.0509111676777713
diabetes,budget_50,seed_0,random,0.8059074074074074,32.615004673547496,0.0,0.0,0.0,0.122365487481433
diabetes,budget_50,seed_1,gain_path_refined,0.8210555555555554,23.974093834256152,0.0,0.0,0.0,0.1178591759027076
diabetes,budget_50,seed_1,herding,0.7777222222222223,39.05904759674323,0.0,0.0,0.0,0.0279621677289253
diabetes,budget_50,seed_1,histdistill_density,0.8045555555555556,14.627564443529328,0.0,0.0,0.0,0.0655021626080065
diabetes,budget_50,seed_1,histdistill_refined,0.8095925925925925,14.54705080794452,0.0,0.0,0.0,0.0577091629696748
diabetes,budget_50,seed_1,random,0.7715555555555556,24.52846222145537,0.0,0.0,0.0,0.1616800126656848
diabetes,budget_50,seed_2,gain_path_refined,0.8107777777777778,20.16930881120637,0.0,0.0,0.0,0.0927686143202081
diabetes,budget_50,seed_2,herding,0.7777222222222223,39.298555504089165,0.0,0.0,0.0,0.1013120539929616
diabetes,budget_50,seed_2,histdistill_density,0.805425925925926,18.84673813313914,0.0,0.0,0.0,0.0098660741586736
diabetes,budget_50,seed_2,histdistill_refined,0.8093518518518519,19.09205683528556,0.0,0.0,0.0,0.0160862436990888
diabetes,budget_50,seed_2,random,0.7751666666666667,28.36545414305263,0.0,0.0,0.0,0.1263628739509816
electricity,budget_10,seed_0,gain_path_refined,0.665639197985646,145.23768586128213,0.0,0.0,0.0,0.229236226492726
electricity,budget_10,seed_0,herding,0.6451095443230584,433.4332996489185,0.0,0.0,0.0,0.2361176885374271
electricity,budget_10,seed_0,histdistill_density,0.6641235686177736,111.8573459041954,0.0,0.0,0.0,0.1945267264059574
electricity,budget_10,seed_0,histdistill_refined,0.6637384534569744,113.03581593732125,0.0,0.0,0.0,0.2209174787294559
electricity,budget_10,seed_0,random,0.6279889431706824,285.19579154495113,0.0,0.0,0.0,0.0966660853603566
electricity,budget_10,seed_1,gain_path_refined,0.6423929004055946,191.8749038189511,0.0,0.0,0.0,0.3015324009799323
electricity,budget_10,seed_1,herding,0.6451095443230584,472.26573285693456,0.0,0.0,0.0,0.264954573450079
electricity,budget_10,seed_1,histdistill_density,0.6423741873517164,181.6066072742265,0.0,0.0,0.0,0.1940441203968545
electricity,budget_10,seed_1,histdistill_refined,0.6421831145279857,184.99131244357585,0.0,0.0,0.0,0.1970278637546451
electricity,budget_10,seed_1,random,0.629673297214494,384.64074289864,0.0,0.0,0.0,0.4950597584748726
electricity,budget_10,seed_2,gain_path_refined,0.6535642351813605,172.9940379762685,0.0,0.0,0.0,0.195519635174697
electricity,budget_10,seed_2,herding,0.6451095443230584,516.4465061176338,0.0,0.0,0.0,0.2455594398171635
electricity,budget_10,seed_2,histdistill_density,0.6502222271145239,149.1812196264478,0.0,0.0,0.0,0.1615361179619231
electricity,budget_10,seed_2,histdistill_refined,0.6490987271027483,139.0508229733092,0.0,0.0,0.0,0.1544140322252855
electricity,budget_10,seed_2,random,0.6276441980317247,270.24163099102896,0.0,0.0,0.0,0.3426956694188759
electricity,budget_100,seed_0,gain_path_refined,0.8500628461658974,130.58931620891116,0.0,0.0,0.0,0.347590669615883
electricity,budget_100,seed_0,herding,0.7758022805862433,323.4035208655027,0.0,0.0,0.0,0.2430761282881585
electricity,budget_100,seed_0,histdistill_density,0.8507296555057338,126.334866917972,0.0,0.0,0.0,0.3376063311071139
electricity,budget_100,seed_0,histdistill_refined,0.8517838327406253,120.25750594549424,0.0,0.0,0.0,0.3261700840259314
electricity,budget_100,seed_0,random,0.8212517061902066,149.3566915327851,0.0,0.0,0.0,0.273917401016246
electricity,budget_100,seed_1,gain_path_refined,0.8437961746524388,145.5877076354227,0.0,0.0,0.0,0.4193688156277404
electricity,budget_100,seed_1,herding,0.7758022805862433,352.3164471529673,0.0,0.0,0.0,0.3538046659635075
electricity,budget_100,seed_1,histdistill_density,0.8399048322173766,128.4764548988275,0.0,0.0,0.0,0.4129491219730511
electricity,budget_100,seed_1,histdistill_refined,0.8439282155989559,158.29182768705158,0.0,0.0,0.0,0.3769664633774295
electricity,budget_100,seed_1,random,0.8201957114083583,140.49794732882833,0.0,0.0,0.0,0.4087583885906657
electricity,budget_100,seed_2,gain_path_refined,0.8498519851196662,153.7436759180763,0.0,0.0,0.0,0.3329346995357294
electricity,budget_100,seed_2,herding,0.7758022805862433,385.3342317159523,0.0,0.0,0.0,0.2803240041026319
electricity,budget_100,seed_2,histdistill_density,0.8487702118901362,163.7363078526418,0.0,0.0,0.0,0.3298168585779206
electricity,budget_100,seed_2,histdistill_refined,0.8429426955603727,115.73117605829384,0.0,0.0,0.0,0.3413059076775891
electricity,budget_100,seed_2,random,0.8065859965942753,187.09582929236316,0.0,0.0,0.0,0.3991893548448352
electricity,budget_200,seed_0,gain_path_refined,0.8667670498704165,127.19142708513212,0.0,0.0,0.0,0.348145760780283
electricity,budget_200,seed_0,herding,0.7981880080811722,279.2833972977801,0.0,0.0,0.0,0.2585860364793547
electricity,budget_200,seed_0,histdistill_density,0.8644689537380541,107.33486276598003,0.0,0.0,0.0,0.3059418457648546
electricity,budget_200,seed_0,histdistill_refined,0.8637066847841112,96.26372423670269,0.0,0.0,0.0,0.3113813294297691
electricity,budget_200,seed_0,random,0.8459542172721232,138.15117770736168,0.0,0.0,0.0,0.3504814660028744
electricity,budget_200,seed_1,gain_path_refined,0.8574515841329686,137.04071614819114,0.0,0.0,0.0,0.4094364813461974
electricity,budget_200,seed_1,herding,0.7981880080811722,304.233642915836,0.0,0.0,0.0,0.3653661871154308
electricity,budget_200,seed_1,histdistill_density,0.8531234672447319,117.71883328893864,0.0,0.0,0.0,0.3985338942489357
electricity,budget_200,seed_1,histdistill_refined,0.8522060156196402,113.50619495553538,0.0,0.0,0.0,0.4137491498098093
electricity,budget_200,seed_1,random,0.8382071409627981,159.72903840269794,0.0,0.0,0.0,0.3797837609125003
electricity,budget_200,seed_2,gain_path_refined,0.8625381044879585,153.74367591807626,0.0,0.0,0.0,0.3200618443981275
electricity,budget_200,seed_2,herding,0.7981880080811722,332.75130235626585,0.0,0.0,0.0,0.269263888994899
electricity,budget_200,seed_2,histdistill_density,0.863142758841726,155.17350649879648,0.0,0.0,0.0,0.3338999555813715
electricity,budget_200,seed_2,histdistill_refined,0.8620833849584933,133.61290477473565,0.0,0.0,0.0,0.3395974988895343
electricity,budget_200,seed_2,random,0.8413042665762841,163.9535426687485,0.0,0.0,0.0,0.3493447170556644
electricity,budget_25,seed_0,gain_path_refined,0.8075697758836606,132.90757772949092,0.0,0.0,0.0,0.2986291924895161
electricity,budget_25,seed_0,herding,0.7477531535719661,376.1229721723851,0.0,0.0,0.0,0.2650103049480309
electricity,budget_25,seed_0,histdistill_density,0.8070746351338484,156.75621828486584,0.0,0.0,0.0,0.2954130998103732
electricity,budget_25,seed_0,histdistill_refined,0.8061658360562406,158.8839191945145,0.0,0.0,0.0,0.3185357852137811
electricity,budget_25,seed_0,random,0.7723973495557506,212.1545815404164,0.0,0.0,0.0,0.2615626813667958
electricity,budget_25,seed_1,gain_path_refined,0.7714400654931286,173.36281286733364,0.0,0.0,0.0,0.3764268430118699
electricity,budget_25,seed_1,herding,0.7477531535719661,409.8080255418701,0.0,0.0,0.0,0.3390072767033023
electricity,budget_25,seed_1,histdistill_density,0.7748132534500114,135.860432018198,0.0,0.0,0.0,0.3618857603568475
electricity,budget_25,seed_1,histdistill_refined,0.7786383706177918,178.20616318393945,0.0,0.0,0.0,0.3311517206194715
electricity,budget_25,seed_1,random,0.7728805610537062,273.5853588297367,0.0,0.0,0.0,0.3764002845802027
electricity,budget_25,seed_2,gain_path_refined,0.8037373885280532,202.68093244603816,0.0,0.0,0.0,0.3366842880969779
electricity,budget_25,seed_2,herding,0.7477531535719661,448.143307081128,0.0,0.0,0.0,0.301369987493293
electricity,budget_25,seed_2,histdistill_density,0.8027928528933812,240.9909297406098,0.0,0.0,0.0,0.3325901534402115
electricity,budget_25,seed_2,histdistill_refined,0.8012079519471303,205.05682837981277,0.0,0.0,0.0,0.2588615678838934
electricity,budget_25,seed_2,random,0.7667469288576282,280.2183525737965,0.0,0.0,0.0,0.3962171892792125
electricity,budget_50,seed_0,gain_path_refined,0.8308764109028243,135.67161778230997,0.0,0.0,0.0,0.330927532831502
electricity,budget_50,seed_0,herding,0.7646158934497655,363.2197357175927,0.0,0.0,0.0,0.2361716462098806
electricity,budget_50,seed_0,histdistill_density,0.8274321594198595,139.89278243833576,0.0,0.0,0.0,0.2953545964362722
electricity,budget_50,seed_0,histdistill_refined,0.8280806396946112,136.40680984758762,0.0,0.0,0.0,0.2692466840087579
electricity,budget_50,seed_0,random,0.7911943689835356,213.71252825039724,0.0,0.0,0.0,0.303837476588142
electricity,budget_50,seed_1,gain_path_refined,0.8179666564610979,133.64591820267057,0.0,0.0,0.0,0.4353514946899065
electricity,budget_50,seed_1,herding,0.7646158934497655,395.7459393012687,0.0,0.0,0.0,0.3474361339187646
electricity,budget_50,seed_1,histdistill_density,0.8074343558357592,95.1478226179672,0.0,0.0,0.0,0.3684418682578843
electricity,budget_50,seed_1,histdistill_refined,0.8149458166212877,127.91784923491224,0.0,0.0,0.0,0.4318422849153056
electricity,budget_50,seed_1,random,0.8032897087931385,165.10425681577846,0.0,0.0,0.0,0.3675254369366493
electricity,budget_50,seed_2,gain_path_refined,0.8308595409951556,157.3691285059309,0.0,0.0,0.0,0.3587669375647784
electricity,budget_50,seed_2,herding,0.7646158934497655,432.7651496582459,0.0,0.0,0.0,0.2787319744158097
electricity,budget_50,seed_2,histdistill_density,0.8317195734959671,130.6188320048958,0.0,0.0,0.0,0.33946082618649
electricity,budget_50,seed_2,histdistill_refined,0.8339586377511159,146.61964611769463,0.0,0.0,0.0,0.3795315543103154
electricity,budget_50,seed_2,random,0.7869136875109437,214.34193238738055,0.0,0.0,0.0,0.3537871136782056
gametes_epistasis_2_way_1000atts_0_4h_edm_1_edm_1_1,budget_10,seed_0,gain_path_refined,0.49166406250000005,35.95825112396415,0.0,0.0,0.0,0.248605099799531
gametes_epistasis_2_way_1000atts_0_4h_edm_1_edm_1_1,budget_10,seed_0,herding,0.5100078124999999,74.28477511319609,0.0,0.0,0.0,0.3039596027647925
gametes_epistasis_2_way_1000atts_0_4h_edm_1_edm_1_1,budget_10,seed_0,histdistill_density,0.49210546875,44.01593522306127,0.0,0.0,0.0,0.2183084241553341
gametes_epistasis_2_way_1000atts_0_4h_edm_1_edm_1_1,budget_10,seed_0,histdistill_refined,0.49343750000000003,46.62659835950318,0.0,0.0,0.0,0.2088730499002818
gametes_epistasis_2_way_1000atts_0_4h_edm_1_edm_1_1,budget_10,seed_0,random,0.4974140625,47.79015519106409,0.0,0.0,0.0,0.2890248673294893
gametes_epistasis_2_way_1000atts_0_4h_edm_1_edm_1_1,budget_10,seed_1,gain_path_refined,0.4901484375,41.98206881008036,0.0,0.0,0.0,0.196268417777513
gametes_epistasis_2_way_1000atts_0_4h_edm_1_edm_1_1,budget_10,seed_1,herding,0.5100078124999999,45.39510415081181,0.0,0.0,0.0,0.1685168438880898
gametes_epistasis_2_way_1000atts_0_4h_edm_1_edm_1_1,budget_10,seed_1,histdistill_density,0.48890625,47.50521235510622,0.0,0.0,0.0,0.2211992486722032
gametes_epistasis_2_way_1000atts_0_4h_edm_1_edm_1_1,budget_10,seed_1,histdistill_refined,0.486828125,45.70482800635272,0.0,0.0,0.0,0.2469024521156134
gametes_epistasis_2_way_1000atts_0_4h_edm_1_edm_1_1,budget_10,seed_1,random,0.4828046875,79.62325190477472,0.0,0.0,0.0,0.2263128588807288
gametes_epistasis_2_way_1000atts_0_4h_edm_1_edm_1_1,budget_10,seed_2,gain_path_refined,0.51008203125,28.681965108623963,0.0,0.0,0.0,-0.0506931000589054
gametes_epistasis_2_way_1000atts_0_4h_edm_1_edm_1_1,budget_10,seed_2,herding,0.5100078124999999,67.4471397761739,0.0,0.0,0.0,0.0469232228894135
gametes_epistasis_2_way_1000atts_0_4h_edm_1_edm_1_1,budget_10,seed_2,histdistill_density,0.49360937499999996,29.992063649503383,0.0,0.0,0.0,0.0470522327134826
gametes_epistasis_2_way_1000atts_0_4h_edm_1_edm_1_1,budget_10,seed_2,histdistill_refined,0.4938203125,29.02916791263044,0.0,0.0,0.0,0.0328159005624618
gametes_epistasis_2_way_1000atts_0_4h_edm_1_edm_1_1,budget_10,seed_2,random,0.48970312499999996,97.33965044860244,0.0,0.0,0.0,0.2084452962271781
gametes_epistasis_2_way_1000atts_0_4h_edm_1_edm_1_1,budget_100,seed_0,gain_path_refined,0.50134375,3.1927970052862147,0.0,0.0,0.0,0.7773353377649259
gametes_epistasis_2_way_1000atts_0_4h_edm_1_edm_1_1,budget_100,seed_0,herding,0.46051171874999997,9.181241822395547,0.0,0.0,0.0,0.5889803856386855
gametes_epistasis_2_way_1000atts_0_4h_edm_1_edm_1_1,budget_100,seed_0,histdistill_density,0.516625,3.293188798779496,0.0,0.0,0.0,0.7403444174936701
gametes_epistasis_2_way_1000atts_0_4h_edm_1_edm_1_1,budget_100,seed_0,histdistill_refined,0.5085703125000001,4.983598976570942,0.0,0.0,0.0,0.7525688321070395
gametes_epistasis_2_way_1000atts_0_4h_edm_1_edm_1_1,budget_100,seed_0,random,0.49927734375000005,14.02440188268445,0.0,0.0,0.0,0.6054112573458967
gametes_epistasis_2_way_1000atts_0_4h_edm_1_edm_1_1,budget_100,seed_1,gain_path_refined,0.49242968749999994,3.0445305952225663,0.0,1.0,0.0,0.8271985148693592
gametes_epistasis_2_way_1000atts_0_4h_edm_1_edm_1_1,budget_100,seed_1,herding,0.46051171874999997,7.32872949703456,0.0,0.0,0.0,0.5937684373385537
gametes_epistasis_2_way_1000atts_0_4h_edm_1_edm_1_1,budget_100,seed_1,histdistill_density,0.49874999999999997,4.566162535131287,0.0,0.0,0.0,0.8024211095322406
gametes_epistasis_2_way_1000atts_0_4h_edm_1_edm_1_1,budget_100,seed_1,histdistill_refined,0.497984375,3.308980137777596,0.0,0.0,0.0,0.7726653183898687
gametes_epistasis_2_way_1000atts_0_4h_edm_1_edm_1_1,budget_100,seed_1,random,0.46911328124999996,8.68510160378068,0.0,0.0,0.0,0.4871149506981423
gametes_epistasis_2_way_1000atts_0_4h_edm_1_edm_1_1,budget_100,seed_2,gain_path_refined,0.45841015625,3.482702964662257,0.0,0.0,0.0,0.7888370760177073
gametes_epistasis_2_way_1000atts_0_4h_edm_1_edm_1_1,budget_100,seed_2,herding,0.46051171874999997,8.312156210479438,0.0,0.0,0.0,0.5461807008057069
gametes_epistasis_2_way_1000atts_0_4h_edm_1_edm_1_1,budget_100,seed_2,histdistill_density,0.44595312499999995,5.45499013744034,0.0,0.0,0.0,0.7717265040386847
gametes_epistasis_2_way_1000atts_0_4h_edm_1_edm_1_1,budget_100,seed_2,histdistill_refined,0.43405468750000004,5.081878112831582,0.0,0.0,0.0,0.7560220079062772
gametes_epistasis_2_way_1000atts_0_4h_edm_1_edm_1_1,budget_100,seed_2,random,0.5007421875,12.275398968099342,0.0,0.0,0.0,0.4088665835329293
gametes_epistasis_2_way_1000atts_0_4h_edm_1_edm_1_1,budget_200,seed_0,gain_path_refined,0.534828125,2.909003533495732,0.0,0.0,0.0,0.8619026530505896
gametes_epistasis_2_way_1000atts_0_4h_edm_1_edm_1_1,budget_200,seed_0,herding,0.48152343749999993,7.743014947119241,0.0,0.0,0.0,0.8010600415954827
gametes_epistasis_2_way_1000atts_0_4h_edm_1_edm_1_1,budget_200,seed_0,histdistill_density,0.5648984375,2.809536259939704,0.0,0.0,0.0,0.8189775272312585
gametes_epistasis_2_way_1000atts_0_4h_edm_1_edm_1_1,budget_200,seed_0,histdistill_refined,0.5426484375,3.5884321153042933,0.0,0.0,0.0,0.830593062421745
gametes_epistasis_2_way_1000atts_0_4h_edm_1_edm_1_1,budget_200,seed_0,random,0.47005859375,6.819216834560957,0.0,0.0,0.0,0.6987555550451091
gametes_epistasis_2_way_1000atts_0_4h_edm_1_edm_1_1,budget_200,seed_1,gain_path_refined,0.49251171875,1.9500696767916397,0.0,0.0,0.0,0.855077865083996
gametes_epistasis_2_way_1000atts_0_4h_edm_1_edm_1_1,budget_200,seed_1,herding,0.48152343749999993,6.180302017672535,0.0,0.0,0.0,0.7640796112168133
gametes_epistasis_2_way_1000atts_0_4h_edm_1_edm_1_1,budget_200,seed_1,histdistill_density,0.49624218749999993,2.508916300746683,0.0,0.0,0.0,0.8235942562913765
gametes_epistasis_2_way_1000atts_0_4h_edm_1_edm_1_1,budget_200,seed_1,histdistill_refined,0.4854453125,4.91017263534539,0.0,0.0,0.0,0.8427796001653686
gametes_epistasis_2_way_1000atts_0_4h_edm_1_edm_1_1,budget_200,seed_1,random,0.46349609375,7.914832872875632,0.0,0.0,0.0,0.6885907059641254
gametes_epistasis_2_way_1000atts_0_4h_edm_1_edm_1_1,budget_200,seed_2,gain_path_refined,0.493265625,2.3243720179094485,0.0,0.0,0.0,0.852805712929541
gametes_epistasis_2_way_1000atts_0_4h_edm_1_edm_1_1,budget_200,seed_2,herding,0.48152343749999993,7.018982044403288,0.0,0.0,0.0,0.7129507654145811
gametes_epistasis_2_way_1000atts_0_4h_edm_1_edm_1_1,budget_200,seed_2,histdistill_density,0.473125,2.7489290851939248,0.0,0.0,0.0,0.8122724393897096
gametes_epistasis_2_way_1000atts_0_4h_edm_1_edm_1_1,budget_200,seed_2,histdistill_refined,0.4907265625,3.409710108257918,0.0,0.0,0.0,0.8082802796312804
gametes_epistasis_2_way_1000atts_0_4h_edm_1_edm_1_1,budget_200,seed_2,random,0.48492187499999995,10.359286054139083,0.0,0.0,0.0,0.6057659409101616
gametes_epistasis_2_way_1000atts_0_4h_edm_1_edm_1_1,budget_25,seed_0,gain_path_refined,0.51387109375,17.446936217426533,0.0,0.0,0.0,0.2945976236050921
gametes_epistasis_2_way_1000atts_0_4h_edm_1_edm_1_1,budget_25,seed_0,herding,0.4879804687499999,23.824801554310103,0.0,0.0,0.0,0.3789354707866421
gametes_epistasis_2_way_1000atts_0_4h_edm_1_edm_1_1,budget_25,seed_0,histdistill_density,0.5156328125,21.20301629095027,0.0,0.0,0.0,0.36495465463992
gametes_epistasis_2_way_1000atts_0_4h_edm_1_edm_1_1,budget_25,seed_0,histdistill_refined,0.510390625,19.60873450975993,0.0,0.0,0.0,0.3723637926187142
gametes_epistasis_2_way_1000atts_0_4h_edm_1_edm_1_1,budget_25,seed_0,random,0.45130078124999995,41.48100607052545,0.0,0.0,0.0,0.2854496325254452
gametes_epistasis_2_way_1000atts_0_4h_edm_1_edm_1_1,budget_25,seed_1,gain_path_refined,0.5019335937499999,8.574930332043413,0.0,0.0,0.0,0.4009227367713056
gametes_epistasis_2_way_1000atts_0_4h_edm_1_edm_1_1,budget_25,seed_1,herding,0.4879804687499999,43.824253419924176,0.0,0.0,0.0,0.3115144439740346
gametes_epistasis_2_way_1000atts_0_4h_edm_1_edm_1_1,budget_25,seed_1,histdistill_density,0.497859375,11.040970144208606,0.0,0.0,0.0,0.3970225170760478
gametes_epistasis_2_way_1000atts_0_4h_edm_1_edm_1_1,budget_25,seed_1,histdistill_refined,0.496890625,9.439286581948242,0.0,0.0,0.0,0.3911135296342442
gametes_epistasis_2_way_1000atts_0_4h_edm_1_edm_1_1,budget_25,seed_1,random,0.47719140624999995,39.949092787610304,0.0,0.0,0.0,0.2014410392310182
gametes_epistasis_2_way_1000atts_0_4h_edm_1_edm_1_1,budget_25,seed_2,gain_path_refined,0.4876875,12.13079264893266,0.0,0.0,0.0,0.5612092689657808
gametes_epistasis_2_way_1000atts_0_4h_edm_1_edm_1_1,budget_25,seed_2,herding,0.4879804687499999,16.36584765693741,0.0,0.0,0.0,0.3395696359191886
gametes_epistasis_2_way_1000atts_0_4h_edm_1_edm_1_1,budget_25,seed_2,histdistill_density,0.49467968749999996,12.615840881393389,0.0,0.0,0.0,0.4762548577091376
gametes_epistasis_2_way_1000atts_0_4h_edm_1_edm_1_1,budget_25,seed_2,histdistill_refined,0.49172656249999996,10.681683375123344,0.0,0.0,0.0,0.4460800234164047
gametes_epistasis_2_way_1000atts_0_4h_edm_1_edm_1_1,budget_25,seed_2,random,0.50830078125,31.319102948026583,0.0,0.0,0.0,0.346666839656235
gametes_epistasis_2_way_1000atts_0_4h_edm_1_edm_1_1,budget_50,seed_0,gain_path_refined,0.47199609374999996,8.143465992816994,0.0,0.0,0.0,0.7161097859917069
gametes_epistasis_2_way_1000atts_0_4h_edm_1_edm_1_1,budget_50,seed_0,herding,0.47562499999999996,13.19308041185205,0.0,0.0,0.0,0.3994690951182797
gametes_epistasis_2_way_1000atts_0_4h_edm_1_edm_1_1,budget_50,seed_0,histdistill_density,0.49672656249999997,7.009422393849984,0.0,0.0,0.0,0.6970623216222879
gametes_epistasis_2_way_1000atts_0_4h_edm_1_edm_1_1,budget_50,seed_0,histdistill_refined,0.5081328125000001,6.00317725419863,0.0,0.0,0.0,0.7002819410528904
gametes_epistasis_2_way_1000atts_0_4h_edm_1_edm_1_1,budget_50,seed_0,random,0.4851875,15.709529921936978,0.0,0.0,0.0,0.4844739641435044
gametes_epistasis_2_way_1000atts_0_4h_edm_1_edm_1_1,budget_50,seed_1,gain_path_refined,0.49977734374999994,7.64901036569593,0.0,0.0,0.0,0.6086174093847281
gametes_epistasis_2_way_1000atts_0_4h_edm_1_edm_1_1,budget_50,seed_1,herding,0.47562499999999996,17.69886983164234,0.0,0.0,0.0,0.44362736692326
gametes_epistasis_2_way_1000atts_0_4h_edm_1_edm_1_1,budget_50,seed_1,histdistill_density,0.5063125,8.195196078985095,0.0,0.0,0.0,0.5905489038447904
gametes_epistasis_2_way_1000atts_0_4h_edm_1_edm_1_1,budget_50,seed_1,histdistill_refined,0.5036171875,8.385792495957869,0.0,0.0,0.0,0.5918951308141298
gametes_epistasis_2_way_1000atts_0_4h_edm_1_edm_1_1,budget_50,seed_1,random,0.48321875,18.452501766305947,0.0,0.0,0.0,0.3108642791917264
gametes_epistasis_2_way_1000atts_0_4h_edm_1_edm_1_1,budget_50,seed_2,gain_path_refined,0.46208984374999995,6.793109233756985,0.0,0.0,0.0,0.5876010271201494
gametes_epistasis_2_way_1000atts_0_4h_edm_1_edm_1_1,budget_50,seed_2,herding,0.47562499999999996,10.232136723738035,0.0,0.0,0.0,0.3502760446902113
gametes_epistasis_2_way_1000atts_0_4h_edm_1_edm_1_1,budget_50,seed_2,histdistill_density,0.46478125,8.966075746716896,0.0,0.0,0.0,0.5297994087165694
gametes_epistasis_2_way_1000atts_0_4h_edm_1_edm_1_1,budget_50,seed_2,histdistill_refined,0.45896875000000004,6.938223430830028,0.0,0.0,0.0,0.5228091624968927
gametes_epistasis_2_way_1000atts_0_4h_edm_1_edm_1_1,budget_50,seed_2,random,0.5008515625,14.735921318085676,0.0,0.0,0.0,0.2831168517828945
gametes_epistasis_2_way_20atts_0_1h_edm_1_1,budget_10,seed_0,gain_path_refined,0.5160820312500001,27.99490725397281,0.0,0.0,0.0,0.2173874601708669
gametes_epistasis_2_way_20atts_0_1h_edm_1_1,budget_10,seed_0,herding,0.5071484374999999,48.75268834811263,0.0,0.0,0.0,0.2183785354765153
gametes_epistasis_2_way_20atts_0_1h_edm_1_1,budget_10,seed_0,histdistill_density,0.51264453125,45.94653659712529,0.0,0.0,0.0,0.2137799276945189
gametes_epistasis_2_way_20atts_0_1h_edm_1_1,budget_10,seed_0,histdistill_refined,0.51109375,44.85950516742884,0.0,0.0,0.0,0.2108218233198209
gametes_epistasis_2_way_20atts_0_1h_edm_1_1,budget_10,seed_0,random,0.48880078125,75.32548906060697,0.0,0.0,0.0,0.3428017452683829
gametes_epistasis_2_way_20atts_0_1h_edm_1_1,budget_10,seed_1,gain_path_refined,0.4987109375,21.824267411752583,0.0,0.0,0.0,0.2537114750139776
gametes_epistasis_2_way_20atts_0_1h_edm_1_1,budget_10,seed_1,herding,0.5071484374999999,48.04678619188362,0.0,0.0,0.0,0.1812246107474726
gametes_epistasis_2_way_20atts_0_1h_edm_1_1,budget_10,seed_1,histdistill_density,0.50297265625,23.98637652027042,0.0,0.0,0.0,0.1769932450860954
gametes_epistasis_2_way_20atts_0_1h_edm_1_1,budget_10,seed_1,histdistill_refined,0.50286328125,24.41891438381365,0.0,0.0,0.0,0.1958796037860901
gametes_epistasis_2_way_20atts_0_1h_edm_1_1,budget_10,seed_1,random,0.490515625,112.58363782195272,0.0,0.0,0.0,0.2779214581994854
gametes_epistasis_2_way_20atts_0_1h_edm_1_1,budget_10,seed_2,gain_path_refined,0.48583203125,22.119945283194934,0.0,0.0,0.0,0.1403444879699677
gametes_epistasis_2_way_20atts_0_1h_edm_1_1,budget_10,seed_2,herding,0.5071484374999999,48.64677783288001,0.0,0.0,0.0,0.25509759662623
gametes_epistasis_2_way_20atts_0_1h_edm_1_1,budget_10,seed_2,histdistill_density,0.4793046875,24.60928987127731,0.0,0.0,0.0,0.3379856234433329
gametes_epistasis_2_way_20atts_0_1h_edm_1_1,budget_10,seed_2,histdistill_refined,0.47808593749999995,22.145814146920628,0.0,0.0,0.0,0.339111741691145
gametes_epistasis_2_way_20atts_0_1h_edm_1_1,budget_10,seed_2,random,0.5170546874999999,113.94255606915478,0.0,0.0,0.0,0.321981197030605
gametes_epistasis_2_way_20atts_0_1h_edm_1_1,budget_100,seed_0,gain_path_refined,0.5999453125,1.763852761897122,0.0,0.0,0.0,0.7653407929399887
gametes_epistasis_2_way_20atts_0_1h_edm_1_1,budget_100,seed_0,herding,0.58475,5.395779799089049,0.0,0.0,0.0,0.4956889063656453
gametes_epistasis_2_way_20atts_0_1h_edm_1_1,budget_100,seed_0,histdistill_density,0.57069921875,1.7700277862231952,0.0,0.0,0.0,0.6798991439113464
gametes_epistasis_2_way_20atts_0_1h_edm_1_1,budget_100,seed_0,histdistill_refined,0.5740351562500001,1.579756282005039,0.0,0.0,0.0,0.6954254667970259
gametes_epistasis_2_way_20atts_0_1h_edm_1_1,budget_100,seed_0,random,0.5297265624999999,6.532834059753339,0.0,0.0,0.0,0.5211497131711449
gametes_epistasis_2_way_20atts_0_1h_edm_1_1,budget_100,seed_1,gain_path_refined,0.5528046874999999,2.882191901450236,0.0,0.0,0.0,0.4874255634796219
gametes_epistasis_2_way_20atts_0_1h_edm_1_1,budget_100,seed_1,herding,0.58475,5.304688720760615,0.0,0.0,0.0,0.3935137882479239
gametes_epistasis_2_way_20atts_0_1h_edm_1_1,budget_100,seed_1,histdistill_density,0.5712343750000001,1.7472045812252488,0.0,0.0,0.0,0.4158377334571178
gametes_epistasis_2_way_20atts_0_1h_edm_1_1,budget_100,seed_1,histdistill_refined,0.556515625,4.05166224430266,0.0,0.0,0.0,0.4649281593760893
gametes_epistasis_2_way_20atts_0_1h_edm_1_1,budget_100,seed_1,random,0.5267851562500001,5.379501965762596,0.0,0.0,0.0,0.600966329743381
gametes_epistasis_2_way_20atts_0_1h_edm_1_1,budget_100,seed_2,gain_path_refined,0.5811171875,2.212456233951031,0.0,0.0,0.0,0.6979165622731626
gametes_epistasis_2_way_20atts_0_1h_edm_1_1,budget_100,seed_2,herding,0.58475,5.386292458211829,0.0,0.0,0.0,0.2676779316400328
gametes_epistasis_2_way_20atts_0_1h_edm_1_1,budget_100,seed_2,histdistill_density,0.5969765625,1.7786539665369072,0.0,0.0,0.0,0.7112813578571656
gametes_epistasis_2_way_20atts_0_1h_edm_1_1,budget_100,seed_2,histdistill_refined,0.59325,1.8682601137929635,0.0,0.0,0.0,0.7123066810665973
gametes_epistasis_2_way_20atts_0_1h_edm_1_1,budget_100,seed_2,random,0.51451171875,18.10120741149744,0.0,0.0,0.0,0.5026808711261734
gametes_epistasis_2_way_20atts_0_1h_edm_1_1,budget_200,seed_0,gain_path_refined,0.6086406249999999,1.8840915405242291,0.0,0.0,0.0,0.7275896416410448
gametes_epistasis_2_way_20atts_0_1h_edm_1_1,budget_200,seed_0,herding,0.56851953125,5.386409743454212,0.0,0.0,0.0,0.5535344155005713
gametes_epistasis_2_way_20atts_0_1h_edm_1_1,budget_200,seed_0,histdistill_density,0.609125,1.9835189402197893,0.0,0.0,0.0,0.7071434463333878
gametes_epistasis_2_way_20atts_0_1h_edm_1_1,budget_200,seed_0,histdistill_refined,0.56962890625,1.987459160885475,0.0,0.0,0.0,0.6829751135396415
gametes_epistasis_2_way_20atts_0_1h_edm_1_1,budget_200,seed_0,random,0.582609375,3.083851667388445,0.0,0.0,0.0,0.5835557544599839
gametes_epistasis_2_way_20atts_0_1h_edm_1_1,budget_200,seed_1,gain_path_refined,0.58255859375,2.206678110528912,0.0,0.0,0.0,0.6052538202481369
gametes_epistasis_2_way_20atts_0_1h_edm_1_1,budget_200,seed_1,herding,0.56851953125,5.304688720760593,0.0,0.0,0.0,0.4364171358434678
gametes_epistasis_2_way_20atts_0_1h_edm_1_1,budget_200,seed_1,histdistill_density,0.602046875,1.5356328315994292,0.0,0.0,0.0,0.6087856556000504
gametes_epistasis_2_way_20atts_0_1h_edm_1_1,budget_200,seed_1,histdistill_refined,0.5878125,2.1121893631700748,0.0,0.0,0.0,0.6955719415412304
gametes_epistasis_2_way_20atts_0_1h_edm_1_1,budget_200,seed_1,random,0.5630976562500001,3.039438041742951,0.0,0.0,0.0,0.556042991884185
gametes_epistasis_2_way_20atts_0_1h_edm_1_1,budget_200,seed_2,gain_path_refined,0.5716796875,1.907113127492272,0.0,0.0,0.0,0.7695331118272397
gametes_epistasis_2_way_20atts_0_1h_edm_1_1,budget_200,seed_2,herding,0.56851953125,5.386292458211829,0.0,0.0,0.0,0.4056666453066279
gametes_epistasis_2_way_20atts_0_1h_edm_1_1,budget_200,seed_2,histdistill_density,0.5668124999999999,1.4383352331629755,0.0,0.0,0.0,0.6769330303412048
gametes_epistasis_2_way_20atts_0_1h_edm_1_1,budget_200,seed_2,histdistill_refined,0.5783125,1.594498734955769,0.0,0.0,0.0,0.7846652047036318
gametes_epistasis_2_way_20atts_0_1h_edm_1_1,budget_200,seed_2,random,0.5702265625,4.201574650595465,0.0,0.0,0.0,0.4536815833181734
gametes_epistasis_2_way_20atts_0_1h_edm_1_1,budget_25,seed_0,gain_path_refined,0.526828125,9.437390750814226,0.0,0.0,0.0,0.2449621299028093
gametes_epistasis_2_way_20atts_0_1h_edm_1_1,budget_25,seed_0,herding,0.5412539062499999,17.200326416685122,0.0,0.0,0.0,0.4832357316315382
gametes_epistasis_2_way_20atts_0_1h_edm_1_1,budget_25,seed_0,histdistill_density,0.5439765624999999,9.438514891948646,0.0,0.0,0.0,0.2366501938657707
gametes_epistasis_2_way_20atts_0_1h_edm_1_1,budget_25,seed_0,histdistill_refined,0.5232421875,8.757206781811327,0.0,0.0,0.0,0.2404467210400879
gametes_epistasis_2_way_20atts_0_1h_edm_1_1,budget_25,seed_0,random,0.45485156250000003,46.95865820193045,0.0,0.0,0.0,0.3200938469661756
gametes_epistasis_2_way_20atts_0_1h_edm_1_1,budget_25,seed_1,gain_path_refined,0.5102421875,7.541075300042448,0.0,0.0,0.0,0.1740342427549013
gametes_epistasis_2_way_20atts_0_1h_edm_1_1,budget_25,seed_1,herding,0.5412539062499999,16.925487620098455,0.0,0.0,0.0,0.3965081727639212
gametes_epistasis_2_way_20atts_0_1h_edm_1_1,budget_25,seed_1,histdistill_density,0.5023085937499999,8.565637944566786,0.0,0.0,0.0,0.3594849833919425
gametes_epistasis_2_way_20atts_0_1h_edm_1_1,budget_25,seed_1,histdistill_refined,0.50353125,7.112883617394084,0.0,0.0,0.0,0.3628861165132978
gametes_epistasis_2_way_20atts_0_1h_edm_1_1,budget_25,seed_1,random,0.50846875,26.0485983744674,0.0,0.0,0.0,0.3161671756096043
gametes_epistasis_2_way_20atts_0_1h_edm_1_1,budget_25,seed_2,gain_path_refined,0.5310312500000001,7.651480944630988,0.0,0.0,0.0,0.2869557797394073
gametes_epistasis_2_way_20atts_0_1h_edm_1_1,budget_25,seed_2,herding,0.5412539062499999,17.164939870338102,0.0,0.0,0.0,0.3454594703884417
gametes_epistasis_2_way_20atts_0_1h_edm_1_1,budget_25,seed_2,histdistill_density,0.5099375,5.609882237113316,0.0,0.0,0.0,0.383329884079705
gametes_epistasis_2_way_20atts_0_1h_edm_1_1,budget_25,seed_2,histdistill_refined,0.5076640625000001,7.891238108804058,0.0,0.0,0.0,0.4045499972498999
gametes_epistasis_2_way_20atts_0_1h_edm_1_1,budget_25,seed_2,random,0.52706640625,46.86680216941404,0.0,0.0,0.0,0.3639420092966918
gametes_epistasis_2_way_20atts_0_1h_edm_1_1,budget_50,seed_0,gain_path_refined,0.5461953125,4.045776786620606,0.0,0.0,0.0,0.3441819753544544
gametes_epistasis_2_way_20atts_0_1h_edm_1_1,budget_50,seed_0,herding,0.5149453125,12.359792212019697,0.0,0.0,0.0,0.5484506434880689
gametes_epistasis_2_way_20atts_0_1h_edm_1_1,budget_50,seed_0,histdistill_density,0.5605156250000001,3.264019366055177,0.0,0.0,0.0,0.4778254875939628
gametes_epistasis_2_way_20atts_0_1h_edm_1_1,budget_50,seed_0,histdistill_refined,0.5762890625,1.7815345142211303,0.0,0.0,0.0,0.4307875827822134
gametes_epistasis_2_way_20atts_0_1h_edm_1_1,budget_50,seed_0,random,0.4673671875,18.184470413608786,0.0,0.0,0.0,0.4015594465679337
gametes_epistasis_2_way_20atts_0_1h_edm_1_1,budget_50,seed_1,gain_path_refined,0.5622617187500001,7.478759034276784,0.0,0.0,0.0,0.3223006793326581
gametes_epistasis_2_way_20atts_0_1h_edm_1_1,budget_50,seed_1,herding,0.5149453125,12.153899212340066,0.0,0.0,0.0,0.3475633359785099
gametes_epistasis_2_way_20atts_0_1h_edm_1_1,budget_50,seed_1,histdistill_density,0.555359375,5.519818728205641,0.0,0.0,0.0,0.4429402594349863
gametes_epistasis_2_way_20atts_0_1h_edm_1_1,budget_50,seed_1,histdistill_refined,0.5646093750000001,5.499430004373954,0.0,0.0,0.0,0.5068477947909555
gametes_epistasis_2_way_20atts_0_1h_edm_1_1,budget_50,seed_1,random,0.4947421875,11.70298808250156,0.0,0.0,0.0,0.4071945766089191
gametes_epistasis_2_way_20atts_0_1h_edm_1_1,budget_50,seed_2,gain_path_refined,0.55587890625,3.209295524549922,0.0,0.0,0.0,0.2723092135182597
gametes_epistasis_2_way_20atts_0_1h_edm_1_1,budget_50,seed_2,herding,0.5149453125,12.334474209256832,0.0,0.0,0.0,0.2663289272478151
gametes_epistasis_2_way_20atts_0_1h_edm_1_1,budget_50,seed_2,histdistill_density,0.5366953125,3.180007560066281,0.0,0.0,0.0,0.3993061010351647
gametes_epistasis_2_way_20atts_0_1h_edm_1_1,budget_50,seed_2,histdistill_refined,0.53406640625,3.1718982877657464,0.0,0.0,0.0,0.3992323739116353
gametes_epistasis_2_way_20atts_0_1h_edm_1_1,budget_50,seed_2,random,0.53499609375,22.543827942387757,0.0,0.0,0.0,0.5475749380949614
gametes_epistasis_2_way_20atts_0_4h_edm_1_1,budget_10,seed_0,gain_path_refined,0.5266992187499999,19.072509265207856,0.0,0.0,0.0,0.3736917125361448
gametes_epistasis_2_way_20atts_0_4h_edm_1_1,budget_10,seed_0,herding,0.5303320312500001,42.18604505082679,0.0,0.0,0.0,0.2261599032872448
gametes_epistasis_2_way_20atts_0_4h_edm_1_1,budget_10,seed_0,histdistill_density,0.51796484375,23.097626650870843,0.0,0.0,0.0,0.3062185147405435
gametes_epistasis_2_way_20atts_0_4h_edm_1_1,budget_10,seed_0,histdistill_refined,0.5251601562499999,25.000675084024945,0.0,0.0,0.0,0.3063817007329446
gametes_epistasis_2_way_20atts_0_4h_edm_1_1,budget_10,seed_0,random,0.5107734374999999,97.21678258149028,0.0,0.0,0.0,0.3908193227597132
gametes_epistasis_2_way_20atts_0_4h_edm_1_1,budget_10,seed_1,gain_path_refined,0.5082695312500001,18.98864908418831,0.0,0.0,0.0,0.2822460224416877
gametes_epistasis_2_way_20atts_0_4h_edm_1_1,budget_10,seed_1,herding,0.5303320312500001,41.97840156435272,0.0,0.0,0.0,0.2478344324089456
gametes_epistasis_2_way_20atts_0_4h_edm_1_1,budget_10,seed_1,histdistill_density,0.49736328125,21.032544109031186,0.0,0.0,0.0,0.258526286192721
gametes_epistasis_2_way_20atts_0_4h_edm_1_1,budget_10,seed_1,histdistill_refined,0.49598828125,21.739339231542527,0.0,0.0,0.0,0.253097274697685
gametes_epistasis_2_way_20atts_0_4h_edm_1_1,budget_10,seed_1,random,0.51041015625,146.67604860191838,0.0,0.0,0.0,0.3835420345726967
gametes_epistasis_2_way_20atts_0_4h_edm_1_1,budget_10,seed_2,gain_path_refined,0.52791796875,20.89497682072903,0.0,0.0,0.0,0.2327106658904653
gametes_epistasis_2_way_20atts_0_4h_edm_1_1,budget_10,seed_2,herding,0.5303320312500001,46.05177422902236,0.0,0.0,0.0,0.1269508134271046
gametes_epistasis_2_way_20atts_0_4h_edm_1_1,budget_10,seed_2,histdistill_density,0.52861328125,23.11935571588836,0.0,0.0,0.0,0.1989237247368626
gametes_epistasis_2_way_20atts_0_4h_edm_1_1,budget_10,seed_2,histdistill_refined,0.5279648437500001,15.292300750190986,0.0,0.0,0.0,0.2039824905012947
gametes_epistasis_2_way_20atts_0_4h_edm_1_1,budget_10,seed_2,random,0.48347656250000004,108.03952252451607,0.0,0.0,0.0,0.4896320075469084
gametes_epistasis_2_way_20atts_0_4h_edm_1_1,budget_100,seed_0,gain_path_refined,0.67722265625,1.1595958662603385,0.0,0.0,0.0,0.5128890264914617
gametes_epistasis_2_way_20atts_0_4h_edm_1_1,budget_100,seed_0,herding,0.70782421875,4.692099498381493,0.0,0.0,0.0,0.3930531735121182
gametes_epistasis_2_way_20atts_0_4h_edm_1_1,budget_100,seed_0,histdistill_density,0.6324921875,2.4818629568776345,0.0,0.0,0.0,0.535151062886225
gametes_epistasis_2_way_20atts_0_4h_edm_1_1,budget_100,seed_0,histdistill_refined,0.7068632812500001,2.499874086259303,0.0,0.0,0.0,0.5482120607165274
gametes_epistasis_2_way_20atts_0_4h_edm_1_1,budget_100,seed_0,random,0.65024609375,9.607400327030438,0.0,0.0,0.0,0.6943124409507367
gametes_epistasis_2_way_20atts_0_4h_edm_1_1,budget_100,seed_1,gain_path_refined,0.6397031249999999,1.0137767612606514,0.0,0.0,0.0,0.4357283836765405
gametes_epistasis_2_way_20atts_0_4h_edm_1_1,budget_100,seed_1,herding,0.70782421875,4.672091016977367,0.0,0.0,0.0,0.4082704182249222
gametes_epistasis_2_way_20atts_0_4h_edm_1_1,budget_100,seed_1,histdistill_density,0.67444140625,0.6408331081006228,0.0,0.0,0.0,0.5686587418437269
gametes_epistasis_2_way_20atts_0_4h_edm_1_1,budget_100,seed_1,histdistill_refined,0.640453125,1.2188870911822791,0.0,0.0,0.0,0.4804970064891863
gametes_epistasis_2_way_20atts_0_4h_edm_1_1,budget_100,seed_1,random,0.6826562500000001,17.384469684440646,0.0,0.0,0.0,0.5408585445624667
gametes_epistasis_2_way_20atts_0_4h_edm_1_1,budget_100,seed_2,gain_path_refined,0.6307031249999999,1.10323601869059,0.0,0.0,0.0,0.5423149993879721
gametes_epistasis_2_way_20atts_0_4h_edm_1_1,budget_100,seed_2,herding,0.70782421875,5.159017490670845,0.0,0.0,0.0,0.4518220269877939
gametes_epistasis_2_way_20atts_0_4h_edm_1_1,budget_100,seed_2,histdistill_density,0.6466015625,1.0304257772724297,0.0,0.0,0.0,0.5813310195005081
gametes_epistasis_2_way_20atts_0_4h_edm_1_1,budget_100,seed_2,histdistill_refined,0.6396796875,1.269075081735581,0.0,0.0,0.0,0.6332640346829006
gametes_epistasis_2_way_20atts_0_4h_edm_1_1,budget_100,seed_2,random,0.6153984375,18.51163765355664,0.0,0.0,0.0,0.5170804189574594
gametes_epistasis_2_way_20atts_0_4h_edm_1_1,budget_200,seed_0,gain_path_refined,0.7125273437499999,0.921568950685474,0.0,0.0,0.0,0.5295620367940872
gametes_epistasis_2_way_20atts_0_4h_edm_1_1,budget_200,seed_0,herding,0.72958203125,1.308104821527138,0.0,0.0,0.0,0.4012357867733198
gametes_epistasis_2_way_20atts_0_4h_edm_1_1,budget_200,seed_0,histdistill_density,0.71694921875,0.6986613649887837,0.0,0.0,0.0,0.5447280626891148
gametes_epistasis_2_way_20atts_0_4h_edm_1_1,budget_200,seed_0,histdistill_refined,0.7281484375,0.6449767801170763,0.0,0.0,0.0,0.5680037241058266
gametes_epistasis_2_way_20atts_0_4h_edm_1_1,budget_200,seed_0,random,0.691171875,3.948538083242543,0.0,0.0,0.0,0.6645948806686853
gametes_epistasis_2_way_20atts_0_4h_edm_1_1,budget_200,seed_1,gain_path_refined,0.6949062500000001,0.9109664801377396,0.0,0.0,0.0,0.5590919350648362
gametes_epistasis_2_way_20atts_0_4h_edm_1_1,budget_200,seed_1,herding,0.72958203125,1.3022016940937071,0.0,0.0,0.0,0.4674035046212835
gametes_epistasis_2_way_20atts_0_4h_edm_1_1,budget_200,seed_1,histdistill_density,0.6812421875,1.2854554908015352,0.0,0.0,0.0,0.5996586236325548
gametes_epistasis_2_way_20atts_0_4h_edm_1_1,budget_200,seed_1,histdistill_refined,0.6865,0.8417463116455097,0.0,0.0,0.0,0.6129257506400806
gametes_epistasis_2_way_20atts_0_4h_edm_1_1,budget_200,seed_1,random,0.6829921874999999,5.079941525814378,0.0,0.0,0.0,0.5356175270944502
gametes_epistasis_2_way_20atts_0_4h_edm_1_1,budget_200,seed_2,gain_path_refined,0.7336601562499999,0.7404527187054357,0.0,0.0,0.0,0.5852732012930492
gametes_epistasis_2_way_20atts_0_4h_edm_1_1,budget_200,seed_2,herding,0.72958203125,1.409587289050925,0.0,0.0,0.0,0.3996485386826804
gametes_epistasis_2_way_20atts_0_4h_edm_1_1,budget_200,seed_2,histdistill_density,0.7403515625000001,0.715580609553254,0.0,0.0,0.0,0.59143455659865
gametes_epistasis_2_way_20atts_0_4h_edm_1_1,budget_200,seed_2,histdistill_refined,0.731,0.6346833530364078,0.0,0.0,0.0,0.5599348281480332
gametes_epistasis_2_way_20atts_0_4h_edm_1_1,budget_200,seed_2,random,0.6328203125,4.089177297260538,0.0,0.0,0.0,0.5932605203392047
gametes_epistasis_2_way_20atts_0_4h_edm_1_1,budget_25,seed_0,gain_path_refined,0.579703125,6.495620025480659,0.0,0.0,0.0,0.2662799511328718
gametes_epistasis_2_way_20atts_0_4h_edm_1_1,budget_25,seed_0,herding,0.5257539062500001,14.764943031900083,0.0,0.0,0.0,0.3407111408753833
gametes_epistasis_2_way_20atts_0_4h_edm_1_1,budget_25,seed_0,histdistill_density,0.572875,4.702774849234398,0.0,0.0,0.0,0.3911878929103179
gametes_epistasis_2_way_20atts_0_4h_edm_1_1,budget_25,seed_0,histdistill_refined,0.5793046875,5.274985644721802,0.0,0.0,0.0,0.3966738495373283
gametes_epistasis_2_way_20atts_0_4h_edm_1_1,budget_25,seed_0,random,0.51005078125,52.19601850411627,0.0,0.0,0.0,0.3084603587145247
gametes_epistasis_2_way_20atts_0_4h_edm_1_1,budget_25,seed_1,gain_path_refined,0.531125,6.453261119648057,0.0,0.0,0.0,0.4528706662786926
gametes_epistasis_2_way_20atts_0_4h_edm_1_1,budget_25,seed_1,herding,0.5257539062500001,14.695567515835922,0.0,0.0,0.0,0.3341746459660127
gametes_epistasis_2_way_20atts_0_4h_edm_1_1,budget_25,seed_1,histdistill_density,0.5253046875,4.651032264769648,0.0,0.0,0.0,0.4294547175073731
gametes_epistasis_2_way_20atts_0_4h_edm_1_1,budget_25,seed_1,histdistill_refined,0.5100781249999999,4.648669969628857,0.0,0.0,0.0,0.4494311990600926
gametes_epistasis_2_way_20atts_0_4h_edm_1_1,budget_25,seed_1,random,0.552015625,45.8982872264094,0.0,0.0,0.0,0.4807381071524831
gametes_epistasis_2_way_20atts_0_4h_edm_1_1,budget_25,seed_2,gain_path_refined,0.5725546875,6.288302334646501,0.0,0.0,0.0,0.2735975296041179
gametes_epistasis_2_way_20atts_0_4h_edm_1_1,budget_25,seed_2,herding,0.5257539062500001,16.199291958748315,0.0,0.0,0.0,0.3074392352249727
gametes_epistasis_2_way_20atts_0_4h_edm_1_1,budget_25,seed_2,histdistill_density,0.5678281249999999,5.728487016060757,0.0,0.0,0.0,0.3164924706318758
gametes_epistasis_2_way_20atts_0_4h_edm_1_1,budget_25,seed_2,histdistill_refined,0.5713984375,5.579633833491645,0.0,0.0,0.0,0.3527196613842282
gametes_epistasis_2_way_20atts_0_4h_edm_1_1,budget_25,seed_2,random,0.4937890625,25.681302925504745,0.0,0.0,0.0,0.4968128315695448
gametes_epistasis_2_way_20atts_0_4h_edm_1_1,budget_50,seed_0,gain_path_refined,0.5643828125,2.6660905198810165,0.0,0.0,0.0,0.2398455236735366
gametes_epistasis_2_way_20atts_0_4h_edm_1_1,budget_50,seed_0,herding,0.5721132812499999,14.75030510178589,0.0,0.0,0.0,0.2835825628061157
gametes_epistasis_2_way_20atts_0_4h_edm_1_1,budget_50,seed_0,histdistill_density,0.5532109375,1.9130398647887836,0.0,0.0,0.0,0.5204702159922946
gametes_epistasis_2_way_20atts_0_4h_edm_1_1,budget_50,seed_0,histdistill_refined,0.56053515625,1.9127202199868,0.0,0.0,0.0,0.5303668648066412
gametes_epistasis_2_way_20atts_0_4h_edm_1_1,budget_50,seed_0,random,0.63164453125,14.818162214344612,0.0,0.0,0.0,0.5247048908237871
gametes_epistasis_2_way_20atts_0_4h_edm_1_1,budget_50,seed_1,gain_path_refined,0.5729374999999999,2.634530852713812,0.0,0.0,0.0,0.4125639806107412
gametes_epistasis_2_way_20atts_0_4h_edm_1_1,budget_50,seed_1,herding,0.5721132812499999,14.666929286076208,0.0,0.0,0.0,0.2910239102162159
gametes_epistasis_2_way_20atts_0_4h_edm_1_1,budget_50,seed_1,histdistill_density,0.571015625,1.9425485793069264,0.0,0.0,0.0,0.4841175650325093
gametes_epistasis_2_way_20atts_0_4h_edm_1_1,budget_50,seed_1,histdistill_refined,0.5721132812499999,2.587396852694664,0.0,0.0,0.0,0.5248730558191497
gametes_epistasis_2_way_20atts_0_4h_edm_1_1,budget_50,seed_1,random,0.6526328125,11.118361471106702,0.0,0.0,0.0,0.4876913153030441
gametes_epistasis_2_way_20atts_0_4h_edm_1_1,budget_50,seed_2,gain_path_refined,0.6150664062500001,2.98901250653249,0.0,0.0,0.0,0.5357602160026146
gametes_epistasis_2_way_20atts_0_4h_edm_1_1,budget_50,seed_2,herding,0.5721132812499999,16.199291958748322,0.0,0.0,0.0,0.3642831503303211
gametes_epistasis_2_way_20atts_0_4h_edm_1_1,budget_50,seed_2,histdistill_density,0.6285624999999999,3.974120579446511,0.0,0.0,0.0,0.5279901105638257
gametes_epistasis_2_way_20atts_0_4h_edm_1_1,budget_50,seed_2,histdistill_refined,0.6245078125,2.809699345477496,0.0,0.0,0.0,0.5278342578265919
gametes_epistasis_2_way_20atts_0_4h_edm_1_1,budget_50,seed_2,random,0.5102421874999999,31.309994257688427,0.0,0.0,0.0,0.4738844064753008
gametes_epistasis_3_way_20atts_0_2h_edm_1_1,budget_10,seed_0,gain_path_refined,0.49495703124999996,22.33738899370101,0.0,0.0,0.0,0.2155906390718398
gametes_epistasis_3_way_20atts_0_2h_edm_1_1,budget_10,seed_0,herding,0.52532421875,22.314595861058475,0.0,0.0,0.0,0.1960462448033249
gametes_epistasis_3_way_20atts_0_2h_edm_1_1,budget_10,seed_0,histdistill_density,0.48837890625,20.79028360135641,0.0,0.0,0.0,0.1511040536341483
gametes_epistasis_3_way_20atts_0_2h_edm_1_1,budget_10,seed_0,histdistill_refined,0.48572265624999994,20.777506426169325,0.0,0.0,0.0,0.1487498646854339
gametes_epistasis_3_way_20atts_0_2h_edm_1_1,budget_10,seed_0,random,0.47752343750000004,86.48939899033209,0.0,0.0,0.0,0.297783366105939
gametes_epistasis_3_way_20atts_0_2h_edm_1_1,budget_10,seed_1,gain_path_refined,0.48638671874999995,22.281321158062127,0.0,0.0,0.0,0.2772236369947894
gametes_epistasis_3_way_20atts_0_2h_edm_1_1,budget_10,seed_1,herding,0.52532421875,22.23925511917723,0.0,0.0,0.0,0.2649077154061611
gametes_epistasis_3_way_20atts_0_2h_edm_1_1,budget_10,seed_1,histdistill_density,0.4869140625,21.15725687282272,0.0,0.0,0.0,0.2390809665694371
gametes_epistasis_3_way_20atts_0_2h_edm_1_1,budget_10,seed_1,histdistill_refined,0.48917578125,22.17732259455184,0.0,0.0,0.0,0.2465794943320088
gametes_epistasis_3_way_20atts_0_2h_edm_1_1,budget_10,seed_1,random,0.5002460937500001,112.51983924619628,0.0,0.0,0.0,0.2503980147163578
gametes_epistasis_3_way_20atts_0_2h_edm_1_1,budget_10,seed_2,gain_path_refined,0.50525,22.332223526461053,0.0,0.0,0.0,0.3294868562588461
gametes_epistasis_3_way_20atts_0_2h_edm_1_1,budget_10,seed_2,herding,0.52532421875,22.31989332956698,0.0,0.0,0.0,0.1996800954947675
gametes_epistasis_3_way_20atts_0_2h_edm_1_1,budget_10,seed_2,histdistill_density,0.50039453125,30.53548752500279,0.0,0.0,0.0,0.2701492502833895
gametes_epistasis_3_way_20atts_0_2h_edm_1_1,budget_10,seed_2,histdistill_refined,0.49853515625,28.243997295176747,0.0,0.0,0.0,0.2515626653645058
gametes_epistasis_3_way_20atts_0_2h_edm_1_1,budget_10,seed_2,random,0.5079374999999999,86.46781790117274,0.0,0.0,0.0,0.3749397537886597
gametes_epistasis_3_way_20atts_0_2h_edm_1_1,budget_100,seed_0,gain_path_refined,0.55590625,3.615575722056451,0.0,0.0,0.0,0.664319667368162
gametes_epistasis_3_way_20atts_0_2h_edm_1_1,budget_100,seed_0,herding,0.5323515624999999,11.63839740447362,0.0,0.0,0.0,0.3429830575665604
gametes_epistasis_3_way_20atts_0_2h_edm_1_1,budget_100,seed_0,histdistill_density,0.5404375,3.753857202023564,0.0,0.0,0.0,0.6702872495924382
gametes_epistasis_3_way_20atts_0_2h_edm_1_1,budget_100,seed_0,histdistill_refined,0.5478984375,3.064840046463549,0.0,0.0,0.0,0.6704515759590949
gametes_epistasis_3_way_20atts_0_2h_edm_1_1,budget_100,seed_0,random,0.48158593750000006,10.414000107218785,0.0,0.0,0.0,0.5969689202825923
gametes_epistasis_3_way_20atts_0_2h_edm_1_1,budget_100,seed_1,gain_path_refined,0.537953125,3.539383054684829,0.0,0.0,0.0,0.5412239715985134
gametes_epistasis_3_way_20atts_0_2h_edm_1_1,budget_100,seed_1,herding,0.5323515624999999,11.625100668929475,0.0,0.0,0.0,0.3646128705253039
gametes_epistasis_3_way_20atts_0_2h_edm_1_1,budget_100,seed_1,histdistill_density,0.5375234375000001,2.385064136369649,0.0,0.0,0.0,0.4824622125038977
gametes_epistasis_3_way_20atts_0_2h_edm_1_1,budget_100,seed_1,histdistill_refined,0.5394609375,3.407131649613553,0.0,0.0,0.0,0.4758069946543037
gametes_epistasis_3_way_20atts_0_2h_edm_1_1,budget_100,seed_1,random,0.5562578125,14.694468105450095,0.0,0.0,0.0,0.4485583591954168
gametes_epistasis_3_way_20atts_0_2h_edm_1_1,budget_100,seed_2,gain_path_refined,0.49240625,2.750877345771924,0.0,0.0,0.0,0.6137249032402593
gametes_epistasis_3_way_20atts_0_2h_edm_1_1,budget_100,seed_2,herding,0.5323515624999999,11.664448500336231,0.0,0.0,0.0,0.3420952162392247
gametes_epistasis_3_way_20atts_0_2h_edm_1_1,budget_100,seed_2,histdistill_density,0.4788124999999999,2.378765074206338,0.0,0.0,0.0,0.5896261879834453
gametes_epistasis_3_way_20atts_0_2h_edm_1_1,budget_100,seed_2,histdistill_refined,0.47531249999999997,3.1887740063985177,0.0,0.0,0.0,0.5602210683200955
gametes_epistasis_3_way_20atts_0_2h_edm_1_1,budget_100,seed_2,random,0.52371875,5.345519596005656,0.0,0.0,0.0,0.4905142044700731
gametes_epistasis_3_way_20atts_0_2h_edm_1_1,budget_200,seed_0,gain_path_refined,0.558234375,3.5744661168574003,0.0,0.0,0.0,0.7641902079923732
gametes_epistasis_3_way_20atts_0_2h_edm_1_1,budget_200,seed_0,herding,0.53703515625,9.57288016845744,0.0,0.0,0.0,0.3703959804104897
gametes_epistasis_3_way_20atts_0_2h_edm_1_1,budget_200,seed_0,histdistill_density,0.53066796875,2.649247918370164,0.0,0.0,0.0,0.7360883797054011
gametes_epistasis_3_way_20atts_0_2h_edm_1_1,budget_200,seed_0,histdistill_refined,0.540015625,2.5577522058022404,0.0,0.0,0.0,0.745417348608838
gametes_epistasis_3_way_20atts_0_2h_edm_1_1,budget_200,seed_0,random,0.490640625,5.7953138261136345,0.0,0.0,0.0,0.4500581186219667
gametes_epistasis_3_way_20atts_0_2h_edm_1_1,budget_200,seed_1,gain_path_refined,0.5329921874999999,4.069808311148889,0.0,0.0,0.0,0.6566732829161526
gametes_epistasis_3_way_20atts_0_2h_edm_1_1,budget_200,seed_1,herding,0.53703515625,9.564063109747597,0.0,0.0,0.0,0.3751769067880707
gametes_epistasis_3_way_20atts_0_2h_edm_1_1,budget_200,seed_1,histdistill_density,0.5296953125,2.681338923115679,0.0,0.0,0.0,0.7333878887070377
gametes_epistasis_3_way_20atts_0_2h_edm_1_1,budget_200,seed_1,histdistill_refined,0.5340624999999999,2.5051257436400847,0.0,0.0,0.0,0.8320785597381343
gametes_epistasis_3_way_20atts_0_2h_edm_1_1,budget_200,seed_1,random,0.5352578125,4.912690233938759,0.0,0.0,0.0,0.5243501170220874
gametes_epistasis_3_way_20atts_0_2h_edm_1_1,budget_200,seed_2,gain_path_refined,0.5416718749999999,3.603799090040448,0.0,0.0,0.0,0.7392814652636758
gametes_epistasis_3_way_20atts_0_2h_edm_1_1,budget_200,seed_2,herding,0.53703515625,9.599773529404883,0.0,0.0,0.0,0.3448977063967241
gametes_epistasis_3_way_20atts_0_2h_edm_1_1,budget_200,seed_2,histdistill_density,0.5202421875,3.1500780544904656,0.0,0.0,0.0,0.6901800327332244
gametes_epistasis_3_way_20atts_0_2h_edm_1_1,budget_200,seed_2,histdistill_refined,0.5338125,2.278170413889593,0.0,0.0,0.0,0.7527004909983634
gametes_epistasis_3_way_20atts_0_2h_edm_1_1,budget_200,seed_2,random,0.5203359375,3.635055443919613,0.0,0.0,0.0,0.542381545396232
gametes_epistasis_3_way_20atts_0_2h_edm_1_1,budget_25,seed_0,gain_path_refined,0.522234375,7.735590242563268,0.0,0.0,0.0,0.2883705993958746
gametes_epistasis_3_way_20atts_0_2h_edm_1_1,budget_25,seed_0,herding,0.51474609375,7.730143105805973,0.0,0.0,0.0,0.3465189880731372
gametes_epistasis_3_way_20atts_0_2h_edm_1_1,budget_25,seed_0,histdistill_density,0.5057734374999999,8.195820649008187,0.0,0.0,0.0,0.3055260562825392
gametes_epistasis_3_way_20atts_0_2h_edm_1_1,budget_25,seed_0,histdistill_refined,0.535328125,11.39726457758704,0.0,0.0,0.0,0.2833985884184034
gametes_epistasis_3_way_20atts_0_2h_edm_1_1,budget_25,seed_0,random,0.474234375,40.595931111038425,0.0,0.0,0.0,0.3089824599451432
gametes_epistasis_3_way_20atts_0_2h_edm_1_1,budget_25,seed_1,gain_path_refined,0.514265625,7.714399741436653,0.0,0.0,0.0,0.3523575813412969
gametes_epistasis_3_way_20atts_0_2h_edm_1_1,budget_25,seed_1,herding,0.51474609375,7.716481791432914,0.0,0.0,0.0,0.3250332840061308
gametes_epistasis_3_way_20atts_0_2h_edm_1_1,budget_25,seed_1,histdistill_density,0.5277617187500001,8.27947135069427,0.0,0.0,0.0,0.3580892299447033
gametes_epistasis_3_way_20atts_0_2h_edm_1_1,budget_25,seed_1,histdistill_refined,0.5304218749999999,7.435375048730363,0.0,0.0,0.0,0.3600097271555529
gametes_epistasis_3_way_20atts_0_2h_edm_1_1,budget_25,seed_1,random,0.5395937500000001,72.04707912744986,0.0,0.0,0.0,0.3019944307673404
gametes_epistasis_3_way_20atts_0_2h_edm_1_1,budget_25,seed_2,gain_path_refined,0.5183789062499999,8.442957309347332,0.0,0.0,0.0,0.331013727850127
gametes_epistasis_3_way_20atts_0_2h_edm_1_1,budget_25,seed_2,herding,0.51474609375,7.71481497391279,0.0,0.0,0.0,0.3563376235451165
gametes_epistasis_3_way_20atts_0_2h_edm_1_1,budget_25,seed_2,histdistill_density,0.52315625,8.084135172664917,0.0,0.0,0.0,0.3512004899492648
gametes_epistasis_3_way_20atts_0_2h_edm_1_1,budget_25,seed_2,histdistill_refined,0.5512382812500001,12.524068132562958,0.0,0.0,0.0,0.3429340019547386
gametes_epistasis_3_way_20atts_0_2h_edm_1_1,budget_25,seed_2,random,0.47640234374999996,53.41014450689055,0.0,0.0,0.0,0.4864677134485677
gametes_epistasis_3_way_20atts_0_2h_edm_1_1,budget_50,seed_0,gain_path_refined,0.54454296875,3.535138433517969,0.0,0.0,0.0,0.5549822339074979
gametes_epistasis_3_way_20atts_0_2h_edm_1_1,budget_50,seed_0,herding,0.5115664062499999,17.320272298426428,0.0,0.0,0.0,0.3007499723062393
gametes_epistasis_3_way_20atts_0_2h_edm_1_1,budget_50,seed_0,histdistill_density,0.5537421874999999,3.631401730564994,0.0,0.0,0.0,0.4232030947627215
gametes_epistasis_3_way_20atts_0_2h_edm_1_1,budget_50,seed_0,histdistill_refined,0.558203125,2.746180936658536,0.0,0.0,0.0,0.4425594060257109
gametes_epistasis_3_way_20atts_0_2h_edm_1_1,budget_50,seed_0,random,0.4742578125,23.763949100409285,0.0,0.0,0.0,0.5439162580908218
gametes_epistasis_3_way_20atts_0_2h_edm_1_1,budget_50,seed_1,gain_path_refined,0.5085625,3.233073746472144,0.0,0.0,0.0,0.3034741830834568
gametes_epistasis_3_way_20atts_0_2h_edm_1_1,budget_50,seed_1,herding,0.5115664062499999,17.253892251564164,0.0,0.0,0.0,0.3225063520519862
gametes_epistasis_3_way_20atts_0_2h_edm_1_1,budget_50,seed_1,histdistill_density,0.5031875,3.401319637658671,0.0,0.0,0.0,0.4248966771045556
gametes_epistasis_3_way_20atts_0_2h_edm_1_1,budget_50,seed_1,histdistill_refined,0.5030546874999999,3.346792465981297,0.0,0.0,0.0,0.4376997457187092
gametes_epistasis_3_way_20atts_0_2h_edm_1_1,budget_50,seed_1,random,0.5821484375,17.941010819852945,0.0,0.0,0.0,0.4454880352096987
gametes_epistasis_3_way_20atts_0_2h_edm_1_1,budget_50,seed_2,gain_path_refined,0.54344140625,3.564487640113976,0.0,0.0,0.0,0.5342688144693897
gametes_epistasis_3_way_20atts_0_2h_edm_1_1,budget_50,seed_2,herding,0.5115664062499999,17.300824131334004,0.0,0.0,0.0,0.2956752621334524
gametes_epistasis_3_way_20atts_0_2h_edm_1_1,budget_50,seed_2,histdistill_density,0.5291718750000001,4.67481284955428,0.0,0.0,0.0,0.5016579308393062
gametes_epistasis_3_way_20atts_0_2h_edm_1_1,budget_50,seed_2,histdistill_refined,0.5303281249999999,3.1423075936941136,0.0,0.0,0.0,0.4776890517859875
gametes_epistasis_3_way_20atts_0_2h_edm_1_1,budget_50,seed_2,random,0.53676171875,17.321162480460487,0.0,0.0,0.0,0.547986094883595
gametes_heterogeneity_20atts_1600_het_0_4_0_2_50_edm_2_001,budget_10,seed_0,gain_path_refined,0.50761328125,21.07151846653518,0.0,0.0,0.0,0.1994919615059031
gametes_heterogeneity_20atts_1600_het_0_4_0_2_50_edm_2_001,budget_10,seed_0,herding,0.5244921875,46.42627702296759,0.0,0.0,0.0,0.2063188776883064
gametes_heterogeneity_20atts_1600_het_0_4_0_2_50_edm_2_001,budget_10,seed_0,histdistill_density,0.50497265625,21.71235863623754,0.0,0.0,0.0,0.2132691116082711
gametes_heterogeneity_20atts_1600_het_0_4_0_2_50_edm_2_001,budget_10,seed_0,histdistill_refined,0.5042500000000001,21.53150375241229,0.0,0.0,0.0,0.2108926258305036
gametes_heterogeneity_20atts_1600_het_0_4_0_2_50_edm_2_001,budget_10,seed_0,random,0.5091406249999999,161.6406002308557,0.0,0.0,0.0,0.2851543588569466
gametes_heterogeneity_20atts_1600_het_0_4_0_2_50_edm_2_001,budget_10,seed_1,gain_path_refined,0.5214296875000001,21.363388442733907,0.0,0.0,0.0,0.2338467295319645
gametes_heterogeneity_20atts_1600_het_0_4_0_2_50_edm_2_001,budget_10,seed_1,herding,0.5244921875,47.03959063439581,0.0,0.0,0.0,0.1812824107395806
gametes_heterogeneity_20atts_1600_het_0_4_0_2_50_edm_2_001,budget_10,seed_1,histdistill_density,0.5225312499999999,25.073388139764592,0.0,0.0,0.0,0.260250913384856
gametes_heterogeneity_20atts_1600_het_0_4_0_2_50_edm_2_001,budget_10,seed_1,histdistill_refined,0.5185000000000001,21.362955028487992,0.0,0.0,0.0,0.2617961531830786
gametes_heterogeneity_20atts_1600_het_0_4_0_2_50_edm_2_001,budget_10,seed_1,random,0.51628515625,119.79481875767844,0.0,0.0,0.0,0.4347671549929359
gametes_heterogeneity_20atts_1600_het_0_4_0_2_50_edm_2_001,budget_10,seed_2,gain_path_refined,0.5429335937499999,21.502045633262124,0.0,0.0,0.0,0.2090889705257889
gametes_heterogeneity_20atts_1600_het_0_4_0_2_50_edm_2_001,budget_10,seed_2,herding,0.5244921875,47.35713967584826,0.0,0.0,0.0,0.2124267537208501
gametes_heterogeneity_20atts_1600_het_0_4_0_2_50_edm_2_001,budget_10,seed_2,histdistill_density,0.52701953125,23.235645261230832,0.0,0.0,0.0,0.1860020647931674
gametes_heterogeneity_20atts_1600_het_0_4_0_2_50_edm_2_001,budget_10,seed_2,histdistill_refined,0.52451171875,26.08338613204756,0.0,0.0,0.0,0.1551779359970981
gametes_heterogeneity_20atts_1600_het_0_4_0_2_50_edm_2_001,budget_10,seed_2,random,0.4965546874999999,83.45776076504927,0.0,0.0,0.0,0.3370810413026637
gametes_heterogeneity_20atts_1600_het_0_4_0_2_50_edm_2_001,budget_100,seed_0,gain_path_refined,0.68211328125,2.6921103672586746,0.0,0.0,0.0,0.632973466833767
gametes_heterogeneity_20atts_1600_het_0_4_0_2_50_edm_2_001,budget_100,seed_0,herding,0.6489609375,10.03317804346668,0.0,0.0,0.0,0.4782953106782946
gametes_heterogeneity_20atts_1600_het_0_4_0_2_50_edm_2_001,budget_100,seed_0,histdistill_density,0.66976171875,2.0868706214657435,0.0,0.0,0.0,0.6075086079884543
gametes_heterogeneity_20atts_1600_het_0_4_0_2_50_edm_2_001,budget_100,seed_0,histdistill_refined,0.67546875,2.1501410363006634,0.0,0.0,0.0,0.6334933183549645
gametes_heterogeneity_20atts_1600_het_0_4_0_2_50_edm_2_001,budget_100,seed_0,random,0.6414921874999999,13.928517586654822,0.0,0.0,0.0,0.5020995526056553
gametes_heterogeneity_20atts_1600_het_0_4_0_2_50_edm_2_001,budget_100,seed_1,gain_path_refined,0.6684257812500001,2.693477032655687,0.0,1.0,0.0,0.5811563184183631
gametes_heterogeneity_20atts_1600_het_0_4_0_2_50_edm_2_001,budget_100,seed_1,herding,0.6489609375,10.200268002303831,0.0,0.0,0.0,0.3691715994529972
gametes_heterogeneity_20atts_1600_het_0_4_0_2_50_edm_2_001,budget_100,seed_1,histdistill_density,0.693984375,2.563813308907932,0.0,0.0,0.0,0.4802144613715622
gametes_heterogeneity_20atts_1600_het_0_4_0_2_50_edm_2_001,budget_100,seed_1,histdistill_refined,0.69191015625,2.2373059861205813,0.0,1.0,0.0,0.4974602661683829
gametes_heterogeneity_20atts_1600_het_0_4_0_2_50_edm_2_001,budget_100,seed_1,random,0.61046484375,7.049424392896917,0.0,0.0,0.0,0.5235273232948764
gametes_heterogeneity_20atts_1600_het_0_4_0_2_50_edm_2_001,budget_100,seed_2,gain_path_refined,0.620625,2.673699088694854,0.0,1.0,0.0,0.6251872618588428
gametes_heterogeneity_20atts_1600_het_0_4_0_2_50_edm_2_001,budget_100,seed_2,herding,0.6489609375,10.257275934998528,0.0,0.0,0.0,0.4234964013844903
gametes_heterogeneity_20atts_1600_het_0_4_0_2_50_edm_2_001,budget_100,seed_2,histdistill_density,0.609421875,2.7875117949548773,0.0,1.0,0.0,0.6343826760014373
gametes_heterogeneity_20atts_1600_het_0_4_0_2_50_edm_2_001,budget_100,seed_2,histdistill_refined,0.6105859375,2.6237837266336403,0.0,0.0,0.0,0.6442816132839174
gametes_heterogeneity_20atts_1600_het_0_4_0_2_50_edm_2_001,budget_100,seed_2,random,0.6848203125000001,12.143140168475922,0.0,0.0,0.0,0.503174702283993
gametes_heterogeneity_20atts_1600_het_0_4_0_2_50_edm_2_001,budget_200,seed_0,gain_path_refined,0.6797968750000001,2.6921103672586755,0.0,0.0,0.0,0.7290695480375837
gametes_heterogeneity_20atts_1600_het_0_4_0_2_50_edm_2_001,budget_200,seed_0,herding,0.68680078125,2.7353867311381204,0.0,0.0,0.0,0.4762601346473737
gametes_heterogeneity_20atts_1600_het_0_4_0_2_50_edm_2_001,budget_200,seed_0,histdistill_density,0.69417578125,2.1901240050297206,0.0,0.0,0.0,0.6582406615611648
gametes_heterogeneity_20atts_1600_het_0_4_0_2_50_edm_2_001,budget_200,seed_0,histdistill_refined,0.70166796875,1.3560443386666805,0.0,0.0,0.0,0.6792759032864347
gametes_heterogeneity_20atts_1600_het_0_4_0_2_50_edm_2_001,budget_200,seed_0,random,0.6382968750000001,3.434101859136905,0.0,0.0,0.0,0.6890463368794278
gametes_heterogeneity_20atts_1600_het_0_4_0_2_50_edm_2_001,budget_200,seed_1,gain_path_refined,0.6840390624999999,2.354943200588219,0.0,1.0,0.0,0.5743815101912926
gametes_heterogeneity_20atts_1600_het_0_4_0_2_50_edm_2_001,budget_200,seed_1,herding,0.68680078125,2.803793290118488,0.0,0.0,0.0,0.4266301567898702
gametes_heterogeneity_20atts_1600_het_0_4_0_2_50_edm_2_001,budget_200,seed_1,histdistill_density,0.6869531249999999,1.3370202756191063,0.0,0.0,0.0,0.4949855318477629
gametes_heterogeneity_20atts_1600_het_0_4_0_2_50_edm_2_001,budget_200,seed_1,histdistill_refined,0.685125,2.628813122798769,0.0,1.0,0.0,0.4858599490404767
gametes_heterogeneity_20atts_1600_het_0_4_0_2_50_edm_2_001,budget_200,seed_1,random,0.62684765625,5.266748807092605,0.0,0.0,0.0,0.5610953581660937
gametes_heterogeneity_20atts_1600_het_0_4_0_2_50_edm_2_001,budget_200,seed_2,gain_path_refined,0.67198828125,2.673699088694855,0.0,1.0,0.0,0.6917064402165698
gametes_heterogeneity_20atts_1600_het_0_4_0_2_50_edm_2_001,budget_200,seed_2,herding,0.68680078125,2.8104271404804675,0.0,0.0,0.0,0.5367661917535391
gametes_heterogeneity_20atts_1600_het_0_4_0_2_50_edm_2_001,budget_200,seed_2,histdistill_density,0.687078125,1.609284765615456,0.0,1.0,0.0,0.6738237542363188
gametes_heterogeneity_20atts_1600_het_0_4_0_2_50_edm_2_001,budget_200,seed_2,histdistill_refined,0.6755820312499999,2.039250547082621,0.0,1.0,0.0,0.6445136196264755
gametes_heterogeneity_20atts_1600_het_0_4_0_2_50_edm_2_001,budget_200,seed_2,random,0.7054609375,3.040292845747993,0.0,1.0,0.0,0.6233071485386991
gametes_heterogeneity_20atts_1600_het_0_4_0_2_50_edm_2_001,budget_25,seed_0,gain_path_refined,0.5650625,7.253892494287919,0.0,0.0,0.0,0.4252271310149341
gametes_heterogeneity_20atts_1600_het_0_4_0_2_50_edm_2_001,budget_25,seed_0,herding,0.56480078125,8.937427731850876,0.0,0.0,0.0,0.2818552512852629
gametes_heterogeneity_20atts_1600_het_0_4_0_2_50_edm_2_001,budget_25,seed_0,histdistill_density,0.5678359375,5.367001879888002,0.0,0.0,0.0,0.4782006714493634
gametes_heterogeneity_20atts_1600_het_0_4_0_2_50_edm_2_001,budget_25,seed_0,histdistill_refined,0.5650234375000001,5.3742222629060965,0.0,0.0,0.0,0.4513280044594784
gametes_heterogeneity_20atts_1600_het_0_4_0_2_50_edm_2_001,budget_25,seed_0,random,0.5072578125,57.34415651005777,0.0,0.0,0.0,0.4158434359487053
gametes_heterogeneity_20atts_1600_het_0_4_0_2_50_edm_2_001,budget_25,seed_1,gain_path_refined,0.5204531250000001,16.49517314664973,0.0,0.0,0.0,0.3480993369701375
gametes_heterogeneity_20atts_1600_het_0_4_0_2_50_edm_2_001,budget_25,seed_1,herding,0.56480078125,9.088978149821502,0.0,0.0,0.0,0.2337956798524698
gametes_heterogeneity_20atts_1600_het_0_4_0_2_50_edm_2_001,budget_25,seed_1,histdistill_density,0.534,12.157740605234691,0.0,0.0,0.0,0.3755533330054422
gametes_heterogeneity_20atts_1600_het_0_4_0_2_50_edm_2_001,budget_25,seed_1,histdistill_refined,0.529015625,12.187836211997034,0.0,0.0,0.0,0.3280574564651804
gametes_heterogeneity_20atts_1600_het_0_4_0_2_50_edm_2_001,budget_25,seed_1,random,0.57308984375,62.94721440876876,0.0,0.0,0.0,0.4020629239414268
gametes_heterogeneity_20atts_1600_het_0_4_0_2_50_edm_2_001,budget_25,seed_2,gain_path_refined,0.5771953125,7.377637930025479,0.0,0.0,0.0,0.4765724474062903
gametes_heterogeneity_20atts_1600_het_0_4_0_2_50_edm_2_001,budget_25,seed_2,herding,0.56480078125,9.138052990324166,0.0,0.0,0.0,0.2599255476818959
gametes_heterogeneity_20atts_1600_het_0_4_0_2_50_edm_2_001,budget_25,seed_2,histdistill_density,0.5875,6.47247631369533,0.0,0.0,0.0,0.5246028929377115
gametes_heterogeneity_20atts_1600_het_0_4_0_2_50_edm_2_001,budget_25,seed_2,histdistill_refined,0.58465625,5.434340785863058,0.0,0.0,0.0,0.5313991779031766
gametes_heterogeneity_20atts_1600_het_0_4_0_2_50_edm_2_001,budget_25,seed_2,random,0.5075234375,35.790448552007184,0.0,0.0,0.0,0.3348610780375675
gametes_heterogeneity_20atts_1600_het_0_4_0_2_50_edm_2_001,budget_50,seed_0,gain_path_refined,0.61991015625,4.000786416635977,0.0,0.0,0.0,0.4801386589361299
gametes_heterogeneity_20atts_1600_het_0_4_0_2_50_edm_2_001,budget_50,seed_0,herding,0.59404296875,7.379657995774491,0.0,0.0,0.0,0.2679472447603765
gametes_heterogeneity_20atts_1600_het_0_4_0_2_50_edm_2_001,budget_50,seed_0,histdistill_density,0.6128750000000001,3.539792537179436,0.0,0.0,0.0,0.4385353736483944
gametes_heterogeneity_20atts_1600_het_0_4_0_2_50_edm_2_001,budget_50,seed_0,histdistill_refined,0.62514453125,3.972554617883088,0.0,0.0,0.0,0.5100618182282616
gametes_heterogeneity_20atts_1600_het_0_4_0_2_50_edm_2_001,budget_50,seed_0,random,0.5363085937500001,18.47387874017996,0.0,0.0,0.0,0.4911912116313666
gametes_heterogeneity_20atts_1600_het_0_4_0_2_50_edm_2_001,budget_50,seed_1,gain_path_refined,0.6145390625,4.268018545575186,0.0,1.0,0.0,0.549662498578809
gametes_heterogeneity_20atts_1600_het_0_4_0_2_50_edm_2_001,budget_50,seed_1,herding,0.59404296875,7.5094635919244705,0.0,0.0,0.0,0.2155903291485109
gametes_heterogeneity_20atts_1600_het_0_4_0_2_50_edm_2_001,budget_50,seed_1,histdistill_density,0.64432421875,4.108309070624149,0.0,1.0,0.0,0.5195935112762828
gametes_heterogeneity_20atts_1600_het_0_4_0_2_50_edm_2_001,budget_50,seed_1,histdistill_refined,0.6367382812500001,3.1415444155024934,0.0,1.0,0.0,0.5030874086809289
gametes_heterogeneity_20atts_1600_het_0_4_0_2_50_edm_2_001,budget_50,seed_1,random,0.56485546875,22.197939914269988,0.0,0.0,0.0,0.5749359223481622
gametes_heterogeneity_20atts_1600_het_0_4_0_2_50_edm_2_001,budget_50,seed_2,gain_path_refined,0.66084375,3.395213189681157,0.0,0.0,0.0,0.5861245798152487
gametes_heterogeneity_20atts_1600_het_0_4_0_2_50_edm_2_001,budget_50,seed_2,herding,0.59404296875,7.547437982687077,0.0,0.0,0.0,0.2371772934404496
gametes_heterogeneity_20atts_1600_het_0_4_0_2_50_edm_2_001,budget_50,seed_2,histdistill_density,0.62805078125,3.209475022282667,0.0,0.0,0.0,0.5469887070511706
gametes_heterogeneity_20atts_1600_het_0_4_0_2_50_edm_2_001,budget_50,seed_2,histdistill_refined,0.61144140625,2.18191830915508,0.0,0.0,0.0,0.5578632340303192
gametes_heterogeneity_20atts_1600_het_0_4_0_2_50_edm_2_001,budget_50,seed_2,random,0.6057734375,20.50468009925072,0.0,0.0,0.0,0.3792197168204021
gametes_heterogeneity_20atts_1600_het_0_4_0_2_75_edm_2_001,budget_10,seed_0,gain_path_refined,0.4818359375,21.056751113633556,0.0,0.0,0.0,0.2616416954346762
gametes_heterogeneity_20atts_1600_het_0_4_0_2_75_edm_2_001,budget_10,seed_0,herding,0.49758593749999996,27.43890277993341,0.0,0.0,0.0,0.2097125578139377
gametes_heterogeneity_20atts_1600_het_0_4_0_2_75_edm_2_001,budget_10,seed_0,histdistill_density,0.4874843749999999,15.049370418874917,0.0,0.0,0.0,0.3355601157548608
gametes_heterogeneity_20atts_1600_het_0_4_0_2_75_edm_2_001,budget_10,seed_0,histdistill_refined,0.48734765625,19.21956168866194,0.0,0.0,0.0,0.2811950525089061
gametes_heterogeneity_20atts_1600_het_0_4_0_2_75_edm_2_001,budget_10,seed_0,random,0.48744531250000006,84.22985865511201,0.0,0.0,0.0,0.2817627888547021
gametes_heterogeneity_20atts_1600_het_0_4_0_2_75_edm_2_001,budget_10,seed_1,gain_path_refined,0.5068203125,26.8032345953994,0.0,0.0,0.0,0.2309471358706326
gametes_heterogeneity_20atts_1600_het_0_4_0_2_75_edm_2_001,budget_10,seed_1,herding,0.49758593749999996,26.8032345953994,0.0,0.0,0.0,0.2234427997284657
gametes_heterogeneity_20atts_1600_het_0_4_0_2_75_edm_2_001,budget_10,seed_1,histdistill_density,0.50216796875,24.568714995000757,0.0,0.0,0.0,0.3240566524278769
gametes_heterogeneity_20atts_1600_het_0_4_0_2_75_edm_2_001,budget_10,seed_1,histdistill_refined,0.5099375,29.234673799302,0.0,0.0,0.0,0.3230270295118806
gametes_heterogeneity_20atts_1600_het_0_4_0_2_75_edm_2_001,budget_10,seed_1,random,0.489234375,143.5358179895206,0.0,0.0,0.0,0.3559871716946919
gametes_heterogeneity_20atts_1600_het_0_4_0_2_75_edm_2_001,budget_10,seed_2,gain_path_refined,0.49265625,21.83911089893024,0.0,0.0,0.0,0.1921382195259805
gametes_heterogeneity_20atts_1600_het_0_4_0_2_75_edm_2_001,budget_10,seed_2,herding,0.49758593749999996,27.600412178147742,0.0,0.0,0.0,0.2748171666377216
gametes_heterogeneity_20atts_1600_het_0_4_0_2_75_edm_2_001,budget_10,seed_2,histdistill_density,0.4922890625,24.085632217256283,0.0,0.0,0.0,0.2331752697092772
gametes_heterogeneity_20atts_1600_het_0_4_0_2_75_edm_2_001,budget_10,seed_2,histdistill_refined,0.494765625,23.31175554101245,0.0,0.0,0.0,0.2086702443085672
gametes_heterogeneity_20atts_1600_het_0_4_0_2_75_edm_2_001,budget_10,seed_2,random,0.494828125,84.65448465086541,0.0,0.0,0.0,0.4323809633553679
gametes_heterogeneity_20atts_1600_het_0_4_0_2_75_edm_2_001,budget_100,seed_0,gain_path_refined,0.613640625,3.195362870994844,0.0,0.0,0.0,0.6667654186292665
gametes_heterogeneity_20atts_1600_het_0_4_0_2_75_edm_2_001,budget_100,seed_0,herding,0.61490625,8.030715035547539,0.0,0.0,0.0,0.4140398478024005
gametes_heterogeneity_20atts_1600_het_0_4_0_2_75_edm_2_001,budget_100,seed_0,histdistill_density,0.5996484375,2.559183368688943,0.0,0.0,0.0,0.7014836990492482
gametes_heterogeneity_20atts_1600_het_0_4_0_2_75_edm_2_001,budget_100,seed_0,histdistill_refined,0.60909375,3.800015617306496,0.0,0.0,0.0,0.6920090798434057
gametes_heterogeneity_20atts_1600_het_0_4_0_2_75_edm_2_001,budget_100,seed_0,random,0.634859375,11.87442341564626,0.0,0.0,0.0,0.662872628918167
gametes_heterogeneity_20atts_1600_het_0_4_0_2_75_edm_2_001,budget_100,seed_1,gain_path_refined,0.6593671875,3.4177170256517937,0.0,0.0,0.0,0.6766629458305328
gametes_heterogeneity_20atts_1600_het_0_4_0_2_75_edm_2_001,budget_100,seed_1,herding,0.61490625,7.836612311683573,0.0,0.0,0.0,0.3948351157234336
gametes_heterogeneity_20atts_1600_het_0_4_0_2_75_edm_2_001,budget_100,seed_1,histdistill_density,0.634828125,4.321896198779887,0.0,0.0,0.0,0.6829292364378063
gametes_heterogeneity_20atts_1600_het_0_4_0_2_75_edm_2_001,budget_100,seed_1,histdistill_refined,0.6423593750000001,3.24570125953784,0.0,0.0,0.0,0.6968779813797413
gametes_heterogeneity_20atts_1600_het_0_4_0_2_75_edm_2_001,budget_100,seed_1,random,0.6392109375,5.228524505796379,0.0,0.0,0.0,0.6594173139943734
gametes_heterogeneity_20atts_1600_het_0_4_0_2_75_edm_2_001,budget_100,seed_2,gain_path_refined,0.6242265625,2.626622262387332,0.0,0.0,0.0,0.6970026215399235
gametes_heterogeneity_20atts_1600_het_0_4_0_2_75_edm_2_001,budget_100,seed_2,herding,0.61490625,8.059676187988172,0.0,0.0,0.0,0.3760444686065381
gametes_heterogeneity_20atts_1600_het_0_4_0_2_75_edm_2_001,budget_100,seed_2,histdistill_density,0.6165859375,2.9314338481677185,0.0,0.0,0.0,0.7032601901503438
gametes_heterogeneity_20atts_1600_het_0_4_0_2_75_edm_2_001,budget_100,seed_2,histdistill_refined,0.6325000000000001,2.532763883227172,0.0,0.0,0.0,0.6807579695364674
gametes_heterogeneity_20atts_1600_het_0_4_0_2_75_edm_2_001,budget_100,seed_2,random,0.62409765625,16.856128848093366,0.0,0.0,0.0,0.5552250067097139
gametes_heterogeneity_20atts_1600_het_0_4_0_2_75_edm_2_001,budget_200,seed_0,gain_path_refined,0.6656953124999999,2.7898686862989868,0.0,0.0,0.0,0.7168319839025248
gametes_heterogeneity_20atts_1600_het_0_4_0_2_75_edm_2_001,budget_200,seed_0,herding,0.6368203124999999,3.965540624113925,0.0,0.0,0.0,0.5642885451633619
gametes_heterogeneity_20atts_1600_het_0_4_0_2_75_edm_2_001,budget_200,seed_0,histdistill_density,0.6794179687499999,2.056359860253492,0.0,0.0,0.0,0.7681350133236832
gametes_heterogeneity_20atts_1600_het_0_4_0_2_75_edm_2_001,budget_200,seed_0,histdistill_refined,0.6934453125,1.845746879027972,0.0,0.0,0.0,0.696220021712669
gametes_heterogeneity_20atts_1600_het_0_4_0_2_75_edm_2_001,budget_200,seed_0,random,0.65325,6.554719659326132,0.0,0.0,0.0,0.6751797101600381
gametes_heterogeneity_20atts_1600_het_0_4_0_2_75_edm_2_001,budget_200,seed_1,gain_path_refined,0.6707421874999999,2.7321289031511973,0.0,0.0,0.0,0.642904165103997
gametes_heterogeneity_20atts_1600_het_0_4_0_2_75_edm_2_001,budget_200,seed_1,herding,0.6368203124999999,3.879765706338484,0.0,0.0,0.0,0.4426211263244078
gametes_heterogeneity_20atts_1600_het_0_4_0_2_75_edm_2_001,budget_200,seed_1,histdistill_density,0.679546875,2.446215975827885,0.0,0.0,0.0,0.6251603776688489
gametes_heterogeneity_20atts_1600_het_0_4_0_2_75_edm_2_001,budget_200,seed_1,histdistill_refined,0.675421875,2.747921631951157,0.0,0.0,0.0,0.6241734381682401
gametes_heterogeneity_20atts_1600_het_0_4_0_2_75_edm_2_001,budget_200,seed_1,random,0.64787890625,6.082689312059816,0.0,0.0,0.0,0.5276174670867141
gametes_heterogeneity_20atts_1600_het_0_4_0_2_75_edm_2_001,budget_200,seed_2,gain_path_refined,0.6342265625,2.7961493436924627,0.0,0.0,0.0,0.6878076120166482
gametes_heterogeneity_20atts_1600_het_0_4_0_2_75_edm_2_001,budget_200,seed_2,herding,0.6368203124999999,3.9779345062618847,0.0,0.0,0.0,0.4504316980166884
gametes_heterogeneity_20atts_1600_het_0_4_0_2_75_edm_2_001,budget_200,seed_2,histdistill_density,0.6458398437499999,1.99717888896706,0.0,0.0,0.0,0.6292397276046978
gametes_heterogeneity_20atts_1600_het_0_4_0_2_75_edm_2_001,budget_200,seed_2,histdistill_refined,0.6443046875,2.1073298345207485,0.0,0.0,0.0,0.6196335164654407
gametes_heterogeneity_20atts_1600_het_0_4_0_2_75_edm_2_001,budget_200,seed_2,random,0.6233203125,5.621789296226116,0.0,0.0,0.0,0.5535058035236717
gametes_heterogeneity_20atts_1600_het_0_4_0_2_75_edm_2_001,budget_25,seed_0,gain_path_refined,0.5436640624999999,7.496007452251654,0.0,0.0,0.0,0.2707028278650961
gametes_heterogeneity_20atts_1600_het_0_4_0_2_75_edm_2_001,budget_25,seed_0,herding,0.5623828124999999,26.702737286528773,0.0,0.0,0.0,0.4094296139197285
gametes_heterogeneity_20atts_1600_het_0_4_0_2_75_edm_2_001,budget_25,seed_0,histdistill_density,0.5496015625,7.254543887495621,0.0,0.0,0.0,0.3869417379256316
gametes_heterogeneity_20atts_1600_het_0_4_0_2_75_edm_2_001,budget_25,seed_0,histdistill_refined,0.54965625,9.760270421613944,0.0,0.0,0.0,0.3676311487065681
gametes_heterogeneity_20atts_1600_het_0_4_0_2_75_edm_2_001,budget_25,seed_0,random,0.49922656249999997,29.696533211908346,0.0,0.0,0.0,0.3808152602349204
gametes_heterogeneity_20atts_1600_het_0_4_0_2_75_edm_2_001,budget_25,seed_1,gain_path_refined,0.5566875,7.28481371130235,0.0,0.0,0.0,0.3903662592917032
gametes_heterogeneity_20atts_1600_het_0_4_0_2_75_edm_2_001,budget_25,seed_1,herding,0.5623828124999999,26.0364504745461,0.0,0.0,0.0,0.4501303888821728
gametes_heterogeneity_20atts_1600_het_0_4_0_2_75_edm_2_001,budget_25,seed_1,histdistill_density,0.5965468749999999,5.77577879284613,0.0,0.0,0.0,0.4293337744827623
gametes_heterogeneity_20atts_1600_het_0_4_0_2_75_edm_2_001,budget_25,seed_1,histdistill_refined,0.5787578124999999,7.4035218446780435,0.0,0.0,0.0,0.4358373234277056
gametes_heterogeneity_20atts_1600_het_0_4_0_2_75_edm_2_001,budget_25,seed_1,random,0.512625,22.336433908655177,0.0,0.0,0.0,0.5613286654240892
gametes_heterogeneity_20atts_1600_het_0_4_0_2_75_edm_2_001,budget_25,seed_2,gain_path_refined,0.5088515625,7.50107048793908,0.0,0.0,0.0,0.4323532015929528
gametes_heterogeneity_20atts_1600_het_0_4_0_2_75_edm_2_001,budget_25,seed_2,herding,0.5623828124999999,26.834676489933205,0.0,0.0,0.0,0.4636188275267515
gametes_heterogeneity_20atts_1600_het_0_4_0_2_75_edm_2_001,budget_25,seed_2,histdistill_density,0.5176562499999999,5.484470380837194,0.0,0.0,0.0,0.3624882941894636
gametes_heterogeneity_20atts_1600_het_0_4_0_2_75_edm_2_001,budget_25,seed_2,histdistill_refined,0.5152304687499999,5.479754722770655,0.0,0.0,0.0,0.409072602202462
gametes_heterogeneity_20atts_1600_het_0_4_0_2_75_edm_2_001,budget_25,seed_2,random,0.49280078125,77.30050781049162,0.0,0.0,0.0,0.4514922172813477
gametes_heterogeneity_20atts_1600_het_0_4_0_2_75_edm_2_001,budget_50,seed_0,gain_path_refined,0.56153515625,7.451212114423293,0.0,0.0,0.0,0.5829347095705143
gametes_heterogeneity_20atts_1600_het_0_4_0_2_75_edm_2_001,budget_50,seed_0,herding,0.58505859375,13.068884179475898,0.0,0.0,0.0,0.3935467128774295
gametes_heterogeneity_20atts_1600_het_0_4_0_2_75_edm_2_001,budget_50,seed_0,histdistill_density,0.5486328125,5.473986017514212,0.0,0.0,0.0,0.536471438505757
gametes_heterogeneity_20atts_1600_het_0_4_0_2_75_edm_2_001,budget_50,seed_0,histdistill_refined,0.5582421875,5.4502102543936015,0.0,0.0,0.0,0.5312424139971875
gametes_heterogeneity_20atts_1600_het_0_4_0_2_75_edm_2_001,budget_50,seed_0,random,0.60453125,13.018630643445816,0.0,0.0,0.0,0.3903337043508936
gametes_heterogeneity_20atts_1600_het_0_4_0_2_75_edm_2_001,budget_50,seed_1,gain_path_refined,0.55321875,7.284813711302351,0.0,0.0,0.0,0.4189804487825956
gametes_heterogeneity_20atts_1600_het_0_4_0_2_75_edm_2_001,budget_50,seed_1,herding,0.58505859375,12.749325993548943,0.0,0.0,0.0,0.4351560614254645
gametes_heterogeneity_20atts_1600_het_0_4_0_2_75_edm_2_001,budget_50,seed_1,histdistill_density,0.5511835937499999,7.360683237581483,0.0,0.0,0.0,0.4492989666350497
gametes_heterogeneity_20atts_1600_het_0_4_0_2_75_edm_2_001,budget_50,seed_1,histdistill_refined,0.55112109375,7.768735407798544,0.0,0.0,0.0,0.4622060524473413
gametes_heterogeneity_20atts_1600_het_0_4_0_2_75_edm_2_001,budget_50,seed_1,random,0.5358046875,26.442228193014746,0.0,0.0,0.0,0.5527569269149262
gametes_heterogeneity_20atts_1600_het_0_4_0_2_75_edm_2_001,budget_50,seed_2,gain_path_refined,0.6396875,4.522347120439644,0.0,0.0,0.0,0.4310591797378082
gametes_heterogeneity_20atts_1600_het_0_4_0_2_75_edm_2_001,budget_50,seed_2,herding,0.58505859375,13.125204053555098,0.0,0.0,0.0,0.3705309138013424
gametes_heterogeneity_20atts_1600_het_0_4_0_2_75_edm_2_001,budget_50,seed_2,histdistill_density,0.64466015625,3.4299337783653945,0.0,0.0,0.0,0.4115705619529669
gametes_heterogeneity_20atts_1600_het_0_4_0_2_75_edm_2_001,budget_50,seed_2,histdistill_refined,0.64955078125,3.145894815994226,0.0,0.0,0.0,0.4588303530810496
gametes_heterogeneity_20atts_1600_het_0_4_0_2_75_edm_2_001,budget_50,seed_2,random,0.5770625,13.096048408298342,0.0,0.0,0.0,0.5317430345363369
hill_valley_with_noise,budget_10,seed_0,gain_path_refined,0.5083389784582035,15.909087932739242,0.0,0.0,0.0,0.3021065130338772
hill_valley_with_noise,budget_10,seed_0,herding,0.5016732150115161,0.2583694932770416,0.0,0.0,0.0,-0.0233617628847619
hill_valley_with_noise,budget_10,seed_0,histdistill_density,0.5087183308494784,11.987086442789565,0.0,0.0,0.0,0.0164574045441765
hill_valley_with_noise,budget_10,seed_0,histdistill_refined,0.5250779027232082,12.001082939171855,0.0,0.0,0.0,0.2117631955180507
hill_valley_with_noise,budget_10,seed_0,random,0.5015783769136973,35.73529355545648,0.0,0.0,0.0,0.1528753628849742
hill_valley_with_noise,budget_10,seed_1,gain_path_refined,0.4871697601950955,16.091283265889068,0.0,0.0,0.0,-0.0469874296150129
hill_valley_with_noise,budget_10,seed_1,herding,0.5016732150115161,3.6577163459328954,0.0,0.0,0.0,-0.041311625521144
hill_valley_with_noise,budget_10,seed_1,histdistill_density,0.498157431242379,13.310529179281067,0.0,0.0,0.0,0.0065381582863057
hill_valley_with_noise,budget_10,seed_1,histdistill_refined,0.49391681343991334,12.36292645281139,0.0,0.0,0.0,-0.0222002870099877
hill_valley_with_noise,budget_10,seed_1,random,0.5227137244275843,35.65210846447128,0.0,0.0,0.0,0.1334736709223658
hill_valley_with_noise,budget_10,seed_2,gain_path_refined,0.48931039154586103,16.052186544454266,0.0,0.0,0.0,0.0221418553494329
hill_valley_with_noise,budget_10,seed_2,herding,0.5016732150115161,3.620350501363865,0.0,0.0,0.0,-0.0204589613286154
hill_valley_with_noise,budget_10,seed_2,histdistill_density,0.4776859504132231,39.7694242859253,0.0,0.0,0.0,-0.0098924215987616
hill_valley_with_noise,budget_10,seed_2,histdistill_refined,0.48819265682156887,16.47557482546799,0.0,0.0,0.0,-0.2800956848223738
hill_valley_with_noise,budget_10,seed_2,random,0.4919184392358759,30.459469373824984,0.0,0.0,0.0,-0.0638469723486247
hill_valley_with_noise,budget_100,seed_0,gain_path_refined,0.5606354152553854,2.055891986451569,0.0,1.0,0.0,0.2100599407743574
hill_valley_with_noise,budget_100,seed_0,herding,0.5133247527435307,17.70736444502321,0.0,0.0,0.0,0.255283916035218
hill_valley_with_noise,budget_100,seed_0,histdistill_density,0.5548706137379759,2.1806112855462607,0.0,0.0,0.0,0.3218450926674852
hill_valley_with_noise,budget_100,seed_0,histdistill_refined,0.543869394391004,2.0534486424390184,0.0,0.0,0.0,0.2353094353338813
hill_valley_with_noise,budget_100,seed_0,random,0.5444113263785395,5.21047964836324,0.0,0.0,0.0,-0.0213334598698909
hill_valley_with_noise,budget_100,seed_1,gain_path_refined,0.513053786749763,2.028491769010139,0.0,0.0,0.0,-0.117452980805767
hill_valley_with_noise,budget_100,seed_1,herding,0.5133247527435307,17.753329134987123,0.0,0.0,0.0,0.0286148170346572
hill_valley_with_noise,budget_100,seed_1,histdistill_density,0.5139818452784176,2.014173285604863,0.0,0.0,0.0,-0.0717081520668609
hill_valley_with_noise,budget_100,seed_1,histdistill_refined,0.47242243598428396,1.4164353794677214,0.0,0.0,0.0,0.0895912440841889
hill_valley_with_noise,budget_100,seed_1,random,0.524928871426636,3.840729418339556,0.0,0.0,0.0,0.3006297241142279
hill_valley_with_noise,budget_100,seed_2,gain_path_refined,0.5073296301314185,2.164064256605822,0.0,0.0,0.0,-0.3230257546186067
hill_valley_with_noise,budget_100,seed_2,herding,0.5133247527435307,17.761043133435273,0.0,0.0,0.0,-0.043713696994351
hill_valley_with_noise,budget_100,seed_2,histdistill_density,0.49108521880503997,2.223058745459972,0.0,0.0,0.0,-0.3353933296745869
hill_valley_with_noise,budget_100,seed_2,histdistill_refined,0.5282617531499796,2.759864388702687,0.0,0.0,0.0,-0.536491677194043
hill_valley_with_noise,budget_100,seed_2,random,0.5519103102560629,13.760227315953028,0.0,0.0,0.0,-0.6127756431502425
hill_valley_with_noise,budget_200,seed_0,gain_path_refined,0.5205053515783769,2.456271559531037,0.0,0.0,0.0,0.2306080021976906
hill_valley_with_noise,budget_200,seed_0,herding,0.6293930361739601,5.590242750138684,0.0,1.0,0.0,0.2323426269364313
hill_valley_with_noise,budget_200,seed_0,histdistill_density,0.55584609131554,1.6945897740899378,0.0,0.0,0.0,0.2489639811989284
hill_valley_with_noise,budget_200,seed_0,histdistill_refined,0.5434629454003523,1.5754578474894905,0.0,0.0,0.0,0.3319619636507953
hill_valley_with_noise,budget_200,seed_0,random,0.5475138870071806,3.73102033334019,0.0,1.0,0.0,0.0161320824799906
hill_valley_with_noise,budget_200,seed_1,gain_path_refined,0.5456442216501829,2.092628382444194,0.0,0.0,0.0,-0.0686172075572248
hill_valley_with_noise,budget_200,seed_1,herding,0.6293930361739601,5.591647269096005,0.0,1.0,0.0,0.003081868871531
hill_valley_with_noise,budget_200,seed_1,histdistill_density,0.5257688660073161,1.423813280833441,0.0,0.0,0.0,-0.0911321282578742
hill_valley_with_noise,budget_200,seed_1,histdistill_refined,0.5381316894729712,1.7827780572250125,0.0,0.0,0.0,-0.006954524615659
hill_valley_with_noise,budget_200,seed_1,random,0.539134263649912,2.54282526184532,0.0,0.0,0.0,0.4549264727036706
hill_valley_with_noise,budget_200,seed_2,gain_path_refined,0.5618818588267173,1.4746733417680766,0.0,0.0,0.0,-0.3630012226276687
hill_valley_with_noise,budget_200,seed_2,herding,0.6293930361739601,4.006735395446597,0.0,0.0,0.0,-0.2868846727887671
hill_valley_with_noise,budget_200,seed_2,histdistill_density,0.5429752066115703,5.8606088271777335,0.0,0.0,0.0,-0.5821947915992897
hill_valley_with_noise,budget_200,seed_2,histdistill_refined,0.5473038883620106,2.1882278874183725,0.0,0.0,0.0,0.0293827281919725
hill_valley_with_noise,budget_200,seed_2,random,0.5149505487061374,6.633956063464692,0.0,0.0,0.0,-0.7054723116583141
hill_valley_with_noise,budget_25,seed_0,gain_path_refined,0.5360655737704918,5.335840954457122,0.0,0.0,0.0,0.2534637886839542
hill_valley_with_noise,budget_25,seed_0,herding,0.513785394932936,12.693930709626962,0.0,0.0,0.0,-0.0112112928820227
hill_valley_with_noise,budget_25,seed_0,histdistill_density,0.5132773336946213,7.9770521309863005,0.0,0.0,0.0,0.227663290427853
hill_valley_with_noise,budget_25,seed_0,histdistill_refined,0.5201869665356997,7.759431478558555,0.0,0.0,0.0,0.2847565103661801
hill_valley_with_noise,budget_25,seed_0,random,0.49004877387887824,12.342903603859677,0.0,0.0,0.0,0.2691409830482339
hill_valley_with_noise,budget_25,seed_1,gain_path_refined,0.4859775098225173,5.378529171083124,0.0,0.0,0.0,-0.0226072952365951
hill_valley_with_noise,budget_25,seed_1,herding,0.513785394932936,12.739165497004496,0.0,0.0,0.0,0.3664497596212194
hill_valley_with_noise,budget_25,seed_1,histdistill_density,0.4826581763988619,18.16818173796583,0.0,0.0,0.0,-0.1103234356704161
hill_valley_with_noise,budget_25,seed_1,histdistill_refined,0.47664273133721713,7.039970989662329,0.0,0.0,0.0,-0.0242366788561222
hill_valley_with_noise,budget_25,seed_1,random,0.5152418371494377,19.366796056116492,0.0,0.0,0.0,-0.1915479937840327
hill_valley_with_noise,budget_25,seed_2,gain_path_refined,0.5210879284649776,5.363169049597982,0.0,0.0,0.0,-0.3653337809139851
hill_valley_with_noise,budget_25,seed_2,herding,0.513785394932936,12.714076508479694,0.0,0.0,0.0,0.4675335530413781
hill_valley_with_noise,budget_25,seed_2,histdistill_density,0.5369191166508603,5.728700768450626,0.0,0.0,0.0,-0.476040315940007
hill_valley_with_noise,budget_25,seed_2,histdistill_refined,0.5120918574718873,4.599377276169985,0.0,0.0,0.0,-0.1396397972006237
hill_valley_with_noise,budget_25,seed_2,random,0.5092060696382604,19.669872215991493,0.0,0.0,0.0,0.2431103271489874
hill_valley_with_noise,budget_50,seed_0,gain_path_refined,0.5046877116921826,5.139338069530894,0.0,0.0,0.0,0.3176819754987131
hill_valley_with_noise,budget_50,seed_0,herding,0.5363839588131689,16.04603655905617,0.0,0.0,0.0,-0.0301054123093904
hill_valley_with_noise,budget_50,seed_0,histdistill_density,0.49246714537325564,10.603803304845313,0.0,0.0,0.0,0.042091909456828
hill_valley_with_noise,budget_50,seed_0,histdistill_refined,0.48868716976019505,4.340330292697209,0.0,0.0,0.0,0.1884580555465171
hill_valley_with_noise,budget_50,seed_0,random,0.5315946348733235,12.342903603859764,0.0,0.0,0.0,-0.15825312325322
hill_valley_with_noise,budget_50,seed_1,gain_path_refined,0.5054938355236417,3.323991947382054,0.0,0.0,0.0,0.0151583810612794
hill_valley_with_noise,budget_50,seed_1,herding,0.5363839588131689,16.05491778291299,0.0,0.0,0.0,0.3641755064939052
hill_valley_with_noise,budget_50,seed_1,histdistill_density,0.5134263649911935,3.9712797070313024,0.0,0.0,0.0,0.0273327780288068
hill_valley_with_noise,budget_50,seed_1,histdistill_refined,0.5059951226121122,2.876380996495917,0.0,0.0,0.0,0.1736362030553043
hill_valley_with_noise,budget_50,seed_1,random,0.5271304701259992,11.427370528360784,0.0,0.0,0.0,0.1751407887395869
hill_valley_with_noise,budget_50,seed_2,gain_path_refined,0.5694147134534615,2.194264746900068,0.0,0.0,0.0,-0.4166720335368394
hill_valley_with_noise,budget_50,seed_2,herding,0.5363839588131689,12.381791243095098,0.0,0.0,0.0,0.3693366196089773
hill_valley_with_noise,budget_50,seed_2,histdistill_density,0.5410039290069096,11.672389642788003,0.0,0.0,0.0,-0.6671684869144757
hill_valley_with_noise,budget_50,seed_2,histdistill_refined,0.5550941606828343,2.195212656385578,0.0,0.0,0.0,-0.3444090163149877
hill_valley_with_noise,budget_50,seed_2,random,0.5009687034277197,11.0567839606235,0.0,0.0,0.0,-0.4684008242748873
hill_valley_without_noise,budget_10,seed_0,gain_path_refined,0.4449661246612465,16.053976162909244,0.0,0.0,0.0,-0.5888152818837741
hill_valley_without_noise,budget_10,seed_0,herding,0.49508130081300805,39.93122509322323,0.0,0.0,0.0,-0.1726782432766834
hill_valley_without_noise,budget_10,seed_0,histdistill_density,0.44795392953929536,26.812890839475944,0.0,0.0,0.0,-0.6813553790650725
hill_valley_without_noise,budget_10,seed_0,histdistill_refined,0.44552168021680216,16.08197931274671,0.0,0.0,0.0,-0.5790316587500561
hill_valley_without_noise,budget_10,seed_0,random,0.5048373983739838,82.7403752929229,0.0,0.0,0.0,0.3268640870486405
hill_valley_without_noise,budget_10,seed_1,gain_path_refined,0.47546070460704615,15.985912160128022,0.0,0.0,0.0,0.0298963273153173
hill_valley_without_noise,budget_10,seed_1,herding,0.49508130081300805,4.415563423612968,0.0,0.0,0.0,-0.0978124837882901
hill_valley_without_noise,budget_10,seed_1,histdistill_density,0.46819105691056906,21.14668185505548,0.0,0.0,0.0,-0.2237916009324243
hill_valley_without_noise,budget_10,seed_1,histdistill_refined,0.4848441734417344,16.240737372242393,0.0,0.0,0.0,-0.2719018550222423
hill_valley_without_noise,budget_10,seed_1,random,0.4885365853658536,32.8880750029732,0.0,0.0,0.0,-0.3510994030841485
hill_valley_without_noise,budget_10,seed_2,gain_path_refined,0.5024593495934959,15.989804609594763,0.0,0.0,0.0,-0.3546842403076482
hill_valley_without_noise,budget_10,seed_2,herding,0.49508130081300805,15.985375480641572,0.0,0.0,0.0,-0.0489132207166252
hill_valley_without_noise,budget_10,seed_2,histdistill_density,0.5020121951219513,26.638608665915783,0.0,0.0,0.0,-0.6574681650645199
hill_valley_without_noise,budget_10,seed_2,histdistill_refined,0.5174322493224932,15.962042030553112,0.0,0.0,0.0,-0.7355429645059159
hill_valley_without_noise,budget_10,seed_2,random,0.5201016260162602,82.4036584190133,0.0,0.0,0.0,-0.5550604553894347
hill_valley_without_noise,budget_100,seed_0,gain_path_refined,0.5326084010840109,2.5596901852480727,0.0,0.0,0.0,0.3993304358430493
hill_valley_without_noise,budget_100,seed_0,herding,0.6282384823848239,2.153626754567032,0.0,0.0,0.0,-0.5696988725653959
hill_valley_without_noise,budget_100,seed_0,histdistill_density,0.5068834688346884,3.891064833529328,0.0,0.0,0.0,-0.0077332729796387
hill_valley_without_noise,budget_100,seed_0,histdistill_refined,0.5288346883468835,6.614542391581096,0.0,0.0,0.0,-0.7072702463489668
hill_valley_without_noise,budget_100,seed_0,random,0.5441395663956639,5.403087474354879,0.0,0.0,0.0,0.4889981763337825
hill_valley_without_noise,budget_100,seed_1,gain_path_refined,0.5013346883468834,2.402352664955892,0.0,0.0,0.0,-0.1906771576335579
hill_valley_without_noise,budget_100,seed_1,herding,0.6282384823848239,2.1135677872362213,0.0,0.0,0.0,0.2931869875669709
hill_valley_without_noise,budget_100,seed_1,histdistill_density,0.4913279132791327,1.8177840492542223,0.0,0.0,0.0,-0.2618837233415095
hill_valley_without_noise,budget_100,seed_1,histdistill_refined,0.4989972899728997,2.732821141531661,0.0,0.0,0.0,0.0001247201409632
hill_valley_without_noise,budget_100,seed_1,random,0.5896544715447154,7.050104703090954,0.0,0.0,0.0,0.0916157116434573
hill_valley_without_noise,budget_100,seed_2,gain_path_refined,0.5054878048780488,1.9872933547494809,0.0,0.0,0.0,-0.6909113207700991
hill_valley_without_noise,budget_100,seed_2,herding,0.6282384823848239,2.1916105422829744,0.0,0.0,0.0,0.2797559488980952
hill_valley_without_noise,budget_100,seed_2,histdistill_density,0.5259959349593496,3.6817692848587207,0.0,0.0,0.0,-0.3947418863192158
hill_valley_without_noise,budget_100,seed_2,histdistill_refined,0.5344037940379404,3.00800782291661,0.0,0.0,0.0,0.230803231569962
hill_valley_without_noise,budget_100,seed_2,random,0.5617344173441735,4.366627476777354,0.0,0.0,0.0,0.1996810474319131
hill_valley_without_noise,budget_200,seed_0,gain_path_refined,0.5491734417344174,2.2270053928093567,0.0,0.0,0.0,0.4533702627218781
hill_valley_without_noise,budget_200,seed_0,herding,0.4929945799457995,2.9888936701151287,0.0,0.0,0.0,-0.513589775243476
hill_valley_without_noise,budget_200,seed_0,histdistill_density,0.5515108401084011,2.5339038676346246,0.0,0.0,0.0,0.0154781698253407
hill_valley_without_noise,budget_200,seed_0,histdistill_refined,0.5573780487804878,1.440586847585481,0.0,0.0,0.0,-0.4941583228451733
hill_valley_without_noise,budget_200,seed_0,random,0.5719918699186992,6.466237375761903,0.0,0.0,0.0,0.1391933407334899
hill_valley_without_noise,budget_200,seed_1,gain_path_refined,0.5319512195121952,2.4225373584736527,0.0,0.0,0.0,-0.0364374686862716
hill_valley_without_noise,budget_200,seed_1,herding,0.4929945799457995,4.549005364956647,0.0,0.0,0.0,-0.2192408499365117
hill_valley_without_noise,budget_200,seed_1,histdistill_density,0.5225271002710027,2.052902751658004,0.0,0.0,0.0,-0.4359454391563223
hill_valley_without_noise,budget_200,seed_1,histdistill_refined,0.5356029810298103,1.7313642377923224,0.0,0.0,0.0,0.3698988049501027
hill_valley_without_noise,budget_200,seed_1,random,0.5411314363143631,3.751534961755356,0.0,0.0,0.0,0.568769081051118
hill_valley_without_noise,budget_200,seed_2,gain_path_refined,0.5272425474254743,2.1663213304036595,0.0,0.0,0.0,-0.131363466065238
hill_valley_without_noise,budget_200,seed_2,herding,0.4929945799457995,1.666596605128549,0.0,0.0,0.0,-0.2144346244964161
hill_valley_without_noise,budget_200,seed_2,histdistill_density,0.5376964769647696,1.864940682511536,0.0,0.0,0.0,-0.4120665696407725
hill_valley_without_noise,budget_200,seed_2,histdistill_refined,0.5324864498644987,2.097134890001658,0.0,0.0,0.0,-0.0951140619424925
hill_valley_without_noise,budget_200,seed_2,random,0.5966192411924119,2.9774226075947454,0.0,0.0,0.0,0.4293319350063552
hill_valley_without_noise,budget_25,seed_0,gain_path_refined,0.4985636856368564,5.378638319161216,0.0,0.0,0.0,0.6379146078322421
hill_valley_without_noise,budget_25,seed_0,herding,0.5013753387533875,19.75293600905708,0.0,0.0,0.0,-0.1818171218065693
hill_valley_without_noise,budget_25,seed_0,histdistill_density,0.5077642276422765,7.599688995590428,0.0,0.0,0.0,0.2395686478954271
hill_valley_without_noise,budget_25,seed_0,histdistill_refined,0.48931571815718156,5.438193196096938,0.0,0.0,0.0,0.5507866002272834
hill_valley_without_noise,budget_25,seed_0,random,0.5289159891598916,19.82654678942424,0.0,0.0,0.0,0.5400035611776812
hill_valley_without_noise,budget_25,seed_1,gain_path_refined,0.48241192411924116,5.354959436616746,0.0,0.0,0.0,-0.3940029367514497
hill_valley_without_noise,budget_25,seed_1,herding,0.5013753387533875,19.74378122566363,0.0,0.0,0.0,-0.2214926120165239
hill_valley_without_noise,budget_25,seed_1,histdistill_density,0.4617750677506775,7.37209624234659,0.0,0.0,0.0,-0.3176336918189795
hill_valley_without_noise,budget_25,seed_1,histdistill_refined,0.47042682926829266,5.399322124631169,0.0,0.0,0.0,-0.2960792809555924
hill_valley_without_noise,budget_25,seed_1,random,0.47095528455284547,15.62320666650688,0.0,0.0,0.0,0.428594574504415
hill_valley_without_noise,budget_25,seed_2,gain_path_refined,0.474159891598916,2.625967887978345,0.0,0.0,0.0,-0.4635583992846255
hill_valley_without_noise,budget_25,seed_2,herding,0.5013753387533875,14.625014800559654,0.0,0.0,0.0,-0.0977413416960738
hill_valley_without_noise,budget_25,seed_2,histdistill_density,0.45515582655826553,2.717876064527497,0.0,0.0,0.0,-0.7377315476266839
hill_valley_without_noise,budget_25,seed_2,histdistill_refined,0.43521680216802167,2.536241186772575,0.0,0.0,0.0,0.1793494627975085
hill_valley_without_noise,budget_25,seed_2,random,0.521510840108401,9.737377599129651,0.0,0.0,0.0,-0.4485208658163479
hill_valley_without_noise,budget_50,seed_0,gain_path_refined,0.4667208672086721,2.644161982669129,0.0,0.0,0.0,0.4187098959151768
hill_valley_without_noise,budget_50,seed_0,herding,0.5472560975609756,9.708263566986895,0.0,0.0,0.0,-0.2502935035361094
hill_valley_without_noise,budget_50,seed_0,histdistill_density,0.4846409214092141,5.076799107223619,0.0,0.0,0.0,0.1269945183373759
hill_valley_without_noise,budget_50,seed_0,histdistill_refined,0.4752981029810298,2.6163353640856317,0.0,0.0,0.0,0.2947633067166061
hill_valley_without_noise,budget_50,seed_0,random,0.5338888888888889,12.389594519216026,0.0,0.0,0.0,0.4561713014846375
hill_valley_without_noise,budget_50,seed_1,gain_path_refined,0.4967750677506775,3.992681988347141,0.0,0.0,0.0,-0.3185461597503714
hill_valley_without_noise,budget_50,seed_1,herding,0.5472560975609756,9.721767619113434,0.0,0.0,0.0,-0.2659556763165884
hill_valley_without_noise,budget_50,seed_1,histdistill_density,0.4846070460704608,4.017119715388975,0.0,0.0,0.0,-0.4907486489472949
hill_valley_without_noise,budget_50,seed_1,histdistill_refined,0.4838075880758807,2.9000777351256346,0.0,0.0,0.0,-0.1939737301549715
hill_valley_without_noise,budget_50,seed_1,random,0.492710027100271,15.62320666650688,0.0,0.0,0.0,0.2526397086745023
hill_valley_without_noise,budget_50,seed_2,gain_path_refined,0.4696544715447154,2.6259678879783444,0.0,0.0,0.0,0.2895204918520327
hill_valley_without_noise,budget_50,seed_2,herding,0.5472560975609756,9.040472581421067,0.0,0.0,0.0,-0.237770403620727
hill_valley_without_noise,budget_50,seed_2,histdistill_density,0.4826626016260162,2.049642942089517,0.0,0.0,0.0,0.2554206454528434
hill_valley_without_noise,budget_50,seed_2,histdistill_refined,0.5062940379403794,3.4140918520583963,0.0,0.0,0.0,-0.2381463842200122
hill_valley_without_noise,budget_50,seed_2,random,0.5622086720867209,12.552754643262965,0.0,0.0,0.0,-0.4915775898040888
kr_vs_kp,budget_10,seed_0,gain_path_refined,0.736228523345466,17.14741557191395,0.0,0.0,0.0,0.4509849066198662
kr_vs_kp,budget_10,seed_0,herding,0.7275928535086689,17.14741557191395,0.0,0.0,0.0,0.5274218671992212
kr_vs_kp,budget_10,seed_0,histdistill_density,0.7307668975773943,17.317352773239026,0.0,1.0,0.0,0.3135032204836547
kr_vs_kp,budget_10,seed_0,histdistill_refined,0.7303931352980314,18.17762571979475,0.0,1.0,0.0,0.2856362675517743
kr_vs_kp,budget_10,seed_0,random,0.6376413838988689,61.66936848206496,0.0,1.0,0.0,0.1596743980112348
kr_vs_kp,budget_10,seed_1,gain_path_refined,0.7199551876638879,18.92561855753601,0.0,0.0,0.0,0.1779655644003019
kr_vs_kp,budget_10,seed_1,herding,0.7275928535086689,18.92561855753601,0.0,0.0,0.0,0.4863837352803697
kr_vs_kp,budget_10,seed_1,histdistill_density,0.7236663927047865,18.71394465552634,0.0,0.0,0.0,0.1086530645357799
kr_vs_kp,budget_10,seed_1,histdistill_refined,0.7275292552150601,19.008085278978697,0.0,0.0,0.0,0.098862348830358
kr_vs_kp,budget_10,seed_1,random,0.6695432664083598,43.68211581843238,0.0,0.0,0.0,0.3862162947263071
kr_vs_kp,budget_10,seed_2,gain_path_refined,0.7279852060584713,19.19325802829712,0.0,0.0,0.0,0.3155995263812018
kr_vs_kp,budget_10,seed_2,herding,0.7275928535086689,19.19325802829712,0.0,0.0,0.0,0.5854308904235439
kr_vs_kp,budget_10,seed_2,histdistill_density,0.7264510195295684,17.22844618880381,0.0,1.0,0.0,0.2998889297259705
kr_vs_kp,budget_10,seed_2,histdistill_refined,0.7259128801221089,17.461654100658862,0.0,1.0,0.0,0.3228744285313143
kr_vs_kp,budget_10,seed_2,random,0.6417048256428319,19.73994501675453,0.0,0.0,0.0,0.0995308740176277
kr_vs_kp,budget_100,seed_0,gain_path_refined,0.9908604359907635,17.79511247042229,0.0,1.0,0.0,0.5719874350632325
kr_vs_kp,budget_100,seed_0,herding,0.9881442996360221,17.79511247042229,0.0,1.0,0.0,0.5933258264231043
kr_vs_kp,budget_100,seed_0,histdistill_density,0.9908614144260499,17.885007057674006,0.0,1.0,0.0,0.554054054054054
kr_vs_kp,budget_100,seed_0,histdistill_refined,0.9909524089076749,17.12682504210725,0.0,1.0,0.0,0.5291607396870555
kr_vs_kp,budget_100,seed_0,random,0.9870474736800908,18.490732367628706,0.0,1.0,0.0,0.3874792615467219
kr_vs_kp,budget_100,seed_1,gain_path_refined,0.9924865954365778,19.637108187066914,0.0,0.0,0.0,0.5933258264231043
kr_vs_kp,budget_100,seed_1,herding,0.9881442996360221,19.637108187066914,0.0,0.0,0.0,0.6056797562616041
kr_vs_kp,budget_100,seed_1,histdistill_density,0.9923349379672028,19.095430611768418,0.0,0.0,0.0,0.536186356226114
kr_vs_kp,budget_100,seed_1,histdistill_refined,0.9923378732730617,20.333939584720373,0.0,0.0,0.0,0.4987256247276723
kr_vs_kp,budget_100,seed_1,random,0.9875190794880828,20.39954462917603,0.0,0.0,0.0,0.3855821782588555
kr_vs_kp,budget_100,seed_2,gain_path_refined,0.9935746154749324,19.860714841918693,0.0,1.0,0.0,0.5719874350632325
kr_vs_kp,budget_100,seed_2,herding,0.9881442996360221,19.860714841918693,0.0,1.0,0.0,0.5985418776444063
kr_vs_kp,budget_100,seed_2,histdistill_density,0.9933750146765293,20.102383410090063,0.0,1.0,0.0,0.5693794094525814
kr_vs_kp,budget_100,seed_2,histdistill_refined,0.9935266721459042,19.82480176749666,0.0,1.0,0.0,0.5755438336232112
kr_vs_kp,budget_100,seed_2,random,0.98544675355172,22.20198080437074,0.0,1.0,0.0,0.449161103508018
kr_vs_kp,budget_200,seed_0,gain_path_refined,0.99491507181715,17.450431680374564,0.0,1.0,0.0,0.6030466491537125
kr_vs_kp,budget_200,seed_0,herding,0.9948808265821298,17.450431680374564,0.0,1.0,0.0,0.6167980569189634
kr_vs_kp,budget_200,seed_0,histdistill_density,0.9943407303040976,18.191256403869044,0.0,1.0,0.0,0.5486012328117591
kr_vs_kp,budget_200,seed_0,histdistill_refined,0.9947027513600251,17.989858614656256,0.0,1.0,0.0,0.6081081081081081
kr_vs_kp,budget_200,seed_0,random,0.9969844624476536,19.19481759806708,0.0,1.0,0.0,0.4408347290179657
kr_vs_kp,budget_200,seed_1,gain_path_refined,0.9940129544831905,19.259319339436296,0.0,0.0,0.0,0.6024539160603828
kr_vs_kp,budget_200,seed_1,herding,0.9948808265821298,19.259319339436296,0.0,0.0,0.0,0.6248962699516142
kr_vs_kp,budget_200,seed_1,histdistill_density,0.9940540487652146,18.618590510509584,0.0,0.0,0.0,0.5844001896633475
kr_vs_kp,budget_200,seed_1,histdistill_refined,0.9946724198661501,19.01225857611677,0.0,0.0,0.0,0.5770507349454718
kr_vs_kp,budget_200,seed_1,random,0.9928280693514931,19.259319339436296,0.0,0.0,0.0,0.494547178757705
kr_vs_kp,budget_200,seed_2,gain_path_refined,0.9972300497045126,19.4786890451194,0.0,1.0,0.0,0.6134787515963167
kr_vs_kp,budget_200,seed_2,herding,0.9948808265821298,19.4786890451194,0.0,1.0,0.0,0.6245406090125408
kr_vs_kp,budget_200,seed_2,histdistill_density,0.9970901334585731,20.68263327739625,0.0,1.0,0.0,0.5697012802275959
kr_vs_kp,budget_200,seed_2,histdistill_refined,0.9970255567296779,21.776111126348265,0.0,1.0,0.0,0.5768136557610242
kr_vs_kp,budget_200,seed_2,random,0.9935511330280615,23.405121655626164,0.0,1.0,0.0,0.6062474078576934
kr_vs_kp,budget_25,seed_0,gain_path_refined,0.8822462917302649,16.4286944721193,0.0,1.0,0.0,0.4899371983443062
kr_vs_kp,budget_25,seed_0,herding,0.8148888497514776,16.4286944721193,0.0,1.0,0.0,0.5133568977831823
kr_vs_kp,budget_25,seed_0,histdistill_density,0.8801866854526242,17.122397337175286,0.0,1.0,0.0,0.4583435461450119
kr_vs_kp,budget_25,seed_0,histdistill_refined,0.8733943876951977,16.895535190247728,0.0,1.0,0.0,0.3702827198271458
kr_vs_kp,budget_25,seed_0,random,0.7409954600602716,31.746348175115106,0.0,1.0,0.0,0.2978648441293504
kr_vs_kp,budget_25,seed_1,gain_path_refined,0.8708749168330007,18.139438177479235,0.0,0.0,0.0,0.482090665801921
kr_vs_kp,budget_25,seed_1,herding,0.8148888497514776,18.139438177479235,0.0,0.0,0.0,0.5024175848841463
kr_vs_kp,budget_25,seed_1,histdistill_density,0.8436724590035615,23.56984842779223,0.0,0.0,0.0,0.3820425295250076
kr_vs_kp,budget_25,seed_1,histdistill_refined,0.8709492779147586,18.5946877043935,0.0,0.0,0.0,0.4524968178012742
kr_vs_kp,budget_25,seed_1,random,0.798263277366835,15.553849539415792,0.0,0.0,0.0,0.1740777906950767
kr_vs_kp,budget_25,seed_2,gain_path_refined,0.8777944111776448,18.346245764398915,0.0,1.0,0.0,0.6474046603548888
kr_vs_kp,budget_25,seed_2,herding,0.8148888497514776,18.346245764398915,0.0,1.0,0.0,0.5454120232229277
kr_vs_kp,budget_25,seed_2,histdistill_density,0.8810711909514305,17.580227489383187,0.0,1.0,0.0,0.6109596614664123
kr_vs_kp,budget_25,seed_2,histdistill_refined,0.8830055575124263,18.245236584040786,0.0,1.0,0.0,0.6107224416405664
kr_vs_kp,budget_25,seed_2,random,0.7692213611991703,28.013531327325097,0.0,1.0,0.0,0.2376857244798168
kr_vs_kp,budget_50,seed_0,gain_path_refined,0.9451812062150209,17.795112470422257,0.0,1.0,0.0,0.617437878810541
kr_vs_kp,budget_50,seed_0,herding,0.9404798246643967,17.795112470422257,0.0,1.0,0.0,0.5780518425558575
kr_vs_kp,budget_50,seed_0,histdistill_density,0.9443152909866542,17.818742764044483,0.0,1.0,0.0,0.465899737961574
kr_vs_kp,budget_50,seed_0,histdistill_refined,0.946024617431803,17.777140380702715,0.0,1.0,0.0,0.5033804704452445
kr_vs_kp,budget_50,seed_0,random,0.9470275136002504,25.15099450412369,0.0,1.0,0.0,0.2284935180728486
kr_vs_kp,budget_50,seed_1,gain_path_refined,0.9472691871159642,19.63710818706692,0.0,0.0,0.0,0.5603815137968745
kr_vs_kp,budget_50,seed_1,herding,0.9404798246643967,19.63710818706692,0.0,0.0,0.0,0.5829535908843042
kr_vs_kp,budget_50,seed_1,histdistill_density,0.9441264529764002,19.0526954588894,0.0,0.0,0.0,0.4941901964892096
kr_vs_kp,budget_50,seed_1,histdistill_refined,0.9452174083206136,19.633435613067384,0.0,0.0,0.0,0.4847047800498773
kr_vs_kp,budget_50,seed_1,random,0.907418496340652,21.1712587599559,0.0,0.0,0.0,0.3472969999107918
kr_vs_kp,budget_50,seed_2,gain_path_refined,0.9520938515126609,19.86071484191869,0.0,1.0,0.0,0.5695482395258107
kr_vs_kp,budget_50,seed_2,herding,0.9404798246643967,19.86071484191869,0.0,1.0,0.0,0.6126756657407416
kr_vs_kp,budget_50,seed_2,histdistill_density,0.9511379202379555,19.94638632094712,0.0,1.0,0.0,0.4825705613510275
kr_vs_kp,budget_50,seed_2,histdistill_refined,0.9516065907400885,20.084856850771803,0.0,1.0,0.0,0.4709509262128456
kr_vs_kp,budget_50,seed_2,random,0.9152586982896953,23.00160948979617,0.0,1.0,0.0,0.3782919107640375
pc1,budget_10,seed_0,gain_path_refined,0.6174557165861513,28.95450105775696,0.0,0.0,0.0,0.4105455678366748
pc1,budget_10,seed_0,herding,0.5847987117552336,28.22090527603433,0.0,0.0,0.0,0.328761775049279
pc1,budget_10,seed_0,histdistill_density,0.6181320450885668,24.086758406915084,0.0,0.0,0.0,0.4649047857064862
pc1,budget_10,seed_0,histdistill_refined,0.60170692431562,24.099476015859103,0.0,0.0,0.0,0.4658753910237789
pc1,budget_10,seed_0,random,0.6193880837359098,34.34446986712171,0.0,0.0,0.0,0.1610650737355116
pc1,budget_10,seed_1,gain_path_refined,0.6152979066022544,12.883054089266336,0.0,0.0,0.0,0.3137756447188021
pc1,budget_10,seed_1,herding,0.5847987117552336,15.428346645699463,0.0,0.0,0.0,0.2032177258325903
pc1,budget_10,seed_1,histdistill_density,0.6262479871175524,11.192559657688427,0.0,0.0,0.0,0.377753769112461
pc1,budget_10,seed_1,histdistill_refined,0.6195813204508858,10.96899975818084,0.0,0.0,0.0,0.3751204619631998
pc1,budget_10,seed_1,random,0.5931078904991949,13.246072661635475,0.0,0.0,0.0,0.1636965016713508
pc1,budget_10,seed_2,gain_path_refined,0.614524959742351,18.361313838199013,0.0,0.0,0.0,0.3591676083362153
pc1,budget_10,seed_2,herding,0.5847987117552336,23.551356878046192,0.0,0.0,0.0,0.2776280466428324
pc1,budget_10,seed_2,histdistill_density,0.6239291465378421,16.21581485317845,0.0,1.0,0.0,0.3795942851960036
pc1,budget_10,seed_2,histdistill_refined,0.6229307568438003,16.256641649878873,0.0,1.0,0.0,0.3814409063682568
pc1,budget_10,seed_2,random,0.5636392914653785,32.67038880334028,0.0,0.0,0.0,0.1405810546853399
pc1,budget_100,seed_0,gain_path_refined,0.7948470209339774,5.756918431339032,0.0,0.0,0.0,0.6964414372784283
pc1,budget_100,seed_0,herding,0.7629307568438003,8.683962573266522,0.0,0.0,0.0,0.5197820986173376
pc1,budget_100,seed_0,histdistill_density,0.8199033816425121,4.3916851926650535,0.0,0.0,0.0,0.758377332986959
pc1,budget_100,seed_0,histdistill_refined,0.8218679549114333,4.416005714780264,0.0,0.0,0.0,0.7610764786032663
pc1,budget_100,seed_0,random,0.8304347826086957,7.206823647708641,0.0,1.0,0.0,0.5735049074162907
pc1,budget_100,seed_1,gain_path_refined,0.8471175523349436,4.758761227027059,0.0,1.0,0.0,0.6547036500078645
pc1,budget_100,seed_1,herding,0.7629307568438003,6.567623902814431,0.0,0.0,0.0,0.3842107729205022
pc1,budget_100,seed_1,histdistill_density,0.8619645732689211,3.5955108540010103,0.0,1.0,0.0,0.7188217828470478
pc1,budget_100,seed_1,histdistill_refined,0.8531400966183575,3.577743256189049,0.0,1.0,0.0,0.7236476161325691
pc1,budget_100,seed_1,random,0.7766183574879226,5.322430478016496,0.0,1.0,0.0,0.6195528041693265
pc1,budget_100,seed_2,gain_path_refined,0.7882447665056361,4.5512636726968685,0.0,1.0,0.0,0.6492372893623156
pc1,budget_100,seed_2,herding,0.7629307568438003,7.68697129699606,0.0,0.0,0.0,0.4089345288840535
pc1,budget_100,seed_2,histdistill_density,0.7977455716586151,3.397614582868808,0.0,1.0,0.0,0.7211937279118593
pc1,budget_100,seed_2,histdistill_refined,0.8024798711755233,4.614596668087427,0.0,1.0,0.0,0.6369989624681053
pc1,budget_100,seed_2,random,0.8326570048309179,4.234374772892606,0.0,1.0,0.0,0.6670315709943082
pc1,budget_200,seed_0,gain_path_refined,0.7750080515297906,2.61063686572072,0.0,1.0,0.0,0.8409199655583678
pc1,budget_200,seed_0,herding,0.7750402576489532,3.968405091168427,0.0,0.0,0.0,0.751946232341031
pc1,budget_200,seed_0,histdistill_density,0.8198389694041868,1.9168989867881725,0.0,1.0,0.0,0.8805043366630138
pc1,budget_200,seed_0,histdistill_refined,0.7702737520128824,2.936552874326671,0.0,1.0,0.0,0.8332544483246482
pc1,budget_200,seed_0,random,0.817842190016103,3.3439629146828067,0.0,1.0,0.0,0.7870881685762094
pc1,budget_200,seed_1,gain_path_refined,0.8292753623188405,2.305361067886431,0.0,1.0,0.0,0.8149706959259099
pc1,budget_200,seed_1,herding,0.7750402576489532,3.003628411700914,0.0,0.0,0.0,0.6123685692493263
pc1,budget_200,seed_1,histdistill_density,0.8348470209339774,2.781601358114844,0.0,1.0,0.0,0.782450453816608
pc1,budget_200,seed_1,histdistill_refined,0.8307246376811595,3.035197742286593,0.0,1.0,0.0,0.7749896117896764
pc1,budget_200,seed_1,random,0.7982286634460547,2.737667281196253,0.0,1.0,0.0,0.7575488709441642
pc1,budget_200,seed_2,gain_path_refined,0.8067632850241546,2.193434073917199,0.0,1.0,0.0,0.843696624905001
pc1,budget_200,seed_2,herding,0.7750402576489532,3.556592079977192,0.0,0.0,0.0,0.6584533218349574
pc1,budget_200,seed_2,histdistill_density,0.7957165861513688,2.619297486809553,0.0,1.0,0.0,0.8280335105698196
pc1,budget_200,seed_2,histdistill_refined,0.7949436392914654,2.5791669759339926,0.0,1.0,0.0,0.8246837070029542
pc1,budget_200,seed_2,random,0.8213204508856682,2.310027711585162,0.0,1.0,0.0,0.8057411678727028
pc1,budget_25,seed_0,gain_path_refined,0.7263446054750402,14.06136796135744,0.0,0.0,0.0,0.3948868673634135
pc1,budget_25,seed_0,herding,0.6923349436392915,18.49987652128667,0.0,0.0,0.0,0.381462664550463
pc1,budget_25,seed_0,histdistill_density,0.730499194847021,13.024601472817109,0.0,0.0,0.0,0.4936704162431027
pc1,budget_25,seed_0,histdistill_refined,0.7295652173913043,12.898765965657113,0.0,0.0,0.0,0.4957269680429855
pc1,budget_25,seed_0,random,0.7294363929146537,22.69246974454053,0.0,0.0,0.0,0.3663970367081789
pc1,budget_25,seed_1,gain_path_refined,0.7408373590982287,10.298744237465929,0.0,0.0,0.0,0.3892088402596056
pc1,budget_25,seed_1,herding,0.6923349436392915,13.24369371985682,0.0,0.0,0.0,0.2854102242765972
pc1,budget_25,seed_1,histdistill_density,0.7418035426731079,9.605263612442,0.0,1.0,0.0,0.4527118136625445
pc1,budget_25,seed_1,histdistill_refined,0.7444444444444445,9.533766313677924,0.0,1.0,0.0,0.4665873852695755
pc1,budget_25,seed_1,random,0.7175201288244766,10.860627542413718,0.0,0.0,0.0,0.2721127767220159
pc1,budget_25,seed_2,gain_path_refined,0.7524959742351047,10.172311499792892,0.0,1.0,0.0,0.385613970776185
pc1,budget_25,seed_2,herding,0.6923349436392915,19.61362748156729,0.0,0.0,0.0,0.3544854028488148
pc1,budget_25,seed_2,histdistill_density,0.7185185185185186,9.353702116660434,0.0,1.0,0.0,0.4597855443775675
pc1,budget_25,seed_2,histdistill_refined,0.7619967793880837,9.139753563343891,0.0,1.0,0.0,0.4619350126195499
pc1,budget_25,seed_2,random,0.6885668276972624,17.84933708711888,0.0,0.0,0.0,0.2329720701520862
pc1,budget_50,seed_0,gain_path_refined,0.8046698872785829,9.655594411958948,0.0,0.0,0.0,0.5050873086794639
pc1,budget_50,seed_0,herding,0.6980354267310789,13.984326966594042,0.0,0.0,0.0,0.2972161352157984
pc1,budget_50,seed_0,histdistill_density,0.8123349436392914,7.916469424367568,0.0,1.0,0.0,0.6079092458984484
pc1,budget_50,seed_0,histdistill_refined,0.8197101449275361,8.12998765710232,0.0,1.0,0.0,0.5977836656616196
pc1,budget_50,seed_0,random,0.8014814814814815,10.719388573453108,0.0,1.0,0.0,0.46120166378594
pc1,budget_50,seed_1,gain_path_refined,0.8217391304347826,7.4521255967602995,0.0,1.0,0.0,0.5058503092787148
pc1,budget_50,seed_1,herding,0.6980354267310789,10.270302039358924,0.0,0.0,0.0,0.1399346889812356
pc1,budget_50,seed_1,histdistill_density,0.8012238325281803,5.923076758741439,0.0,1.0,0.0,0.5811032316672069
pc1,budget_50,seed_1,histdistill_refined,0.8091143317230273,5.887781280925273,0.0,1.0,0.0,0.5777271887937965
pc1,budget_50,seed_1,random,0.7617713365539452,8.135386302050255,0.0,0.0,0.0,0.465634054787335
pc1,budget_50,seed_2,gain_path_refined,0.804219001610306,6.672067057730681,0.0,1.0,0.0,0.4802020400583467
pc1,budget_50,seed_2,herding,0.6980354267310789,11.433061033463778,0.0,0.0,0.0,0.2090500801363042
pc1,budget_50,seed_2,histdistill_density,0.8121417069243156,5.253075794868748,0.0,1.0,0.0,0.5517581275549669
pc1,budget_50,seed_2,histdistill_refined,0.8117230273752012,6.531935390246764,0.0,1.0,0.0,0.4760295591447224
pc1,budget_50,seed_2,random,0.7813526570048309,8.724666931347283,0.0,0.0,0.0,0.4381898991962489
pc3,budget_10,seed_0,gain_path_refined,0.6514790925266903,35.689816095756335,0.0,0.0,0.0,0.0484576464748602
pc3,budget_10,seed_0,herding,0.651701512455516,42.71855450673748,0.0,0.0,0.0,-0.1346655945534002
pc3,budget_10,seed_0,histdistill_density,0.5942838078291814,35.84187575400847,0.0,0.0,0.0,0.0217531871020762
pc3,budget_10,seed_0,histdistill_refined,0.6007339857651246,35.12210318427044,0.0,0.0,0.0,0.0150095539651894
pc3,budget_10,seed_0,random,0.5515569395017794,48.7893200347272,0.0,0.0,0.0,0.2197490032659487
pc3,budget_10,seed_1,gain_path_refined,0.6483096085409252,33.341224700062746,0.0,0.0,0.0,0.1032826205831979
pc3,budget_10,seed_1,herding,0.651701512455516,43.01485204915405,0.0,0.0,0.0,0.0267337658184831
pc3,budget_10,seed_1,histdistill_density,0.5714857651245552,29.87480590406283,0.0,0.0,0.0,0.0600133342232131
pc3,budget_10,seed_1,histdistill_refined,0.6402913701067615,28.25068207406457,0.0,0.0,0.0,0.0549661912223737
pc3,budget_10,seed_1,random,0.6596419039145907,87.53433310109443,0.0,0.0,0.0,-0.0444239729428417
pc3,budget_10,seed_2,gain_path_refined,0.5877224199288256,35.84657895056482,0.0,0.0,0.0,0.1032204343301656
pc3,budget_10,seed_2,herding,0.651701512455516,49.418793029970544,0.0,0.0,0.0,-0.0561314260730714
pc3,budget_10,seed_2,histdistill_density,0.5893905693950178,30.75209229297109,0.0,0.0,0.0,0.1107754043768387
pc3,budget_10,seed_2,histdistill_refined,0.6580404804270462,28.6560288491412,0.0,0.0,0.0,0.0879166033736096
pc3,budget_10,seed_2,random,0.6218527580071175,43.19372678490898,0.0,0.0,0.0,-0.0031542286652771
pc3,budget_100,seed_0,gain_path_refined,0.8050600533807829,25.26040882116122,0.0,0.0,0.0,-0.1070551753219018
pc3,budget_100,seed_0,herding,0.7245217971530249,22.968320130338142,0.0,0.0,0.0,0.081966586931057
pc3,budget_100,seed_0,histdistill_density,0.7165702846975088,25.72283799492596,0.0,0.0,0.0,-0.1227226716300635
pc3,budget_100,seed_0,histdistill_refined,0.8173376334519572,17.827268408409697,0.0,0.0,0.0,-0.1013041085273151
pc3,budget_100,seed_0,random,0.711154359430605,26.550204705421766,0.0,0.0,0.0,-0.1255562558537734
pc3,budget_100,seed_1,gain_path_refined,0.7744217081850533,24.343078442973614,0.0,0.0,0.0,0.0269125101609874
pc3,budget_100,seed_1,herding,0.7245217971530249,23.061522359197724,0.0,0.0,0.0,0.1506262928574652
pc3,budget_100,seed_1,histdistill_density,0.7255226868327402,20.18606971857023,0.0,0.0,0.0,0.0425286300003293
pc3,budget_100,seed_1,histdistill_refined,0.7273020462633453,19.131798710924183,0.0,0.0,0.0,0.0375370218996007
pc3,budget_100,seed_1,random,0.7258229537366547,26.46487485260196,0.0,0.0,0.0,0.0478687985414683
pc3,budget_100,seed_2,gain_path_refined,0.7233652135231317,25.317542896483594,0.0,0.0,0.0,0.1720177314866585
pc3,budget_100,seed_2,herding,0.7245217971530249,23.188171839581795,0.0,0.0,0.0,0.2857686872950623
pc3,budget_100,seed_2,histdistill_density,0.791258896797153,21.186175371410148,0.0,0.0,0.0,0.1627180200545594
pc3,budget_100,seed_2,histdistill_refined,0.7160920818505339,17.73842610424521,0.0,0.0,0.0,0.1758036673891582
pc3,budget_100,seed_2,random,0.7766570284697509,30.29007928642413,0.0,0.0,0.0,0.0884681415685745
pc3,budget_200,seed_0,gain_path_refined,0.738089412811388,24.8496500427518,0.0,0.0,0.0,-0.1280272250959903
pc3,budget_200,seed_0,herding,0.6734653024911033,20.439586187642416,0.0,0.0,0.0,0.0283427872964709
pc3,budget_200,seed_0,histdistill_density,0.7312833629893238,20.564053245569728,0.0,0.0,0.0,-0.1314033113878522
pc3,budget_200,seed_0,histdistill_refined,0.8090747330960854,19.53956405885758,0.0,0.0,0.0,-0.1090472817185783
pc3,budget_200,seed_0,random,0.764279359430605,28.85796136612665,0.0,0.0,0.0,-0.1379489957504775
pc3,budget_200,seed_1,gain_path_refined,0.7596863879003559,24.353661375411864,0.0,0.0,0.0,0.0161066943551064
pc3,budget_200,seed_1,herding,0.6734653024911033,20.284570730900192,0.0,0.0,0.0,0.1214437038710404
pc3,budget_200,seed_1,histdistill_density,0.7891570284697508,21.355836991198974,0.0,0.0,0.0,0.0145201389135208
pc3,budget_200,seed_1,histdistill_refined,0.7113656583629894,20.76109995210417,0.0,0.0,0.0,0.0450630560329677
pc3,budget_200,seed_1,random,0.8052491103202847,24.353661375411864,0.0,0.0,0.0,0.015777814323217
pc3,budget_200,seed_2,gain_path_refined,0.7800822953736655,25.4723694504005,0.0,0.0,0.0,0.1485569335104059
pc3,budget_200,seed_2,herding,0.6734653024911033,20.411153959268617,0.0,0.0,0.0,0.2310465451149364
pc3,budget_200,seed_2,histdistill_density,0.7953514234875445,21.48378453382364,0.0,0.0,0.0,0.1757973730633356
pc3,budget_200,seed_2,histdistill_refined,0.7187388790035587,20.288034945680188,0.0,0.0,0.0,0.1705667883047243
pc3,budget_200,seed_2,random,0.721519128113879,30.262385122548107,0.0,0.0,0.0,0.10443627574865
pc3,budget_25,seed_0,gain_path_refined,0.7028803380782918,27.32042305854522,0.0,0.0,0.0,-0.0908369330438089
pc3,budget_25,seed_0,herding,0.7994439501779359,27.75352811225099,0.0,0.0,0.0,-0.0818849527288815
pc3,budget_25,seed_0,histdistill_density,0.7744328291814947,19.762422750500587,0.0,0.0,0.0,-0.1176021184804702
pc3,budget_25,seed_0,histdistill_refined,0.691459074733096,19.69786449854069,0.0,0.0,0.0,-0.0520241351529875
pc3,budget_25,seed_0,random,0.7296485765124554,35.39630374237113,0.0,0.0,0.0,-0.1796555484694777
pc3,budget_25,seed_1,gain_path_refined,0.7847531138790036,31.559312004546754,0.0,0.0,0.0,-0.003552834430812
pc3,budget_25,seed_1,herding,0.7994439501779359,30.628763669486265,0.0,0.0,0.0,-0.0031204472046493
pc3,budget_25,seed_1,histdistill_density,0.7825400355871885,20.61494588013023,0.0,0.0,0.0,-0.0289156393613649
pc3,budget_25,seed_1,histdistill_refined,0.7771463523131673,20.86224095998659,0.0,0.0,0.0,-0.0107219673011558
pc3,budget_25,seed_1,random,0.7457517793594306,45.31562505602285,0.0,0.0,0.0,0.0748305613198564
pc3,budget_25,seed_2,gain_path_refined,0.6921930604982206,30.15511315533385,0.0,0.0,0.0,0.1506677721564513
pc3,budget_25,seed_2,herding,0.7994439501779359,30.851124911662367,0.0,0.0,0.0,0.0244510361597122
pc3,budget_25,seed_2,histdistill_density,0.7611988434163701,22.731310907083323,0.0,0.0,0.0,0.1444813908360119
pc3,budget_25,seed_2,histdistill_refined,0.6860987544483985,21.889113486973343,0.0,0.0,0.0,0.154977496838454
pc3,budget_25,seed_2,random,0.7659697508896797,26.71759199413587,0.0,0.0,0.0,0.0979392970460688
pc3,budget_50,seed_0,gain_path_refined,0.7457072953736655,25.12575640430445,0.0,0.0,0.0,-0.0923377708886036
pc3,budget_50,seed_0,herding,0.7767348754448399,25.36189252649073,0.0,0.0,0.0,0.0228100702076022
pc3,budget_50,seed_0,histdistill_density,0.8017571174377224,19.767238300680447,0.0,0.0,0.0,-0.1012952738431712
pc3,budget_50,seed_0,histdistill_refined,0.7321508007117438,17.480198672204093,0.0,0.0,0.0,-0.0646247873233259
pc3,budget_50,seed_0,random,0.7076401245551601,23.155969254934696,0.0,0.0,0.0,-0.1074078385039136
pc3,budget_50,seed_1,gain_path_refined,0.7275800711743772,24.191010973474977,0.0,0.0,0.0,0.0277270316996778
pc3,budget_50,seed_1,herding,0.7767348754448399,28.252630735171195,0.0,0.0,0.0,0.1689340919845929
pc3,budget_50,seed_1,histdistill_density,0.7759008007117438,19.642353903983707,0.0,0.0,0.0,0.0039436537969832
pc3,budget_50,seed_1,histdistill_refined,0.7340302491103203,16.778794291488197,0.0,0.0,0.0,-0.002170138189182
pc3,budget_50,seed_1,random,0.7324955516014234,25.476979652632195,0.0,0.0,0.0,0.1022213281648805
pc3,budget_50,seed_2,gain_path_refined,0.7040702846975089,25.60368031223696,0.0,0.0,0.0,0.1627972489158575
pc3,budget_50,seed_2,herding,0.7767348754448399,28.22162546377023,0.0,0.0,0.0,0.1994882262384341
pc3,budget_50,seed_2,histdistill_density,0.780260231316726,18.676638798593977,0.0,0.0,0.0,0.1605348960240745
pc3,budget_50,seed_2,histdistill_refined,0.7190169039145907,17.835435427848815,0.0,0.0,0.0,0.1747224180550206
pc3,budget_50,seed_2,random,0.711076512455516,36.27779599613673,0.0,0.0,0.0,0.124573921664217
pc4,budget_10,seed_0,gain_path_refined,0.59833984375,51.350003874488976,0.0,0.0,0.0,0.2396065954361173
pc4,budget_10,seed_0,herding,0.6398003472222222,63.95585626370457,0.0,0.0,0.0,0.2571609104029063
pc4,budget_10,seed_0,histdistill_density,0.65380859375,55.97351778601777,0.0,0.0,0.0,0.2515248746576015
pc4,budget_10,seed_0,histdistill_refined,0.6528211805555555,54.53476676619604,0.0,0.0,0.0,0.2683001388453677
pc4,budget_10,seed_0,random,0.6107530381944445,64.08150465858864,0.0,0.0,0.0,0.2671540913469997
pc4,budget_10,seed_1,gain_path_refined,0.6394097222222223,39.78204197867434,0.0,0.0,0.0,0.3261616056481693
pc4,budget_10,seed_1,herding,0.6398003472222222,63.2213979124688,0.0,0.0,0.0,0.3318639761521119
pc4,budget_10,seed_1,histdistill_density,0.6005859375,32.85680210099616,0.0,0.0,0.0,0.358360290363144
pc4,budget_10,seed_1,histdistill_refined,0.6416775173611111,33.67080177243814,0.0,0.0,0.0,0.3483384620646491
pc4,budget_10,seed_1,random,0.6658420138888889,47.10053058647662,0.0,0.0,0.0,0.4656549952752034
pc4,budget_10,seed_2,gain_path_refined,0.6603624131944444,50.72055250629175,0.0,0.0,0.0,0.1551688253373976
pc4,budget_10,seed_2,herding,0.6398003472222222,40.358625747903744,0.0,0.0,0.0,0.2216206260023185
pc4,budget_10,seed_2,histdistill_density,0.6588541666666667,37.29680414101145,0.0,0.0,0.0,0.2811011951496114
pc4,budget_10,seed_2,histdistill_refined,0.6441297743055555,37.58118545140627,0.0,0.0,0.0,0.3159288866848141
pc4,budget_10,seed_2,random,0.6366861979166666,63.20933865406903,0.0,0.0,0.0,0.0302927301902865
pc4,budget_100,seed_0,gain_path_refined,0.8118923611111111,46.67914795660011,0.0,0.0,0.0,0.3628872858221949
pc4,budget_100,seed_0,herding,0.850802951388889,37.13395567063853,0.0,0.0,0.0,0.43076201597842
pc4,budget_100,seed_0,histdistill_density,0.8723958333333333,33.219946693196974,0.0,0.0,0.0,0.4094050033918098
pc4,budget_100,seed_0,histdistill_refined,0.8165147569444444,33.96586514712259,0.0,0.0,0.0,0.4164362521623728
pc4,budget_100,seed_0,random,0.825857204861111,44.446071674460434,0.0,0.0,0.0,0.402335371287703
pc4,budget_100,seed_1,gain_path_refined,0.8608723958333334,45.925821277937416,0.0,0.0,0.0,0.4047973478710664
pc4,budget_100,seed_1,herding,0.850802951388889,36.50624966639746,0.0,0.0,0.0,0.4583879977364098
pc4,budget_100,seed_1,histdistill_density,0.8724717881944445,32.987530111584014,0.0,0.0,0.0,0.4385501079329612
pc4,budget_100,seed_1,histdistill_refined,0.8678059895833334,37.07349220704945,0.0,0.0,0.0,0.4571569026703926
pc4,budget_100,seed_1,random,0.8683919270833333,42.64499378309072,0.0,0.0,0.0,0.416706224685854
pc4,budget_100,seed_2,gain_path_refined,0.866015625,46.14362571691969,0.0,0.0,0.0,0.1383253302319916
pc4,budget_100,seed_2,herding,0.850802951388889,36.69539433378472,0.0,0.0,0.0,0.2258711087981601
pc4,budget_100,seed_2,histdistill_density,0.8579644097222221,33.85710307287764,0.0,0.0,0.0,0.1477368866328257
pc4,budget_100,seed_2,histdistill_refined,0.8661024305555556,32.83934418803321,0.0,0.0,0.0,0.1795486992385786
pc4,budget_100,seed_2,random,0.8590277777777778,43.93324895353263,0.0,0.0,0.0,0.1394252854942879
pc4,budget_200,seed_0,gain_path_refined,0.8140950520833332,43.450050353724336,0.0,0.0,0.0,0.3840339665343752
pc4,budget_200,seed_0,herding,0.8660481770833334,38.24063522932095,0.0,0.0,0.0,0.4536704813004806
pc4,budget_200,seed_0,histdistill_density,0.8199435763888889,32.805544055909245,0.0,0.0,0.0,0.4299724604610905
pc4,budget_200,seed_0,histdistill_refined,0.824045138888889,31.861066662429327,0.0,0.0,0.0,0.4487434101817609
pc4,budget_200,seed_0,random,0.8648003472222221,42.84433463109718,0.0,0.0,0.0,0.3906025503231689
pc4,budget_200,seed_1,gain_path_refined,0.8812065972222223,42.743437187632544,0.0,0.0,0.0,0.4253027891648898
pc4,budget_200,seed_1,herding,0.8660481770833334,37.603104866133485,0.0,0.0,0.0,0.4599537904739137
pc4,budget_200,seed_1,histdistill_density,0.8611002604166668,40.10319877947386,0.0,0.0,0.0,0.4428949118907014
pc4,budget_200,seed_1,histdistill_refined,0.8784722222222223,33.244155213123605,0.0,0.0,0.0,0.4682486646424829
pc4,budget_200,seed_1,random,0.8120442708333332,42.743437187632544,0.0,0.0,0.0,0.4492517847025575
pc4,budget_200,seed_2,gain_path_refined,0.8238606770833332,42.95058518172976,0.0,0.0,0.0,0.1350401448819804
pc4,budget_200,seed_2,herding,0.8660481770833334,37.79449210731843,0.0,0.0,0.0,0.2021940543432518
pc4,budget_200,seed_2,histdistill_density,0.816677517361111,33.00190107120364,0.0,0.0,0.0,0.1863829843485617
pc4,budget_200,seed_2,histdistill_refined,0.8478949652777779,35.912987444954474,0.0,0.0,0.0,0.1758605647208121
pc4,budget_200,seed_2,random,0.8039930555555556,44.170839585001545,0.0,0.0,0.0,0.1458505802414228
pc4,budget_25,seed_0,gain_path_refined,0.8060112847222222,49.006260132277234,0.0,0.0,0.0,0.3772977965621749
pc4,budget_25,seed_0,herding,0.7408854166666667,44.60802946764345,0.0,0.0,0.0,0.3346387888832007
pc4,budget_25,seed_0,histdistill_density,0.752126736111111,37.21128728201336,0.0,0.0,0.0,0.371837644246437
pc4,budget_25,seed_0,histdistill_refined,0.8034071180555555,35.71211636783871,0.0,0.0,0.0,0.3937567964635405
pc4,budget_25,seed_0,random,0.7509548611111111,49.989894208909526,0.0,0.0,0.0,0.2960745472020621
pc4,budget_25,seed_1,gain_path_refined,0.8096245659722223,48.22069519360725,0.0,0.0,0.0,0.4517697103668848
pc4,budget_25,seed_1,herding,0.7408854166666667,43.88022567184685,0.0,0.0,0.0,0.435331366382337
pc4,budget_25,seed_1,histdistill_density,0.8053059895833334,36.48091942062671,0.0,0.0,0.0,0.4585507792022363
pc4,budget_25,seed_1,histdistill_refined,0.7860134548611111,38.25226256516756,0.0,0.0,0.0,0.5023343562357248
pc4,budget_25,seed_1,random,0.7996853298611111,33.453079269707764,0.0,0.0,0.0,0.3439460930252064
pc4,budget_25,seed_2,gain_path_refined,0.7507052951388888,48.44585422469604,0.0,0.0,0.0,0.175876258694423
pc4,budget_25,seed_2,herding,0.7408854166666667,44.09220673369067,0.0,0.0,0.0,0.3348424051907422
pc4,budget_25,seed_2,histdistill_density,0.7967881944444445,39.28826652721386,0.0,0.0,0.0,0.2438930081419444
pc4,budget_25,seed_2,histdistill_refined,0.7491644965277777,37.09866209433112,0.0,0.0,0.0,0.284919699963865
pc4,budget_25,seed_2,random,0.7783311631944445,53.06442534378491,0.0,0.0,0.0,0.1653420873580772
pc4,budget_50,seed_0,gain_path_refined,0.8490017361111113,45.554152853057474,0.0,0.0,0.0,0.3687934561141835
pc4,budget_50,seed_0,herding,0.8576497395833333,44.60802946764344,0.0,0.0,0.0,0.432110792324052
pc4,budget_50,seed_0,histdistill_density,0.8215711805555556,32.709264970098566,0.0,0.0,0.0,0.3804087824671684
pc4,budget_50,seed_0,histdistill_refined,0.8720920138888889,34.45659821581441,0.0,0.0,0.0,0.4009486220764908
pc4,budget_50,seed_0,random,0.7852864583333333,46.77512685012832,0.0,0.0,0.0,0.3790665147298939
pc4,budget_50,seed_1,gain_path_refined,0.8558159722222222,44.815643873458406,0.0,0.0,0.0,0.4168613879437201
pc4,budget_50,seed_1,herding,0.8576497395833333,43.88022567184684,0.0,0.0,0.0,0.4552510297958709
pc4,budget_50,seed_1,histdistill_density,0.83330078125,38.69765213184208,0.0,0.0,0.0,0.4529278113319994
pc4,budget_50,seed_1,histdistill_refined,0.8649956597222221,32.86271409637185,0.0,0.0,0.0,0.5123366418518586
pc4,budget_50,seed_1,random,0.8420572916666667,34.5760941813884,0.0,0.0,0.0,0.4169106881494757
pc4,budget_50,seed_2,gain_path_refined,0.841015625,45.030067729882006,0.0,0.0,0.0,0.1463560532462985
pc4,budget_50,seed_2,herding,0.8576497395833333,44.09220673369067,0.0,0.0,0.0,0.3287294560270584
pc4,budget_50,seed_2,histdistill_density,0.8376302083333333,33.33467310997153,0.0,0.0,0.0,0.195928807847012
pc4,budget_50,seed_2,histdistill_refined,0.8355034722222221,32.724145289797605,0.0,0.0,0.0,0.2239073067714259
pc4,budget_50,seed_2,random,0.8390625,42.85281022921055,0.0,0.0,0.0,0.1791651523392899
phoneme,budget_10,seed_0,gain_path_refined,0.6900754785538508,200.4382549892292,0.0,0.0,0.0,-0.0066739720783888
phoneme,budget_10,seed_0,herding,0.6828930417692042,597.7266439682827,0.0,0.0,0.0,-0.087895269631427
phoneme,budget_10,seed_0,histdistill_density,0.6894338282656449,150.29509734346234,0.0,0.0,0.0,-0.1114472204933247
phoneme,budget_10,seed_0,histdistill_refined,0.6901972847539927,147.20232658563333,0.0,0.0,0.0,-0.1164778492930753
phoneme,budget_10,seed_0,random,0.6508142434802715,487.122613635704,0.0,0.0,0.0,0.1643372916455683
phoneme,budget_10,seed_1,gain_path_refined,0.6892389383454176,199.28641819718203,0.0,0.0,0.0,0.2397744550087797
phoneme,budget_10,seed_1,herding,0.6828930417692042,646.090171955039,0.0,0.0,0.0,0.0750355850763785
phoneme,budget_10,seed_1,histdistill_density,0.6877273027565363,223.8575432514296,0.0,0.0,0.0,0.1832949720731775
phoneme,budget_10,seed_1,histdistill_refined,0.6886307331494541,218.93926840991224,0.0,0.0,0.0,0.187083455089687
phoneme,budget_10,seed_1,random,0.576054965563942,216.59800230541867,0.0,0.0,0.0,-0.0034352012314235
phoneme,budget_10,seed_2,gain_path_refined,0.6896200472360314,195.74108696089945,0.0,0.0,0.0,-0.2102522036343301
phoneme,budget_10,seed_2,herding,0.6828930417692042,634.8965388217479,0.0,0.0,0.0,-0.2146341274788424
phoneme,budget_10,seed_2,histdistill_density,0.6671420549325318,197.30420453745467,0.0,0.0,0.0,-0.2648255916538397
phoneme,budget_10,seed_2,histdistill_refined,0.6685182585429501,184.529587686716,0.0,0.0,0.0,-0.2712408125566869
phoneme,budget_10,seed_2,random,0.6176990602341983,192.9817700847343,0.0,0.0,0.0,-0.0863859681768599
phoneme,budget_100,seed_0,gain_path_refined,0.8941115992534725,170.67098808386157,0.0,0.0,0.0,0.047444622655016
phoneme,budget_100,seed_0,herding,0.807131649792723,405.9396122640148,0.0,0.0,0.0,-0.0279637013598066
phoneme,budget_100,seed_0,histdistill_density,0.8904788841726262,144.23273058152873,0.0,0.0,0.0,0.0084745150453346
phoneme,budget_100,seed_0,histdistill_refined,0.8915825722166251,156.42068034802773,0.0,0.0,0.0,-0.0123180291153415
phoneme,budget_100,seed_0,random,0.8820284241993823,156.03929647008317,0.0,0.0,0.0,0.1428679798729831
phoneme,budget_100,seed_1,gain_path_refined,0.8837836721885477,197.62479698124304,0.0,0.0,0.0,0.2864811792366701
phoneme,budget_100,seed_1,herding,0.807131649792723,639.9299048943037,0.0,0.0,0.0,0.0738070536952261
phoneme,budget_100,seed_1,histdistill_density,0.8832345120319752,178.0494039756436,0.0,0.0,0.0,0.2730332995428724
phoneme,budget_100,seed_1,histdistill_refined,0.8820565015607711,188.26853292951012,0.0,0.0,0.0,0.2759405542910697
phoneme,budget_100,seed_1,random,0.8769067831601897,268.23137277605804,0.0,0.0,0.0,0.2902737354850784
phoneme,budget_100,seed_2,gain_path_refined,0.8914615918212296,186.43068708537575,0.0,0.0,0.0,-0.2269911698809471
phoneme,budget_100,seed_2,herding,0.807131649792723,567.5807157807883,0.0,0.0,0.0,-0.1397065177683181
phoneme,budget_100,seed_2,histdistill_density,0.8924273704725255,164.79820753743633,0.0,0.0,0.0,-0.2472323507446294
phoneme,budget_100,seed_2,histdistill_refined,0.8861240028407684,165.15773481823197,0.0,0.0,0.0,-0.2484294688749286
phoneme,budget_100,seed_2,random,0.8696797529192197,158.97904738018602,0.0,0.0,0.0,-0.3377200328397412
phoneme,budget_200,seed_0,gain_path_refined,0.9080710026921235,170.6709880838615,0.0,0.0,0.0,0.0565258697611236
phoneme,budget_200,seed_0,herding,0.8338720332964474,394.7367286261648,0.0,0.0,0.0,-0.0251000260372332
phoneme,budget_200,seed_0,histdistill_density,0.9081370670718616,168.3431510276798,0.0,0.0,0.0,0.0055557562402918
phoneme,budget_200,seed_0,histdistill_refined,0.9049172543643781,155.4775359669611,0.0,0.0,0.0,-0.0109019976158653
phoneme,budget_200,seed_0,random,0.9023605628685154,184.7783153729796,0.0,0.0,0.0,0.104273380775205
phoneme,budget_200,seed_1,gain_path_refined,0.907523081242671,193.7696878095165,0.0,0.0,0.0,0.3116319250757792
phoneme,budget_200,seed_1,herding,0.8338720332964474,550.6985090874962,0.0,0.0,0.0,0.0874793077326497
phoneme,budget_200,seed_1,histdistill_density,0.9087675689959867,166.57256041367566,0.0,0.0,0.0,0.2937028607131699
phoneme,budget_200,seed_1,histdistill_refined,0.9070775595818125,152.89797911585677,0.0,0.0,0.0,0.3043882970245267
phoneme,budget_200,seed_1,random,0.899110195385403,214.7911718955285,0.0,0.0,0.0,0.2416599457450507
phoneme,budget_200,seed_2,gain_path_refined,0.9079508481014749,190.65935715705055,0.0,0.0,0.0,-0.2228506787330317
phoneme,budget_200,seed_2,herding,0.8338720332964474,502.75448954415447,0.0,0.0,0.0,-0.1305429135366384
phoneme,budget_200,seed_2,histdistill_density,0.9089723685731746,177.71517201891953,0.0,0.0,0.0,-0.2719874357509994
phoneme,budget_200,seed_2,histdistill_refined,0.9074834426148282,177.87163361729858,0.0,0.0,0.0,-0.2287923384439661
phoneme,budget_200,seed_2,random,0.8984276677622344,158.07557339947022,0.0,0.0,0.0,-0.2440645017815008
phoneme,budget_25,seed_0,gain_path_refined,0.8378429154210778,202.6145743758466,0.0,0.0,0.0,0.0374120176983489
phoneme,budget_25,seed_0,herding,0.7939418963780204,375.9565659651497,0.0,0.0,0.0,-0.0524047432425326
phoneme,budget_25,seed_0,histdistill_density,0.8343617355112556,182.37319110072235,0.0,0.0,0.0,-0.0732667687944833
phoneme,budget_25,seed_0,histdistill_refined,0.8365195633144499,177.29966149751476,0.0,0.0,0.0,-0.0700734040565716
phoneme,budget_25,seed_0,random,0.8302760665268304,303.55859386937914,0.0,0.0,0.0,0.2120254100720882
phoneme,budget_25,seed_1,gain_path_refined,0.837619948139462,214.79117189552872,0.0,0.0,0.0,0.2981737981688986
phoneme,budget_25,seed_1,herding,0.7939418963780204,620.3981898628431,0.0,0.0,0.0,0.0831964894958269
phoneme,budget_25,seed_1,histdistill_density,0.8309346458123441,206.5835493899413,0.0,0.0,0.0,0.1700191906900862
phoneme,budget_25,seed_1,histdistill_refined,0.8348914892562803,182.63727935499523,0.0,0.0,0.0,0.2727817554908816
phoneme,budget_25,seed_1,random,0.8258481014748874,247.95322766446975,0.0,0.0,0.0,0.1923005836602677
phoneme,budget_25,seed_2,gain_path_refined,0.8184583876988125,215.06999629356395,0.0,0.0,0.0,-0.1915628661241719
phoneme,budget_25,seed_2,herding,0.7939418963780204,517.2150356053644,0.0,0.0,0.0,-0.1572956248059419
phoneme,budget_25,seed_2,histdistill_density,0.824977290369465,215.972761780846,0.0,0.0,0.0,-0.1691584089252581
phoneme,budget_25,seed_2,histdistill_refined,0.8229804944918824,199.9965340746087,0.0,0.0,0.0,-0.2201848969051794
phoneme,budget_25,seed_2,random,0.785032288965597,78.64379200205626,0.0,0.0,0.0,-0.0735798295195908
phoneme,budget_50,seed_0,gain_path_refined,0.8753877153285877,170.67098808386163,0.0,0.0,0.0,0.0488825150754609
phoneme,budget_50,seed_0,herding,0.813333443440633,410.6473213463763,0.0,0.0,0.0,-0.0694606827867934
phoneme,budget_50,seed_0,histdistill_density,0.8748542454622029,145.2386214987898,0.0,0.0,0.0,-0.0465628725210418
phoneme,budget_50,seed_0,histdistill_refined,0.8757015211323435,170.77471170583092,0.0,0.0,0.0,-0.0204240869847921
phoneme,budget_50,seed_0,random,0.8523646918922492,188.357732228286,0.0,0.0,0.0,0.1587073375513671
phoneme,budget_50,seed_1,gain_path_refined,0.8668435265165904,198.017905438362,0.0,0.0,0.0,0.3220718279859151
phoneme,budget_50,seed_1,herding,0.813333443440633,669.4960077428007,0.0,0.0,0.0,0.1003573059921656
phoneme,budget_50,seed_1,histdistill_density,0.868294052554214,178.48800555961898,0.0,0.0,0.0,0.2943477304547673
phoneme,budget_50,seed_1,histdistill_refined,0.8695525789882241,176.06160197158414,0.0,0.0,0.0,0.298950898479987
phoneme,budget_50,seed_1,random,0.8509794044296168,325.47074774271573,0.0,0.0,0.0,0.2931082300583045
phoneme,budget_50,seed_2,gain_path_refined,0.8746911490247247,194.02733569082176,0.0,0.0,0.0,-0.2453370529364388
phoneme,budget_50,seed_2,herding,0.813333443440633,634.9995770394685,0.0,0.0,0.0,-0.1458952476938466
phoneme,budget_50,seed_2,histdistill_density,0.875276644590153,185.0939115333612,0.0,0.0,0.0,-0.3071110659609003
phoneme,budget_50,seed_2,histdistill_refined,0.875012387071201,176.2696708668311,0.0,0.0,0.0,-0.2967762838177394
phoneme,budget_50,seed_2,random,0.8452970419673971,119.08653412475788,0.0,0.0,0.0,-0.2161808922422273
qsar_biodeg,budget_10,seed_0,gain_path_refined,0.6963782696177063,46.52155687158793,0.0,0.0,0.0,-0.0290394583924753
qsar_biodeg,budget_10,seed_0,herding,0.7113480885311871,58.55539684290415,0.0,0.0,0.0,-0.2134810798558696
qsar_biodeg,budget_10,seed_0,histdistill_density,0.6977665995975855,31.092671214624907,0.0,0.0,0.0,0.0175917130437479
qsar_biodeg,budget_10,seed_0,histdistill_refined,0.6985412474849094,31.321792641494195,0.0,0.0,0.0,0.0296761643119734
qsar_biodeg,budget_10,seed_0,random,0.6542857142857142,58.71068237763475,0.0,0.0,0.0,-0.1512264490159886
qsar_biodeg,budget_10,seed_1,gain_path_refined,0.6936217303822938,58.01226071888972,0.0,0.0,0.0,0.1694369473909673
qsar_biodeg,budget_10,seed_1,herding,0.7113480885311871,58.01226071888972,0.0,0.0,0.0,-0.0051691093808761
qsar_biodeg,budget_10,seed_1,histdistill_density,0.6882092555331992,57.3360728915856,0.0,0.0,0.0,0.0969303610227727
qsar_biodeg,budget_10,seed_1,histdistill_refined,0.6885412474849095,59.29022344547568,0.0,0.0,0.0,0.0785677555094563
qsar_biodeg,budget_10,seed_1,random,0.6663380281690141,71.96556298712858,0.0,0.0,0.0,0.1020504297665926
qsar_biodeg,budget_10,seed_2,gain_path_refined,0.6980181086519115,34.590372778932704,0.0,0.0,0.0,0.0421072263197921
qsar_biodeg,budget_10,seed_2,herding,0.7113480885311871,57.26976096518553,0.0,0.0,0.0,-0.1437818535474526
qsar_biodeg,budget_10,seed_2,histdistill_density,0.698963782696177,30.296180124700403,0.0,0.0,0.0,-0.0124520772887515
qsar_biodeg,budget_10,seed_2,histdistill_refined,0.6965191146881288,31.310067023769506,0.0,0.0,0.0,0.0327413395486275
qsar_biodeg,budget_10,seed_2,random,0.6801810865191147,71.31357873876651,0.0,0.0,0.0,-0.2825137269408971
qsar_biodeg,budget_100,seed_0,gain_path_refined,0.9082092555331991,26.67923171773933,0.0,0.0,0.0,-0.0202519512318998
qsar_biodeg,budget_100,seed_0,herding,0.8674748490945674,39.64087885463165,0.0,0.0,0.0,-0.0051459846729437
qsar_biodeg,budget_100,seed_0,histdistill_density,0.9100402414486922,22.416706882658936,0.0,0.0,0.0,-0.0114285714285714
qsar_biodeg,budget_100,seed_0,histdistill_refined,0.9081388329979878,23.536501939297743,0.0,0.0,0.0,-0.0058310291858678
qsar_biodeg,budget_100,seed_0,random,0.8613983903420523,27.37116501479149,0.0,0.0,0.0,-0.0608303340657312
qsar_biodeg,budget_100,seed_1,gain_path_refined,0.9119416498993964,27.19736490776041,0.0,0.0,0.0,0.2008268093548137
qsar_biodeg,budget_100,seed_1,herding,0.8674748490945674,34.67671404791569,0.0,0.0,0.0,0.176914355583097
qsar_biodeg,budget_100,seed_1,histdistill_density,0.9140643863179074,26.20883715950085,0.0,0.0,0.0,0.1549690950760469
qsar_biodeg,budget_100,seed_1,histdistill_refined,0.9118913480885311,28.66904225971811,0.0,0.0,0.0,0.1567261615389957
qsar_biodeg,budget_100,seed_1,random,0.8866498993963783,30.920558837603146,0.0,0.0,0.0,0.1438487929688451
qsar_biodeg,budget_100,seed_2,gain_path_refined,0.903672032193159,28.818792829242167,0.0,0.0,0.0,0.0303352594953477
qsar_biodeg,budget_100,seed_2,herding,0.8674748490945674,29.51223183741088,0.0,0.0,0.0,0.0376010649462899
qsar_biodeg,budget_100,seed_2,histdistill_density,0.8983299798792757,26.24139956960044,0.0,0.0,0.0,0.0042338436526215
qsar_biodeg,budget_100,seed_2,histdistill_refined,0.9060865191146881,28.48464801940085,0.0,0.0,0.0,0.0232150115160547
qsar_biodeg,budget_100,seed_2,random,0.8949295774647889,21.95991279321373,0.0,0.0,0.0,-0.1326644842454958
qsar_biodeg,budget_200,seed_0,gain_path_refined,0.9153118712273642,28.398512998295224,0.0,0.0,0.0,-0.0110875916670006
qsar_biodeg,budget_200,seed_0,herding,0.9097082494969818,33.338128041228,0.0,0.0,0.0,-0.0027465437788018
qsar_biodeg,budget_200,seed_0,histdistill_density,0.9183400402414487,27.001742980536054,0.0,0.0,0.0,-0.0204178187403993
qsar_biodeg,budget_200,seed_0,histdistill_refined,0.9157243460764587,30.456741395662966,0.0,0.0,0.0,-0.0601536098310291
qsar_biodeg,budget_200,seed_0,random,0.9048792756539236,27.875265643990133,0.0,0.0,0.0,-0.0218279905192124
qsar_biodeg,budget_200,seed_1,gain_path_refined,0.9108953722334003,26.3934390869821,0.0,0.0,0.0,0.1859718937850429
qsar_biodeg,budget_200,seed_1,herding,0.9097082494969818,30.709869270564205,0.0,0.0,0.0,0.192771000664405
qsar_biodeg,budget_200,seed_1,histdistill_density,0.9085714285714286,20.94328370616004,0.0,0.0,0.0,0.1634210709077019
qsar_biodeg,budget_200,seed_1,histdistill_refined,0.9105835010060364,25.201420834019125,0.0,0.0,0.0,0.1510521563997499
qsar_biodeg,budget_200,seed_1,random,0.9007243460764588,29.36981605330414,0.0,0.0,0.0,0.1993232157153079
qsar_biodeg,budget_200,seed_2,gain_path_refined,0.909728370221328,27.186015258017022,0.0,0.0,0.0,0.0275439265008393
qsar_biodeg,budget_200,seed_2,herding,0.9097082494969818,30.33097356635049,0.0,0.0,0.0,0.0388500125331535
qsar_biodeg,budget_200,seed_2,histdistill_density,0.9175452716297787,23.75930281667621,0.0,0.0,0.0,-0.0001490312965722
qsar_biodeg,budget_200,seed_2,histdistill_refined,0.916046277665996,27.13367290837621,0.0,0.0,0.0,-0.0133653976425958
qsar_biodeg,budget_200,seed_2,random,0.9053621730382293,25.91343156986416,0.0,0.0,0.0,-0.0123662314832711
qsar_biodeg,budget_25,seed_0,gain_path_refined,0.8540845070422536,26.02833062142077,0.0,0.0,0.0,-0.0487481877366378
qsar_biodeg,budget_25,seed_0,herding,0.8446076458752515,53.46472507542328,0.0,0.0,0.0,-0.0881208164698442
qsar_biodeg,budget_25,seed_0,histdistill_density,0.8546478873239437,26.893127520255707,0.0,0.0,0.0,-0.0372906662750057
qsar_biodeg,budget_25,seed_0,histdistill_refined,0.8524446680080484,30.46244851944442,0.0,0.0,0.0,-0.0215485857021659
qsar_biodeg,budget_25,seed_0,random,0.7908148893360161,39.10388316236148,0.0,0.0,0.0,-0.0133230912618583
qsar_biodeg,budget_25,seed_1,gain_path_refined,0.863158953722334,26.73963375846541,0.0,0.0,0.0,0.2099680115565779
qsar_biodeg,budget_25,seed_1,herding,0.8446076458752515,55.43782191221079,0.0,0.0,0.0,0.0578009440127176
qsar_biodeg,budget_25,seed_1,histdistill_density,0.8591046277665996,24.179204564782687,0.0,0.0,0.0,0.1233329340824445
qsar_biodeg,budget_25,seed_1,histdistill_refined,0.8583299798792756,29.038185957994507,0.0,0.0,0.0,0.1153737302048411
qsar_biodeg,budget_25,seed_1,random,0.817374245472837,39.95190383313346,0.0,0.0,0.0,0.1206687713290216
qsar_biodeg,budget_25,seed_2,gain_path_refined,0.8351006036217304,36.18097024208304,0.0,0.0,0.0,0.0146419385180224
qsar_biodeg,budget_25,seed_2,herding,0.8446076458752515,54.849432222746536,0.0,0.0,0.0,-0.0508608171180572
qsar_biodeg,budget_25,seed_2,histdistill_density,0.8374044265593561,29.80534746889656,0.0,0.0,0.0,-0.0256340342016613
qsar_biodeg,budget_25,seed_2,histdistill_refined,0.8401609657947686,28.303424175782705,0.0,0.0,0.0,-0.0101818058681546
qsar_biodeg,budget_25,seed_2,random,0.7769014084507042,44.99205455900032,0.0,0.0,0.0,-0.2145547955292534
qsar_biodeg,budget_50,seed_0,gain_path_refined,0.8728370221327968,32.37739406968652,0.0,0.0,0.0,-0.011351975767995
qsar_biodeg,budget_50,seed_0,herding,0.8477162977867204,53.46472507542327,0.0,0.0,0.0,-0.0532322313213765
qsar_biodeg,budget_50,seed_0,histdistill_density,0.877062374245473,31.2401825281841,0.0,0.0,0.0,-0.0179662610331447
qsar_biodeg,budget_50,seed_0,histdistill_refined,0.8734808853118713,28.285642197229464,0.0,0.0,0.0,0.0059355021060252
qsar_biodeg,budget_50,seed_0,random,0.8628470824949698,32.746068139200965,0.0,0.0,0.0,-0.0274730592671644
qsar_biodeg,budget_50,seed_1,gain_path_refined,0.8856438631790745,23.823864285842088,0.0,0.0,0.0,0.2203157638790012
qsar_biodeg,budget_50,seed_1,herding,0.8477162977867204,42.84371774290417,0.0,0.0,0.0,0.1142926623787097
qsar_biodeg,budget_50,seed_1,histdistill_density,0.8748390342052315,24.358116605846707,0.0,0.0,0.0,0.1981877182232972
qsar_biodeg,budget_50,seed_1,histdistill_refined,0.8706539235412475,24.28008552156095,0.0,0.0,0.0,0.2188280763043723
qsar_biodeg,budget_50,seed_1,random,0.8433098591549296,28.31824448414576,0.0,0.0,0.0,0.0892704282959492
qsar_biodeg,budget_50,seed_2,gain_path_refined,0.868138832997988,26.54994570201449,0.0,0.0,0.0,0.0087357988388185
qsar_biodeg,budget_50,seed_2,herding,0.8477162977867204,40.45344193871673,0.0,0.0,0.0,0.0018123183597419
qsar_biodeg,budget_50,seed_2,histdistill_density,0.8686016096579477,21.859292882505216,0.0,0.0,0.0,-0.053871517869468
qsar_biodeg,budget_50,seed_2,histdistill_refined,0.866549295774648,25.098974841242494,0.0,0.0,0.0,-0.027333694621325
qsar_biodeg,budget_50,seed_2,random,0.8743460764587525,31.697472832228545,0.0,0.0,0.0,-0.1260921626070721
sick,budget_10,seed_0,gain_path_refined,0.7399031090942539,39.4459166218202,0.0,0.0,0.0,0.0847153275835014
sick,budget_10,seed_0,herding,0.7289967498620225,59.61578893911286,0.0,0.0,0.0,0.062987518090918
sick,budget_10,seed_0,histdistill_density,0.7355920770221378,41.78486638375358,0.0,0.0,0.0,0.0747658428224115
sick,budget_10,seed_0,histdistill_refined,0.7360152081928006,41.86818976812646,0.0,0.0,0.0,0.0641023861773796
sick,budget_10,seed_0,random,0.6399828294597413,31.658186353815573,0.0,0.0,0.0,0.1324155823671226
sick,budget_10,seed_1,gain_path_refined,0.741227693628503,48.60706925048577,0.0,0.0,0.0,0.3502513088277874
sick,budget_10,seed_1,herding,0.7289967498620225,59.70865893781076,0.0,0.0,0.0,0.1601258373814738
sick,budget_10,seed_1,histdistill_density,0.7203930827252101,52.14917572968178,0.0,0.0,0.0,0.2290319419052041
sick,budget_10,seed_1,histdistill_refined,0.7232660820506531,50.21343035013647,0.0,0.0,0.0,0.2266514625408315
sick,budget_10,seed_1,random,0.7452964984362543,48.60706925048577,0.0,0.0,0.0,0.2019210996512075
sick,budget_10,seed_2,gain_path_refined,0.7374011160851168,49.23770142521266,0.0,0.0,0.0,0.2329830116250541
sick,budget_10,seed_2,herding,0.7289967498620225,60.30972903561028,0.0,0.0,0.0,-0.0730314403328332
sick,budget_10,seed_2,histdistill_density,0.7425246826516221,52.21015495159733,0.0,0.0,0.0,0.3497056316082675
sick,budget_10,seed_2,histdistill_refined,0.7442172073342737,52.40739706383137,0.0,0.0,0.0,0.3672540625413619
sick,budget_10,seed_2,random,0.7276415036487398,38.49566645450268,0.0,0.0,0.0,-0.0041760555360472
sick,budget_100,seed_0,gain_path_refined,0.9699270252039002,39.273842843072174,0.0,0.0,0.0,0.2898498192575697
sick,budget_100,seed_0,herding,0.9494603544490097,49.5439293109588,0.0,0.0,0.0,0.126161609344826
sick,budget_100,seed_0,histdistill_density,0.9757282148770466,38.62161692180993,0.0,0.0,0.0,0.2552913227694644
sick,budget_100,seed_0,histdistill_refined,0.9733488685840437,40.32660242741984,0.0,0.0,0.0,0.2703876956234234
sick,budget_100,seed_0,random,0.9642055558962408,36.32099302469566,0.0,0.0,0.0,0.2833875823028596
sick,budget_100,seed_1,gain_path_refined,0.9759643098056049,37.21339571917693,0.0,0.0,0.0,0.4381947897376606
sick,budget_100,seed_1,herding,0.9494603544490097,49.52673571691216,0.0,0.0,0.0,0.2166520531670339
sick,budget_100,seed_1,histdistill_density,0.9748788863678175,32.74835916470897,0.0,0.0,0.0,0.4273752115434641
sick,budget_100,seed_1,histdistill_refined,0.9735297724903417,30.874202222692176,0.0,0.0,0.0,0.4497111270589102
sick,budget_100,seed_1,random,0.9726007236156251,39.390496938687726,0.0,0.0,0.0,0.4284640159334557
sick,budget_100,seed_2,gain_path_refined,0.9701631201324584,39.63952652731892,0.0,0.0,0.0,0.2497894145830621
sick,budget_100,seed_2,herding,0.9494603544490097,50.103797723755584,0.0,0.0,0.0,0.0799703473856442
sick,budget_100,seed_2,histdistill_density,0.9700190102410009,41.2302607746396,0.0,0.0,0.0,0.2080142235498992
sick,budget_100,seed_2,histdistill_refined,0.9674464953700864,40.91555555998514,0.0,0.0,0.0,0.2075891757968194
sick,budget_100,seed_2,random,0.9676457962838045,37.62002997755672,0.0,0.0,0.0,0.2129388927047731
sick,budget_200,seed_0,gain_path_refined,0.9760716256822223,40.7188767756343,0.0,0.0,0.0,0.2821392621772861
sick,budget_200,seed_0,herding,0.966299748574232,46.525671403219135,0.0,0.0,0.0,0.1198216048250962
sick,budget_200,seed_0,histdistill_density,0.9785061629974857,41.99782156161913,0.0,0.0,0.0,0.2486101246601847
sick,budget_200,seed_0,histdistill_refined,0.9776476359845464,42.85190992177931,0.0,0.0,0.0,0.2587690725184297
sick,budget_200,seed_0,random,0.9788986324891151,39.53412748282032,0.0,0.0,0.0,0.2809776885209767
sick,budget_200,seed_1,gain_path_refined,0.980057643956583,40.09914163031825,0.0,0.0,0.0,0.4365016776521224
sick,budget_200,seed_1,herding,0.966299748574232,46.50385474813844,0.0,0.0,0.0,0.1990698221253853
sick,budget_200,seed_1,histdistill_density,0.9778438707303613,36.03625641942924,0.0,0.0,0.0,0.4069496045918389
sick,budget_200,seed_1,histdistill_refined,0.9773655485374378,37.53279918122612,0.0,0.0,0.0,0.4144732813970418
sick,budget_200,seed_1,random,0.9731189059912921,40.69674778144623,0.0,0.0,0.0,0.4319767627085389
sick,budget_200,seed_2,gain_path_refined,0.977341019194211,41.21407106731786,0.0,0.0,0.0,0.2540412352643753
sick,budget_200,seed_2,herding,0.966299748574232,47.058524169546,0.0,0.0,0.0,0.0391463686503166
sick,budget_200,seed_2,histdistill_density,0.976562212546759,43.50771496699499,0.0,0.0,0.0,0.2116012119051578
sick,budget_200,seed_2,histdistill_refined,0.9764947568528853,43.2220170520232,0.0,0.0,0.0,0.2230464001832086
sick,budget_200,seed_2,random,0.9727662966824063,41.21407106731786,0.0,0.0,0.0,0.2363323467393699
sick,budget_25,seed_0,gain_path_refined,0.9356656650518183,42.18781186957999,0.0,0.0,0.0,0.2171823095494291
sick,budget_25,seed_0,herding,0.9125344943889129,59.61578893911287,0.0,0.0,0.0,0.1198784642863601
sick,budget_25,seed_0,histdistill_density,0.9337615747838353,43.45957108568808,0.0,0.0,0.0,0.2038938516017207
sick,budget_25,seed_0,histdistill_refined,0.9268688293370946,43.910484293583146,0.0,0.0,0.0,0.2134385905756027
sick,budget_25,seed_0,random,0.9047372294106826,28.123896990285797,0.0,0.0,0.0,0.255631661976343
sick,budget_25,seed_1,gain_path_refined,0.9248175630097505,38.05642501155687,0.0,0.0,0.0,0.3366345919579704
sick,budget_25,seed_1,herding,0.9125344943889129,59.60979402643071,0.0,0.0,0.0,0.2235167086089701
sick,budget_25,seed_1,histdistill_density,0.9248298276813639,35.01358470213223,0.0,0.0,0.0,0.2900264533254266
sick,budget_25,seed_1,histdistill_refined,0.9227233703317594,37.14207463243544,0.0,0.0,0.0,0.2417458614263723
sick,budget_25,seed_1,random,0.9204912000981175,38.05642501155687,0.0,0.0,0.0,0.3455885983061197
sick,budget_25,seed_2,gain_path_refined,0.9498589562764458,38.55047532838285,0.0,0.0,0.0,0.2000506267464186
sick,budget_25,seed_2,herding,0.9125344943889129,60.26321083118468,0.0,0.0,0.0,-0.0017420209098498
sick,budget_25,seed_2,histdistill_density,0.9467927883730913,42.98335836722863,0.0,0.0,0.0,0.2035425881688314
sick,budget_25,seed_2,histdistill_refined,0.9434261360152082,40.93132145018605,0.0,0.0,0.0,0.1805925831951919
sick,budget_25,seed_2,random,0.9372508738578524,46.670062380654905,0.0,0.0,0.0,0.1461728437340151
sick,budget_50,seed_0,gain_path_refined,0.9478874103145889,40.09291724403434,0.0,0.0,0.0,0.284011031484757
sick,budget_50,seed_0,herding,0.9180168026001103,57.270621692087,0.0,0.0,0.0,0.109012955954112
sick,budget_50,seed_0,histdistill_density,0.9428803581284111,41.30731225434729,0.0,0.0,0.0,0.2551597963887174
sick,budget_50,seed_0,histdistill_refined,0.9442570675170174,42.16218947185056,0.0,0.0,0.0,0.2905160654243235
sick,budget_50,seed_0,random,0.9345986386214509,34.413941875492895,0.0,0.0,0.0,0.2951378607994366
sick,budget_50,seed_1,gain_path_refined,0.9471607285214938,40.06941533621014,0.0,0.0,0.0,0.4746988130578629
sick,budget_50,seed_1,herding,0.9180168026001103,57.26064353413402,0.0,0.0,0.0,0.2918241133769017
sick,budget_50,seed_1,histdistill_density,0.947326301588275,33.77063863899247,0.0,0.0,0.0,0.4232627740379585
sick,budget_50,seed_1,histdistill_refined,0.9434230698473047,36.09101538424251,0.0,0.0,0.0,0.3912086189731589
sick,budget_50,seed_1,random,0.9398632489115103,40.06941533621014,0.0,0.0,0.0,0.3127968123355948
sick,budget_50,seed_2,gain_path_refined,0.952569448703011,36.70674250046153,0.0,0.0,0.0,0.2498606571693311
sick,budget_50,seed_2,herding,0.9180168026001103,57.894763825672655,0.0,0.0,0.0,0.0665077135805541
sick,budget_50,seed_2,histdistill_density,0.9421015514809593,40.67349136235711,0.0,0.0,0.0,0.1732481832120274
sick,budget_50,seed_2,histdistill_refined,0.9446434046728399,39.86217357238285,0.0,0.0,0.0,0.2019138062496228
sick,budget_50,seed_2,random,0.9519439504507267,36.60231488604736,0.0,0.0,0.0,0.1609115118910217
spambase,budget_10,seed_0,gain_path_refined,0.7213849146400466,3.5100093151610747,0.0,0.0,0.0,0.4463969020252262
spambase,budget_10,seed_0,herding,0.763044422721842,5.275749574094647,0.0,0.0,0.0,0.3290184903318877
spambase,budget_10,seed_0,histdistill_density,0.7204231957897647,3.077074865066131,0.0,0.0,0.0,0.441349941399817
spambase,budget_10,seed_0,histdistill_refined,0.7200603295911213,3.071827034982872,0.0,0.0,0.0,0.4392078759936097
spambase,budget_10,seed_0,random,0.7185121004769098,4.485824082393404,0.0,0.0,0.0,0.3868339272571993
spambase,budget_10,seed_1,gain_path_refined,0.7455350178224078,4.584912117270466,0.0,0.0,0.0,0.376681262747991
spambase,budget_10,seed_1,herding,0.763044422721842,5.897897289305251,0.0,0.0,0.0,0.3058447419763261
spambase,budget_10,seed_1,histdistill_density,0.7378550904943866,4.032715738328522,0.0,0.0,0.0,0.3922060255899997
spambase,budget_10,seed_1,histdistill_refined,0.7456174649723037,4.037056040628174,0.0,0.0,0.0,0.3895571050596821
spambase,budget_10,seed_1,random,0.6509222232096132,1.8469026479936304,0.0,0.0,0.0,0.2083486733967642
spambase,budget_10,seed_2,gain_path_refined,0.7339376166355638,2.959648166397766,0.0,1.0,0.0,0.374643102966028
spambase,budget_10,seed_2,herding,0.763044422721842,4.318784542159648,0.0,0.0,0.0,0.3042433102331837
spambase,budget_10,seed_2,histdistill_density,0.6633154615559308,2.659072325196884,0.0,1.0,0.0,0.3767315750877042
spambase,budget_10,seed_2,histdistill_refined,0.733115119918639,2.6525293205420097,0.0,1.0,0.0,0.385040681451812
spambase,budget_10,seed_2,random,0.7109802818013962,3.772539117528439,0.0,0.0,0.0,0.2064046925763646
spambase,budget_100,seed_0,gain_path_refined,0.9412161695152896,0.9075922843566058,0.0,1.0,0.0,0.7467366497863699
spambase,budget_100,seed_0,herding,0.9297826752372208,1.5391040578326365,0.0,0.0,0.0,0.7051702643177409
spambase,budget_100,seed_0,histdistill_density,0.9439537111091363,0.8802530847307085,0.0,1.0,0.0,0.7436331494626229
spambase,budget_100,seed_0,histdistill_refined,0.9410646049942237,0.9772996614536154,0.0,1.0,0.0,0.726378306227992
spambase,budget_100,seed_0,random,0.9290959447850945,1.5018385430702634,0.0,0.0,0.0,0.6909154803590866
spambase,budget_100,seed_1,gain_path_refined,0.9477665215201873,1.021935198181387,0.0,1.0,0.0,0.7295411300259675
spambase,budget_100,seed_1,herding,0.9297826752372208,1.518987600501612,0.0,0.0,0.0,0.6621253172342452
spambase,budget_100,seed_1,histdistill_density,0.9448784027962915,1.0378122114914414,0.0,1.0,0.0,0.7064390410269682
spambase,budget_100,seed_1,histdistill_refined,0.9467524709460193,0.9427076546174992,0.0,1.0,0.0,0.7267214086310174
spambase,budget_100,seed_1,random,0.9457176851605004,1.2819159459717155,0.0,0.0,0.0,0.6408711068862469
spambase,budget_100,seed_2,gain_path_refined,0.9363211785499175,0.8456086967272438,0.0,0.0,0.0,0.7512941807550519
spambase,budget_100,seed_2,herding,0.9297826752372208,1.488886436794099,0.0,0.0,0.0,0.6579655789233674
spambase,budget_100,seed_2,histdistill_density,0.9367240340847379,0.7662648350879868,0.0,0.0,0.0,0.7608666358369826
spambase,budget_100,seed_2,histdistill_refined,0.936117776000474,0.848744579718297,0.0,0.0,0.0,0.7485123196891508
spambase,budget_100,seed_2,random,0.9313471963032078,1.3550430266060067,0.0,0.0,0.0,0.6780184080214435
spambase,budget_200,seed_0,gain_path_refined,0.98016183338764,0.6231190824390249,0.0,0.0,0.0,0.8427460015091293
spambase,budget_200,seed_0,herding,0.9748412768940629,0.9510969320800714,0.0,1.0,0.0,0.7641014965565615
spambase,budget_200,seed_0,histdistill_density,0.9803311709470067,0.5361504647803358,0.0,0.0,0.0,0.8478581739679255
spambase,budget_200,seed_0,histdistill_refined,0.9736035822546085,0.6297404574812027,0.0,0.0,0.0,0.8284737615972714
spambase,budget_200,seed_0,random,0.960641112987154,1.0005688491546785,0.0,0.0,0.0,0.8149039779806518
spambase,budget_200,seed_1,gain_path_refined,0.9785721338507262,0.7287434870917214,0.0,0.0,0.0,0.8409362076342886
spambase,budget_200,seed_1,herding,0.9748412768940629,0.962095662965324,0.0,1.0,0.0,0.7075235073690638
spambase,budget_200,seed_1,histdistill_density,0.9783400969617979,0.7026852803598281,0.0,0.0,0.0,0.8327356350208592
spambase,budget_200,seed_1,histdistill_refined,0.9788693385467578,0.6806648332811734,0.0,1.0,0.0,0.8474192608750951
spambase,budget_200,seed_1,random,0.9749335979541257,0.8335893090638852,0.0,0.0,0.0,0.7635826849825459
spambase,budget_200,seed_2,gain_path_refined,0.9776301628207786,0.6683088460626861,0.0,1.0,0.0,0.8157686683808604
spambase,budget_200,seed_2,herding,0.9748412768940629,0.924501473281921,0.0,1.0,0.0,0.725182142072961
spambase,budget_200,seed_2,histdistill_density,0.9766319105028783,0.624967352773965,0.0,0.0,0.0,0.8169931886208768
spambase,budget_200,seed_2,histdistill_refined,0.9738222893648114,0.648175302838783,0.0,0.0,0.0,0.8253486081844779
spambase,budget_200,seed_2,random,0.9710970901586737,0.9301826608517204,0.0,0.0,0.0,0.7693593489496046
spambase,budget_25,seed_0,gain_path_refined,0.9061682316814281,1.7469328731158107,0.0,0.0,0.0,0.5991164851101942
spambase,budget_25,seed_0,herding,0.9179971760616923,2.5618579272942266,0.0,0.0,0.0,0.4669299490163039
spambase,budget_25,seed_0,histdistill_density,0.8399286116294913,1.6279357054484254,0.0,0.0,0.0,0.6085274656915992
spambase,budget_25,seed_0,histdistill_refined,0.9040547212101464,1.7437614899517635,0.0,0.0,0.0,0.5944831878215338
spambase,budget_25,seed_0,random,0.8797910680608627,3.138076242833531,0.0,0.0,0.0,0.5549786557287342
spambase,budget_25,seed_1,gain_path_refined,0.8958337036049647,2.2377285925494608,0.0,1.0,0.0,0.5163036094154949
spambase,budget_25,seed_1,herding,0.9179971760616923,2.9109328202364604,0.0,0.0,0.0,0.4380401077477869
spambase,budget_25,seed_1,histdistill_density,0.8919759669026529,2.0538705193009035,0.0,1.0,0.0,0.5110540348039035
spambase,budget_25,seed_1,histdistill_refined,0.8944187722780098,1.976707179617468,0.0,1.0,0.0,0.5106985145043128
spambase,budget_25,seed_1,random,0.8177952545987737,3.1499350182987462,0.0,0.0,0.0,0.380781080687615
spambase,budget_25,seed_2,gain_path_refined,0.8922534237783506,1.4717213319173448,0.0,1.0,0.0,0.4662636135354047
spambase,budget_25,seed_2,herding,0.9179971760616923,2.326897095179442,0.0,0.0,0.0,0.4446880481162262
spambase,budget_25,seed_2,histdistill_density,0.8977986117282304,1.4938068828166338,0.0,0.0,0.0,0.4650547286212548
spambase,budget_25,seed_2,histdistill_refined,0.8904035467085322,1.4815393558380656,0.0,1.0,0.0,0.4795392504243488
spambase,budget_25,seed_2,random,0.887320911954343,2.3989152471173285,0.0,0.0,0.0,0.4167210281634416
spambase,budget_50,seed_0,gain_path_refined,0.871725564540814,1.6591860653465764,0.0,1.0,0.0,0.6534885019373093
spambase,budget_50,seed_0,herding,0.9235240972777629,2.4182531959254745,0.0,0.0,0.0,0.5501744178158696
spambase,budget_50,seed_0,histdistill_density,0.9275151317673312,1.8633044975418849,0.0,1.0,0.0,0.6441283584807631
spambase,budget_50,seed_0,histdistill_refined,0.8612715621513276,1.648354378316999,0.0,1.0,0.0,0.6645276842020027
spambase,budget_50,seed_0,random,0.9150310534474757,1.5749879664269408,0.0,0.0,0.0,0.6126991068326658
spambase,budget_50,seed_1,gain_path_refined,0.9278809601390247,1.8922196229520345,0.0,1.0,0.0,0.6241895120629747
spambase,budget_50,seed_1,herding,0.9235240972777629,2.280230962869932,0.0,0.0,0.0,0.5285970967350104
spambase,budget_50,seed_1,histdistill_density,0.9258108948724786,1.8070441976616192,0.0,1.0,0.0,0.6203238885285387
spambase,budget_50,seed_1,histdistill_refined,0.9258523652951807,1.8288778056509565,0.0,1.0,0.0,0.6209645316064301
spambase,budget_50,seed_1,random,0.8529453874028654,2.21687657126032,0.0,0.0,0.0,0.4705335268447074
spambase,budget_50,seed_2,gain_path_refined,0.922595456026541,1.6511696269485543,0.0,0.0,0.0,0.6484280468110798
spambase,budget_50,seed_2,herding,0.9235240972777629,1.8736130746250037,0.0,0.0,0.0,0.5311358095261342
spambase,budget_50,seed_2,histdistill_density,0.9226932077371959,1.69822023109253,0.0,0.0,0.0,0.6466405332092566
spambase,budget_50,seed_2,histdistill_refined,0.9225757082062067,1.6787354014936244,0.0,0.0,0.0,0.6530968588831282
spambase,budget_50,seed_2,random,0.9156141078428469,2.100550906924837,0.0,0.0,0.0,0.524134460745174
tic_tac_toe,budget_10,seed_0,gain_path_refined,0.6238089552238806,7.052462649296523,0.0,0.0,0.0,0.6584242794883444
tic_tac_toe,budget_10,seed_0,herding,0.5791164179104478,17.12761414398926,0.0,0.0,0.0,-0.1664117189927576
tic_tac_toe,budget_10,seed_0,histdistill_density,0.619510447761194,6.654982206808717,0.0,1.0,0.0,0.3725490196078431
tic_tac_toe,budget_10,seed_0,histdistill_refined,0.6188417910447761,6.598629606392262,0.0,1.0,0.0,0.3890608875128998
tic_tac_toe,budget_10,seed_0,random,0.5829134328358209,28.67547103886913,0.0,0.0,0.0,0.0528227189033743
tic_tac_toe,budget_10,seed_1,gain_path_refined,0.5789731343283583,10.229758782524582,0.0,0.0,0.0,0.0319827970289081
tic_tac_toe,budget_10,seed_1,herding,0.5791164179104478,16.68898056522926,0.0,0.0,0.0,0.0145381845736292
tic_tac_toe,budget_10,seed_1,histdistill_density,0.6021970149253731,6.735756190315039,0.0,0.0,0.0,0.2652218782249742
tic_tac_toe,budget_10,seed_1,histdistill_refined,0.6036537313432836,6.591528708477306,0.0,0.0,0.0,0.2425180598555212
tic_tac_toe,budget_10,seed_1,random,0.5233910447761194,42.62594767418623,0.0,1.0,0.0,0.2756966230886375
tic_tac_toe,budget_10,seed_2,gain_path_refined,0.605241791044776,7.233559137243938,0.0,0.0,0.0,0.0653816404304529
tic_tac_toe,budget_10,seed_2,herding,0.5791164179104478,17.013571770910783,0.0,0.0,0.0,-0.1661506808414775
tic_tac_toe,budget_10,seed_2,histdistill_density,0.6223283582089552,8.26666423497401,0.0,0.0,0.0,0.0939112487100103
tic_tac_toe,budget_10,seed_2,histdistill_refined,0.6221611940298508,8.228033707562137,0.0,0.0,0.0,0.0567595459236326
tic_tac_toe,budget_10,seed_2,random,0.5640835820895522,47.766835879685466,0.0,0.0,0.0,0.3015383856316757
tic_tac_toe,budget_100,seed_0,gain_path_refined,0.923223880597015,8.960682520568923,0.0,1.0,0.0,0.7330925086391382
tic_tac_toe,budget_100,seed_0,herding,0.8868059701492538,10.825994280346762,0.0,1.0,0.0,0.7027863777089782
tic_tac_toe,budget_100,seed_0,histdistill_density,0.9204298507462687,7.211114567850052,0.0,1.0,0.0,0.8286893704850361
tic_tac_toe,budget_100,seed_0,histdistill_refined,0.9189850746268657,6.378599543010944,0.0,1.0,0.0,0.78328173374613
tic_tac_toe,budget_100,seed_0,random,0.8947582089552238,12.462385049324748,0.0,1.0,0.0,0.5410429218688851
tic_tac_toe,budget_100,seed_1,gain_path_refined,0.9073432835820896,9.770817001237909,0.0,0.0,0.0,0.7578731004804613
tic_tac_toe,budget_100,seed_1,herding,0.8868059701492538,10.741898074942547,0.0,0.0,0.0,0.7585139318885449
tic_tac_toe,budget_100,seed_1,histdistill_density,0.9232955223880598,7.456893550978178,0.0,0.0,0.0,0.7812177502579979
tic_tac_toe,budget_100,seed_1,histdistill_refined,0.9173253731343284,7.580534296112857,0.0,0.0,0.0,0.7358101135190918
tic_tac_toe,budget_100,seed_1,random,0.883223880597015,6.538907822411229,0.0,0.0,0.0,0.4793390987526608
tic_tac_toe,budget_100,seed_2,gain_path_refined,0.8950208955223881,10.898036862436344,0.0,0.0,0.0,0.7316821465428276
tic_tac_toe,budget_100,seed_2,herding,0.8868059701492538,11.048372194966218,0.0,0.0,0.0,0.6553147574819401
tic_tac_toe,budget_100,seed_2,histdistill_density,0.9043820895522389,8.320096457045084,0.0,0.0,0.0,0.8183694530443757
tic_tac_toe,budget_100,seed_2,histdistill_refined,0.902734328358209,8.368211484087306,0.0,0.0,0.0,0.8101135190918473
tic_tac_toe,budget_100,seed_2,random,0.8752716417910447,4.774024695458204,0.0,0.0,0.0,0.5149638802889577
tic_tac_toe,budget_200,seed_0,gain_path_refined,0.9552238805970148,9.662953346809749,0.0,1.0,0.0,0.7275541795665634
tic_tac_toe,budget_200,seed_0,herding,0.9469611940298508,8.857375602353903,0.0,1.0,0.0,0.7867837909620046
tic_tac_toe,budget_200,seed_0,histdistill_density,0.9586865671641791,7.026910861007307,0.0,1.0,0.0,0.7894736842105263
tic_tac_toe,budget_200,seed_0,histdistill_refined,0.9584000000000001,7.880877060784613,0.0,1.0,0.0,0.7337461300309597
tic_tac_toe,budget_200,seed_0,random,0.9594985074626866,10.501469270227512,0.0,1.0,0.0,0.7186371633983665
tic_tac_toe,budget_200,seed_1,gain_path_refined,0.9588537313432836,9.606223867370154,0.0,0.0,0.0,0.7378740970072238
tic_tac_toe,budget_200,seed_1,herding,0.9469611940298508,8.819460036295652,0.0,0.0,0.0,0.7248323113586973
tic_tac_toe,budget_200,seed_1,histdistill_density,0.9663761194029851,6.751491543122514,0.0,0.0,0.0,0.7523219814241485
tic_tac_toe,budget_200,seed_1,histdistill_refined,0.9626268656716418,7.591558039233714,0.0,0.0,0.0,0.7420020639834881
tic_tac_toe,budget_200,seed_1,random,0.962244776119403,6.316920315685261,0.0,0.0,0.0,0.5830753353973168
tic_tac_toe,budget_200,seed_2,gain_path_refined,0.9579940298507463,9.886233900642948,0.0,0.0,0.0,0.7981415622226111
tic_tac_toe,budget_200,seed_2,herding,0.9469611940298508,9.081276691250237,0.0,0.0,0.0,0.8074342841631071
tic_tac_toe,budget_200,seed_2,histdistill_density,0.95995223880597,6.8894905911871485,0.0,0.0,0.0,0.8018575851393188
tic_tac_toe,budget_200,seed_2,histdistill_refined,0.9587820895522388,8.716697237076449,0.0,0.0,0.0,0.7420020639834881
tic_tac_toe,budget_200,seed_2,random,0.9671641791044776,8.309052676632527,0.0,0.0,0.0,0.7234262125902993
tic_tac_toe,budget_25,seed_0,gain_path_refined,0.7850268656716418,9.719400753611712,0.0,1.0,0.0,0.4181094439693037
tic_tac_toe,budget_25,seed_0,herding,0.6484298507462687,13.962078712956242,0.0,0.0,0.0,0.4214878282135466
tic_tac_toe,budget_25,seed_0,histdistill_density,0.788489552238806,6.314968568342483,0.0,1.0,0.0,0.4035087719298245
tic_tac_toe,budget_25,seed_0,histdistill_refined,0.7857671641791045,6.440401692946342,0.0,1.0,0.0,0.391124871001032
tic_tac_toe,budget_25,seed_0,random,0.7015164179104478,24.8951998104951,0.0,0.0,0.0,0.5278928436694175
tic_tac_toe,budget_25,seed_1,gain_path_refined,0.7513313432835821,6.750145458820754,0.0,0.0,0.0,0.5564814645986088
tic_tac_toe,budget_25,seed_1,herding,0.6484298507462687,13.59868884837455,0.0,0.0,0.0,0.4886366243750185
tic_tac_toe,budget_25,seed_1,histdistill_density,0.7721910447761194,4.579653076606622,0.0,0.0,0.0,0.7048503611971104
tic_tac_toe,budget_25,seed_1,histdistill_refined,0.7712358208955223,4.667984540681464,0.0,0.0,0.0,0.6718266253869969
tic_tac_toe,budget_25,seed_1,random,0.6972179104477612,24.309686921068312,0.0,0.0,0.0,0.3779040255801755
tic_tac_toe,budget_25,seed_2,gain_path_refined,0.7730388059701492,9.942640253429888,0.0,0.0,0.0,0.658716319693347
tic_tac_toe,budget_25,seed_2,herding,0.6484298507462687,13.850518144488952,0.0,0.0,0.0,0.3966944265539262
tic_tac_toe,budget_25,seed_2,histdistill_density,0.7695283582089553,6.560423978763935,0.0,0.0,0.0,0.760577915376677
tic_tac_toe,budget_25,seed_2,histdistill_refined,0.7684776119402985,6.395366441736379,0.0,0.0,0.0,0.7502579979360166
tic_tac_toe,budget_25,seed_2,random,0.6615641791044776,19.961483214168275,0.0,0.0,0.0,0.3397006131581359
tic_tac_toe,budget_50,seed_0,gain_path_refined,0.8175761194029851,9.831528078204848,0.0,1.0,0.0,0.7696285098507162
tic_tac_toe,budget_50,seed_0,herding,0.7292776119402985,8.536134119048855,0.0,0.0,0.0,0.7110423116615068
tic_tac_toe,budget_50,seed_0,histdistill_density,0.8214925373134327,7.507452835664745,0.0,1.0,0.0,0.8121775025799793
tic_tac_toe,budget_50,seed_0,histdistill_refined,0.8162029850746269,6.82878010005171,0.0,1.0,0.0,0.8204334365325078
tic_tac_toe,budget_50,seed_0,random,0.7615522388059702,15.542427554462908,0.0,1.0,0.0,0.6525350047657551
tic_tac_toe,budget_50,seed_1,gain_path_refined,0.8130388059701493,8.111488901824957,0.0,0.0,0.0,0.7759984573745413
tic_tac_toe,budget_50,seed_1,herding,0.7292776119402985,8.29972996576227,0.0,0.0,0.0,0.6904024767801857
tic_tac_toe,budget_50,seed_1,histdistill_density,0.8132417910447762,5.978314627437408,0.0,0.0,0.0,0.8286893704850361
tic_tac_toe,budget_50,seed_1,histdistill_refined,0.8144955223880597,5.90928624739753,0.0,0.0,0.0,0.8224974200206397
tic_tac_toe,budget_50,seed_1,random,0.7649910447761193,12.957739622394778,0.0,0.0,0.0,0.4068147160617189
tic_tac_toe,budget_50,seed_2,gain_path_refined,0.8090268656716418,8.356860999688623,0.0,0.0,0.0,0.6311454119979603
tic_tac_toe,budget_50,seed_2,herding,0.7292776119402985,8.428761902821007,0.0,0.0,0.0,0.6821465428276574
tic_tac_toe,budget_50,seed_2,histdistill_density,0.8182328358208956,5.890594812417048,0.0,0.0,0.0,0.7234262125902993
tic_tac_toe,budget_50,seed_2,histdistill_refined,0.8181970149253731,5.984017283479926,0.0,0.0,0.0,0.6821465428276574
tic_tac_toe,budget_50,seed_2,random,0.7428537313432836,13.910999263367511,0.0,0.0,0.0,0.2097108557042891
