dataset,method,method_label,density_beta,budget,seed,mmd2,rows,mlp_auroc,xgboost_auroc,sld_inf_norm,sld_rank_correlation_direct
adult,histdistill_refined,beta=0.00,0.0,budget_50,seed_0,0.006643988158727909,100,0.5857963765394636,0.879477085265027,2.2892597773596,0.6009799016289438
adult,histdistill_refined,beta=0.00,0.0,budget_50,seed_2,0.007409677044584062,100,0.5332089175023683,0.8748898304996424,1.8902508471656867,0.615636043236714
adult,histdistill_refined,beta=0.00,0.0,budget_50,seed_1,0.004771476491743476,100,0.5,0.8657288696027365,2.431961338186384,0.6394588640297103
adult,histdistill_refined,beta=0.00,0.0,budget_25,seed_0,0.00895501356503925,50,0.5590918454941587,0.8356879006183388,2.419007098754076,0.5615058754094764
adult,histdistill_refined,beta=0.00,0.0,budget_25,seed_2,0.006861108227062651,50,0.6068601596862832,0.8397524907773755,3.072977201387796,0.472807837729548
adult,histdistill_refined,beta=0.00,0.0,budget_25,seed_1,0.009315089998735981,50,0.5282009602854801,0.8235385974523705,3.536486362804212,0.5250015974750339
adult,histdistill_density_weak,beta=0.15,0.15,budget_50,seed_0,0.007496456968087761,100,0.5168397359892362,0.8707383901235322,2.666895653739493,0.5887209253829607
adult,histdistill_density_weak,beta=0.15,0.15,budget_50,seed_2,0.006187652012230149,100,0.5641388853087299,0.8793773812158266,1.967851135242388,0.6024549472817146
adult,histdistill_density_weak,beta=0.15,0.15,budget_50,seed_1,0.003684171092007027,100,0.5862229848057281,0.8640385906780536,2.56699806776535,0.6078988697676639
adult,histdistill_density_weak,beta=0.15,0.15,budget_25,seed_0,0.009265841332626312,50,0.5864670339157045,0.8387505866732163,2.2098996338864434,0.5812589751116402
adult,histdistill_density_weak,beta=0.15,0.15,budget_25,seed_2,0.006653790052799868,50,0.5001634521085322,0.8370655187615577,3.07952176922479,0.4679525527214789
adult,histdistill_density_weak,beta=0.15,0.15,budget_25,seed_1,0.009282963160249236,50,0.5,0.8246448955174518,3.433202128903261,0.5206381375602313
adult,histdistill_density_mid,beta=0.35,0.35,budget_50,seed_0,0.007080279679773427,100,0.5856888559707266,0.8706173209209318,2.614042245226188,0.593730849784381
adult,histdistill_density_mid,beta=0.35,0.35,budget_50,seed_2,0.006204126932034759,100,0.5705416570118176,0.8795368382143736,1.9555378677329247,0.6017878564690745
adult,histdistill_density_mid,beta=0.35,0.35,budget_50,seed_1,0.0036298731082393676,100,0.5606271836315828,0.8659614544840593,2.531789463726506,0.609336855511823
adult,histdistill_density_mid,beta=0.35,0.35,budget_25,seed_0,0.00926586012427777,50,0.5864670339157045,0.8387505866732163,2.2098999019168617,0.581075023853503
adult,histdistill_density_mid,beta=0.35,0.35,budget_25,seed_2,0.006653790073327781,50,0.5001634521085322,0.8370655187615577,3.079521768205154,0.4678851307354105
adult,histdistill_density_mid,beta=0.35,0.35,budget_25,seed_1,0.009282962421280239,50,0.5,0.8246448955174518,3.433202255366937,0.5199074771977332
adult,histdistill_density_strong,beta=0.70,0.7,budget_50,seed_0,0.007080279679773427,100,0.5856888559707266,0.8706173209209318,2.614042245226188,0.593730849784381
adult,histdistill_density_strong,beta=0.70,0.7,budget_50,seed_2,0.006204126932034759,100,0.5705416570118176,0.8795368382143736,1.9555378677329247,0.6017878564690745
adult,histdistill_density_strong,beta=0.70,0.7,budget_50,seed_1,0.0036298731082393676,100,0.5606271836315828,0.8659614544840593,2.531789463726506,0.609336855511823
adult,histdistill_density_strong,beta=0.70,0.7,budget_25,seed_0,0.00926586012427777,50,0.5864670339157045,0.8387505866732163,2.2098999019168617,0.581075023853503
adult,histdistill_density_strong,beta=0.70,0.7,budget_25,seed_2,0.006653790073327781,50,0.5001634521085322,0.8370655187615577,3.079521768205154,0.4678851307354105
adult,histdistill_density_strong,beta=0.70,0.7,budget_25,seed_1,0.009282962421280239,50,0.5,0.8246448955174518,3.433202255366937,0.5199074771977332
adult,histdistill_density_xstrong,beta=1.25,1.25,budget_50,seed_0,0.007797851276595935,100,0.5,0.8689847105403855,2.6466343422869563,0.5901972042257452
adult,histdistill_density_xstrong,beta=1.25,1.25,budget_50,seed_2,0.006249103387044652,100,0.5,0.8792696869466555,1.9217964152014724,0.6011281534966766
adult,histdistill_density_xstrong,beta=1.25,1.25,budget_50,seed_1,0.0036373196463381774,100,0.5681324319902006,0.8635994759805303,2.552403754195196,0.6095840692676205
adult,histdistill_density_xstrong,beta=1.25,1.25,budget_25,seed_0,0.009265866646799625,50,0.5864670339157045,0.8387505866732163,2.209900013949483,0.581245811927806
adult,histdistill_density_xstrong,beta=1.25,1.25,budget_25,seed_2,0.006653789993125936,50,0.5001634521085322,0.8370655187615577,3.0795218198195538,0.4679860524747343
adult,histdistill_density_xstrong,beta=1.25,1.25,budget_25,seed_1,0.009282962857024901,50,0.5,0.8246448955174518,3.4332022660071497,0.5216057309686627
agaricus_lepiota,histdistill_refined,beta=0.00,0.0,budget_50,seed_0,0.0018140370663910499,100,0.9805424973355192,0.9918872977485516,20.82250871852853,0.2832110848127679
agaricus_lepiota,histdistill_refined,beta=0.00,0.0,budget_50,seed_2,0.002384901039117593,100,0.9742987056511144,0.9945668746924148,15.83185588700988,0.3048304447138664
agaricus_lepiota,histdistill_refined,beta=0.00,0.0,budget_50,seed_1,0.001736007179269028,100,0.9891171435558817,0.9948235102307,17.545682959747396,0.3454392002340092
agaricus_lepiota,histdistill_refined,beta=0.00,0.0,budget_25,seed_0,0.004657543040789913,50,0.9603618863013988,0.9859650552974104,20.14447364890778,0.2726291790140994
agaricus_lepiota,histdistill_refined,beta=0.00,0.0,budget_25,seed_2,0.0032875289280155373,50,0.9565984016134826,0.9843618379935328,17.48677192479034,0.2502554657362567
agaricus_lepiota,histdistill_refined,beta=0.00,0.0,budget_25,seed_1,0.004314108760847479,50,0.9634852917644148,0.9858201316993198,19.19800269316113,0.3119550630769259
agaricus_lepiota,histdistill_density_weak,beta=0.15,0.15,budget_50,seed_0,0.0030824482593919678,100,0.980453429707526,0.9899625312114104,18.166822242614145,0.2934542413786549
agaricus_lepiota,histdistill_density_weak,beta=0.15,0.15,budget_50,seed_2,0.002201802722979207,100,0.9753418536332044,0.9942249455781696,20.62191864719736,0.2958466103038961
agaricus_lepiota,histdistill_density_weak,beta=0.15,0.15,budget_50,seed_1,0.0019764459445141824,100,0.98873068062764,0.9943472248640586,20.30491421851328,0.3277045730929896
agaricus_lepiota,histdistill_density_weak,beta=0.15,0.15,budget_25,seed_0,0.0034396456673079223,50,0.9603845306136004,0.9870353764541422,21.134266260515947,0.2578040133557291
agaricus_lepiota,histdistill_density_weak,beta=0.15,0.15,budget_25,seed_2,0.005094256640244987,50,0.9589669966697764,0.9854412168751452,21.887944029555477,0.2634651369772375
agaricus_lepiota,histdistill_density_weak,beta=0.15,0.15,budget_25,seed_1,0.005233120792027646,50,0.9657331171556328,0.9876045035008107,21.55067137943888,0.3135245052462521
agaricus_lepiota,histdistill_density_mid,beta=0.35,0.35,budget_50,seed_0,0.002268219258891424,100,0.97982391782832,0.9912245742114496,20.285302074431616,0.2890399286681179
agaricus_lepiota,histdistill_density_mid,beta=0.35,0.35,budget_50,seed_2,0.0019301822683649439,100,0.9767382528856402,0.9949646597767572,20.4653247649228,0.2940173227543546
agaricus_lepiota,histdistill_density_mid,beta=0.35,0.35,budget_50,seed_1,0.0018636240060094789,100,0.988839373326208,0.9943072199125024,18.885939747922222,0.329089736032301
agaricus_lepiota,histdistill_density_mid,beta=0.35,0.35,budget_25,seed_0,0.0033733577656402947,50,0.962395345537108,0.9861748925904792,19.716200106364536,0.2590740440216851
agaricus_lepiota,histdistill_density_mid,beta=0.35,0.35,budget_25,seed_2,0.004901264952175577,50,0.9593126998360552,0.9872089828476882,21.432089005737144,0.2621096150253948
agaricus_lepiota,histdistill_density_mid,beta=0.35,0.35,budget_25,seed_1,0.004384890031333799,50,0.9644197470479366,0.9876399795899268,21.58112889111584,0.3095212904375362
agaricus_lepiota,histdistill_density_strong,beta=0.70,0.7,budget_50,seed_0,0.002268219258891424,100,0.97982391782832,0.9912245742114496,20.285302074431616,0.2890399286681179
agaricus_lepiota,histdistill_density_strong,beta=0.70,0.7,budget_50,seed_2,0.0019301822683649439,100,0.9767382528856402,0.9949646597767572,20.4653247649228,0.2940173227543546
agaricus_lepiota,histdistill_density_strong,beta=0.70,0.7,budget_50,seed_1,0.0018636240060094789,100,0.988839373326208,0.9943072199125024,18.885939747922222,0.329089736032301
agaricus_lepiota,histdistill_density_strong,beta=0.70,0.7,budget_25,seed_0,0.0033733577656402947,50,0.962395345537108,0.9861748925904792,19.716200106364536,0.2590740440216851
agaricus_lepiota,histdistill_density_strong,beta=0.70,0.7,budget_25,seed_2,0.004901264952175577,50,0.9593126998360552,0.9872089828476882,21.432089005737144,0.2621096150253948
agaricus_lepiota,histdistill_density_strong,beta=0.70,0.7,budget_25,seed_1,0.004384890031333799,50,0.9644197470479366,0.9876399795899268,21.58112889111584,0.3095212904375362
agaricus_lepiota,histdistill_density_xstrong,beta=1.25,1.25,budget_50,seed_0,0.0028524294070587652,100,0.9800065819467466,0.9911219199961354,18.26125410768684,0.2944541685672296
agaricus_lepiota,histdistill_density_xstrong,beta=1.25,1.25,budget_50,seed_2,0.002256385381086967,100,0.9769058207959324,0.9942279648197964,20.658098895654547,0.2984076128732542
agaricus_lepiota,histdistill_density_xstrong,beta=1.25,1.25,budget_50,seed_1,0.0019939874226073684,100,0.9891820572508596,0.994294388135588,20.026970156605948,0.3196660865271497
agaricus_lepiota,histdistill_density_xstrong,beta=1.25,1.25,budget_25,seed_0,0.003455616301500597,50,0.9613446494509508,0.9875758207053552,20.64946439390309,0.2579994026889531
agaricus_lepiota,histdistill_density_xstrong,beta=1.25,1.25,budget_25,seed_2,0.0051496173254421684,50,0.9591345645800688,0.986555317035467,21.889197608399137,0.2663886832183239
agaricus_lepiota,histdistill_density_xstrong,beta=1.25,1.25,budget_25,seed_1,0.005376937621890843,50,0.9656923573936698,0.9868527123357156,21.68884703653598,0.3134335230915085
australian,histdistill_refined,beta=0.00,0.0,budget_50,seed_0,0.0024982941806710457,100,0.7551628699169682,0.9352778369171812,0.1854086982490667,0.9007724540507532
australian,histdistill_refined,beta=0.00,0.0,budget_50,seed_2,0.0016941284781123445,100,0.7055567383436236,0.9269746646795828,0.1366004436651637,0.9413361070717696
australian,histdistill_refined,beta=0.00,0.0,budget_50,seed_1,0.0018734544529522834,100,0.7372791143282946,0.9382584628486268,0.3726118940213612,0.7561066966685213
australian,histdistill_refined,beta=0.00,0.0,budget_25,seed_0,0.005219864955656073,50,0.7218437300404513,0.9149457100276772,0.4210745108265675,0.744234561465831
australian,histdistill_refined,beta=0.00,0.0,budget_25,seed_2,0.004111692538085854,50,0.6835213966361506,0.9196295507770916,0.2090129795895207,0.8271977130110485
australian,histdistill_refined,beta=0.00,0.0,budget_25,seed_1,0.004950910645624473,50,0.715776027251437,0.9184585905897382,0.5137036856753203,0.6930805143796972
australian,histdistill_density_weak,beta=0.15,0.15,budget_50,seed_0,0.0022686461943428604,100,0.7604854162231212,0.9322972109857356,0.1904533754981369,0.9005629389708836
australian,histdistill_density_weak,beta=0.15,0.15,budget_50,seed_2,0.0015982703351316019,100,0.695124547583564,0.929103683202044,0.1487261467750029,0.9390031372908438
australian,histdistill_density_weak,beta=0.15,0.15,budget_50,seed_1,0.0018266098917055773,100,0.7364275069193102,0.937193953587396,0.3717037445861802,0.7628811179197642
australian,histdistill_density_weak,beta=0.15,0.15,budget_25,seed_0,0.004639783659211583,50,0.7313178624654035,0.908984458164786,0.4000022942179205,0.7829128349759529
australian,histdistill_density_weak,beta=0.15,0.15,budget_25,seed_2,0.003984750719347452,50,0.682137534596551,0.9243133915265064,0.1881305908831882,0.8390598855378606
australian,histdistill_density_weak,beta=0.15,0.15,budget_25,seed_1,0.0048044781449854135,50,0.7125824994677452,0.9227166276346606,0.5076472756383898,0.6941568707243979
australian,histdistill_density_mid,beta=0.35,0.35,budget_50,seed_0,0.002291068822861231,100,0.7571854375133064,0.93314881839472,0.1931055259795638,0.9009234765280436
australian,histdistill_density_mid,beta=0.35,0.35,budget_50,seed_2,0.0015953230042635713,100,0.6925697253566107,0.9291036832020438,0.1453464160457715,0.9418640843337218
australian,histdistill_density_mid,beta=0.35,0.35,budget_50,seed_1,0.001826610050806643,100,0.735788801362572,0.937193953587396,0.3717037456768899,0.7628811179197642
australian,histdistill_density_mid,beta=0.35,0.35,budget_25,seed_0,0.00463978355528849,50,0.7334468809878647,0.908984458164786,0.4000022973491118,0.7829128349759529
australian,histdistill_density_mid,beta=0.35,0.35,budget_25,seed_2,0.00398475068869486,50,0.6851181605279966,0.9243133915265064,0.188130590167615,0.8390598855378606
australian,histdistill_density_mid,beta=0.35,0.35,budget_25,seed_1,0.0048044781449854135,50,0.7125824994677452,0.9227166276346606,0.5076472756383898,0.6941568707243979
australian,histdistill_density_strong,beta=0.70,0.7,budget_50,seed_0,0.002291068822861231,100,0.7571854375133064,0.93314881839472,0.1931055259795638,0.9009234765280436
australian,histdistill_density_strong,beta=0.70,0.7,budget_50,seed_2,0.0015953230042635713,100,0.6925697253566107,0.9291036832020438,0.1453464160457715,0.9418640843337218
australian,histdistill_density_strong,beta=0.70,0.7,budget_50,seed_1,0.001826610050806643,100,0.735788801362572,0.937193953587396,0.3717037456768899,0.7628811179197642
australian,histdistill_density_strong,beta=0.70,0.7,budget_25,seed_0,0.00463978355528849,50,0.7334468809878647,0.908984458164786,0.4000022973491118,0.7829128349759529
australian,histdistill_density_strong,beta=0.70,0.7,budget_25,seed_2,0.00398475068869486,50,0.6851181605279966,0.9243133915265064,0.188130590167615,0.8390598855378606
australian,histdistill_density_strong,beta=0.70,0.7,budget_25,seed_1,0.0048044781449854135,50,0.7125824994677452,0.9227166276346606,0.5076472756383898,0.6941568707243979
australian,histdistill_density_xstrong,beta=1.25,1.25,budget_50,seed_0,0.0022686455112980175,100,0.7587822014051524,0.9322972109857356,0.1904532435001242,0.9005629389708836
australian,histdistill_density_xstrong,beta=1.25,1.25,budget_50,seed_2,0.0015764669954826394,100,0.6843730040451351,0.9284649776453056,0.1459292598715714,0.9413669997651076
australian,histdistill_density_xstrong,beta=1.25,1.25,budget_50,seed_1,0.0018266085277470756,100,0.7364275069193102,0.937193953587396,0.3717038375845538,0.7628811179197642
australian,histdistill_density_xstrong,beta=1.25,1.25,budget_25,seed_0,0.00463978355528849,50,0.7334468809878647,0.908984458164786,0.4000022973491118,0.7829128349759529
australian,histdistill_density_xstrong,beta=1.25,1.25,budget_25,seed_2,0.003984750750702704,50,0.682137534596551,0.9243133915265064,0.18813058446997,0.8390598855378606
australian,histdistill_density_xstrong,beta=1.25,1.25,budget_25,seed_1,0.0048044781449854135,50,0.7125824994677452,0.9227166276346606,0.5076472756383898,0.6941568707243979
bank_marketing,histdistill_refined,beta=0.00,0.0,budget_50,seed_0,0.00870602581208546,100,0.7461375189328394,0.8511350006151847,5.871649529421485,0.4420901921308076
bank_marketing,histdistill_refined,beta=0.00,0.0,budget_50,seed_2,0.008157814905414784,100,0.7537039876696381,0.8539021195688739,21.248649612743574,0.3955500884877924
bank_marketing,histdistill_refined,beta=0.00,0.0,budget_50,seed_1,0.005866851188301436,100,0.7691805800434084,0.8544212384789239,10.080750128973722,0.447788638058236
bank_marketing,histdistill_refined,beta=0.00,0.0,budget_25,seed_0,0.013654935435915005,50,0.6861751936922658,0.8390404088462955,9.029459918054858,0.3639677167668582
bank_marketing,histdistill_refined,beta=0.00,0.0,budget_25,seed_2,0.011888501456581713,50,0.6036013457695597,0.8344474338312794,40.32208350390172,0.3960496557068467
bank_marketing,histdistill_refined,beta=0.00,0.0,budget_25,seed_1,0.010601667532419423,50,0.7103113440664375,0.8381361176451336,9.22150956905096,0.3555122132838928
bank_marketing,histdistill_density_weak,beta=0.15,0.15,budget_50,seed_0,0.0072154150235144154,100,0.7244014980201963,0.8536527121765963,5.101301872820984,0.4315541477829216
bank_marketing,histdistill_density_weak,beta=0.15,0.15,budget_50,seed_2,0.007944698623489455,100,0.7386128706336281,0.8520059566849364,15.95539086466477,0.432297988359513
bank_marketing,histdistill_density_weak,beta=0.15,0.15,budget_50,seed_1,0.0068766150855880115,100,0.73679489378518,0.8511186360961288,7.831111124970778,0.4358018520407828
bank_marketing,histdistill_density_weak,beta=0.15,0.15,budget_25,seed_0,0.013171514559669029,50,0.6979385554735983,0.8427418206194153,9.241922960794454,0.3638150993070725
bank_marketing,histdistill_density_weak,beta=0.15,0.15,budget_25,seed_2,0.011636546109527579,50,0.7241036031640495,0.8339307392944225,43.42022049527336,0.3988392217037672
bank_marketing,histdistill_density_weak,beta=0.15,0.15,budget_25,seed_1,0.010531690040495145,50,0.7297302702994283,0.8363884476192958,8.7644654447845,0.3574304218275214
bank_marketing,histdistill_density_mid,beta=0.35,0.35,budget_50,seed_0,0.007215407265896867,100,0.7198348880636591,0.8536521060832979,5.101306333911062,0.4315745631339783
bank_marketing,histdistill_density_mid,beta=0.35,0.35,budget_50,seed_2,0.007944829285961297,100,0.7358060525688962,0.8524935587434717,15.956089629329847,0.4326265126205432
bank_marketing,histdistill_density_mid,beta=0.35,0.35,budget_50,seed_1,0.006837696020336126,100,0.7505238161331126,0.8522353629983679,7.750363476378697,0.4302955724301533
bank_marketing,histdistill_density_mid,beta=0.35,0.35,budget_25,seed_0,0.013171514176525845,50,0.6979385554735982,0.8427418206194153,9.241922935818618,0.3642182790744026
bank_marketing,histdistill_density_mid,beta=0.35,0.35,budget_25,seed_2,0.011636546109527579,50,0.7241036031640495,0.8339307392944225,43.42022049527336,0.3988392217037672
bank_marketing,histdistill_density_mid,beta=0.35,0.35,budget_25,seed_1,0.010531690112998926,50,0.7285435396212281,0.8363884476192958,8.76446544778192,0.3573755822738926
bank_marketing,histdistill_density_strong,beta=0.70,0.7,budget_50,seed_0,0.007215407265896867,100,0.7198348880636591,0.8536521060832979,5.101306333911062,0.4315745631339783
bank_marketing,histdistill_density_strong,beta=0.70,0.7,budget_50,seed_2,0.007944829285961297,100,0.7358060525688962,0.8524935587434717,15.956089629329847,0.4326265126205432
bank_marketing,histdistill_density_strong,beta=0.70,0.7,budget_50,seed_1,0.006837696020336126,100,0.7505238161331126,0.8522353629983679,7.750363476378697,0.4302955724301533
bank_marketing,histdistill_density_strong,beta=0.70,0.7,budget_25,seed_0,0.013171514176525845,50,0.6979385554735982,0.8427418206194153,9.241922935818618,0.3642182790744026
bank_marketing,histdistill_density_strong,beta=0.70,0.7,budget_25,seed_2,0.011636546109527579,50,0.7241036031640495,0.8339307392944225,43.42022049527336,0.3988392217037672
bank_marketing,histdistill_density_strong,beta=0.70,0.7,budget_25,seed_1,0.010531690112998926,50,0.7285435396212281,0.8363884476192958,8.76446544778192,0.3573755822738926
bank_marketing,histdistill_density_xstrong,beta=1.25,1.25,budget_50,seed_0,0.00721541013429805,100,0.7277701645725133,0.8536521060832979,5.101304652478806,0.4316219897147773
bank_marketing,histdistill_density_xstrong,beta=1.25,1.25,budget_50,seed_2,0.007944706154210501,100,0.7386919658090648,0.8520062597315856,15.955418885890763,0.4325427144539729
bank_marketing,histdistill_density_xstrong,beta=1.25,1.25,budget_50,seed_1,0.007104367143471069,100,0.7413439270360643,0.8528920650871471,7.624751110431214,0.4365502669543529
bank_marketing,histdistill_density_xstrong,beta=1.25,1.25,budget_25,seed_0,0.013171514176525845,50,0.6979385554735982,0.8427418206194153,9.241922935818618,0.3642182790744026
bank_marketing,histdistill_density_xstrong,beta=1.25,1.25,budget_25,seed_2,0.011636546109527579,50,0.7241036031640495,0.8339307392944225,43.42022049527336,0.3988392217037672
bank_marketing,histdistill_density_xstrong,beta=1.25,1.25,budget_25,seed_1,0.010531690040495145,50,0.7297302702994283,0.8363884476192958,8.7644654447845,0.3574304218275214
breast_w,histdistill_refined,beta=0.00,0.0,budget_50,seed_0,0.019139107327971305,100,0.9682971014492752,0.9882246376811594,9.029575137730356,0.0249685115210787
breast_w,histdistill_refined,beta=0.00,0.0,budget_50,seed_2,0.026453851717765375,100,0.987998188405797,0.9904891304347826,9.678530895660764,-0.0358877532870883
breast_w,histdistill_refined,beta=0.00,0.0,budget_50,seed_1,0.03664315597821055,100,0.9861865942028984,0.988677536231884,8.579212576223497,-0.004048721438485
breast_w,histdistill_refined,beta=0.00,0.0,budget_25,seed_0,0.013648751390233693,50,0.9676177536231884,0.9927536231884058,9.936365587917226,0.0123140299936464
breast_w,histdistill_refined,beta=0.00,0.0,budget_25,seed_2,0.01700266142980289,50,0.9361413043478262,0.990036231884058,9.816862704895344,-0.0258725663232497
breast_w,histdistill_refined,beta=0.00,0.0,budget_25,seed_1,0.014354361778470048,50,0.9465579710144928,0.9902626811594204,9.98478225928928,-0.0732594720284502
breast_w,histdistill_density_weak,beta=0.15,0.15,budget_50,seed_0,0.017779972832809743,100,0.9764492753623188,0.9877717391304348,8.715021969505651,0.0142698377417203
breast_w,histdistill_density_weak,beta=0.15,0.15,budget_50,seed_2,0.022189566676800054,100,0.9893568840579712,0.989356884057971,9.482580449702374,-0.0194420501032987
breast_w,histdistill_density_weak,beta=0.15,0.15,budget_50,seed_1,0.029479462097452558,100,0.9789402173913042,0.9909420289855072,9.44584485162734,-0.0401860210641499
breast_w,histdistill_density_weak,beta=0.15,0.15,budget_25,seed_0,0.014168279942096351,50,0.9603713768115943,0.992074275362319,9.945115548442637,0.0200045936479792
breast_w,histdistill_density_weak,beta=0.15,0.15,budget_25,seed_2,0.0169679122421027,50,0.936141304347826,0.9898097826086956,9.826917049780874,-0.0226983540614866
breast_w,histdistill_density_weak,beta=0.15,0.15,budget_25,seed_1,0.01447731779272765,50,0.945878623188406,0.988677536231884,10.04362271326686,-0.0766789768841471
breast_w,histdistill_density_mid,beta=0.35,0.35,budget_50,seed_0,0.016318733294254595,100,0.9680706521739127,0.9870923913043478,8.46788854603306,0.0321997480921686
breast_w,histdistill_density_mid,beta=0.35,0.35,budget_50,seed_2,0.02356438559989127,100,0.9884510869565216,0.9904891304347826,9.63508601407042,-0.0246138269780678
breast_w,histdistill_density_mid,beta=0.35,0.35,budget_50,seed_1,0.029479462097452558,100,0.9789402173913042,0.9909420289855072,9.44584485162734,-0.0401860210641499
breast_w,histdistill_density_mid,beta=0.35,0.35,budget_25,seed_0,0.014325204026482297,50,0.9601449275362318,0.9923007246376812,9.81077255157899,0.0194564637565075
breast_w,histdistill_density_mid,beta=0.35,0.35,budget_25,seed_2,0.0169679122421027,50,0.936141304347826,0.9898097826086956,9.826917049780874,-0.0226983540614866
breast_w,histdistill_density_mid,beta=0.35,0.35,budget_25,seed_1,0.014507825075325775,50,0.9456521739130436,0.989356884057971,10.050807076013273,-0.0785665435644918
breast_w,histdistill_density_strong,beta=0.70,0.7,budget_50,seed_0,0.016318733294254595,100,0.9680706521739127,0.9870923913043478,8.46788854603306,0.0321997480921686
breast_w,histdistill_density_strong,beta=0.70,0.7,budget_50,seed_2,0.02356438559989127,100,0.9884510869565216,0.9904891304347826,9.63508601407042,-0.0246138269780678
breast_w,histdistill_density_strong,beta=0.70,0.7,budget_50,seed_1,0.029479462097452558,100,0.9789402173913042,0.9909420289855072,9.44584485162734,-0.0401860210641499
breast_w,histdistill_density_strong,beta=0.70,0.7,budget_25,seed_0,0.014325204026482297,50,0.9601449275362318,0.9923007246376812,9.81077255157899,0.0194564637565075
breast_w,histdistill_density_strong,beta=0.70,0.7,budget_25,seed_2,0.0169679122421027,50,0.936141304347826,0.9898097826086956,9.826917049780874,-0.0226983540614866
breast_w,histdistill_density_strong,beta=0.70,0.7,budget_25,seed_1,0.014507825075325775,50,0.9456521739130436,0.989356884057971,10.050807076013273,-0.0785665435644918
breast_w,histdistill_density_xstrong,beta=1.25,1.25,budget_50,seed_0,0.016824182852531178,100,0.9748641304347826,0.9889039855072465,8.360580306539537,0.0095873156997851
breast_w,histdistill_density_xstrong,beta=1.25,1.25,budget_50,seed_2,0.02411160755227093,100,0.9868659420289854,0.9898097826086956,9.6593185322644,-0.0279248587338724
breast_w,histdistill_density_xstrong,beta=1.25,1.25,budget_50,seed_1,0.029479462097452558,100,0.9789402173913042,0.9909420289855072,9.44584485162734,-0.0401860210641499
breast_w,histdistill_density_xstrong,beta=1.25,1.25,budget_25,seed_0,0.014325204584294648,50,0.960144927536232,0.9923007246376812,9.81077239392944,0.0194269710421638
breast_w,histdistill_density_xstrong,beta=1.25,1.25,budget_25,seed_2,0.0169679122421027,50,0.936141304347826,0.9898097826086956,9.826917049780874,-0.0226983540614866
breast_w,histdistill_density_xstrong,beta=1.25,1.25,budget_25,seed_1,0.014310284267025297,50,0.9413496376811594,0.9884510869565216,10.096396693576894,-0.0761592121460812
credit_approval,histdistill_refined,beta=0.00,0.0,budget_50,seed_0,0.00395133410822035,100,0.6406216734085586,0.9544390036193314,24.91037906513979,0.1480932778431195
credit_approval,histdistill_refined,beta=0.00,0.0,budget_50,seed_2,0.0030695062595041955,100,0.6731956568022142,0.9489035554609324,24.023364064061703,0.2202125140469604
credit_approval,histdistill_refined,beta=0.00,0.0,budget_50,seed_1,0.002165959848919763,100,0.7555886736214605,0.957419629550777,25.776861657212265,0.0926676731879082
credit_approval,histdistill_refined,beta=0.00,0.0,budget_25,seed_0,0.00608014136165258,50,0.5377900787736853,0.931232701724505,29.998104885111943,0.0447911424436705
credit_approval,histdistill_refined,beta=0.00,0.0,budget_25,seed_2,0.007136736868174509,50,0.6868213753459655,0.9318714072812434,32.090327235629175,0.0307596190158373
credit_approval,histdistill_refined,beta=0.00,0.0,budget_25,seed_1,0.00517004711871083,50,0.6904407068341494,0.948051948051948,24.366857149445625,0.1118924223539284
credit_approval,histdistill_density_weak,beta=0.15,0.15,budget_50,seed_0,0.0030161768941846523,100,0.535341707472855,0.9525228869491164,25.73729694329315,0.1572649959287071
credit_approval,histdistill_density_weak,beta=0.15,0.15,budget_50,seed_2,0.002812766121971677,100,0.529699808388333,0.9512454758356398,26.08083362705285,0.2268731012065211
credit_approval,histdistill_density_weak,beta=0.15,0.15,budget_50,seed_1,0.0020901249303770797,100,0.74685969767937,0.9565680221417926,26.46394625964734,0.1172538974386419
credit_approval,histdistill_density_weak,beta=0.15,0.15,budget_25,seed_0,0.005243387392062315,50,0.5382158824781775,0.9363423461784116,31.130351998630854,0.0497954406175572
credit_approval,histdistill_density_weak,beta=0.15,0.15,budget_25,seed_2,0.00606222828650016,50,0.6865020225675963,0.9354907387694272,31.50183405739787,0.0986675870904412
credit_approval,histdistill_density_weak,beta=0.15,0.15,budget_25,seed_1,0.004470907113851896,50,0.6933148818394719,0.9437939110070256,24.23716310275737,0.1064185321816636
credit_approval,histdistill_density_mid,beta=0.35,0.35,budget_50,seed_0,0.003016176853298469,100,0.535341707472855,0.9525228869491164,25.737297383547272,0.1572649959287071
credit_approval,histdistill_density_mid,beta=0.35,0.35,budget_50,seed_2,0.0028127660646066754,100,0.529699808388333,0.9512454758356398,26.0808334772384,0.2268731012065211
credit_approval,histdistill_density_mid,beta=0.35,0.35,budget_50,seed_1,0.0020901249303770797,100,0.74685969767937,0.9565680221417926,26.46394625964734,0.1172538974386419
credit_approval,histdistill_density_mid,beta=0.35,0.35,budget_25,seed_0,0.005243387392062315,50,0.5382158824781775,0.9363423461784116,31.130351998630854,0.0497954406175572
credit_approval,histdistill_density_mid,beta=0.35,0.35,budget_25,seed_2,0.005887617933854061,50,0.678518203108367,0.9391100702576112,38.08602066527196,0.1837364499018087
credit_approval,histdistill_density_mid,beta=0.35,0.35,budget_25,seed_1,0.004470907113851896,50,0.6933148818394719,0.9437939110070256,24.23716310275737,0.1064185321816636
credit_approval,histdistill_density_strong,beta=0.70,0.7,budget_50,seed_0,0.003016176853298469,100,0.535341707472855,0.9525228869491164,25.737297383547272,0.1572649959287071
credit_approval,histdistill_density_strong,beta=0.70,0.7,budget_50,seed_2,0.0028127660646066754,100,0.529699808388333,0.9512454758356398,26.0808334772384,0.2268731012065211
credit_approval,histdistill_density_strong,beta=0.70,0.7,budget_50,seed_1,0.0020901249303770797,100,0.74685969767937,0.9565680221417926,26.46394625964734,0.1172538974386419
credit_approval,histdistill_density_strong,beta=0.70,0.7,budget_25,seed_0,0.005243387392062315,50,0.5382158824781775,0.9363423461784116,31.130351998630854,0.0497954406175572
credit_approval,histdistill_density_strong,beta=0.70,0.7,budget_25,seed_2,0.005887617933854061,50,0.678518203108367,0.9391100702576112,38.08602066527196,0.1837364499018087
credit_approval,histdistill_density_strong,beta=0.70,0.7,budget_25,seed_1,0.004470907113851896,50,0.6933148818394719,0.9437939110070256,24.23716310275737,0.1064185321816636
credit_approval,histdistill_density_xstrong,beta=1.25,1.25,budget_50,seed_0,0.0030161768941846523,100,0.535341707472855,0.9525228869491164,25.73729694329315,0.1572649959287071
credit_approval,histdistill_density_xstrong,beta=1.25,1.25,budget_50,seed_2,0.002734933885101043,100,0.5305514157973175,0.9540131999148392,26.2786473692306,0.2249484837368145
credit_approval,histdistill_density_xstrong,beta=1.25,1.25,budget_50,seed_1,0.0020901249303770797,100,0.74685969767937,0.9565680221417926,26.46394625964734,0.1172538974386419
credit_approval,histdistill_density_xstrong,beta=1.25,1.25,budget_25,seed_0,0.005243387392062315,50,0.5382158824781775,0.9363423461784116,31.130351998630854,0.0497954406175572
credit_approval,histdistill_density_xstrong,beta=1.25,1.25,budget_25,seed_2,0.005887598460502574,50,0.6770278901426443,0.9391100702576112,38.08598003446376,0.1837364499018087
credit_approval,histdistill_density_xstrong,beta=1.25,1.25,budget_25,seed_1,0.004470907113851896,50,0.6933148818394719,0.9437939110070256,24.23716310275737,0.1064185321816636
credit_g,histdistill_refined,beta=0.00,0.0,budget_50,seed_0,0.0033496173059015533,100,0.464047619047619,0.8034523809523809,1.8859069621459152,0.6282963951293885
credit_g,histdistill_refined,beta=0.00,0.0,budget_50,seed_2,0.0024415414686632664,100,0.4664285714285714,0.814404761904762,1.5133368494872057,0.5688168451130448
credit_g,histdistill_refined,beta=0.00,0.0,budget_50,seed_1,0.003083431291853511,100,0.5024404761904762,0.808452380952381,1.7283765142333618,0.5512779809767763
credit_g,histdistill_refined,beta=0.00,0.0,budget_25,seed_0,0.005916462574880654,50,0.4138095238095238,0.8144047619047619,3.1751454161944546,0.4856545396498629
credit_g,histdistill_refined,beta=0.00,0.0,budget_25,seed_2,0.0057775303133363876,50,0.4951190476190475,0.8294047619047619,2.8979454416190182,0.4613513457940519
credit_g,histdistill_refined,beta=0.00,0.0,budget_25,seed_1,0.007535832976941825,50,0.503095238095238,0.777857142857143,3.493279420080502,0.4260305182736005
credit_g,histdistill_density_weak,beta=0.15,0.15,budget_50,seed_0,0.003278760045239415,100,0.5113690476190476,0.8049999999999999,1.9347625426178232,0.621251434838742
credit_g,histdistill_density_weak,beta=0.15,0.15,budget_50,seed_2,0.0023343911251679783,100,0.4778571428571428,0.8101190476190476,1.5041548641987603,0.6002317111683848
credit_g,histdistill_density_weak,beta=0.15,0.15,budget_50,seed_1,0.002948034224860452,100,0.4855357142857143,0.8142857142857143,1.693802580810082,0.5535387582350378
credit_g,histdistill_density_weak,beta=0.15,0.15,budget_25,seed_0,0.005721790606283084,50,0.5025,0.8180357142857143,3.154648431681468,0.4893784987609958
credit_g,histdistill_density_weak,beta=0.15,0.15,budget_25,seed_2,0.005614310362541786,50,0.4433333333333333,0.8335714285714286,2.9002998287936625,0.4608191909627513
credit_g,histdistill_density_weak,beta=0.15,0.15,budget_25,seed_1,0.007220175208391577,50,0.4720238095238094,0.7710714285714286,3.524760002984676,0.4217043939174941
credit_g,histdistill_density_mid,beta=0.35,0.35,budget_50,seed_0,0.0032787600677973705,100,0.51125,0.8049999999999999,1.9347626539627565,0.6211789288352441
credit_g,histdistill_density_mid,beta=0.35,0.35,budget_50,seed_2,0.0023343911302515785,100,0.4778571428571428,0.8101190476190476,1.5041548673161005,0.6002400832184422
credit_g,histdistill_density_mid,beta=0.35,0.35,budget_50,seed_1,0.0029480342326293485,100,0.4855952380952381,0.8142857142857143,1.693802571171131,0.553552491711201
credit_g,histdistill_density_mid,beta=0.35,0.35,budget_25,seed_0,0.005721790606283084,50,0.5025,0.8180357142857143,3.154648431681468,0.4893784987609958
credit_g,histdistill_density_mid,beta=0.35,0.35,budget_25,seed_2,0.005614310362541786,50,0.4433333333333333,0.8335714285714286,2.9002998287936625,0.4608191909627513
credit_g,histdistill_density_mid,beta=0.35,0.35,budget_25,seed_1,0.007220175208391577,50,0.4720238095238094,0.7710714285714286,3.524760002984676,0.4217043939174941
credit_g,histdistill_density_strong,beta=0.70,0.7,budget_50,seed_0,0.0032787600677973705,100,0.51125,0.8049999999999999,1.9347626539627565,0.6211789288352441
credit_g,histdistill_density_strong,beta=0.70,0.7,budget_50,seed_2,0.0023343911302515785,100,0.4778571428571428,0.8101190476190476,1.5041548673161005,0.6002400832184422
credit_g,histdistill_density_strong,beta=0.70,0.7,budget_50,seed_1,0.0029480342326293485,100,0.4855952380952381,0.8142857142857143,1.693802571171131,0.553552491711201
credit_g,histdistill_density_strong,beta=0.70,0.7,budget_25,seed_0,0.005721790606283084,50,0.5025,0.8180357142857143,3.154648431681468,0.4893784987609958
credit_g,histdistill_density_strong,beta=0.70,0.7,budget_25,seed_2,0.005614310362541786,50,0.4433333333333333,0.8335714285714286,2.9002998287936625,0.4608191909627513
credit_g,histdistill_density_strong,beta=0.70,0.7,budget_25,seed_1,0.007220175208391577,50,0.4720238095238094,0.7710714285714286,3.524760002984676,0.4217043939174941
credit_g,histdistill_density_xstrong,beta=1.25,1.25,budget_50,seed_0,0.0032787600827063335,100,0.5113690476190476,0.8049999999999999,1.934762501010588,0.6212235122545156
credit_g,histdistill_density_xstrong,beta=1.25,1.25,budget_50,seed_2,0.0023343911694528874,100,0.4778571428571428,0.8101190476190476,1.5041549174116398,0.6001942024186719
credit_g,histdistill_density_xstrong,beta=1.25,1.25,budget_50,seed_1,0.00294803422762302,100,0.4856547619047618,0.8142857142857143,1.6938025752052135,0.553588754867355
credit_g,histdistill_density_xstrong,beta=1.25,1.25,budget_25,seed_0,0.005721790606283084,50,0.5025,0.8180357142857143,3.154648431681468,0.4893784987609958
credit_g,histdistill_density_xstrong,beta=1.25,1.25,budget_25,seed_2,0.005614310362541786,50,0.4433333333333333,0.8335714285714286,2.9002998287936625,0.4608191909627513
credit_g,histdistill_density_xstrong,beta=1.25,1.25,budget_25,seed_1,0.007220175208391577,50,0.4720238095238094,0.7710714285714286,3.524760002984676,0.4217043939174941
diabetes,histdistill_refined,beta=0.00,0.0,budget_50,seed_0,0.0032096381600008606,100,0.7468518518518519,0.8611111111111112,17.22528333599209,0.0509111676777713
diabetes,histdistill_refined,beta=0.00,0.0,budget_50,seed_2,0.0034356317384725,100,0.6870370370370371,0.8501851851851852,19.09205683528556,0.0160862436990888
diabetes,histdistill_refined,beta=0.00,0.0,budget_50,seed_1,0.0038378292381497925,100,0.7166666666666667,0.8375925925925927,14.54705080794452,0.0577091629696748
diabetes,histdistill_refined,beta=0.00,0.0,budget_25,seed_0,0.005644308314419089,50,0.6307407407407407,0.8442592592592593,20.65542464006884,0.065679100523727
diabetes,histdistill_refined,beta=0.00,0.0,budget_25,seed_2,0.0059666361737648055,50,0.6552777777777778,0.8251851851851851,16.546762397699048,0.1126982047033368
diabetes,histdistill_refined,beta=0.00,0.0,budget_25,seed_1,0.006085422506971194,50,0.7411111111111112,0.8407407407407408,18.05758181281088,0.1107678677390858
diabetes,histdistill_density_weak,beta=0.15,0.15,budget_50,seed_0,0.0025360501143425473,100,0.7446296296296296,0.8505555555555556,17.09519467534725,0.0705266019292004
diabetes,histdistill_density_weak,beta=0.15,0.15,budget_50,seed_2,0.0030884825606989352,100,0.6709259259259259,0.8461111111111111,19.322760398656797,0.0130111037015802
diabetes,histdistill_density_weak,beta=0.15,0.15,budget_50,seed_1,0.003366634748193764,100,0.7153703703703703,0.8192592592592592,14.80133720714032,0.0665977554666962
diabetes,histdistill_density_weak,beta=0.15,0.15,budget_25,seed_0,0.0047968340440179835,50,0.6396296296296297,0.8316666666666666,22.91050466692176,0.0511757405630957
diabetes,histdistill_density_weak,beta=0.15,0.15,budget_25,seed_2,0.004983021116689357,50,0.6383333333333333,0.8166666666666667,20.902308864572408,0.0931172556484211
diabetes,histdistill_density_weak,beta=0.15,0.15,budget_25,seed_1,0.005305247169868577,50,0.735925925925926,0.830925925925926,20.118250801641214,0.1571557530030612
diabetes,histdistill_density_mid,beta=0.35,0.35,budget_50,seed_0,0.0025875288216905545,100,0.7438888888888889,0.85,17.55350145415167,0.0574240190277699
diabetes,histdistill_density_mid,beta=0.35,0.35,budget_50,seed_2,0.003072307076124825,100,0.6892592592592593,0.8481481481481482,18.628767845726287,0.009516626431684
diabetes,histdistill_density_mid,beta=0.35,0.35,budget_50,seed_1,0.00340983254221372,100,0.7116666666666667,0.8283333333333334,14.75200760401664,0.1032381914190477
diabetes,histdistill_density_mid,beta=0.35,0.35,budget_25,seed_0,0.0046942346880542996,50,0.6512962962962964,0.8381481481481481,22.589079999664797,0.0647345515864293
diabetes,histdistill_density_mid,beta=0.35,0.35,budget_25,seed_2,0.004983021116689357,50,0.6383333333333333,0.8166666666666667,20.902308864572408,0.0931172556484211
diabetes,histdistill_density_mid,beta=0.35,0.35,budget_25,seed_1,0.0053052473157938485,50,0.7368518518518519,0.830925925925926,20.11825064423973,0.1571557530030612
diabetes,histdistill_density_strong,beta=0.70,0.7,budget_50,seed_0,0.0025875288216905545,100,0.7438888888888889,0.85,17.55350145415167,0.0574240190277699
diabetes,histdistill_density_strong,beta=0.70,0.7,budget_50,seed_2,0.003072307076124825,100,0.6892592592592593,0.8481481481481482,18.628767845726287,0.009516626431684
diabetes,histdistill_density_strong,beta=0.70,0.7,budget_50,seed_1,0.00340983254221372,100,0.7116666666666667,0.8283333333333334,14.75200760401664,0.1032381914190477
diabetes,histdistill_density_strong,beta=0.70,0.7,budget_25,seed_0,0.0046942346880542996,50,0.6512962962962964,0.8381481481481481,22.589079999664797,0.0647345515864293
diabetes,histdistill_density_strong,beta=0.70,0.7,budget_25,seed_2,0.004983021116689357,50,0.6383333333333333,0.8166666666666667,20.902308864572408,0.0931172556484211
diabetes,histdistill_density_strong,beta=0.70,0.7,budget_25,seed_1,0.0053052473157938485,50,0.7368518518518519,0.830925925925926,20.11825064423973,0.1571557530030612
diabetes,histdistill_density_xstrong,beta=1.25,1.25,budget_50,seed_0,0.002672272822821231,100,0.7548148148148149,0.8503703703703703,17.158621600596728,0.0629374277591346
diabetes,histdistill_density_xstrong,beta=1.25,1.25,budget_50,seed_2,0.0030795615833477674,100,0.674074074074074,0.8487037037037037,18.835223263494527,0.0155387755934718
diabetes,histdistill_density_xstrong,beta=1.25,1.25,budget_50,seed_1,0.0034008419089402997,100,0.7183333333333334,0.8351851851851853,14.73359214658538,0.0797639235598189
diabetes,histdistill_density_xstrong,beta=1.25,1.25,budget_25,seed_0,0.0046942346880542996,50,0.6512962962962964,0.8381481481481481,22.589079999664797,0.0647345515864293
diabetes,histdistill_density_xstrong,beta=1.25,1.25,budget_25,seed_2,0.004983021116689357,50,0.6383333333333333,0.8166666666666667,20.902308864572408,0.0931172556484211
diabetes,histdistill_density_xstrong,beta=1.25,1.25,budget_25,seed_1,0.0053052473157938485,50,0.7368518518518519,0.830925925925926,20.11825064423973,0.1571557530030612
electricity,histdistill_refined,beta=0.00,0.0,budget_50,seed_0,0.0027295913875960975,100,0.7709284132251885,0.8542887964357648,136.40680984758762,0.2692466840087579
electricity,histdistill_refined,beta=0.00,0.0,budget_50,seed_2,0.002162073372072304,100,0.784022431089371,0.859549186916529,146.61964611769463,0.3795315543103154
electricity,histdistill_refined,beta=0.00,0.0,budget_50,seed_1,0.0029299397851771936,100,0.7376234011986595,0.8384227634700708,127.91784923491224,0.4318422849153056
electricity,histdistill_refined,beta=0.00,0.0,budget_25,seed_0,0.008798114379243827,50,0.7797518357224265,0.8381036687825303,158.8839191945145,0.3185357852137811
electricity,histdistill_refined,beta=0.00,0.0,budget_25,seed_2,0.005736134962015971,50,0.7530304395596519,0.8358514465113849,205.05682837981277,0.2588615678838934
electricity,histdistill_refined,beta=0.00,0.0,budget_25,seed_1,0.006220207479310846,50,0.6789330180188021,0.8103088959451807,178.20616318393945,0.3311517206194715
electricity,histdistill_density_weak,beta=0.15,0.15,budget_50,seed_0,0.002910344605003279,100,0.775897484207821,0.8514084964944383,134.3974010735293,0.3014178867069501
electricity,histdistill_density_weak,beta=0.15,0.15,budget_50,seed_2,0.0021562323685386797,100,0.7852834502877868,0.8576024917288814,130.669277359145,0.33946082618649
electricity,histdistill_density_weak,beta=0.15,0.15,budget_50,seed_1,0.002904875090998793,100,0.7276656758049173,0.8356517723386762,94.64915807024772,0.3649252208622326
electricity,histdistill_density_weak,beta=0.15,0.15,budget_25,seed_0,0.00856631311474465,50,0.7779955989764396,0.8446086949398468,156.7475889742062,0.2952467495556724
electricity,histdistill_density_weak,beta=0.15,0.15,budget_25,seed_2,0.0055193847705834465,50,0.7520378285280123,0.8388473270796065,240.9946755971827,0.3325901534402115
electricity,histdistill_density_weak,beta=0.15,0.15,budget_25,seed_1,0.005226291995108379,50,0.653705082270879,0.8062201832701714,135.64699870106543,0.3612307726247395
electricity,histdistill_density_mid,beta=0.35,0.35,budget_50,seed_0,0.0033512857957435083,100,0.7750108540832346,0.8512020385197079,143.34675487320885,0.2977333358291581
electricity,histdistill_density_mid,beta=0.35,0.35,budget_50,seed_2,0.002156247201165584,100,0.7886840550445375,0.8576038996877915,130.66904354563576,0.33946082618649
electricity,histdistill_density_mid,beta=0.35,0.35,budget_50,seed_1,0.002937336983029115,100,0.7243462206798957,0.8321200994070189,92.70175521030478,0.3705881315681244
electricity,histdistill_density_mid,beta=0.35,0.35,budget_25,seed_0,0.00856642347662262,50,0.780706559859757,0.8446092069249052,156.73553913694252,0.2952467495556724
electricity,histdistill_density_mid,beta=0.35,0.35,budget_25,seed_2,0.005517639046327072,50,0.752161856908368,0.8388475830721356,240.99125730758155,0.3325901534402115
electricity,histdistill_density_mid,beta=0.35,0.35,budget_25,seed_1,0.005886059930118814,50,0.6554207442010013,0.7921925606523099,122.39149465806116,0.3904029185393964
electricity,histdistill_density_strong,beta=0.70,0.7,budget_50,seed_0,0.0033512857957435083,100,0.7750108540832346,0.8512020385197079,143.34675487320885,0.2977333358291581
electricity,histdistill_density_strong,beta=0.70,0.7,budget_50,seed_2,0.002156247201165584,100,0.7886840550445375,0.8576038996877915,130.66904354563576,0.33946082618649
electricity,histdistill_density_strong,beta=0.70,0.7,budget_50,seed_1,0.002937336983029115,100,0.7243462206798957,0.8321200994070189,92.70175521030478,0.3705881315681244
electricity,histdistill_density_strong,beta=0.70,0.7,budget_25,seed_0,0.00856642347662262,50,0.780706559859757,0.8446092069249052,156.73553913694252,0.2952467495556724
electricity,histdistill_density_strong,beta=0.70,0.7,budget_25,seed_2,0.005517639046327072,50,0.752161856908368,0.8388475830721356,240.99125730758155,0.3325901534402115
electricity,histdistill_density_strong,beta=0.70,0.7,budget_25,seed_1,0.005886059930118814,50,0.6554207442010013,0.7921925606523099,122.39149465806116,0.3904029185393964
electricity,histdistill_density_xstrong,beta=1.25,1.25,budget_50,seed_0,0.0031344471265309926,100,0.7744846614396406,0.8516520733858903,140.15879218945562,0.2965023797796927
electricity,histdistill_density_xstrong,beta=1.25,1.25,budget_50,seed_2,0.002156178808881304,100,0.7874575948375522,0.8576032597064687,130.66180286461284,0.33946082618649
electricity,histdistill_density_xstrong,beta=1.25,1.25,budget_50,seed_1,0.002886390813765294,100,0.731427742012777,0.8332802575489638,93.42613724677796,0.3652375878228779
electricity,histdistill_density_xstrong,beta=1.25,1.25,budget_25,seed_0,0.008566194199376875,50,0.7787141700056626,0.8446071589846722,156.7606694726234,0.2954130998103732
electricity,histdistill_density_xstrong,beta=1.25,1.25,budget_25,seed_2,0.005516608361686437,50,0.7512518034673675,0.8388409272663786,240.73418507533384,0.3325901534402115
electricity,histdistill_density_xstrong,beta=1.25,1.25,budget_25,seed_1,0.005225717921319428,50,0.6515781683427351,0.8062196712851132,135.65138824555396,0.3621477554496907
gametes_epistasis_2_way_1000atts_0_4h_edm_1_edm_1_1,histdistill_refined,beta=0.00,0.0,budget_50,seed_0,0.005815767371746938,100,0.505,0.53015625,6.00317725419863,0.7002819410528904
gametes_epistasis_2_way_1000atts_0_4h_edm_1_edm_1_1,histdistill_refined,beta=0.00,0.0,budget_50,seed_2,0.00596089698587976,100,0.4940625,0.446015625,6.938223430830028,0.5228091624968927
gametes_epistasis_2_way_1000atts_0_4h_edm_1_edm_1_1,histdistill_refined,beta=0.00,0.0,budget_50,seed_1,0.005582280962070585,100,0.4928515624999999,0.5225,8.385792495957869,0.5918951308141298
gametes_epistasis_2_way_1000atts_0_4h_edm_1_edm_1_1,histdistill_refined,beta=0.00,0.0,budget_25,seed_0,0.012337113067629524,50,0.5096875,0.5111328125,19.60873450975993,0.3723637926187142
gametes_epistasis_2_way_1000atts_0_4h_edm_1_edm_1_1,histdistill_refined,beta=0.00,0.0,budget_25,seed_2,0.012103586469492833,50,0.4968359375,0.5032031250000001,10.681683375123344,0.4460800234164047
gametes_epistasis_2_way_1000atts_0_4h_edm_1_edm_1_1,histdistill_refined,beta=0.00,0.0,budget_25,seed_1,0.011863721954861073,50,0.4850390624999999,0.4772656249999999,9.439286581948242,0.3911135296342442
gametes_epistasis_2_way_1000atts_0_4h_edm_1_edm_1_1,histdistill_density_weak,beta=0.15,0.15,budget_50,seed_0,0.005717187061066942,100,0.5068359375,0.5116015625,7.049089495050724,0.7037252269156005
gametes_epistasis_2_way_1000atts_0_4h_edm_1_edm_1_1,histdistill_density_weak,beta=0.15,0.15,budget_50,seed_2,0.0058602353519917605,100,0.4972265624999999,0.4087890625,7.894604333157195,0.5332284727985585
gametes_epistasis_2_way_1000atts_0_4h_edm_1_edm_1_1,histdistill_density_weak,beta=0.15,0.15,budget_50,seed_1,0.00548926507007963,100,0.4914453125,0.5226171875,8.104197800673676,0.587555952814741
gametes_epistasis_2_way_1000atts_0_4h_edm_1_edm_1_1,histdistill_density_weak,beta=0.15,0.15,budget_25,seed_0,0.012066194874072234,50,0.5069140624999999,0.5037890624999999,21.20301645519503,0.36495465463992
gametes_epistasis_2_way_1000atts_0_4h_edm_1_edm_1_1,histdistill_density_weak,beta=0.15,0.15,budget_25,seed_2,0.01207110708148229,50,0.492421875,0.4963281249999999,12.61584072397364,0.4762548577091376
gametes_epistasis_2_way_1000atts_0_4h_edm_1_edm_1_1,histdistill_density_weak,beta=0.15,0.15,budget_25,seed_1,0.011688339971861361,50,0.4816796875,0.4692578125,11.051287887410489,0.3979320554080686
gametes_epistasis_2_way_1000atts_0_4h_edm_1_edm_1_1,histdistill_density_mid,beta=0.35,0.35,budget_50,seed_0,0.005674014982493314,100,0.5085546875,0.52203125,6.774903013623198,0.6998581520236339
gametes_epistasis_2_way_1000atts_0_4h_edm_1_edm_1_1,histdistill_density_mid,beta=0.35,0.35,budget_50,seed_2,0.005820888857792528,100,0.5025,0.4329296875,7.6616680448317105,0.5332284727985585
gametes_epistasis_2_way_1000atts_0_4h_edm_1_edm_1_1,histdistill_density_mid,beta=0.35,0.35,budget_50,seed_1,0.005475455304227106,100,0.491171875,0.5250390624999999,8.053068988695385,0.5838418087654027
gametes_epistasis_2_way_1000atts_0_4h_edm_1_edm_1_1,histdistill_density_mid,beta=0.35,0.35,budget_25,seed_0,0.012066194874072234,50,0.5069140624999999,0.5037890624999999,21.20301645519503,0.36495465463992
gametes_epistasis_2_way_1000atts_0_4h_edm_1_edm_1_1,histdistill_density_mid,beta=0.35,0.35,budget_25,seed_2,0.012071107078751142,50,0.492421875,0.4963281249999999,12.615840281743331,0.4762548577091376
gametes_epistasis_2_way_1000atts_0_4h_edm_1_edm_1_1,histdistill_density_mid,beta=0.35,0.35,budget_25,seed_1,0.011688339971861361,50,0.4816796875,0.4692578125,11.051287887410489,0.3979320554080686
gametes_epistasis_2_way_1000atts_0_4h_edm_1_edm_1_1,histdistill_density_strong,beta=0.70,0.7,budget_50,seed_0,0.005674014982493314,100,0.5085546875,0.52203125,6.774903013623198,0.6998581520236339
gametes_epistasis_2_way_1000atts_0_4h_edm_1_edm_1_1,histdistill_density_strong,beta=0.70,0.7,budget_50,seed_2,0.005820888857792528,100,0.5025,0.4329296875,7.6616680448317105,0.5332284727985585
gametes_epistasis_2_way_1000atts_0_4h_edm_1_edm_1_1,histdistill_density_strong,beta=0.70,0.7,budget_50,seed_1,0.005475455304227106,100,0.491171875,0.5250390624999999,8.053068988695385,0.5838418087654027
gametes_epistasis_2_way_1000atts_0_4h_edm_1_edm_1_1,histdistill_density_strong,beta=0.70,0.7,budget_25,seed_0,0.012066194874072234,50,0.5069140624999999,0.5037890624999999,21.20301645519503,0.36495465463992
gametes_epistasis_2_way_1000atts_0_4h_edm_1_edm_1_1,histdistill_density_strong,beta=0.70,0.7,budget_25,seed_2,0.012071107078751142,50,0.492421875,0.4963281249999999,12.615840281743331,0.4762548577091376
gametes_epistasis_2_way_1000atts_0_4h_edm_1_edm_1_1,histdistill_density_strong,beta=0.70,0.7,budget_25,seed_1,0.011688339971861361,50,0.4816796875,0.4692578125,11.051287887410489,0.3979320554080686
gametes_epistasis_2_way_1000atts_0_4h_edm_1_edm_1_1,histdistill_density_xstrong,beta=1.25,1.25,budget_50,seed_0,0.005679020650039002,100,0.507109375,0.5231640625,7.009422393849984,0.6970623216222879
gametes_epistasis_2_way_1000atts_0_4h_edm_1_edm_1_1,histdistill_density_xstrong,beta=1.25,1.25,budget_50,seed_2,0.00585022084643938,100,0.5005078125000001,0.433515625,8.966075746716896,0.5297994087165694
gametes_epistasis_2_way_1000atts_0_4h_edm_1_edm_1_1,histdistill_density_xstrong,beta=1.25,1.25,budget_50,seed_1,0.0055199588351666495,100,0.4922265625000001,0.5065624999999999,8.195196078985095,0.5905489038447904
gametes_epistasis_2_way_1000atts_0_4h_edm_1_edm_1_1,histdistill_density_xstrong,beta=1.25,1.25,budget_25,seed_0,0.012066194873996183,50,0.5069140624999999,0.5037890624999999,21.20301629095027,0.36495465463992
gametes_epistasis_2_way_1000atts_0_4h_edm_1_edm_1_1,histdistill_density_xstrong,beta=1.25,1.25,budget_25,seed_2,0.012071107037473494,50,0.492421875,0.4963281249999999,12.615840881393389,0.4762548577091376
gametes_epistasis_2_way_1000atts_0_4h_edm_1_edm_1_1,histdistill_density_xstrong,beta=1.25,1.25,budget_25,seed_1,0.011688132209044078,50,0.479765625,0.46921875,11.040970144208606,0.3970225170760478
gametes_epistasis_2_way_20atts_0_1h_edm_1_1,histdistill_refined,beta=0.00,0.0,budget_50,seed_0,0.0025775447933142903,100,0.5691015625,0.5855078125000001,1.7815345142211303,0.4307875827822134
gametes_epistasis_2_way_20atts_0_1h_edm_1_1,histdistill_refined,beta=0.00,0.0,budget_50,seed_2,0.0021467329306309457,100,0.5276171875,0.5946875,3.1718982877657464,0.3992323739116353
gametes_epistasis_2_way_20atts_0_1h_edm_1_1,histdistill_refined,beta=0.00,0.0,budget_50,seed_1,0.0023555963948044267,100,0.549609375,0.63390625,5.499430004373954,0.5068477947909555
gametes_epistasis_2_way_20atts_0_1h_edm_1_1,histdistill_refined,beta=0.00,0.0,budget_25,seed_0,0.005100455388949987,50,0.5176953125,0.49953125,8.757206781811327,0.2404467210400879
gametes_epistasis_2_way_20atts_0_1h_edm_1_1,histdistill_refined,beta=0.00,0.0,budget_25,seed_2,0.005517125628036412,50,0.4946484375000001,0.5544921875,7.891238108804058,0.4045499972498999
gametes_epistasis_2_way_20atts_0_1h_edm_1_1,histdistill_refined,beta=0.00,0.0,budget_25,seed_1,0.0050939653822174025,50,0.4897265625,0.5474609375,7.112883617394084,0.3628861165132978
gametes_epistasis_2_way_20atts_0_1h_edm_1_1,histdistill_density_weak,beta=0.15,0.15,budget_50,seed_0,0.0027113719645334156,100,0.5682031249999999,0.579375,3.4216837826841977,0.4647020596057318
gametes_epistasis_2_way_20atts_0_1h_edm_1_1,histdistill_density_weak,beta=0.15,0.15,budget_50,seed_2,0.002155354060531023,100,0.5267578125000001,0.6160546875,3.180007560066281,0.3993061010351647
gametes_epistasis_2_way_20atts_0_1h_edm_1_1,histdistill_density_weak,beta=0.15,0.15,budget_50,seed_1,0.002326485459227312,100,0.5523828125,0.60078125,5.527983885435404,0.4534566893036901
gametes_epistasis_2_way_20atts_0_1h_edm_1_1,histdistill_density_weak,beta=0.15,0.15,budget_25,seed_0,0.005158400178532974,50,0.5089062499999999,0.55765625,9.439464900518846,0.2405211627493882
gametes_epistasis_2_way_20atts_0_1h_edm_1_1,histdistill_density_weak,beta=0.15,0.15,budget_25,seed_2,0.0052920169161291275,50,0.4908203125,0.5369921875,5.609882237113316,0.383329884079705
gametes_epistasis_2_way_20atts_0_1h_edm_1_1,histdistill_density_weak,beta=0.15,0.15,budget_25,seed_1,0.0050130915320044656,50,0.4902734374999999,0.532578125,8.565637944566786,0.3594849833919425
gametes_epistasis_2_way_20atts_0_1h_edm_1_1,histdistill_density_mid,beta=0.35,0.35,budget_50,seed_0,0.0026898845503471325,100,0.5721093749999999,0.6034375000000001,2.4649702145030865,0.4919073681880759
gametes_epistasis_2_way_20atts_0_1h_edm_1_1,histdistill_density_mid,beta=0.35,0.35,budget_50,seed_2,0.002155354060531023,100,0.5267578125000001,0.6160546875,3.180007560066281,0.3993061010351647
gametes_epistasis_2_way_20atts_0_1h_edm_1_1,histdistill_density_mid,beta=0.35,0.35,budget_50,seed_1,0.002320794638763557,100,0.5450390624999999,0.60828125,5.521353060490153,0.4476469133622384
gametes_epistasis_2_way_20atts_0_1h_edm_1_1,histdistill_density_mid,beta=0.35,0.35,budget_25,seed_0,0.005157712644976442,50,0.5096093749999999,0.5575781249999999,9.440127294047397,0.2444665733423061
gametes_epistasis_2_way_20atts_0_1h_edm_1_1,histdistill_density_mid,beta=0.35,0.35,budget_25,seed_2,0.005292016900887209,50,0.4908203125,0.5369921875,5.609882264192323,0.383329884079705
gametes_epistasis_2_way_20atts_0_1h_edm_1_1,histdistill_density_mid,beta=0.35,0.35,budget_25,seed_1,0.00501309153528362,50,0.4903515624999999,0.532578125,8.565637911979692,0.3594849833919425
gametes_epistasis_2_way_20atts_0_1h_edm_1_1,histdistill_density_strong,beta=0.70,0.7,budget_50,seed_0,0.0026898845503471325,100,0.5721093749999999,0.6034375000000001,2.4649702145030865,0.4919073681880759
gametes_epistasis_2_way_20atts_0_1h_edm_1_1,histdistill_density_strong,beta=0.70,0.7,budget_50,seed_2,0.002155354060531023,100,0.5267578125000001,0.6160546875,3.180007560066281,0.3993061010351647
gametes_epistasis_2_way_20atts_0_1h_edm_1_1,histdistill_density_strong,beta=0.70,0.7,budget_50,seed_1,0.002320794638763557,100,0.5450390624999999,0.60828125,5.521353060490153,0.4476469133622384
gametes_epistasis_2_way_20atts_0_1h_edm_1_1,histdistill_density_strong,beta=0.70,0.7,budget_25,seed_0,0.005157712644976442,50,0.5096093749999999,0.5575781249999999,9.440127294047397,0.2444665733423061
gametes_epistasis_2_way_20atts_0_1h_edm_1_1,histdistill_density_strong,beta=0.70,0.7,budget_25,seed_2,0.005292016900887209,50,0.4908203125,0.5369921875,5.609882264192323,0.383329884079705
gametes_epistasis_2_way_20atts_0_1h_edm_1_1,histdistill_density_strong,beta=0.70,0.7,budget_25,seed_1,0.00501309153528362,50,0.4903515624999999,0.532578125,8.565637911979692,0.3594849833919425
gametes_epistasis_2_way_20atts_0_1h_edm_1_1,histdistill_density_xstrong,beta=1.25,1.25,budget_50,seed_0,0.0027175280026189297,100,0.5726171874999999,0.6114453125,3.264019366055177,0.4778254875939628
gametes_epistasis_2_way_20atts_0_1h_edm_1_1,histdistill_density_xstrong,beta=1.25,1.25,budget_50,seed_2,0.002155354060531023,100,0.5267578125000001,0.6160546875,3.180007560066281,0.3993061010351647
gametes_epistasis_2_way_20atts_0_1h_edm_1_1,histdistill_density_xstrong,beta=1.25,1.25,budget_50,seed_1,0.002328393299222631,100,0.5561718750000001,0.6136718750000001,5.519818728205641,0.4429402594349863
gametes_epistasis_2_way_20atts_0_1h_edm_1_1,histdistill_density_xstrong,beta=1.25,1.25,budget_25,seed_0,0.005159383861528033,50,0.5098046875,0.5575781249999999,9.438514891948646,0.2366501938657707
gametes_epistasis_2_way_20atts_0_1h_edm_1_1,histdistill_density_xstrong,beta=1.25,1.25,budget_25,seed_2,0.0052920169161291275,50,0.4908203125,0.5369921875,5.609882237113316,0.383329884079705
gametes_epistasis_2_way_20atts_0_1h_edm_1_1,histdistill_density_xstrong,beta=1.25,1.25,budget_25,seed_1,0.0050130915320044656,50,0.4902734374999999,0.532578125,8.565637944566786,0.3594849833919425
gametes_epistasis_2_way_20atts_0_4h_edm_1_1,histdistill_refined,beta=0.00,0.0,budget_50,seed_0,0.002241942914538164,100,0.519296875,0.7121875000000001,1.9127202199868,0.5303668648066412
gametes_epistasis_2_way_20atts_0_4h_edm_1_1,histdistill_refined,beta=0.00,0.0,budget_50,seed_2,0.0026003718317096913,100,0.6114453125,0.7607812500000001,2.809699345477496,0.5278342578265919
gametes_epistasis_2_way_20atts_0_4h_edm_1_1,histdistill_refined,beta=0.00,0.0,budget_50,seed_1,0.0023582082908398805,100,0.5594140624999999,0.6833203125,2.587396852694664,0.5248730558191497
gametes_epistasis_2_way_20atts_0_4h_edm_1_1,histdistill_refined,beta=0.00,0.0,budget_25,seed_0,0.004936567088236976,50,0.5221875,0.71486328125,5.274985644721802,0.3966738495373283
gametes_epistasis_2_way_20atts_0_4h_edm_1_1,histdistill_refined,beta=0.00,0.0,budget_25,seed_2,0.00613029144540167,50,0.5394921875,0.7060546875,5.579633833491645,0.3527196613842282
gametes_epistasis_2_way_20atts_0_4h_edm_1_1,histdistill_refined,beta=0.00,0.0,budget_25,seed_1,0.008088595418684563,50,0.5007031249999999,0.5658203125,4.648669969628857,0.4494311990600926
gametes_epistasis_2_way_20atts_0_4h_edm_1_1,histdistill_density_weak,beta=0.15,0.15,budget_50,seed_0,0.0022667539324611186,100,0.5190625,0.6663671875,2.204838778740991,0.5071448069588043
gametes_epistasis_2_way_20atts_0_4h_edm_1_1,histdistill_density_weak,beta=0.15,0.15,budget_50,seed_2,0.0026464156995381627,100,0.6179296875,0.7487890625,3.970755393595754,0.504456347241521
gametes_epistasis_2_way_20atts_0_4h_edm_1_1,histdistill_density_weak,beta=0.15,0.15,budget_50,seed_1,0.002347775736699975,100,0.5573046875000001,0.7034765624999999,2.2199879289149598,0.5035991571867351
gametes_epistasis_2_way_20atts_0_4h_edm_1_1,histdistill_density_weak,beta=0.15,0.15,budget_25,seed_0,0.004982793576689848,50,0.531875,0.71484375,4.702774849234398,0.3911878929103179
gametes_epistasis_2_way_20atts_0_4h_edm_1_1,histdistill_density_weak,beta=0.15,0.15,budget_25,seed_2,0.006153737352710742,50,0.5378515625,0.6785742187500001,5.269983181872443,0.3341700713709887
gametes_epistasis_2_way_20atts_0_4h_edm_1_1,histdistill_density_weak,beta=0.15,0.15,budget_25,seed_1,0.007417173382542441,50,0.4965625,0.6016796875,4.651032315225828,0.4294547175073731
gametes_epistasis_2_way_20atts_0_4h_edm_1_1,histdistill_density_mid,beta=0.35,0.35,budget_50,seed_0,0.0022066297051286377,100,0.514765625,0.6429687500000001,1.934405021831501,0.4808836207349079
gametes_epistasis_2_way_20atts_0_4h_edm_1_1,histdistill_density_mid,beta=0.35,0.35,budget_50,seed_2,0.0026563235025326426,100,0.6141796875,0.7364453125,4.284157384073025,0.5118593522601268
gametes_epistasis_2_way_20atts_0_4h_edm_1_1,histdistill_density_mid,beta=0.35,0.35,budget_50,seed_1,0.002374496733630882,100,0.5593750000000001,0.6796093750000001,2.4039932908021764,0.4760132226963515
gametes_epistasis_2_way_20atts_0_4h_edm_1_1,histdistill_density_mid,beta=0.35,0.35,budget_25,seed_0,0.004982793569070498,50,0.5319140625,0.71484375,4.702774444336323,0.3911878929103179
gametes_epistasis_2_way_20atts_0_4h_edm_1_1,histdistill_density_mid,beta=0.35,0.35,budget_25,seed_2,0.006155558146913598,50,0.5350390624999999,0.6687109375,5.218120288143792,0.3321882775661554
gametes_epistasis_2_way_20atts_0_4h_edm_1_1,histdistill_density_mid,beta=0.35,0.35,budget_25,seed_1,0.007417186981237167,50,0.4958203125,0.6016796875,4.651032359802777,0.4294547175073731
gametes_epistasis_2_way_20atts_0_4h_edm_1_1,histdistill_density_strong,beta=0.70,0.7,budget_50,seed_0,0.0022066297051286377,100,0.514765625,0.6429687500000001,1.934405021831501,0.4808836207349079
gametes_epistasis_2_way_20atts_0_4h_edm_1_1,histdistill_density_strong,beta=0.70,0.7,budget_50,seed_2,0.0026563235025326426,100,0.6141796875,0.7364453125,4.284157384073025,0.5118593522601268
gametes_epistasis_2_way_20atts_0_4h_edm_1_1,histdistill_density_strong,beta=0.70,0.7,budget_50,seed_1,0.002374496733630882,100,0.5593750000000001,0.6796093750000001,2.4039932908021764,0.4760132226963515
gametes_epistasis_2_way_20atts_0_4h_edm_1_1,histdistill_density_strong,beta=0.70,0.7,budget_25,seed_0,0.004982793569070498,50,0.5319140625,0.71484375,4.702774444336323,0.3911878929103179
gametes_epistasis_2_way_20atts_0_4h_edm_1_1,histdistill_density_strong,beta=0.70,0.7,budget_25,seed_2,0.006155558146913598,50,0.5350390624999999,0.6687109375,5.218120288143792,0.3321882775661554
gametes_epistasis_2_way_20atts_0_4h_edm_1_1,histdistill_density_strong,beta=0.70,0.7,budget_25,seed_1,0.007417186981237167,50,0.4958203125,0.6016796875,4.651032359802777,0.4294547175073731
gametes_epistasis_2_way_20atts_0_4h_edm_1_1,histdistill_density_xstrong,beta=1.25,1.25,budget_50,seed_0,0.0022134847167587512,100,0.5233984374999999,0.6348828125,1.9130398647887836,0.5204702159922946
gametes_epistasis_2_way_20atts_0_4h_edm_1_1,histdistill_density_xstrong,beta=1.25,1.25,budget_50,seed_2,0.0025761716000823887,100,0.60703125,0.7481640625000001,3.974120579446511,0.5279901105638257
gametes_epistasis_2_way_20atts_0_4h_edm_1_1,histdistill_density_xstrong,beta=1.25,1.25,budget_50,seed_1,0.0023416928548790628,100,0.5601171875000001,0.694140625,1.9425485793069264,0.4841175650325093
gametes_epistasis_2_way_20atts_0_4h_edm_1_1,histdistill_density_xstrong,beta=1.25,1.25,budget_25,seed_0,0.004982793576689848,50,0.531875,0.71484375,4.702774849234398,0.3911878929103179
gametes_epistasis_2_way_20atts_0_4h_edm_1_1,histdistill_density_xstrong,beta=1.25,1.25,budget_25,seed_2,0.006130314768744816,50,0.5371484375,0.6765625,5.728487016060757,0.3164924706318758
gametes_epistasis_2_way_20atts_0_4h_edm_1_1,histdistill_density_xstrong,beta=1.25,1.25,budget_25,seed_1,0.007417151002950595,50,0.4973828124999999,0.6016796875,4.651032264769648,0.4294547175073731
gametes_epistasis_3_way_20atts_0_2h_edm_1_1,histdistill_refined,beta=0.00,0.0,budget_50,seed_0,0.0022380568633592057,100,0.5216015625,0.5482812499999999,2.746180936658536,0.4425594060257109
gametes_epistasis_3_way_20atts_0_2h_edm_1_1,histdistill_refined,beta=0.00,0.0,budget_50,seed_2,0.0025002251452180824,100,0.515390625,0.5369140625,3.1423075936941136,0.4776890517859875
gametes_epistasis_3_way_20atts_0_2h_edm_1_1,histdistill_refined,beta=0.00,0.0,budget_50,seed_1,0.002738327339909974,100,0.4366015625,0.4826171875,3.346792465981297,0.4376997457187092
gametes_epistasis_3_way_20atts_0_2h_edm_1_1,histdistill_refined,beta=0.00,0.0,budget_25,seed_0,0.005703340557230208,50,0.5252343750000001,0.510234375,11.39726457758704,0.2833985884184034
gametes_epistasis_3_way_20atts_0_2h_edm_1_1,histdistill_refined,beta=0.00,0.0,budget_25,seed_2,0.005942262132684117,50,0.5717578125,0.5568359374999999,12.524068132562958,0.3429340019547386
gametes_epistasis_3_way_20atts_0_2h_edm_1_1,histdistill_refined,beta=0.00,0.0,budget_25,seed_1,0.005936934477574929,50,0.4915234374999999,0.539140625,7.435375048730363,0.3600097271555529
gametes_epistasis_3_way_20atts_0_2h_edm_1_1,histdistill_density_weak,beta=0.15,0.15,budget_50,seed_0,0.0022477174746734496,100,0.51453125,0.5754687500000001,3.401505240511145,0.4153782029755556
gametes_epistasis_3_way_20atts_0_2h_edm_1_1,histdistill_density_weak,beta=0.15,0.15,budget_50,seed_2,0.0024458672966671813,100,0.513828125,0.5380468749999999,4.660356077935482,0.5104712300101142
gametes_epistasis_3_way_20atts_0_2h_edm_1_1,histdistill_density_weak,beta=0.15,0.15,budget_50,seed_1,0.002649572879565687,100,0.4444921874999999,0.4904296875,2.8824365854847427,0.3743452061893169
gametes_epistasis_3_way_20atts_0_2h_edm_1_1,histdistill_density_weak,beta=0.15,0.15,budget_25,seed_0,0.005335238332060066,50,0.529609375,0.5118359375,8.251638364565462,0.308615551795645
gametes_epistasis_3_way_20atts_0_2h_edm_1_1,histdistill_density_weak,beta=0.15,0.15,budget_25,seed_2,0.005546631837479166,50,0.569765625,0.5405078125,8.584535115672036,0.3653119694550721
gametes_epistasis_3_way_20atts_0_2h_edm_1_1,histdistill_density_weak,beta=0.15,0.15,budget_25,seed_1,0.005580175138438448,50,0.497265625,0.5284375000000001,8.27947128729013,0.3580892299447033
gametes_epistasis_3_way_20atts_0_2h_edm_1_1,histdistill_density_mid,beta=0.35,0.35,budget_50,seed_0,0.0022455023403550323,100,0.5176953125,0.568125,3.3196490763629227,0.4187552615363325
gametes_epistasis_3_way_20atts_0_2h_edm_1_1,histdistill_density_mid,beta=0.35,0.35,budget_50,seed_2,0.0024192476357239867,100,0.5099218750000001,0.5372265625000001,4.512412387730248,0.5131893503151297
gametes_epistasis_3_way_20atts_0_2h_edm_1_1,histdistill_density_mid,beta=0.35,0.35,budget_50,seed_1,0.002642615581984309,100,0.4517578124999999,0.4960546875,2.4734200472614165,0.3554297048174383
gametes_epistasis_3_way_20atts_0_2h_edm_1_1,histdistill_density_mid,beta=0.35,0.35,budget_25,seed_0,0.005314879768846703,50,0.5289843750000001,0.494375,8.149169062435796,0.3068620543422606
gametes_epistasis_3_way_20atts_0_2h_edm_1_1,histdistill_density_mid,beta=0.35,0.35,budget_25,seed_2,0.005538663891020867,50,0.5742578125,0.5450390624999999,8.46523998941946,0.3549579844922312
gametes_epistasis_3_way_20atts_0_2h_edm_1_1,histdistill_density_mid,beta=0.35,0.35,budget_25,seed_1,0.005580175138438448,50,0.497265625,0.5284375000000001,8.27947128729013,0.3580892299447033
gametes_epistasis_3_way_20atts_0_2h_edm_1_1,histdistill_density_strong,beta=0.70,0.7,budget_50,seed_0,0.0022455023403550323,100,0.5176953125,0.568125,3.3196490763629227,0.4187552615363325
gametes_epistasis_3_way_20atts_0_2h_edm_1_1,histdistill_density_strong,beta=0.70,0.7,budget_50,seed_2,0.0024192476357239867,100,0.5099218750000001,0.5372265625000001,4.512412387730248,0.5131893503151297
gametes_epistasis_3_way_20atts_0_2h_edm_1_1,histdistill_density_strong,beta=0.70,0.7,budget_50,seed_1,0.002642615581984309,100,0.4517578124999999,0.4960546875,2.4734200472614165,0.3554297048174383
gametes_epistasis_3_way_20atts_0_2h_edm_1_1,histdistill_density_strong,beta=0.70,0.7,budget_25,seed_0,0.005314879768846703,50,0.5289843750000001,0.494375,8.149169062435796,0.3068620543422606
gametes_epistasis_3_way_20atts_0_2h_edm_1_1,histdistill_density_strong,beta=0.70,0.7,budget_25,seed_2,0.005538663891020867,50,0.5742578125,0.5450390624999999,8.46523998941946,0.3549579844922312
gametes_epistasis_3_way_20atts_0_2h_edm_1_1,histdistill_density_strong,beta=0.70,0.7,budget_25,seed_1,0.005580175138438448,50,0.497265625,0.5284375000000001,8.27947128729013,0.3580892299447033
gametes_epistasis_3_way_20atts_0_2h_edm_1_1,histdistill_density_xstrong,beta=1.25,1.25,budget_50,seed_0,0.0022119635980538677,100,0.51734375,0.5448828125,3.631401730564994,0.4232030947627215
gametes_epistasis_3_way_20atts_0_2h_edm_1_1,histdistill_density_xstrong,beta=1.25,1.25,budget_50,seed_2,0.0024237126483894755,100,0.5172656250000001,0.5550390625,4.67481284955428,0.5016579308393062
gametes_epistasis_3_way_20atts_0_2h_edm_1_1,histdistill_density_xstrong,beta=1.25,1.25,budget_50,seed_1,0.0026104341210129167,100,0.439296875,0.4880859375,3.401319637658671,0.4248966771045556
gametes_epistasis_3_way_20atts_0_2h_edm_1_1,histdistill_density_xstrong,beta=1.25,1.25,budget_25,seed_0,0.005329656351029111,50,0.5287499999999999,0.4969921874999999,8.195820649008187,0.3055260562825392
gametes_epistasis_3_way_20atts_0_2h_edm_1_1,histdistill_density_xstrong,beta=1.25,1.25,budget_25,seed_2,0.0055893747419339945,50,0.5753906249999999,0.5396484375,8.084135172664917,0.3512004899492648
gametes_epistasis_3_way_20atts_0_2h_edm_1_1,histdistill_density_xstrong,beta=1.25,1.25,budget_25,seed_1,0.005580175183508507,50,0.4972265624999999,0.5284375000000001,8.27947135069427,0.3580892299447033
gametes_heterogeneity_20atts_1600_het_0_4_0_2_50_edm_2_001,histdistill_refined,beta=0.00,0.0,budget_50,seed_0,0.0023240573791502017,100,0.5944921875,0.6878125,3.972554617883088,0.5100618182282616
gametes_heterogeneity_20atts_1600_het_0_4_0_2_50_edm_2_001,histdistill_refined,beta=0.00,0.0,budget_50,seed_2,0.002860043415910174,100,0.59109375,0.6605859375,2.18191830915508,0.5578632340303192
gametes_heterogeneity_20atts_1600_het_0_4_0_2_50_edm_2_001,histdistill_refined,beta=0.00,0.0,budget_50,seed_1,0.0021592348594783317,100,0.542890625,0.626015625,3.1415444155024934,0.5030874086809289
gametes_heterogeneity_20atts_1600_het_0_4_0_2_50_edm_2_001,histdistill_refined,beta=0.00,0.0,budget_25,seed_0,0.006685253241015099,50,0.5534765625,0.6137109375,5.3742222629060965,0.4513280044594784
gametes_heterogeneity_20atts_1600_het_0_4_0_2_50_edm_2_001,histdistill_refined,beta=0.00,0.0,budget_25,seed_2,0.005955918084557532,50,0.5891796874999999,0.6807031250000001,5.434340785863058,0.5313991779031766
gametes_heterogeneity_20atts_1600_het_0_4_0_2_50_edm_2_001,histdistill_refined,beta=0.00,0.0,budget_25,seed_1,0.004863507668212197,50,0.4983984374999999,0.5894140625,12.187836211997034,0.3280574564651804
gametes_heterogeneity_20atts_1600_het_0_4_0_2_50_edm_2_001,histdistill_density_weak,beta=0.15,0.15,budget_50,seed_0,0.002328119233530157,100,0.5823046875,0.6669921875,4.11195820431845,0.4320259247375506
gametes_heterogeneity_20atts_1600_het_0_4_0_2_50_edm_2_001,histdistill_density_weak,beta=0.15,0.15,budget_50,seed_2,0.002908820297710779,100,0.5853515625,0.6574609375,3.4398601079567763,0.546755681473046
gametes_heterogeneity_20atts_1600_het_0_4_0_2_50_edm_2_001,histdistill_density_weak,beta=0.15,0.15,budget_50,seed_1,0.002126314801858986,100,0.5407421875,0.6358593749999999,3.777681956916012,0.4795294030988275
gametes_heterogeneity_20atts_1600_het_0_4_0_2_50_edm_2_001,histdistill_density_weak,beta=0.15,0.15,budget_25,seed_0,0.006043823066812393,50,0.5503515625,0.64474609375,5.875291136051678,0.4521873048574107
gametes_heterogeneity_20atts_1600_het_0_4_0_2_50_edm_2_001,histdistill_density_weak,beta=0.15,0.15,budget_25,seed_2,0.005869693216997485,50,0.5960937500000001,0.711171875,5.443287647046149,0.4770288981794556
gametes_heterogeneity_20atts_1600_het_0_4_0_2_50_edm_2_001,histdistill_density_weak,beta=0.15,0.15,budget_25,seed_1,0.004706413760211636,50,0.4937109374999999,0.577265625,12.161503230260928,0.3739909686455652
gametes_heterogeneity_20atts_1600_het_0_4_0_2_50_edm_2_001,histdistill_density_mid,beta=0.35,0.35,budget_50,seed_0,0.002327850681875021,100,0.58875,0.6648437500000001,5.1419053116455,0.4682153609442656
gametes_heterogeneity_20atts_1600_het_0_4_0_2_50_edm_2_001,histdistill_density_mid,beta=0.35,0.35,budget_50,seed_2,0.0029161631984732095,100,0.5823437499999999,0.648984375,3.019192116269528,0.5403086404782651
gametes_heterogeneity_20atts_1600_het_0_4_0_2_50_edm_2_001,histdistill_density_mid,beta=0.35,0.35,budget_50,seed_1,0.0021088323319319313,100,0.54390625,0.63890625,3.18924067157522,0.4854189044943529
gametes_heterogeneity_20atts_1600_het_0_4_0_2_50_edm_2_001,histdistill_density_mid,beta=0.35,0.35,budget_25,seed_0,0.006059621028224438,50,0.54984375,0.60109375,5.647426997241045,0.4660923476603164
gametes_heterogeneity_20atts_1600_het_0_4_0_2_50_edm_2_001,histdistill_density_mid,beta=0.35,0.35,budget_25,seed_2,0.0057931421725765375,50,0.59359375,0.7044921875000001,6.270298731276654,0.524290420065736
gametes_heterogeneity_20atts_1600_het_0_4_0_2_50_edm_2_001,histdistill_density_mid,beta=0.35,0.35,budget_25,seed_1,0.004700858075481262,50,0.49421875,0.586484375,12.164022159242355,0.3743815597355345
gametes_heterogeneity_20atts_1600_het_0_4_0_2_50_edm_2_001,histdistill_density_strong,beta=0.70,0.7,budget_50,seed_0,0.002327850681875021,100,0.58875,0.6648437500000001,5.1419053116455,0.4682153609442656
gametes_heterogeneity_20atts_1600_het_0_4_0_2_50_edm_2_001,histdistill_density_strong,beta=0.70,0.7,budget_50,seed_2,0.0029161631984732095,100,0.5823437499999999,0.648984375,3.019192116269528,0.5403086404782651
gametes_heterogeneity_20atts_1600_het_0_4_0_2_50_edm_2_001,histdistill_density_strong,beta=0.70,0.7,budget_50,seed_1,0.0021088323319319313,100,0.54390625,0.63890625,3.18924067157522,0.4854189044943529
gametes_heterogeneity_20atts_1600_het_0_4_0_2_50_edm_2_001,histdistill_density_strong,beta=0.70,0.7,budget_25,seed_0,0.006059621028224438,50,0.54984375,0.60109375,5.647426997241045,0.4660923476603164
gametes_heterogeneity_20atts_1600_het_0_4_0_2_50_edm_2_001,histdistill_density_strong,beta=0.70,0.7,budget_25,seed_2,0.0057931421725765375,50,0.59359375,0.7044921875000001,6.270298731276654,0.524290420065736
gametes_heterogeneity_20atts_1600_het_0_4_0_2_50_edm_2_001,histdistill_density_strong,beta=0.70,0.7,budget_25,seed_1,0.004700858075481262,50,0.49421875,0.586484375,12.164022159242355,0.3743815597355345
gametes_heterogeneity_20atts_1600_het_0_4_0_2_50_edm_2_001,histdistill_density_xstrong,beta=1.25,1.25,budget_50,seed_0,0.0023462219850637345,100,0.590078125,0.6790234375,3.539792537179436,0.4385353736483944
gametes_heterogeneity_20atts_1600_het_0_4_0_2_50_edm_2_001,histdistill_density_xstrong,beta=1.25,1.25,budget_50,seed_2,0.0029010272732860054,100,0.5828125,0.6929296875,3.209475022282667,0.5469887070511706
gametes_heterogeneity_20atts_1600_het_0_4_0_2_50_edm_2_001,histdistill_density_xstrong,beta=1.25,1.25,budget_50,seed_1,0.002155439114859714,100,0.548671875,0.6590625,4.108309070624149,0.5195935112762828
gametes_heterogeneity_20atts_1600_het_0_4_0_2_50_edm_2_001,histdistill_density_xstrong,beta=1.25,1.25,budget_25,seed_0,0.006004473088489393,50,0.548828125,0.6094921875,5.367001879888002,0.4782006714493634
gametes_heterogeneity_20atts_1600_het_0_4_0_2_50_edm_2_001,histdistill_density_xstrong,beta=1.25,1.25,budget_25,seed_2,0.005790749741149237,50,0.5923046875,0.703828125,6.47247631369533,0.5246028929377115
gametes_heterogeneity_20atts_1600_het_0_4_0_2_50_edm_2_001,histdistill_density_xstrong,beta=1.25,1.25,budget_25,seed_1,0.004699771305509137,50,0.4934765624999999,0.5949609375,12.157740605234691,0.3755533330054422
gametes_heterogeneity_20atts_1600_het_0_4_0_2_75_edm_2_001,histdistill_refined,beta=0.00,0.0,budget_50,seed_0,0.0020479988078759837,100,0.4978125,0.7191015625,5.4502102543936015,0.5312424139971875
gametes_heterogeneity_20atts_1600_het_0_4_0_2_75_edm_2_001,histdistill_refined,beta=0.00,0.0,budget_50,seed_2,0.002362126684147592,100,0.5223046874999999,0.6367578125,3.145894815994226,0.4588303530810496
gametes_heterogeneity_20atts_1600_het_0_4_0_2_75_edm_2_001,histdistill_refined,beta=0.00,0.0,budget_50,seed_1,0.002551286144412579,100,0.5359765624999999,0.68015625,7.768735407798544,0.4622060524473413
gametes_heterogeneity_20atts_1600_het_0_4_0_2_75_edm_2_001,histdistill_refined,beta=0.00,0.0,budget_25,seed_0,0.00488800175737103,50,0.5011718749999999,0.68984375,9.760270421613944,0.3676311487065681
gametes_heterogeneity_20atts_1600_het_0_4_0_2_75_edm_2_001,histdistill_refined,beta=0.00,0.0,budget_25,seed_2,0.005714705569694334,50,0.4957812499999999,0.5910546875,5.479754722770655,0.409072602202462
gametes_heterogeneity_20atts_1600_het_0_4_0_2_75_edm_2_001,histdistill_refined,beta=0.00,0.0,budget_25,seed_1,0.005952866359598463,50,0.5800390624999999,0.6596484375,7.4035218446780435,0.4358373234277056
gametes_heterogeneity_20atts_1600_het_0_4_0_2_75_edm_2_001,histdistill_density_weak,beta=0.15,0.15,budget_50,seed_0,0.002016496858018191,100,0.4957421875,0.7145703124999999,5.473986017514212,0.536471438505757
gametes_heterogeneity_20atts_1600_het_0_4_0_2_75_edm_2_001,histdistill_density_weak,beta=0.15,0.15,budget_50,seed_2,0.0023661379413897343,100,0.5075,0.66375,3.8263127030174418,0.4440699421264804
gametes_heterogeneity_20atts_1600_het_0_4_0_2_75_edm_2_001,histdistill_density_weak,beta=0.15,0.15,budget_50,seed_1,0.0025218948904092153,100,0.538828125,0.694140625,7.360683237581483,0.4492989666350497
gametes_heterogeneity_20atts_1600_het_0_4_0_2_75_edm_2_001,histdistill_density_weak,beta=0.15,0.15,budget_25,seed_0,0.00493898070578358,50,0.5003515625,0.67234375,7.25454390123015,0.3869417379256316
gametes_heterogeneity_20atts_1600_het_0_4_0_2_75_edm_2_001,histdistill_density_weak,beta=0.15,0.15,budget_25,seed_2,0.005577180220006195,50,0.4967578124999999,0.5938671874999999,5.484470380837194,0.3624882941894636
gametes_heterogeneity_20atts_1600_het_0_4_0_2_75_edm_2_001,histdistill_density_weak,beta=0.15,0.15,budget_25,seed_1,0.0057259481416164215,50,0.5811718749999999,0.740234375,5.707943982925635,0.4215029706510959
gametes_heterogeneity_20atts_1600_het_0_4_0_2_75_edm_2_001,histdistill_density_mid,beta=0.35,0.35,budget_50,seed_0,0.002016496858018191,100,0.4957421875,0.7145703124999999,5.473986017514212,0.536471438505757
gametes_heterogeneity_20atts_1600_het_0_4_0_2_75_edm_2_001,histdistill_density_mid,beta=0.35,0.35,budget_50,seed_2,0.002430875538312005,100,0.506640625,0.6503515625,4.03191970154071,0.4447980341466609
gametes_heterogeneity_20atts_1600_het_0_4_0_2_75_edm_2_001,histdistill_density_mid,beta=0.35,0.35,budget_50,seed_1,0.0025218948904092153,100,0.538828125,0.694140625,7.360683237581483,0.4492989666350497
gametes_heterogeneity_20atts_1600_het_0_4_0_2_75_edm_2_001,histdistill_density_mid,beta=0.35,0.35,budget_25,seed_0,0.004938980702836382,50,0.50015625,0.67234375,7.254543942969557,0.3869417379256316
gametes_heterogeneity_20atts_1600_het_0_4_0_2_75_edm_2_001,histdistill_density_mid,beta=0.35,0.35,budget_25,seed_2,0.005577180220006195,50,0.4967578124999999,0.5938671874999999,5.484470380837194,0.3624882941894636
gametes_heterogeneity_20atts_1600_het_0_4_0_2_75_edm_2_001,histdistill_density_mid,beta=0.35,0.35,budget_25,seed_1,0.005719116184626616,50,0.5801171875000001,0.755859375,5.657435445999577,0.410884931557311
gametes_heterogeneity_20atts_1600_het_0_4_0_2_75_edm_2_001,histdistill_density_strong,beta=0.70,0.7,budget_50,seed_0,0.002016496858018191,100,0.4957421875,0.7145703124999999,5.473986017514212,0.536471438505757
gametes_heterogeneity_20atts_1600_het_0_4_0_2_75_edm_2_001,histdistill_density_strong,beta=0.70,0.7,budget_50,seed_2,0.002430875538312005,100,0.506640625,0.6503515625,4.03191970154071,0.4447980341466609
gametes_heterogeneity_20atts_1600_het_0_4_0_2_75_edm_2_001,histdistill_density_strong,beta=0.70,0.7,budget_50,seed_1,0.0025218948904092153,100,0.538828125,0.694140625,7.360683237581483,0.4492989666350497
gametes_heterogeneity_20atts_1600_het_0_4_0_2_75_edm_2_001,histdistill_density_strong,beta=0.70,0.7,budget_25,seed_0,0.004938980702836382,50,0.50015625,0.67234375,7.254543942969557,0.3869417379256316
gametes_heterogeneity_20atts_1600_het_0_4_0_2_75_edm_2_001,histdistill_density_strong,beta=0.70,0.7,budget_25,seed_2,0.005577180220006195,50,0.4967578124999999,0.5938671874999999,5.484470380837194,0.3624882941894636
gametes_heterogeneity_20atts_1600_het_0_4_0_2_75_edm_2_001,histdistill_density_strong,beta=0.70,0.7,budget_25,seed_1,0.005719116184626616,50,0.5801171875000001,0.755859375,5.657435445999577,0.410884931557311
gametes_heterogeneity_20atts_1600_het_0_4_0_2_75_edm_2_001,histdistill_density_xstrong,beta=1.25,1.25,budget_50,seed_0,0.002016496858018191,100,0.4957421875,0.7145703124999999,5.473986017514212,0.536471438505757
gametes_heterogeneity_20atts_1600_het_0_4_0_2_75_edm_2_001,histdistill_density_xstrong,beta=1.25,1.25,budget_50,seed_2,0.0023835844541856277,100,0.5058203125,0.653671875,3.4299337783653945,0.4115705619529669
gametes_heterogeneity_20atts_1600_het_0_4_0_2_75_edm_2_001,histdistill_density_xstrong,beta=1.25,1.25,budget_50,seed_1,0.0025218948904092153,100,0.538828125,0.694140625,7.360683237581483,0.4492989666350497
gametes_heterogeneity_20atts_1600_het_0_4_0_2_75_edm_2_001,histdistill_density_xstrong,beta=1.25,1.25,budget_25,seed_0,0.004938980698796391,50,0.5002343749999999,0.67234375,7.254543887495621,0.3869417379256316
gametes_heterogeneity_20atts_1600_het_0_4_0_2_75_edm_2_001,histdistill_density_xstrong,beta=1.25,1.25,budget_25,seed_2,0.005577180220006195,50,0.4967578124999999,0.5938671874999999,5.484470380837194,0.3624882941894636
gametes_heterogeneity_20atts_1600_het_0_4_0_2_75_edm_2_001,histdistill_density_xstrong,beta=1.25,1.25,budget_25,seed_1,0.005731914827486584,50,0.585,0.7185546875,5.77577879284613,0.4293337744827623
hill_valley_without_noise,histdistill_refined,beta=0.00,0.0,budget_50,seed_0,0.0018347378481338161,100,0.292310298102981,0.5335365853658537,2.6163353640856317,0.2947633067166061
hill_valley_without_noise,histdistill_refined,beta=0.00,0.0,budget_50,seed_2,0.004083368980497104,100,0.5003726287262873,0.5110772357723576,3.4140918520583963,-0.2381463842200122
hill_valley_without_noise,histdistill_refined,beta=0.00,0.0,budget_50,seed_1,0.002072148914424532,100,0.3378726287262872,0.5569783197831978,2.9000777351256346,-0.1939737301549715
hill_valley_without_noise,histdistill_refined,beta=0.00,0.0,budget_25,seed_0,0.004379388512968818,50,0.423509485094851,0.5209349593495936,5.438193196096938,0.5507866002272834
hill_valley_without_noise,histdistill_refined,beta=0.00,0.0,budget_25,seed_2,0.004350728865612163,50,0.3741869918699187,0.4419037940379403,2.536241186772575,0.1793494627975085
hill_valley_without_noise,histdistill_refined,beta=0.00,0.0,budget_25,seed_1,0.004356239850196508,50,0.4334010840108401,0.5112466124661247,5.399322124631169,-0.2960792809555924
hill_valley_without_noise,histdistill_density_weak,beta=0.15,0.15,budget_50,seed_0,0.003802043104001007,100,0.4327235772357723,0.5427506775067751,4.817575964476252,0.1330268117084695
hill_valley_without_noise,histdistill_density_weak,beta=0.15,0.15,budget_50,seed_2,0.0025533657133764986,100,0.4385162601626016,0.5126016260162601,2.063038795874645,0.2436165669437421
hill_valley_without_noise,histdistill_density_weak,beta=0.15,0.15,budget_50,seed_1,0.002841105180257153,100,0.5229674796747967,0.5226964769647696,3.9065194445246663,-0.5133025666307837
hill_valley_without_noise,histdistill_density_weak,beta=0.15,0.15,budget_25,seed_0,0.004486348113715177,50,0.5236111111111111,0.5066056910569106,8.348333574092285,0.1867195510739398
hill_valley_without_noise,histdistill_density_weak,beta=0.15,0.15,budget_25,seed_2,0.0042906374498117295,50,0.4823848238482385,0.471510840108401,1.5899058394369556,-0.1858504669868459
hill_valley_without_noise,histdistill_density_weak,beta=0.15,0.15,budget_25,seed_1,0.00419745517997927,50,0.4313346883468835,0.5445460704607046,9.644869742276766,-0.3435671988707747
hill_valley_without_noise,histdistill_density_mid,beta=0.35,0.35,budget_50,seed_0,0.0038047263939323672,100,0.409620596205962,0.5468157181571816,4.864699940811425,0.1598342743066899
hill_valley_without_noise,histdistill_density_mid,beta=0.35,0.35,budget_50,seed_2,0.0025560977192670142,100,0.4363482384823848,0.511619241192412,2.067091463091402,0.2554266434602159
hill_valley_without_noise,histdistill_density_mid,beta=0.35,0.35,budget_50,seed_1,0.0028547662031477294,100,0.4768292682926829,0.5255420054200542,3.952693703702303,-0.5078406702587293
hill_valley_without_noise,histdistill_density_mid,beta=0.35,0.35,budget_25,seed_0,0.0044911589933573914,50,0.5688346883468834,0.5309281842818429,7.613584576477838,0.4986477841675882
hill_valley_without_noise,histdistill_density_mid,beta=0.35,0.35,budget_25,seed_2,0.004455109515915656,50,0.4728319783197832,0.4684959349593495,1.6902540473022647,-0.3320267500737631
hill_valley_without_noise,histdistill_density_mid,beta=0.35,0.35,budget_25,seed_1,0.00467961189724464,50,0.395020325203252,0.5000000000000001,11.264226778812032,-0.3229141875009679
hill_valley_without_noise,histdistill_density_strong,beta=0.70,0.7,budget_50,seed_0,0.0038047263939323672,100,0.409620596205962,0.5468157181571816,4.864699940811425,0.1598342743066899
hill_valley_without_noise,histdistill_density_strong,beta=0.70,0.7,budget_50,seed_2,0.0025560977192670142,100,0.4363482384823848,0.511619241192412,2.067091463091402,0.2554266434602159
hill_valley_without_noise,histdistill_density_strong,beta=0.70,0.7,budget_50,seed_1,0.0028547662031477294,100,0.4768292682926829,0.5255420054200542,3.952693703702303,-0.5078406702587293
hill_valley_without_noise,histdistill_density_strong,beta=0.70,0.7,budget_25,seed_0,0.0044911589933573914,50,0.5688346883468834,0.5309281842818429,7.613584576477838,0.4986477841675882
hill_valley_without_noise,histdistill_density_strong,beta=0.70,0.7,budget_25,seed_2,0.004455109515915656,50,0.4728319783197832,0.4684959349593495,1.6902540473022647,-0.3320267500737631
hill_valley_without_noise,histdistill_density_strong,beta=0.70,0.7,budget_25,seed_1,0.00467961189724464,50,0.395020325203252,0.5000000000000001,11.264226778812032,-0.3229141875009679
hill_valley_without_noise,histdistill_density_xstrong,beta=1.25,1.25,budget_50,seed_0,0.0038257040759172023,100,0.3116869918699186,0.539939024390244,5.076799107223619,0.1269945183373759
hill_valley_without_noise,histdistill_density_xstrong,beta=1.25,1.25,budget_50,seed_2,0.002541609018691382,100,0.4385840108401083,0.5110772357723578,2.049642942089517,0.2554206454528434
hill_valley_without_noise,histdistill_density_xstrong,beta=1.25,1.25,budget_50,seed_1,0.0029220267892532403,100,0.3865176151761517,0.5297764227642277,4.017119715388975,-0.4907486489472949
hill_valley_without_noise,histdistill_density_xstrong,beta=1.25,1.25,budget_25,seed_0,0.004499088340490731,50,0.5498644986449864,0.5195460704607048,7.599688995590428,0.2395686478954271
hill_valley_without_noise,histdistill_density_xstrong,beta=1.25,1.25,budget_25,seed_2,0.004580885157634884,50,0.43760162601626,0.4611111111111111,2.717876064527497,-0.7377315476266839
hill_valley_without_noise,histdistill_density_xstrong,beta=1.25,1.25,budget_25,seed_1,0.004274352817319138,50,0.3785230352303523,0.5159214092140922,7.37209624234659,-0.3176336918189795
hill_valley_with_noise,histdistill_refined,beta=0.00,0.0,budget_50,seed_0,0.002136485894691398,100,0.5341755859639615,0.4947500338707492,4.340330292697209,0.1884580555465171
hill_valley_with_noise,histdistill_refined,beta=0.00,0.0,budget_50,seed_2,0.002028320730981803,100,0.567301178702073,0.5582576886600733,2.195212656385578,-0.3444090163149877
hill_valley_with_noise,histdistill_refined,beta=0.00,0.0,budget_50,seed_1,0.002699805433379998,100,0.4885178160140902,0.5188660073160818,2.876380996495917,0.1736362030553043
hill_valley_with_noise,histdistill_refined,beta=0.00,0.0,budget_25,seed_0,0.004770668432591441,50,0.4748679040780382,0.5132434629454002,7.759431478558555,0.2847565103661801
hill_valley_with_noise,histdistill_refined,beta=0.00,0.0,budget_25,seed_2,0.004402751958606954,50,0.3745766156347379,0.5303481913019916,4.599377276169985,-0.1396397972006237
hill_valley_with_noise,histdistill_refined,beta=0.00,0.0,budget_25,seed_1,0.0058942222430673485,50,0.3864652486112993,0.4792711014767646,7.039970989662329,-0.0242366788561222
hill_valley_with_noise,histdistill_density_weak,beta=0.15,0.15,budget_50,seed_0,0.003255171693895109,100,0.4457390597480016,0.5068080205934156,10.64215345124958,0.0424634595611658
hill_valley_with_noise,histdistill_density_weak,beta=0.15,0.15,budget_50,seed_2,0.004274785735239095,100,0.4461116379894323,0.5716705053515783,13.00750200753674,-0.5404601405309354
hill_valley_with_noise,histdistill_density_weak,beta=0.15,0.15,budget_50,seed_1,0.004237746797034925,100,0.453901910310256,0.5276046606150928,3.416648843102856,0.0606327060805858
hill_valley_with_noise,histdistill_density_weak,beta=0.15,0.15,budget_25,seed_0,0.01029602229069182,50,0.4909226392087793,0.5079257553177077,11.40054182484638,0.2264045942565633
hill_valley_with_noise,histdistill_density_weak,beta=0.15,0.15,budget_25,seed_2,0.005766903572767101,50,0.4044506164476358,0.4895339384907194,6.503061925612193,-0.4412555434765619
hill_valley_with_noise,histdistill_density_weak,beta=0.15,0.15,budget_25,seed_1,0.00873278787409526,50,0.3890732963013141,0.5002370952445468,18.168421958884675,-0.1103234356704161
hill_valley_with_noise,histdistill_density_mid,beta=0.35,0.35,budget_50,seed_0,0.0030838968259253585,100,0.436492345210676,0.5055886736214605,10.524672480900476,0.0164302846057499
hill_valley_with_noise,histdistill_density_mid,beta=0.35,0.35,budget_50,seed_2,0.0036320609001141424,100,0.4762227340468771,0.5760059612518629,10.594904964180811,-0.5857007920099735
hill_valley_with_noise,histdistill_density_mid,beta=0.35,0.35,budget_50,seed_1,0.0024534333591194057,100,0.4928532719143747,0.5255046741633925,2.131908214710087,0.134992974365194
hill_valley_with_noise,histdistill_density_mid,beta=0.35,0.35,budget_25,seed_0,0.010579579560566765,50,0.4634534615905704,0.5071467280856253,11.779430679827406,0.2235407721434909
hill_valley_with_noise,histdistill_density_mid,beta=0.35,0.35,budget_25,seed_2,0.006297450186507625,50,0.4537325565641512,0.4865194418100528,9.568664799620988,-0.4448410685005072
hill_valley_with_noise,histdistill_density_mid,beta=0.35,0.35,budget_25,seed_1,0.007576680387146317,50,0.400521609538003,0.4970532448177754,16.353345388753127,-0.0907473177430066
hill_valley_with_noise,histdistill_density_strong,beta=0.70,0.7,budget_50,seed_0,0.0030838968259253585,100,0.436492345210676,0.5055886736214605,10.524672480900476,0.0164302846057499
hill_valley_with_noise,histdistill_density_strong,beta=0.70,0.7,budget_50,seed_2,0.0036320609001141424,100,0.4762227340468771,0.5760059612518629,10.594904964180811,-0.5857007920099735
hill_valley_with_noise,histdistill_density_strong,beta=0.70,0.7,budget_50,seed_1,0.0024534333591194057,100,0.4928532719143747,0.5255046741633925,2.131908214710087,0.134992974365194
hill_valley_with_noise,histdistill_density_strong,beta=0.70,0.7,budget_25,seed_0,0.010579579560566765,50,0.4634534615905704,0.5071467280856253,11.779430679827406,0.2235407721434909
hill_valley_with_noise,histdistill_density_strong,beta=0.70,0.7,budget_25,seed_2,0.006297450186507625,50,0.4537325565641512,0.4865194418100528,9.568664799620988,-0.4448410685005072
hill_valley_with_noise,histdistill_density_strong,beta=0.70,0.7,budget_25,seed_1,0.007576680387146317,50,0.400521609538003,0.4970532448177754,16.353345388753127,-0.0907473177430066
hill_valley_with_noise,histdistill_density_xstrong,beta=1.25,1.25,budget_50,seed_0,0.0031649570143371664,100,0.4380842704240617,0.5181208508332205,10.603803304845313,0.042091909456828
hill_valley_with_noise,histdistill_density_xstrong,beta=1.25,1.25,budget_50,seed_2,0.003967571265105496,100,0.4869258908007045,0.5598157431242379,11.672389642788003,-0.6671684869144757
hill_valley_with_noise,histdistill_density_xstrong,beta=1.25,1.25,budget_50,seed_1,0.0026474293586858932,100,0.4721582441403604,0.538578783362688,3.9712797070313024,0.0273327780288068
hill_valley_with_noise,histdistill_density_xstrong,beta=1.25,1.25,budget_25,seed_0,0.006528564506779078,50,0.4565438287494919,0.506333830104322,7.9770521309863005,0.227663290427853
hill_valley_with_noise,histdistill_density_xstrong,beta=1.25,1.25,budget_25,seed_2,0.004754240463306303,50,0.48746782278824,0.5337691369733099,5.728700768450626,-0.476040315940007
hill_valley_with_noise,histdistill_density_xstrong,beta=1.25,1.25,budget_25,seed_1,0.008732754311238655,50,0.3890732963013141,0.5002370952445468,18.16818173796583,-0.1103234356704161
kr_vs_kp,histdistill_refined,beta=0.00,0.0,budget_50,seed_0,0.0032688749070725054,100,0.9748933505537944,0.988204962623772,17.777140380702715,0.5033804704452445
kr_vs_kp,histdistill_refined,beta=0.00,0.0,budget_50,seed_2,0.0028621495237446393,100,0.9803432350984306,0.9922703612383076,20.084856850771803,0.4709509262128456
kr_vs_kp,histdistill_refined,beta=0.00,0.0,budget_50,seed_1,0.0025638784947071835,100,0.9730832452741576,0.9903134906657274,19.633435613067384,0.4847047800498773
kr_vs_kp,histdistill_refined,beta=0.00,0.0,budget_25,seed_0,0.0075476219840846515,50,0.9490235215842824,0.988151148683026,16.895535190247728,0.3702827198271458
kr_vs_kp,histdistill_refined,beta=0.00,0.0,budget_25,seed_2,0.006217284590685379,50,0.9474384564204924,0.9870993307502642,18.245236584040786,0.6107224416405664
kr_vs_kp,histdistill_refined,beta=0.00,0.0,budget_25,seed_1,0.00705756526907686,50,0.9590622676216196,0.985122891471958,18.5946877043935,0.4524968178012742
kr_vs_kp,histdistill_density_weak,beta=0.15,0.15,budget_50,seed_0,0.003057620436702768,100,0.9755684709013346,0.9896579390239132,18.30951807576946,0.4668486172649581
kr_vs_kp,histdistill_density_weak,beta=0.15,0.15,budget_50,seed_2,0.0028249954457868487,100,0.981194473797503,0.99274979452859,19.914689644641307,0.4531657703890976
kr_vs_kp,histdistill_density_weak,beta=0.15,0.15,budget_50,seed_1,0.0026393945951554976,100,0.974433485969238,0.9894769284959491,19.491993942188508,0.4894474882695435
kr_vs_kp,histdistill_density_weak,beta=0.15,0.15,budget_25,seed_0,0.007180456876550112,50,0.94786896794646,0.987314586513248,17.11826576076116,0.4431524602033854
kr_vs_kp,histdistill_density_weak,beta=0.15,0.15,budget_25,seed_2,0.0061755602526782916,50,0.9490430902900084,0.983200266134398,17.580227489383187,0.6109596614664123
kr_vs_kp,histdistill_density_weak,beta=0.15,0.15,budget_25,seed_1,0.009951510985896861,50,0.9598058784392,0.9834644436616964,22.5780925058296,0.4287748352166726
kr_vs_kp,histdistill_density_mid,beta=0.35,0.35,budget_50,seed_0,0.0030664472654875485,100,0.9758522171343588,0.989095338734296,17.97114103545623,0.4756257508212607
kr_vs_kp,histdistill_density_mid,beta=0.35,0.35,budget_50,seed_2,0.0028109930224252677,100,0.9813021016789948,0.9919328010645376,19.63255039703468,0.4543514474440142
kr_vs_kp,histdistill_density_mid,beta=0.35,0.35,budget_50,seed_1,0.002613196865588474,100,0.974531329497867,0.9893301632030058,19.248800537586007,0.4749822281995617
kr_vs_kp,histdistill_density_mid,beta=0.35,0.35,budget_25,seed_0,0.007142340150606108,50,0.9479276740636374,0.987779343274236,17.408700846857194,0.4602424318877152
kr_vs_kp,histdistill_density_mid,beta=0.35,0.35,budget_25,seed_2,0.006175560252571932,50,0.9490430902900084,0.983200266134398,17.58022747243609,0.6109596614664123
kr_vs_kp,histdistill_density_mid,beta=0.35,0.35,budget_25,seed_1,0.011132850350462409,50,0.9593166607960548,0.9838802786583696,23.320964244729705,0.3756375942271652
kr_vs_kp,histdistill_density_strong,beta=0.70,0.7,budget_50,seed_0,0.0030664472654875485,100,0.9758522171343588,0.989095338734296,17.97114103545623,0.4756257508212607
kr_vs_kp,histdistill_density_strong,beta=0.70,0.7,budget_50,seed_2,0.0028109930224252677,100,0.9813021016789948,0.9919328010645376,19.63255039703468,0.4543514474440142
kr_vs_kp,histdistill_density_strong,beta=0.70,0.7,budget_50,seed_1,0.002613196865588474,100,0.974531329497867,0.9893301632030058,19.248800537586007,0.4749822281995617
kr_vs_kp,histdistill_density_strong,beta=0.70,0.7,budget_25,seed_0,0.007142340150606108,50,0.9479276740636374,0.987779343274236,17.408700846857194,0.4602424318877152
kr_vs_kp,histdistill_density_strong,beta=0.70,0.7,budget_25,seed_2,0.006175560252571932,50,0.9490430902900084,0.983200266134398,17.58022747243609,0.6109596614664123
kr_vs_kp,histdistill_density_strong,beta=0.70,0.7,budget_25,seed_1,0.011132850350462409,50,0.9593166607960548,0.9838802786583696,23.320964244729705,0.3756375942271652
kr_vs_kp,histdistill_density_xstrong,beta=1.25,1.25,budget_50,seed_0,0.0031518977137519055,100,0.9755880396070604,0.9885963367382882,17.818742764044483,0.465899737961574
kr_vs_kp,histdistill_density_xstrong,beta=1.25,1.25,budget_50,seed_2,0.00282366990203875,100,0.980891158858753,0.9925589996477632,19.94638632094712,0.4825705613510275
kr_vs_kp,histdistill_density_xstrong,beta=1.25,1.25,budget_50,seed_1,0.0025869480553074586,100,0.9743552111463348,0.9897704590818364,19.0526954588894,0.4941901964892096
kr_vs_kp,histdistill_density_xstrong,beta=1.25,1.25,budget_25,seed_0,0.0071655383879434265,50,0.9473112598332748,0.9869476732808892,17.122397337175286,0.4583435461450119
kr_vs_kp,histdistill_density_xstrong,beta=1.25,1.25,budget_25,seed_2,0.0061755602526782916,50,0.9490430902900084,0.983200266134398,17.580227489383187,0.6109596614664123
kr_vs_kp,histdistill_density_xstrong,beta=1.25,1.25,budget_25,seed_1,0.011306193336485859,50,0.959218817267426,0.9835965324253454,23.56984842779223,0.3820425295250076
pc1,histdistill_refined,beta=0.00,0.0,budget_50,seed_0,0.011897478822588736,96,0.6462157809983897,0.8756843800322061,8.12998765710232,0.5977836656616196
pc1,histdistill_refined,beta=0.00,0.0,budget_50,seed_2,0.00905256419442968,96,0.6293075684380032,0.8785829307568438,6.531935390246764,0.4760295591447224
pc1,histdistill_refined,beta=0.00,0.0,budget_50,seed_1,0.011675125164298916,96,0.5917874396135265,0.8706924315619968,5.887781280925273,0.5777271887937965
pc1,histdistill_refined,beta=0.00,0.0,budget_25,seed_0,0.014540784477730995,50,0.5228663446054751,0.7972624798711755,12.898765965657113,0.4957269680429855
pc1,histdistill_refined,beta=0.00,0.0,budget_25,seed_2,0.018037040730337184,50,0.626731078904992,0.8359098228663446,9.139753563343891,0.4619350126195499
pc1,histdistill_refined,beta=0.00,0.0,budget_25,seed_1,0.013287552285289106,50,0.549597423510467,0.8371980676328502,9.533766313677924,0.4665873852695755
pc1,histdistill_density_weak,beta=0.15,0.15,budget_50,seed_0,0.010863883622310944,96,0.6230273752012883,0.8747181964573268,7.916927849553789,0.6073861299596365
pc1,histdistill_density_weak,beta=0.15,0.15,budget_50,seed_2,0.014191857501146599,96,0.6024154589371981,0.8843800322061192,5.253075794868749,0.5517584742738263
pc1,histdistill_density_weak,beta=0.15,0.15,budget_50,seed_1,0.01080388064579596,96,0.6463768115942028,0.8719806763285024,5.910068403227971,0.5780587688256953
pc1,histdistill_density_weak,beta=0.15,0.15,budget_25,seed_0,0.015003828909751271,50,0.522061191626409,0.8069243156199678,13.024601545579308,0.4936704162431027
pc1,histdistill_density_weak,beta=0.15,0.15,budget_25,seed_2,0.02004562790545028,50,0.4167471819645733,0.8365539452495975,9.353702116660436,0.4597118080444533
pc1,histdistill_density_weak,beta=0.15,0.15,budget_25,seed_1,0.013136229392572751,50,0.5468599033816426,0.8404186795491143,9.636778272653356,0.4553140145431484
pc1,histdistill_density_mid,beta=0.35,0.35,budget_50,seed_0,0.010807276307981395,96,0.6217391304347827,0.8644122383252818,7.953665495517797,0.6081031693170655
pc1,histdistill_density_mid,beta=0.35,0.35,budget_50,seed_2,0.013168121352432283,96,0.6038647342995168,0.8806763285024155,5.238847595391136,0.5566290359221827
pc1,histdistill_density_mid,beta=0.35,0.35,budget_50,seed_1,0.01096428871931554,96,0.5209339774557166,0.8674718196457326,6.012647996827749,0.5864976575820934
pc1,histdistill_density_mid,beta=0.35,0.35,budget_25,seed_0,0.015003828887838466,50,0.522061191626409,0.8069243156199678,13.024601472817109,0.4936704162431027
pc1,histdistill_density_mid,beta=0.35,0.35,budget_25,seed_2,0.02004562790545028,50,0.4167471819645733,0.8365539452495975,9.353702116660436,0.4598419255557141
pc1,histdistill_density_mid,beta=0.35,0.35,budget_25,seed_1,0.013136229895610696,50,0.5468599033816426,0.8397745571658615,9.63677850333286,0.4543578899894444
pc1,histdistill_density_strong,beta=0.70,0.7,budget_50,seed_0,0.010807276307981395,96,0.6217391304347827,0.8644122383252818,7.953665495517797,0.6081031693170655
pc1,histdistill_density_strong,beta=0.70,0.7,budget_50,seed_2,0.013168121352432283,96,0.6038647342995168,0.8806763285024155,5.238847595391136,0.5566290359221827
pc1,histdistill_density_strong,beta=0.70,0.7,budget_50,seed_1,0.01096428871931554,96,0.5209339774557166,0.8674718196457326,6.012647996827749,0.5864976575820934
pc1,histdistill_density_strong,beta=0.70,0.7,budget_25,seed_0,0.015003828887838466,50,0.522061191626409,0.8069243156199678,13.024601472817109,0.4936704162431027
pc1,histdistill_density_strong,beta=0.70,0.7,budget_25,seed_2,0.02004562790545028,50,0.4167471819645733,0.8365539452495975,9.353702116660436,0.4598419255557141
pc1,histdistill_density_strong,beta=0.70,0.7,budget_25,seed_1,0.013136229895610696,50,0.5468599033816426,0.8397745571658615,9.63677850333286,0.4543578899894444
pc1,histdistill_density_xstrong,beta=1.25,1.25,budget_50,seed_0,0.010862645623099465,96,0.6265700483091787,0.8653784219001611,7.963560285127856,0.6077437848464005
pc1,histdistill_density_xstrong,beta=1.25,1.25,budget_50,seed_2,0.014191857501146488,96,0.6024154589371981,0.8843800322061192,5.2530757948687485,0.5517584742738263
pc1,histdistill_density_xstrong,beta=1.25,1.25,budget_50,seed_1,0.011035289690495498,96,0.6202898550724638,0.8674718196457327,6.055013248829698,0.5862554753427385
pc1,histdistill_density_xstrong,beta=1.25,1.25,budget_25,seed_0,0.015003828909751271,50,0.522061191626409,0.8069243156199678,13.024601545579308,0.4936704162431027
pc1,histdistill_density_xstrong,beta=1.25,1.25,budget_25,seed_2,0.02004562790545028,50,0.4167471819645733,0.8365539452495975,9.353702116660436,0.4597052013778588
pc1,histdistill_density_xstrong,beta=1.25,1.25,budget_25,seed_1,0.01286757423985696,50,0.5468599033816426,0.8359098228663446,9.605263117810653,0.4517868275037346
pc3,histdistill_refined,beta=0.00,0.0,budget_50,seed_0,0.014315086732370141,100,0.320173487544484,0.844028024911032,17.480198672204093,-0.0646247873233259
pc3,histdistill_refined,beta=0.00,0.0,budget_50,seed_2,0.01336613063140868,100,0.3763345195729537,0.8114435053380783,17.835435427848815,0.1747224180550206
pc3,histdistill_refined,beta=0.00,0.0,budget_50,seed_1,0.012701422912901661,100,0.4426156583629894,0.8033807829181494,16.778794291488197,-0.002170138189182
pc3,histdistill_refined,beta=0.00,0.0,budget_25,seed_0,0.015059634281538337,50,0.296875,0.804548487544484,19.69786449854069,-0.0520241351529875
pc3,histdistill_refined,beta=0.00,0.0,budget_25,seed_2,0.01716331510119884,50,0.3188389679715302,0.7460520462633452,21.889113486973343,0.154977496838454
pc3,histdistill_refined,beta=0.00,0.0,budget_25,seed_1,0.019138929241658387,50,0.723810053380783,0.7635676156583631,20.86224095998659,-0.0107219673011558
pc3,histdistill_density_weak,beta=0.15,0.15,budget_50,seed_0,0.012568688193550281,100,0.6866103202846975,0.8388011565836299,19.887869786301625,-0.1162482203350703
pc3,histdistill_density_weak,beta=0.15,0.15,budget_50,seed_2,0.011400703138506163,100,0.6695951957295374,0.8176712633451957,18.815938367491515,0.1566449720599553
pc3,histdistill_density_weak,beta=0.15,0.15,budget_50,seed_1,0.00991825764070331,100,0.7091859430604982,0.8108874555160143,20.026228531585097,-0.0024474515387655
pc3,histdistill_density_weak,beta=0.15,0.15,budget_25,seed_0,0.01154272076678542,50,0.6609208185053381,0.8006561387900356,19.762422750500587,-0.1176021184804702
pc3,histdistill_density_weak,beta=0.15,0.15,budget_25,seed_2,0.01466258887544547,50,0.6325066725978647,0.7930382562277579,22.731310086034345,0.1444813908360119
pc3,histdistill_density_weak,beta=0.15,0.15,budget_25,seed_1,0.017341869292494594,50,0.7513345195729538,0.7453847864768683,20.61494588013023,-0.0289156393613649
pc3,histdistill_density_mid,beta=0.35,0.35,budget_50,seed_0,0.012387444907584033,100,0.6812166370106761,0.844584074733096,19.976422497026192,-0.1160468104659272
pc3,histdistill_density_mid,beta=0.35,0.35,budget_50,seed_2,0.011450706593003845,100,0.6875,0.8238434163701067,18.66575490891602,0.165123495651652
pc3,histdistill_density_mid,beta=0.35,0.35,budget_50,seed_1,0.010026979555628812,100,0.6629225978647686,0.8143349644128115,20.11512517458073,0.0038662640250064
pc3,histdistill_density_mid,beta=0.35,0.35,budget_25,seed_0,0.01154272076678542,50,0.6609208185053381,0.8006561387900356,19.762422750500587,-0.1176021184804702
pc3,histdistill_density_mid,beta=0.35,0.35,budget_25,seed_2,0.014662589331839615,50,0.6325066725978647,0.7930382562277579,22.731310198957942,0.1444813908360119
pc3,histdistill_density_mid,beta=0.35,0.35,budget_25,seed_1,0.017341869292494594,50,0.7513345195729538,0.7453847864768683,20.61494588013023,-0.0289156393613649
pc3,histdistill_density_strong,beta=0.70,0.7,budget_50,seed_0,0.012387444907584033,100,0.6812166370106761,0.844584074733096,19.976422497026192,-0.1160468104659272
pc3,histdistill_density_strong,beta=0.70,0.7,budget_50,seed_2,0.011450706593003845,100,0.6875,0.8238434163701067,18.66575490891602,0.165123495651652
pc3,histdistill_density_strong,beta=0.70,0.7,budget_50,seed_1,0.010026979555628812,100,0.6629225978647686,0.8143349644128115,20.11512517458073,0.0038662640250064
pc3,histdistill_density_strong,beta=0.70,0.7,budget_25,seed_0,0.01154272076678542,50,0.6609208185053381,0.8006561387900356,19.762422750500587,-0.1176021184804702
pc3,histdistill_density_strong,beta=0.70,0.7,budget_25,seed_2,0.014662589331839615,50,0.6325066725978647,0.7930382562277579,22.731310198957942,0.1444813908360119
pc3,histdistill_density_strong,beta=0.70,0.7,budget_25,seed_1,0.017341869292494594,50,0.7513345195729538,0.7453847864768683,20.61494588013023,-0.0289156393613649
pc3,histdistill_density_xstrong,beta=1.25,1.25,budget_50,seed_0,0.01252407150053747,100,0.6489101423487545,0.8513678825622777,19.829095920132342,-0.1175052957252392
pc3,histdistill_density_xstrong,beta=1.25,1.25,budget_50,seed_2,0.011307753258889774,100,0.6715969750889679,0.8248999110320285,18.57391613829605,0.1482545697231092
pc3,histdistill_density_xstrong,beta=1.25,1.25,budget_50,seed_1,0.010013189226722452,100,0.5459297153024911,0.8190613879003559,21.76379472259404,-0.0009834950188715
pc3,histdistill_density_xstrong,beta=1.25,1.25,budget_25,seed_0,0.01154272076678542,50,0.6609208185053381,0.8006561387900356,19.762422750500587,-0.1176021184804702
pc3,histdistill_density_xstrong,beta=1.25,1.25,budget_25,seed_2,0.014662588585543257,50,0.6325066725978647,0.7930382562277579,22.73131003673439,0.1444813908360119
pc3,histdistill_density_xstrong,beta=1.25,1.25,budget_25,seed_1,0.017341869292494594,50,0.7513345195729538,0.7453847864768683,20.61494588013023,-0.0289156393613649
pc4,histdistill_refined,beta=0.00,0.0,budget_50,seed_0,0.017193004725665872,100,0.7101779513888888,0.9108072916666669,34.45659821581441,0.4009486220764908
pc4,histdistill_refined,beta=0.00,0.0,budget_50,seed_2,0.018857290486995026,100,0.6116536458333334,0.9077690972222222,32.724145289797605,0.2239073067714259
pc4,histdistill_refined,beta=0.00,0.0,budget_50,seed_1,0.01999754535481857,100,0.7134331597222222,0.9007161458333334,32.86271409637185,0.5123366418518586
pc4,histdistill_refined,beta=0.00,0.0,budget_25,seed_0,0.02443783147427403,50,0.6036783854166667,0.9009874131944444,35.71211636783871,0.3937567964635405
pc4,histdistill_refined,beta=0.00,0.0,budget_25,seed_2,0.021153695372186032,50,0.4211154513888888,0.8840060763888888,37.09866209433112,0.284919699963865
pc4,histdistill_refined,beta=0.00,0.0,budget_25,seed_1,0.026179447069076822,50,0.5684136284722222,0.8885633680555556,38.25226256516756,0.5023343562357248
pc4,histdistill_density_weak,beta=0.15,0.15,budget_50,seed_0,0.017553348368365973,100,0.6776258680555555,0.9243706597222222,32.70540619872309,0.3798800216558957
pc4,histdistill_density_weak,beta=0.15,0.15,budget_50,seed_2,0.017280466654425286,100,0.6557074652777777,0.9110243055555556,32.791729635700975,0.1882616548226038
pc4,histdistill_density_weak,beta=0.15,0.15,budget_50,seed_1,0.01842672783398125,100,0.39794921875,0.9034288194444444,33.47357061773882,0.5135410409811401
pc4,histdistill_density_weak,beta=0.15,0.15,budget_25,seed_0,0.0224852047880737,50,0.37939453125,0.9051649305555556,37.21128728201336,0.371837644246437
pc4,histdistill_density_weak,beta=0.15,0.15,budget_25,seed_2,0.020031236091463178,50,0.6643880208333333,0.885959201388889,39.28826748244502,0.2438930081419444
pc4,histdistill_density_weak,beta=0.15,0.15,budget_25,seed_1,0.023201533277144915,50,0.6671006944444444,0.8907335069444444,36.48091942062671,0.4585507792022363
pc4,histdistill_density_mid,beta=0.35,0.35,budget_50,seed_0,0.016739050250473397,100,0.4358723958333333,0.9194878472222224,33.340896795256974,0.3856963905798962
pc4,histdistill_density_mid,beta=0.35,0.35,budget_50,seed_2,0.017086052055294676,100,0.6301540798611112,0.9064670138888888,32.763337575612354,0.1857037339429089
pc4,histdistill_density_mid,beta=0.35,0.35,budget_50,seed_1,0.01839751166500425,100,0.4401041666666667,0.9019097222222224,33.51611777185778,0.5026399998824401
pc4,histdistill_density_mid,beta=0.35,0.35,budget_25,seed_0,0.0224852047880737,50,0.37939453125,0.9051649305555556,37.21128728201336,0.371837644246437
pc4,histdistill_density_mid,beta=0.35,0.35,budget_25,seed_2,0.020031235971328387,50,0.6643880208333333,0.885959201388889,39.28826761413397,0.2438930081419444
pc4,histdistill_density_mid,beta=0.35,0.35,budget_25,seed_1,0.02320153319424667,50,0.6671006944444444,0.8907335069444444,36.4809196642651,0.4585692143925662
pc4,histdistill_density_strong,beta=0.70,0.7,budget_50,seed_0,0.016739050250473397,100,0.4358723958333333,0.9194878472222224,33.340896795256974,0.3856963905798962
pc4,histdistill_density_strong,beta=0.70,0.7,budget_50,seed_2,0.017086052055294676,100,0.6301540798611112,0.9064670138888888,32.763337575612354,0.1857037339429089
pc4,histdistill_density_strong,beta=0.70,0.7,budget_50,seed_1,0.01839751166500425,100,0.4401041666666667,0.9019097222222224,33.51611777185778,0.5026399998824401
pc4,histdistill_density_strong,beta=0.70,0.7,budget_25,seed_0,0.0224852047880737,50,0.37939453125,0.9051649305555556,37.21128728201336,0.371837644246437
pc4,histdistill_density_strong,beta=0.70,0.7,budget_25,seed_2,0.020031235971328387,50,0.6643880208333333,0.885959201388889,39.28826761413397,0.2438930081419444
pc4,histdistill_density_strong,beta=0.70,0.7,budget_25,seed_1,0.02320153319424667,50,0.6671006944444444,0.8907335069444444,36.4809196642651,0.4585692143925662
pc4,histdistill_density_xstrong,beta=1.25,1.25,budget_50,seed_0,0.01655086592646382,100,0.3772786458333333,0.9228515625,33.66218366151531,0.3914120431588924
pc4,histdistill_density_xstrong,beta=1.25,1.25,budget_50,seed_2,0.016329517467360555,100,0.6321614583333334,0.906792534722222,33.220359476926575,0.1943953772421304
pc4,histdistill_density_xstrong,beta=1.25,1.25,budget_50,seed_1,0.017794877984716573,100,0.7511393229166667,0.9045138888888888,34.32404527886977,0.4727819622845921
pc4,histdistill_density_xstrong,beta=1.25,1.25,budget_25,seed_0,0.0224852047880737,50,0.37939453125,0.9051649305555556,37.21128728201336,0.371837644246437
pc4,histdistill_density_xstrong,beta=1.25,1.25,budget_25,seed_2,0.020031236162317945,50,0.6643880208333333,0.885959201388889,39.28826733269544,0.2438930081419444
pc4,histdistill_density_xstrong,beta=1.25,1.25,budget_25,seed_1,0.023201533277144915,50,0.6671006944444444,0.8907335069444444,36.48091942062671,0.4585507792022363
phoneme,histdistill_refined,beta=0.00,0.0,budget_50,seed_0,0.005250882902769649,100,0.8670578228483657,0.8791145721505607,170.77471170583092,-0.0204240869847921
phoneme,histdistill_refined,beta=0.00,0.0,budget_50,seed_2,0.009051793538217057,100,0.84990792277074,0.8787470890382678,176.2696708668311,-0.2967762838177394
phoneme,histdistill_refined,beta=0.00,0.0,budget_50,seed_1,0.00856585277333255,100,0.8580916478107916,0.8742278725618116,176.06160197158414,0.298950898479987
phoneme,histdistill_refined,beta=0.00,0.0,budget_25,seed_0,0.009792946412830128,50,0.8512601780435034,0.8672601450113135,177.29966149751476,-0.0700734040565716
phoneme,histdistill_refined,beta=0.00,0.0,budget_25,seed_2,0.012283206004394254,50,0.8089831040348819,0.8552054602209854,199.9965340746087,-0.2201848969051794
phoneme,histdistill_refined,beta=0.00,0.0,budget_25,seed_1,0.01249258797457442,50,0.7980907394255702,0.8659202768097511,182.63727935499523,0.2727817554908816
phoneme,histdistill_density_weak,beta=0.15,0.15,budget_50,seed_0,0.004673536704942971,100,0.8671238872281039,0.8787925082993377,183.02992229661385,-0.0185023299497886
phoneme,histdistill_density_weak,beta=0.15,0.15,budget_50,seed_2,0.009546935135113177,100,0.8513881777792458,0.8842304325565263,197.8478686410374,-0.3166550890027779
phoneme,histdistill_density_weak,beta=0.15,0.15,budget_50,seed_1,0.008220054393032417,100,0.8593035162766115,0.8720291674236543,162.84263443455214,0.2875386121016723
phoneme,histdistill_density_weak,beta=0.15,0.15,budget_25,seed_0,0.009314910501881268,50,0.8521231440038317,0.8577241646984987,182.37319110072235,-0.0732667687944833
phoneme,histdistill_density_weak,beta=0.15,0.15,budget_25,seed_2,0.009236816382697355,50,0.8029134391464483,0.860608287776438,216.48112952878415,-0.1735405804069603
phoneme,histdistill_density_weak,beta=0.15,0.15,budget_25,seed_1,0.012837823350313915,50,0.8101867144532346,0.8633231208812988,219.92691187336925,0.1550874419145891
phoneme,histdistill_density_mid,beta=0.35,0.35,budget_50,seed_0,0.0063668640054515,100,0.8682511107073843,0.876577287066246,153.9222193222405,-0.0435429686088935
phoneme,histdistill_density_mid,beta=0.35,0.35,budget_50,seed_2,0.009502691470570923,100,0.8514934678844535,0.8822567592118519,194.2838875987009,-0.3093076190200206
phoneme,histdistill_density_mid,beta=0.35,0.35,budget_50,seed_1,0.00803656052787649,100,0.8579574545394487,0.8703114935504649,176.4163164309717,0.28919626263707
phoneme,histdistill_density_mid,beta=0.35,0.35,budget_25,seed_0,0.009314910501881268,50,0.8521231440038317,0.8577241646984987,182.37319110072235,-0.0732667687944833
phoneme,histdistill_density_mid,beta=0.35,0.35,budget_25,seed_2,0.0076502854747871885,50,0.8026884073529655,0.8523997885939848,244.63173611560208,-0.1525303196438114
phoneme,histdistill_density_mid,beta=0.35,0.35,budget_25,seed_1,0.012224324928728603,50,0.8055126595867672,0.8620348654764066,221.15350192694592,0.1489158224377824
phoneme,histdistill_density_strong,beta=0.70,0.7,budget_50,seed_0,0.0063668640054515,100,0.8682511107073843,0.876577287066246,153.9222193222405,-0.0435429686088935
phoneme,histdistill_density_strong,beta=0.70,0.7,budget_50,seed_2,0.009502691470570923,100,0.8514934678844535,0.8822567592118519,194.2838875987009,-0.3093076190200206
phoneme,histdistill_density_strong,beta=0.70,0.7,budget_50,seed_1,0.00803656052787649,100,0.8579574545394487,0.8703114935504649,176.4163164309717,0.28919626263707
phoneme,histdistill_density_strong,beta=0.70,0.7,budget_25,seed_0,0.009314910501881268,50,0.8521231440038317,0.8577241646984987,182.37319110072235,-0.0732667687944833
phoneme,histdistill_density_strong,beta=0.70,0.7,budget_25,seed_2,0.0076502854747871885,50,0.8026884073529655,0.8523997885939848,244.63173611560208,-0.1525303196438114
phoneme,histdistill_density_strong,beta=0.70,0.7,budget_25,seed_1,0.012224324928728603,50,0.8055126595867672,0.8620348654764066,221.15350192694592,0.1489158224377824
phoneme,histdistill_density_xstrong,beta=1.25,1.25,budget_50,seed_0,0.004623239992468053,100,0.8672477579401126,0.8789019274282789,186.129947824356,-0.0107286060036845
phoneme,histdistill_density_xstrong,beta=1.25,1.25,budget_50,seed_2,0.009415179306602295,100,0.8521231440038316,0.880801278345748,198.0204256777235,-0.3132284662305503
phoneme,histdistill_density_xstrong,beta=1.25,1.25,budget_50,seed_1,0.008410407555102806,100,0.8545076552100022,0.8744446463078269,172.79301001606288,0.2954188277237935
phoneme,histdistill_density_xstrong,beta=1.25,1.25,budget_25,seed_0,0.009314910501881268,50,0.8521231440038317,0.8577241646984987,182.37319110072235,-0.0732667687944833
phoneme,histdistill_density_xstrong,beta=1.25,1.25,budget_25,seed_2,0.00931096420920241,50,0.8031343419161974,0.8599971922638612,216.69950309269856,-0.1737163065816652
phoneme,histdistill_density_xstrong,beta=1.25,1.25,budget_25,seed_1,0.009864400309399168,50,0.8068194955984606,0.8628895733892679,224.975200571803,0.1485077814806382
qsar_biodeg,histdistill_refined,beta=0.00,0.0,budget_50,seed_0,0.005221989035056773,100,0.8838028169014085,0.8789738430583501,28.285642197229464,0.0059355021060252
qsar_biodeg,histdistill_refined,beta=0.00,0.0,budget_50,seed_2,0.004512046508321044,100,0.8704225352112676,0.8799295774647887,25.098974841242494,-0.027333694621325
qsar_biodeg,histdistill_refined,beta=0.00,0.0,budget_50,seed_1,0.0038594488758112444,100,0.8830985915492957,0.8768108651911469,24.28008552156095,0.2188280763043723
qsar_biodeg,histdistill_refined,beta=0.00,0.0,budget_25,seed_0,0.007887005425688653,50,0.8786720321931589,0.8710764587525152,30.46244851944442,-0.0215485857021659
qsar_biodeg,histdistill_refined,beta=0.00,0.0,budget_25,seed_2,0.00907677852277522,50,0.8469818913480885,0.8422032193158954,28.303424175782705,-0.0101818058681546
qsar_biodeg,histdistill_refined,beta=0.00,0.0,budget_25,seed_1,0.00562760372934934,50,0.8724849094567404,0.8618209255533199,29.038185957994507,0.1153737302048411
qsar_biodeg,histdistill_density_weak,beta=0.15,0.15,budget_50,seed_0,0.004993511841510867,100,0.8885311871227365,0.8870221327967807,30.428923773397777,-0.0179539722089087
qsar_biodeg,histdistill_density_weak,beta=0.15,0.15,budget_50,seed_2,0.0037490322312196955,100,0.8659959758551308,0.8672535211267606,21.859292977067845,-0.0539425552093212
qsar_biodeg,histdistill_density_weak,beta=0.15,0.15,budget_50,seed_1,0.004646905253866684,100,0.8891348088531187,0.8895875251509056,23.45657699132969,0.2051118221959862
qsar_biodeg,histdistill_density_weak,beta=0.15,0.15,budget_25,seed_0,0.00790215875048006,50,0.8864688128772635,0.8664486921529175,26.893127520255707,-0.0372906662750057
qsar_biodeg,histdistill_density_weak,beta=0.15,0.15,budget_25,seed_2,0.00911128180272347,50,0.8467303822937626,0.832645875251509,29.805347178859964,-0.0256340342016613
qsar_biodeg,histdistill_density_weak,beta=0.15,0.15,budget_25,seed_1,0.005715903641477893,50,0.8726358148893361,0.87761569416499,24.17920441364472,0.1233329340824445
qsar_biodeg,histdistill_density_mid,beta=0.35,0.35,budget_50,seed_0,0.005077014024853277,100,0.8856136820925554,0.8865191146881288,29.9242587465744,-0.0112442741760105
qsar_biodeg,histdistill_density_mid,beta=0.35,0.35,budget_50,seed_2,0.003748417174168628,100,0.8678068410462776,0.8725855130784709,22.304455635553182,-0.055727638070189
qsar_biodeg,histdistill_density_mid,beta=0.35,0.35,budget_50,seed_1,0.004317664459857706,100,0.873943661971831,0.8758048289738432,23.937999719022017,0.200639281615834
qsar_biodeg,histdistill_density_mid,beta=0.35,0.35,budget_25,seed_0,0.00790215875048006,50,0.8864688128772635,0.8664486921529175,26.893127520255707,-0.0372906662750057
qsar_biodeg,histdistill_density_mid,beta=0.35,0.35,budget_25,seed_2,0.00911128177730347,50,0.8467303822937626,0.832645875251509,29.80534746889656,-0.0256340342016613
qsar_biodeg,histdistill_density_mid,beta=0.35,0.35,budget_25,seed_1,0.005715903637608877,50,0.872887323943662,0.87761569416499,24.179204564782687,0.1233329340824445
qsar_biodeg,histdistill_density_strong,beta=0.70,0.7,budget_50,seed_0,0.005077014024853277,100,0.8856136820925554,0.8865191146881288,29.9242587465744,-0.0112442741760105
qsar_biodeg,histdistill_density_strong,beta=0.70,0.7,budget_50,seed_2,0.003748417174168628,100,0.8678068410462776,0.8725855130784709,22.304455635553182,-0.055727638070189
qsar_biodeg,histdistill_density_strong,beta=0.70,0.7,budget_50,seed_1,0.004317664459857706,100,0.873943661971831,0.8758048289738432,23.937999719022017,0.200639281615834
qsar_biodeg,histdistill_density_strong,beta=0.70,0.7,budget_25,seed_0,0.00790215875048006,50,0.8864688128772635,0.8664486921529175,26.893127520255707,-0.0372906662750057
qsar_biodeg,histdistill_density_strong,beta=0.70,0.7,budget_25,seed_2,0.00911128177730347,50,0.8467303822937626,0.832645875251509,29.80534746889656,-0.0256340342016613
qsar_biodeg,histdistill_density_strong,beta=0.70,0.7,budget_25,seed_1,0.005715903637608877,50,0.872887323943662,0.87761569416499,24.179204564782687,0.1233329340824445
qsar_biodeg,histdistill_density_xstrong,beta=1.25,1.25,budget_50,seed_0,0.004906925475553048,100,0.8848088531187124,0.8803822937625755,30.361183862773142,-0.0181936042815122
qsar_biodeg,histdistill_density_xstrong,beta=1.25,1.25,budget_50,seed_2,0.003742970829796244,100,0.8693158953722334,0.8781187122736418,22.208460878124352,-0.0545115837962335
qsar_biodeg,histdistill_density_xstrong,beta=1.25,1.25,budget_50,seed_1,0.00398042520672226,100,0.8862173038229376,0.8827464788732394,24.35811691159646,0.1981877182232972
qsar_biodeg,histdistill_density_xstrong,beta=1.25,1.25,budget_25,seed_0,0.00790215875048006,50,0.8864688128772635,0.8664486921529175,26.893127520255707,-0.0372906662750057
qsar_biodeg,histdistill_density_xstrong,beta=1.25,1.25,budget_25,seed_2,0.009111281850008535,50,0.8467303822937626,0.832645875251509,29.8053469795533,-0.0256340342016613
qsar_biodeg,histdistill_density_xstrong,beta=1.25,1.25,budget_25,seed_1,0.005715903641477893,50,0.8726358148893361,0.87761569416499,24.17920441364472,0.1233329340824445
sick,histdistill_refined,beta=0.00,0.0,budget_50,seed_0,0.017927966837309905,100,0.8302569448703012,0.983871956828356,42.16218947185056,0.2905160654243235
sick,histdistill_refined,beta=0.00,0.0,budget_50,seed_2,0.01696234729493118,100,0.8584196970626112,0.9801312319862636,39.86217357238285,0.2019138062496228
sick,histdistill_refined,beta=0.00,0.0,budget_50,seed_1,0.019092267417427866,100,0.8339670080333599,0.9808824431225854,36.09101538424251,0.3912086189731589
sick,histdistill_refined,beta=0.00,0.0,budget_25,seed_0,0.01676705291948588,50,0.8261329490402894,0.9565370699699516,43.910484293583146,0.2134385905756027
sick,histdistill_refined,beta=0.00,0.0,budget_25,seed_2,0.022906430088093566,50,0.8647819954620717,0.9680965229655976,40.93132145018605,0.1805925831951919
sick,histdistill_refined,beta=0.00,0.0,budget_25,seed_1,0.02272989428445993,50,0.7818728153553689,0.961350953578218,37.14207463243544,0.2417458614263723
sick,histdistill_density_weak,beta=0.15,0.15,budget_50,seed_0,0.018980899633841086,100,0.8243699024958607,0.9853130557429324,42.14379843492111,0.2529457435203198
sick,histdistill_density_weak,beta=0.15,0.15,budget_50,seed_2,0.015588617652821934,100,0.8392714785061629,0.97915005825719,40.17080065198408,0.1723669615273274
sick,histdistill_density_weak,beta=0.15,0.15,budget_50,seed_1,0.019628984647665604,100,0.8417857361869135,0.9787361255902374,40.40001978824194,0.4022492769065419
sick,histdistill_density_weak,beta=0.15,0.15,budget_25,seed_0,0.019612595532483068,50,0.8296130496105968,0.9604004415281782,43.459570828241816,0.2038938516017207
sick,histdistill_density_weak,beta=0.15,0.15,budget_25,seed_2,0.020992677264590753,50,0.8476881094008709,0.9650610167412768,40.15861209811881,0.1603804007760217
sick,histdistill_density_weak,beta=0.15,0.15,budget_25,seed_1,0.02754268229008161,50,0.8186821610351382,0.9591893052063531,35.01358470213223,0.2900264533254266
sick,histdistill_density_mid,beta=0.35,0.35,budget_50,seed_0,0.01652769775279872,100,0.8160452566382536,0.9838412951493224,40.19284994541607,0.2681012293053247
sick,histdistill_density_mid,beta=0.35,0.35,budget_50,seed_2,0.01589376380863028,100,0.8444073097442817,0.9788741031458884,40.16330072365996,0.1822781136517184
sick,histdistill_density_mid,beta=0.35,0.35,budget_50,seed_1,0.018425067840926124,100,0.8254890537805851,0.9807138038879007,34.95402360927263,0.3969983517492275
sick,histdistill_density_mid,beta=0.35,0.35,budget_25,seed_0,0.019612595099027574,50,0.8296130496105968,0.9604004415281782,43.45956993419482,0.2038938516017207
sick,histdistill_density_mid,beta=0.35,0.35,budget_25,seed_2,0.021030077569996863,50,0.875022996259275,0.9638958729380022,40.54490296647231,0.1727420844310503
sick,histdistill_density_mid,beta=0.35,0.35,budget_25,seed_1,0.02754268229008161,50,0.8186821610351382,0.9591893052063531,35.01358470213223,0.2900264533254266
sick,histdistill_density_strong,beta=0.70,0.7,budget_50,seed_0,0.01652769775279872,100,0.8160452566382536,0.9838412951493224,40.19284994541607,0.2681012293053247
sick,histdistill_density_strong,beta=0.70,0.7,budget_50,seed_2,0.01589376380863028,100,0.8444073097442817,0.9788741031458884,40.16330072365996,0.1822781136517184
sick,histdistill_density_strong,beta=0.70,0.7,budget_50,seed_1,0.018425067840926124,100,0.8254890537805851,0.9807138038879007,34.95402360927263,0.3969983517492275
sick,histdistill_density_strong,beta=0.70,0.7,budget_25,seed_0,0.019612595099027574,50,0.8296130496105968,0.9604004415281782,43.45956993419482,0.2038938516017207
sick,histdistill_density_strong,beta=0.70,0.7,budget_25,seed_2,0.021030077569996863,50,0.875022996259275,0.9638958729380022,40.54490296647231,0.1727420844310503
sick,histdistill_density_strong,beta=0.70,0.7,budget_25,seed_1,0.02754268229008161,50,0.8186821610351382,0.9591893052063531,35.01358470213223,0.2900264533254266
sick,histdistill_density_xstrong,beta=1.25,1.25,budget_50,seed_0,0.01634286213241476,100,0.8232660820506532,0.9837493101122218,40.48794631166428,0.2774472754843128
sick,histdistill_density_xstrong,beta=1.25,1.25,budget_50,seed_2,0.015554575852640307,100,0.8438707303611945,0.9816643159379408,40.35646971369589,0.1742330780361039
sick,histdistill_density_xstrong,beta=1.25,1.25,budget_50,seed_1,0.01978361906084225,100,0.830471576623536,0.9790427423805728,38.531682491763625,0.3876524886893807
sick,histdistill_density_xstrong,beta=1.25,1.25,budget_25,seed_0,0.019612594301076314,50,0.8296130496105967,0.9604004415281782,43.45956927925033,0.2038938516017207
sick,histdistill_density_xstrong,beta=1.25,1.25,budget_25,seed_2,0.020610163187755548,50,0.8823511375482921,0.9667014165695712,42.93774782983379,0.179804422156784
sick,histdistill_density_xstrong,beta=1.25,1.25,budget_25,seed_1,0.02754268229008161,50,0.8186821610351382,0.9591893052063531,35.01358470213223,0.2900264533254266
spambase,histdistill_refined,beta=0.00,0.0,budget_50,seed_0,0.004538675352795618,100,0.4801090079682455,0.9644094908024526,1.648354378316999,0.6645276842020027
spambase,histdistill_refined,beta=0.00,0.0,budget_50,seed_2,0.00668863131014541,100,0.7594147733443921,0.9710793171203728,1.6787354014936244,0.6530968588831282
spambase,histdistill_refined,beta=0.00,0.0,budget_50,seed_1,0.005024803819903889,100,0.7977378871807025,0.9663793358808022,1.8288778056509565,0.6209645316064301
spambase,histdistill_refined,beta=0.00,0.0,budget_25,seed_0,0.00890445594353162,50,0.8163822980538523,0.9456984310356744,1.7437614899517635,0.5944831878215338
spambase,histdistill_refined,beta=0.00,0.0,budget_25,seed_2,0.010644016427315495,50,0.740254450665008,0.9357899621829242,1.4815393558380656,0.4795392504243488
spambase,histdistill_refined,beta=0.00,0.0,budget_25,seed_1,0.008244861473944876,50,0.7780221570544151,0.9396111654176172,1.976707179617468,0.5106985145043128
spambase,histdistill_density_weak,beta=0.15,0.15,budget_50,seed_0,0.0038101741519876997,100,0.6448477936747732,0.9645205722918332,1.962626340966104,0.632292241811407
spambase,histdistill_density_weak,beta=0.15,0.15,budget_50,seed_2,0.00599644948742184,100,0.7598047927959952,0.9698006457537248,1.7196428942884594,0.6453927105512338
spambase,histdistill_density_weak,beta=0.15,0.15,budget_50,seed_1,0.004779156214282154,100,0.8021762098008433,0.9683639918244024,1.785855352477148,0.625166352056091
spambase,histdistill_density_weak,beta=0.15,0.15,budget_25,seed_0,0.008529755200193279,50,0.6123107911964217,0.944957887773137,1.7288133090452602,0.598280260594477
spambase,histdistill_density_weak,beta=0.15,0.15,budget_25,seed_2,0.01073466348989971,50,0.7624238474678358,0.9451454920663132,1.493806914047796,0.4595481836766239
spambase,histdistill_density_weak,beta=0.15,0.15,budget_25,seed_1,0.007920695431896108,50,0.7829171480197873,0.9411416214935276,1.987074163253186,0.5188650672846662
spambase,histdistill_density_mid,beta=0.35,0.35,budget_50,seed_0,0.003835958195019251,100,0.8281643413608224,0.962666745657948,1.9106334517649644,0.6385227109120971
spambase,histdistill_density_mid,beta=0.35,0.35,budget_50,seed_2,0.006042085166309108,100,0.7604293176140684,0.9688922460183458,1.7311751013408123,0.6425758194277971
spambase,histdistill_density_mid,beta=0.35,0.35,budget_50,seed_1,0.004983545007086865,100,0.7941141621493527,0.9691588415928593,1.8015575908462111,0.6183345670473834
spambase,histdistill_density_mid,beta=0.35,0.35,budget_25,seed_0,0.008705004607096778,50,0.7162188848405857,0.9416056952713844,1.75598244186852,0.5970331877988427
spambase,histdistill_density_mid,beta=0.35,0.35,budget_25,seed_2,0.010734663464019079,50,0.7624238474678358,0.9451454920663132,1.49380691455788,0.4619971560427436
spambase,histdistill_density_mid,beta=0.35,0.35,budget_25,seed_1,0.008072280859517278,50,0.7798414250027155,0.9382781875450498,1.994806436253153,0.5217868245624002
spambase,histdistill_density_strong,beta=0.70,0.7,budget_50,seed_0,0.003835958195019251,100,0.8281643413608224,0.962666745657948,1.9106334517649644,0.6385227109120971
spambase,histdistill_density_strong,beta=0.70,0.7,budget_50,seed_2,0.006042085166309108,100,0.7604293176140684,0.9688922460183458,1.7311751013408123,0.6425758194277971
spambase,histdistill_density_strong,beta=0.70,0.7,budget_50,seed_1,0.004983545007086865,100,0.7941141621493527,0.9691588415928593,1.8015575908462111,0.6183345670473834
spambase,histdistill_density_strong,beta=0.70,0.7,budget_25,seed_0,0.008705004607096778,50,0.7162188848405857,0.9416056952713844,1.75598244186852,0.5970331877988427
spambase,histdistill_density_strong,beta=0.70,0.7,budget_25,seed_2,0.010734663464019079,50,0.7624238474678358,0.9451454920663132,1.49380691455788,0.4619971560427436
spambase,histdistill_density_strong,beta=0.70,0.7,budget_25,seed_1,0.008072280859517278,50,0.7798414250027155,0.9382781875450498,1.994806436253153,0.5217868245624002
spambase,histdistill_density_xstrong,beta=1.25,1.25,budget_50,seed_0,0.003764450894365834,100,0.6875746714456393,0.962335969667348,1.9496183465822972,0.6299258911743469
spambase,histdistill_density_xstrong,beta=1.25,1.25,budget_50,seed_2,0.006053576836921537,100,0.7599134058078341,0.9683590548693188,1.7685013464511556,0.6399342722363832
spambase,histdistill_density_xstrong,beta=1.25,1.25,budget_50,seed_1,0.005630133581423391,100,0.7751068850775595,0.9648390058947244,1.7363435692628175,0.6266287863046238
spambase,histdistill_density_xstrong,beta=1.25,1.25,budget_25,seed_0,0.008466853769455107,50,0.7308223979778232,0.9427486003732338,1.748313132056173,0.5951650885215164
spambase,histdistill_density_xstrong,beta=1.25,1.25,budget_25,seed_2,0.0107346645920684,50,0.7624238474678358,0.9451454920663132,1.4938068579332853,0.465179481262234
spambase,histdistill_density_xstrong,beta=1.25,1.25,budget_25,seed_1,0.008157996659777123,50,0.7797081272154587,0.9402233478479812,1.9655695705590648,0.5180337436171439
tic_tac_toe,histdistill_refined,beta=0.00,0.0,budget_50,seed_0,0.0016536719782453968,100,0.8102686567164179,0.8576716417910448,6.82878010005171,0.8204334365325078
tic_tac_toe,histdistill_refined,beta=0.00,0.0,budget_50,seed_2,0.0016896374843230477,100,0.7734925373134327,0.8718805970149254,5.984017283479926,0.6821465428276574
tic_tac_toe,histdistill_refined,beta=0.00,0.0,budget_50,seed_1,0.0014951279637652748,100,0.8011940298507463,0.8528955223880597,5.90928624739753,0.8224974200206397
tic_tac_toe,histdistill_refined,beta=0.00,0.0,budget_25,seed_0,0.0054710864763406475,50,0.7878208955223881,0.8376119402985075,6.440401692946342,0.391124871001032
tic_tac_toe,histdistill_refined,beta=0.00,0.0,budget_25,seed_2,0.0044362135712779915,50,0.7229850746268657,0.8284179104477613,6.395366441736379,0.7502579979360166
tic_tac_toe,histdistill_refined,beta=0.00,0.0,budget_25,seed_1,0.004125849692864891,50,0.7481791044776119,0.7948656716417911,4.667984540681464,0.6718266253869969
tic_tac_toe,histdistill_density_weak,beta=0.15,0.15,budget_50,seed_0,0.001667416388743126,100,0.8180298507462687,0.863044776119403,7.357463191308133,0.8183694530443757
tic_tac_toe,histdistill_density_weak,beta=0.15,0.15,budget_50,seed_2,0.0016460312132021704,100,0.7734925373134329,0.8648358208955224,6.63693680723332,0.6037151702786379
tic_tac_toe,histdistill_density_weak,beta=0.15,0.15,budget_50,seed_1,0.001478488019157731,100,0.8002388059701493,0.8482388059701492,5.921870385574763,0.8101135190918473
tic_tac_toe,histdistill_density_weak,beta=0.15,0.15,budget_25,seed_0,0.005432219528827442,50,0.792,0.8414328358208956,6.314968523053526,0.4035087719298245
tic_tac_toe,histdistill_density_weak,beta=0.15,0.15,budget_25,seed_2,0.004324451490223091,50,0.7244776119402986,0.8232835820895523,6.463624734716983,0.760577915376677
tic_tac_toe,histdistill_density_weak,beta=0.15,0.15,budget_25,seed_1,0.004082154294735241,50,0.7496119402985075,0.7986865671641792,4.670985581653902,0.6738906088751291
tic_tac_toe,histdistill_density_mid,beta=0.35,0.35,budget_50,seed_0,0.0016089185665393302,100,0.8208955223880597,0.8643582089552239,7.458127063014922,0.826625386996904
tic_tac_toe,histdistill_density_mid,beta=0.35,0.35,budget_50,seed_2,0.0016107175390972506,100,0.7621492537313433,0.8692537313432835,6.063499287854719,0.6759545923632612
tic_tac_toe,histdistill_density_mid,beta=0.35,0.35,budget_50,seed_1,0.0014843343200084957,100,0.8084776119402985,0.8425074626865672,5.593163040829699,0.8224974200206397
tic_tac_toe,histdistill_density_mid,beta=0.35,0.35,budget_25,seed_0,0.005066883790097565,50,0.7921194029850747,0.8416716417910448,7.99409814237444,0.3869969040247678
tic_tac_toe,histdistill_density_mid,beta=0.35,0.35,budget_25,seed_2,0.004229497243734337,50,0.727044776119403,0.8287761194029851,6.5646967988658025,0.760577915376677
tic_tac_toe,histdistill_density_mid,beta=0.35,0.35,budget_25,seed_1,0.003918766709184784,50,0.7381492537313432,0.7925970149253732,4.586355501149429,0.6862745098039216
tic_tac_toe,histdistill_density_strong,beta=0.70,0.7,budget_50,seed_0,0.0016089185665393302,100,0.8208955223880597,0.8643582089552239,7.458127063014922,0.826625386996904
tic_tac_toe,histdistill_density_strong,beta=0.70,0.7,budget_50,seed_2,0.0016107175390972506,100,0.7621492537313433,0.8692537313432835,6.063499287854719,0.6759545923632612
tic_tac_toe,histdistill_density_strong,beta=0.70,0.7,budget_50,seed_1,0.0014843343200084957,100,0.8084776119402985,0.8425074626865672,5.593163040829699,0.8224974200206397
tic_tac_toe,histdistill_density_strong,beta=0.70,0.7,budget_25,seed_0,0.005066883790097565,50,0.7921194029850747,0.8416716417910448,7.99409814237444,0.3869969040247678
tic_tac_toe,histdistill_density_strong,beta=0.70,0.7,budget_25,seed_2,0.004229497243734337,50,0.727044776119403,0.8287761194029851,6.5646967988658025,0.760577915376677
tic_tac_toe,histdistill_density_strong,beta=0.70,0.7,budget_25,seed_1,0.003918766709184784,50,0.7381492537313432,0.7925970149253732,4.586355501149429,0.6862745098039216
tic_tac_toe,histdistill_density_xstrong,beta=1.25,1.25,budget_50,seed_0,0.0016383834397476482,100,0.8228059701492538,0.8685373134328358,7.507452835664745,0.8121775025799793
tic_tac_toe,histdistill_density_xstrong,beta=1.25,1.25,budget_50,seed_2,0.0016093793379360344,100,0.7685970149253731,0.8721194029850746,5.890594812417048,0.7234262125902993
tic_tac_toe,histdistill_density_xstrong,beta=1.25,1.25,budget_50,seed_1,0.001524242411249821,100,0.7958208955223881,0.8518208955223882,5.978314627437408,0.8286893704850361
tic_tac_toe,histdistill_density_xstrong,beta=1.25,1.25,budget_25,seed_0,0.005432219774112901,50,0.7915223880597017,0.8414328358208956,6.314968568342483,0.4035087719298245
tic_tac_toe,histdistill_density_xstrong,beta=1.25,1.25,budget_25,seed_2,0.004202118486099082,50,0.7278805970149254,0.817910447761194,6.560423978763935,0.760577915376677
tic_tac_toe,histdistill_density_xstrong,beta=1.25,1.25,budget_25,seed_1,0.003908371816650269,50,0.7502089552238806,0.8045373134328359,4.579653076606622,0.7048503611971104
