dataset,method,method_label,budget,seed,split_regret,split_regret_norm,split_regret_mean,split_regret_norm_mean,split_regret_root,split_regret_root_norm,split_regret_agreement,split_regret_weighted_agreement,split_regret_states,split_regret_depth_0_norm,split_regret_depth_0_agreement,split_regret_depth_1_norm,split_regret_depth_1_agreement,split_regret_depth_2_norm,split_regret_depth_2_agreement
adult,histdistill_greedy,HistDistill-Greedy,budget_25,seed_0,524.9857132512053,0.8768034969974822,263.1037026589258,0.8404169721675215,888.8183544668892,0.9046225820268912,0.0,0.0,25.0,0.7909095490978103,0.0,0.7841201046308302,0.0,0.8985763101376955,0.0
adult,histdistill_greedy,HistDistill-Greedy,budget_25,seed_1,380.68380626407065,0.6729959338755377,197.70647059265343,0.7877416974532901,483.76975159268034,0.49237174231709796,0.0,0.0,25.0,0.5378184275763032,0.0,0.6992419174740656,0.0,0.9508762465548516,0.0
adult,histdistill_greedy,HistDistill-Greedy,budget_25,seed_2,329.51476282914996,0.6360119572690793,193.48215815542116,0.7427584192682691,483.76975159268034,0.49237174231709796,0.04,0.0300537111565593,25.0,0.5318348858737003,0.0,0.7034885429805193,0.0,0.8568231423745062,0.08333333333333333
adult,histdistill_greedy,HistDistill-Greedy,budget_50,seed_0,336.61246791443983,0.6261747858002261,187.87011117001373,0.6968284458495967,483.76975159268034,0.49237174231709796,0.04,0.015843329605116942,25.0,0.5434613657600197,0.0,0.6549303281001734,0.0,0.7886634743865361,0.08333333333333333
adult,histdistill_greedy,HistDistill-Greedy,budget_50,seed_1,374.0829158697954,0.6374554986696548,187.3209230023339,0.7617402968751966,483.76975159268034,0.49237174231709796,0.0,0.0,25.0,0.5378184275763032,0.0,0.6398825664965849,0.0,0.9362795626688101,0.0
adult,histdistill_greedy,HistDistill-Greedy,budget_50,seed_2,328.7992053706866,0.6357810433592808,193.4119252650597,0.7467976860228702,483.76975159268034,0.49237174231709796,0.04,0.0300537111565593,25.0,0.5318348858737003,0.0,0.7235479938737817,0.0,0.8518653141844167,0.08333333333333333
adult,histdistill_refined,HistDistill-Refined,budget_25,seed_0,85.60970724581458,0.18174894851892506,54.551753403285694,0.36428009726858707,190.2839959802684,0.19366746748306204,0.28,0.3716402763749004,25.0,0.11893375996388822,0.2,0.32629592709162514,0.375,0.49183051793018623,0.25
adult,histdistill_refined,HistDistill-Refined,budget_25,seed_1,33.10927877775218,0.1817139572768578,53.43434573921955,0.5109219078854559,0.0,0.0,0.28,0.6996133707418126,25.0,0.04686976826646357,0.6,0.602824734340508,0.25,0.6430084150900014,0.16666666666666666
adult,histdistill_refined,HistDistill-Refined,budget_25,seed_2,157.65889242090265,0.381171465330027,115.93400222964944,0.5396885867226607,190.2839959802684,0.19366746748306204,0.04,0.00013151326030303974,25.0,0.12948832478391276,0.0,0.5807727907012532,0.0,0.6832158932114109,0.08333333333333333
adult,histdistill_refined,HistDistill-Refined,budget_50,seed_0,87.73948445871906,0.19097997128335914,57.320448914334975,0.3657831044136745,190.2839959802684,0.19366746748306204,0.24,0.3449325728219927,25.0,0.11893375996388822,0.2,0.29204508540258645,0.375,0.5177956772751441,0.16666666666666666
adult,histdistill_refined,HistDistill-Refined,budget_50,seed_1,16.096138481322033,0.11585640610848005,34.104071601978376,0.4285629054113975,0.0,0.0,0.4,0.8298367723769562,25.0,0.05011655225377735,0.8,0.47035814035469836,0.375,0.5583853959315386,0.25
adult,histdistill_refined,HistDistill-Refined,budget_50,seed_2,127.22754779441102,0.2245898038018458,68.30940189128737,0.3112578426062875,219.33384117567027,0.2232338528261146,0.32,0.20792721193943342,25.0,0.15507564369241975,0.0,0.18337753893908149,0.5,0.4615872945985364,0.3333333333333333
adult,histdistill_density,HistDistill-Density,budget_25,seed_0,35.742796440538235,0.1309953458467221,39.329033724864225,0.34878669986994204,0.0,0.0,0.36,0.633705987936094,25.0,0.0414667729706634,0.6,0.32629592709162514,0.375,0.49183051793018623,0.25
adult,histdistill_density,HistDistill-Density,budget_25,seed_1,71.7904557558601,0.24381902520671606,71.66320434537714,0.541207684019739,0.0,0.0,0.2,0.5142016281340529,25.0,0.07924384652090896,0.4,0.602824734340508,0.25,0.6926145827637386,0.08333333333333333
adult,histdistill_density,HistDistill-Density,budget_25,seed_2,154.47054998942963,0.3664512141506987,111.45681076001082,0.5188117910122935,190.2839959802684,0.19366746748306204,0.04,0.00013151326030303974,25.0,0.12948832478391276,0.0,0.545724520327897,0.0,0.6630880823970496,0.08333333333333333
adult,histdistill_density,HistDistill-Density,budget_50,seed_0,85.51818073982125,0.17520152314541126,52.5879593900782,0.3306297669883553,190.2839959802684,0.19366746748306204,0.24,0.3449325728219927,25.0,0.11893375996388822,0.2,0.20613552244053146,0.375,0.5018325996137658,0.16666666666666666
adult,histdistill_density,HistDistill-Density,budget_50,seed_1,14.969793227443056,0.10591141365719989,31.185052796002097,0.40278961796635804,0.0,0.0,0.4,0.8298367723769562,25.0,0.05011655225377735,0.8,0.38981661708895,0.375,0.5583853959315386,0.25
adult,histdistill_density,HistDistill-Density,budget_50,seed_2,127.22754779441102,0.2245898038018458,68.30940189128737,0.3112578426062875,219.33384117567027,0.2232338528261146,0.32,0.20792721193943342,25.0,0.15507564369241975,0.0,0.18337753893908149,0.5,0.4615872945985364,0.3333333333333333
adult,gain_path_refined,Legacy gain-path refined,budget_25,seed_0,86.56063817075183,0.18598951401698274,55.8236422241018,0.371867111014096,190.2839959802684,0.19366746748306204,0.24,0.34159479996603637,25.0,0.14702867472792186,0.0,0.32629592709162514,0.375,0.4959305820816491,0.25
adult,gain_path_refined,Legacy gain-path refined,budget_25,seed_1,78.91186536210218,0.25500268399096204,74.94579208697301,0.543235516571375,0.0,0.0,0.2,0.5142016281340529,25.0,0.13624429789812387,0.4,0.5735364289536116,0.25,0.6926145827637386,0.08333333333333333
adult,gain_path_refined,Legacy gain-path refined,budget_25,seed_2,150.13416607357695,0.3442866536255495,104.7154189112873,0.4799245189915734,190.2839959802684,0.19366746748306204,0.04,0.00013151326030303974,25.0,0.12948832478391276,0.0,0.5138138684748853,0.0,0.6033467002558907,0.08333333333333333
adult,gain_path_refined,Legacy gain-path refined,budget_50,seed_0,87.57157826852297,0.18877316782843262,56.658554021933234,0.35619889527480647,190.2839959802684,0.19366746748306204,0.24,0.3449325728219927,25.0,0.11893375996388822,0.2,0.29204508540258645,0.375,0.49782857490250243,0.16666666666666666
adult,gain_path_refined,Legacy gain-path refined,budget_50,seed_1,16.096138481322033,0.11585640610848005,34.104071601978376,0.4285629054113975,0.0,0.0,0.4,0.8298367723769562,25.0,0.05011655225377735,0.8,0.47035814035469836,0.375,0.5583853959315386,0.25
adult,gain_path_refined,Legacy gain-path refined,budget_50,seed_2,138.09319963399713,0.24524078913819178,74.59043706257303,0.3200171038986028,219.33384117567027,0.2232338528261146,0.28,0.14340842976005225,25.0,0.15507564369241975,0.0,0.18337753893908149,0.5,0.4798357556241933,0.25
adult,herding,Herding,budget_25,seed_0,310.1548103709177,0.5269003934634544,158.07432946408449,0.5776449414116361,652.8301678574228,0.664438250070173,0.0,0.0,25.0,0.3713689577920524,0.0,0.5436081190047587,0.0,0.6862844828577143,0.0
adult,herding,Herding,budget_25,seed_1,399.43448403742224,0.6519979361187007,191.47042622030438,0.6701539536716882,652.8301678574228,0.664438250070173,0.0,0.0,25.0,0.5839346799993055,0.0,0.6167114887132455,0.0,0.741706961007476,0.0
adult,herding,Herding,budget_25,seed_2,367.46472530695786,0.6344518173996285,192.969687144153,0.648462414943937,652.8301678574228,0.664438250070173,0.08,0.018198130796676745,25.0,0.5768416023462513,0.0,0.6253974259893303,0.125,0.6936810794960437,0.08333333333333333
adult,herding,Herding,budget_50,seed_0,305.38767516603315,0.5115307665958787,153.46445924702533,0.5618026894153312,646.8527128547632,0.658354508942101,0.0,0.0,25.0,0.3689354613408236,0.0,0.4894806067232215,0.0,0.6903787562411158,0.0
adult,herding,Herding,budget_50,seed_1,390.53607534150615,0.636262549944169,186.8518316474302,0.6631833318440417,646.8527128547632,0.658354508942101,0.0,0.0,25.0,0.5172653241326396,0.0,0.6277251512313209,0.0,0.7476212887989396,0.0
adult,herding,Herding,budget_50,seed_2,354.55192080237447,0.6010289441008949,182.8040587590856,0.6204222814067449,646.8527128547632,0.658354508942101,0.08,0.018198130796676745,25.0,0.4661793863045304,0.0,0.6204677025408416,0.125,0.6846598736099364,0.08333333333333333
adult,random,Random,budget_25,seed_0,290.20277316101374,0.5269438939342171,158.08737672452386,0.6021709579350706,503.3792239377591,0.5123298939639888,0.0,0.0,25.0,0.35062234170209583,0.0,0.6720152671334991,0.0,0.6604200085665245,0.0
adult,random,Random,budget_25,seed_1,191.84657967955815,0.37952103155641476,111.4939745027233,0.5818695384832911,190.2839959802684,0.19366746748306204,0.08,0.06541136763054349,25.0,0.13311311567832193,0.0,0.611329072591369,0.125,0.7492116919133099,0.08333333333333333
adult,random,Random,budget_25,seed_2,178.15370122692795,0.42903810185925845,130.49272776620285,0.5805065808512248,0.0,0.0,0.12,0.2585628235891197,25.0,0.19350311826795727,0.4,0.6799630037216813,0.0,0.6754537416806153,0.08333333333333333
adult,random,Random,budget_50,seed_0,270.211036936031,0.5261972189130492,157.86342366622506,0.6117482129867531,378.98724448445387,0.38572607995524355,0.04,0.0720075160282585,25.0,0.48622148363112067,0.0,0.6739473819608355,0.0,0.622584904235545,0.08333333333333333
adult,random,Random,budget_50,seed_1,159.4433244415555,0.279407540953222,82.10901888467943,0.4310432777753998,190.2839959802684,0.19366746748306204,0.12,0.07914751146029238,25.0,0.13311311567832193,0.0,0.29562805020765714,0.25,0.645457663694344,0.08333333333333333
adult,random,Random,budget_50,seed_2,166.54488677282535,0.3100608269442835,94.30557077813295,0.35858236841949487,190.2839959802684,0.19366746748306204,0.28,0.13933023053836774,25.0,0.1351027921723457,0.0,0.3414755825175945,0.375,0.463103382457074,0.3333333333333333
adult,goss_coreset,GOSS coreset,budget_25,seed_0,452.68173419631086,0.8082214058939233,242.45200289817546,0.8280952795127707,340.1232475807601,0.3461710358337799,0.0,0.0,25.0,0.7112231412626278,0.0,0.8411712985255095,0.0,0.8680746577751711,0.0
adult,goss_coreset,GOSS coreset,budget_25,seed_1,235.97986409503835,0.5218620675358945,153.45009818326793,0.7989766347014085,0.0,0.0,0.12,0.361577985845716,25.0,0.5858933602127048,0.4,0.7662783183414849,0.125,0.9095602099783172,0.0
adult,goss_coreset,GOSS coreset,budget_25,seed_2,127.30125114160506,0.23324649151595003,70.94234938088866,0.2940292894955458,190.2839959802684,0.19366746748306204,0.4,0.31681977541994977,25.0,0.12948832478391276,0.0,0.25618962517912924,0.5,0.38781446766967065,0.5
adult,goss_coreset,GOSS coreset,budget_50,seed_0,203.97711661148995,0.4139701603784274,124.2714812597506,0.563917526661227,340.1232475807601,0.3461710358337799,0.0,0.0,25.0,0.22418792436963328,0.0,0.5919804706312944,0.0,0.6867628983026793,0.0
adult,goss_coreset,GOSS coreset,budget_50,seed_1,72.23093472374464,0.19443211263773955,57.236791772336986,0.46354393414557266,0.0,0.0,0.24,0.4335542756174108,25.0,0.07059593231339222,0.4,0.46681804007412775,0.25,0.625089530956611,0.16666666666666666
adult,goss_coreset,GOSS coreset,budget_50,seed_2,213.9682026458693,0.394772080118373,120.09443441602096,0.46938045488754027,378.98724448445387,0.38572607995524355,0.12,0.10196459832538006,25.0,0.2814507479812674,0.0,0.3677037900144864,0.25,0.6154689426805232,0.08333333333333333
adult,mvs_coreset,MVS coreset,budget_25,seed_0,34.25256345899535,0.18082102639097702,54.273438215920805,0.4966435012558696,0.0,0.0,0.4,0.7700729809486792,25.0,0.021973522250961743,0.8,0.5019269096872925,0.375,0.6909003868869658,0.25
adult,mvs_coreset,MVS coreset,budget_25,seed_1,33.02963878710872,0.17417963288197247,51.22289764544397,0.49163854230664883,0.0,0.0,0.4,0.7944404087192457,25.0,0.09374424555124146,0.8,0.4442692715712987,0.375,0.6890073464449689,0.25
adult,mvs_coreset,MVS coreset,budget_25,seed_2,130.7407523767152,0.3682422335143263,112.00155259349613,0.6128210615798566,190.2839959802684,0.19366746748306204,0.2,0.27304606045362423,25.0,0.3580724924762489,0.0,0.6720837033130752,0.25,0.6794578708842139,0.25
adult,mvs_coreset,MVS coreset,budget_50,seed_0,249.00487565905533,0.4468595957949106,134.06739081157355,0.5222480193989124,378.98724448445387,0.38572607995524355,0.08,0.026524638935930205,25.0,0.2598840897460806,0.0,0.5440875679655267,0.0,0.6170066243765163,0.16666666666666666
adult,mvs_coreset,MVS coreset,budget_50,seed_1,354.14797242149126,0.5507085475936685,161.80944893648632,0.655439167398433,709.5426776736342,0.722159174492282,0.08,0.16782993432763252,25.0,0.6550465848913622,0.0,0.5267402789855145,0.125,0.7414020023849915,0.08333333333333333
adult,mvs_coreset,MVS coreset,budget_50,seed_2,195.25002618293217,0.49067327467255606,149.23917893660942,0.6451338715061853,0.0,0.0,0.12,0.2585628235891197,25.0,0.17451161309402158,0.4,0.8129936810721596,0.0,0.7293199394672708,0.08333333333333333
adult,craig_coreset,CRAIG-style,budget_25,seed_0,573.4703379649163,0.9711345661173765,291.2760571010045,0.8853787289006035,977.5117372865983,0.9948930366949756,0.04,0.00023951682715446832,25.0,0.9950770979118401,0.0,0.9470158096133131,0.0,0.7985796880041156,0.08333333333333333
adult,craig_coreset,CRAIG-style,budget_25,seed_1,141.42881000825415,0.38369861907271935,112.72016512915611,0.6653882061157046,0.0,0.0,0.2,0.5317834364141801,25.0,0.26008395653392646,0.6,0.7419222502002845,0.125,0.7832422807183922,0.08333333333333333
adult,craig_coreset,CRAIG-style,budget_25,seed_2,503.74663875697667,0.8755275384881227,266.31812743067576,0.808242584357578,831.7135048378799,0.8465023415322669,0.0,0.0,25.0,0.9028262747297271,0.0,0.8082365365338586,0.0,0.768836745251662,0.0
adult,craig_coreset,CRAIG-style,budget_50,seed_0,188.3315753161686,0.34309494563957044,102.90576245959598,0.4494775071873839,340.1232475807601,0.3461710358337799,0.24,0.13669161654238574,25.0,0.4189050264429053,0.0,0.4831494263943137,0.25,0.43976809469296346,0.3333333333333333
adult,craig_coreset,CRAIG-style,budget_50,seed_1,423.3807971075185,0.6778668446381424,199.04844769782758,0.6777800362112335,979.8665156851365,0.9972896858013777,0.2,0.23875612014069383,25.0,0.7321058229029577,0.2,0.7580652415939203,0.125,0.6016208215012239,0.25
adult,craig_coreset,CRAIG-style,budget_50,seed_2,367.25861120937196,0.6836791483637583,207.96708672731333,0.7139243446946391,559.6758437711615,0.5696275333940664,0.08,0.05332078569655203,25.0,0.6103684238161289,0.0,0.9098066287976099,0.0,0.6264844556587045,0.16666666666666666
adult,gradmatch_coreset,GradMatch-style,budget_25,seed_0,298.5551574042165,0.5806402193597492,174.1927183491067,0.6648078797845655,373.7860109186538,0.3804323623869997,0.04,0.010681309330813262,25.0,0.4328905577093818,0.0,0.5870018934738975,0.0,0.8133107548563371,0.08333333333333333
adult,gradmatch_coreset,GradMatch-style,budget_25,seed_1,382.44259052669605,0.6075790998016635,178.43276740012868,0.6312342197091367,652.8301678574228,0.664438250070173,0.16,0.1468862753307178,25.0,0.6195976366118693,0.0,0.5051223953689497,0.375,0.7201573455597895,0.08333333333333333
adult,gradmatch_coreset,GradMatch-style,budget_25,seed_2,233.38207260999374,0.4738699190866514,144.12840743047065,0.5622610105676885,340.1232475807601,0.3461710358337799,0.08,0.0045178403755391505,25.0,0.3834649575778817,0.0,0.45286987359429953,0.125,0.709686790629034,0.08333333333333333
adult,gradmatch_coreset,GradMatch-style,budget_50,seed_0,296.0890767367422,0.5813602339105787,174.40867503187562,0.7084311050728236,373.7860109186538,0.3804323623869997,0.0,0.0,25.0,0.4171551718839924,0.0,0.6820347897760264,0.0,0.8473936207660345,0.0
adult,gradmatch_coreset,GradMatch-style,budget_50,seed_1,365.8069167520439,0.6054118113300948,177.7966325978675,0.6201343859479789,535.7991841368807,0.5453263188883246,0.0,0.0,25.0,0.5556993288411185,0.0,0.6016687290567171,0.0,0.6592927643366785,0.0
adult,gradmatch_coreset,GradMatch-style,budget_50,seed_2,363.04581350747543,0.6706265688958343,203.97230434422852,0.7083846047007542,535.7991841368807,0.5453263188883246,0.04,0.00013151326030303974,25.0,0.5780143818743247,0.0,0.654569447947588,0.0,0.7985823020472109,0.08333333333333333
adult,grand_coreset,GraNd,budget_25,seed_0,464.87031389603345,0.7109662571191427,213.28189892263046,0.646271344936653,888.8183544668892,0.9046225820268912,0.16,0.1093005433520381,25.0,0.9262203231711783,0.0,0.49225377101807793,0.25,0.6323043199513174,0.16666666666666666
adult,grand_coreset,GraNd,budget_25,seed_1,615.3938507073714,0.9792695250270778,287.5300187604997,0.882817495629201,982.4546988218594,0.9999238898545838,0.0,0.0,25.0,0.9994695686820656,0.0,0.8801663359731517,0.0,0.8359799049612068,0.0
adult,grand_coreset,GraNd,budget_25,seed_2,435.08915749423056,0.73716059213508,224.2087498816396,0.6811840205519637,692.2736114573963,0.7045830441263687,0.24,0.12657194932451965,25.0,0.7267488898036872,0.0,0.5868561468896631,0.375,0.7250839074719457,0.25
adult,grand_coreset,GraNd,budget_50,seed_0,34.302398871788355,0.18288464172195676,54.89238615367582,0.4830810112692685,0.0,0.0,0.4,0.7734107538046355,25.0,0.0,1.0,0.5188341682821525,0.375,0.6605293279562079,0.16666666666666666
adult,grand_coreset,GraNd,budget_50,seed_1,171.4324940150754,0.33842865702083347,99.43268691108297,0.5453961848885648,219.33384117567027,0.2232338528261146,0.12,0.07914751146029238,25.0,0.15988947344383805,0.0,0.4714304433620252,0.25,0.755334475674894,0.08333333333333333
adult,grand_coreset,GraNd,budget_50,seed_2,168.97543826922706,0.3533875363869023,107.48346914147155,0.4589369926256438,190.2839959802684,0.19366746748306204,0.12,0.06325561595565671,25.0,0.12948832478391276,0.0,0.4066624366023051,0.125,0.6310569749085911,0.16666666666666666
adult,el2n_coreset,EL2N,budget_25,seed_0,464.87031389603345,0.7109662571191427,213.28189892263046,0.646271344936653,888.8183544668892,0.9046225820268912,0.16,0.1093005433520381,25.0,0.9262203231711783,0.0,0.49225377101807793,0.25,0.6323043199513174,0.16666666666666666
adult,el2n_coreset,EL2N,budget_25,seed_1,615.3938507073714,0.9792695250270778,287.5300187604997,0.882817495629201,982.4546988218594,0.9999238898545838,0.0,0.0,25.0,0.9994695686820656,0.0,0.8801663359731517,0.0,0.8359799049612068,0.0
adult,el2n_coreset,EL2N,budget_25,seed_2,435.08915749423056,0.73716059213508,224.2087498816396,0.6811840205519637,692.2736114573963,0.7045830441263687,0.24,0.12657194932451965,25.0,0.7267488898036872,0.0,0.5868561468896631,0.375,0.7250839074719457,0.25
adult,el2n_coreset,EL2N,budget_50,seed_0,34.302398871788355,0.18288464172195676,54.89238615367582,0.4830810112692685,0.0,0.0,0.4,0.7734107538046355,25.0,0.0,1.0,0.5188341682821525,0.375,0.6605293279562079,0.16666666666666666
adult,el2n_coreset,EL2N,budget_50,seed_1,171.4324940150754,0.33842865702083347,99.43268691108297,0.5453961848885648,219.33384117567027,0.2232338528261146,0.12,0.07914751146029238,25.0,0.15988947344383805,0.0,0.4714304433620252,0.25,0.755334475674894,0.08333333333333333
adult,el2n_coreset,EL2N,budget_50,seed_2,168.97543826922706,0.3533875363869023,107.48346914147155,0.4589369926256438,190.2839959802684,0.19366746748306204,0.12,0.06325561595565671,25.0,0.12948832478391276,0.0,0.4066624366023051,0.125,0.6310569749085911,0.16666666666666666
adult,distribution_matching,DistributionMatching,budget_25,seed_0,118.69235992608249,0.3198715044161489,95.97937309898278,0.543298073387386,0.0,0.0,0.24,0.4951023483000248,25.0,0.014131138853338165,0.8,0.516046181903206,0.25,0.781952223766026,0.0
adult,distribution_matching,DistributionMatching,budget_25,seed_1,100.53458449667117,0.18934835689320217,55.67629642016397,0.42294723390221933,190.2839959802684,0.19366746748306204,0.28,0.2617861577214622,25.0,0.13311311567832193,0.0,0.3255790952722638,0.5,0.6086235422488135,0.25
adult,distribution_matching,DistributionMatching,budget_25,seed_2,45.12460113629893,0.11336038817942384,34.47877055688921,0.25160595424548843,0.0,0.0,0.56,0.6995076995123947,25.0,0.004793744695236162,0.8,0.22027836177740898,0.5,0.37532943653681317,0.5
adult,distribution_matching,DistributionMatching,budget_50,seed_0,293.66806173579045,0.43280798252889824,129.8528373904181,0.4047548639002225,538.5203447807553,0.5480958649439394,0.24,0.15630286928698234,25.0,0.39128343784482994,0.0,0.2840384198537554,0.375,0.49084558745428075,0.25
adult,distribution_matching,DistributionMatching,budget_50,seed_1,130.80994574327866,0.23750660200832086,69.81153320817694,0.424112843418843,190.2839959802684,0.19366746748306204,0.12,0.07914751146029238,25.0,0.13311311567832193,0.0,0.35009169919835004,0.25,0.5947101594577221,0.08333333333333333
adult,distribution_matching,DistributionMatching,budget_50,seed_2,123.16076444425352,0.21369833376152222,65.02367912160338,0.29695588773922216,190.2839959802684,0.19366746748306204,0.28,0.15897753588535768,25.0,0.12948832478391276,0.0,0.20497338625053102,0.5,0.4280557066297285,0.25
adult,k_center,K-center,budget_25,seed_0,80.8061305631082,0.1506365676492171,45.18099448927399,0.28130400080105133,190.2839959802684,0.19366746748306204,0.44,0.46244308690330516,25.0,0.20842492474064062,0.0,0.28957088693650657,0.625,0.3061590250692523,0.5
adult,k_center,K-center,budget_25,seed_1,361.2745195218971,0.6502632306973156,190.96126165606188,0.7587561162889278,373.7860109186538,0.3804323623869997,0.0,0.0,25.0,0.6168247782707348,0.0,0.7686548265449396,0.0,0.8112950336258337,0.0
adult,k_center,K-center,budget_25,seed_2,182.72032337144535,0.3973452769474262,120.85329677991174,0.494406271461181,190.2839959802684,0.19366746748306204,0.16,0.0940732710468761,25.0,0.3592535089098171,0.0,0.5039796666537476,0.25,0.5443376590625382,0.16666666666666666
adult,k_center,K-center,budget_50,seed_0,217.96334139572025,0.34619267397591236,103.8348758155206,0.38189466628033436,535.7991841368807,0.5453263188883246,0.32,0.25609104778758934,25.0,0.3722502675976142,0.0,0.4488172100466274,0.25,0.3412981365539391,0.5
adult,k_center,K-center,budget_50,seed_1,265.146602274044,0.4895861552477382,143.79989806284848,0.6677205899771711,373.7860109186538,0.3804323623869997,0.04,0.06685658250982308,25.0,0.5926662935582157,0.0,0.6278254780020154,0.0,0.7255899548018396,0.08333333333333333
adult,k_center,K-center,budget_50,seed_2,250.91636562330908,0.4876791608824499,148.3285137205827,0.5552980729679454,373.7860109186538,0.3804323623869997,0.16,0.0940732710468761,25.0,0.48884616033994055,0.0,0.4767001434805975,0.25,0.6353849895545126,0.16666666666666666
adult,gradient_sampling,Gradient sampling,budget_25,seed_0,28.210671803999045,0.14656319535599655,43.998357607271686,0.4115045794622019,0.0,0.0,0.44,0.7807542902794924,25.0,0.010690514267926188,0.8,0.3710534154263576,0.375,0.6054778826503797,0.3333333333333333
adult,gradient_sampling,Gradient sampling,budget_25,seed_1,77.01805657508238,0.22850563593217466,67.16847280137603,0.48372059141858176,0.0,0.0,0.4,0.7055630061246486,25.0,0.0,1.0,0.3984964809892988,0.375,0.7420869114625127,0.16666666666666666
adult,gradient_sampling,Gradient sampling,budget_25,seed_2,55.247656742443,0.2115640519100941,64.34759549648365,0.4460305177155757,0.0,0.0,0.4,0.6945167276340851,25.0,0.004793744695236162,0.8,0.4148835138649622,0.375,0.6506438423744597,0.25
adult,gradient_sampling,Gradient sampling,budget_50,seed_0,30.480483797639177,0.16258857796865941,48.80491112087328,0.43386678956995545,0.0,0.0,0.4,0.7700729809486792,25.0,0.010690514267926188,0.8,0.45015974630854116,0.375,0.5993282664534105,0.25
adult,gradient_sampling,Gradient sampling,budget_50,seed_1,73.34621944128472,0.20942761256544767,61.568759250948716,0.44703857279924486,0.0,0.0,0.36,0.6853123632447992,25.0,0.0,1.0,0.3560001044186369,0.375,0.6939969570526688,0.08333333333333333
adult,gradient_sampling,Gradient sampling,budget_50,seed_2,29.24849742616783,0.15303329488293962,46.54535809706559,0.3690425121640213,0.0,0.0,0.44,0.7590355098134662,25.0,0.004793744695236162,0.8,0.3965986243919474,0.375,0.5024420904573977,0.3333333333333333
adult,gain_herding,Gain sketch,budget_25,seed_0,186.62125894085332,0.4080596147536514,122.4299660018734,0.5090219351108659,219.33384117567027,0.2232338528261146,0.0,0.0,25.0,0.179731632040593,0.0,0.5830672566410307,0.0,0.5968626803700365,0.0
adult,gain_herding,Gain sketch,budget_25,seed_1,176.0249418021844,0.3401101715124709,99.92623906284749,0.4790851365669836,190.2839959802684,0.19366746748306204,0.16,0.16082095232284915,25.0,0.24341879258418833,0.0,0.4368829958947645,0.25,0.605414207007961,0.16666666666666666
adult,gain_herding,Gain sketch,budget_25,seed_2,169.47188793858544,0.3883319572295454,118.1118790104452,0.5614745418334324,219.33384117567027,0.2232338528261146,0.12,0.059099941057427434,25.0,0.34945510056932516,0.0,0.5719491984196061,0.125,0.6428328713026945,0.16666666666666666
adult,gain_herding,Gain sketch,budget_50,seed_0,147.2149958122098,0.2669157475057672,80.09615298529263,0.31650429157684123,219.33384117567027,0.2232338528261146,0.08,0.06401183691121468,25.0,0.14229523502418956,0.0,0.2622507622665906,0.125,0.4252604180139465,0.08333333333333333
adult,gain_herding,Gain sketch,budget_50,seed_1,102.69901367309934,0.2058037958323088,60.50623831897993,0.4498094114310039,190.2839959802684,0.19366746748306204,0.2,0.21966202644838245,25.0,0.15671083351413378,0.0,0.40807064633880663,0.25,0.5997596622911645,0.25
adult,gain_herding,Gain sketch,budget_50,seed_2,161.3260091059661,0.35170700212439765,106.97233155469675,0.4726051139933432,219.33384117567027,0.2232338528261146,0.08,0.029576129180327523,25.0,0.14945525449555022,0.2,0.5433243066503718,0.0,0.560104760346071,0.08333333333333333
adult,gain_path_herding,Gain-path sketch,budget_25,seed_0,89.45713361729048,0.20045293141942608,60.16170961473421,0.39352890215056185,190.2839959802684,0.19366746748306204,0.2,0.3148870964131287,25.0,0.14702867472792186,0.0,0.32629592709162514,0.375,0.5410593136159529,0.16666666666666666
adult,gain_path_herding,Gain-path sketch,budget_25,seed_1,72.53564275648284,0.2473000785024811,72.68495072524853,0.5459807243709099,0.0,0.0,0.2,0.5142016281340529,25.0,0.07924384652090896,0.4,0.6028285926709678,0.25,0.7025558446083718,0.08333333333333333
adult,gain_path_herding,Gain-path sketch,budget_25,seed_2,149.6491238394655,0.34201270906163206,104.02379448993915,0.4723567168293358,190.2839959802684,0.19366746748306204,0.04,0.00013151326030303974,25.0,0.12948832478391276,0.0,0.5149074990228608,0.0,0.5868513587192453,0.08333333333333333
adult,gain_path_herding,Gain-path sketch,budget_50,seed_0,85.15627214189891,0.1767125306519481,53.041161576582255,0.3381357366021148,190.2839959802684,0.19366746748306204,0.28,0.3716402763749004,25.0,0.11893375996388822,0.2,0.29204508540258645,0.375,0.46019699433439487,0.25
adult,gain_path_herding,Gain-path sketch,budget_50,seed_1,16.096138481322033,0.11585640610848005,34.104071601978376,0.4285629054113975,0.0,0.0,0.4,0.8298367723769562,25.0,0.05011655225377735,0.8,0.47035814035469836,0.375,0.5583853959315386,0.25
adult,gain_path_herding,Gain-path sketch,budget_50,seed_2,138.09383502490164,0.24531169114134646,74.6120020372353,0.322423496389731,219.33384117567027,0.2232338528261146,0.28,0.14340842976005225,25.0,0.15507564369241975,0.0,0.18337753893908149,0.5,0.48484907331404375,0.25
agaricus_lepiota,histdistill_greedy,HistDistill-Greedy,budget_25,seed_0,1.762413013921987,0.934857868055683,1.762413013921987,0.934857868055683,1.762413013921987,0.934857868055683,0.0,0.0,1.0,0.934857868055683,0.0,,,,
agaricus_lepiota,histdistill_greedy,HistDistill-Greedy,budget_25,seed_1,2.1053545877436917,0.9936854413402635,2.1053545877436917,0.9936854413402635,2.1053545877436917,0.9936854413402635,0.0,0.0,1.0,0.9936854413402635,0.0,,,,
agaricus_lepiota,histdistill_greedy,HistDistill-Greedy,budget_25,seed_2,1.4426307429571716,0.6026640345145665,1.4426307429571716,0.6026640345145665,1.4426307429571716,0.6026640345145665,0.0,0.0,1.0,0.6026640345145665,0.0,,,,
agaricus_lepiota,histdistill_greedy,HistDistill-Greedy,budget_50,seed_0,1.762413013921987,0.934857868055683,1.762413013921987,0.934857868055683,1.762413013921987,0.934857868055683,0.0,0.0,1.0,0.934857868055683,0.0,,,,
agaricus_lepiota,histdistill_greedy,HistDistill-Greedy,budget_50,seed_1,1.9022022421457077,0.8978015796050363,1.9022022421457077,0.8978015796050363,1.9022022421457077,0.8978015796050363,0.0,0.0,1.0,0.8978015796050363,0.0,,,,
agaricus_lepiota,histdistill_greedy,HistDistill-Greedy,budget_50,seed_2,2.3177606496932146,0.9682526114201104,2.3177606496932146,0.9682526114201104,2.3177606496932146,0.9682526114201104,0.0,0.0,1.0,0.9682526114201104,0.0,,,,
agaricus_lepiota,histdistill_refined,HistDistill-Refined,budget_25,seed_0,1.7226742395903414,0.9137787534796076,1.7226742395903414,0.9137787534796076,1.7226742395903414,0.9137787534796076,0.0,0.0,1.0,0.9137787534796076,0.0,,,,
agaricus_lepiota,histdistill_refined,HistDistill-Refined,budget_25,seed_1,1.8898460890527329,0.8919697213941024,1.8898460890527329,0.8919697213941024,1.8898460890527329,0.8919697213941024,0.0,0.0,1.0,0.8919697213941024,0.0,,,,
agaricus_lepiota,histdistill_refined,HistDistill-Refined,budget_25,seed_2,1.4426307429571716,0.6026640345145665,1.4426307429571716,0.6026640345145665,1.4426307429571716,0.6026640345145665,0.0,0.0,1.0,0.6026640345145665,0.0,,,,
agaricus_lepiota,histdistill_refined,HistDistill-Refined,budget_50,seed_0,1.4760611322999309,0.7829648058436616,1.4760611322999309,0.7829648058436616,1.4760611322999309,0.7829648058436616,0.0,0.0,1.0,0.7829648058436616,0.0,,,,
agaricus_lepiota,histdistill_refined,HistDistill-Refined,budget_50,seed_1,1.8898460890527329,0.8919697213941024,1.8898460890527329,0.8919697213941024,1.8898460890527329,0.8919697213941024,0.0,0.0,1.0,0.8919697213941024,0.0,,,,
agaricus_lepiota,histdistill_refined,HistDistill-Refined,budget_50,seed_2,2.2266735156543254,0.9302006428479449,2.2266735156543254,0.9302006428479449,2.2266735156543254,0.9302006428479449,0.0,0.0,1.0,0.9302006428479449,0.0,,,,
agaricus_lepiota,histdistill_density,HistDistill-Density,budget_25,seed_0,1.7226742395903414,0.9137787534796076,1.7226742395903414,0.9137787534796076,1.7226742395903414,0.9137787534796076,0.0,0.0,1.0,0.9137787534796076,0.0,,,,
agaricus_lepiota,histdistill_density,HistDistill-Density,budget_25,seed_1,1.8898460890527329,0.8919697213941024,1.8898460890527329,0.8919697213941024,1.8898460890527329,0.8919697213941024,0.0,0.0,1.0,0.8919697213941024,0.0,,,,
agaricus_lepiota,histdistill_density,HistDistill-Density,budget_25,seed_2,2.143318992557573,0.895378999520455,2.143318992557573,0.895378999520455,2.143318992557573,0.895378999520455,0.0,0.0,1.0,0.895378999520455,0.0,,,,
agaricus_lepiota,histdistill_density,HistDistill-Density,budget_50,seed_0,0.3286069977122412,0.174306950120514,0.3286069977122412,0.174306950120514,0.3286069977122412,0.174306950120514,0.0,0.0,1.0,0.174306950120514,0.0,,,,
agaricus_lepiota,histdistill_density,HistDistill-Density,budget_50,seed_1,1.8898460890527329,0.8919697213941024,1.8898460890527329,0.8919697213941024,1.8898460890527329,0.8919697213941024,0.0,0.0,1.0,0.8919697213941024,0.0,,,,
agaricus_lepiota,histdistill_density,HistDistill-Density,budget_50,seed_2,2.360119492122928,0.9859481658789936,2.360119492122928,0.9859481658789936,2.360119492122928,0.9859481658789936,0.0,0.0,1.0,0.9859481658789936,0.0,,,,
agaricus_lepiota,gain_path_refined,Legacy gain-path refined,budget_25,seed_0,1.4760611322999309,0.7829648058436616,1.4760611322999309,0.7829648058436616,1.4760611322999309,0.7829648058436616,0.0,0.0,1.0,0.7829648058436616,0.0,,,,
agaricus_lepiota,gain_path_refined,Legacy gain-path refined,budget_25,seed_1,1.8898460890527329,0.8919697213941024,1.8898460890527329,0.8919697213941024,1.8898460890527329,0.8919697213941024,0.0,0.0,1.0,0.8919697213941024,0.0,,,,
agaricus_lepiota,gain_path_refined,Legacy gain-path refined,budget_25,seed_2,2.143318992557573,0.895378999520455,2.143318992557573,0.895378999520455,2.143318992557573,0.895378999520455,0.0,0.0,1.0,0.895378999520455,0.0,,,,
agaricus_lepiota,gain_path_refined,Legacy gain-path refined,budget_50,seed_0,1.4760611322999309,0.7829648058436616,1.4760611322999309,0.7829648058436616,1.4760611322999309,0.7829648058436616,0.0,0.0,1.0,0.7829648058436616,0.0,,,,
agaricus_lepiota,gain_path_refined,Legacy gain-path refined,budget_50,seed_1,1.8898460890527329,0.8919697213941024,1.8898460890527329,0.8919697213941024,1.8898460890527329,0.8919697213941024,0.0,0.0,1.0,0.8919697213941024,0.0,,,,
agaricus_lepiota,gain_path_refined,Legacy gain-path refined,budget_50,seed_2,2.2266735156543254,0.9302006428479449,2.2266735156543254,0.9302006428479449,2.2266735156543254,0.9302006428479449,0.0,0.0,1.0,0.9302006428479449,0.0,,,,
agaricus_lepiota,herding,Herding,budget_25,seed_0,1.4760611322999309,0.7829648058436616,1.4760611322999309,0.7829648058436616,1.4760611322999309,0.7829648058436616,0.0,0.0,1.0,0.7829648058436616,0.0,,,,
agaricus_lepiota,herding,Herding,budget_25,seed_1,1.8898460890527329,0.8919697213941024,1.8898460890527329,0.8919697213941024,1.8898460890527329,0.8919697213941024,0.0,0.0,1.0,0.8919697213941024,0.0,,,,
agaricus_lepiota,herding,Herding,budget_25,seed_2,2.2266735156543254,0.9302006428479449,2.2266735156543254,0.9302006428479449,2.2266735156543254,0.9302006428479449,0.0,0.0,1.0,0.9302006428479449,0.0,,,,
agaricus_lepiota,herding,Herding,budget_50,seed_0,1.4760611322999309,0.7829648058436616,1.4760611322999309,0.7829648058436616,1.4760611322999309,0.7829648058436616,0.0,0.0,1.0,0.7829648058436616,0.0,,,,
agaricus_lepiota,herding,Herding,budget_50,seed_1,1.8898460890527329,0.8919697213941024,1.8898460890527329,0.8919697213941024,1.8898460890527329,0.8919697213941024,0.0,0.0,1.0,0.8919697213941024,0.0,,,,
agaricus_lepiota,herding,Herding,budget_50,seed_2,2.2266735156543254,0.9302006428479449,2.2266735156543254,0.9302006428479449,2.2266735156543254,0.9302006428479449,0.0,0.0,1.0,0.9302006428479449,0.0,,,,
agaricus_lepiota,random,Random,budget_25,seed_0,0.6786218053425941,0.35996950155677787,0.6786218053425941,0.35996950155677787,0.6786218053425941,0.35996950155677787,0.0,0.0,1.0,0.35996950155677787,0.0,,,,
agaricus_lepiota,random,Random,budget_25,seed_1,0.9898312076896616,0.46718061945069833,0.9898312076896616,0.46718061945069833,0.9898312076896616,0.46718061945069833,0.0,0.0,1.0,0.46718061945069833,0.0,,,,
agaricus_lepiota,random,Random,budget_25,seed_2,2.360119492122928,0.9859481658789936,2.360119492122928,0.9859481658789936,2.360119492122928,0.9859481658789936,0.0,0.0,1.0,0.9859481658789936,0.0,,,,
agaricus_lepiota,random,Random,budget_50,seed_0,0.6786218053425941,0.35996950155677787,0.6786218053425941,0.35996950155677787,0.6786218053425941,0.35996950155677787,0.0,0.0,1.0,0.35996950155677787,0.0,,,,
agaricus_lepiota,random,Random,budget_50,seed_1,0.9898312076896616,0.46718061945069833,0.9898312076896616,0.46718061945069833,0.9898312076896616,0.46718061945069833,0.0,0.0,1.0,0.46718061945069833,0.0,,,,
agaricus_lepiota,random,Random,budget_50,seed_2,2.360119492122928,0.9859481658789936,2.360119492122928,0.9859481658789936,2.360119492122928,0.9859481658789936,0.0,0.0,1.0,0.9859481658789936,0.0,,,,
agaricus_lepiota,goss_coreset,GOSS coreset,budget_25,seed_0,1.455309666152779,0.771957356824555,1.455309666152779,0.771957356824555,1.455309666152779,0.771957356824555,0.0,0.0,1.0,0.771957356824555,0.0,,,,
agaricus_lepiota,goss_coreset,GOSS coreset,budget_25,seed_1,1.2485148407867634,0.5892741430870551,1.2485148407867634,0.5892741430870551,1.2485148407867634,0.5892741430870551,0.0,0.0,1.0,0.5892741430870551,0.0,,,,
agaricus_lepiota,goss_coreset,GOSS coreset,budget_25,seed_2,2.3598778690757793,0.9858472270066334,2.3598778690757793,0.9858472270066334,2.3598778690757793,0.9858472270066334,0.0,0.0,1.0,0.9858472270066334,0.0,,,,
agaricus_lepiota,goss_coreset,GOSS coreset,budget_50,seed_0,0.6786218053425941,0.35996950155677787,0.6786218053425941,0.35996950155677787,0.6786218053425941,0.35996950155677787,0.0,0.0,1.0,0.35996950155677787,0.0,,,,
agaricus_lepiota,goss_coreset,GOSS coreset,budget_50,seed_1,1.2485148407867634,0.5892741430870551,1.2485148407867634,0.5892741430870551,1.2485148407867634,0.5892741430870551,0.0,0.0,1.0,0.5892741430870551,0.0,,,,
agaricus_lepiota,goss_coreset,GOSS coreset,budget_50,seed_2,2.353266094705897,0.9830851351570689,2.353266094705897,0.9830851351570689,2.353266094705897,0.9830851351570689,0.0,0.0,1.0,0.9830851351570689,0.0,,,,
agaricus_lepiota,mvs_coreset,MVS coreset,budget_25,seed_0,0.6786218053425941,0.35996950155677787,0.6786218053425941,0.35996950155677787,0.6786218053425941,0.35996950155677787,0.0,0.0,1.0,0.35996950155677787,0.0,,,,
agaricus_lepiota,mvs_coreset,MVS coreset,budget_25,seed_1,2.043799814430991,0.9646328140812218,2.043799814430991,0.9646328140812218,2.043799814430991,0.9646328140812218,0.0,0.0,1.0,0.9646328140812218,0.0,,,,
agaricus_lepiota,mvs_coreset,MVS coreset,budget_25,seed_2,0.43646261022183697,0.1823337807510317,0.43646261022183697,0.1823337807510317,0.43646261022183697,0.1823337807510317,0.0,0.0,1.0,0.1823337807510317,0.0,,,,
agaricus_lepiota,mvs_coreset,MVS coreset,budget_50,seed_0,0.6786218053425941,0.35996950155677787,0.6786218053425941,0.35996950155677787,0.6786218053425941,0.35996950155677787,0.0,0.0,1.0,0.35996950155677787,0.0,,,,
agaricus_lepiota,mvs_coreset,MVS coreset,budget_50,seed_1,1.2485148407867634,0.5892741430870551,1.2485148407867634,0.5892741430870551,1.2485148407867634,0.5892741430870551,0.0,0.0,1.0,0.5892741430870551,0.0,,,,
agaricus_lepiota,mvs_coreset,MVS coreset,budget_50,seed_2,1.4426307429571716,0.6026640345145665,1.4426307429571716,0.6026640345145665,1.4426307429571716,0.6026640345145665,0.0,0.0,1.0,0.6026640345145665,0.0,,,,
agaricus_lepiota,craig_coreset,CRAIG-style,budget_25,seed_0,0.3286069977122412,0.174306950120514,0.3286069977122412,0.174306950120514,0.3286069977122412,0.174306950120514,0.0,0.0,1.0,0.174306950120514,0.0,,,,
agaricus_lepiota,craig_coreset,CRAIG-style,budget_25,seed_1,1.3178504284114818,0.6219991597614636,1.3178504284114818,0.6219991597614636,1.3178504284114818,0.6219991597614636,0.0,0.0,1.0,0.6219991597614636,0.0,,,,
agaricus_lepiota,craig_coreset,CRAIG-style,budget_25,seed_2,0.9579527285427316,0.4001881001609428,0.9579527285427316,0.4001881001609428,0.9579527285427316,0.4001881001609428,0.0,0.0,1.0,0.4001881001609428,0.0,,,,
agaricus_lepiota,craig_coreset,CRAIG-style,budget_50,seed_0,0.3286069977122412,0.174306950120514,0.3286069977122412,0.174306950120514,0.3286069977122412,0.174306950120514,0.0,0.0,1.0,0.174306950120514,0.0,,,,
agaricus_lepiota,craig_coreset,CRAIG-style,budget_50,seed_1,0.9898312076896616,0.46718061945069833,0.9898312076896616,0.46718061945069833,0.9898312076896616,0.46718061945069833,0.0,0.0,1.0,0.46718061945069833,0.0,,,,
agaricus_lepiota,craig_coreset,CRAIG-style,budget_50,seed_2,0.9579527285427316,0.4001881001609428,0.9579527285427316,0.4001881001609428,0.9579527285427316,0.4001881001609428,0.0,0.0,1.0,0.4001881001609428,0.0,,,,
agaricus_lepiota,gradmatch_coreset,GradMatch-style,budget_25,seed_0,1.7226742395903414,0.9137787534796076,1.7226742395903414,0.9137787534796076,1.7226742395903414,0.9137787534796076,0.0,0.0,1.0,0.9137787534796076,0.0,,,,
agaricus_lepiota,gradmatch_coreset,GradMatch-style,budget_25,seed_1,2.072809635177721,0.9783248717990668,2.072809635177721,0.9783248717990668,2.072809635177721,0.9783248717990668,0.0,0.0,1.0,0.9783248717990668,0.0,,,,
agaricus_lepiota,gradmatch_coreset,GradMatch-style,budget_25,seed_2,2.3581559300201307,0.9851278809483772,2.3581559300201307,0.9851278809483772,2.3581559300201307,0.9851278809483772,0.0,0.0,1.0,0.9851278809483772,0.0,,,,
agaricus_lepiota,gradmatch_coreset,GradMatch-style,budget_50,seed_0,1.4760611322999309,0.7829648058436616,1.4760611322999309,0.7829648058436616,1.4760611322999309,0.7829648058436616,0.0,0.0,1.0,0.7829648058436616,0.0,,,,
agaricus_lepiota,gradmatch_coreset,GradMatch-style,budget_50,seed_1,1.2485148407867634,0.5892741430870551,1.2485148407867634,0.5892741430870551,1.2485148407867634,0.5892741430870551,0.0,0.0,1.0,0.5892741430870551,0.0,,,,
agaricus_lepiota,gradmatch_coreset,GradMatch-style,budget_50,seed_2,2.2266735156543254,0.9302006428479449,2.2266735156543254,0.9302006428479449,2.2266735156543254,0.9302006428479449,0.0,0.0,1.0,0.9302006428479449,0.0,,,,
agaricus_lepiota,grand_coreset,GraNd,budget_25,seed_0,0.6786218053425941,0.35996950155677787,0.6786218053425941,0.35996950155677787,0.6786218053425941,0.35996950155677787,0.0,0.0,1.0,0.35996950155677787,0.0,,,,
agaricus_lepiota,grand_coreset,GraNd,budget_25,seed_1,0.9898312076896616,0.46718061945069833,0.9898312076896616,0.46718061945069833,0.9898312076896616,0.46718061945069833,0.0,0.0,1.0,0.46718061945069833,0.0,,,,
agaricus_lepiota,grand_coreset,GraNd,budget_25,seed_2,0.43646261022183697,0.1823337807510317,0.43646261022183697,0.1823337807510317,0.43646261022183697,0.1823337807510317,0.0,0.0,1.0,0.1823337807510317,0.0,,,,
agaricus_lepiota,grand_coreset,GraNd,budget_50,seed_0,1.4760611322999309,0.7829648058436616,1.4760611322999309,0.7829648058436616,1.4760611322999309,0.7829648058436616,0.0,0.0,1.0,0.7829648058436616,0.0,,,,
agaricus_lepiota,grand_coreset,GraNd,budget_50,seed_1,1.2485148407867634,0.5892741430870551,1.2485148407867634,0.5892741430870551,1.2485148407867634,0.5892741430870551,0.0,0.0,1.0,0.5892741430870551,0.0,,,,
agaricus_lepiota,grand_coreset,GraNd,budget_50,seed_2,0.43646261022183697,0.1823337807510317,0.43646261022183697,0.1823337807510317,0.43646261022183697,0.1823337807510317,0.0,0.0,1.0,0.1823337807510317,0.0,,,,
agaricus_lepiota,el2n_coreset,EL2N,budget_25,seed_0,0.6786218053425941,0.35996950155677787,0.6786218053425941,0.35996950155677787,0.6786218053425941,0.35996950155677787,0.0,0.0,1.0,0.35996950155677787,0.0,,,,
agaricus_lepiota,el2n_coreset,EL2N,budget_25,seed_1,0.9898312076896616,0.46718061945069833,0.9898312076896616,0.46718061945069833,0.9898312076896616,0.46718061945069833,0.0,0.0,1.0,0.46718061945069833,0.0,,,,
agaricus_lepiota,el2n_coreset,EL2N,budget_25,seed_2,0.43646261022183697,0.1823337807510317,0.43646261022183697,0.1823337807510317,0.43646261022183697,0.1823337807510317,0.0,0.0,1.0,0.1823337807510317,0.0,,,,
agaricus_lepiota,el2n_coreset,EL2N,budget_50,seed_0,1.4760611322999309,0.7829648058436616,1.4760611322999309,0.7829648058436616,1.4760611322999309,0.7829648058436616,0.0,0.0,1.0,0.7829648058436616,0.0,,,,
agaricus_lepiota,el2n_coreset,EL2N,budget_50,seed_1,1.2485148407867634,0.5892741430870551,1.2485148407867634,0.5892741430870551,1.2485148407867634,0.5892741430870551,0.0,0.0,1.0,0.5892741430870551,0.0,,,,
agaricus_lepiota,el2n_coreset,EL2N,budget_50,seed_2,0.43646261022183697,0.1823337807510317,0.43646261022183697,0.1823337807510317,0.43646261022183697,0.1823337807510317,0.0,0.0,1.0,0.1823337807510317,0.0,,,,
agaricus_lepiota,distribution_matching,DistributionMatching,budget_25,seed_0,1.4760611322999309,0.7829648058436616,1.4760611322999309,0.7829648058436616,1.4760611322999309,0.7829648058436616,0.0,0.0,1.0,0.7829648058436616,0.0,,,,
agaricus_lepiota,distribution_matching,DistributionMatching,budget_25,seed_1,1.2485148407867634,0.5892741430870551,1.2485148407867634,0.5892741430870551,1.2485148407867634,0.5892741430870551,0.0,0.0,1.0,0.5892741430870551,0.0,,,,
agaricus_lepiota,distribution_matching,DistributionMatching,budget_25,seed_2,2.353266094705897,0.9830851351570689,2.353266094705897,0.9830851351570689,2.353266094705897,0.9830851351570689,0.0,0.0,1.0,0.9830851351570689,0.0,,,,
agaricus_lepiota,distribution_matching,DistributionMatching,budget_50,seed_0,1.455309666152779,0.771957356824555,1.455309666152779,0.771957356824555,1.455309666152779,0.771957356824555,0.0,0.0,1.0,0.771957356824555,0.0,,,,
agaricus_lepiota,distribution_matching,DistributionMatching,budget_50,seed_1,1.8898460890527329,0.8919697213941024,1.8898460890527329,0.8919697213941024,1.8898460890527329,0.8919697213941024,0.0,0.0,1.0,0.8919697213941024,0.0,,,,
agaricus_lepiota,distribution_matching,DistributionMatching,budget_50,seed_2,2.360119492122928,0.9859481658789936,2.360119492122928,0.9859481658789936,2.360119492122928,0.9859481658789936,0.0,0.0,1.0,0.9859481658789936,0.0,,,,
agaricus_lepiota,k_center,K-center,budget_25,seed_0,0.6786218053425941,0.35996950155677787,0.6786218053425941,0.35996950155677787,0.6786218053425941,0.35996950155677787,0.0,0.0,1.0,0.35996950155677787,0.0,,,,
agaricus_lepiota,k_center,K-center,budget_25,seed_1,1.2485148407867634,0.5892741430870551,1.2485148407867634,0.5892741430870551,1.2485148407867634,0.5892741430870551,0.0,0.0,1.0,0.5892741430870551,0.0,,,,
agaricus_lepiota,k_center,K-center,budget_25,seed_2,1.4426307429571716,0.6026640345145665,1.4426307429571716,0.6026640345145665,1.4426307429571716,0.6026640345145665,0.0,0.0,1.0,0.6026640345145665,0.0,,,,
agaricus_lepiota,k_center,K-center,budget_50,seed_0,0.6786218053425941,0.35996950155677787,0.6786218053425941,0.35996950155677787,0.6786218053425941,0.35996950155677787,0.0,0.0,1.0,0.35996950155677787,0.0,,,,
agaricus_lepiota,k_center,K-center,budget_50,seed_1,1.2485148407867634,0.5892741430870551,1.2485148407867634,0.5892741430870551,1.2485148407867634,0.5892741430870551,0.0,0.0,1.0,0.5892741430870551,0.0,,,,
agaricus_lepiota,k_center,K-center,budget_50,seed_2,1.4426307429571716,0.6026640345145665,1.4426307429571716,0.6026640345145665,1.4426307429571716,0.6026640345145665,0.0,0.0,1.0,0.6026640345145665,0.0,,,,
agaricus_lepiota,gradient_sampling,Gradient sampling,budget_25,seed_0,1.881396574173971,0.9979717446511088,1.881396574173971,0.9979717446511088,1.881396574173971,0.9979717446511088,0.0,0.0,1.0,0.9979717446511088,0.0,,,,
agaricus_lepiota,gradient_sampling,Gradient sampling,budget_25,seed_1,2.1053545877436917,0.9936854413402635,2.1053545877436917,0.9936854413402635,2.1053545877436917,0.9936854413402635,0.0,0.0,1.0,0.9936854413402635,0.0,,,,
agaricus_lepiota,gradient_sampling,Gradient sampling,budget_25,seed_2,2.353266094705897,0.9830851351570689,2.353266094705897,0.9830851351570689,2.353266094705897,0.9830851351570689,0.0,0.0,1.0,0.9830851351570689,0.0,,,,
agaricus_lepiota,gradient_sampling,Gradient sampling,budget_50,seed_0,0.8755491020383046,0.46442800889680025,0.8755491020383046,0.46442800889680025,0.8755491020383046,0.46442800889680025,0.0,0.0,1.0,0.46442800889680025,0.0,,,,
agaricus_lepiota,gradient_sampling,Gradient sampling,budget_50,seed_1,0.9898312076896616,0.46718061945069833,0.9898312076896616,0.46718061945069833,0.9898312076896616,0.46718061945069833,0.0,0.0,1.0,0.46718061945069833,0.0,,,,
agaricus_lepiota,gradient_sampling,Gradient sampling,budget_50,seed_2,2.3696880229372494,0.9899454530663686,2.3696880229372494,0.9899454530663686,2.3696880229372494,0.9899454530663686,0.0,0.0,1.0,0.9899454530663686,0.0,,,,
agaricus_lepiota,gain_herding,Gain sketch,budget_25,seed_0,1.7226742395903414,0.9137787534796076,1.7226742395903414,0.9137787534796076,1.7226742395903414,0.9137787534796076,0.0,0.0,1.0,0.9137787534796076,0.0,,,,
agaricus_lepiota,gain_herding,Gain sketch,budget_25,seed_1,1.8898460890527329,0.8919697213941024,1.8898460890527329,0.8919697213941024,1.8898460890527329,0.8919697213941024,0.0,0.0,1.0,0.8919697213941024,0.0,,,,
agaricus_lepiota,gain_herding,Gain sketch,budget_25,seed_2,2.2266735156543254,0.9302006428479449,2.2266735156543254,0.9302006428479449,2.2266735156543254,0.9302006428479449,0.0,0.0,1.0,0.9302006428479449,0.0,,,,
agaricus_lepiota,gain_herding,Gain sketch,budget_50,seed_0,1.4760611322999309,0.7829648058436616,1.4760611322999309,0.7829648058436616,1.4760611322999309,0.7829648058436616,0.0,0.0,1.0,0.7829648058436616,0.0,,,,
agaricus_lepiota,gain_herding,Gain sketch,budget_50,seed_1,1.8898460890527329,0.8919697213941024,1.8898460890527329,0.8919697213941024,1.8898460890527329,0.8919697213941024,0.0,0.0,1.0,0.8919697213941024,0.0,,,,
agaricus_lepiota,gain_herding,Gain sketch,budget_50,seed_2,2.2266735156543254,0.9302006428479449,2.2266735156543254,0.9302006428479449,2.2266735156543254,0.9302006428479449,0.0,0.0,1.0,0.9302006428479449,0.0,,,,
agaricus_lepiota,gain_path_herding,Gain-path sketch,budget_25,seed_0,1.4760611322999309,0.7829648058436616,1.4760611322999309,0.7829648058436616,1.4760611322999309,0.7829648058436616,0.0,0.0,1.0,0.7829648058436616,0.0,,,,
agaricus_lepiota,gain_path_herding,Gain-path sketch,budget_25,seed_1,1.8898460890527329,0.8919697213941024,1.8898460890527329,0.8919697213941024,1.8898460890527329,0.8919697213941024,0.0,0.0,1.0,0.8919697213941024,0.0,,,,
agaricus_lepiota,gain_path_herding,Gain-path sketch,budget_25,seed_2,2.2266735156543254,0.9302006428479449,2.2266735156543254,0.9302006428479449,2.2266735156543254,0.9302006428479449,0.0,0.0,1.0,0.9302006428479449,0.0,,,,
agaricus_lepiota,gain_path_herding,Gain-path sketch,budget_50,seed_0,1.4760611322999309,0.7829648058436616,1.4760611322999309,0.7829648058436616,1.4760611322999309,0.7829648058436616,0.0,0.0,1.0,0.7829648058436616,0.0,,,,
agaricus_lepiota,gain_path_herding,Gain-path sketch,budget_50,seed_1,1.8898460890527329,0.8919697213941024,1.8898460890527329,0.8919697213941024,1.8898460890527329,0.8919697213941024,0.0,0.0,1.0,0.8919697213941024,0.0,,,,
agaricus_lepiota,gain_path_herding,Gain-path sketch,budget_50,seed_2,2.2266735156543254,0.9302006428479449,2.2266735156543254,0.9302006428479449,2.2266735156543254,0.9302006428479449,0.0,0.0,1.0,0.9302006428479449,0.0,,,,
australian,histdistill_greedy,HistDistill-Greedy,budget_25,seed_0,75.40460605041206,0.9114389276959707,52.182666377021185,0.8905275364342933,108.12489580877457,0.9996465404866233,0.0,0.0,13.0,0.9447835216479896,0.0,0.8223018147847871,0.0,0.890933276566679,0.0
australian,histdistill_greedy,HistDistill-Greedy,budget_25,seed_1,18.42944396304619,0.3277210800989418,15.124526161153375,0.5845842627482466,0.0,0.0,0.3157894736842105,0.5673623169792636,19.0,0.29162287187532626,0.6,0.5940347328952552,0.3333333333333333,0.7605972794335651,0.125
australian,histdistill_greedy,HistDistill-Greedy,budget_25,seed_2,81.12732800883137,0.9592242669097489,68.32617896060376,0.9429160480890952,108.158624066927,0.9999583681774297,0.0,0.0,11.0,0.9362641956111034,0.0,0.999231489652237,0.0,0.8469147961577912,0.0
australian,histdistill_greedy,HistDistill-Greedy,budget_50,seed_0,64.53777303480588,0.8092333083027673,46.33108205624329,0.8603100603128128,61.67615232395247,0.5702142123697818,0.0,0.0,13.0,0.8266808844319791,0.0,0.8325945489904318,0.0,0.9300620414862365,0.0
australian,histdistill_greedy,HistDistill-Greedy,budget_50,seed_1,57.7918732838716,0.7407786318031326,34.187382126738136,0.8202433259478092,108.158624066927,0.9999583681774297,0.15789473684210525,0.2194649372632671,19.0,0.799539438507408,0.2,0.6698599713359176,0.3333333333333333,0.9459707715569788,0.0
australian,histdistill_greedy,HistDistill-Greedy,budget_50,seed_2,71.64872697307506,0.860177691633697,61.271025894523994,0.8660517375600761,92.08210810132142,0.8513262381958403,0.0,0.0,11.0,0.8432290800715532,0.0,0.8412047905404813,0.0,0.9728022753205732,0.0
australian,histdistill_refined,HistDistill-Refined,budget_25,seed_0,0.3489939629570867,0.025547864140157858,1.4626933638235187,0.11740264820902996,0.0,0.0,0.8461538461538461,0.9663100521529211,13.0,0.0,1.0,0.0,1.0,0.3815586066793474,0.5
australian,histdistill_refined,HistDistill-Refined,budget_25,seed_1,0.3389041219499006,0.04084984928609102,1.8852452641133937,0.28853096972094455,0.0,0.0,0.6842105263157895,0.9526700396253527,19.0,0.0,1.0,0.3333333333333333,0.6666666666666666,0.43526105308724333,0.5
australian,histdistill_refined,HistDistill-Refined,budget_25,seed_2,1.3010864505279012,0.03708777141936887,2.6417864879644317,0.07530473733290256,0.0,0.0,0.9090909090909091,0.9552270454291083,11.0,0.0,1.0,0.0,1.0,0.41417605533096413,0.5
australian,histdistill_refined,HistDistill-Refined,budget_50,seed_0,0.1962104152631803,0.012356025747995356,0.7074202667461683,0.04454861898561847,0.0,0.0,0.9230769230769231,0.9786645794927243,13.0,0.0,1.0,0.0,1.0,0.14478301170326002,0.75
australian,histdistill_refined,HistDistill-Refined,budget_50,seed_1,0.1039517595660952,0.018931936093596845,0.8737203070441543,0.1833890538210286,0.0,0.0,0.7894736842105263,0.978424928808074,19.0,0.0,1.0,0.2911082066157103,0.6666666666666666,0.21721784786316017,0.75
australian,histdistill_refined,HistDistill-Refined,budget_50,seed_2,0.0,0.0,0.0,0.0,0.0,0.0,1.0,1.0,11.0,0.0,1.0,0.0,1.0,0.0,1.0
australian,histdistill_density,HistDistill-Density,budget_25,seed_0,0.3489939629570867,0.025547864140157858,1.4626933638235187,0.11740264820902996,0.0,0.0,0.8461538461538461,0.9663100521529211,13.0,0.0,1.0,0.0,1.0,0.3815586066793474,0.5
australian,histdistill_density,HistDistill-Density,budget_25,seed_1,0.3389041219499006,0.04084984928609102,1.8852452641133937,0.28853096972094455,0.0,0.0,0.6842105263157895,0.9526700396253527,19.0,0.0,1.0,0.3333333333333333,0.6666666666666666,0.43526105308724333,0.5
australian,histdistill_density,HistDistill-Density,budget_25,seed_2,1.3010864505279012,0.03708777141936887,2.6417864879644317,0.07530473733290256,0.0,0.0,0.9090909090909091,0.9552270454291083,11.0,0.0,1.0,0.0,1.0,0.41417605533096413,0.5
australian,histdistill_density,HistDistill-Density,budget_50,seed_0,0.0,0.0,0.0,0.0,0.0,0.0,1.0,0.9999999999999998,13.0,0.0,1.0,0.0,1.0,0.0,1.0
australian,histdistill_density,HistDistill-Density,budget_50,seed_1,0.1039517595660952,0.018931936093596845,0.8737203070441543,0.1833890538210286,0.0,0.0,0.7894736842105263,0.978424928808074,19.0,0.0,1.0,0.2911082066157103,0.6666666666666666,0.21721784786316017,0.75
australian,histdistill_density,HistDistill-Density,budget_50,seed_2,0.0,0.0,0.0,0.0,0.0,0.0,1.0,1.0,11.0,0.0,1.0,0.0,1.0,0.0,1.0
australian,gain_path_refined,Legacy gain-path refined,budget_25,seed_0,0.3489939629570867,0.025547864140157858,1.4626933638235187,0.11740264820902996,0.0,0.0,0.8461538461538461,0.9663100521529211,13.0,0.0,1.0,0.0,1.0,0.3815586066793474,0.5
australian,gain_path_refined,Legacy gain-path refined,budget_25,seed_1,0.3389041219499006,0.04084984928609102,1.8852452641133937,0.28853096972094455,0.0,0.0,0.6842105263157895,0.9526700396253527,19.0,0.0,1.0,0.3333333333333333,0.6666666666666666,0.43526105308724333,0.5
australian,gain_path_refined,Legacy gain-path refined,budget_25,seed_2,1.3010864505279012,0.03708777141936887,2.6417864879644317,0.07530473733290256,0.0,0.0,0.9090909090909091,0.9552270454291083,11.0,0.0,1.0,0.0,1.0,0.41417605533096413,0.5
australian,gain_path_refined,Legacy gain-path refined,budget_50,seed_0,0.0,0.0,0.0,0.0,0.0,0.0,1.0,0.9999999999999998,13.0,0.0,1.0,0.0,1.0,0.0,1.0
australian,gain_path_refined,Legacy gain-path refined,budget_50,seed_1,0.1039517595660952,0.018931936093596845,0.8737203070441543,0.1833890538210286,0.0,0.0,0.7894736842105263,0.978424928808074,19.0,0.0,1.0,0.2911082066157103,0.6666666666666666,0.21721784786316017,0.75
australian,gain_path_refined,Legacy gain-path refined,budget_50,seed_2,0.0,0.0,0.0,0.0,0.0,0.0,1.0,1.0,11.0,0.0,1.0,0.0,1.0,0.0,1.0
australian,herding,Herding,budget_25,seed_0,0.2730586345395494,0.02122223582709871,1.2150379123475021,0.10311399275928523,0.0,0.0,0.8461538461538461,0.9670191973157615,13.0,0.0,1.0,0.0,1.0,0.335120476467677,0.5
australian,herding,Herding,budget_25,seed_1,0.40833341019786623,0.04005709585297533,1.8486592134544533,0.22530358184970697,0.0,0.0,0.6842105263157895,0.9500987243710374,19.0,0.0,1.0,0.2586455387028556,0.6666666666666666,0.3411118528659124,0.5
australian,herding,Herding,budget_25,seed_2,0.0,0.0,0.0,0.0,0.0,0.0,1.0,1.0,11.0,0.0,1.0,0.0,1.0,0.0,1.0
australian,herding,Herding,budget_50,seed_0,0.08312072447576337,0.009589887860368466,0.549050412050845,0.06334559659416814,0.0,0.0,0.9230769230769231,0.9883546178230369,13.0,0.0,1.0,0.0,1.0,0.20587318893104642,0.75
australian,herding,Herding,budget_50,seed_1,0.16495579506021923,0.022170498494871786,1.0231819216214726,0.16318375251395442,0.0,0.0,0.7368421052631579,0.9665487643856977,19.0,0.0,1.0,0.25922815356116646,0.6666666666666666,0.19314029704976693,0.625
australian,herding,Herding,budget_50,seed_2,0.0,0.0,0.0,0.0,0.0,0.0,1.0,1.0,11.0,0.0,1.0,0.0,1.0,0.0,1.0
australian,random,Random,budget_25,seed_0,29.177838808832426,0.47085953755357873,26.958148716238433,0.639865806084664,0.0,0.0,0.23076923076923078,0.43597184550256096,13.0,0.5006396771770257,0.4,0.6257995964712821,0.25,0.8279646768325938,0.0
australian,random,Random,budget_25,seed_1,0.11781836550623284,0.02157507119192604,0.9957025912782762,0.21052631578947367,0.0,0.0,0.7894736842105263,0.978424928808074,19.0,0.0,1.0,0.3333333333333333,0.6666666666666666,0.25,0.75
australian,random,Random,budget_25,seed_2,0.0,0.0,0.0,0.0,0.0,0.0,1.0,1.0,11.0,0.0,1.0,0.0,1.0,0.0,1.0
australian,random,Random,budget_50,seed_0,0.4492276794665683,0.017984463661479662,1.0296655526761769,0.04468895774366743,0.0,0.0,0.8461538461538461,0.9393303007532661,13.0,0.0,1.0,0.0,1.0,0.14523911266691913,0.5
australian,random,Random,budget_50,seed_1,0.2265934417346613,0.029201610677834874,1.3476720036177965,0.22940774774352926,0.0,0.0,0.7368421052631579,0.9645462040477288,19.0,0.0,1.0,0.26739684611814435,0.6666666666666666,0.34429576630227376,0.625
australian,random,Random,budget_50,seed_2,0.0,0.0,0.0,0.0,0.0,0.0,1.0,1.0,11.0,0.0,1.0,0.0,1.0,0.0,1.0
australian,goss_coreset,GOSS coreset,budget_25,seed_0,2.702431146747038,0.11718631500857063,6.709274965359573,0.33672599754171245,0.0,0.0,0.5384615384615384,0.8282277279979751,13.0,0.09786421062577291,0.8,0.12233026328221615,0.75,0.8496989654461331,0.0
australian,goss_coreset,GOSS coreset,budget_25,seed_1,0.5576949879928986,0.05284978083684918,2.4390493667261923,0.2886346068688364,0.0,0.0,0.631578947368421,0.9362199996106924,19.0,0.0,1.0,0.2586455387028556,0.6666666666666666,0.4915230372863448,0.375
australian,goss_coreset,GOSS coreset,budget_25,seed_2,0.0,0.0,0.0,0.0,0.0,0.0,1.0,1.0,11.0,0.0,1.0,0.0,1.0,0.0,1.0
australian,goss_coreset,GOSS coreset,budget_50,seed_0,1.8127822095792159,0.082842949835135,4.743012265081973,0.25609676014416016,0.0,0.0,0.6153846153846154,0.8675620067374333,13.0,0.11161890938817243,0.8,0.13952363673521553,0.75,0.5532671969980896,0.25
australian,goss_coreset,GOSS coreset,budget_50,seed_1,0.1063056864777831,0.01863398681297327,0.8599697674446644,0.17144740905692077,0.0,0.0,0.7894736842105263,0.978424928808074,19.0,0.0,1.0,0.3148952602566526,0.6666666666666666,0.17101615131769737,0.75
australian,goss_coreset,GOSS coreset,budget_50,seed_2,0.0,0.0,0.0,0.0,0.0,0.0,1.0,1.0,11.0,0.0,1.0,0.0,1.0,0.0,1.0
australian,mvs_coreset,MVS coreset,budget_25,seed_0,0.0,0.0,0.0,0.0,0.0,0.0,1.0,0.9999999999999998,13.0,0.0,1.0,0.0,1.0,0.0,1.0
australian,mvs_coreset,MVS coreset,budget_25,seed_1,1.4916388105379879,0.08756263572520766,4.041068625691138,0.3767488037104186,0.0,0.0,0.5789473684210527,0.9019582262408647,19.0,0.0,1.0,0.334792382170034,0.6666666666666666,0.6436841221847187,0.25
australian,mvs_coreset,MVS coreset,budget_25,seed_2,0.0,0.0,0.0,0.0,0.0,0.0,1.0,1.0,11.0,0.0,1.0,0.0,1.0,0.0,1.0
australian,mvs_coreset,MVS coreset,budget_50,seed_0,0.4822893656963715,0.020066468563103505,1.1488667014041591,0.052195452548736816,0.0,0.0,0.8461538461538461,0.9393303007532661,13.0,0.0,1.0,0.0,1.0,0.16963522078339466,0.5
australian,mvs_coreset,MVS coreset,budget_50,seed_1,0.10555864139660207,0.01889296580435506,0.8719218046134678,0.1808449343575959,0.0,0.0,0.7894736842105263,0.978424928808074,19.0,0.0,1.0,0.28305182831484016,0.6666666666666666,0.21721784786316017,0.75
australian,mvs_coreset,MVS coreset,budget_50,seed_2,0.0,0.0,0.0,0.0,0.0,0.0,1.0,1.0,11.0,0.0,1.0,0.0,1.0,0.0,1.0
australian,craig_coreset,CRAIG-style,budget_25,seed_0,0.33833076894451053,0.025497829175698553,1.4598287090691227,0.11962043545828104,0.0,0.0,0.8461538461538461,0.9670191973157615,13.0,0.0,1.0,0.0,1.0,0.38876641523941335,0.5
australian,craig_coreset,CRAIG-style,budget_25,seed_1,0.2924402836742578,0.032771496971083926,1.5124244163044847,0.2236801789642209,0.0,0.0,0.7368421052631579,0.9612935439617505,19.0,0.0,1.0,0.14194070003763376,0.8333333333333334,0.42478490001179936,0.5
australian,craig_coreset,CRAIG-style,budget_25,seed_2,1.2526114074049721,0.03570597905794832,2.5433605041463023,0.07249908180702097,0.0,0.0,0.9090909090909091,0.9552270454291083,11.0,0.0,1.0,0.0,1.0,0.3987449499386153,0.5
australian,craig_coreset,CRAIG-style,budget_50,seed_0,1.0463785309956222,0.042376398360677595,2.426178420429081,0.10679305888026805,0.0,0.0,0.8461538461538461,0.9393303007532661,13.0,0.0,1.0,0.0,1.0,0.34707744136087115,0.5
australian,craig_coreset,CRAIG-style,budget_50,seed_1,0.33646267347773107,0.037374098764746705,1.724837274264698,0.23591489805251628,0.0,0.0,0.6842105263157895,0.9526700396253527,19.0,0.0,1.0,0.2192368844711218,0.6666666666666666,0.3958702195213848,0.5
australian,craig_coreset,CRAIG-style,budget_50,seed_2,0.0,0.0,0.0,0.0,0.0,0.0,1.0,1.0,11.0,0.0,1.0,0.0,1.0,0.0,1.0
australian,gradmatch_coreset,GradMatch-style,budget_25,seed_0,17.434561257693492,0.2862277894703786,16.387416415844896,0.42660454120150626,0.0,0.0,0.23076923076923078,0.43597184550256096,13.0,0.2986985717606557,0.4,0.3733732147008196,0.25,0.639718329503256,0.0
australian,gradmatch_coreset,GradMatch-style,budget_25,seed_1,2.5035652867136555,0.11090770112408706,5.11845752070085,0.340038924864203,0.0,0.0,0.5263157894736842,0.8629010997400886,19.0,0.0,1.0,0.3674547052846102,0.5,0.5320014175890246,0.25
australian,gradmatch_coreset,GradMatch-style,budget_25,seed_2,22.480559880090347,0.34850047827088515,24.823919564613025,0.45189414448237775,0.0,0.0,0.2727272727272727,0.4141339429326258,11.0,0.3568677913321602,0.4,0.4460847391652002,0.25,0.7010788379922767,0.0
australian,gradmatch_coreset,GradMatch-style,budget_50,seed_0,0.4588561207746642,0.03317747887736401,1.899512143797374,0.15019375596577278,0.0,0.0,0.8461538461538461,0.9663100521529211,13.0,0.0,1.0,0.0,1.0,0.48812970688876156,0.5
australian,gradmatch_coreset,GradMatch-style,budget_50,seed_1,3.7891988614009526,0.12329767751184113,5.690262428569711,0.3378599842151466,0.0,0.0,0.5263157894736842,0.8401076412916532,19.0,0.0,1.0,0.5204702529025665,0.3333333333333333,0.4120647728340482,0.375
australian,gradmatch_coreset,GradMatch-style,budget_50,seed_2,0.0,0.0,0.0,0.0,0.0,0.0,1.0,1.0,11.0,0.0,1.0,0.0,1.0,0.0,1.0
australian,grand_coreset,GraNd,budget_25,seed_0,0.9806744417567312,0.039706579296891906,2.2733231130035767,0.1000376894786925,0.0,0.0,0.8461538461538461,0.9393303007532661,13.0,0.0,1.0,0.0,1.0,0.3251224908057506,0.5
australian,grand_coreset,GraNd,budget_25,seed_1,0.39523813834939736,0.041256398693360855,1.9040077652750451,0.2642573276269013,0.0,0.0,0.6842105263157895,0.9500987243710374,19.0,0.0,1.0,0.2911082066157103,0.6666666666666666,0.40927999815210797,0.5
australian,grand_coreset,GraNd,budget_25,seed_2,2.070777112107032,0.035017556008949596,2.4943236750447753,0.042179874639649194,0.0,0.0,0.9090909090909091,0.9245276518759646,11.0,0.0,1.0,0.0,1.0,0.23198931051807056,0.5
australian,grand_coreset,GraNd,budget_50,seed_0,0.6036895966993729,0.024213203509265507,1.3862799604543443,0.06030490876518565,0.0,0.0,0.8461538461538461,0.9393303007532661,13.0,0.0,1.0,0.0,1.0,0.19599095348685336,0.5
australian,grand_coreset,GraNd,budget_50,seed_1,0.11493726679068152,0.02109935261340975,0.9737478910071062,0.20675436292315172,0.0,0.0,0.7894736842105263,0.978424928808074,19.0,0.0,1.0,0.32138881592331375,0.6666666666666666,0.25,0.75
australian,grand_coreset,GraNd,budget_50,seed_2,0.0,0.0,0.0,0.0,0.0,0.0,1.0,1.0,11.0,0.0,1.0,0.0,1.0,0.0,1.0
australian,el2n_coreset,EL2N,budget_25,seed_0,0.9806744417567312,0.039706579296891906,2.2733231130035767,0.1000376894786925,0.0,0.0,0.8461538461538461,0.9393303007532661,13.0,0.0,1.0,0.0,1.0,0.3251224908057506,0.5
australian,el2n_coreset,EL2N,budget_25,seed_1,0.39523813834939736,0.041256398693360855,1.9040077652750451,0.2642573276269013,0.0,0.0,0.6842105263157895,0.9500987243710374,19.0,0.0,1.0,0.2911082066157103,0.6666666666666666,0.40927999815210797,0.5
australian,el2n_coreset,EL2N,budget_25,seed_2,2.070777112107032,0.035017556008949596,2.4943236750447753,0.042179874639649194,0.0,0.0,0.9090909090909091,0.9245276518759646,11.0,0.0,1.0,0.0,1.0,0.23198931051807056,0.5
australian,el2n_coreset,EL2N,budget_50,seed_0,0.6036895966993729,0.024213203509265507,1.3862799604543443,0.06030490876518565,0.0,0.0,0.8461538461538461,0.9393303007532661,13.0,0.0,1.0,0.0,1.0,0.19599095348685336,0.5
australian,el2n_coreset,EL2N,budget_50,seed_1,0.11493726679068152,0.02109935261340975,0.9737478910071062,0.20675436292315172,0.0,0.0,0.7894736842105263,0.978424928808074,19.0,0.0,1.0,0.32138881592331375,0.6666666666666666,0.25,0.75
australian,el2n_coreset,EL2N,budget_50,seed_2,0.0,0.0,0.0,0.0,0.0,0.0,1.0,1.0,11.0,0.0,1.0,0.0,1.0,0.0,1.0
australian,distribution_matching,DistributionMatching,budget_25,seed_0,0.0,0.0,0.0,0.0,0.0,0.0,1.0,0.9999999999999998,13.0,0.0,1.0,0.0,1.0,0.0,1.0
australian,distribution_matching,DistributionMatching,budget_25,seed_1,4.627184663370485,0.14723939310052764,6.795187090891276,0.37775265662913693,0.0,0.0,0.5789473684210527,0.8280348382841445,19.0,0.0,1.0,0.4356195499029205,0.5,0.5704478970670099,0.375
australian,distribution_matching,DistributionMatching,budget_25,seed_2,4.262697189333252,0.07208368138895765,5.1345683013088985,0.08682732295119563,0.0,0.0,0.9090909090909091,0.9245276518759646,11.0,0.0,1.0,0.0,1.0,0.477550276231576,0.5
australian,distribution_matching,DistributionMatching,budget_50,seed_0,0.6036895966993729,0.024213203509265507,1.3862799604543443,0.06030490876518565,0.0,0.0,0.8461538461538461,0.9393303007532661,13.0,0.0,1.0,0.0,1.0,0.19599095348685336,0.5
australian,distribution_matching,DistributionMatching,budget_50,seed_1,0.08750599379060439,0.015122151613640545,0.6978964478708022,0.1451434273567977,0.0,0.0,0.8421052631578947,0.9841638591557325,19.0,0.0,1.0,0.16999705614564584,0.8333333333333334,0.21721784786316017,0.75
australian,distribution_matching,DistributionMatching,budget_50,seed_2,2.070777112107032,0.035017556008949596,2.4943236750447753,0.042179874639649194,0.0,0.0,0.9090909090909091,0.9245276518759646,11.0,0.0,1.0,0.0,1.0,0.23198931051807056,0.5
australian,k_center,K-center,budget_25,seed_0,8.591122326072888,0.230960339359894,13.223185853612318,0.46475259608509184,0.0,0.0,0.38461538461538464,0.6853099643085425,13.0,0.2893803733539459,0.6,0.3617254666924324,0.5,0.7869950038916835,0.0
australian,k_center,K-center,budget_25,seed_1,8.67124439632133,0.2419764792327324,11.167360944356489,0.3782620574744032,0.0,0.0,0.5263157894736842,0.6910825748117255,19.0,0.14738174222956957,0.8,0.3838197437748567,0.5,0.5183939897770842,0.375
australian,k_center,K-center,budget_25,seed_2,8.196763895518247,0.19609566345524915,13.968023805117419,0.3529056205411972,0.0,0.0,0.6363636363636364,0.7979011984092192,11.0,0.38713972581929806,0.6,0.2409313180204744,0.75,0.4912689623873905,0.5
australian,k_center,K-center,budget_50,seed_0,0.4806950875659697,0.0338978047935507,1.9407530057189868,0.14813097482714663,0.0,0.0,0.7692307692307693,0.9449746316456457,13.0,0.0,1.0,0.0,1.0,0.4814256681882265,0.25
australian,k_center,K-center,budget_50,seed_1,0.1225583728036354,0.011513349731666778,0.5313480572153914,0.07001641128795237,0.0,0.0,0.8947368421052632,0.9832403880605697,19.0,0.0,1.0,0.0,1.0,0.16628897680888688,0.75
australian,k_center,K-center,budget_50,seed_2,0.0,0.0,0.0,0.0,0.0,0.0,1.0,1.0,11.0,0.0,1.0,0.0,1.0,0.0,1.0
australian,gradient_sampling,Gradient sampling,budget_25,seed_0,1.3853141737579275,0.05684255943245641,3.254410388612792,0.14549929980520826,0.0,0.0,0.8461538461538461,0.9393303007532661,13.0,0.0,1.0,0.0,1.0,0.47287272436692684,0.5
australian,gradient_sampling,Gradient sampling,budget_25,seed_1,1.2906906749925686,0.06877489467105602,3.174003006974446,0.31397686748573733,0.0,0.0,0.6842105263157895,0.9302844306779013,19.0,0.0,1.0,0.3333333333333333,0.6666666666666666,0.4956950602786262,0.5
australian,gradient_sampling,Gradient sampling,budget_25,seed_2,3.5056803021558705,0.05928226442743753,4.22271490431344,0.07140756714331466,0.0,0.0,0.9090909090909091,0.9245276518759646,11.0,0.0,1.0,0.0,1.0,0.3927416192882306,0.5
australian,gradient_sampling,Gradient sampling,budget_50,seed_0,51.805705646124395,0.5255548002982069,30.089619801658777,0.33476838198801934,78.27163089746794,0.7236443046685467,0.5384615384615384,0.2753557569519991,13.0,0.4350911782948163,0.4,0.36295289670138364,0.5,0.18118037189115876,0.75
australian,gradient_sampling,Gradient sampling,budget_50,seed_1,60.780853213679194,0.6510323176938932,30.045535422209774,0.6472007772769512,99.92509630761407,0.9238369765309202,0.3157894736842105,0.26671249599089275,19.0,0.6676887624278357,0.2,0.5380215094856595,0.5,0.7162802374011175,0.25
australian,gradient_sampling,Gradient sampling,budget_50,seed_2,36.18903509783294,0.38060572490089156,27.11079751640125,0.32954676171868885,78.27163089746794,0.7236443046685467,0.5454545454545454,0.46562075437244693,11.0,0.2894577218674187,0.6,0.18091107616713667,0.75,0.7270407324499686,0.0
australian,gain_herding,Gain sketch,budget_25,seed_0,0.3832850403901222,0.02787459221060087,1.5959056624872405,0.12708558961131416,0.0,0.0,0.8461538461538461,0.9663100521529211,13.0,0.0,1.0,0.0,1.0,0.4130281662367711,0.5
australian,gain_herding,Gain sketch,budget_25,seed_1,0.3239717927908444,0.03433217938990032,1.5844508543520899,0.19938546247470812,0.0,0.0,0.6842105263157895,0.9526700396253527,19.0,0.0,1.0,0.2359714391164631,0.6666666666666666,0.2965618940400845,0.5
australian,gain_herding,Gain sketch,budget_25,seed_2,0.0,0.0,0.0,0.0,0.0,0.0,1.0,1.0,11.0,0.0,1.0,0.0,1.0,0.0,1.0
australian,gain_herding,Gain sketch,budget_50,seed_0,0.08294466963420484,0.009569575884041628,0.5478874892790465,0.0632114266980062,0.0,0.0,0.9230769230769231,0.9883546178230369,13.0,0.0,1.0,0.0,1.0,0.20543713676852016,0.75
australian,gain_herding,Gain sketch,budget_50,seed_1,0.07515209069028163,0.012778061710542441,0.5897152803584801,0.11273517288808461,0.0,0.0,0.7894736842105263,0.978424928808074,19.0,0.0,1.0,0.2359714391164631,0.6666666666666666,0.09076745627185369,0.75
australian,gain_herding,Gain sketch,budget_50,seed_2,0.0,0.0,0.0,0.0,0.0,0.0,1.0,1.0,11.0,0.0,1.0,0.0,1.0,0.0,1.0
australian,gain_path_herding,Gain-path sketch,budget_25,seed_0,0.3489939629570867,0.025547864140157858,1.4626933638235187,0.11740264820902996,0.0,0.0,0.8461538461538461,0.9663100521529211,13.0,0.0,1.0,0.0,1.0,0.3815586066793474,0.5
australian,gain_path_herding,Gain-path sketch,budget_25,seed_1,0.3389041219499006,0.04084984928609102,1.8852452641133937,0.28853096972094455,0.0,0.0,0.6842105263157895,0.9526700396253527,19.0,0.0,1.0,0.3333333333333333,0.6666666666666666,0.43526105308724333,0.5
australian,gain_path_herding,Gain-path sketch,budget_25,seed_2,1.3010864505279012,0.03708777141936887,2.6417864879644317,0.07530473733290256,0.0,0.0,0.9090909090909091,0.9552270454291083,11.0,0.0,1.0,0.0,1.0,0.41417605533096413,0.5
australian,gain_path_herding,Gain-path sketch,budget_50,seed_0,0.0,0.0,0.0,0.0,0.0,0.0,1.0,0.9999999999999998,13.0,0.0,1.0,0.0,1.0,0.0,1.0
australian,gain_path_herding,Gain-path sketch,budget_50,seed_1,0.1039517595660952,0.018931936093596845,0.8737203070441543,0.1833890538210286,0.0,0.0,0.7894736842105263,0.978424928808074,19.0,0.0,1.0,0.2911082066157103,0.6666666666666666,0.21721784786316017,0.75
australian,gain_path_herding,Gain-path sketch,budget_50,seed_2,0.0,0.0,0.0,0.0,0.0,0.0,1.0,1.0,11.0,0.0,1.0,0.0,1.0,0.0,1.0
bank_marketing,histdistill_greedy,HistDistill-Greedy,budget_25,seed_0,460.8263137930503,0.9592706282367542,185.46373193067916,0.9720208885535856,729.3983405568604,0.9999927190989398,0.0,0.0,24.0,0.962680468982569,0.0,0.9323232359320818,0.0,0.9990696940707199,0.0
bank_marketing,histdistill_greedy,HistDistill-Greedy,budget_25,seed_1,432.32302539394226,0.9558948494323604,143.5384318839455,0.9646077574612923,705.1711473607692,0.9667776492897621,0.0,0.0,25.0,0.9461724223218937,0.0,0.9308251516791028,0.0,0.9898889048591629,0.0
bank_marketing,histdistill_greedy,HistDistill-Greedy,budget_25,seed_2,423.45807584213793,0.9437451466332181,148.62864274322013,0.9278054565126582,681.4768850609538,0.9342932186751454,0.0,0.0,24.0,0.9616487702018184,0.0,0.8520230575328777,0.0,0.9579104752137136,0.0
bank_marketing,histdistill_greedy,HistDistill-Greedy,budget_50,seed_0,471.205959386852,0.9759703597846775,188.69242928046802,0.9666407652370496,728.679950163437,0.9990078180881348,0.0,0.0,24.0,0.9946955167843561,0.0,0.8878295697811366,0.0,1.0009244827749544,0.0
bank_marketing,histdistill_greedy,HistDistill-Greedy,budget_50,seed_1,372.83005570854846,0.8055239079552007,120.95853289886227,0.6866471270671853,612.8375026218843,0.8401897927883868,0.08,0.0056611560771406035,25.0,0.7790165800754885,0.0,0.5377922188988544,0.0,0.7312730572315544,0.15384615384615385
bank_marketing,histdistill_greedy,HistDistill-Greedy,budget_50,seed_2,434.7476523014307,0.9714847155582088,152.99729512179042,0.9485295451053085,699.344466994799,0.9587893696097746,0.0,0.0,24.0,0.989725490477887,0.0,0.9109793672637636,0.0,0.9532688382743019,0.0
bank_marketing,histdistill_refined,HistDistill-Refined,budget_25,seed_0,164.38964674509305,0.4192791671875159,81.0627124175764,0.7106515644056423,237.8323270620615,0.3260640752854566,0.0,0.0,24.0,0.3196948805337475,0.0,0.692374222764194,0.0,0.8842119653097767,0.0
bank_marketing,histdistill_refined,HistDistill-Refined,budget_25,seed_1,58.42149773364676,0.3032675401922374,45.53905399359035,0.5984414900104563,14.812141201714098,0.02030719365864097,0.08,0.02531546278536746,25.0,0.11680108391162247,0.0,0.6614186089756722,0.0,0.749777043682584,0.15384615384615385
bank_marketing,histdistill_refined,HistDistill-Refined,budget_25,seed_2,208.17511710143256,0.5303028614928814,83.51639722621547,0.7599392919902922,332.18061631971887,0.45541397515644927,0.0,0.0,24.0,0.3855030966955581,0.0,0.6263557291220545,0.0,0.9938781183695702,0.0
bank_marketing,histdistill_refined,HistDistill-Refined,budget_50,seed_0,176.4236817253002,0.402706584091695,77.85859773063778,0.6729615380373289,295.48605468659343,0.4051063552684764,0.0,0.0,24.0,0.2469218401580299,0.0,0.6953945265959881,0.0,0.8373921688278191,0.0
bank_marketing,histdistill_refined,HistDistill-Refined,budget_50,seed_1,196.43162952824733,0.46261192605587453,69.46641722811235,0.6648899162506376,332.18061631971887,0.45541397515644927,0.04,0.084587331942136,25.0,0.43790717905916765,0.0,0.6560671597390421,0.0,0.7569416840612926,0.07692307692307693
bank_marketing,histdistill_refined,HistDistill-Refined,budget_50,seed_2,150.9237115946522,0.41632424571772675,65.56612005144336,0.6560868508445444,237.8323270620615,0.3260640752854566,0.08333333333333333,0.03903250122361766,24.0,0.34201278272290914,0.0,0.6155535826074002,0.14285714285714285,0.8105954523668933,0.08333333333333333
bank_marketing,histdistill_density,HistDistill-Density,budget_25,seed_0,162.6873999054277,0.41508483042474953,80.25178656818753,0.6969381371947794,237.8323270620615,0.3260640752854566,0.0,0.0,24.0,0.28984257436527294,0.0,0.6947741140023467,0.0,0.8678236352359927,0.0
bank_marketing,histdistill_density,HistDistill-Density,budget_25,seed_1,48.47780338751588,0.23064086915754783,34.63333724089414,0.5114858125348742,14.812141201714098,0.02030719365864097,0.08,0.02531546278536746,25.0,0.11680108391162247,0.0,0.3508626179914505,0.0,0.749777043682584,0.15384615384615385
bank_marketing,histdistill_density,HistDistill-Density,budget_25,seed_2,204.63977713127127,0.527423729666516,83.06296818643911,0.7781859689962293,332.18061631971887,0.45541397515644927,0.0,0.0,24.0,0.33231872469596585,0.0,0.6650011490314782,0.0,1.0299884657674436,0.0
bank_marketing,histdistill_density,HistDistill-Density,budget_50,seed_0,177.3289325573573,0.40859382125898336,78.99682603000025,0.6802173969230587,295.48605468659343,0.4051063552684764,0.0,0.0,24.0,0.3012668668051074,0.0,0.6953945265959881,0.0,0.8292601254963299,0.0
bank_marketing,histdistill_density,HistDistill-Density,budget_50,seed_1,69.91834610380666,0.25322431270920576,38.02449692322693,0.6558895513037597,119.29123819649499,0.16354625862970829,0.04,0.084587331942136,25.0,0.20072349804061584,0.0,0.720804069114703,0.0,0.795999446814461,0.07692307692307693
bank_marketing,histdistill_density,HistDistill-Density,budget_50,seed_2,138.9452322174012,0.35358472136158253,55.68539072035734,0.6021473354864006,237.8323270620615,0.3260640752854566,0.125,0.11044362408357059,24.0,0.2298829798363083,0.2,0.5329329158923186,0.14285714285714285,0.7976325617704868,0.08333333333333333
bank_marketing,gain_path_refined,Legacy gain-path refined,budget_25,seed_0,182.32551311406388,0.45157142770992237,87.30604247759477,0.6986289096304104,237.8323270620615,0.3260640752854566,0.0,0.0,24.0,0.3196948805337475,0.0,0.6978402591514575,0.0,0.8569781345334092,0.0
bank_marketing,gain_path_refined,Legacy gain-path refined,budget_25,seed_1,95.45727622242043,0.38139950225978353,57.27145251195381,0.6411501960467774,14.812141201714098,0.02030719365864097,0.12,0.028251812757856244,25.0,0.24706704590006687,0.0,0.7989868308193391,0.0,0.7077316812256714,0.23076923076923078
bank_marketing,gain_path_refined,Legacy gain-path refined,budget_25,seed_2,177.25234582958944,0.5151012832767657,81.12232935113661,0.7794605961215236,237.8323270620615,0.3260640752854566,0.0,0.0,24.0,0.33376313674716107,0.0,0.8187109960256732,0.0,0.9422718042500872,0.0
bank_marketing,gain_path_refined,Legacy gain-path refined,budget_50,seed_0,178.45551436219301,0.42168876590825066,81.52858008624912,0.7341067075374189,295.48605468659343,0.4051063552684764,0.0,0.0,24.0,0.3012668668051074,0.0,0.7744583279276007,0.0,0.8909181959482759,0.0
bank_marketing,gain_path_refined,Legacy gain-path refined,budget_50,seed_1,75.301009246699,0.2772813365279057,41.636931362832364,0.6675740106221174,119.29123819649499,0.16354625862970829,0.04,0.084587331942136,25.0,0.23524575895684138,0.0,0.770527536062391,0.0,0.7784175937178456,0.07692307692307693
bank_marketing,gain_path_refined,Legacy gain-path refined,budget_50,seed_2,147.34065407239564,0.38955941371538516,61.35097715195425,0.6171425133899198,237.8323270620615,0.3260640752854566,0.08333333333333333,0.03903250122361766,24.0,0.30601734527036517,0.0,0.5632619009723172,0.14285714285714285,0.7782083573500024,0.08333333333333333
bank_marketing,herding,Herding,budget_25,seed_0,44.39832159453714,0.19122419283663825,36.970956260908,0.5891199598621967,14.812141201714098,0.02030719365864097,0.0,0.0,24.0,0.03642777878001115,0.0,0.6772413318495822,0.0,0.7680042349871323,0.0
bank_marketing,herding,Herding,budget_25,seed_1,51.405926173160076,0.28413153601602087,42.66556635673378,0.696824889707991,14.812141201714098,0.02030719365864097,0.0,0.0,25.0,0.03332045552539413,0.0,0.7508432976981129,0.0,0.9229320677835394,0.0
bank_marketing,herding,Herding,budget_25,seed_2,47.63498819494196,0.24799412238169508,39.05612648645753,0.638981373002865,14.812141201714098,0.02030719365864097,0.041666666666666664,0.04538965593918936,24.0,0.049537540754570134,0.0,0.7177511899732971,0.0,0.838633909873569,0.08333333333333333
bank_marketing,herding,Herding,budget_50,seed_0,26.155287864104892,0.13004338420947417,25.142364040392227,0.5269890295434468,14.812141201714098,0.02030719365864097,0.041666666666666664,0.06700875455090528,24.0,0.03642777878001115,0.0,0.5675162849794609,0.0,0.7077486516905367,0.08333333333333333
bank_marketing,herding,Herding,budget_50,seed_1,20.450307791347225,0.16154009775641792,24.25707422956068,0.6176811770052656,14.812141201714098,0.02030719365864097,0.04,0.084587331942136,25.0,0.03332045552539413,0.0,0.5988295259336242,0.0,0.8525861896899462,0.07692307692307693
bank_marketing,herding,Herding,budget_50,seed_2,25.542835180575036,0.17454855787427193,27.489323089172967,0.5660558210388228,14.812141201714098,0.02030719365864097,0.041666666666666664,0.08226244487385723,24.0,0.049537540754570134,0.0,0.6668673418975233,0.0,0.7224650506563529,0.08333333333333333
bank_marketing,random,Random,budget_25,seed_0,146.45960969266153,0.3278527739457333,63.38649093381187,0.6253205744203248,275.03741839290586,0.3770716227057748,0.041666666666666664,0.10255319220467307,24.0,0.22713910456524045,0.0,0.6728218294196472,0.0,0.7635204547770056,0.08333333333333333
bank_marketing,random,Random,budget_25,seed_1,83.16003880567499,0.39402002910648887,59.16656747590728,0.7610230865393423,14.812141201714098,0.02030719365864097,0.0,0.0,25.0,0.40751397523283456,0.0,0.7190971605167004,0.0,0.9195636279771141,0.0
bank_marketing,random,Random,budget_25,seed_2,139.24419112363447,0.4146095088278552,65.29606937355375,0.6165534090070128,177.44187554877794,0.24326979339789948,0.16666666666666666,0.052859935120439974,24.0,0.48955344918897853,0.0,0.40086585241852557,0.2857142857142857,0.7952878002744779,0.16666666666666666
bank_marketing,random,Random,budget_50,seed_0,148.58151182199586,0.31453410467545856,60.81148234446729,0.5273693307098498,275.03741839290586,0.3770716227057748,0.08333333333333333,0.01839885695032635,24.0,0.22713910456524045,0.0,0.4635380100846493,0.2857142857142857,0.6897001953014706,0.0
bank_marketing,random,Random,budget_50,seed_1,73.52853202121528,0.3193980604829995,47.96123420450275,0.6508515562838206,14.812141201714098,0.02030719365864097,0.04,0.084587331942136,25.0,0.3349706706002727,0.0,0.7377478678950522,0.0,0.7255538829868298,0.07692307692307693
bank_marketing,random,Random,budget_50,seed_2,98.82674549835616,0.3437691657056786,54.139557377413006,0.6456093201937737,119.29123819649499,0.16354625862970829,0.125,0.05561559227318641,24.0,0.2458201560498447,0.0,0.6882576251203717,0.14285714285714285,0.7873099607132285,0.16666666666666666
bank_marketing,goss_coreset,GOSS coreset,budget_25,seed_0,444.3309536822602,0.8942078986179751,172.884615788162,0.9124877970108992,729.3983405568604,0.9999927190989398,0.041666666666666664,0.06700875455090528,24.0,0.9894977311312765,0.0,0.8854090270111415,0.0,0.8961962736272672,0.08333333333333333
bank_marketing,goss_coreset,GOSS coreset,budget_25,seed_1,134.42491814399807,0.4418694453599312,66.35169895732479,0.6550096055316346,140.95925468450912,0.193252740699283,0.0,0.0,25.0,0.2974919194281319,0.0,0.6650733449131263,0.0,0.7870974712891015,0.0
bank_marketing,goss_coreset,GOSS coreset,budget_25,seed_2,56.773260555950266,0.3054378739870365,48.10283455763422,0.7274615489246058,18.533035522793057,0.025408476486861894,0.0,0.0,24.0,0.13288819756814205,0.0,0.8251770444009839,0.0,0.9181997396285785,0.0
bank_marketing,goss_coreset,GOSS coreset,budget_50,seed_0,96.70355261361766,0.28380094025265834,54.86958524044698,0.6155883207192573,143.81380793050812,0.19716628464853295,0.0,0.0,24.0,0.1132678869442626,0.0,0.6669829497937872,0.0,0.7949083011653624,0.0
bank_marketing,goss_coreset,GOSS coreset,budget_50,seed_1,128.2958766248528,0.4038351926136514,60.640425379147636,0.6943524331589033,140.95925468450912,0.193252740699283,0.0,0.0,25.0,0.2974919194281319,0.0,0.5795548024809497,0.0,0.9088052011127135,0.0
bank_marketing,goss_coreset,GOSS coreset,budget_50,seed_2,74.50254256923598,0.3792191779878286,59.72251293434807,0.6987252222026932,18.533035522793057,0.025408476486861894,0.041666666666666664,0.012038296447897234,24.0,0.38993488524571135,0.0,0.7473438908397426,0.0,0.7990269725631566,0.08333333333333333
bank_marketing,mvs_coreset,MVS coreset,budget_25,seed_0,187.52890480882988,0.4623886312164026,89.39742198230563,0.6778049889482087,225.5741564121954,0.30925833181477647,0.0,0.0,24.0,0.3099668197986075,0.0,0.7224943872663453,0.0,0.805002077074963,0.0
bank_marketing,mvs_coreset,MVS coreset,budget_25,seed_1,43.67705533513312,0.2710433349643947,40.70022481707821,0.6232658352828421,0.0,0.0,0.12,0.4231672930729925,25.0,0.19016896753103743,0.4,0.5644209552972261,0.14285714285714285,0.8215272582565601,0.0
bank_marketing,mvs_coreset,MVS coreset,budget_25,seed_2,57.59576149108331,0.35218914137259866,55.46560346069063,0.7337509787027944,14.812141201714098,0.02030719365864097,0.041666666666666664,0.14906714863163287,24.0,0.20474364262681344,0.2,0.8282865617823012,0.0,0.8990249452714075,0.0
bank_marketing,mvs_coreset,MVS coreset,budget_50,seed_0,336.87005505395985,0.653937236979886,126.43109968003053,0.6409779409232761,588.2840926828361,0.8065274853729978,0.125,0.11958084547833749,24.0,0.7817110229774387,0.0,0.6536369169274422,0.0,0.574954754064945,0.25
bank_marketing,mvs_coreset,MVS coreset,budget_50,seed_1,219.59355292380465,0.5490524942878625,82.44644701124668,0.6357660846890871,354.7334910550545,0.48633358283319306,0.0,0.0,25.0,0.4195390631248822,0.0,0.5256144627417979,0.0,0.7782427355700139,0.0
bank_marketing,mvs_coreset,MVS coreset,budget_50,seed_2,99.81694043086972,0.3415854281044425,53.79564466227273,0.6286293840215335,14.812141201714098,0.02030719365864097,0.125,0.14553727140588157,24.0,0.463090789781222,0.0,0.6193273878537849,0.0,0.7030299627195165,0.25
bank_marketing,craig_coreset,CRAIG-style,budget_25,seed_0,465.57992585872734,0.9520534635513139,184.06837773435564,0.8961863824999557,726.4882095015347,0.9960029789183855,0.0,0.0,24.0,0.9878220905209305,0.0,0.8319332331288251,0.0,0.8954858412910421,0.0
bank_marketing,craig_coreset,CRAIG-style,budget_25,seed_1,422.11949787853086,0.8695568556789762,130.57380481986425,0.8212696008707892,708.400260154661,0.9712047080085628,0.04,0.02259065668071564,25.0,0.9648841328238487,0.0,0.6884056730526336,0.0,0.8375753574063117,0.07692307692307693
bank_marketing,craig_coreset,CRAIG-style,budget_25,seed_2,406.13592752849695,0.8595109469220551,135.3627575407427,0.7868581151120321,699.023058078029,0.9583487234514928,0.0,0.0,24.0,0.920383687575504,0.0,0.6690172820041999,0.0,0.7999629458984874,0.0
bank_marketing,craig_coreset,CRAIG-style,budget_50,seed_0,180.5016846132956,0.47562364626935816,91.95625700927992,0.7098488229462587,143.81380793050812,0.19716628464853295,0.041666666666666664,0.008779191808490149,24.0,0.37334052800189577,0.0,0.640347919110574,0.14285714285714285,0.8906028064105596,0.0
bank_marketing,craig_coreset,CRAIG-style,budget_50,seed_1,95.81751817220055,0.44050532748740795,66.14686121764753,0.8425484755427226,26.734490666665693,0.03665253199654103,0.0,0.0,25.0,0.4574465885443855,0.0,0.8539698246465738,0.0,0.9845146287169322,0.0
bank_marketing,craig_coreset,CRAIG-style,budget_50,seed_2,289.5882761444863,0.6606623184487647,104.04646217565274,0.6992910643147617,486.08472169014306,0.6664138859765956,0.041666666666666664,0.002282817465797232,24.0,0.648490766891899,0.0,0.6808591141398868,0.0,0.7312098258429649,0.08333333333333333
bank_marketing,gradmatch_coreset,GradMatch-style,budget_25,seed_0,29.86677757891792,0.1715021220977136,33.157925054724686,0.61230130083643,14.812141201714098,0.02030719365864097,0.041666666666666664,0.10255319220467307,24.0,0.049733478282849033,0.0,0.7209635049877896,0.0,0.7833182744787955,0.08333333333333333
bank_marketing,gradmatch_coreset,GradMatch-style,budget_25,seed_1,282.8708332830145,0.6342177713227345,95.23497738548878,0.8307078880337726,624.2445567347497,0.8558286699628597,0.0,0.0,25.0,0.5395491952170175,0.0,0.8708413990714517,0.0,0.9210816485583895,0.0
bank_marketing,gradmatch_coreset,GradMatch-style,budget_25,seed_2,79.00771212229569,0.4209799838799669,66.29934347144204,0.7988733779658223,14.812141201714098,0.02030719365864097,0.0,0.0,24.0,0.4069885121216137,0.0,0.7768778713664904,0.0,0.9749894509171863,0.0
bank_marketing,gradmatch_coreset,GradMatch-style,budget_50,seed_0,56.83821853848358,0.2193126030734257,42.40152114340618,0.6448437743010211,81.65743972455618,0.1119509610105168,0.0,0.0,24.0,0.07308528572076148,0.0,0.8194795814752327,0.0,0.7812055903578393,0.0
bank_marketing,gradmatch_coreset,GradMatch-style,budget_50,seed_1,51.694514729132024,0.30503216314287646,45.8040321042597,0.6882565794581429,14.812141201714098,0.02030719365864097,0.0,0.0,25.0,0.044787704359986545,0.0,0.8079511004213014,0.0,0.8712937124388098,0.0
bank_marketing,gradmatch_coreset,GradMatch-style,budget_50,seed_2,54.898150547477144,0.31903793118871815,50.244681909461384,0.6920494088828631,0.0,0.0,0.08333333333333333,0.3859569859931654,24.0,0.08041496018412464,0.4,0.7376245667990575,0.0,0.9203115870562243,0.0
bank_marketing,grand_coreset,GraNd,budget_25,seed_0,402.92319106522564,0.7725803667501097,149.3693581520608,0.7939088066953711,728.5266506234851,0.9987976470262209,0.08333333333333333,0.10315971948834099,24.0,0.8986230146669133,0.0,0.7289440236428728,0.14285714285714285,0.7881740101545192,0.08333333333333333
bank_marketing,grand_coreset,GraNd,budget_25,seed_1,405.28987582094277,0.8756387306450645,131.48706718974202,0.9087617888094925,699.344466994799,0.9587893696097746,0.0,0.0,25.0,0.806516064080105,0.0,0.8168218209466037,0.0,0.9975932040931202,0.0
bank_marketing,grand_coreset,GraNd,budget_25,seed_2,403.6605794259382,0.872077633645041,137.3418613253606,0.932952574959066,699.023058078029,0.9583487234514928,0.0,0.0,24.0,0.924864987078298,0.0,0.8620424522238463,0.0,0.9776866415049309,0.0
bank_marketing,grand_coreset,GraNd,budget_50,seed_0,58.96574931538039,0.22610194091272037,43.71416003377674,0.55445002495944,26.734490666665693,0.03665253199654103,0.041666666666666664,0.12146888140133086,24.0,0.23860559850219812,0.2,0.5392114310749921,0.0,0.6949410490825517,0.0
bank_marketing,grand_coreset,GraNd,budget_50,seed_1,48.683701351043865,0.2987986681239298,44.868002267183684,0.6920797239902261,18.533035522793057,0.025408476486861894,0.04,0.15030488552562438,25.0,0.01503090013089497,0.2,0.8312142260338534,0.0,0.877564539758785,0.0
bank_marketing,grand_coreset,GraNd,budget_50,seed_2,63.824121297025066,0.3768648507322851,59.351734376372825,0.7890814277873922,14.812141201714098,0.02030719365864097,0.0,0.0,24.0,0.2300502054624788,0.0,0.8435014532660767,0.0,0.9902660888935401,0.0
bank_marketing,el2n_coreset,EL2N,budget_25,seed_0,402.92319106522564,0.7725803667501097,149.3693581520608,0.7939088066953711,728.5266506234851,0.9987976470262209,0.08333333333333333,0.10315971948834099,24.0,0.8986230146669133,0.0,0.7289440236428728,0.14285714285714285,0.7881740101545192,0.08333333333333333
bank_marketing,el2n_coreset,EL2N,budget_25,seed_1,405.28987582094277,0.8756387306450645,131.48706718974202,0.9087617888094925,699.344466994799,0.9587893696097746,0.0,0.0,25.0,0.806516064080105,0.0,0.8168218209466037,0.0,0.9975932040931202,0.0
bank_marketing,el2n_coreset,EL2N,budget_25,seed_2,403.6605794259382,0.872077633645041,137.3418613253606,0.932952574959066,699.023058078029,0.9583487234514928,0.0,0.0,24.0,0.924864987078298,0.0,0.8620424522238463,0.0,0.9776866415049309,0.0
bank_marketing,el2n_coreset,EL2N,budget_50,seed_0,58.96574931538039,0.22610194091272037,43.71416003377674,0.55445002495944,26.734490666665693,0.03665253199654103,0.041666666666666664,0.12146888140133086,24.0,0.23860559850219812,0.2,0.5392114310749921,0.0,0.6949410490825517,0.0
bank_marketing,el2n_coreset,EL2N,budget_50,seed_1,48.683701351043865,0.2987986681239298,44.868002267183684,0.6920797239902261,18.533035522793057,0.025408476486861894,0.04,0.15030488552562438,25.0,0.01503090013089497,0.2,0.8312142260338534,0.0,0.877564539758785,0.0
bank_marketing,el2n_coreset,EL2N,budget_50,seed_2,63.824121297025066,0.3768648507322851,59.351734376372825,0.7890814277873922,14.812141201714098,0.02030719365864097,0.0,0.0,24.0,0.2300502054624788,0.0,0.8435014532660767,0.0,0.9902660888935401,0.0
bank_marketing,distribution_matching,DistributionMatching,budget_25,seed_0,215.13069141925564,0.5089434374978495,98.39824808717414,0.6917280353870835,275.03741839290586,0.3770716227057748,0.0,0.0,24.0,0.4223236797957154,0.0,0.650455552317127,0.0,0.8280554653409616,0.0
bank_marketing,distribution_matching,DistributionMatching,budget_25,seed_1,168.64514259223023,0.42450228457086475,63.743823177452875,0.656931585274813,275.03741839290586,0.3770716227057748,0.04,0.00920336890228605,25.0,0.22886048081928717,0.0,0.46843434036565845,0.14285714285714285,0.9230728342472525,0.0
bank_marketing,distribution_matching,DistributionMatching,budget_25,seed_2,164.52611212563602,0.4924807689050018,77.55986721692294,0.7135017031846029,199.0189727563719,0.27285162668039786,0.0,0.0,24.0,0.4350448550835805,0.0,0.7370046270219371,0.0,0.815815350988251,0.0
bank_marketing,distribution_matching,DistributionMatching,budget_50,seed_0,236.59813916001232,0.5191384560436518,100.36933542264534,0.6667896187326025,363.22219071365714,0.49797144568703455,0.0,0.0,24.0,0.35328947710202235,0.0,0.6569746569670399,0.0,0.8031400721085892,0.0
bank_marketing,distribution_matching,DistributionMatching,budget_50,seed_1,62.13550918661522,0.3534389704498204,53.07286216174261,0.7709418010432604,14.812141201714098,0.02030719365864097,0.0,0.0,25.0,0.29289384070008284,0.0,0.8227320018091426,0.0,0.9269193699936226,0.0
bank_marketing,distribution_matching,DistributionMatching,budget_50,seed_2,151.62444547319618,0.43174397957306165,67.9945448465865,0.6873791256423004,199.0189727563719,0.27285162668039786,0.0,0.0,24.0,0.34507183063605656,0.0,0.6424863213309769,0.0,0.8561946344098406,0.0
bank_marketing,k_center,K-center,budget_25,seed_0,188.75860101345822,0.44904952681766763,86.81846250040253,0.6468935644535336,119.29123819649499,0.16354625862970829,0.0,0.0,24.0,0.3301412752248625,0.0,0.5665806361246657,0.0,0.8257228931573195,0.0
bank_marketing,k_center,K-center,budget_25,seed_1,147.20949444677012,0.4142630309379741,62.20628334135075,0.6960975211262475,225.5741564121954,0.30925833181477647,0.08,0.08570117469781101,25.0,0.34359092454738527,0.2,0.7252633407449132,0.0,0.8159723092465285,0.07692307692307693
bank_marketing,k_center,K-center,budget_25,seed_2,167.48912320707262,0.4110795412102299,64.7401414328307,0.6605189995127415,295.48605468659343,0.4051063552684764,0.0,0.0,24.0,0.23445935369919074,0.0,0.5799380380517335,0.0,0.8850494127873091,0.0
bank_marketing,k_center,K-center,budget_50,seed_0,139.5779045229887,0.37856822905648935,73.19172972100658,0.6479914858442547,143.81380793050812,0.19716628464853295,0.0,0.0,24.0,0.3036448732599795,0.0,0.5690609151834513,0.0,0.8375120739731711,0.0
bank_marketing,k_center,K-center,budget_50,seed_1,162.52341521175742,0.45291145732958166,68.00978204450594,0.6677293845804995,225.5741564121954,0.30925833181477647,0.0,0.0,25.0,0.5012114615634351,0.0,0.647847090763995,0.0,0.7424805901036423,0.0
bank_marketing,k_center,K-center,budget_50,seed_2,178.92618082546417,0.46119093800199246,72.6320907770971,0.6617527011260119,295.48605468659343,0.4051063552684764,0.041666666666666664,0.0020477380316635367,24.0,0.41266352006050244,0.0,0.7074618535731576,0.0,0.7388761876424724,0.08333333333333333
bank_marketing,gradient_sampling,Gradient sampling,budget_25,seed_0,227.1963146504402,0.47242867563347735,91.33854688650825,0.5988099162675066,332.18061631971887,0.45541397515644927,0.0,0.0,24.0,0.29988391200402875,0.0,0.5055278232764834,0.0,0.7777769722887192,0.0
bank_marketing,gradient_sampling,Gradient sampling,budget_25,seed_1,191.59933149951922,0.45964992289021556,69.02163892442505,0.7036384601900301,332.18061631971887,0.45541397515644927,0.0,0.0,25.0,0.2983880101355921,0.0,0.6754608937706007,0.0,0.8746765536675833,0.0
bank_marketing,gradient_sampling,Gradient sampling,budget_25,seed_2,195.7330089131794,0.462399237629217,72.82238360589965,0.6738698934735274,332.18061631971887,0.45541397515644927,0.041666666666666664,0.044380272103749674,24.0,0.31343204357134613,0.0,0.4890353048570645,0.14285714285714285,0.9318725076257062,0.0
bank_marketing,gradient_sampling,Gradient sampling,budget_50,seed_0,175.96154858538054,0.3466749278860523,67.02553377531096,0.5149889057913162,332.18061631971887,0.45541397515644927,0.125,0.15327293160771208,24.0,0.29988391200402875,0.0,0.4622552623515494,0.14285714285714285,0.6353772785425499,0.16666666666666666
bank_marketing,gradient_sampling,Gradient sampling,budget_50,seed_1,168.01285118650134,0.3674972998986801,55.183879461600974,0.5477254980648146,295.48605468659343,0.4051063552684764,0.08,0.07185366136359536,25.0,0.2923970450559497,0.0,0.3663821163788931,0.14285714285714285,0.7435751855144896,0.07692307692307693
bank_marketing,gradient_sampling,Gradient sampling,budget_50,seed_2,185.09686262742244,0.39031530811786985,61.47002153538688,0.5448631759389448,332.18061631971887,0.45541397515644927,0.16666666666666666,0.10129794392020233,24.0,0.29544942026252563,0.0,0.40614955747891834,0.2857142857142857,0.7297018515724685,0.16666666666666666
bank_marketing,gain_herding,Gain sketch,budget_25,seed_0,219.2857452922606,0.4833841441472023,93.45665830970408,0.6769835920947577,363.22219071365714,0.49797144568703455,0.041666666666666664,0.0042261759196958616,24.0,0.4256969428857233,0.0,0.7862845317138568,0.0,0.7179274811540474,0.08333333333333333
bank_marketing,gain_herding,Gain sketch,budget_25,seed_1,151.04205097713262,0.41788936669206783,62.75081870309727,0.6702271047641863,237.8323270620615,0.3260640752854566,0.0,0.0,25.0,0.2632281563747159,0.0,0.5003087834688938,0.0,0.9182596425345249,0.0
bank_marketing,gain_herding,Gain sketch,budget_25,seed_2,192.69728991568707,0.4937709300094849,77.76305225534513,0.7599733616913227,332.18061631971887,0.45541397515644927,0.0,0.0,24.0,0.47576106647490235,0.0,0.7829168768420098,0.0,0.8650114341935972,0.0
bank_marketing,gain_herding,Gain sketch,budget_50,seed_0,152.0105957783806,0.3794878629795393,73.36953016058887,0.6306014051011269,225.5741564121954,0.30925833181477647,0.08333333333333333,0.06815716391637527,24.0,0.22554122055035183,0.2,0.6752539222903436,0.0,0.7733291803035734,0.08333333333333333
bank_marketing,gain_herding,Gain sketch,budget_50,seed_1,170.46432068158595,0.44011580557192015,66.08837009284781,0.6107923223936479,237.8323270620615,0.3260640752854566,0.0,0.0,25.0,0.34476859186501124,0.0,0.5001211463955039,0.0,0.7727013135190473,0.0
bank_marketing,gain_herding,Gain sketch,budget_50,seed_2,134.67289356490056,0.3705548847994363,58.3579897455252,0.6038557137504807,237.8323270620615,0.3260640752854566,0.041666666666666664,0.08226244487385723,24.0,0.3123293635530417,0.0,0.7098922448034991,0.0,0.6634703832184864,0.08333333333333333
bank_marketing,gain_path_herding,Gain-path sketch,budget_25,seed_0,195.46939497801253,0.4705318040018157,90.97180899060493,0.7017664537631617,295.48605468659343,0.4051063552684764,0.0,0.0,24.0,0.367915437086652,0.0,0.6914241967940095,0.0,0.8469040272770462,0.0
bank_marketing,gain_path_herding,Gain-path sketch,budget_25,seed_1,89.7456907876333,0.33805199259866797,50.76233326465841,0.6178089933684393,14.812141201714098,0.02030719365864097,0.04,0.02259065668071564,25.0,0.24706704590006687,0.0,0.485726487605863,0.0,0.8315233993438158,0.07692307692307693
bank_marketing,gain_path_herding,Gain-path sketch,budget_25,seed_2,208.19506091301747,0.5345937029151702,84.19215374702651,0.7749926705292619,332.18061631971887,0.45541397515644927,0.0,0.0,24.0,0.3855030966955581,0.0,0.6875251000791968,0.0,0.9883027423891764,0.0
bank_marketing,gain_path_herding,Gain-path sketch,budget_50,seed_0,178.45551436219301,0.42168876590825066,81.52858008624912,0.7341067075374189,295.48605468659343,0.4051063552684764,0.0,0.0,24.0,0.3012668668051074,0.0,0.7744583279276007,0.0,0.8909181959482759,0.0
bank_marketing,gain_path_herding,Gain-path sketch,budget_50,seed_1,75.29172602972974,0.2780872837791928,41.757953465524544,0.6717929586865676,119.29123819649499,0.16354625862970829,0.04,0.084587331942136,25.0,0.23524575895684138,0.0,0.7595901020161369,0.0,0.7924203429436173,0.07692307692307693
bank_marketing,gain_path_herding,Gain-path sketch,budget_50,seed_2,92.16836863252914,0.3559542216052599,56.058558843609546,0.6856260092401029,81.65743972455618,0.1119509610105168,0.0,0.0,24.0,0.22037209956038922,0.0,0.7175236352158404,0.0,0.8608748564541365,0.0
breast_w,histdistill_greedy,HistDistill-Greedy,budget_25,seed_0,0.2770369987995509,0.2770369987995509,0.2770369987995509,0.2770369987995509,0.2770369987995509,0.2770369987995509,0.0,0.0,1.0,0.2770369987995509,0.0,,,,
breast_w,histdistill_greedy,HistDistill-Greedy,budget_25,seed_1,0.3324031081901731,0.3324031081901731,0.3324031081901731,0.3324031081901731,0.3324031081901731,0.3324031081901731,0.0,0.0,1.0,0.3324031081901731,0.0,,,,
breast_w,histdistill_greedy,HistDistill-Greedy,budget_25,seed_2,0.34268086508927426,0.34268086508927426,0.34268086508927426,0.34268086508927426,0.34268086508927426,0.34268086508927426,0.0,0.0,1.0,0.34268086508927426,0.0,,,,
breast_w,histdistill_greedy,HistDistill-Greedy,budget_50,seed_0,0.2770369987995509,0.2770369987995509,0.2770369987995509,0.2770369987995509,0.2770369987995509,0.2770369987995509,0.0,0.0,1.0,0.2770369987995509,0.0,,,,
breast_w,histdistill_greedy,HistDistill-Greedy,budget_50,seed_1,0.3324031081901731,0.3324031081901731,0.3324031081901731,0.3324031081901731,0.3324031081901731,0.3324031081901731,0.0,0.0,1.0,0.3324031081901731,0.0,,,,
breast_w,histdistill_greedy,HistDistill-Greedy,budget_50,seed_2,0.34268086508927426,0.34268086508927426,0.34268086508927426,0.34268086508927426,0.34268086508927426,0.34268086508927426,0.0,0.0,1.0,0.34268086508927426,0.0,,,,
breast_w,histdistill_refined,HistDistill-Refined,budget_25,seed_0,0.2587961752991564,0.2587961752991564,0.2587961752991564,0.2587961752991564,0.2587961752991564,0.2587961752991564,0.0,0.0,1.0,0.2587961752991564,0.0,,,,
breast_w,histdistill_refined,HistDistill-Refined,budget_25,seed_1,0.37299973213234244,0.37299973213234244,0.37299973213234244,0.37299973213234244,0.37299973213234244,0.37299973213234244,0.0,0.0,1.0,0.37299973213234244,0.0,,,,
breast_w,histdistill_refined,HistDistill-Refined,budget_25,seed_2,0.34268086508927426,0.34268086508927426,0.34268086508927426,0.34268086508927426,0.34268086508927426,0.34268086508927426,0.0,0.0,1.0,0.34268086508927426,0.0,,,,
breast_w,histdistill_refined,HistDistill-Refined,budget_50,seed_0,0.028793698209161722,0.028793698209161722,0.028793698209161722,0.028793698209161722,0.028793698209161722,0.028793698209161722,0.0,0.0,1.0,0.028793698209161722,0.0,,,,
breast_w,histdistill_refined,HistDistill-Refined,budget_50,seed_1,0.3174250962930296,0.3174250962930296,0.3174250962930296,0.3174250962930296,0.3174250962930296,0.3174250962930296,0.0,0.0,1.0,0.3174250962930296,0.0,,,,
breast_w,histdistill_refined,HistDistill-Refined,budget_50,seed_2,0.34268086508927426,0.34268086508927426,0.34268086508927426,0.34268086508927426,0.34268086508927426,0.34268086508927426,0.0,0.0,1.0,0.34268086508927426,0.0,,,,
breast_w,histdistill_density,HistDistill-Density,budget_25,seed_0,0.2587961752991564,0.2587961752991564,0.2587961752991564,0.2587961752991564,0.2587961752991564,0.2587961752991564,0.0,0.0,1.0,0.2587961752991564,0.0,,,,
breast_w,histdistill_density,HistDistill-Density,budget_25,seed_1,0.34277426104158326,0.34277426104158326,0.34277426104158326,0.34277426104158326,0.34277426104158326,0.34277426104158326,0.0,0.0,1.0,0.34277426104158326,0.0,,,,
breast_w,histdistill_density,HistDistill-Density,budget_25,seed_2,0.34268086508927426,0.34268086508927426,0.34268086508927426,0.34268086508927426,0.34268086508927426,0.34268086508927426,0.0,0.0,1.0,0.34268086508927426,0.0,,,,
breast_w,histdistill_density,HistDistill-Density,budget_50,seed_0,0.028793698209161722,0.028793698209161722,0.028793698209161722,0.028793698209161722,0.028793698209161722,0.028793698209161722,0.0,0.0,1.0,0.028793698209161722,0.0,,,,
breast_w,histdistill_density,HistDistill-Density,budget_50,seed_1,0.3174250962930296,0.3174250962930296,0.3174250962930296,0.3174250962930296,0.3174250962930296,0.3174250962930296,0.0,0.0,1.0,0.3174250962930296,0.0,,,,
breast_w,histdistill_density,HistDistill-Density,budget_50,seed_2,0.34268086508927426,0.34268086508927426,0.34268086508927426,0.34268086508927426,0.34268086508927426,0.34268086508927426,0.0,0.0,1.0,0.34268086508927426,0.0,,,,
breast_w,gain_path_refined,Legacy gain-path refined,budget_25,seed_0,0.2770369987995509,0.2770369987995509,0.2770369987995509,0.2770369987995509,0.2770369987995509,0.2770369987995509,0.0,0.0,1.0,0.2770369987995509,0.0,,,,
breast_w,gain_path_refined,Legacy gain-path refined,budget_25,seed_1,0.3324031081901731,0.3324031081901731,0.3324031081901731,0.3324031081901731,0.3324031081901731,0.3324031081901731,0.0,0.0,1.0,0.3324031081901731,0.0,,,,
breast_w,gain_path_refined,Legacy gain-path refined,budget_25,seed_2,0.34268086508927426,0.34268086508927426,0.34268086508927426,0.34268086508927426,0.34268086508927426,0.34268086508927426,0.0,0.0,1.0,0.34268086508927426,0.0,,,,
breast_w,gain_path_refined,Legacy gain-path refined,budget_50,seed_0,0.2770369987995509,0.2770369987995509,0.2770369987995509,0.2770369987995509,0.2770369987995509,0.2770369987995509,0.0,0.0,1.0,0.2770369987995509,0.0,,,,
breast_w,gain_path_refined,Legacy gain-path refined,budget_50,seed_1,0.3324031081901731,0.3324031081901731,0.3324031081901731,0.3324031081901731,0.3324031081901731,0.3324031081901731,0.0,0.0,1.0,0.3324031081901731,0.0,,,,
breast_w,gain_path_refined,Legacy gain-path refined,budget_50,seed_2,0.34268086508927426,0.34268086508927426,0.34268086508927426,0.34268086508927426,0.34268086508927426,0.34268086508927426,0.0,0.0,1.0,0.34268086508927426,0.0,,,,
breast_w,herding,Herding,budget_25,seed_0,0.2770369987995509,0.2770369987995509,0.2770369987995509,0.2770369987995509,0.2770369987995509,0.2770369987995509,0.0,0.0,1.0,0.2770369987995509,0.0,,,,
breast_w,herding,Herding,budget_25,seed_1,0.3324031081901731,0.3324031081901731,0.3324031081901731,0.3324031081901731,0.3324031081901731,0.3324031081901731,0.0,0.0,1.0,0.3324031081901731,0.0,,,,
breast_w,herding,Herding,budget_25,seed_2,0.34268086508927426,0.34268086508927426,0.34268086508927426,0.34268086508927426,0.34268086508927426,0.34268086508927426,0.0,0.0,1.0,0.34268086508927426,0.0,,,,
breast_w,herding,Herding,budget_50,seed_0,0.2770369987995509,0.2770369987995509,0.2770369987995509,0.2770369987995509,0.2770369987995509,0.2770369987995509,0.0,0.0,1.0,0.2770369987995509,0.0,,,,
breast_w,herding,Herding,budget_50,seed_1,0.3324031081901731,0.3324031081901731,0.3324031081901731,0.3324031081901731,0.3324031081901731,0.3324031081901731,0.0,0.0,1.0,0.3324031081901731,0.0,,,,
breast_w,herding,Herding,budget_50,seed_2,0.34268086508927426,0.34268086508927426,0.34268086508927426,0.34268086508927426,0.34268086508927426,0.34268086508927426,0.0,0.0,1.0,0.34268086508927426,0.0,,,,
breast_w,random,Random,budget_25,seed_0,0.10356624645798843,0.10356624645798843,0.10356624645798843,0.10356624645798843,0.10356624645798843,0.10356624645798843,0.0,0.0,1.0,0.10356624645798843,0.0,,,,
breast_w,random,Random,budget_25,seed_1,0.3324031081901731,0.3324031081901731,0.3324031081901731,0.3324031081901731,0.3324031081901731,0.3324031081901731,0.0,0.0,1.0,0.3324031081901731,0.0,,,,
breast_w,random,Random,budget_25,seed_2,0.18590928005411012,0.18590928005411012,0.18590928005411012,0.18590928005411012,0.18590928005411012,0.18590928005411012,0.0,0.0,1.0,0.18590928005411012,0.0,,,,
breast_w,random,Random,budget_50,seed_0,0.2587961752991564,0.2587961752991564,0.2587961752991564,0.2587961752991564,0.2587961752991564,0.2587961752991564,0.0,0.0,1.0,0.2587961752991564,0.0,,,,
breast_w,random,Random,budget_50,seed_1,0.3324031081901731,0.3324031081901731,0.3324031081901731,0.3324031081901731,0.3324031081901731,0.3324031081901731,0.0,0.0,1.0,0.3324031081901731,0.0,,,,
breast_w,random,Random,budget_50,seed_2,0.18590928005411012,0.18590928005411012,0.18590928005411012,0.18590928005411012,0.18590928005411012,0.18590928005411012,0.0,0.0,1.0,0.18590928005411012,0.0,,,,
breast_w,goss_coreset,GOSS coreset,budget_25,seed_0,0.10356624645798843,0.10356624645798843,0.10356624645798843,0.10356624645798843,0.10356624645798843,0.10356624645798843,0.0,0.0,1.0,0.10356624645798843,0.0,,,,
breast_w,goss_coreset,GOSS coreset,budget_25,seed_1,0.19095449950710144,0.19095449950710144,0.19095449950710144,0.19095449950710144,0.19095449950710144,0.19095449950710144,0.0,0.0,1.0,0.19095449950710144,0.0,,,,
breast_w,goss_coreset,GOSS coreset,budget_25,seed_2,0.34546638030514465,0.34546638030514465,0.34546638030514465,0.34546638030514465,0.34546638030514465,0.34546638030514465,0.0,0.0,1.0,0.34546638030514465,0.0,,,,
breast_w,goss_coreset,GOSS coreset,budget_50,seed_0,0.10356624645798843,0.10356624645798843,0.10356624645798843,0.10356624645798843,0.10356624645798843,0.10356624645798843,0.0,0.0,1.0,0.10356624645798843,0.0,,,,
breast_w,goss_coreset,GOSS coreset,budget_50,seed_1,0.32288527112430154,0.32288527112430154,0.32288527112430154,0.32288527112430154,0.32288527112430154,0.32288527112430154,0.0,0.0,1.0,0.32288527112430154,0.0,,,,
breast_w,goss_coreset,GOSS coreset,budget_50,seed_2,0.217703302285417,0.217703302285417,0.217703302285417,0.217703302285417,0.217703302285417,0.217703302285417,0.0,0.0,1.0,0.217703302285417,0.0,,,,
breast_w,mvs_coreset,MVS coreset,budget_25,seed_0,0.028793698209161722,0.028793698209161722,0.028793698209161722,0.028793698209161722,0.028793698209161722,0.028793698209161722,0.0,0.0,1.0,0.028793698209161722,0.0,,,,
breast_w,mvs_coreset,MVS coreset,budget_25,seed_1,0.3729897380278235,0.3729897380278235,0.3729897380278235,0.3729897380278235,0.3729897380278235,0.3729897380278235,0.0,0.0,1.0,0.3729897380278235,0.0,,,,
breast_w,mvs_coreset,MVS coreset,budget_25,seed_2,0.31049062309943987,0.31049062309943987,0.31049062309943987,0.31049062309943987,0.31049062309943987,0.31049062309943987,0.0,0.0,1.0,0.31049062309943987,0.0,,,,
breast_w,mvs_coreset,MVS coreset,budget_50,seed_0,0.028793698209161722,0.028793698209161722,0.028793698209161722,0.028793698209161722,0.028793698209161722,0.028793698209161722,0.0,0.0,1.0,0.028793698209161722,0.0,,,,
breast_w,mvs_coreset,MVS coreset,budget_50,seed_1,0.34277426104158326,0.34277426104158326,0.34277426104158326,0.34277426104158326,0.34277426104158326,0.34277426104158326,0.0,0.0,1.0,0.34277426104158326,0.0,,,,
breast_w,mvs_coreset,MVS coreset,budget_50,seed_2,0.217703302285417,0.217703302285417,0.217703302285417,0.217703302285417,0.217703302285417,0.217703302285417,0.0,0.0,1.0,0.217703302285417,0.0,,,,
breast_w,craig_coreset,CRAIG-style,budget_25,seed_0,0.2770369987995509,0.2770369987995509,0.2770369987995509,0.2770369987995509,0.2770369987995509,0.2770369987995509,0.0,0.0,1.0,0.2770369987995509,0.0,,,,
breast_w,craig_coreset,CRAIG-style,budget_25,seed_1,0.3009433060000105,0.3009433060000105,0.3009433060000105,0.3009433060000105,0.3009433060000105,0.3009433060000105,0.0,0.0,1.0,0.3009433060000105,0.0,,,,
breast_w,craig_coreset,CRAIG-style,budget_25,seed_2,0.34268086508927426,0.34268086508927426,0.34268086508927426,0.34268086508927426,0.34268086508927426,0.34268086508927426,0.0,0.0,1.0,0.34268086508927426,0.0,,,,
breast_w,craig_coreset,CRAIG-style,budget_50,seed_0,0.24580932249925241,0.24580932249925241,0.24580932249925241,0.24580932249925241,0.24580932249925241,0.24580932249925241,0.0,0.0,1.0,0.24580932249925241,0.0,,,,
breast_w,craig_coreset,CRAIG-style,budget_50,seed_1,0.34277426104158326,0.34277426104158326,0.34277426104158326,0.34277426104158326,0.34277426104158326,0.34277426104158326,0.0,0.0,1.0,0.34277426104158326,0.0,,,,
breast_w,craig_coreset,CRAIG-style,budget_50,seed_2,0.34546638030514465,0.34546638030514465,0.34546638030514465,0.34546638030514465,0.34546638030514465,0.34546638030514465,0.0,0.0,1.0,0.34546638030514465,0.0,,,,
breast_w,gradmatch_coreset,GradMatch-style,budget_25,seed_0,0.3194982680807027,0.3194982680807027,0.3194982680807027,0.3194982680807027,0.3194982680807027,0.3194982680807027,0.0,0.0,1.0,0.3194982680807027,0.0,,,,
breast_w,gradmatch_coreset,GradMatch-style,budget_25,seed_1,0.3729897380278235,0.3729897380278235,0.3729897380278235,0.3729897380278235,0.3729897380278235,0.3729897380278235,0.0,0.0,1.0,0.3729897380278235,0.0,,,,
breast_w,gradmatch_coreset,GradMatch-style,budget_25,seed_2,0.34546638030514465,0.34546638030514465,0.34546638030514465,0.34546638030514465,0.34546638030514465,0.34546638030514465,0.0,0.0,1.0,0.34546638030514465,0.0,,,,
breast_w,gradmatch_coreset,GradMatch-style,budget_50,seed_0,0.31678297659652227,0.31678297659652227,0.31678297659652227,0.31678297659652227,0.31678297659652227,0.31678297659652227,0.0,0.0,1.0,0.31678297659652227,0.0,,,,
breast_w,gradmatch_coreset,GradMatch-style,budget_50,seed_1,0.34277426104158326,0.34277426104158326,0.34277426104158326,0.34277426104158326,0.34277426104158326,0.34277426104158326,0.0,0.0,1.0,0.34277426104158326,0.0,,,,
breast_w,gradmatch_coreset,GradMatch-style,budget_50,seed_2,0.34546638030514465,0.34546638030514465,0.34546638030514465,0.34546638030514465,0.34546638030514465,0.34546638030514465,0.0,0.0,1.0,0.34546638030514465,0.0,,,,
breast_w,grand_coreset,GraNd,budget_25,seed_0,0.24580932249925241,0.24580932249925241,0.24580932249925241,0.24580932249925241,0.24580932249925241,0.24580932249925241,0.0,0.0,1.0,0.24580932249925241,0.0,,,,
breast_w,grand_coreset,GraNd,budget_25,seed_1,0.19095449950710144,0.19095449950710144,0.19095449950710144,0.19095449950710144,0.19095449950710144,0.19095449950710144,0.0,0.0,1.0,0.19095449950710144,0.0,,,,
breast_w,grand_coreset,GraNd,budget_25,seed_2,0.30664731799678124,0.30664731799678124,0.30664731799678124,0.30664731799678124,0.30664731799678124,0.30664731799678124,0.0,0.0,1.0,0.30664731799678124,0.0,,,,
breast_w,grand_coreset,GraNd,budget_50,seed_0,0.24580932249925241,0.24580932249925241,0.24580932249925241,0.24580932249925241,0.24580932249925241,0.24580932249925241,0.0,0.0,1.0,0.24580932249925241,0.0,,,,
breast_w,grand_coreset,GraNd,budget_50,seed_1,0.3324031081901731,0.3324031081901731,0.3324031081901731,0.3324031081901731,0.3324031081901731,0.3324031081901731,0.0,0.0,1.0,0.3324031081901731,0.0,,,,
breast_w,grand_coreset,GraNd,budget_50,seed_2,0.34268086508927426,0.34268086508927426,0.34268086508927426,0.34268086508927426,0.34268086508927426,0.34268086508927426,0.0,0.0,1.0,0.34268086508927426,0.0,,,,
breast_w,el2n_coreset,EL2N,budget_25,seed_0,0.24580932249925241,0.24580932249925241,0.24580932249925241,0.24580932249925241,0.24580932249925241,0.24580932249925241,0.0,0.0,1.0,0.24580932249925241,0.0,,,,
breast_w,el2n_coreset,EL2N,budget_25,seed_1,0.19095449950710144,0.19095449950710144,0.19095449950710144,0.19095449950710144,0.19095449950710144,0.19095449950710144,0.0,0.0,1.0,0.19095449950710144,0.0,,,,
breast_w,el2n_coreset,EL2N,budget_25,seed_2,0.30664731799678124,0.30664731799678124,0.30664731799678124,0.30664731799678124,0.30664731799678124,0.30664731799678124,0.0,0.0,1.0,0.30664731799678124,0.0,,,,
breast_w,el2n_coreset,EL2N,budget_50,seed_0,0.24580932249925241,0.24580932249925241,0.24580932249925241,0.24580932249925241,0.24580932249925241,0.24580932249925241,0.0,0.0,1.0,0.24580932249925241,0.0,,,,
breast_w,el2n_coreset,EL2N,budget_50,seed_1,0.3324031081901731,0.3324031081901731,0.3324031081901731,0.3324031081901731,0.3324031081901731,0.3324031081901731,0.0,0.0,1.0,0.3324031081901731,0.0,,,,
breast_w,el2n_coreset,EL2N,budget_50,seed_2,0.34268086508927426,0.34268086508927426,0.34268086508927426,0.34268086508927426,0.34268086508927426,0.34268086508927426,0.0,0.0,1.0,0.34268086508927426,0.0,,,,
breast_w,distribution_matching,DistributionMatching,budget_25,seed_0,0.10356624645798843,0.10356624645798843,0.10356624645798843,0.10356624645798843,0.10356624645798843,0.10356624645798843,0.0,0.0,1.0,0.10356624645798843,0.0,,,,
breast_w,distribution_matching,DistributionMatching,budget_25,seed_1,0.26134710665782,0.26134710665782,0.26134710665782,0.26134710665782,0.26134710665782,0.26134710665782,0.0,0.0,1.0,0.26134710665782,0.0,,,,
breast_w,distribution_matching,DistributionMatching,budget_25,seed_2,0.30664731799678124,0.30664731799678124,0.30664731799678124,0.30664731799678124,0.30664731799678124,0.30664731799678124,0.0,0.0,1.0,0.30664731799678124,0.0,,,,
breast_w,distribution_matching,DistributionMatching,budget_50,seed_0,0.2770369987995509,0.2770369987995509,0.2770369987995509,0.2770369987995509,0.2770369987995509,0.2770369987995509,0.0,0.0,1.0,0.2770369987995509,0.0,,,,
breast_w,distribution_matching,DistributionMatching,budget_50,seed_1,0.3324031081901731,0.3324031081901731,0.3324031081901731,0.3324031081901731,0.3324031081901731,0.3324031081901731,0.0,0.0,1.0,0.3324031081901731,0.0,,,,
breast_w,distribution_matching,DistributionMatching,budget_50,seed_2,0.14075094109358052,0.14075094109358052,0.14075094109358052,0.14075094109358052,0.14075094109358052,0.14075094109358052,0.0,0.0,1.0,0.14075094109358052,0.0,,,,
breast_w,k_center,K-center,budget_25,seed_0,0.24342440180300295,0.24342440180300295,0.24342440180300295,0.24342440180300295,0.24342440180300295,0.24342440180300295,0.0,0.0,1.0,0.24342440180300295,0.0,,,,
breast_w,k_center,K-center,budget_25,seed_1,0.31678387001918074,0.31678387001918074,0.31678387001918074,0.31678387001918074,0.31678387001918074,0.31678387001918074,0.0,0.0,1.0,0.31678387001918074,0.0,,,,
breast_w,k_center,K-center,budget_25,seed_2,0.269626501127994,0.269626501127994,0.269626501127994,0.269626501127994,0.269626501127994,0.269626501127994,0.0,0.0,1.0,0.269626501127994,0.0,,,,
breast_w,k_center,K-center,budget_50,seed_0,0.24342440180300295,0.24342440180300295,0.24342440180300295,0.24342440180300295,0.24342440180300295,0.24342440180300295,0.0,0.0,1.0,0.24342440180300295,0.0,,,,
breast_w,k_center,K-center,budget_50,seed_1,0.3729897380278235,0.3729897380278235,0.3729897380278235,0.3729897380278235,0.3729897380278235,0.3729897380278235,0.0,0.0,1.0,0.3729897380278235,0.0,,,,
breast_w,k_center,K-center,budget_50,seed_2,0.3681810550684301,0.3681810550684301,0.3681810550684301,0.3681810550684301,0.3681810550684301,0.3681810550684301,0.0,0.0,1.0,0.3681810550684301,0.0,,,,
breast_w,gradient_sampling,Gradient sampling,budget_25,seed_0,0.11370579265270045,0.11370579265270045,0.11370579265270045,0.11370579265270045,0.11370579265270045,0.11370579265270045,0.0,0.0,1.0,0.11370579265270045,0.0,,,,
breast_w,gradient_sampling,Gradient sampling,budget_25,seed_1,0.34277426104158326,0.34277426104158326,0.34277426104158326,0.34277426104158326,0.34277426104158326,0.34277426104158326,0.0,0.0,1.0,0.34277426104158326,0.0,,,,
breast_w,gradient_sampling,Gradient sampling,budget_25,seed_2,0.30664731799678124,0.30664731799678124,0.30664731799678124,0.30664731799678124,0.30664731799678124,0.30664731799678124,0.0,0.0,1.0,0.30664731799678124,0.0,,,,
breast_w,gradient_sampling,Gradient sampling,budget_50,seed_0,0.2587961752991564,0.2587961752991564,0.2587961752991564,0.2587961752991564,0.2587961752991564,0.2587961752991564,0.0,0.0,1.0,0.2587961752991564,0.0,,,,
breast_w,gradient_sampling,Gradient sampling,budget_50,seed_1,0.32288527112430154,0.32288527112430154,0.32288527112430154,0.32288527112430154,0.32288527112430154,0.32288527112430154,0.0,0.0,1.0,0.32288527112430154,0.0,,,,
breast_w,gradient_sampling,Gradient sampling,budget_50,seed_2,0.2255610187036888,0.2255610187036888,0.2255610187036888,0.2255610187036888,0.2255610187036888,0.2255610187036888,0.0,0.0,1.0,0.2255610187036888,0.0,,,,
breast_w,gain_herding,Gain sketch,budget_25,seed_0,0.31678297659652227,0.31678297659652227,0.31678297659652227,0.31678297659652227,0.31678297659652227,0.31678297659652227,0.0,0.0,1.0,0.31678297659652227,0.0,,,,
breast_w,gain_herding,Gain sketch,budget_25,seed_1,0.3324031081901731,0.3324031081901731,0.3324031081901731,0.3324031081901731,0.3324031081901731,0.3324031081901731,0.0,0.0,1.0,0.3324031081901731,0.0,,,,
breast_w,gain_herding,Gain sketch,budget_25,seed_2,0.34546638030514465,0.34546638030514465,0.34546638030514465,0.34546638030514465,0.34546638030514465,0.34546638030514465,0.0,0.0,1.0,0.34546638030514465,0.0,,,,
breast_w,gain_herding,Gain sketch,budget_50,seed_0,0.31678297659652227,0.31678297659652227,0.31678297659652227,0.31678297659652227,0.31678297659652227,0.31678297659652227,0.0,0.0,1.0,0.31678297659652227,0.0,,,,
breast_w,gain_herding,Gain sketch,budget_50,seed_1,0.3729897380278235,0.3729897380278235,0.3729897380278235,0.3729897380278235,0.3729897380278235,0.3729897380278235,0.0,0.0,1.0,0.3729897380278235,0.0,,,,
breast_w,gain_herding,Gain sketch,budget_50,seed_2,0.3676549000634014,0.3676549000634014,0.3676549000634014,0.3676549000634014,0.3676549000634014,0.3676549000634014,0.0,0.0,1.0,0.3676549000634014,0.0,,,,
breast_w,gain_path_herding,Gain-path sketch,budget_25,seed_0,0.2770369987995509,0.2770369987995509,0.2770369987995509,0.2770369987995509,0.2770369987995509,0.2770369987995509,0.0,0.0,1.0,0.2770369987995509,0.0,,,,
breast_w,gain_path_herding,Gain-path sketch,budget_25,seed_1,0.19095449950710144,0.19095449950710144,0.19095449950710144,0.19095449950710144,0.19095449950710144,0.19095449950710144,0.0,0.0,1.0,0.19095449950710144,0.0,,,,
breast_w,gain_path_herding,Gain-path sketch,budget_25,seed_2,0.34268086508927426,0.34268086508927426,0.34268086508927426,0.34268086508927426,0.34268086508927426,0.34268086508927426,0.0,0.0,1.0,0.34268086508927426,0.0,,,,
breast_w,gain_path_herding,Gain-path sketch,budget_50,seed_0,0.2770369987995509,0.2770369987995509,0.2770369987995509,0.2770369987995509,0.2770369987995509,0.2770369987995509,0.0,0.0,1.0,0.2770369987995509,0.0,,,,
breast_w,gain_path_herding,Gain-path sketch,budget_50,seed_1,0.3324031081901731,0.3324031081901731,0.3324031081901731,0.3324031081901731,0.3324031081901731,0.3324031081901731,0.0,0.0,1.0,0.3324031081901731,0.0,,,,
breast_w,gain_path_herding,Gain-path sketch,budget_50,seed_2,0.30664731799678124,0.30664731799678124,0.30664731799678124,0.30664731799678124,0.30664731799678124,0.30664731799678124,0.0,0.0,1.0,0.30664731799678124,0.0,,,,
credit_approval,histdistill_greedy,HistDistill-Greedy,budget_25,seed_0,0.4241783246928399,0.4241783246928399,0.4241783246928399,0.4241783246928399,0.4241783246928399,0.4241783246928399,0.0,0.0,1.0,0.4241783246928399,0.0,,,,
credit_approval,histdistill_greedy,HistDistill-Greedy,budget_25,seed_1,0.2097610213395206,0.2097610213395206,0.2097610213395206,0.2097610213395206,0.2097610213395206,0.2097610213395206,0.0,0.0,1.0,0.2097610213395206,0.0,,,,
credit_approval,histdistill_greedy,HistDistill-Greedy,budget_25,seed_2,0.048889302158418024,0.048889302158418024,0.048889302158418024,0.048889302158418024,0.048889302158418024,0.048889302158418024,0.0,0.0,1.0,0.048889302158418024,0.0,,,,
credit_approval,histdistill_greedy,HistDistill-Greedy,budget_50,seed_0,0.13389549692764902,0.13389549692764902,0.13389549692764902,0.13389549692764902,0.13389549692764902,0.13389549692764902,0.0,0.0,1.0,0.13389549692764902,0.0,,,,
credit_approval,histdistill_greedy,HistDistill-Greedy,budget_50,seed_1,0.37804364028811077,0.37804364028811077,0.37804364028811077,0.37804364028811077,0.37804364028811077,0.37804364028811077,0.0,0.0,1.0,0.37804364028811077,0.0,,,,
credit_approval,histdistill_greedy,HistDistill-Greedy,budget_50,seed_2,0.048889302158418024,0.048889302158418024,0.048889302158418024,0.048889302158418024,0.048889302158418024,0.048889302158418024,0.0,0.0,1.0,0.048889302158418024,0.0,,,,
credit_approval,histdistill_refined,HistDistill-Refined,budget_25,seed_0,0.18113588255868196,0.18113588255868196,0.18113588255868196,0.18113588255868196,0.18113588255868196,0.18113588255868196,0.0,0.0,1.0,0.18113588255868196,0.0,,,,
credit_approval,histdistill_refined,HistDistill-Refined,budget_25,seed_1,0.13079723680926852,0.13079723680926852,0.13079723680926852,0.13079723680926852,0.13079723680926852,0.13079723680926852,0.0,0.0,1.0,0.13079723680926852,0.0,,,,
credit_approval,histdistill_refined,HistDistill-Refined,budget_25,seed_2,0.048889302158418024,0.048889302158418024,0.048889302158418024,0.048889302158418024,0.048889302158418024,0.048889302158418024,0.0,0.0,1.0,0.048889302158418024,0.0,,,,
credit_approval,histdistill_refined,HistDistill-Refined,budget_50,seed_0,0.18113588255868196,0.18113588255868196,0.18113588255868196,0.18113588255868196,0.18113588255868196,0.18113588255868196,0.0,0.0,1.0,0.18113588255868196,0.0,,,,
credit_approval,histdistill_refined,HistDistill-Refined,budget_50,seed_1,0.13079723680926852,0.13079723680926852,0.13079723680926852,0.13079723680926852,0.13079723680926852,0.13079723680926852,0.0,0.0,1.0,0.13079723680926852,0.0,,,,
credit_approval,histdistill_refined,HistDistill-Refined,budget_50,seed_2,0.048889302158418024,0.048889302158418024,0.048889302158418024,0.048889302158418024,0.048889302158418024,0.048889302158418024,0.0,0.0,1.0,0.048889302158418024,0.0,,,,
credit_approval,histdistill_density,HistDistill-Density,budget_25,seed_0,0.18113588255868196,0.18113588255868196,0.18113588255868196,0.18113588255868196,0.18113588255868196,0.18113588255868196,0.0,0.0,1.0,0.18113588255868196,0.0,,,,
credit_approval,histdistill_density,HistDistill-Density,budget_25,seed_1,0.13079723680926852,0.13079723680926852,0.13079723680926852,0.13079723680926852,0.13079723680926852,0.13079723680926852,0.0,0.0,1.0,0.13079723680926852,0.0,,,,
credit_approval,histdistill_density,HistDistill-Density,budget_25,seed_2,0.048889302158418024,0.048889302158418024,0.048889302158418024,0.048889302158418024,0.048889302158418024,0.048889302158418024,0.0,0.0,1.0,0.048889302158418024,0.0,,,,
credit_approval,histdistill_density,HistDistill-Density,budget_50,seed_0,0.18113588255868196,0.18113588255868196,0.18113588255868196,0.18113588255868196,0.18113588255868196,0.18113588255868196,0.0,0.0,1.0,0.18113588255868196,0.0,,,,
credit_approval,histdistill_density,HistDistill-Density,budget_50,seed_1,0.13079723680926852,0.13079723680926852,0.13079723680926852,0.13079723680926852,0.13079723680926852,0.13079723680926852,0.0,0.0,1.0,0.13079723680926852,0.0,,,,
credit_approval,histdistill_density,HistDistill-Density,budget_50,seed_2,0.048889302158418024,0.048889302158418024,0.048889302158418024,0.048889302158418024,0.048889302158418024,0.048889302158418024,0.0,0.0,1.0,0.048889302158418024,0.0,,,,
credit_approval,gain_path_refined,Legacy gain-path refined,budget_25,seed_0,0.18113588255868196,0.18113588255868196,0.18113588255868196,0.18113588255868196,0.18113588255868196,0.18113588255868196,0.0,0.0,1.0,0.18113588255868196,0.0,,,,
credit_approval,gain_path_refined,Legacy gain-path refined,budget_25,seed_1,0.13079723680926852,0.13079723680926852,0.13079723680926852,0.13079723680926852,0.13079723680926852,0.13079723680926852,0.0,0.0,1.0,0.13079723680926852,0.0,,,,
credit_approval,gain_path_refined,Legacy gain-path refined,budget_25,seed_2,0.048889302158418024,0.048889302158418024,0.048889302158418024,0.048889302158418024,0.048889302158418024,0.048889302158418024,0.0,0.0,1.0,0.048889302158418024,0.0,,,,
credit_approval,gain_path_refined,Legacy gain-path refined,budget_50,seed_0,0.18113588255868196,0.18113588255868196,0.18113588255868196,0.18113588255868196,0.18113588255868196,0.18113588255868196,0.0,0.0,1.0,0.18113588255868196,0.0,,,,
credit_approval,gain_path_refined,Legacy gain-path refined,budget_50,seed_1,0.13079723680926852,0.13079723680926852,0.13079723680926852,0.13079723680926852,0.13079723680926852,0.13079723680926852,0.0,0.0,1.0,0.13079723680926852,0.0,,,,
credit_approval,gain_path_refined,Legacy gain-path refined,budget_50,seed_2,0.048889302158418024,0.048889302158418024,0.048889302158418024,0.048889302158418024,0.048889302158418024,0.048889302158418024,0.0,0.0,1.0,0.048889302158418024,0.0,,,,
credit_approval,herding,Herding,budget_25,seed_0,0.18113588255868196,0.18113588255868196,0.18113588255868196,0.18113588255868196,0.18113588255868196,0.18113588255868196,0.0,0.0,1.0,0.18113588255868196,0.0,,,,
credit_approval,herding,Herding,budget_25,seed_1,0.13079723680926852,0.13079723680926852,0.13079723680926852,0.13079723680926852,0.13079723680926852,0.13079723680926852,0.0,0.0,1.0,0.13079723680926852,0.0,,,,
credit_approval,herding,Herding,budget_25,seed_2,0.048889302158418024,0.048889302158418024,0.048889302158418024,0.048889302158418024,0.048889302158418024,0.048889302158418024,0.0,0.0,1.0,0.048889302158418024,0.0,,,,
credit_approval,herding,Herding,budget_50,seed_0,0.18113588255868196,0.18113588255868196,0.18113588255868196,0.18113588255868196,0.18113588255868196,0.18113588255868196,0.0,0.0,1.0,0.18113588255868196,0.0,,,,
credit_approval,herding,Herding,budget_50,seed_1,0.13079723680926852,0.13079723680926852,0.13079723680926852,0.13079723680926852,0.13079723680926852,0.13079723680926852,0.0,0.0,1.0,0.13079723680926852,0.0,,,,
credit_approval,herding,Herding,budget_50,seed_2,0.048889302158418024,0.048889302158418024,0.048889302158418024,0.048889302158418024,0.048889302158418024,0.048889302158418024,0.0,0.0,1.0,0.048889302158418024,0.0,,,,
credit_approval,random,Random,budget_25,seed_0,0.18113588255868196,0.18113588255868196,0.18113588255868196,0.18113588255868196,0.18113588255868196,0.18113588255868196,0.0,0.0,1.0,0.18113588255868196,0.0,,,,
credit_approval,random,Random,budget_25,seed_1,0.13079723680926852,0.13079723680926852,0.13079723680926852,0.13079723680926852,0.13079723680926852,0.13079723680926852,0.0,0.0,1.0,0.13079723680926852,0.0,,,,
credit_approval,random,Random,budget_25,seed_2,0.048889302158418024,0.048889302158418024,0.048889302158418024,0.048889302158418024,0.048889302158418024,0.048889302158418024,0.0,0.0,1.0,0.048889302158418024,0.0,,,,
credit_approval,random,Random,budget_50,seed_0,0.18113588255868196,0.18113588255868196,0.18113588255868196,0.18113588255868196,0.18113588255868196,0.18113588255868196,0.0,0.0,1.0,0.18113588255868196,0.0,,,,
credit_approval,random,Random,budget_50,seed_1,0.13079723680926852,0.13079723680926852,0.13079723680926852,0.13079723680926852,0.13079723680926852,0.13079723680926852,0.0,0.0,1.0,0.13079723680926852,0.0,,,,
credit_approval,random,Random,budget_50,seed_2,0.048889302158418024,0.048889302158418024,0.048889302158418024,0.048889302158418024,0.048889302158418024,0.048889302158418024,0.0,0.0,1.0,0.048889302158418024,0.0,,,,
credit_approval,goss_coreset,GOSS coreset,budget_25,seed_0,0.18113588255868196,0.18113588255868196,0.18113588255868196,0.18113588255868196,0.18113588255868196,0.18113588255868196,0.0,0.0,1.0,0.18113588255868196,0.0,,,,
credit_approval,goss_coreset,GOSS coreset,budget_25,seed_1,0.13079723680926852,0.13079723680926852,0.13079723680926852,0.13079723680926852,0.13079723680926852,0.13079723680926852,0.0,0.0,1.0,0.13079723680926852,0.0,,,,
credit_approval,goss_coreset,GOSS coreset,budget_25,seed_2,0.048889302158418024,0.048889302158418024,0.048889302158418024,0.048889302158418024,0.048889302158418024,0.048889302158418024,0.0,0.0,1.0,0.048889302158418024,0.0,,,,
credit_approval,goss_coreset,GOSS coreset,budget_50,seed_0,0.4101133090852662,0.4101133090852662,0.4101133090852662,0.4101133090852662,0.4101133090852662,0.4101133090852662,0.0,0.0,1.0,0.4101133090852662,0.0,,,,
credit_approval,goss_coreset,GOSS coreset,budget_50,seed_1,0.13079723680926852,0.13079723680926852,0.13079723680926852,0.13079723680926852,0.13079723680926852,0.13079723680926852,0.0,0.0,1.0,0.13079723680926852,0.0,,,,
credit_approval,goss_coreset,GOSS coreset,budget_50,seed_2,0.048889302158418024,0.048889302158418024,0.048889302158418024,0.048889302158418024,0.048889302158418024,0.048889302158418024,0.0,0.0,1.0,0.048889302158418024,0.0,,,,
credit_approval,mvs_coreset,MVS coreset,budget_25,seed_0,0.18113588255868196,0.18113588255868196,0.18113588255868196,0.18113588255868196,0.18113588255868196,0.18113588255868196,0.0,0.0,1.0,0.18113588255868196,0.0,,,,
credit_approval,mvs_coreset,MVS coreset,budget_25,seed_1,0.13079723680926852,0.13079723680926852,0.13079723680926852,0.13079723680926852,0.13079723680926852,0.13079723680926852,0.0,0.0,1.0,0.13079723680926852,0.0,,,,
credit_approval,mvs_coreset,MVS coreset,budget_25,seed_2,0.048889302158418024,0.048889302158418024,0.048889302158418024,0.048889302158418024,0.048889302158418024,0.048889302158418024,0.0,0.0,1.0,0.048889302158418024,0.0,,,,
credit_approval,mvs_coreset,MVS coreset,budget_50,seed_0,0.18113588255868196,0.18113588255868196,0.18113588255868196,0.18113588255868196,0.18113588255868196,0.18113588255868196,0.0,0.0,1.0,0.18113588255868196,0.0,,,,
credit_approval,mvs_coreset,MVS coreset,budget_50,seed_1,0.13079723680926852,0.13079723680926852,0.13079723680926852,0.13079723680926852,0.13079723680926852,0.13079723680926852,0.0,0.0,1.0,0.13079723680926852,0.0,,,,
credit_approval,mvs_coreset,MVS coreset,budget_50,seed_2,0.048889302158418024,0.048889302158418024,0.048889302158418024,0.048889302158418024,0.048889302158418024,0.048889302158418024,0.0,0.0,1.0,0.048889302158418024,0.0,,,,
credit_approval,craig_coreset,CRAIG-style,budget_25,seed_0,0.17307217759848043,0.17307217759848043,0.17307217759848043,0.17307217759848043,0.17307217759848043,0.17307217759848043,0.0,0.0,1.0,0.17307217759848043,0.0,,,,
credit_approval,craig_coreset,CRAIG-style,budget_25,seed_1,0.3014542547930853,0.3014542547930853,0.3014542547930853,0.3014542547930853,0.3014542547930853,0.3014542547930853,0.0,0.0,1.0,0.3014542547930853,0.0,,,,
credit_approval,craig_coreset,CRAIG-style,budget_25,seed_2,0.10847951729022548,0.10847951729022548,0.10847951729022548,0.10847951729022548,0.10847951729022548,0.10847951729022548,0.0,0.0,1.0,0.10847951729022548,0.0,,,,
credit_approval,craig_coreset,CRAIG-style,budget_50,seed_0,0.18113588255868196,0.18113588255868196,0.18113588255868196,0.18113588255868196,0.18113588255868196,0.18113588255868196,0.0,0.0,1.0,0.18113588255868196,0.0,,,,
credit_approval,craig_coreset,CRAIG-style,budget_50,seed_1,0.13079723680926852,0.13079723680926852,0.13079723680926852,0.13079723680926852,0.13079723680926852,0.13079723680926852,0.0,0.0,1.0,0.13079723680926852,0.0,,,,
credit_approval,craig_coreset,CRAIG-style,budget_50,seed_2,0.048889302158418024,0.048889302158418024,0.048889302158418024,0.048889302158418024,0.048889302158418024,0.048889302158418024,0.0,0.0,1.0,0.048889302158418024,0.0,,,,
credit_approval,gradmatch_coreset,GradMatch-style,budget_25,seed_0,0.19803744566359657,0.19803744566359657,0.19803744566359657,0.19803744566359657,0.19803744566359657,0.19803744566359657,0.0,0.0,1.0,0.19803744566359657,0.0,,,,
credit_approval,gradmatch_coreset,GradMatch-style,budget_25,seed_1,0.13079723680926852,0.13079723680926852,0.13079723680926852,0.13079723680926852,0.13079723680926852,0.13079723680926852,0.0,0.0,1.0,0.13079723680926852,0.0,,,,
credit_approval,gradmatch_coreset,GradMatch-style,budget_25,seed_2,0.048889302158418024,0.048889302158418024,0.048889302158418024,0.048889302158418024,0.048889302158418024,0.048889302158418024,0.0,0.0,1.0,0.048889302158418024,0.0,,,,
credit_approval,gradmatch_coreset,GradMatch-style,budget_50,seed_0,0.18113588255868196,0.18113588255868196,0.18113588255868196,0.18113588255868196,0.18113588255868196,0.18113588255868196,0.0,0.0,1.0,0.18113588255868196,0.0,,,,
credit_approval,gradmatch_coreset,GradMatch-style,budget_50,seed_1,0.13079723680926852,0.13079723680926852,0.13079723680926852,0.13079723680926852,0.13079723680926852,0.13079723680926852,0.0,0.0,1.0,0.13079723680926852,0.0,,,,
credit_approval,gradmatch_coreset,GradMatch-style,budget_50,seed_2,0.048889302158418024,0.048889302158418024,0.048889302158418024,0.048889302158418024,0.048889302158418024,0.048889302158418024,0.0,0.0,1.0,0.048889302158418024,0.0,,,,
credit_approval,grand_coreset,GraNd,budget_25,seed_0,0.17307217759848043,0.17307217759848043,0.17307217759848043,0.17307217759848043,0.17307217759848043,0.17307217759848043,0.0,0.0,1.0,0.17307217759848043,0.0,,,,
credit_approval,grand_coreset,GraNd,budget_25,seed_1,0.13079723680926852,0.13079723680926852,0.13079723680926852,0.13079723680926852,0.13079723680926852,0.13079723680926852,0.0,0.0,1.0,0.13079723680926852,0.0,,,,
credit_approval,grand_coreset,GraNd,budget_25,seed_2,0.048889302158418024,0.048889302158418024,0.048889302158418024,0.048889302158418024,0.048889302158418024,0.048889302158418024,0.0,0.0,1.0,0.048889302158418024,0.0,,,,
credit_approval,grand_coreset,GraNd,budget_50,seed_0,0.18113588255868196,0.18113588255868196,0.18113588255868196,0.18113588255868196,0.18113588255868196,0.18113588255868196,0.0,0.0,1.0,0.18113588255868196,0.0,,,,
credit_approval,grand_coreset,GraNd,budget_50,seed_1,0.13079723680926852,0.13079723680926852,0.13079723680926852,0.13079723680926852,0.13079723680926852,0.13079723680926852,0.0,0.0,1.0,0.13079723680926852,0.0,,,,
credit_approval,grand_coreset,GraNd,budget_50,seed_2,0.048889302158418024,0.048889302158418024,0.048889302158418024,0.048889302158418024,0.048889302158418024,0.048889302158418024,0.0,0.0,1.0,0.048889302158418024,0.0,,,,
credit_approval,el2n_coreset,EL2N,budget_25,seed_0,0.17307217759848043,0.17307217759848043,0.17307217759848043,0.17307217759848043,0.17307217759848043,0.17307217759848043,0.0,0.0,1.0,0.17307217759848043,0.0,,,,
credit_approval,el2n_coreset,EL2N,budget_25,seed_1,0.13079723680926852,0.13079723680926852,0.13079723680926852,0.13079723680926852,0.13079723680926852,0.13079723680926852,0.0,0.0,1.0,0.13079723680926852,0.0,,,,
credit_approval,el2n_coreset,EL2N,budget_25,seed_2,0.048889302158418024,0.048889302158418024,0.048889302158418024,0.048889302158418024,0.048889302158418024,0.048889302158418024,0.0,0.0,1.0,0.048889302158418024,0.0,,,,
credit_approval,el2n_coreset,EL2N,budget_50,seed_0,0.18113588255868196,0.18113588255868196,0.18113588255868196,0.18113588255868196,0.18113588255868196,0.18113588255868196,0.0,0.0,1.0,0.18113588255868196,0.0,,,,
credit_approval,el2n_coreset,EL2N,budget_50,seed_1,0.13079723680926852,0.13079723680926852,0.13079723680926852,0.13079723680926852,0.13079723680926852,0.13079723680926852,0.0,0.0,1.0,0.13079723680926852,0.0,,,,
credit_approval,el2n_coreset,EL2N,budget_50,seed_2,0.048889302158418024,0.048889302158418024,0.048889302158418024,0.048889302158418024,0.048889302158418024,0.048889302158418024,0.0,0.0,1.0,0.048889302158418024,0.0,,,,
credit_approval,distribution_matching,DistributionMatching,budget_25,seed_0,0.18113588255868196,0.18113588255868196,0.18113588255868196,0.18113588255868196,0.18113588255868196,0.18113588255868196,0.0,0.0,1.0,0.18113588255868196,0.0,,,,
credit_approval,distribution_matching,DistributionMatching,budget_25,seed_1,0.13079723680926852,0.13079723680926852,0.13079723680926852,0.13079723680926852,0.13079723680926852,0.13079723680926852,0.0,0.0,1.0,0.13079723680926852,0.0,,,,
credit_approval,distribution_matching,DistributionMatching,budget_25,seed_2,0.048889302158418024,0.048889302158418024,0.048889302158418024,0.048889302158418024,0.048889302158418024,0.048889302158418024,0.0,0.0,1.0,0.048889302158418024,0.0,,,,
credit_approval,distribution_matching,DistributionMatching,budget_50,seed_0,0.18113588255868196,0.18113588255868196,0.18113588255868196,0.18113588255868196,0.18113588255868196,0.18113588255868196,0.0,0.0,1.0,0.18113588255868196,0.0,,,,
credit_approval,distribution_matching,DistributionMatching,budget_50,seed_1,0.13079723680926852,0.13079723680926852,0.13079723680926852,0.13079723680926852,0.13079723680926852,0.13079723680926852,0.0,0.0,1.0,0.13079723680926852,0.0,,,,
credit_approval,distribution_matching,DistributionMatching,budget_50,seed_2,0.048889302158418024,0.048889302158418024,0.048889302158418024,0.048889302158418024,0.048889302158418024,0.048889302158418024,0.0,0.0,1.0,0.048889302158418024,0.0,,,,
credit_approval,k_center,K-center,budget_25,seed_0,0.13389549692764902,0.13389549692764902,0.13389549692764902,0.13389549692764902,0.13389549692764902,0.13389549692764902,0.0,0.0,1.0,0.13389549692764902,0.0,,,,
credit_approval,k_center,K-center,budget_25,seed_1,0.16639767685974763,0.16639767685974763,0.16639767685974763,0.16639767685974763,0.16639767685974763,0.16639767685974763,0.0,0.0,1.0,0.16639767685974763,0.0,,,,
credit_approval,k_center,K-center,budget_25,seed_2,0.39965504332949886,0.39965504332949886,0.39965504332949886,0.39965504332949886,0.39965504332949886,0.39965504332949886,0.0,0.0,1.0,0.39965504332949886,0.0,,,,
credit_approval,k_center,K-center,budget_50,seed_0,0.13389549692764902,0.13389549692764902,0.13389549692764902,0.13389549692764902,0.13389549692764902,0.13389549692764902,0.0,0.0,1.0,0.13389549692764902,0.0,,,,
credit_approval,k_center,K-center,budget_50,seed_1,0.13079723680926852,0.13079723680926852,0.13079723680926852,0.13079723680926852,0.13079723680926852,0.13079723680926852,0.0,0.0,1.0,0.13079723680926852,0.0,,,,
credit_approval,k_center,K-center,budget_50,seed_2,0.048889302158418024,0.048889302158418024,0.048889302158418024,0.048889302158418024,0.048889302158418024,0.048889302158418024,0.0,0.0,1.0,0.048889302158418024,0.0,,,,
credit_approval,gradient_sampling,Gradient sampling,budget_25,seed_0,0.18113588255868196,0.18113588255868196,0.18113588255868196,0.18113588255868196,0.18113588255868196,0.18113588255868196,0.0,0.0,1.0,0.18113588255868196,0.0,,,,
credit_approval,gradient_sampling,Gradient sampling,budget_25,seed_1,0.13079723680926852,0.13079723680926852,0.13079723680926852,0.13079723680926852,0.13079723680926852,0.13079723680926852,0.0,0.0,1.0,0.13079723680926852,0.0,,,,
credit_approval,gradient_sampling,Gradient sampling,budget_25,seed_2,0.048889302158418024,0.048889302158418024,0.048889302158418024,0.048889302158418024,0.048889302158418024,0.048889302158418024,0.0,0.0,1.0,0.048889302158418024,0.0,,,,
credit_approval,gradient_sampling,Gradient sampling,budget_50,seed_0,0.08944207701814422,0.08944207701814422,0.08944207701814422,0.08944207701814422,0.08944207701814422,0.08944207701814422,0.0,0.0,1.0,0.08944207701814422,0.0,,,,
credit_approval,gradient_sampling,Gradient sampling,budget_50,seed_1,0.33613921445672384,0.33613921445672384,0.33613921445672384,0.33613921445672384,0.33613921445672384,0.33613921445672384,0.0,0.0,1.0,0.33613921445672384,0.0,,,,
credit_approval,gradient_sampling,Gradient sampling,budget_50,seed_2,0.03915651225114625,0.03915651225114625,0.03915651225114625,0.03915651225114625,0.03915651225114625,0.03915651225114625,0.0,0.0,1.0,0.03915651225114625,0.0,,,,
credit_approval,gain_herding,Gain sketch,budget_25,seed_0,0.18113588255868196,0.18113588255868196,0.18113588255868196,0.18113588255868196,0.18113588255868196,0.18113588255868196,0.0,0.0,1.0,0.18113588255868196,0.0,,,,
credit_approval,gain_herding,Gain sketch,budget_25,seed_1,0.13079723680926852,0.13079723680926852,0.13079723680926852,0.13079723680926852,0.13079723680926852,0.13079723680926852,0.0,0.0,1.0,0.13079723680926852,0.0,,,,
credit_approval,gain_herding,Gain sketch,budget_25,seed_2,0.048889302158418024,0.048889302158418024,0.048889302158418024,0.048889302158418024,0.048889302158418024,0.048889302158418024,0.0,0.0,1.0,0.048889302158418024,0.0,,,,
credit_approval,gain_herding,Gain sketch,budget_50,seed_0,0.18113588255868196,0.18113588255868196,0.18113588255868196,0.18113588255868196,0.18113588255868196,0.18113588255868196,0.0,0.0,1.0,0.18113588255868196,0.0,,,,
credit_approval,gain_herding,Gain sketch,budget_50,seed_1,0.13079723680926852,0.13079723680926852,0.13079723680926852,0.13079723680926852,0.13079723680926852,0.13079723680926852,0.0,0.0,1.0,0.13079723680926852,0.0,,,,
credit_approval,gain_herding,Gain sketch,budget_50,seed_2,0.048889302158418024,0.048889302158418024,0.048889302158418024,0.048889302158418024,0.048889302158418024,0.048889302158418024,0.0,0.0,1.0,0.048889302158418024,0.0,,,,
credit_approval,gain_path_herding,Gain-path sketch,budget_25,seed_0,0.18113588255868196,0.18113588255868196,0.18113588255868196,0.18113588255868196,0.18113588255868196,0.18113588255868196,0.0,0.0,1.0,0.18113588255868196,0.0,,,,
credit_approval,gain_path_herding,Gain-path sketch,budget_25,seed_1,0.13079723680926852,0.13079723680926852,0.13079723680926852,0.13079723680926852,0.13079723680926852,0.13079723680926852,0.0,0.0,1.0,0.13079723680926852,0.0,,,,
credit_approval,gain_path_herding,Gain-path sketch,budget_25,seed_2,0.048889302158418024,0.048889302158418024,0.048889302158418024,0.048889302158418024,0.048889302158418024,0.048889302158418024,0.0,0.0,1.0,0.048889302158418024,0.0,,,,
credit_approval,gain_path_herding,Gain-path sketch,budget_50,seed_0,0.18113588255868196,0.18113588255868196,0.18113588255868196,0.18113588255868196,0.18113588255868196,0.18113588255868196,0.0,0.0,1.0,0.18113588255868196,0.0,,,,
credit_approval,gain_path_herding,Gain-path sketch,budget_50,seed_1,0.13079723680926852,0.13079723680926852,0.13079723680926852,0.13079723680926852,0.13079723680926852,0.13079723680926852,0.0,0.0,1.0,0.13079723680926852,0.0,,,,
credit_approval,gain_path_herding,Gain-path sketch,budget_50,seed_2,0.048889302158418024,0.048889302158418024,0.048889302158418024,0.048889302158418024,0.048889302158418024,0.048889302158418024,0.0,0.0,1.0,0.048889302158418024,0.0,,,,
credit_g,histdistill_greedy,HistDistill-Greedy,budget_25,seed_0,16.70333485322768,0.8612096392357314,10.271667117211088,0.8211554304833035,26.49714542477421,0.8956339823767654,0.0,0.0,20.0,0.8653694072163358,0.0,0.8129822871797362,0.0,0.802040872278442,0.0
credit_g,histdistill_greedy,HistDistill-Greedy,budget_25,seed_1,19.19399959291458,0.943668312744719,11.093614232531603,0.9194340671896617,29.434910699185718,0.9949338265610854,0.0,0.0,20.0,0.961574585875832,0.0,0.8983755216504488,0.0,0.9100616982790419,0.0
credit_g,histdistill_greedy,HistDistill-Greedy,budget_25,seed_2,16.82640353051599,0.8713717484194823,10.922978562779878,0.8449669644833349,26.49714542477421,0.8956339823767654,0.05555555555555555,0.007479656092120087,18.0,0.8661449031103114,0.0,0.8908474673958731,0.0,0.8030554385211379,0.125
credit_g,histdistill_greedy,HistDistill-Greedy,budget_50,seed_0,15.693130523372853,0.8407169829649724,10.027250735913423,0.8353999252615372,23.84852005710064,0.8061073994998169,0.05,0.016818465289789752,20.0,0.8307903753520447,0.0,0.9087655314927635,0.0,0.7890503821682153,0.1111111111111111
credit_g,histdistill_greedy,HistDistill-Greedy,budget_50,seed_1,17.309786067246606,0.8482956917132953,9.97242890525204,0.8585550070553853,27.013887847935557,0.9131004704417891,0.05,0.06355042928724827,20.0,0.8787878567249218,0.0,0.9075028164463754,0.0,0.8146826620894275,0.1111111111111111
credit_g,histdistill_greedy,HistDistill-Greedy,budget_50,seed_2,17.059071823601286,0.8783545753657901,11.010510972661734,0.8479501387808026,26.49714542477421,0.8956339823767654,0.0,0.0,18.0,0.8661449031103114,0.0,0.8779867473640118,0.0,0.8178055307103539,0.0
credit_g,histdistill_refined,HistDistill-Refined,budget_25,seed_0,2.1473482846053558,0.2488318458391756,2.967823131763148,0.4937987398440099,0.9108990061762654,0.030789433781116,0.0,0.0,20.0,0.13365967022233555,0.0,0.51031838235099,0.0,0.682862905740287,0.0
credit_g,histdistill_refined,HistDistill-Refined,budget_25,seed_1,1.714546623031622,0.2162275972813087,2.541937159772945,0.533015188495378,0.9108990061762654,0.030789433781116,0.2,0.242710410816933,20.0,0.0181159919120697,0.4,0.6283019908687907,0.16666666666666666,0.7555457627927186,0.1111111111111111
credit_g,histdistill_refined,HistDistill-Refined,budget_25,seed_2,2.49532050630626,0.23924449813057777,2.9990214039912804,0.44785468579522064,0.9108990061762654,0.030789433781116,0.1111111111111111,0.13003512043274823,18.0,0.019309594081215208,0.2,0.35050194923676375,0.2,0.7765408284655093,0.0
credit_g,histdistill_refined,HistDistill-Refined,budget_50,seed_0,0.9489289148708804,0.10088091506100655,1.2032089874259662,0.24703356814385113,0.9108990061762654,0.030789433781116,0.2,0.13484064676657068,20.0,0.02296173285704704,0.2,0.26531241743289824,0.3333333333333333,0.35933202155493316,0.1111111111111111
credit_g,histdistill_refined,HistDistill-Refined,budget_50,seed_1,1.9293795243171503,0.1965719157499109,2.310868101458797,0.45457647429217696,0.9108990061762654,0.030789433781116,0.2,0.23805778200215597,20.0,0.13480738142032173,0.2,0.4002923409290143,0.16666666666666666,0.6684153925742049,0.2222222222222222
credit_g,histdistill_refined,HistDistill-Refined,budget_50,seed_2,1.1773937698527361,0.1420734797640007,1.7809454766195212,0.34640415852307876,0.9108990061762654,0.030789433781116,0.1111111111111111,0.13003512043274823,18.0,0.019309594081215208,0.2,0.3596056516812097,0.2,0.5425873280754117,0.0
credit_g,histdistill_density,HistDistill-Density,budget_25,seed_0,2.1473482846053558,0.2488318458391756,2.967823131763148,0.4937987398440099,0.9108990061762654,0.030789433781116,0.0,0.0,20.0,0.13365967022233555,0.0,0.51031838235099,0.0,0.682862905740287,0.0
credit_g,histdistill_density,HistDistill-Density,budget_25,seed_1,1.714546623031622,0.2162275972813087,2.541937159772945,0.533015188495378,0.9108990061762654,0.030789433781116,0.2,0.242710410816933,20.0,0.0181159919120697,0.4,0.6283019908687907,0.16666666666666666,0.7555457627927186,0.1111111111111111
credit_g,histdistill_density,HistDistill-Density,budget_25,seed_2,2.49532050630626,0.23924449813057777,2.9990214039912804,0.44785468579522064,0.9108990061762654,0.030789433781116,0.1111111111111111,0.13003512043274823,18.0,0.019309594081215208,0.2,0.35050194923676375,0.2,0.7765408284655093,0.0
credit_g,histdistill_density,HistDistill-Density,budget_50,seed_0,0.9489289148708804,0.10088091506100655,1.2032089874259662,0.24703356814385113,0.9108990061762654,0.030789433781116,0.2,0.13484064676657068,20.0,0.02296173285704704,0.2,0.26531241743289824,0.3333333333333333,0.35933202155493316,0.1111111111111111
credit_g,histdistill_density,HistDistill-Density,budget_50,seed_1,1.8868546990438173,0.19399797274462433,2.2806092378607175,0.45203818936164913,0.9108990061762654,0.030789433781116,0.25,0.2756484155411126,20.0,0.0181159919120697,0.4,0.5166106293139807,0.16666666666666666,0.6500577835320833,0.2222222222222222
credit_g,histdistill_density,HistDistill-Density,budget_50,seed_2,0.8217900734650795,0.10348667215182462,1.2972450661822907,0.29391748622728453,0.9108990061762654,0.030789433781116,0.1111111111111111,0.13003512043274823,18.0,0.019309594081215208,0.2,0.17065363141635054,0.2,0.5425873280754117,0.0
credit_g,gain_path_refined,Legacy gain-path refined,budget_25,seed_0,1.8222161227999536,0.25070715655585685,2.9901900056873436,0.5271464870443576,0.0,0.0,0.3,0.6242014085368384,20.0,0.146884870811116,0.8,0.5668576431667428,0.16666666666666666,0.7119288364256795,0.1111111111111111
credit_g,gain_path_refined,Legacy gain-path refined,budget_25,seed_1,1.7233184946080025,0.21482053687647013,2.5253959819858602,0.523046941514391,0.9108990061762654,0.030789433781116,0.2,0.242710410816933,20.0,0.0181159919120697,0.4,0.6511248349208748,0.16666666666666666,0.7181788734669138,0.1111111111111111
credit_g,gain_path_refined,Legacy gain-path refined,budget_25,seed_2,2.2424160093110577,0.2252475504490708,2.823564304599699,0.434996072789528,0.9108990061762654,0.030789433781116,0.05555555555555555,0.07332974922182392,18.0,0.1835782677526358,0.0,0.36194365557142055,0.0,0.6377899616989029,0.125
credit_g,gain_path_refined,Legacy gain-path refined,budget_50,seed_0,1.0453968875269908,0.11347702548055594,1.3534430852654475,0.25900543046850266,0.9108990061762654,0.030789433781116,0.2,0.13484064676657068,20.0,0.02296173285704704,0.2,0.26531241743289824,0.3333333333333333,0.38593616005415865,0.1111111111111111
credit_g,gain_path_refined,Legacy gain-path refined,budget_50,seed_1,2.3007649777173462,0.23908010593328638,2.81058760803613,0.5092981726220768,0.9108990061762654,0.030789433781116,0.15,0.20052654534230666,20.0,0.13480738142032173,0.2,0.4002923409290143,0.16666666666666666,0.7900191666406491,0.1111111111111111
credit_g,gain_path_refined,Legacy gain-path refined,budget_50,seed_2,1.5162181102471082,0.18449252849317546,2.312684497034992,0.4141293397256777,0.9108990061762654,0.030789433781116,0.1111111111111111,0.13003512043274823,18.0,0.1334981153354602,0.2,0.4737941729354548,0.2,0.5522333342134531,0.0
credit_g,herding,Herding,budget_25,seed_0,1.967630254460609,0.22991439817573683,2.7421942996491144,0.4482564664537342,0.9108990061762654,0.030789433781116,0.1,0.0704341652762595,20.0,0.16125954825619254,0.0,0.5519567366094447,0.16666666666666666,0.5385656853485614,0.1111111111111111
credit_g,herding,Herding,budget_25,seed_1,1.1928117870655086,0.13509574041878844,1.5881639856118543,0.31761951008619327,0.9108990061762654,0.030789433781116,0.3,0.33629473756167744,20.0,0.0181159919120697,0.4,0.43855049918782996,0.16666666666666666,0.40338969411517095,0.3333333333333333
credit_g,herding,Herding,budget_25,seed_2,1.7518699345109094,0.2131297548543929,2.6716630962475834,0.43820305812924576,0.9108990061762654,0.030789433781116,0.16666666666666666,0.20336486965457215,18.0,0.15793331288125664,0.2,0.4752481836530949,0.2,0.5902184454568332,0.125
credit_g,herding,Herding,budget_50,seed_0,1.5457489162841338,0.149714061702845,1.7856430473095215,0.24551835555166993,0.9108990061762654,0.030789433781116,0.2,0.0946794102826387,20.0,0.10157215502670333,0.0,0.2674829475022412,0.16666666666666666,0.3108454056540483,0.3333333333333333
credit_g,herding,Herding,budget_50,seed_1,0.8354949208769525,0.09844529133352199,1.1573071494652578,0.2373624117633483,0.9108990061762654,0.030789433781116,0.4,0.47127153260395527,20.0,0.0181159919120697,0.4,0.2783937243426035,0.3333333333333333,0.33181176996122186,0.4444444444444444
credit_g,herding,Herding,budget_50,seed_2,0.9944442877447648,0.11526058305134781,1.4448355481882103,0.23007044717231173,0.9108990061762654,0.030789433781116,0.2222222222222222,0.26160778627410375,18.0,0.08591439825411899,0.2,0.23728938428442672,0.2,0.31565614205111014,0.25
credit_g,random,Random,budget_25,seed_0,1.1795708270206884,0.15447363187035293,1.8424105498482017,0.28907958030526093,0.0,0.0,0.35,0.6529372817749352,20.0,0.009652096760339906,0.8,0.29332897734897484,0.16666666666666666,0.4414841398010745,0.2222222222222222
credit_g,random,Random,budget_25,seed_1,12.753126145449695,0.6397187175710016,7.520431251337728,0.6478926030682826,19.283968723781875,0.6518203160088867,0.0,0.0,20.0,0.7185183424915749,0.0,0.5877607441442139,0.0,0.6487439871158324,0.0
credit_g,random,Random,budget_25,seed_2,4.15701814827925,0.3689041237344613,4.624354464763737,0.5608217933370161,0.0,0.0,0.2777777777777778,0.5462839942282821,18.0,0.24257748197859846,0.6,0.582083576113333,0.2,0.7464358737008291,0.125
credit_g,random,Random,budget_50,seed_0,1.925256459649871,0.20008487967291136,2.3864169483881357,0.33523829840166997,0.9108990061762654,0.030789433781116,0.2,0.13484064676657068,20.0,0.02296173285704704,0.2,0.4522758621375164,0.3333333333333333,0.4307002367692296,0.1111111111111111
credit_g,random,Random,budget_50,seed_1,3.3687000299045256,0.3138546461019415,3.689625180711731,0.5813853700488817,0.0,0.0,0.25,0.5540794656955466,20.0,0.28861541640687927,0.6,0.5421164782593255,0.16666666666666666,0.7702146054874761,0.1111111111111111
credit_g,random,Random,budget_50,seed_2,1.053506109948664,0.15402654332807095,1.9307817058829824,0.3703555382940285,0.0,0.0,0.2777777777777778,0.5462839942282821,18.0,0.17277882792324087,0.6,0.2894786849953277,0.2,0.5443890155874588,0.125
credit_g,goss_coreset,GOSS coreset,budget_25,seed_0,13.232205191747331,0.674539225385785,8.045244810326247,0.6860035863807455,21.336705399150844,0.7212051759195922,0.0,0.0,20.0,0.6734410054845622,0.0,0.4574445802058491,0.0,0.8453554687730003,0.0
credit_g,goss_coreset,GOSS coreset,budget_25,seed_1,15.693874260687169,0.8130454175105204,9.558032301789597,0.8651625075976513,19.383644766206352,0.6551894808526105,0.0,0.0,20.0,0.7279276199243718,0.0,0.8628007822295438,0.0,0.9429785954393226,0.0
credit_g,goss_coreset,GOSS coreset,budget_25,seed_2,2.47682188379064,0.29303590851486755,3.6733173328586415,0.5470681312050889,0.0,0.0,0.2222222222222222,0.48804107760875054,18.0,0.18682419759802063,0.6,0.5327689654717883,0.2,0.7811575682928193,0.0
credit_g,goss_coreset,GOSS coreset,budget_50,seed_0,3.7648221335164536,0.39971190963459385,4.767373112770615,0.6475467780108154,0.9108990061762654,0.030789433781116,0.0,0.0,20.0,0.3907835125165528,0.0,0.7502875828486552,0.0,0.7216991667268461,0.0
credit_g,goss_coreset,GOSS coreset,budget_50,seed_1,13.89077819556543,0.7311812219778588,8.59564987098145,0.7681159167280475,19.283968723781875,0.6518203160088867,0.0,0.0,20.0,0.7484654356085454,0.0,0.6589164584606203,0.0,0.8518324895282778,0.0
credit_g,goss_coreset,GOSS coreset,budget_50,seed_2,2.0591147824520326,0.21412968068845448,2.684197549504342,0.4133562089924806,0.0,0.0,0.2222222222222222,0.39226876467281263,18.0,0.00699382056876881,0.6,0.3076320624864579,0.2,0.7334102933235647,0.0
credit_g,mvs_coreset,MVS coreset,budget_25,seed_0,12.033185707844867,0.6536949287062702,7.796634405809212,0.7426375083701269,19.283968723781875,0.6518203160088867,0.0,0.0,20.0,0.6320544511227493,0.0,0.6985783565858615,0.0,0.8334453080304026,0.0
credit_g,mvs_coreset,MVS coreset,budget_25,seed_1,1.6374887014689918,0.2068808957072057,2.432058826242693,0.5255650414861333,0.9108990061762654,0.030789433781116,0.2,0.242710410816933,20.0,0.0181159919120697,0.4,0.602652841107742,0.16666666666666666,0.7560893137239851,0.1111111111111111
credit_g,mvs_coreset,MVS coreset,budget_25,seed_2,17.548460772863262,0.8914364387059315,11.174497139397992,0.8686758129565396,27.97872065001632,0.9457129285387802,0.0,0.0,18.0,0.9351716416996071,0.0,0.9266707676983984,0.0,0.7908690732784605,0.0
credit_g,mvs_coreset,MVS coreset,budget_50,seed_0,1.7893532178691798,0.1846644619231846,2.2024972722520317,0.3764405588259605,0.9108990061762654,0.030789433781116,0.1,0.061388039174202734,20.0,0.2468907926225116,0.0,0.29586784552474366,0.16666666666666666,0.5021277933620211,0.1111111111111111
credit_g,mvs_coreset,MVS coreset,budget_50,seed_1,15.442690174449668,0.780126931378073,9.1710478271174,0.8016138196942919,28.817991645270602,0.97408125319122,0.0,0.0,20.0,0.915531079394347,0.0,0.6606325167924868,0.0,0.8323139884621314,0.0
credit_g,mvs_coreset,MVS coreset,budget_50,seed_2,3.692266048926454,0.3519517699259872,4.411850217782481,0.5602687373417417,0.0,0.0,0.16666666666666666,0.33556339346188835,18.0,0.30932901894461173,0.4,0.5589762708416602,0.0,0.7179138529024991,0.125
credit_g,craig_coreset,CRAIG-style,budget_25,seed_0,18.219474507991336,0.9403269620666674,11.215301241006419,0.8961865473003355,29.484566881374157,0.9966122626148604,0.0,0.0,20.0,0.9474931682372036,0.0,0.9199772126196577,0.0,0.8518224254558605,0.0
credit_g,craig_coreset,CRAIG-style,budget_25,seed_1,18.70591045137424,0.914717872580368,10.75327747362193,0.8612707770092228,29.08166571366483,0.9829937398813751,0.0,0.0,20.0,0.9886891017415529,0.0,0.7898007665917928,0.0,0.838129492436215,0.0
credit_g,craig_coreset,CRAIG-style,budget_25,seed_2,2.3305515931255174,0.23335640513334865,2.9252119033951853,0.47237890736766386,0.9108990061762654,0.030789433781116,0.1111111111111111,0.13003512043274823,18.0,0.019309594081215208,0.2,0.30931988527565984,0.2,0.8574591169791967,0.0
credit_g,craig_coreset,CRAIG-style,budget_50,seed_0,18.326744637542834,0.917419554294796,10.942084063177699,0.8399974776420924,29.484566881374157,0.9966122626148604,0.05,0.016818465289789752,20.0,0.9537309119534797,0.0,0.8455892454475312,0.0,0.7730843911543623,0.1111111111111111
credit_g,craig_coreset,CRAIG-style,budget_50,seed_1,6.884979039326891,0.44212524536256387,5.197553895022542,0.5333282513464681,0.9108990061762654,0.030789433781116,0.05,0.016880225882818543,20.0,0.25755768642759436,0.0,0.6245545929180918,0.0,0.6257165596980931,0.1111111111111111
credit_g,craig_coreset,CRAIG-style,budget_50,seed_2,18.845897018056487,0.9622372337382772,12.062012218661025,0.9224451010424873,29.566379861308864,0.9993776354070752,0.0,0.0,18.0,0.999093031547217,0.0,0.8722656779998829,0.0,0.9059022838786593,0.0
credit_g,gradmatch_coreset,GradMatch-style,budget_25,seed_0,13.166952587543616,0.6914899389287701,8.247416359482685,0.7123158022231564,19.283968723781875,0.6518203160088867,0.0,0.0,20.0,0.7694024090491125,0.0,0.6608430064095964,0.0,0.7149162178622208,0.0
credit_g,gradmatch_coreset,GradMatch-style,budget_25,seed_1,15.649113983285229,0.7736014187834693,9.094334941438845,0.7191464570593105,23.77797263776369,0.8037228156092034,0.1,0.015611016974925347,20.0,0.7540848583661266,0.0,0.6531335006538429,0.16666666666666666,0.7437448717147245,0.1111111111111111
credit_g,gradmatch_coreset,GradMatch-style,budget_25,seed_2,17.152837802398036,0.8676335792008291,10.876119180072724,0.8269947741004616,27.39165041423939,0.925869279542834,0.0,0.0,18.0,0.9470888139848114,0.0,0.910006034203106,0.0,0.7000539616085906,0.0
credit_g,gradmatch_coreset,GradMatch-style,budget_50,seed_0,14.891591893039642,0.7282925493948343,8.68636193850253,0.664842750669225,24.807781756085358,0.8385315479063808,0.0,0.0,20.0,0.8013632271031879,0.0,0.6626807072333419,0.0,0.5904394038298344,0.0
credit_g,gradmatch_coreset,GradMatch-style,budget_50,seed_1,15.430113395863739,0.7502191985738751,8.81945728855795,0.7102458776988543,24.510313271358008,0.8284767710865789,0.15,0.07916144626217361,20.0,0.7913553641620663,0.0,0.6953810605285223,0.16666666666666666,0.6750949299995134,0.2222222222222222
credit_g,gradmatch_coreset,GradMatch-style,budget_50,seed_2,12.44594925366199,0.6475504867657611,8.1172933344346,0.6248687114683722,18.678580661368798,0.6313575034103858,0.0,0.0,18.0,0.6646565635484463,0.0,0.5644317182155779,0.0,0.6377744247013224,0.0
credit_g,grand_coreset,GraNd,budget_25,seed_0,12.500611635897375,0.6054549231784379,7.22127475359486,0.6105908199885246,21.336705399150844,0.7212051759195922,0.0,0.0,20.0,0.6734410054845622,0.0,0.43743755928728884,0.0,0.6911095574026611,0.0
credit_g,grand_coreset,GraNd,budget_25,seed_1,18.362107121367703,0.9136966864848879,10.741272572694474,0.8530499365053142,26.655985426584,0.9010029570757766,0.1,0.015611016974925347,20.0,0.9541667979582698,0.0,0.7851566227298318,0.16666666666666666,0.8421361115484385,0.1111111111111111
credit_g,grand_coreset,GraNd,budget_25,seed_2,3.782902859946599,0.3586777980646982,4.496163556268671,0.5872668875471274,0.9108990061762654,0.030789433781116,0.1111111111111111,0.13003512043274823,18.0,0.21333798527200093,0.2,0.5887475655068061,0.2,0.8200470277442824,0.0
credit_g,grand_coreset,GraNd,budget_50,seed_0,11.029896034370422,0.5176166725359665,6.173625923795067,0.5013893161135196,19.283968723781875,0.6518203160088867,0.05,0.0287358732380968,20.0,0.6320544511227493,0.0,0.3754950723879447,0.0,0.5127270702587752,0.1111111111111111
credit_g,grand_coreset,GraNd,budget_50,seed_1,1.0343631830052455,0.1673476010659055,1.9673117173607668,0.4345079726185421,0.0,0.0,0.25,0.5540794656955466,20.0,0.00798214784364519,0.6,0.5268488616396857,0.16666666666666666,0.6099061714793892,0.1111111111111111
credit_g,grand_coreset,GraNd,budget_50,seed_2,5.062110943958547,0.4343534331701523,5.44478662269347,0.6184246448583721,0.0,0.0,0.2777777777777778,0.5240288887507628,18.0,0.19949870601635028,0.8,0.673394928529514,0.2,0.8458969293401721,0.0
credit_g,el2n_coreset,EL2N,budget_25,seed_0,12.500611635897375,0.6054549231784379,7.22127475359486,0.6105908199885246,21.336705399150844,0.7212051759195922,0.0,0.0,20.0,0.6734410054845622,0.0,0.43743755928728884,0.0,0.6911095574026611,0.0
credit_g,el2n_coreset,EL2N,budget_25,seed_1,18.362107121367703,0.9136966864848879,10.741272572694474,0.8530499365053142,26.655985426584,0.9010029570757766,0.1,0.015611016974925347,20.0,0.9541667979582698,0.0,0.7851566227298318,0.16666666666666666,0.8421361115484385,0.1111111111111111
credit_g,el2n_coreset,EL2N,budget_25,seed_2,3.782902859946599,0.3586777980646982,4.496163556268671,0.5872668875471274,0.9108990061762654,0.030789433781116,0.1111111111111111,0.13003512043274823,18.0,0.21333798527200093,0.2,0.5887475655068061,0.2,0.8200470277442824,0.0
credit_g,el2n_coreset,EL2N,budget_50,seed_0,11.029896034370422,0.5176166725359665,6.173625923795067,0.5013893161135196,19.283968723781875,0.6518203160088867,0.05,0.0287358732380968,20.0,0.6320544511227493,0.0,0.3754950723879447,0.0,0.5127270702587752,0.1111111111111111
credit_g,el2n_coreset,EL2N,budget_50,seed_1,1.0343631830052455,0.1673476010659055,1.9673117173607668,0.4345079726185421,0.0,0.0,0.25,0.5540794656955466,20.0,0.00798214784364519,0.6,0.5268488616396857,0.16666666666666666,0.6099061714793892,0.1111111111111111
credit_g,el2n_coreset,EL2N,budget_50,seed_2,5.062110943958547,0.4343534331701523,5.44478662269347,0.6184246448583721,0.0,0.0,0.2777777777777778,0.5240288887507628,18.0,0.19949870601635028,0.8,0.673394928529514,0.2,0.8458969293401721,0.0
credit_g,distribution_matching,DistributionMatching,budget_25,seed_0,18.29875663868465,0.9146167287923395,10.908654699132944,0.8718437518688699,29.325319728680142,0.991229525747811,0.0,0.0,20.0,0.9846426003176724,0.0,0.7136164962118517,0.0,0.9146625620575475,0.0
credit_g,distribution_matching,DistributionMatching,budget_25,seed_1,15.986774084424363,0.7767991745508419,9.13192724841152,0.7542110222012859,24.19237811996901,0.8177301974005754,0.05,0.03003389745749612,20.0,0.7607536166976432,0.0,0.8415327579460823,0.0,0.6923617569845567,0.1111111111111111
credit_g,distribution_matching,DistributionMatching,budget_25,seed_2,2.1081556890234303,0.22647228404046227,2.8389168091858883,0.4398612187462078,0.9108990061762654,0.030789433781116,0.16666666666666666,0.20336486965457215,18.0,0.019309594081215208,0.2,0.3657458589181722,0.2,0.7490280840543504,0.125
credit_g,distribution_matching,DistributionMatching,budget_50,seed_0,2.083765776973568,0.2717029266979581,3.2406070376663765,0.5003164613102545,0.0,0.0,0.3,0.6242014085368384,20.0,0.11069793736528852,0.8,0.5209222972569758,0.16666666666666666,0.703033972870755,0.1111111111111111
credit_g,distribution_matching,DistributionMatching,budget_50,seed_1,0.7380577903375991,0.13697250347800685,1.6102269129176132,0.42626495032616535,0.0,0.0,0.3,0.5841133631530427,20.0,0.00798214784364519,0.6,0.5136203414727399,0.16666666666666666,0.6004073576076269,0.2222222222222222
credit_g,distribution_matching,DistributionMatching,budget_50,seed_2,15.648794051404446,0.7979578172513545,10.002706821340746,0.7831703279708722,25.12587628604996,0.8492835087714968,0.0,0.0,18.0,0.8104024894746218,0.0,0.707569270370709,0.0,0.8134008880311305,0.0
credit_g,k_center,K-center,budget_25,seed_0,15.278421492331814,0.7790929214872414,9.29225914144923,0.7324428676352689,23.86138260420975,0.8065421683817535,0.1,0.061388039174202734,20.0,0.8394251495335207,0.0,0.7689246838207292,0.16666666666666666,0.6486870557903772,0.1111111111111111
credit_g,k_center,K-center,budget_25,seed_1,17.272652295892648,0.8853392583317087,10.407907168442305,0.9323403778190658,26.430652885299324,0.8933864580878826,0.0,0.0,20.0,0.892968512773044,0.0,0.9008000955380572,0.0,0.9752404910319724,0.0
credit_g,k_center,K-center,budget_25,seed_2,17.283251063410944,0.8709379628828016,10.917540894957162,0.8305207641939492,29.493371063757834,0.9969098541026774,0.0,0.0,18.0,0.8495603031357662,0.0,0.8301441823907725,0.0,0.8188564159822986,0.0
credit_g,k_center,K-center,budget_50,seed_0,13.54095925723996,0.666972712869523,7.954998842022611,0.6054309789724035,21.985899082125023,0.7431486688617553,0.15,0.0782065044639925,20.0,0.6844122670840024,0.0,0.5286285292274178,0.16666666666666666,0.6127541187403948,0.2222222222222222
credit_g,k_center,K-center,budget_50,seed_1,16.137610654493848,0.8307003982534354,9.765581440612547,0.8629526548287705,21.985899082125023,0.7431486688617553,0.05,0.016880225882818543,20.0,0.8038951323508835,0.0,0.9044107335657596,0.0,0.8681236703807151,0.1111111111111111
credit_g,k_center,K-center,budget_50,seed_2,13.584887021145812,0.6810230717277562,8.536885005433655,0.6483646864621996,21.985899082125023,0.7431486688617553,0.0,0.0,18.0,0.6729843146749891,0.0,0.6441606223917373,0.0,0.6356049588732451,0.0
credit_g,gradient_sampling,Gradient sampling,budget_25,seed_0,0.9402811400066252,0.1345721220568527,1.605044785902973,0.32376874374219117,0.0,0.0,0.35,0.6529372817749352,20.0,0.009652096760339906,0.8,0.2937541427960577,0.16666666666666666,0.518287726029531,0.2222222222222222
credit_g,gradient_sampling,Gradient sampling,budget_25,seed_1,0.8720519621429298,0.1517259900559007,1.7836665489311865,0.4474320490637898,0.0,0.0,0.3,0.5841133631530427,20.0,0.00798214784364519,0.6,0.5281084895927644,0.16666666666666666,0.6377865893889982,0.2222222222222222
credit_g,gradient_sampling,Gradient sampling,budget_25,seed_2,0.6164012577296426,0.101315485132858,1.2700284054321864,0.3005590416959765,0.0,0.0,0.3333333333333333,0.5600166998927751,18.0,0.002588044109623138,0.8,0.28230775689561055,0.4,0.4981979681876762,0.0
credit_g,gradient_sampling,Gradient sampling,budget_50,seed_0,0.939823062781957,0.1347813575026412,1.607540341863271,0.3251236339058852,0.0,0.0,0.35,0.6529372817749352,20.0,0.009652096760339906,0.8,0.28592424970669944,0.16666666666666666,0.5265185217862011,0.2222222222222222
credit_g,gradient_sampling,Gradient sampling,budget_50,seed_1,0.7954883633024756,0.1409670923519276,1.657186662849184,0.426983295268143,0.0,0.0,0.3,0.5841133631530427,20.0,0.00798214784364519,0.6,0.5267084116438427,0.16666666666666666,0.593278299586842,0.2222222222222222
credit_g,gradient_sampling,Gradient sampling,budget_50,seed_2,0.6294194278756178,0.11256647327300792,1.4110638503933728,0.34405649595455284,0.0,0.0,0.3888888888888889,0.6182596165123068,18.0,0.002588044109623138,0.8,0.2393808992565279,0.4,0.6228965262938995,0.125
credit_g,gain_herding,Gain sketch,budget_25,seed_0,2.224567186260875,0.25958530804641905,3.0960799221171635,0.48559944886413076,0.9108990061762654,0.030789433781116,0.1,0.0704341652762595,20.0,0.18129047127367973,0.0,0.504954239953349,0.16666666666666666,0.6417567979104581,0.1111111111111111
credit_g,gain_herding,Gain sketch,budget_25,seed_1,0.7842012095352935,0.13557907007122136,1.5938459319470435,0.4005504809573585,0.0,0.0,0.35,0.6009935890358613,20.0,0.00798214784364519,0.6,0.5809804541792455,0.16666666666666666,0.4983573505392747,0.3333333333333333
credit_g,gain_herding,Gain sketch,budget_25,seed_2,1.216504244756961,0.1537815874096861,1.9277110896388858,0.38025249842529857,0.9108990061762654,0.030789433781116,0.2777777777777778,0.2753404919385967,18.0,0.014348225748881272,0.4,0.26047522691325314,0.4,0.6838034635430876,0.125
credit_g,gain_herding,Gain sketch,budget_50,seed_0,1.0311885552134887,0.109031465201639,1.3004207858691543,0.27436472276903345,0.9108990061762654,0.030789433781116,0.25,0.15690626794958396,20.0,0.02296173285704704,0.2,0.1701888598789747,0.5,0.48348362575795406,0.1111111111111111
credit_g,gain_herding,Gain sketch,budget_50,seed_1,1.1976618960575052,0.12963497171715824,1.5239680593835292,0.3432892420510191,0.9108990061762654,0.030789433781116,0.3,0.2896245341572477,20.0,0.0181159919120697,0.4,0.38278699308760794,0.16666666666666666,0.49760921365937627,0.3333333333333333
credit_g,gain_herding,Gain sketch,budget_50,seed_2,1.327073012181667,0.14445558855333457,1.810806122534768,0.2693368311609802,0.9108990061762654,0.030789433781116,0.2222222222222222,0.21084452574669224,18.0,0.019309594081215208,0.2,0.278450023508439,0.2,0.4199081091186713,0.25
credit_g,gain_path_herding,Gain-path sketch,budget_25,seed_0,1.3431706396089864,0.18060235268528269,2.1540484022155737,0.4003965095661101,0.0,0.0,0.35,0.6529372817749352,20.0,0.009652096760339906,0.8,0.31997490356228414,0.16666666666666666,0.6710911429051999,0.2222222222222222
credit_g,gain_path_herding,Gain-path sketch,budget_25,seed_1,1.783339215299,0.220544916214877,2.5926908728318345,0.5278131714634806,0.9108990061762654,0.030789433781116,0.15,0.2051197772779764,20.0,0.17474801106855725,0.2,0.6283019908687907,0.16666666666666666,0.6569679365237867,0.1111111111111111
credit_g,gain_path_herding,Gain-path sketch,budget_25,seed_2,2.294175934410804,0.23259765301748392,2.915700655054752,0.448745743516904,0.9108990061762654,0.030789433781116,0.05555555555555555,0.07332974922182392,18.0,0.1835782677526358,0.0,0.36194365557142055,0.0,0.6687267208354986,0.125
credit_g,gain_path_herding,Gain-path sketch,budget_50,seed_0,1.2518652101097905,0.1322552935699837,1.577411919408458,0.29792720341995904,0.9108990061762654,0.030789433781116,0.2,0.13484064676657068,20.0,0.02296173285704704,0.2,0.21931072816695832,0.3333333333333333,0.5030967816791327,0.1111111111111111
credit_g,gain_path_herding,Gain-path sketch,budget_50,seed_1,1.4443839873891555,0.1716306433418058,2.0176624794969493,0.4339901690114972,0.9108990061762654,0.030789433781116,0.2,0.26867020656522467,20.0,0.13480738142032173,0.2,0.38069699007440855,0.16666666666666666,0.6357316147424315,0.2222222222222222
credit_g,gain_path_herding,Gain-path sketch,budget_50,seed_2,1.1504373064470361,0.1398755083741944,1.7533930635237274,0.31685293354271343,0.9108990061762654,0.030789433781116,0.1111111111111111,0.13003512043274823,18.0,0.1334981153354602,0.2,0.28484215267059554,0.2,0.45145643296732035,0.0
diabetes,histdistill_greedy,HistDistill-Greedy,budget_25,seed_0,0.3973902576579002,0.3973902576579002,0.3973902576579002,0.3973902576579002,0.3973902576579002,0.3973902576579002,0.0,0.0,1.0,0.3973902576579002,0.0,,,,
diabetes,histdistill_greedy,HistDistill-Greedy,budget_25,seed_1,0.2945548904807902,0.2945548904807902,0.2945548904807902,0.2945548904807902,0.2945548904807902,0.2945548904807902,0.0,0.0,1.0,0.2945548904807902,0.0,,,,
diabetes,histdistill_greedy,HistDistill-Greedy,budget_25,seed_2,0.15008535085758928,0.15008535085758928,0.15008535085758928,0.15008535085758928,0.15008535085758928,0.15008535085758928,0.0,0.0,1.0,0.15008535085758928,0.0,,,,
diabetes,histdistill_greedy,HistDistill-Greedy,budget_50,seed_0,0.28664992136290374,0.28664992136290374,0.28664992136290374,0.28664992136290374,0.28664992136290374,0.28664992136290374,0.0,0.0,1.0,0.28664992136290374,0.0,,,,
diabetes,histdistill_greedy,HistDistill-Greedy,budget_50,seed_1,0.3031922908807985,0.3031922908807985,0.3031922908807985,0.3031922908807985,0.3031922908807985,0.3031922908807985,0.0,0.0,1.0,0.3031922908807985,0.0,,,,
diabetes,histdistill_greedy,HistDistill-Greedy,budget_50,seed_2,0.24468549055822397,0.24468549055822397,0.24468549055822397,0.24468549055822397,0.24468549055822397,0.24468549055822397,0.0,0.0,1.0,0.24468549055822397,0.0,,,,
diabetes,histdistill_refined,HistDistill-Refined,budget_25,seed_0,0.32891958254038434,0.32891958254038434,0.32891958254038434,0.32891958254038434,0.32891958254038434,0.32891958254038434,0.0,0.0,1.0,0.32891958254038434,0.0,,,,
diabetes,histdistill_refined,HistDistill-Refined,budget_25,seed_1,0.2945548904807902,0.2945548904807902,0.2945548904807902,0.2945548904807902,0.2945548904807902,0.2945548904807902,0.0,0.0,1.0,0.2945548904807902,0.0,,,,
diabetes,histdistill_refined,HistDistill-Refined,budget_25,seed_2,0.24260429291592475,0.24260429291592475,0.24260429291592475,0.24260429291592475,0.24260429291592475,0.24260429291592475,0.0,0.0,1.0,0.24260429291592475,0.0,,,,
diabetes,histdistill_refined,HistDistill-Refined,budget_50,seed_0,0.3384076618007543,0.3384076618007543,0.3384076618007543,0.3384076618007543,0.3384076618007543,0.3384076618007543,0.0,0.0,1.0,0.3384076618007543,0.0,,,,
diabetes,histdistill_refined,HistDistill-Refined,budget_50,seed_1,0.17515725432104304,0.17515725432104304,0.17515725432104304,0.17515725432104304,0.17515725432104304,0.17515725432104304,0.0,0.0,1.0,0.17515725432104304,0.0,,,,
diabetes,histdistill_refined,HistDistill-Refined,budget_50,seed_2,0.19391745560287443,0.19391745560287443,0.19391745560287443,0.19391745560287443,0.19391745560287443,0.19391745560287443,0.0,0.0,1.0,0.19391745560287443,0.0,,,,
diabetes,histdistill_density,HistDistill-Density,budget_25,seed_0,0.32891958254038434,0.32891958254038434,0.32891958254038434,0.32891958254038434,0.32891958254038434,0.32891958254038434,0.0,0.0,1.0,0.32891958254038434,0.0,,,,
diabetes,histdistill_density,HistDistill-Density,budget_25,seed_1,0.2571998975819403,0.2571998975819403,0.2571998975819403,0.2571998975819403,0.2571998975819403,0.2571998975819403,0.0,0.0,1.0,0.2571998975819403,0.0,,,,
diabetes,histdistill_density,HistDistill-Density,budget_25,seed_2,0.24260429291592475,0.24260429291592475,0.24260429291592475,0.24260429291592475,0.24260429291592475,0.24260429291592475,0.0,0.0,1.0,0.24260429291592475,0.0,,,,
diabetes,histdistill_density,HistDistill-Density,budget_50,seed_0,0.2766847979752566,0.2766847979752566,0.2766847979752566,0.2766847979752566,0.2766847979752566,0.2766847979752566,0.0,0.0,1.0,0.2766847979752566,0.0,,,,
diabetes,histdistill_density,HistDistill-Density,budget_50,seed_1,0.04310118309753613,0.04310118309753613,0.04310118309753613,0.04310118309753613,0.04310118309753613,0.04310118309753613,0.0,0.0,1.0,0.04310118309753613,0.0,,,,
diabetes,histdistill_density,HistDistill-Density,budget_50,seed_2,0.24260429291592475,0.24260429291592475,0.24260429291592475,0.24260429291592475,0.24260429291592475,0.24260429291592475,0.0,0.0,1.0,0.24260429291592475,0.0,,,,
diabetes,gain_path_refined,Legacy gain-path refined,budget_25,seed_0,0.29194566781278886,0.29194566781278886,0.29194566781278886,0.29194566781278886,0.29194566781278886,0.29194566781278886,0.0,0.0,1.0,0.29194566781278886,0.0,,,,
diabetes,gain_path_refined,Legacy gain-path refined,budget_25,seed_1,0.1106908891021301,0.1106908891021301,0.1106908891021301,0.1106908891021301,0.1106908891021301,0.1106908891021301,0.0,0.0,1.0,0.1106908891021301,0.0,,,,
diabetes,gain_path_refined,Legacy gain-path refined,budget_25,seed_2,0.3064629805728313,0.3064629805728313,0.3064629805728313,0.3064629805728313,0.3064629805728313,0.3064629805728313,0.0,0.0,1.0,0.3064629805728313,0.0,,,,
diabetes,gain_path_refined,Legacy gain-path refined,budget_50,seed_0,0.29194566781278886,0.29194566781278886,0.29194566781278886,0.29194566781278886,0.29194566781278886,0.29194566781278886,0.0,0.0,1.0,0.29194566781278886,0.0,,,,
diabetes,gain_path_refined,Legacy gain-path refined,budget_50,seed_1,0.17515725432104304,0.17515725432104304,0.17515725432104304,0.17515725432104304,0.17515725432104304,0.17515725432104304,0.0,0.0,1.0,0.17515725432104304,0.0,,,,
diabetes,gain_path_refined,Legacy gain-path refined,budget_50,seed_2,0.12463740043313795,0.12463740043313795,0.12463740043313795,0.12463740043313795,0.12463740043313795,0.12463740043313795,0.0,0.0,1.0,0.12463740043313795,0.0,,,,
diabetes,herding,Herding,budget_25,seed_0,0.32891958254038434,0.32891958254038434,0.32891958254038434,0.32891958254038434,0.32891958254038434,0.32891958254038434,0.0,0.0,1.0,0.32891958254038434,0.0,,,,
diabetes,herding,Herding,budget_25,seed_1,0.19072141909880463,0.19072141909880463,0.19072141909880463,0.19072141909880463,0.19072141909880463,0.19072141909880463,0.0,0.0,1.0,0.19072141909880463,0.0,,,,
diabetes,herding,Herding,budget_25,seed_2,0.19391745560287443,0.19391745560287443,0.19391745560287443,0.19391745560287443,0.19391745560287443,0.19391745560287443,0.0,0.0,1.0,0.19391745560287443,0.0,,,,
diabetes,herding,Herding,budget_50,seed_0,0.2563787101328762,0.2563787101328762,0.2563787101328762,0.2563787101328762,0.2563787101328762,0.2563787101328762,0.0,0.0,1.0,0.2563787101328762,0.0,,,,
diabetes,herding,Herding,budget_50,seed_1,0.04310118309753613,0.04310118309753613,0.04310118309753613,0.04310118309753613,0.04310118309753613,0.04310118309753613,0.0,0.0,1.0,0.04310118309753613,0.0,,,,
diabetes,herding,Herding,budget_50,seed_2,0.12939347080518157,0.12939347080518157,0.12939347080518157,0.12939347080518157,0.12939347080518157,0.12939347080518157,0.0,0.0,1.0,0.12939347080518157,0.0,,,,
diabetes,random,Random,budget_25,seed_0,0.2690684579946533,0.2690684579946533,0.2690684579946533,0.2690684579946533,0.2690684579946533,0.2690684579946533,0.0,0.0,1.0,0.2690684579946533,0.0,,,,
diabetes,random,Random,budget_25,seed_1,0.2938946561684106,0.2938946561684106,0.2938946561684106,0.2938946561684106,0.2938946561684106,0.2938946561684106,0.0,0.0,1.0,0.2938946561684106,0.0,,,,
diabetes,random,Random,budget_25,seed_2,0.24058969886711232,0.24058969886711232,0.24058969886711232,0.24058969886711232,0.24058969886711232,0.24058969886711232,0.0,0.0,1.0,0.24058969886711232,0.0,,,,
diabetes,random,Random,budget_50,seed_0,0.2604435908949919,0.2604435908949919,0.2604435908949919,0.2604435908949919,0.2604435908949919,0.2604435908949919,0.0,0.0,1.0,0.2604435908949919,0.0,,,,
diabetes,random,Random,budget_50,seed_1,0.07642381744146376,0.07642381744146376,0.07642381744146376,0.07642381744146376,0.07642381744146376,0.07642381744146376,0.0,0.0,1.0,0.07642381744146376,0.0,,,,
diabetes,random,Random,budget_50,seed_2,0.15008535085758928,0.15008535085758928,0.15008535085758928,0.15008535085758928,0.15008535085758928,0.15008535085758928,0.0,0.0,1.0,0.15008535085758928,0.0,,,,
diabetes,goss_coreset,GOSS coreset,budget_25,seed_0,0.3384076618007543,0.3384076618007543,0.3384076618007543,0.3384076618007543,0.3384076618007543,0.3384076618007543,0.0,0.0,1.0,0.3384076618007543,0.0,,,,
diabetes,goss_coreset,GOSS coreset,budget_25,seed_1,0.2420333880173564,0.2420333880173564,0.2420333880173564,0.2420333880173564,0.2420333880173564,0.2420333880173564,0.0,0.0,1.0,0.2420333880173564,0.0,,,,
diabetes,goss_coreset,GOSS coreset,budget_25,seed_2,0.2029756668018598,0.2029756668018598,0.2029756668018598,0.2029756668018598,0.2029756668018598,0.2029756668018598,0.0,0.0,1.0,0.2029756668018598,0.0,,,,
diabetes,goss_coreset,GOSS coreset,budget_50,seed_0,0.23513889011403163,0.23513889011403163,0.23513889011403163,0.23513889011403163,0.23513889011403163,0.23513889011403163,0.0,0.0,1.0,0.23513889011403163,0.0,,,,
diabetes,goss_coreset,GOSS coreset,budget_50,seed_1,0.3031922908807985,0.3031922908807985,0.3031922908807985,0.3031922908807985,0.3031922908807985,0.3031922908807985,0.0,0.0,1.0,0.3031922908807985,0.0,,,,
diabetes,goss_coreset,GOSS coreset,budget_50,seed_2,0.21249670228945847,0.21249670228945847,0.21249670228945847,0.21249670228945847,0.21249670228945847,0.21249670228945847,0.0,0.0,1.0,0.21249670228945847,0.0,,,,
diabetes,mvs_coreset,MVS coreset,budget_25,seed_0,0.25664424794904966,0.25664424794904966,0.25664424794904966,0.25664424794904966,0.25664424794904966,0.25664424794904966,0.0,0.0,1.0,0.25664424794904966,0.0,,,,
diabetes,mvs_coreset,MVS coreset,budget_25,seed_1,0.3647854600257384,0.3647854600257384,0.3647854600257384,0.3647854600257384,0.3647854600257384,0.3647854600257384,0.0,0.0,1.0,0.3647854600257384,0.0,,,,
diabetes,mvs_coreset,MVS coreset,budget_25,seed_2,0.21128333162438862,0.21128333162438862,0.21128333162438862,0.21128333162438862,0.21128333162438862,0.21128333162438862,0.0,0.0,1.0,0.21128333162438862,0.0,,,,
diabetes,mvs_coreset,MVS coreset,budget_50,seed_0,0.25664424794904966,0.25664424794904966,0.25664424794904966,0.25664424794904966,0.25664424794904966,0.25664424794904966,0.0,0.0,1.0,0.25664424794904966,0.0,,,,
diabetes,mvs_coreset,MVS coreset,budget_50,seed_1,0.3031922908807985,0.3031922908807985,0.3031922908807985,0.3031922908807985,0.3031922908807985,0.3031922908807985,0.0,0.0,1.0,0.3031922908807985,0.0,,,,
diabetes,mvs_coreset,MVS coreset,budget_50,seed_2,0.3064629805728313,0.3064629805728313,0.3064629805728313,0.3064629805728313,0.3064629805728313,0.3064629805728313,0.0,0.0,1.0,0.3064629805728313,0.0,,,,
diabetes,craig_coreset,CRAIG-style,budget_25,seed_0,0.3245156103971766,0.3245156103971766,0.3245156103971766,0.3245156103971766,0.3245156103971766,0.3245156103971766,0.0,0.0,1.0,0.3245156103971766,0.0,,,,
diabetes,craig_coreset,CRAIG-style,budget_25,seed_1,0.2945548904807902,0.2945548904807902,0.2945548904807902,0.2945548904807902,0.2945548904807902,0.2945548904807902,0.0,0.0,1.0,0.2945548904807902,0.0,,,,
diabetes,craig_coreset,CRAIG-style,budget_25,seed_2,0.21249670228945847,0.21249670228945847,0.21249670228945847,0.21249670228945847,0.21249670228945847,0.21249670228945847,0.0,0.0,1.0,0.21249670228945847,0.0,,,,
diabetes,craig_coreset,CRAIG-style,budget_50,seed_0,0.3245156103971766,0.3245156103971766,0.3245156103971766,0.3245156103971766,0.3245156103971766,0.3245156103971766,0.0,0.0,1.0,0.3245156103971766,0.0,,,,
diabetes,craig_coreset,CRAIG-style,budget_50,seed_1,0.2945548904807902,0.2945548904807902,0.2945548904807902,0.2945548904807902,0.2945548904807902,0.2945548904807902,0.0,0.0,1.0,0.2945548904807902,0.0,,,,
diabetes,craig_coreset,CRAIG-style,budget_50,seed_2,0.21249670228945847,0.21249670228945847,0.21249670228945847,0.21249670228945847,0.21249670228945847,0.21249670228945847,0.0,0.0,1.0,0.21249670228945847,0.0,,,,
diabetes,gradmatch_coreset,GradMatch-style,budget_25,seed_0,0.32891958254038434,0.32891958254038434,0.32891958254038434,0.32891958254038434,0.32891958254038434,0.32891958254038434,0.0,0.0,1.0,0.32891958254038434,0.0,,,,
diabetes,gradmatch_coreset,GradMatch-style,budget_25,seed_1,0.2571998975819403,0.2571998975819403,0.2571998975819403,0.2571998975819403,0.2571998975819403,0.2571998975819403,0.0,0.0,1.0,0.2571998975819403,0.0,,,,
diabetes,gradmatch_coreset,GradMatch-style,budget_25,seed_2,0.2568952352438766,0.2568952352438766,0.2568952352438766,0.2568952352438766,0.2568952352438766,0.2568952352438766,0.0,0.0,1.0,0.2568952352438766,0.0,,,,
diabetes,gradmatch_coreset,GradMatch-style,budget_50,seed_0,0.32891958254038434,0.32891958254038434,0.32891958254038434,0.32891958254038434,0.32891958254038434,0.32891958254038434,0.0,0.0,1.0,0.32891958254038434,0.0,,,,
diabetes,gradmatch_coreset,GradMatch-style,budget_50,seed_1,0.2552385309844255,0.2552385309844255,0.2552385309844255,0.2552385309844255,0.2552385309844255,0.2552385309844255,0.0,0.0,1.0,0.2552385309844255,0.0,,,,
diabetes,gradmatch_coreset,GradMatch-style,budget_50,seed_2,0.19391745560287443,0.19391745560287443,0.19391745560287443,0.19391745560287443,0.19391745560287443,0.19391745560287443,0.0,0.0,1.0,0.19391745560287443,0.0,,,,
diabetes,grand_coreset,GraNd,budget_25,seed_0,0.33738892422504874,0.33738892422504874,0.33738892422504874,0.33738892422504874,0.33738892422504874,0.33738892422504874,0.0,0.0,1.0,0.33738892422504874,0.0,,,,
diabetes,grand_coreset,GraNd,budget_25,seed_1,0.35555219944875843,0.35555219944875843,0.35555219944875843,0.35555219944875843,0.35555219944875843,0.35555219944875843,0.0,0.0,1.0,0.35555219944875843,0.0,,,,
diabetes,grand_coreset,GraNd,budget_25,seed_2,0.24260429291592475,0.24260429291592475,0.24260429291592475,0.24260429291592475,0.24260429291592475,0.24260429291592475,0.0,0.0,1.0,0.24260429291592475,0.0,,,,
diabetes,grand_coreset,GraNd,budget_50,seed_0,0.35831342796163573,0.35831342796163573,0.35831342796163573,0.35831342796163573,0.35831342796163573,0.35831342796163573,0.0,0.0,1.0,0.35831342796163573,0.0,,,,
diabetes,grand_coreset,GraNd,budget_50,seed_1,0.07642381744146376,0.07642381744146376,0.07642381744146376,0.07642381744146376,0.07642381744146376,0.07642381744146376,0.0,0.0,1.0,0.07642381744146376,0.0,,,,
diabetes,grand_coreset,GraNd,budget_50,seed_2,0.22195761822092694,0.22195761822092694,0.22195761822092694,0.22195761822092694,0.22195761822092694,0.22195761822092694,0.0,0.0,1.0,0.22195761822092694,0.0,,,,
diabetes,el2n_coreset,EL2N,budget_25,seed_0,0.33738892422504874,0.33738892422504874,0.33738892422504874,0.33738892422504874,0.33738892422504874,0.33738892422504874,0.0,0.0,1.0,0.33738892422504874,0.0,,,,
diabetes,el2n_coreset,EL2N,budget_25,seed_1,0.35555219944875843,0.35555219944875843,0.35555219944875843,0.35555219944875843,0.35555219944875843,0.35555219944875843,0.0,0.0,1.0,0.35555219944875843,0.0,,,,
diabetes,el2n_coreset,EL2N,budget_25,seed_2,0.24260429291592475,0.24260429291592475,0.24260429291592475,0.24260429291592475,0.24260429291592475,0.24260429291592475,0.0,0.0,1.0,0.24260429291592475,0.0,,,,
diabetes,el2n_coreset,EL2N,budget_50,seed_0,0.35831342796163573,0.35831342796163573,0.35831342796163573,0.35831342796163573,0.35831342796163573,0.35831342796163573,0.0,0.0,1.0,0.35831342796163573,0.0,,,,
diabetes,el2n_coreset,EL2N,budget_50,seed_1,0.07642381744146376,0.07642381744146376,0.07642381744146376,0.07642381744146376,0.07642381744146376,0.07642381744146376,0.0,0.0,1.0,0.07642381744146376,0.0,,,,
diabetes,el2n_coreset,EL2N,budget_50,seed_2,0.22195761822092694,0.22195761822092694,0.22195761822092694,0.22195761822092694,0.22195761822092694,0.22195761822092694,0.0,0.0,1.0,0.22195761822092694,0.0,,,,
diabetes,distribution_matching,DistributionMatching,budget_25,seed_0,0.36697587579947133,0.36697587579947133,0.36697587579947133,0.36697587579947133,0.36697587579947133,0.36697587579947133,0.0,0.0,1.0,0.36697587579947133,0.0,,,,
diabetes,distribution_matching,DistributionMatching,budget_25,seed_1,0.3031922908807985,0.3031922908807985,0.3031922908807985,0.3031922908807985,0.3031922908807985,0.3031922908807985,0.0,0.0,1.0,0.3031922908807985,0.0,,,,
diabetes,distribution_matching,DistributionMatching,budget_25,seed_2,0.12730424710570545,0.12730424710570545,0.12730424710570545,0.12730424710570545,0.12730424710570545,0.12730424710570545,0.0,0.0,1.0,0.12730424710570545,0.0,,,,
diabetes,distribution_matching,DistributionMatching,budget_50,seed_0,0.2651455182230106,0.2651455182230106,0.2651455182230106,0.2651455182230106,0.2651455182230106,0.2651455182230106,0.0,0.0,1.0,0.2651455182230106,0.0,,,,
diabetes,distribution_matching,DistributionMatching,budget_50,seed_1,0.3595818187840091,0.3595818187840091,0.3595818187840091,0.3595818187840091,0.3595818187840091,0.3595818187840091,0.0,0.0,1.0,0.3595818187840091,0.0,,,,
diabetes,distribution_matching,DistributionMatching,budget_50,seed_2,0.11770807889028453,0.11770807889028453,0.11770807889028453,0.11770807889028453,0.11770807889028453,0.11770807889028453,0.0,0.0,1.0,0.11770807889028453,0.0,,,,
diabetes,k_center,K-center,budget_25,seed_0,0.37612351719811093,0.37612351719811093,0.37612351719811093,0.37612351719811093,0.37612351719811093,0.37612351719811093,0.0,0.0,1.0,0.37612351719811093,0.0,,,,
diabetes,k_center,K-center,budget_25,seed_1,0.18107698628460037,0.18107698628460037,0.18107698628460037,0.18107698628460037,0.18107698628460037,0.18107698628460037,0.0,0.0,1.0,0.18107698628460037,0.0,,,,
diabetes,k_center,K-center,budget_25,seed_2,0.3343671630184273,0.3343671630184273,0.3343671630184273,0.3343671630184273,0.3343671630184273,0.3343671630184273,0.0,0.0,1.0,0.3343671630184273,0.0,,,,
diabetes,k_center,K-center,budget_50,seed_0,0.23513889011403163,0.23513889011403163,0.23513889011403163,0.23513889011403163,0.23513889011403163,0.23513889011403163,0.0,0.0,1.0,0.23513889011403163,0.0,,,,
diabetes,k_center,K-center,budget_50,seed_1,0.18107698628460037,0.18107698628460037,0.18107698628460037,0.18107698628460037,0.18107698628460037,0.18107698628460037,0.0,0.0,1.0,0.18107698628460037,0.0,,,,
diabetes,k_center,K-center,budget_50,seed_2,0.15008535085758928,0.15008535085758928,0.15008535085758928,0.15008535085758928,0.15008535085758928,0.15008535085758928,0.0,0.0,1.0,0.15008535085758928,0.0,,,,
diabetes,gradient_sampling,Gradient sampling,budget_25,seed_0,0.3861848177365716,0.3861848177365716,0.3861848177365716,0.3861848177365716,0.3861848177365716,0.3861848177365716,0.0,0.0,1.0,0.3861848177365716,0.0,,,,
diabetes,gradient_sampling,Gradient sampling,budget_25,seed_1,0.3625107511176208,0.3625107511176208,0.3625107511176208,0.3625107511176208,0.3625107511176208,0.3625107511176208,0.0,0.0,1.0,0.3625107511176208,0.0,,,,
diabetes,gradient_sampling,Gradient sampling,budget_25,seed_2,0.21249670228945847,0.21249670228945847,0.21249670228945847,0.21249670228945847,0.21249670228945847,0.21249670228945847,0.0,0.0,1.0,0.21249670228945847,0.0,,,,
diabetes,gradient_sampling,Gradient sampling,budget_50,seed_0,0.3861848177365716,0.3861848177365716,0.3861848177365716,0.3861848177365716,0.3861848177365716,0.3861848177365716,0.0,0.0,1.0,0.3861848177365716,0.0,,,,
diabetes,gradient_sampling,Gradient sampling,budget_50,seed_1,0.3625107511176208,0.3625107511176208,0.3625107511176208,0.3625107511176208,0.3625107511176208,0.3625107511176208,0.0,0.0,1.0,0.3625107511176208,0.0,,,,
diabetes,gradient_sampling,Gradient sampling,budget_50,seed_2,0.21249670228945847,0.21249670228945847,0.21249670228945847,0.21249670228945847,0.21249670228945847,0.21249670228945847,0.0,0.0,1.0,0.21249670228945847,0.0,,,,
diabetes,gain_herding,Gain sketch,budget_25,seed_0,0.2563787101328762,0.2563787101328762,0.2563787101328762,0.2563787101328762,0.2563787101328762,0.2563787101328762,0.0,0.0,1.0,0.2563787101328762,0.0,,,,
diabetes,gain_herding,Gain sketch,budget_25,seed_1,0.2571998975819403,0.2571998975819403,0.2571998975819403,0.2571998975819403,0.2571998975819403,0.2571998975819403,0.0,0.0,1.0,0.2571998975819403,0.0,,,,
diabetes,gain_herding,Gain sketch,budget_25,seed_2,0.19391745560287443,0.19391745560287443,0.19391745560287443,0.19391745560287443,0.19391745560287443,0.19391745560287443,0.0,0.0,1.0,0.19391745560287443,0.0,,,,
diabetes,gain_herding,Gain sketch,budget_50,seed_0,0.3861848177365716,0.3861848177365716,0.3861848177365716,0.3861848177365716,0.3861848177365716,0.3861848177365716,0.0,0.0,1.0,0.3861848177365716,0.0,,,,
diabetes,gain_herding,Gain sketch,budget_50,seed_1,0.2571998975819403,0.2571998975819403,0.2571998975819403,0.2571998975819403,0.2571998975819403,0.2571998975819403,0.0,0.0,1.0,0.2571998975819403,0.0,,,,
diabetes,gain_herding,Gain sketch,budget_50,seed_2,0.17932110567253978,0.17932110567253978,0.17932110567253978,0.17932110567253978,0.17932110567253978,0.17932110567253978,0.0,0.0,1.0,0.17932110567253978,0.0,,,,
diabetes,gain_path_herding,Gain-path sketch,budget_25,seed_0,0.29194566781278886,0.29194566781278886,0.29194566781278886,0.29194566781278886,0.29194566781278886,0.29194566781278886,0.0,0.0,1.0,0.29194566781278886,0.0,,,,
diabetes,gain_path_herding,Gain-path sketch,budget_25,seed_1,0.3625107511176208,0.3625107511176208,0.3625107511176208,0.3625107511176208,0.3625107511176208,0.3625107511176208,0.0,0.0,1.0,0.3625107511176208,0.0,,,,
diabetes,gain_path_herding,Gain-path sketch,budget_25,seed_2,0.2568952352438766,0.2568952352438766,0.2568952352438766,0.2568952352438766,0.2568952352438766,0.2568952352438766,0.0,0.0,1.0,0.2568952352438766,0.0,,,,
diabetes,gain_path_herding,Gain-path sketch,budget_50,seed_0,0.32891958254038434,0.32891958254038434,0.32891958254038434,0.32891958254038434,0.32891958254038434,0.32891958254038434,0.0,0.0,1.0,0.32891958254038434,0.0,,,,
diabetes,gain_path_herding,Gain-path sketch,budget_50,seed_1,0.17515725432104304,0.17515725432104304,0.17515725432104304,0.17515725432104304,0.17515725432104304,0.17515725432104304,0.0,0.0,1.0,0.17515725432104304,0.0,,,,
diabetes,gain_path_herding,Gain-path sketch,budget_50,seed_2,0.12463740043313795,0.12463740043313795,0.12463740043313795,0.12463740043313795,0.12463740043313795,0.12463740043313795,0.0,0.0,1.0,0.12463740043313795,0.0,,,,
electricity,histdistill_greedy,HistDistill-Greedy,budget_25,seed_0,6.849067262050692,0.9935837788303743,6.849067262050692,0.9935837788303743,6.849067262050692,0.9935837788303743,0.0,0.0,1.0,0.9935837788303743,0.0,,,,
electricity,histdistill_greedy,HistDistill-Greedy,budget_25,seed_1,5.895487119767787,0.927136646572059,5.895487119767787,0.927136646572059,5.895487119767787,0.927136646572059,0.0,0.0,1.0,0.927136646572059,0.0,,,,
electricity,histdistill_greedy,HistDistill-Greedy,budget_25,seed_2,5.592098357768676,0.9605798646141415,5.592098357768676,0.9605798646141415,5.592098357768676,0.9605798646141415,0.0,0.0,1.0,0.9605798646141415,0.0,,,,
electricity,histdistill_greedy,HistDistill-Greedy,budget_50,seed_0,0.0,0.0,0.0,0.0,0.0,0.0,1.0,1.0,1.0,0.0,1.0,,,,
electricity,histdistill_greedy,HistDistill-Greedy,budget_50,seed_1,0.0,0.0,0.0,0.0,0.0,0.0,1.0,1.0,1.0,0.0,1.0,,,,
electricity,histdistill_greedy,HistDistill-Greedy,budget_50,seed_2,0.4518085067802211,0.07760917754093893,0.4518085067802211,0.07760917754093893,0.4518085067802211,0.07760917754093893,0.0,0.0,1.0,0.07760917754093893,0.0,,,,
electricity,histdistill_refined,HistDistill-Refined,budget_25,seed_0,3.1363200475156536,0.4549811828682547,3.1363200475156536,0.4549811828682547,3.1363200475156536,0.4549811828682547,0.0,0.0,1.0,0.4549811828682547,0.0,,,,
electricity,histdistill_refined,HistDistill-Refined,budget_25,seed_1,1.5087356551912023,0.23726692765173338,1.5087356551912023,0.23726692765173338,1.5087356551912023,0.23726692765173338,0.0,0.0,1.0,0.23726692765173338,0.0,,,,
electricity,histdistill_refined,HistDistill-Refined,budget_25,seed_2,1.3674082560919638,0.23488586099068262,1.3674082560919638,0.23488586099068262,1.3674082560919638,0.23488586099068262,0.0,0.0,1.0,0.23488586099068262,0.0,,,,
electricity,histdistill_refined,HistDistill-Refined,budget_50,seed_0,3.0077426484276524,0.436328654988161,3.0077426484276524,0.436328654988161,3.0077426484276524,0.436328654988161,0.0,0.0,1.0,0.436328654988161,0.0,,,,
electricity,histdistill_refined,HistDistill-Refined,budget_50,seed_1,1.5087356551912023,0.23726692765173338,1.5087356551912023,0.23726692765173338,1.5087356551912023,0.23726692765173338,0.0,0.0,1.0,0.23726692765173338,0.0,,,,
electricity,histdistill_refined,HistDistill-Refined,budget_50,seed_2,1.9286821786247503,0.3312984049097277,1.9286821786247503,0.3312984049097277,1.9286821786247503,0.3312984049097277,0.0,0.0,1.0,0.3312984049097277,0.0,,,,
electricity,histdistill_density,HistDistill-Density,budget_25,seed_0,3.1363200475156536,0.4549811828682547,3.1363200475156536,0.4549811828682547,3.1363200475156536,0.4549811828682547,0.0,0.0,1.0,0.4549811828682547,0.0,,,,
electricity,histdistill_density,HistDistill-Density,budget_25,seed_1,2.260297224149487,0.35545907336943366,2.260297224149487,0.35545907336943366,2.260297224149487,0.35545907336943366,0.0,0.0,1.0,0.35545907336943366,0.0,,,,
electricity,histdistill_density,HistDistill-Density,budget_25,seed_2,1.3674082560919638,0.23488586099068262,1.3674082560919638,0.23488586099068262,1.3674082560919638,0.23488586099068262,0.0,0.0,1.0,0.23488586099068262,0.0,,,,
electricity,histdistill_density,HistDistill-Density,budget_50,seed_0,3.617283757210761,0.5247538572887505,3.617283757210761,0.5247538572887505,3.617283757210761,0.5247538572887505,0.0,0.0,1.0,0.5247538572887505,0.0,,,,
electricity,histdistill_density,HistDistill-Density,budget_50,seed_1,2.214318052579898,0.34822829259166665,2.214318052579898,0.34822829259166665,2.214318052579898,0.34822829259166665,0.0,0.0,1.0,0.34822829259166665,0.0,,,,
electricity,histdistill_density,HistDistill-Density,budget_50,seed_2,1.9286821786247503,0.3312984049097277,1.9286821786247503,0.3312984049097277,1.9286821786247503,0.3312984049097277,0.0,0.0,1.0,0.3312984049097277,0.0,,,,
electricity,gain_path_refined,Legacy gain-path refined,budget_25,seed_0,3.0077426484276524,0.436328654988161,3.0077426484276524,0.436328654988161,3.0077426484276524,0.436328654988161,0.0,0.0,1.0,0.436328654988161,0.0,,,,
electricity,gain_path_refined,Legacy gain-path refined,budget_25,seed_1,1.5087356551912023,0.23726692765173338,1.5087356551912023,0.23726692765173338,1.5087356551912023,0.23726692765173338,0.0,0.0,1.0,0.23726692765173338,0.0,,,,
electricity,gain_path_refined,Legacy gain-path refined,budget_25,seed_2,1.3674082560919638,0.23488586099068262,1.3674082560919638,0.23488586099068262,1.3674082560919638,0.23488586099068262,0.0,0.0,1.0,0.23488586099068262,0.0,,,,
electricity,gain_path_refined,Legacy gain-path refined,budget_50,seed_0,3.0077426484276524,0.436328654988161,3.0077426484276524,0.436328654988161,3.0077426484276524,0.436328654988161,0.0,0.0,1.0,0.436328654988161,0.0,,,,
electricity,gain_path_refined,Legacy gain-path refined,budget_50,seed_1,1.5087356551912023,0.23726692765173338,1.5087356551912023,0.23726692765173338,1.5087356551912023,0.23726692765173338,0.0,0.0,1.0,0.23726692765173338,0.0,,,,
electricity,gain_path_refined,Legacy gain-path refined,budget_50,seed_2,1.9286821786247503,0.3312984049097277,1.9286821786247503,0.3312984049097277,1.9286821786247503,0.3312984049097277,0.0,0.0,1.0,0.3312984049097277,0.0,,,,
electricity,herding,Herding,budget_25,seed_0,2.685804519659661,0.3896255799135111,2.685804519659661,0.3896255799135111,2.685804519659661,0.3896255799135111,0.0,0.0,1.0,0.3896255799135111,0.0,,,,
electricity,herding,Herding,budget_25,seed_1,1.5143979082516532,0.23815738542186513,1.5143979082516532,0.23815738542186513,1.5143979082516532,0.23815738542186513,0.0,0.0,1.0,0.23815738542186513,0.0,,,,
electricity,herding,Herding,budget_25,seed_2,0.8601096231637744,0.14774489512048664,0.8601096231637744,0.14774489512048664,0.8601096231637744,0.14774489512048664,0.0,0.0,1.0,0.14774489512048664,0.0,,,,
electricity,herding,Herding,budget_50,seed_0,2.685804519659661,0.3896255799135111,2.685804519659661,0.3896255799135111,2.685804519659661,0.3896255799135111,0.0,0.0,1.0,0.3896255799135111,0.0,,,,
electricity,herding,Herding,budget_50,seed_1,1.5143979082516532,0.23815738542186513,1.5143979082516532,0.23815738542186513,1.5143979082516532,0.23815738542186513,0.0,0.0,1.0,0.23815738542186513,0.0,,,,
electricity,herding,Herding,budget_50,seed_2,0.8601096231637744,0.14774489512048664,0.8601096231637744,0.14774489512048664,0.8601096231637744,0.14774489512048664,0.0,0.0,1.0,0.14774489512048664,0.0,,,,
electricity,random,Random,budget_25,seed_0,3.0077426484276524,0.436328654988161,3.0077426484276524,0.436328654988161,3.0077426484276524,0.436328654988161,0.0,0.0,1.0,0.436328654988161,0.0,,,,
electricity,random,Random,budget_25,seed_1,1.5087356551912023,0.23726692765173338,1.5087356551912023,0.23726692765173338,1.5087356551912023,0.23726692765173338,0.0,0.0,1.0,0.23726692765173338,0.0,,,,
electricity,random,Random,budget_25,seed_2,1.526479084294138,0.2622101719814273,1.526479084294138,0.2622101719814273,1.526479084294138,0.2622101719814273,0.0,0.0,1.0,0.2622101719814273,0.0,,,,
electricity,random,Random,budget_50,seed_0,3.0077426484276524,0.436328654988161,3.0077426484276524,0.436328654988161,3.0077426484276524,0.436328654988161,0.0,0.0,1.0,0.436328654988161,0.0,,,,
electricity,random,Random,budget_50,seed_1,1.5087356551912023,0.23726692765173338,1.5087356551912023,0.23726692765173338,1.5087356551912023,0.23726692765173338,0.0,0.0,1.0,0.23726692765173338,0.0,,,,
electricity,random,Random,budget_50,seed_2,1.3674082560919638,0.23488586099068262,1.3674082560919638,0.23488586099068262,1.3674082560919638,0.23488586099068262,0.0,0.0,1.0,0.23488586099068262,0.0,,,,
electricity,goss_coreset,GOSS coreset,budget_25,seed_0,3.7108597633320697,0.5383287862845604,3.7108597633320697,0.5383287862845604,3.7108597633320697,0.5383287862845604,0.0,0.0,1.0,0.5383287862845604,0.0,,,,
electricity,goss_coreset,GOSS coreset,budget_25,seed_1,3.645364053906996,0.5732775826345595,3.645364053906996,0.5732775826345595,3.645364053906996,0.5732775826345595,0.0,0.0,1.0,0.5732775826345595,0.0,,,,
electricity,goss_coreset,GOSS coreset,budget_25,seed_2,4.158551336726218,0.7143330507543747,4.158551336726218,0.7143330507543747,4.158551336726218,0.7143330507543747,0.0,0.0,1.0,0.7143330507543747,0.0,,,,
electricity,goss_coreset,GOSS coreset,budget_50,seed_0,5.1833162884134945,0.7519358166111689,5.1833162884134945,0.7519358166111689,5.1833162884134945,0.7519358166111689,0.0,0.0,1.0,0.7519358166111689,0.0,,,,
electricity,goss_coreset,GOSS coreset,budget_50,seed_1,1.5143979082516532,0.23815738542186513,1.5143979082516532,0.23815738542186513,1.5143979082516532,0.23815738542186513,0.0,0.0,1.0,0.23815738542186513,0.0,,,,
electricity,goss_coreset,GOSS coreset,budget_50,seed_2,1.9286821786247503,0.3312984049097277,1.9286821786247503,0.3312984049097277,1.9286821786247503,0.3312984049097277,0.0,0.0,1.0,0.3312984049097277,0.0,,,,
electricity,mvs_coreset,MVS coreset,budget_25,seed_0,3.617283757210761,0.5247538572887505,3.617283757210761,0.5247538572887505,3.617283757210761,0.5247538572887505,0.0,0.0,1.0,0.5247538572887505,0.0,,,,
electricity,mvs_coreset,MVS coreset,budget_25,seed_1,1.5087356551912023,0.23726692765173338,1.5087356551912023,0.23726692765173338,1.5087356551912023,0.23726692765173338,0.0,0.0,1.0,0.23726692765173338,0.0,,,,
electricity,mvs_coreset,MVS coreset,budget_25,seed_2,1.526479084294138,0.2622101719814273,1.526479084294138,0.2622101719814273,1.526479084294138,0.2622101719814273,0.0,0.0,1.0,0.2622101719814273,0.0,,,,
electricity,mvs_coreset,MVS coreset,budget_50,seed_0,3.617283757210761,0.5247538572887505,3.617283757210761,0.5247538572887505,3.617283757210761,0.5247538572887505,0.0,0.0,1.0,0.5247538572887505,0.0,,,,
electricity,mvs_coreset,MVS coreset,budget_50,seed_1,2.214318052579898,0.34822829259166665,2.214318052579898,0.34822829259166665,2.214318052579898,0.34822829259166665,0.0,0.0,1.0,0.34822829259166665,0.0,,,,
electricity,mvs_coreset,MVS coreset,budget_50,seed_2,1.9286821786247503,0.3312984049097277,1.9286821786247503,0.3312984049097277,1.9286821786247503,0.3312984049097277,0.0,0.0,1.0,0.3312984049097277,0.0,,,,
electricity,craig_coreset,CRAIG-style,budget_25,seed_0,3.0746588965501798,0.4460360934072757,3.0746588965501798,0.4460360934072757,3.0746588965501798,0.4460360934072757,0.0,0.0,1.0,0.4460360934072757,0.0,,,,
electricity,craig_coreset,CRAIG-style,budget_25,seed_1,2.3870228126785618,0.3753882047197104,2.3870228126785618,0.3753882047197104,2.3870228126785618,0.3753882047197104,0.0,0.0,1.0,0.3753882047197104,0.0,,,,
electricity,craig_coreset,CRAIG-style,budget_25,seed_2,1.9666548233734082,0.3378211367391909,1.9666548233734082,0.3378211367391909,1.9666548233734082,0.3378211367391909,0.0,0.0,1.0,0.3378211367391909,0.0,,,,
electricity,craig_coreset,CRAIG-style,budget_50,seed_0,3.723124875080157,0.5401080674059423,3.723124875080157,0.5401080674059423,3.723124875080157,0.5401080674059423,0.0,0.0,1.0,0.5401080674059423,0.0,,,,
electricity,craig_coreset,CRAIG-style,budget_50,seed_1,1.8761667144221645,0.29504990523802516,1.8761667144221645,0.29504990523802516,1.8761667144221645,0.29504990523802516,0.0,0.0,1.0,0.29504990523802516,0.0,,,,
electricity,craig_coreset,CRAIG-style,budget_50,seed_2,1.9286821786247503,0.3312984049097277,1.9286821786247503,0.3312984049097277,1.9286821786247503,0.3312984049097277,0.0,0.0,1.0,0.3312984049097277,0.0,,,,
electricity,gradmatch_coreset,GradMatch-style,budget_25,seed_0,2.827826677737656,0.4102285185476002,2.827826677737656,0.4102285185476002,2.827826677737656,0.4102285185476002,0.0,0.0,1.0,0.4102285185476002,0.0,,,,
electricity,gradmatch_coreset,GradMatch-style,budget_25,seed_1,1.7200709059713803,0.27050195161672796,1.7200709059713803,0.27050195161672796,1.7200709059713803,0.27050195161672796,0.0,0.0,1.0,0.27050195161672796,0.0,,,,
electricity,gradmatch_coreset,GradMatch-style,budget_25,seed_2,0.5118651908750005,0.08792538404985953,0.5118651908750005,0.08792538404985953,0.5118651908750005,0.08792538404985953,0.0,0.0,1.0,0.08792538404985953,0.0,,,,
electricity,gradmatch_coreset,GradMatch-style,budget_50,seed_0,2.827826677737656,0.4102285185476002,2.827826677737656,0.4102285185476002,2.827826677737656,0.4102285185476002,0.0,0.0,1.0,0.4102285185476002,0.0,,,,
electricity,gradmatch_coreset,GradMatch-style,budget_50,seed_1,1.7200709059713803,0.27050195161672796,1.7200709059713803,0.27050195161672796,1.7200709059713803,0.27050195161672796,0.0,0.0,1.0,0.27050195161672796,0.0,,,,
electricity,gradmatch_coreset,GradMatch-style,budget_50,seed_2,0.5118651908750005,0.08792538404985953,0.5118651908750005,0.08792538404985953,0.5118651908750005,0.08792538404985953,0.0,0.0,1.0,0.08792538404985953,0.0,,,,
electricity,grand_coreset,GraNd,budget_25,seed_0,3.723124875080157,0.5401080674059423,3.723124875080157,0.5401080674059423,3.723124875080157,0.5401080674059423,0.0,0.0,1.0,0.5401080674059423,0.0,,,,
electricity,grand_coreset,GraNd,budget_25,seed_1,3.7046848706943085,0.5826064984698078,3.7046848706943085,0.5826064984698078,3.7046848706943085,0.5826064984698078,0.0,0.0,1.0,0.5826064984698078,0.0,,,,
electricity,grand_coreset,GraNd,budget_25,seed_2,2.0839915670558566,0.357976596487886,2.0839915670558566,0.357976596487886,2.0839915670558566,0.357976596487886,0.0,0.0,1.0,0.357976596487886,0.0,,,,
electricity,grand_coreset,GraNd,budget_50,seed_0,2.685804519659661,0.3896255799135111,2.685804519659661,0.3896255799135111,2.685804519659661,0.3896255799135111,0.0,0.0,1.0,0.3896255799135111,0.0,,,,
electricity,grand_coreset,GraNd,budget_50,seed_1,2.260297224149487,0.35545907336943366,2.260297224149487,0.35545907336943366,2.260297224149487,0.35545907336943366,0.0,0.0,1.0,0.35545907336943366,0.0,,,,
electricity,grand_coreset,GraNd,budget_50,seed_2,1.0700096072115421,0.1838003586262406,1.0700096072115421,0.1838003586262406,1.0700096072115421,0.1838003586262406,0.0,0.0,1.0,0.1838003586262406,0.0,,,,
electricity,el2n_coreset,EL2N,budget_25,seed_0,3.723124875080157,0.5401080674059423,3.723124875080157,0.5401080674059423,3.723124875080157,0.5401080674059423,0.0,0.0,1.0,0.5401080674059423,0.0,,,,
electricity,el2n_coreset,EL2N,budget_25,seed_1,3.7046848706943085,0.5826064984698078,3.7046848706943085,0.5826064984698078,3.7046848706943085,0.5826064984698078,0.0,0.0,1.0,0.5826064984698078,0.0,,,,
electricity,el2n_coreset,EL2N,budget_25,seed_2,2.0839915670558566,0.357976596487886,2.0839915670558566,0.357976596487886,2.0839915670558566,0.357976596487886,0.0,0.0,1.0,0.357976596487886,0.0,,,,
electricity,el2n_coreset,EL2N,budget_50,seed_0,2.685804519659661,0.3896255799135111,2.685804519659661,0.3896255799135111,2.685804519659661,0.3896255799135111,0.0,0.0,1.0,0.3896255799135111,0.0,,,,
electricity,el2n_coreset,EL2N,budget_50,seed_1,2.260297224149487,0.35545907336943366,2.260297224149487,0.35545907336943366,2.260297224149487,0.35545907336943366,0.0,0.0,1.0,0.35545907336943366,0.0,,,,
electricity,el2n_coreset,EL2N,budget_50,seed_2,1.0700096072115421,0.1838003586262406,1.0700096072115421,0.1838003586262406,1.0700096072115421,0.1838003586262406,0.0,0.0,1.0,0.1838003586262406,0.0,,,,
electricity,distribution_matching,DistributionMatching,budget_25,seed_0,6.097132661733449,0.8845017691155478,6.097132661733449,0.8845017691155478,6.097132661733449,0.8845017691155478,0.0,0.0,1.0,0.8845017691155478,0.0,,,,
electricity,distribution_matching,DistributionMatching,budget_25,seed_1,1.5143979082516532,0.23815738542186513,1.5143979082516532,0.23815738542186513,1.5143979082516532,0.23815738542186513,0.0,0.0,1.0,0.23815738542186513,0.0,,,,
electricity,distribution_matching,DistributionMatching,budget_25,seed_2,1.2237647060668522,0.21021156289931775,1.2237647060668522,0.21021156289931775,1.2237647060668522,0.21021156289931775,0.0,0.0,1.0,0.21021156289931775,0.0,,,,
electricity,distribution_matching,DistributionMatching,budget_50,seed_0,2.685804519659661,0.3896255799135111,2.685804519659661,0.3896255799135111,2.685804519659661,0.3896255799135111,0.0,0.0,1.0,0.3896255799135111,0.0,,,,
electricity,distribution_matching,DistributionMatching,budget_50,seed_1,2.214318052579898,0.34822829259166665,2.214318052579898,0.34822829259166665,2.214318052579898,0.34822829259166665,0.0,0.0,1.0,0.34822829259166665,0.0,,,,
electricity,distribution_matching,DistributionMatching,budget_50,seed_2,1.3674082560919638,0.23488586099068262,1.3674082560919638,0.23488586099068262,1.3674082560919638,0.23488586099068262,0.0,0.0,1.0,0.23488586099068262,0.0,,,,
electricity,k_center,K-center,budget_25,seed_0,3.2341889313213246,0.4691788731056308,3.2341889313213246,0.4691788731056308,3.2341889313213246,0.4691788731056308,0.0,0.0,1.0,0.4691788731056308,0.0,,,,
electricity,k_center,K-center,budget_25,seed_1,1.269350829184245,0.19962076876519372,1.269350829184245,0.19962076876519372,1.269350829184245,0.19962076876519372,0.0,0.0,1.0,0.19962076876519372,0.0,,,,
electricity,k_center,K-center,budget_25,seed_2,1.1859304282280476,0.2037125989757515,1.1859304282280476,0.2037125989757515,1.1859304282280476,0.2037125989757515,0.0,0.0,1.0,0.2037125989757515,0.0,,,,
electricity,k_center,K-center,budget_50,seed_0,1.9305472256292493,0.28006155207138156,1.9305472256292493,0.28006155207138156,1.9305472256292493,0.28006155207138156,0.0,0.0,1.0,0.28006155207138156,0.0,,,,
electricity,k_center,K-center,budget_50,seed_1,1.269350829184245,0.19962076876519372,1.269350829184245,0.19962076876519372,1.269350829184245,0.19962076876519372,0.0,0.0,1.0,0.19962076876519372,0.0,,,,
electricity,k_center,K-center,budget_50,seed_2,1.1859304282280476,0.2037125989757515,1.1859304282280476,0.2037125989757515,1.1859304282280476,0.2037125989757515,0.0,0.0,1.0,0.2037125989757515,0.0,,,,
electricity,gradient_sampling,Gradient sampling,budget_25,seed_0,2.322066650697697,0.3368586800541093,2.322066650697697,0.3368586800541093,2.322066650697697,0.3368586800541093,0.0,0.0,1.0,0.3368586800541093,0.0,,,,
electricity,gradient_sampling,Gradient sampling,budget_25,seed_1,2.2945209060288745,0.36084116122857124,2.2945209060288745,0.36084116122857124,2.2945209060288745,0.36084116122857124,0.0,0.0,1.0,0.36084116122857124,0.0,,,,
electricity,gradient_sampling,Gradient sampling,budget_25,seed_2,0.5118651908750005,0.08792538404985953,0.5118651908750005,0.08792538404985953,0.5118651908750005,0.08792538404985953,0.0,0.0,1.0,0.08792538404985953,0.0,,,,
electricity,gradient_sampling,Gradient sampling,budget_50,seed_0,3.617283757210761,0.5247538572887505,3.617283757210761,0.5247538572887505,3.617283757210761,0.5247538572887505,0.0,0.0,1.0,0.5247538572887505,0.0,,,,
electricity,gradient_sampling,Gradient sampling,budget_50,seed_1,1.5143979082516532,0.23815738542186513,1.5143979082516532,0.23815738542186513,1.5143979082516532,0.23815738542186513,0.0,0.0,1.0,0.23815738542186513,0.0,,,,
electricity,gradient_sampling,Gradient sampling,budget_50,seed_2,1.9286821786247503,0.3312984049097277,1.9286821786247503,0.3312984049097277,1.9286821786247503,0.3312984049097277,0.0,0.0,1.0,0.3312984049097277,0.0,,,,
electricity,gain_herding,Gain sketch,budget_25,seed_0,3.1363200475156536,0.4549811828682547,3.1363200475156536,0.4549811828682547,3.1363200475156536,0.4549811828682547,0.0,0.0,1.0,0.4549811828682547,0.0,,,,
electricity,gain_herding,Gain sketch,budget_25,seed_1,2.214318052579898,0.34822829259166665,2.214318052579898,0.34822829259166665,2.214318052579898,0.34822829259166665,0.0,0.0,1.0,0.34822829259166665,0.0,,,,
electricity,gain_herding,Gain sketch,budget_25,seed_2,1.9286821786247503,0.3312984049097277,1.9286821786247503,0.3312984049097277,1.9286821786247503,0.3312984049097277,0.0,0.0,1.0,0.3312984049097277,0.0,,,,
electricity,gain_herding,Gain sketch,budget_50,seed_0,3.1363200475156536,0.4549811828682547,3.1363200475156536,0.4549811828682547,3.1363200475156536,0.4549811828682547,0.0,0.0,1.0,0.4549811828682547,0.0,,,,
electricity,gain_herding,Gain sketch,budget_50,seed_1,1.0491346868445381,0.16498911720152903,1.0491346868445381,0.16498911720152903,1.0491346868445381,0.16498911720152903,0.0,0.0,1.0,0.16498911720152903,0.0,,,,
electricity,gain_herding,Gain sketch,budget_50,seed_2,1.526479084294138,0.2622101719814273,1.526479084294138,0.2622101719814273,1.526479084294138,0.2622101719814273,0.0,0.0,1.0,0.2622101719814273,0.0,,,,
electricity,gain_path_herding,Gain-path sketch,budget_25,seed_0,3.0077426484276524,0.436328654988161,3.0077426484276524,0.436328654988161,3.0077426484276524,0.436328654988161,0.0,0.0,1.0,0.436328654988161,0.0,,,,
electricity,gain_path_herding,Gain-path sketch,budget_25,seed_1,1.5087356551912023,0.23726692765173338,1.5087356551912023,0.23726692765173338,1.5087356551912023,0.23726692765173338,0.0,0.0,1.0,0.23726692765173338,0.0,,,,
electricity,gain_path_herding,Gain-path sketch,budget_25,seed_2,1.3674082560919638,0.23488586099068262,1.3674082560919638,0.23488586099068262,1.3674082560919638,0.23488586099068262,0.0,0.0,1.0,0.23488586099068262,0.0,,,,
electricity,gain_path_herding,Gain-path sketch,budget_50,seed_0,3.0077426484276524,0.436328654988161,3.0077426484276524,0.436328654988161,3.0077426484276524,0.436328654988161,0.0,0.0,1.0,0.436328654988161,0.0,,,,
electricity,gain_path_herding,Gain-path sketch,budget_50,seed_1,1.5087356551912023,0.23726692765173338,1.5087356551912023,0.23726692765173338,1.5087356551912023,0.23726692765173338,0.0,0.0,1.0,0.23726692765173338,0.0,,,,
electricity,gain_path_herding,Gain-path sketch,budget_50,seed_2,1.9286821786247503,0.3312984049097277,1.9286821786247503,0.3312984049097277,1.9286821786247503,0.3312984049097277,0.0,0.0,1.0,0.3312984049097277,0.0,,,,
gametes_epistasis_2_way_1000atts_0_4h_edm_1_edm_1_1,histdistill_greedy,HistDistill-Greedy,budget_25,seed_0,0.398451768003243,0.2920451554093189,0.398451768003243,0.2920451554093189,0.398451768003243,0.2920451554093189,0.0,0.0,1.0,0.2920451554093189,0.0,,,,
gametes_epistasis_2_way_1000atts_0_4h_edm_1_edm_1_1,histdistill_greedy,HistDistill-Greedy,budget_25,seed_1,0.5704009866985815,0.3343389643113927,0.5704009866985815,0.3343389643113927,0.5704009866985815,0.3343389643113927,0.0,0.0,1.0,0.3343389643113927,0.0,,,,
gametes_epistasis_2_way_1000atts_0_4h_edm_1_edm_1_1,histdistill_greedy,HistDistill-Greedy,budget_25,seed_2,0.38921835808310234,0.25617623914608184,0.38921835808310234,0.25617623914608184,0.38921835808310234,0.25617623914608184,0.0,0.0,1.0,0.25617623914608184,0.0,,,,
gametes_epistasis_2_way_1000atts_0_4h_edm_1_edm_1_1,histdistill_greedy,HistDistill-Greedy,budget_50,seed_0,0.398451768003243,0.2920451554093189,0.398451768003243,0.2920451554093189,0.398451768003243,0.2920451554093189,0.0,0.0,1.0,0.2920451554093189,0.0,,,,
gametes_epistasis_2_way_1000atts_0_4h_edm_1_edm_1_1,histdistill_greedy,HistDistill-Greedy,budget_50,seed_1,0.6114027622207605,0.3583720418878478,0.6114027622207605,0.3583720418878478,0.6114027622207605,0.3583720418878478,0.0,0.0,1.0,0.3583720418878478,0.0,,,,
gametes_epistasis_2_way_1000atts_0_4h_edm_1_edm_1_1,histdistill_greedy,HistDistill-Greedy,budget_50,seed_2,0.4680794939428914,0.3080811628985107,0.4680794939428914,0.3080811628985107,0.4680794939428914,0.3080811628985107,0.0,0.0,1.0,0.3080811628985107,0.0,,,,
gametes_epistasis_2_way_1000atts_0_4h_edm_1_edm_1_1,histdistill_refined,HistDistill-Refined,budget_25,seed_0,0.3609109525889571,0.26452962115331724,0.3609109525889571,0.26452962115331724,0.3609109525889571,0.26452962115331724,0.0,0.0,1.0,0.26452962115331724,0.0,,,,
gametes_epistasis_2_way_1000atts_0_4h_edm_1_edm_1_1,histdistill_refined,HistDistill-Refined,budget_25,seed_1,0.6636406720587826,0.3889911485870187,0.6636406720587826,0.3889911485870187,0.6636406720587826,0.3889911485870187,0.0,0.0,1.0,0.3889911485870187,0.0,,,,
gametes_epistasis_2_way_1000atts_0_4h_edm_1_edm_1_1,histdistill_refined,HistDistill-Refined,budget_25,seed_2,0.4303575788627363,0.2832533043508963,0.4303575788627363,0.2832533043508963,0.4303575788627363,0.2832533043508963,0.0,0.0,1.0,0.2832533043508963,0.0,,,,
gametes_epistasis_2_way_1000atts_0_4h_edm_1_edm_1_1,histdistill_refined,HistDistill-Refined,budget_50,seed_0,0.1586301473802909,0.11626793947091525,0.1586301473802909,0.11626793947091525,0.1586301473802909,0.11626793947091525,0.0,0.0,1.0,0.11626793947091525,0.0,,,,
gametes_epistasis_2_way_1000atts_0_4h_edm_1_edm_1_1,histdistill_refined,HistDistill-Refined,budget_50,seed_1,0.6114027622207605,0.3583720418878478,0.6114027622207605,0.3583720418878478,0.6114027622207605,0.3583720418878478,0.0,0.0,1.0,0.3583720418878478,0.0,,,,
gametes_epistasis_2_way_1000atts_0_4h_edm_1_edm_1_1,histdistill_refined,HistDistill-Refined,budget_50,seed_2,0.6304641765799028,0.4149597220131293,0.6304641765799028,0.4149597220131293,0.6304641765799028,0.4149597220131293,0.0,0.0,1.0,0.4149597220131293,0.0,,,,
gametes_epistasis_2_way_1000atts_0_4h_edm_1_edm_1_1,histdistill_density,HistDistill-Density,budget_25,seed_0,0.3609109525889571,0.26452962115331724,0.3609109525889571,0.26452962115331724,0.3609109525889571,0.26452962115331724,0.0,0.0,1.0,0.26452962115331724,0.0,,,,
gametes_epistasis_2_way_1000atts_0_4h_edm_1_edm_1_1,histdistill_density,HistDistill-Density,budget_25,seed_1,0.7413612676611828,0.43454686122659447,0.7413612676611828,0.43454686122659447,0.7413612676611828,0.43454686122659447,0.0,0.0,1.0,0.43454686122659447,0.0,,,,
gametes_epistasis_2_way_1000atts_0_4h_edm_1_edm_1_1,histdistill_density,HistDistill-Density,budget_25,seed_2,0.5349708371622979,0.35210779314733004,0.5349708371622979,0.35210779314733004,0.5349708371622979,0.35210779314733004,0.0,0.0,1.0,0.35210779314733004,0.0,,,,
gametes_epistasis_2_way_1000atts_0_4h_edm_1_edm_1_1,histdistill_density,HistDistill-Density,budget_50,seed_0,0.40290699966980015,0.29531061669956377,0.40290699966980015,0.29531061669956377,0.40290699966980015,0.29531061669956377,0.0,0.0,1.0,0.29531061669956377,0.0,,,,
gametes_epistasis_2_way_1000atts_0_4h_edm_1_edm_1_1,histdistill_density,HistDistill-Density,budget_50,seed_1,0.6114027622207605,0.3583720418878478,0.6114027622207605,0.3583720418878478,0.6114027622207605,0.3583720418878478,0.0,0.0,1.0,0.3583720418878478,0.0,,,,
gametes_epistasis_2_way_1000atts_0_4h_edm_1_edm_1_1,histdistill_density,HistDistill-Density,budget_50,seed_2,0.5533354420200126,0.3641950323747479,0.5533354420200126,0.3641950323747479,0.5533354420200126,0.3641950323747479,0.0,0.0,1.0,0.3641950323747479,0.0,,,,
gametes_epistasis_2_way_1000atts_0_4h_edm_1_edm_1_1,gain_path_refined,Legacy gain-path refined,budget_25,seed_0,0.3609109525889571,0.26452962115331724,0.3609109525889571,0.26452962115331724,0.3609109525889571,0.26452962115331724,0.0,0.0,1.0,0.26452962115331724,0.0,,,,
gametes_epistasis_2_way_1000atts_0_4h_edm_1_edm_1_1,gain_path_refined,Legacy gain-path refined,budget_25,seed_1,0.6152360532856989,0.36061891486745723,0.6152360532856989,0.36061891486745723,0.6152360532856989,0.36061891486745723,0.0,0.0,1.0,0.36061891486745723,0.0,,,,
gametes_epistasis_2_way_1000atts_0_4h_edm_1_edm_1_1,gain_path_refined,Legacy gain-path refined,budget_25,seed_2,0.5349708371622979,0.35210779314733004,0.5349708371622979,0.35210779314733004,0.5349708371622979,0.35210779314733004,0.0,0.0,1.0,0.35210779314733004,0.0,,,,
gametes_epistasis_2_way_1000atts_0_4h_edm_1_edm_1_1,gain_path_refined,Legacy gain-path refined,budget_50,seed_0,0.3375702637784015,0.24742206726994787,0.3375702637784015,0.24742206726994787,0.3375702637784015,0.24742206726994787,0.0,0.0,1.0,0.24742206726994787,0.0,,,,
gametes_epistasis_2_way_1000atts_0_4h_edm_1_edm_1_1,gain_path_refined,Legacy gain-path refined,budget_50,seed_1,0.6114027622207605,0.3583720418878478,0.6114027622207605,0.3583720418878478,0.6114027622207605,0.3583720418878478,0.0,0.0,1.0,0.3583720418878478,0.0,,,,
gametes_epistasis_2_way_1000atts_0_4h_edm_1_edm_1_1,gain_path_refined,Legacy gain-path refined,budget_50,seed_2,0.6304641765799028,0.4149597220131293,0.6304641765799028,0.4149597220131293,0.6304641765799028,0.4149597220131293,0.0,0.0,1.0,0.4149597220131293,0.0,,,,
gametes_epistasis_2_way_1000atts_0_4h_edm_1_edm_1_1,herding,Herding,budget_25,seed_0,0.1830519301669522,0.13416788099971047,0.1830519301669522,0.13416788099971047,0.1830519301669522,0.13416788099971047,0.0,0.0,1.0,0.13416788099971047,0.0,,,,
gametes_epistasis_2_way_1000atts_0_4h_edm_1_edm_1_1,herding,Herding,budget_25,seed_1,0.7226417949924785,0.4235744939788897,0.7226417949924785,0.4235744939788897,0.7226417949924785,0.4235744939788897,0.0,0.0,1.0,0.4235744939788897,0.0,,,,
gametes_epistasis_2_way_1000atts_0_4h_edm_1_edm_1_1,herding,Herding,budget_25,seed_2,0.5304369330234581,0.34912366229426056,0.5304369330234581,0.34912366229426056,0.5304369330234581,0.34912366229426056,0.0,0.0,1.0,0.34912366229426056,0.0,,,,
gametes_epistasis_2_way_1000atts_0_4h_edm_1_edm_1_1,herding,Herding,budget_50,seed_0,0.3997705796552976,0.2930117781847932,0.3997705796552976,0.2930117781847932,0.3997705796552976,0.2930117781847932,0.0,0.0,1.0,0.2930117781847932,0.0,,,,
gametes_epistasis_2_way_1000atts_0_4h_edm_1_edm_1_1,herding,Herding,budget_50,seed_1,0.3927509399913085,0.23020987966560014,0.3927509399913085,0.23020987966560014,0.3927509399913085,0.23020987966560014,0.0,0.0,1.0,0.23020987966560014,0.0,,,,
gametes_epistasis_2_way_1000atts_0_4h_edm_1_edm_1_1,herding,Herding,budget_50,seed_2,0.38748664195654214,0.25503645600030306,0.38748664195654214,0.25503645600030306,0.38748664195654214,0.25503645600030306,0.0,0.0,1.0,0.25503645600030306,0.0,,,,
gametes_epistasis_2_way_1000atts_0_4h_edm_1_edm_1_1,random,Random,budget_25,seed_0,0.28125563053164937,0.20614626643517112,0.28125563053164937,0.20614626643517112,0.28125563053164937,0.20614626643517112,0.0,0.0,1.0,0.20614626643517112,0.0,,,,
gametes_epistasis_2_way_1000atts_0_4h_edm_1_edm_1_1,random,Random,budget_25,seed_1,0.6637569306778777,0.3890592932557814,0.6637569306778777,0.3890592932557814,0.6637569306778777,0.3890592932557814,0.0,0.0,1.0,0.3890592932557814,0.0,,,,
gametes_epistasis_2_way_1000atts_0_4h_edm_1_edm_1_1,random,Random,budget_25,seed_2,0.2523737311041705,0.16610766668854557,0.2523737311041705,0.16610766668854557,0.2523737311041705,0.16610766668854557,0.0,0.0,1.0,0.16610766668854557,0.0,,,,
gametes_epistasis_2_way_1000atts_0_4h_edm_1_edm_1_1,random,Random,budget_50,seed_0,0.2672936169537352,0.19591281096420488,0.2672936169537352,0.19591281096420488,0.2672936169537352,0.19591281096420488,0.0,0.0,1.0,0.19591281096420488,0.0,,,,
gametes_epistasis_2_way_1000atts_0_4h_edm_1_edm_1_1,random,Random,budget_50,seed_1,0.6412498811295162,0.3758668482720198,0.6412498811295162,0.3758668482720198,0.6412498811295162,0.3758668482720198,0.0,0.0,1.0,0.3758668482720198,0.0,,,,
gametes_epistasis_2_way_1000atts_0_4h_edm_1_edm_1_1,random,Random,budget_50,seed_2,0.5445069756388919,0.35838430102568797,0.5445069756388919,0.35838430102568797,0.5445069756388919,0.35838430102568797,0.0,0.0,1.0,0.35838430102568797,0.0,,,,
gametes_epistasis_2_way_1000atts_0_4h_edm_1_edm_1_1,goss_coreset,GOSS coreset,budget_25,seed_0,0.903916727975709,0.6625256116233381,0.903916727975709,0.6625256116233381,0.903916727975709,0.6625256116233381,0.0,0.0,1.0,0.6625256116233381,0.0,,,,
gametes_epistasis_2_way_1000atts_0_4h_edm_1_edm_1_1,goss_coreset,GOSS coreset,budget_25,seed_1,0.5633200899939717,0.3301885162479741,0.5633200899939717,0.3301885162479741,0.5633200899939717,0.3301885162479741,0.0,0.0,1.0,0.3301885162479741,0.0,,,,
gametes_epistasis_2_way_1000atts_0_4h_edm_1_edm_1_1,goss_coreset,GOSS coreset,budget_25,seed_2,0.5227188780236662,0.34404378293526294,0.5227188780236662,0.34404378293526294,0.5227188780236662,0.34404378293526294,0.0,0.0,1.0,0.34404378293526294,0.0,,,,
gametes_epistasis_2_way_1000atts_0_4h_edm_1_edm_1_1,goss_coreset,GOSS coreset,budget_50,seed_0,0.2810888528531035,0.2060240267641218,0.2810888528531035,0.2060240267641218,0.2810888528531035,0.2060240267641218,0.0,0.0,1.0,0.2060240267641218,0.0,,,,
gametes_epistasis_2_way_1000atts_0_4h_edm_1_edm_1_1,goss_coreset,GOSS coreset,budget_50,seed_1,0.7164111608134435,0.4199224249485068,0.7164111608134435,0.4199224249485068,0.7164111608134435,0.4199224249485068,0.0,0.0,1.0,0.4199224249485068,0.0,,,,
gametes_epistasis_2_way_1000atts_0_4h_edm_1_edm_1_1,goss_coreset,GOSS coreset,budget_50,seed_2,1.2949726653542877,0.8523267731801302,1.2949726653542877,0.8523267731801302,1.2949726653542877,0.8523267731801302,0.0,0.0,1.0,0.8523267731801302,0.0,,,,
gametes_epistasis_2_way_1000atts_0_4h_edm_1_edm_1_1,mvs_coreset,MVS coreset,budget_25,seed_0,1.364246552489167,0.9999242779996488,1.364246552489167,0.9999242779996488,1.364246552489167,0.9999242779996488,0.0,0.0,1.0,0.9999242779996488,0.0,,,,
gametes_epistasis_2_way_1000atts_0_4h_edm_1_edm_1_1,mvs_coreset,MVS coreset,budget_25,seed_1,1.473960311689569,0.8639577692504956,1.473960311689569,0.8639577692504956,1.473960311689569,0.8639577692504956,0.0,0.0,1.0,0.8639577692504956,0.0,,,,
gametes_epistasis_2_way_1000atts_0_4h_edm_1_edm_1_1,mvs_coreset,MVS coreset,budget_25,seed_2,1.1347535013671863,0.7468735179136312,1.1347535013671863,0.7468735179136312,1.1347535013671863,0.7468735179136312,0.0,0.0,1.0,0.7468735179136312,0.0,,,,
gametes_epistasis_2_way_1000atts_0_4h_edm_1_edm_1_1,mvs_coreset,MVS coreset,budget_50,seed_0,0.10614764556852685,0.07780089871791313,0.10614764556852685,0.07780089871791313,0.10614764556852685,0.07780089871791313,0.0,0.0,1.0,0.07780089871791313,0.0,,,,
gametes_epistasis_2_way_1000atts_0_4h_edm_1_edm_1_1,mvs_coreset,MVS coreset,budget_50,seed_1,0.5902965240749898,0.34600067864212547,0.5902965240749898,0.34600067864212547,0.5902965240749898,0.34600067864212547,0.0,0.0,1.0,0.34600067864212547,0.0,,,,
gametes_epistasis_2_way_1000atts_0_4h_edm_1_edm_1_1,mvs_coreset,MVS coreset,budget_50,seed_2,0.40558756692558795,0.26695014605971573,0.40558756692558795,0.26695014605971573,0.40558756692558795,0.26695014605971573,0.0,0.0,1.0,0.26695014605971573,0.0,,,,
gametes_epistasis_2_way_1000atts_0_4h_edm_1_edm_1_1,craig_coreset,CRAIG-style,budget_25,seed_0,0.1379769686283614,0.10113019562671023,0.1379769686283614,0.10113019562671023,0.1379769686283614,0.10113019562671023,0.0,0.0,1.0,0.10113019562671023,0.0,,,,
gametes_epistasis_2_way_1000atts_0_4h_edm_1_edm_1_1,craig_coreset,CRAIG-style,budget_25,seed_1,1.2812447087163181,0.750998050373343,1.2812447087163181,0.750998050373343,1.2812447087163181,0.750998050373343,0.0,0.0,1.0,0.750998050373343,0.0,,,,
gametes_epistasis_2_way_1000atts_0_4h_edm_1_edm_1_1,craig_coreset,CRAIG-style,budget_25,seed_2,0.41491660861007085,0.2730903467052813,0.41491660861007085,0.2730903467052813,0.41491660861007085,0.2730903467052813,0.0,0.0,1.0,0.2730903467052813,0.0,,,,
gametes_epistasis_2_way_1000atts_0_4h_edm_1_edm_1_1,craig_coreset,CRAIG-style,budget_50,seed_0,0.2810888528531035,0.2060240267641218,0.2810888528531035,0.2060240267641218,0.2810888528531035,0.2060240267641218,0.0,0.0,1.0,0.2060240267641218,0.0,,,,
gametes_epistasis_2_way_1000atts_0_4h_edm_1_edm_1_1,craig_coreset,CRAIG-style,budget_50,seed_1,1.3302885885676705,0.7797449852098677,1.3302885885676705,0.7797449852098677,1.3302885885676705,0.7797449852098677,0.0,0.0,1.0,0.7797449852098677,0.0,,,,
gametes_epistasis_2_way_1000atts_0_4h_edm_1_edm_1_1,craig_coreset,CRAIG-style,budget_50,seed_2,0.28327819941177657,0.18644840935762963,0.28327819941177657,0.18644840935762963,0.28327819941177657,0.18644840935762963,0.0,0.0,1.0,0.18644840935762963,0.0,,,,
gametes_epistasis_2_way_1000atts_0_4h_edm_1_edm_1_1,gradmatch_coreset,GradMatch-style,budget_25,seed_0,0.18218350677155848,0.13353137022015035,0.18218350677155848,0.13353137022015035,0.18218350677155848,0.13353137022015035,0.0,0.0,1.0,0.13353137022015035,0.0,,,,
gametes_epistasis_2_way_1000atts_0_4h_edm_1_edm_1_1,gradmatch_coreset,GradMatch-style,budget_25,seed_1,1.6916514797088398,0.9915568466584053,1.6916514797088398,0.9915568466584053,1.6916514797088398,0.9915568466584053,0.0,0.0,1.0,0.9915568466584053,0.0,,,,
gametes_epistasis_2_way_1000atts_0_4h_edm_1_edm_1_1,gradmatch_coreset,GradMatch-style,budget_25,seed_2,0.3513531647435615,0.2312540775295639,0.3513531647435615,0.2312540775295639,0.3513531647435615,0.2312540775295639,0.0,0.0,1.0,0.2312540775295639,0.0,,,,
gametes_epistasis_2_way_1000atts_0_4h_edm_1_edm_1_1,gradmatch_coreset,GradMatch-style,budget_50,seed_0,0.31622757144417024,0.2317789445631787,0.31622757144417024,0.2317789445631787,0.31622757144417024,0.2317789445631787,0.0,0.0,1.0,0.2317789445631787,0.0,,,,
gametes_epistasis_2_way_1000atts_0_4h_edm_1_edm_1_1,gradmatch_coreset,GradMatch-style,budget_50,seed_1,0.5834275379875633,0.3419744414021939,0.5834275379875633,0.3419744414021939,0.5834275379875633,0.3419744414021939,0.0,0.0,1.0,0.3419744414021939,0.0,,,,
gametes_epistasis_2_way_1000atts_0_4h_edm_1_edm_1_1,gradmatch_coreset,GradMatch-style,budget_50,seed_2,0.5220623220583862,0.34361165008623007,0.5220623220583862,0.34361165008623007,0.5220623220583862,0.34361165008623007,0.0,0.0,1.0,0.34361165008623007,0.0,,,,
gametes_epistasis_2_way_1000atts_0_4h_edm_1_edm_1_1,grand_coreset,GraNd,budget_25,seed_0,1.364246552489167,0.9999242779996488,1.364246552489167,0.9999242779996488,1.364246552489167,0.9999242779996488,0.0,0.0,1.0,0.9999242779996488,0.0,,,,
gametes_epistasis_2_way_1000atts_0_4h_edm_1_edm_1_1,grand_coreset,GraNd,budget_25,seed_1,1.574834163423584,0.9230846990793767,1.574834163423584,0.9230846990793767,1.574834163423584,0.9230846990793767,0.0,0.0,1.0,0.9230846990793767,0.0,,,,
gametes_epistasis_2_way_1000atts_0_4h_edm_1_edm_1_1,grand_coreset,GraNd,budget_25,seed_2,0.25173714570466466,0.16568867809216006,0.25173714570466466,0.16568867809216006,0.25173714570466466,0.16568867809216006,0.0,0.0,1.0,0.16568867809216006,0.0,,,,
gametes_epistasis_2_way_1000atts_0_4h_edm_1_edm_1_1,grand_coreset,GraNd,budget_50,seed_0,0.02531043669129618,0.018551280256653695,0.02531043669129618,0.018551280256653695,0.02531043669129618,0.018551280256653695,0.0,0.0,1.0,0.018551280256653695,0.0,,,,
gametes_epistasis_2_way_1000atts_0_4h_edm_1_edm_1_1,grand_coreset,GraNd,budget_50,seed_1,0.5902965240749898,0.34600067864212547,0.5902965240749898,0.34600067864212547,0.5902965240749898,0.34600067864212547,0.0,0.0,1.0,0.34600067864212547,0.0,,,,
gametes_epistasis_2_way_1000atts_0_4h_edm_1_edm_1_1,grand_coreset,GraNd,budget_50,seed_2,0.42475291715430186,0.2795644209045347,0.42475291715430186,0.2795644209045347,0.42475291715430186,0.2795644209045347,0.0,0.0,1.0,0.2795644209045347,0.0,,,,
gametes_epistasis_2_way_1000atts_0_4h_edm_1_edm_1_1,el2n_coreset,EL2N,budget_25,seed_0,1.364246552489167,0.9999242779996488,1.364246552489167,0.9999242779996488,1.364246552489167,0.9999242779996488,0.0,0.0,1.0,0.9999242779996488,0.0,,,,
gametes_epistasis_2_way_1000atts_0_4h_edm_1_edm_1_1,el2n_coreset,EL2N,budget_25,seed_1,1.574834163423584,0.9230846990793767,1.574834163423584,0.9230846990793767,1.574834163423584,0.9230846990793767,0.0,0.0,1.0,0.9230846990793767,0.0,,,,
gametes_epistasis_2_way_1000atts_0_4h_edm_1_edm_1_1,el2n_coreset,EL2N,budget_25,seed_2,0.25173714570466466,0.16568867809216006,0.25173714570466466,0.16568867809216006,0.25173714570466466,0.16568867809216006,0.0,0.0,1.0,0.16568867809216006,0.0,,,,
gametes_epistasis_2_way_1000atts_0_4h_edm_1_edm_1_1,el2n_coreset,EL2N,budget_50,seed_0,0.02531043669129618,0.018551280256653695,0.02531043669129618,0.018551280256653695,0.02531043669129618,0.018551280256653695,0.0,0.0,1.0,0.018551280256653695,0.0,,,,
gametes_epistasis_2_way_1000atts_0_4h_edm_1_edm_1_1,el2n_coreset,EL2N,budget_50,seed_1,0.5902965240749898,0.34600067864212547,0.5902965240749898,0.34600067864212547,0.5902965240749898,0.34600067864212547,0.0,0.0,1.0,0.34600067864212547,0.0,,,,
gametes_epistasis_2_way_1000atts_0_4h_edm_1_edm_1_1,el2n_coreset,EL2N,budget_50,seed_2,0.42475291715430186,0.2795644209045347,0.42475291715430186,0.2795644209045347,0.42475291715430186,0.2795644209045347,0.0,0.0,1.0,0.2795644209045347,0.0,,,,
gametes_epistasis_2_way_1000atts_0_4h_edm_1_edm_1_1,distribution_matching,DistributionMatching,budget_25,seed_0,0.36713403194692196,0.26909082610750523,0.36713403194692196,0.26909082610750523,0.36713403194692196,0.26909082610750523,0.0,0.0,1.0,0.26909082610750523,0.0,,,,
gametes_epistasis_2_way_1000atts_0_4h_edm_1_edm_1_1,distribution_matching,DistributionMatching,budget_25,seed_1,0.37109557402323334,0.21751664666217196,0.37109557402323334,0.21751664666217196,0.37109557402323334,0.21751664666217196,0.0,0.0,1.0,0.21751664666217196,0.0,,,,
gametes_epistasis_2_way_1000atts_0_4h_edm_1_edm_1_1,distribution_matching,DistributionMatching,budget_25,seed_2,0.38519781354925575,0.2535299919775959,0.38519781354925575,0.2535299919775959,0.38519781354925575,0.2535299919775959,0.0,0.0,1.0,0.2535299919775959,0.0,,,,
gametes_epistasis_2_way_1000atts_0_4h_edm_1_edm_1_1,distribution_matching,DistributionMatching,budget_50,seed_0,0.40290699966980015,0.29531061669956377,0.40290699966980015,0.29531061669956377,0.40290699966980015,0.29531061669956377,0.0,0.0,1.0,0.29531061669956377,0.0,,,,
gametes_epistasis_2_way_1000atts_0_4h_edm_1_edm_1_1,distribution_matching,DistributionMatching,budget_50,seed_1,0.0,0.0,0.0,0.0,0.0,0.0,1.0,1.0,1.0,0.0,1.0,,,,
gametes_epistasis_2_way_1000atts_0_4h_edm_1_edm_1_1,distribution_matching,DistributionMatching,budget_50,seed_2,0.25173714570466466,0.16568867809216006,0.25173714570466466,0.16568867809216006,0.25173714570466466,0.16568867809216006,0.0,0.0,1.0,0.16568867809216006,0.0,,,,
gametes_epistasis_2_way_1000atts_0_4h_edm_1_edm_1_1,k_center,K-center,budget_25,seed_0,1.0750644731973344,0.7879683222974123,1.0750644731973344,0.7879683222974123,1.0750644731973344,0.7879683222974123,0.0,0.0,1.0,0.7879683222974123,0.0,,,,
gametes_epistasis_2_way_1000atts_0_4h_edm_1_edm_1_1,k_center,K-center,budget_25,seed_1,1.6202238176337282,0.949689719640274,1.6202238176337282,0.949689719640274,1.6202238176337282,0.949689719640274,0.0,0.0,1.0,0.949689719640274,0.0,,,,
gametes_epistasis_2_way_1000atts_0_4h_edm_1_edm_1_1,k_center,K-center,budget_25,seed_2,0.33066695164914517,0.21763879920918583,0.33066695164914517,0.21763879920918583,0.33066695164914517,0.21763879920918583,0.0,0.0,1.0,0.21763879920918583,0.0,,,,
gametes_epistasis_2_way_1000atts_0_4h_edm_1_edm_1_1,k_center,K-center,budget_50,seed_0,1.0750644731973344,0.7879683222974123,1.0750644731973344,0.7879683222974123,1.0750644731973344,0.7879683222974123,0.0,0.0,1.0,0.7879683222974123,0.0,,,,
gametes_epistasis_2_way_1000atts_0_4h_edm_1_edm_1_1,k_center,K-center,budget_50,seed_1,0.7226417949924785,0.4235744939788897,0.7226417949924785,0.4235744939788897,0.7226417949924785,0.4235744939788897,0.0,0.0,1.0,0.4235744939788897,0.0,,,,
gametes_epistasis_2_way_1000atts_0_4h_edm_1_edm_1_1,k_center,K-center,budget_50,seed_2,0.9049323428734322,0.5956095324503474,0.9049323428734322,0.5956095324503474,0.9049323428734322,0.5956095324503474,0.0,0.0,1.0,0.5956095324503474,0.0,,,,
gametes_epistasis_2_way_1000atts_0_4h_edm_1_edm_1_1,gradient_sampling,Gradient sampling,budget_25,seed_0,0.10440052240327291,0.07652034509188015,0.10440052240327291,0.07652034509188015,0.10440052240327291,0.07652034509188015,0.0,0.0,1.0,0.07652034509188015,0.0,,,,
gametes_epistasis_2_way_1000atts_0_4h_edm_1_edm_1_1,gradient_sampling,Gradient sampling,budget_25,seed_1,0.6789892281578449,0.39798766238959304,0.6789892281578449,0.39798766238959304,0.6789892281578449,0.39798766238959304,0.0,0.0,1.0,0.39798766238959304,0.0,,,,
gametes_epistasis_2_way_1000atts_0_4h_edm_1_edm_1_1,gradient_sampling,Gradient sampling,budget_25,seed_2,0.5526287290233202,0.36372988710631815,0.5526287290233202,0.36372988710631815,0.5526287290233202,0.36372988710631815,0.0,0.0,1.0,0.36372988710631815,0.0,,,,
gametes_epistasis_2_way_1000atts_0_4h_edm_1_edm_1_1,gradient_sampling,Gradient sampling,budget_50,seed_0,0.40290699966980015,0.29531061669956377,0.40290699966980015,0.29531061669956377,0.40290699966980015,0.29531061669956377,0.0,0.0,1.0,0.29531061669956377,0.0,,,,
gametes_epistasis_2_way_1000atts_0_4h_edm_1_edm_1_1,gradient_sampling,Gradient sampling,budget_50,seed_1,0.6114027622207605,0.3583720418878478,0.6114027622207605,0.3583720418878478,0.6114027622207605,0.3583720418878478,0.0,0.0,1.0,0.3583720418878478,0.0,,,,
gametes_epistasis_2_way_1000atts_0_4h_edm_1_edm_1_1,gradient_sampling,Gradient sampling,budget_50,seed_2,0.5526287290233202,0.36372988710631815,0.5526287290233202,0.36372988710631815,0.5526287290233202,0.36372988710631815,0.0,0.0,1.0,0.36372988710631815,0.0,,,,
gametes_epistasis_2_way_1000atts_0_4h_edm_1_edm_1_1,gain_herding,Gain sketch,budget_25,seed_0,0.3967651053616501,0.29080891631379285,0.3967651053616501,0.29080891631379285,0.3967651053616501,0.29080891631379285,0.0,0.0,1.0,0.29080891631379285,0.0,,,,
gametes_epistasis_2_way_1000atts_0_4h_edm_1_edm_1_1,gain_herding,Gain sketch,budget_25,seed_1,0.7222805832678626,0.42336277072328277,0.7222805832678626,0.42336277072328277,0.7222805832678626,0.42336277072328277,0.0,0.0,1.0,0.42336277072328277,0.0,,,,
gametes_epistasis_2_way_1000atts_0_4h_edm_1_edm_1_1,gain_herding,Gain sketch,budget_25,seed_2,1.2758542137417912,0.8397433661268072,1.2758542137417912,0.8397433661268072,1.2758542137417912,0.8397433661268072,0.0,0.0,1.0,0.8397433661268072,0.0,,,,
gametes_epistasis_2_way_1000atts_0_4h_edm_1_edm_1_1,gain_herding,Gain sketch,budget_50,seed_0,0.35319041921888195,0.25887085753631633,0.35319041921888195,0.25887085753631633,0.35319041921888195,0.25887085753631633,0.0,0.0,1.0,0.25887085753631633,0.0,,,,
gametes_epistasis_2_way_1000atts_0_4h_edm_1_edm_1_1,gain_herding,Gain sketch,budget_50,seed_1,0.5936124936487135,0.34794432505722667,0.5936124936487135,0.34794432505722667,0.5936124936487135,0.34794432505722667,0.0,0.0,1.0,0.34794432505722667,0.0,,,,
gametes_epistasis_2_way_1000atts_0_4h_edm_1_edm_1_1,gain_herding,Gain sketch,budget_50,seed_2,0.41491660861007085,0.2730903467052813,0.41491660861007085,0.2730903467052813,0.41491660861007085,0.2730903467052813,0.0,0.0,1.0,0.2730903467052813,0.0,,,,
gametes_epistasis_2_way_1000atts_0_4h_edm_1_edm_1_1,gain_path_herding,Gain-path sketch,budget_25,seed_0,0.3609109525889571,0.26452962115331724,0.3609109525889571,0.26452962115331724,0.3609109525889571,0.26452962115331724,0.0,0.0,1.0,0.26452962115331724,0.0,,,,
gametes_epistasis_2_way_1000atts_0_4h_edm_1_edm_1_1,gain_path_herding,Gain-path sketch,budget_25,seed_1,0.6839962317200532,0.4009225037105755,0.6839962317200532,0.4009225037105755,0.6839962317200532,0.4009225037105755,0.0,0.0,1.0,0.4009225037105755,0.0,,,,
gametes_epistasis_2_way_1000atts_0_4h_edm_1_edm_1_1,gain_path_herding,Gain-path sketch,budget_25,seed_2,0.41491660861007085,0.2730903467052813,0.41491660861007085,0.2730903467052813,0.41491660861007085,0.2730903467052813,0.0,0.0,1.0,0.2730903467052813,0.0,,,,
gametes_epistasis_2_way_1000atts_0_4h_edm_1_edm_1_1,gain_path_herding,Gain-path sketch,budget_50,seed_0,0.1586301473802909,0.11626793947091525,0.1586301473802909,0.11626793947091525,0.1586301473802909,0.11626793947091525,0.0,0.0,1.0,0.11626793947091525,0.0,,,,
gametes_epistasis_2_way_1000atts_0_4h_edm_1_edm_1_1,gain_path_herding,Gain-path sketch,budget_50,seed_1,0.6114027622207605,0.3583720418878478,0.6114027622207605,0.3583720418878478,0.6114027622207605,0.3583720418878478,0.0,0.0,1.0,0.3583720418878478,0.0,,,,
gametes_epistasis_2_way_1000atts_0_4h_edm_1_edm_1_1,gain_path_herding,Gain-path sketch,budget_50,seed_2,0.6304641765799028,0.4149597220131293,0.6304641765799028,0.4149597220131293,0.6304641765799028,0.4149597220131293,0.0,0.0,1.0,0.4149597220131293,0.0,,,,
gametes_epistasis_2_way_20atts_0_1h_edm_1_1,histdistill_greedy,HistDistill-Greedy,budget_25,seed_0,0.1572651993735219,0.1572651993735219,0.1572651993735219,0.1572651993735219,0.1572651993735219,0.1572651993735219,0.0,0.0,1.0,0.1572651993735219,0.0,,,,
gametes_epistasis_2_way_20atts_0_1h_edm_1_1,histdistill_greedy,HistDistill-Greedy,budget_25,seed_1,0.16216636889201244,0.16216636889201244,0.16216636889201244,0.16216636889201244,0.16216636889201244,0.16216636889201244,0.0,0.0,1.0,0.16216636889201244,0.0,,,,
gametes_epistasis_2_way_20atts_0_1h_edm_1_1,histdistill_greedy,HistDistill-Greedy,budget_25,seed_2,0.14194140894986343,0.14194140894986343,0.14194140894986343,0.14194140894986343,0.14194140894986343,0.14194140894986343,0.0,0.0,1.0,0.14194140894986343,0.0,,,,
gametes_epistasis_2_way_20atts_0_1h_edm_1_1,histdistill_greedy,HistDistill-Greedy,budget_50,seed_0,0.15729477744342316,0.15729477744342316,0.15729477744342316,0.15729477744342316,0.15729477744342316,0.15729477744342316,0.0,0.0,1.0,0.15729477744342316,0.0,,,,
gametes_epistasis_2_way_20atts_0_1h_edm_1_1,histdistill_greedy,HistDistill-Greedy,budget_50,seed_1,0.16216636889201244,0.16216636889201244,0.16216636889201244,0.16216636889201244,0.16216636889201244,0.16216636889201244,0.0,0.0,1.0,0.16216636889201244,0.0,,,,
gametes_epistasis_2_way_20atts_0_1h_edm_1_1,histdistill_greedy,HistDistill-Greedy,budget_50,seed_2,0.14238201957762717,0.14238201957762717,0.14238201957762717,0.14238201957762717,0.14238201957762717,0.14238201957762717,0.0,0.0,1.0,0.14238201957762717,0.0,,,,
gametes_epistasis_2_way_20atts_0_1h_edm_1_1,histdistill_refined,HistDistill-Refined,budget_25,seed_0,0.15423138628210314,0.15423138628210314,0.15423138628210314,0.15423138628210314,0.15423138628210314,0.15423138628210314,0.0,0.0,1.0,0.15423138628210314,0.0,,,,
gametes_epistasis_2_way_20atts_0_1h_edm_1_1,histdistill_refined,HistDistill-Refined,budget_25,seed_1,0.1598757765381901,0.1598757765381901,0.1598757765381901,0.1598757765381901,0.1598757765381901,0.1598757765381901,0.0,0.0,1.0,0.1598757765381901,0.0,,,,
gametes_epistasis_2_way_20atts_0_1h_edm_1_1,histdistill_refined,HistDistill-Refined,budget_25,seed_2,0.1432577914898864,0.1432577914898864,0.1432577914898864,0.1432577914898864,0.1432577914898864,0.1432577914898864,0.0,0.0,1.0,0.1432577914898864,0.0,,,,
gametes_epistasis_2_way_20atts_0_1h_edm_1_1,histdistill_refined,HistDistill-Refined,budget_50,seed_0,0.15391434455723427,0.15391434455723427,0.15391434455723427,0.15391434455723427,0.15391434455723427,0.15391434455723427,0.0,0.0,1.0,0.15391434455723427,0.0,,,,
gametes_epistasis_2_way_20atts_0_1h_edm_1_1,histdistill_refined,HistDistill-Refined,budget_50,seed_1,0.0975595107724889,0.0975595107724889,0.0975595107724889,0.0975595107724889,0.0975595107724889,0.0975595107724889,0.0,0.0,1.0,0.0975595107724889,0.0,,,,
gametes_epistasis_2_way_20atts_0_1h_edm_1_1,histdistill_refined,HistDistill-Refined,budget_50,seed_2,0.14321698066842128,0.14321698066842128,0.14321698066842128,0.14321698066842128,0.14321698066842128,0.14321698066842128,0.0,0.0,1.0,0.14321698066842128,0.0,,,,
gametes_epistasis_2_way_20atts_0_1h_edm_1_1,histdistill_density,HistDistill-Density,budget_25,seed_0,0.15423138628210314,0.15423138628210314,0.15423138628210314,0.15423138628210314,0.15423138628210314,0.15423138628210314,0.0,0.0,1.0,0.15423138628210314,0.0,,,,
gametes_epistasis_2_way_20atts_0_1h_edm_1_1,histdistill_density,HistDistill-Density,budget_25,seed_1,0.1598757765381901,0.1598757765381901,0.1598757765381901,0.1598757765381901,0.1598757765381901,0.1598757765381901,0.0,0.0,1.0,0.1598757765381901,0.0,,,,
gametes_epistasis_2_way_20atts_0_1h_edm_1_1,histdistill_density,HistDistill-Density,budget_25,seed_2,0.07369398392735683,0.07369398392735683,0.07369398392735683,0.07369398392735683,0.07369398392735683,0.07369398392735683,0.0,0.0,1.0,0.07369398392735683,0.0,,,,
gametes_epistasis_2_way_20atts_0_1h_edm_1_1,histdistill_density,HistDistill-Density,budget_50,seed_0,0.15423138628210314,0.15423138628210314,0.15423138628210314,0.15423138628210314,0.15423138628210314,0.15423138628210314,0.0,0.0,1.0,0.15423138628210314,0.0,,,,
gametes_epistasis_2_way_20atts_0_1h_edm_1_1,histdistill_density,HistDistill-Density,budget_50,seed_1,0.0975595107724889,0.0975595107724889,0.0975595107724889,0.0975595107724889,0.0975595107724889,0.0975595107724889,0.0,0.0,1.0,0.0975595107724889,0.0,,,,
gametes_epistasis_2_way_20atts_0_1h_edm_1_1,histdistill_density,HistDistill-Density,budget_50,seed_2,0.14321698066842128,0.14321698066842128,0.14321698066842128,0.14321698066842128,0.14321698066842128,0.14321698066842128,0.0,0.0,1.0,0.14321698066842128,0.0,,,,
gametes_epistasis_2_way_20atts_0_1h_edm_1_1,gain_path_refined,Legacy gain-path refined,budget_25,seed_0,0.15423138628210314,0.15423138628210314,0.15423138628210314,0.15423138628210314,0.15423138628210314,0.15423138628210314,0.0,0.0,1.0,0.15423138628210314,0.0,,,,
gametes_epistasis_2_way_20atts_0_1h_edm_1_1,gain_path_refined,Legacy gain-path refined,budget_25,seed_1,0.0975595107724889,0.0975595107724889,0.0975595107724889,0.0975595107724889,0.0975595107724889,0.0975595107724889,0.0,0.0,1.0,0.0975595107724889,0.0,,,,
gametes_epistasis_2_way_20atts_0_1h_edm_1_1,gain_path_refined,Legacy gain-path refined,budget_25,seed_2,0.07369398392735683,0.07369398392735683,0.07369398392735683,0.07369398392735683,0.07369398392735683,0.07369398392735683,0.0,0.0,1.0,0.07369398392735683,0.0,,,,
gametes_epistasis_2_way_20atts_0_1h_edm_1_1,gain_path_refined,Legacy gain-path refined,budget_50,seed_0,0.15423138628210314,0.15423138628210314,0.15423138628210314,0.15423138628210314,0.15423138628210314,0.15423138628210314,0.0,0.0,1.0,0.15423138628210314,0.0,,,,
gametes_epistasis_2_way_20atts_0_1h_edm_1_1,gain_path_refined,Legacy gain-path refined,budget_50,seed_1,0.0975595107724889,0.0975595107724889,0.0975595107724889,0.0975595107724889,0.0975595107724889,0.0975595107724889,0.0,0.0,1.0,0.0975595107724889,0.0,,,,
gametes_epistasis_2_way_20atts_0_1h_edm_1_1,gain_path_refined,Legacy gain-path refined,budget_50,seed_2,0.14321698066842128,0.14321698066842128,0.14321698066842128,0.14321698066842128,0.14321698066842128,0.14321698066842128,0.0,0.0,1.0,0.14321698066842128,0.0,,,,
gametes_epistasis_2_way_20atts_0_1h_edm_1_1,herding,Herding,budget_25,seed_0,0.15346765338371773,0.15346765338371773,0.15346765338371773,0.15346765338371773,0.15346765338371773,0.15346765338371773,0.0,0.0,1.0,0.15346765338371773,0.0,,,,
gametes_epistasis_2_way_20atts_0_1h_edm_1_1,herding,Herding,budget_25,seed_1,0.14674538000430043,0.14674538000430043,0.14674538000430043,0.14674538000430043,0.14674538000430043,0.14674538000430043,0.0,0.0,1.0,0.14674538000430043,0.0,,,,
gametes_epistasis_2_way_20atts_0_1h_edm_1_1,herding,Herding,budget_25,seed_2,0.14227413731886454,0.14227413731886454,0.14227413731886454,0.14227413731886454,0.14227413731886454,0.14227413731886454,0.0,0.0,1.0,0.14227413731886454,0.0,,,,
gametes_epistasis_2_way_20atts_0_1h_edm_1_1,herding,Herding,budget_50,seed_0,0.15346765338371773,0.15346765338371773,0.15346765338371773,0.15346765338371773,0.15346765338371773,0.15346765338371773,0.0,0.0,1.0,0.15346765338371773,0.0,,,,
gametes_epistasis_2_way_20atts_0_1h_edm_1_1,herding,Herding,budget_50,seed_1,0.14674538000430043,0.14674538000430043,0.14674538000430043,0.14674538000430043,0.14674538000430043,0.14674538000430043,0.0,0.0,1.0,0.14674538000430043,0.0,,,,
gametes_epistasis_2_way_20atts_0_1h_edm_1_1,herding,Herding,budget_50,seed_2,0.14227413731886454,0.14227413731886454,0.14227413731886454,0.14227413731886454,0.14227413731886454,0.14227413731886454,0.0,0.0,1.0,0.14227413731886454,0.0,,,,
gametes_epistasis_2_way_20atts_0_1h_edm_1_1,random,Random,budget_25,seed_0,0.13787095919308945,0.13787095919308945,0.13787095919308945,0.13787095919308945,0.13787095919308945,0.13787095919308945,0.0,0.0,1.0,0.13787095919308945,0.0,,,,
gametes_epistasis_2_way_20atts_0_1h_edm_1_1,random,Random,budget_25,seed_1,0.1559362282308231,0.1559362282308231,0.1559362282308231,0.1559362282308231,0.1559362282308231,0.1559362282308231,0.0,0.0,1.0,0.1559362282308231,0.0,,,,
gametes_epistasis_2_way_20atts_0_1h_edm_1_1,random,Random,budget_25,seed_2,0.1283833094442205,0.1283833094442205,0.1283833094442205,0.1283833094442205,0.1283833094442205,0.1283833094442205,0.0,0.0,1.0,0.1283833094442205,0.0,,,,
gametes_epistasis_2_way_20atts_0_1h_edm_1_1,random,Random,budget_50,seed_0,0.13620563440820585,0.13620563440820585,0.13620563440820585,0.13620563440820585,0.13620563440820585,0.13620563440820585,0.0,0.0,1.0,0.13620563440820585,0.0,,,,
gametes_epistasis_2_way_20atts_0_1h_edm_1_1,random,Random,budget_50,seed_1,0.1559362282308231,0.1559362282308231,0.1559362282308231,0.1559362282308231,0.1559362282308231,0.1559362282308231,0.0,0.0,1.0,0.1559362282308231,0.0,,,,
gametes_epistasis_2_way_20atts_0_1h_edm_1_1,random,Random,budget_50,seed_2,0.1233360686056314,0.1233360686056314,0.1233360686056314,0.1233360686056314,0.1233360686056314,0.1233360686056314,0.0,0.0,1.0,0.1233360686056314,0.0,,,,
gametes_epistasis_2_way_20atts_0_1h_edm_1_1,goss_coreset,GOSS coreset,budget_25,seed_0,0.15350047673663583,0.15350047673663583,0.15350047673663583,0.15350047673663583,0.15350047673663583,0.15350047673663583,0.0,0.0,1.0,0.15350047673663583,0.0,,,,
gametes_epistasis_2_way_20atts_0_1h_edm_1_1,goss_coreset,GOSS coreset,budget_25,seed_1,0.1622105432764458,0.1622105432764458,0.1622105432764458,0.1622105432764458,0.1622105432764458,0.1622105432764458,0.0,0.0,1.0,0.1622105432764458,0.0,,,,
gametes_epistasis_2_way_20atts_0_1h_edm_1_1,goss_coreset,GOSS coreset,budget_25,seed_2,0.13587894092489985,0.13587894092489985,0.13587894092489985,0.13587894092489985,0.13587894092489985,0.13587894092489985,0.0,0.0,1.0,0.13587894092489985,0.0,,,,
gametes_epistasis_2_way_20atts_0_1h_edm_1_1,goss_coreset,GOSS coreset,budget_50,seed_0,0.15674896838750021,0.15674896838750021,0.15674896838750021,0.15674896838750021,0.15674896838750021,0.15674896838750021,0.0,0.0,1.0,0.15674896838750021,0.0,,,,
gametes_epistasis_2_way_20atts_0_1h_edm_1_1,goss_coreset,GOSS coreset,budget_50,seed_1,0.15139955492868998,0.15139955492868998,0.15139955492868998,0.15139955492868998,0.15139955492868998,0.15139955492868998,0.0,0.0,1.0,0.15139955492868998,0.0,,,,
gametes_epistasis_2_way_20atts_0_1h_edm_1_1,goss_coreset,GOSS coreset,budget_50,seed_2,0.13914195124436993,0.13914195124436993,0.13914195124436993,0.13914195124436993,0.13914195124436993,0.13914195124436993,0.0,0.0,1.0,0.13914195124436993,0.0,,,,
gametes_epistasis_2_way_20atts_0_1h_edm_1_1,mvs_coreset,MVS coreset,budget_25,seed_0,0.14748829397101137,0.14748829397101137,0.14748829397101137,0.14748829397101137,0.14748829397101137,0.14748829397101137,0.0,0.0,1.0,0.14748829397101137,0.0,,,,
gametes_epistasis_2_way_20atts_0_1h_edm_1_1,mvs_coreset,MVS coreset,budget_25,seed_1,0.16228816944745436,0.16228816944745436,0.16228816944745436,0.16228816944745436,0.16228816944745436,0.16228816944745436,0.0,0.0,1.0,0.16228816944745436,0.0,,,,
gametes_epistasis_2_way_20atts_0_1h_edm_1_1,mvs_coreset,MVS coreset,budget_25,seed_2,0.1283833094442205,0.1283833094442205,0.1283833094442205,0.1283833094442205,0.1283833094442205,0.1283833094442205,0.0,0.0,1.0,0.1283833094442205,0.0,,,,
gametes_epistasis_2_way_20atts_0_1h_edm_1_1,mvs_coreset,MVS coreset,budget_50,seed_0,0.15674896838750021,0.15674896838750021,0.15674896838750021,0.15674896838750021,0.15674896838750021,0.15674896838750021,0.0,0.0,1.0,0.15674896838750021,0.0,,,,
gametes_epistasis_2_way_20atts_0_1h_edm_1_1,mvs_coreset,MVS coreset,budget_50,seed_1,0.16296798402473875,0.16296798402473875,0.16296798402473875,0.16296798402473875,0.16296798402473875,0.16296798402473875,0.0,0.0,1.0,0.16296798402473875,0.0,,,,
gametes_epistasis_2_way_20atts_0_1h_edm_1_1,mvs_coreset,MVS coreset,budget_50,seed_2,0.14194140894986343,0.14194140894986343,0.14194140894986343,0.14194140894986343,0.14194140894986343,0.14194140894986343,0.0,0.0,1.0,0.14194140894986343,0.0,,,,
gametes_epistasis_2_way_20atts_0_1h_edm_1_1,craig_coreset,CRAIG-style,budget_25,seed_0,0.15738098580240534,0.15738098580240534,0.15738098580240534,0.15738098580240534,0.15738098580240534,0.15738098580240534,0.0,0.0,1.0,0.15738098580240534,0.0,,,,
gametes_epistasis_2_way_20atts_0_1h_edm_1_1,craig_coreset,CRAIG-style,budget_25,seed_1,0.15069560780887242,0.15069560780887242,0.15069560780887242,0.15069560780887242,0.15069560780887242,0.15069560780887242,0.0,0.0,1.0,0.15069560780887242,0.0,,,,
gametes_epistasis_2_way_20atts_0_1h_edm_1_1,craig_coreset,CRAIG-style,budget_25,seed_2,0.11057085484192977,0.11057085484192977,0.11057085484192977,0.11057085484192977,0.11057085484192977,0.11057085484192977,0.0,0.0,1.0,0.11057085484192977,0.0,,,,
gametes_epistasis_2_way_20atts_0_1h_edm_1_1,craig_coreset,CRAIG-style,budget_50,seed_0,0.15387111669990836,0.15387111669990836,0.15387111669990836,0.15387111669990836,0.15387111669990836,0.15387111669990836,0.0,0.0,1.0,0.15387111669990836,0.0,,,,
gametes_epistasis_2_way_20atts_0_1h_edm_1_1,craig_coreset,CRAIG-style,budget_50,seed_1,0.1559362282308231,0.1559362282308231,0.1559362282308231,0.1559362282308231,0.1559362282308231,0.1559362282308231,0.0,0.0,1.0,0.1559362282308231,0.0,,,,
gametes_epistasis_2_way_20atts_0_1h_edm_1_1,craig_coreset,CRAIG-style,budget_50,seed_2,0.11057085484192977,0.11057085484192977,0.11057085484192977,0.11057085484192977,0.11057085484192977,0.11057085484192977,0.0,0.0,1.0,0.11057085484192977,0.0,,,,
gametes_epistasis_2_way_20atts_0_1h_edm_1_1,gradmatch_coreset,GradMatch-style,budget_25,seed_0,0.13787095919308945,0.13787095919308945,0.13787095919308945,0.13787095919308945,0.13787095919308945,0.13787095919308945,0.0,0.0,1.0,0.13787095919308945,0.0,,,,
gametes_epistasis_2_way_20atts_0_1h_edm_1_1,gradmatch_coreset,GradMatch-style,budget_25,seed_1,0.14817376614811106,0.14817376614811106,0.14817376614811106,0.14817376614811106,0.14817376614811106,0.14817376614811106,0.0,0.0,1.0,0.14817376614811106,0.0,,,,
gametes_epistasis_2_way_20atts_0_1h_edm_1_1,gradmatch_coreset,GradMatch-style,budget_25,seed_2,0.13982677315634695,0.13982677315634695,0.13982677315634695,0.13982677315634695,0.13982677315634695,0.13982677315634695,0.0,0.0,1.0,0.13982677315634695,0.0,,,,
gametes_epistasis_2_way_20atts_0_1h_edm_1_1,gradmatch_coreset,GradMatch-style,budget_50,seed_0,0.15423138628210314,0.15423138628210314,0.15423138628210314,0.15423138628210314,0.15423138628210314,0.15423138628210314,0.0,0.0,1.0,0.15423138628210314,0.0,,,,
gametes_epistasis_2_way_20atts_0_1h_edm_1_1,gradmatch_coreset,GradMatch-style,budget_50,seed_1,0.15486699607509055,0.15486699607509055,0.15486699607509055,0.15486699607509055,0.15486699607509055,0.15486699607509055,0.0,0.0,1.0,0.15486699607509055,0.0,,,,
gametes_epistasis_2_way_20atts_0_1h_edm_1_1,gradmatch_coreset,GradMatch-style,budget_50,seed_2,0.13587894092489985,0.13587894092489985,0.13587894092489985,0.13587894092489985,0.13587894092489985,0.13587894092489985,0.0,0.0,1.0,0.13587894092489985,0.0,,,,
gametes_epistasis_2_way_20atts_0_1h_edm_1_1,grand_coreset,GraNd,budget_25,seed_0,0.14748829397101137,0.14748829397101137,0.14748829397101137,0.14748829397101137,0.14748829397101137,0.14748829397101137,0.0,0.0,1.0,0.14748829397101137,0.0,,,,
gametes_epistasis_2_way_20atts_0_1h_edm_1_1,grand_coreset,GraNd,budget_25,seed_1,0.16215342278186562,0.16215342278186562,0.16215342278186562,0.16215342278186562,0.16215342278186562,0.16215342278186562,0.0,0.0,1.0,0.16215342278186562,0.0,,,,
gametes_epistasis_2_way_20atts_0_1h_edm_1_1,grand_coreset,GraNd,budget_25,seed_2,0.1283833094442205,0.1283833094442205,0.1283833094442205,0.1283833094442205,0.1283833094442205,0.1283833094442205,0.0,0.0,1.0,0.1283833094442205,0.0,,,,
gametes_epistasis_2_way_20atts_0_1h_edm_1_1,grand_coreset,GraNd,budget_50,seed_0,0.15674896838750021,0.15674896838750021,0.15674896838750021,0.15674896838750021,0.15674896838750021,0.15674896838750021,0.0,0.0,1.0,0.15674896838750021,0.0,,,,
gametes_epistasis_2_way_20atts_0_1h_edm_1_1,grand_coreset,GraNd,budget_50,seed_1,0.16296798402473875,0.16296798402473875,0.16296798402473875,0.16296798402473875,0.16296798402473875,0.16296798402473875,0.0,0.0,1.0,0.16296798402473875,0.0,,,,
gametes_epistasis_2_way_20atts_0_1h_edm_1_1,grand_coreset,GraNd,budget_50,seed_2,0.1429726169957536,0.1429726169957536,0.1429726169957536,0.1429726169957536,0.1429726169957536,0.1429726169957536,0.0,0.0,1.0,0.1429726169957536,0.0,,,,
gametes_epistasis_2_way_20atts_0_1h_edm_1_1,el2n_coreset,EL2N,budget_25,seed_0,0.14748829397101137,0.14748829397101137,0.14748829397101137,0.14748829397101137,0.14748829397101137,0.14748829397101137,0.0,0.0,1.0,0.14748829397101137,0.0,,,,
gametes_epistasis_2_way_20atts_0_1h_edm_1_1,el2n_coreset,EL2N,budget_25,seed_1,0.16215342278186562,0.16215342278186562,0.16215342278186562,0.16215342278186562,0.16215342278186562,0.16215342278186562,0.0,0.0,1.0,0.16215342278186562,0.0,,,,
gametes_epistasis_2_way_20atts_0_1h_edm_1_1,el2n_coreset,EL2N,budget_25,seed_2,0.1283833094442205,0.1283833094442205,0.1283833094442205,0.1283833094442205,0.1283833094442205,0.1283833094442205,0.0,0.0,1.0,0.1283833094442205,0.0,,,,
gametes_epistasis_2_way_20atts_0_1h_edm_1_1,el2n_coreset,EL2N,budget_50,seed_0,0.15674896838750021,0.15674896838750021,0.15674896838750021,0.15674896838750021,0.15674896838750021,0.15674896838750021,0.0,0.0,1.0,0.15674896838750021,0.0,,,,
gametes_epistasis_2_way_20atts_0_1h_edm_1_1,el2n_coreset,EL2N,budget_50,seed_1,0.16296798402473875,0.16296798402473875,0.16296798402473875,0.16296798402473875,0.16296798402473875,0.16296798402473875,0.0,0.0,1.0,0.16296798402473875,0.0,,,,
gametes_epistasis_2_way_20atts_0_1h_edm_1_1,el2n_coreset,EL2N,budget_50,seed_2,0.1429726169957536,0.1429726169957536,0.1429726169957536,0.1429726169957536,0.1429726169957536,0.1429726169957536,0.0,0.0,1.0,0.1429726169957536,0.0,,,,
gametes_epistasis_2_way_20atts_0_1h_edm_1_1,distribution_matching,DistributionMatching,budget_25,seed_0,0.1472003902274256,0.1472003902274256,0.1472003902274256,0.1472003902274256,0.1472003902274256,0.1472003902274256,0.0,0.0,1.0,0.1472003902274256,0.0,,,,
gametes_epistasis_2_way_20atts_0_1h_edm_1_1,distribution_matching,DistributionMatching,budget_25,seed_1,0.1575171492570556,0.1575171492570556,0.1575171492570556,0.1575171492570556,0.1575171492570556,0.1575171492570556,0.0,0.0,1.0,0.1575171492570556,0.0,,,,
gametes_epistasis_2_way_20atts_0_1h_edm_1_1,distribution_matching,DistributionMatching,budget_25,seed_2,0.14227413731886454,0.14227413731886454,0.14227413731886454,0.14227413731886454,0.14227413731886454,0.14227413731886454,0.0,0.0,1.0,0.14227413731886454,0.0,,,,
gametes_epistasis_2_way_20atts_0_1h_edm_1_1,distribution_matching,DistributionMatching,budget_50,seed_0,0.1476881594466365,0.1476881594466365,0.1476881594466365,0.1476881594466365,0.1476881594466365,0.1476881594466365,0.0,0.0,1.0,0.1476881594466365,0.0,,,,
gametes_epistasis_2_way_20atts_0_1h_edm_1_1,distribution_matching,DistributionMatching,budget_50,seed_1,0.1589612414541777,0.1589612414541777,0.1589612414541777,0.1589612414541777,0.1589612414541777,0.1589612414541777,0.0,0.0,1.0,0.1589612414541777,0.0,,,,
gametes_epistasis_2_way_20atts_0_1h_edm_1_1,distribution_matching,DistributionMatching,budget_50,seed_2,0.12635328129180162,0.12635328129180162,0.12635328129180162,0.12635328129180162,0.12635328129180162,0.12635328129180162,0.0,0.0,1.0,0.12635328129180162,0.0,,,,
gametes_epistasis_2_way_20atts_0_1h_edm_1_1,k_center,K-center,budget_25,seed_0,0.15423138628210314,0.15423138628210314,0.15423138628210314,0.15423138628210314,0.15423138628210314,0.15423138628210314,0.0,0.0,1.0,0.15423138628210314,0.0,,,,
gametes_epistasis_2_way_20atts_0_1h_edm_1_1,k_center,K-center,budget_25,seed_1,0.1622105432764458,0.1622105432764458,0.1622105432764458,0.1622105432764458,0.1622105432764458,0.1622105432764458,0.0,0.0,1.0,0.1622105432764458,0.0,,,,
gametes_epistasis_2_way_20atts_0_1h_edm_1_1,k_center,K-center,budget_25,seed_2,0.13371015227261498,0.13371015227261498,0.13371015227261498,0.13371015227261498,0.13371015227261498,0.13371015227261498,0.0,0.0,1.0,0.13371015227261498,0.0,,,,
gametes_epistasis_2_way_20atts_0_1h_edm_1_1,k_center,K-center,budget_50,seed_0,0.15640851314989115,0.15640851314989115,0.15640851314989115,0.15640851314989115,0.15640851314989115,0.15640851314989115,0.0,0.0,1.0,0.15640851314989115,0.0,,,,
gametes_epistasis_2_way_20atts_0_1h_edm_1_1,k_center,K-center,budget_50,seed_1,0.15959600494383763,0.15959600494383763,0.15959600494383763,0.15959600494383763,0.15959600494383763,0.15959600494383763,0.0,0.0,1.0,0.15959600494383763,0.0,,,,
gametes_epistasis_2_way_20atts_0_1h_edm_1_1,k_center,K-center,budget_50,seed_2,0.14238201957762717,0.14238201957762717,0.14238201957762717,0.14238201957762717,0.14238201957762717,0.14238201957762717,0.0,0.0,1.0,0.14238201957762717,0.0,,,,
gametes_epistasis_2_way_20atts_0_1h_edm_1_1,gradient_sampling,Gradient sampling,budget_25,seed_0,0.13787095919308945,0.13787095919308945,0.13787095919308945,0.13787095919308945,0.13787095919308945,0.13787095919308945,0.0,0.0,1.0,0.13787095919308945,0.0,,,,
gametes_epistasis_2_way_20atts_0_1h_edm_1_1,gradient_sampling,Gradient sampling,budget_25,seed_1,0.16296798402473875,0.16296798402473875,0.16296798402473875,0.16296798402473875,0.16296798402473875,0.16296798402473875,0.0,0.0,1.0,0.16296798402473875,0.0,,,,
gametes_epistasis_2_way_20atts_0_1h_edm_1_1,gradient_sampling,Gradient sampling,budget_25,seed_2,0.12635328129180162,0.12635328129180162,0.12635328129180162,0.12635328129180162,0.12635328129180162,0.12635328129180162,0.0,0.0,1.0,0.12635328129180162,0.0,,,,
gametes_epistasis_2_way_20atts_0_1h_edm_1_1,gradient_sampling,Gradient sampling,budget_50,seed_0,0.13787095919308945,0.13787095919308945,0.13787095919308945,0.13787095919308945,0.13787095919308945,0.13787095919308945,0.0,0.0,1.0,0.13787095919308945,0.0,,,,
gametes_epistasis_2_way_20atts_0_1h_edm_1_1,gradient_sampling,Gradient sampling,budget_50,seed_1,0.16296798402473875,0.16296798402473875,0.16296798402473875,0.16296798402473875,0.16296798402473875,0.16296798402473875,0.0,0.0,1.0,0.16296798402473875,0.0,,,,
gametes_epistasis_2_way_20atts_0_1h_edm_1_1,gradient_sampling,Gradient sampling,budget_50,seed_2,0.12635328129180162,0.12635328129180162,0.12635328129180162,0.12635328129180162,0.12635328129180162,0.12635328129180162,0.0,0.0,1.0,0.12635328129180162,0.0,,,,
gametes_epistasis_2_way_20atts_0_1h_edm_1_1,gain_herding,Gain sketch,budget_25,seed_0,0.12158839249520986,0.12158839249520986,0.12158839249520986,0.12158839249520986,0.12158839249520986,0.12158839249520986,0.0,0.0,1.0,0.12158839249520986,0.0,,,,
gametes_epistasis_2_way_20atts_0_1h_edm_1_1,gain_herding,Gain sketch,budget_25,seed_1,0.0975595107724889,0.0975595107724889,0.0975595107724889,0.0975595107724889,0.0975595107724889,0.0975595107724889,0.0,0.0,1.0,0.0975595107724889,0.0,,,,
gametes_epistasis_2_way_20atts_0_1h_edm_1_1,gain_herding,Gain sketch,budget_25,seed_2,0.07369398392735683,0.07369398392735683,0.07369398392735683,0.07369398392735683,0.07369398392735683,0.07369398392735683,0.0,0.0,1.0,0.07369398392735683,0.0,,,,
gametes_epistasis_2_way_20atts_0_1h_edm_1_1,gain_herding,Gain sketch,budget_50,seed_0,0.13878830099537487,0.13878830099537487,0.13878830099537487,0.13878830099537487,0.13878830099537487,0.13878830099537487,0.0,0.0,1.0,0.13878830099537487,0.0,,,,
gametes_epistasis_2_way_20atts_0_1h_edm_1_1,gain_herding,Gain sketch,budget_50,seed_1,0.16296798402473875,0.16296798402473875,0.16296798402473875,0.16296798402473875,0.16296798402473875,0.16296798402473875,0.0,0.0,1.0,0.16296798402473875,0.0,,,,
gametes_epistasis_2_way_20atts_0_1h_edm_1_1,gain_herding,Gain sketch,budget_50,seed_2,0.13587894092489985,0.13587894092489985,0.13587894092489985,0.13587894092489985,0.13587894092489985,0.13587894092489985,0.0,0.0,1.0,0.13587894092489985,0.0,,,,
gametes_epistasis_2_way_20atts_0_1h_edm_1_1,gain_path_herding,Gain-path sketch,budget_25,seed_0,0.13787095919308945,0.13787095919308945,0.13787095919308945,0.13787095919308945,0.13787095919308945,0.13787095919308945,0.0,0.0,1.0,0.13787095919308945,0.0,,,,
gametes_epistasis_2_way_20atts_0_1h_edm_1_1,gain_path_herding,Gain-path sketch,budget_25,seed_1,0.1627297869131101,0.1627297869131101,0.1627297869131101,0.1627297869131101,0.1627297869131101,0.1627297869131101,0.0,0.0,1.0,0.1627297869131101,0.0,,,,
gametes_epistasis_2_way_20atts_0_1h_edm_1_1,gain_path_herding,Gain-path sketch,budget_25,seed_2,0.07369398392735683,0.07369398392735683,0.07369398392735683,0.07369398392735683,0.07369398392735683,0.07369398392735683,0.0,0.0,1.0,0.07369398392735683,0.0,,,,
gametes_epistasis_2_way_20atts_0_1h_edm_1_1,gain_path_herding,Gain-path sketch,budget_50,seed_0,0.13787095919308945,0.13787095919308945,0.13787095919308945,0.13787095919308945,0.13787095919308945,0.13787095919308945,0.0,0.0,1.0,0.13787095919308945,0.0,,,,
gametes_epistasis_2_way_20atts_0_1h_edm_1_1,gain_path_herding,Gain-path sketch,budget_50,seed_1,0.0975595107724889,0.0975595107724889,0.0975595107724889,0.0975595107724889,0.0975595107724889,0.0975595107724889,0.0,0.0,1.0,0.0975595107724889,0.0,,,,
gametes_epistasis_2_way_20atts_0_1h_edm_1_1,gain_path_herding,Gain-path sketch,budget_50,seed_2,0.14321698066842128,0.14321698066842128,0.14321698066842128,0.14321698066842128,0.14321698066842128,0.14321698066842128,0.0,0.0,1.0,0.14321698066842128,0.0,,,,
gametes_epistasis_2_way_20atts_0_4h_edm_1_1,histdistill_greedy,HistDistill-Greedy,budget_25,seed_0,0.10770008330288293,0.10770008330288293,0.10770008330288293,0.10770008330288293,0.10770008330288293,0.10770008330288293,0.0,0.0,1.0,0.10770008330288293,0.0,,,,
gametes_epistasis_2_way_20atts_0_4h_edm_1_1,histdistill_greedy,HistDistill-Greedy,budget_25,seed_1,0.11277251558088446,0.11277251558088446,0.11277251558088446,0.11277251558088446,0.11277251558088446,0.11277251558088446,0.0,0.0,1.0,0.11277251558088446,0.0,,,,
gametes_epistasis_2_way_20atts_0_4h_edm_1_1,histdistill_greedy,HistDistill-Greedy,budget_25,seed_2,0.1315131595578995,0.1315131595578995,0.1315131595578995,0.1315131595578995,0.1315131595578995,0.1315131595578995,0.0,0.0,1.0,0.1315131595578995,0.0,,,,
gametes_epistasis_2_way_20atts_0_4h_edm_1_1,histdistill_greedy,HistDistill-Greedy,budget_50,seed_0,0.10484342419451399,0.10484342419451399,0.10484342419451399,0.10484342419451399,0.10484342419451399,0.10484342419451399,0.0,0.0,1.0,0.10484342419451399,0.0,,,,
gametes_epistasis_2_way_20atts_0_4h_edm_1_1,histdistill_greedy,HistDistill-Greedy,budget_50,seed_1,0.1027678243114028,0.1027678243114028,0.1027678243114028,0.1027678243114028,0.1027678243114028,0.1027678243114028,0.0,0.0,1.0,0.1027678243114028,0.0,,,,
gametes_epistasis_2_way_20atts_0_4h_edm_1_1,histdistill_greedy,HistDistill-Greedy,budget_50,seed_2,0.14679480081344554,0.14679480081344554,0.14679480081344554,0.14679480081344554,0.14679480081344554,0.14679480081344554,0.0,0.0,1.0,0.14679480081344554,0.0,,,,
gametes_epistasis_2_way_20atts_0_4h_edm_1_1,histdistill_refined,HistDistill-Refined,budget_25,seed_0,0.09841492015059662,0.09841492015059662,0.09841492015059662,0.09841492015059662,0.09841492015059662,0.09841492015059662,0.0,0.0,1.0,0.09841492015059662,0.0,,,,
gametes_epistasis_2_way_20atts_0_4h_edm_1_1,histdistill_refined,HistDistill-Refined,budget_25,seed_1,0.09309951405938596,0.09309951405938596,0.09309951405938596,0.09309951405938596,0.09309951405938596,0.09309951405938596,0.0,0.0,1.0,0.09309951405938596,0.0,,,,
gametes_epistasis_2_way_20atts_0_4h_edm_1_1,histdistill_refined,HistDistill-Refined,budget_25,seed_2,0.14720396703503888,0.14720396703503888,0.14720396703503888,0.14720396703503888,0.14720396703503888,0.14720396703503888,0.0,0.0,1.0,0.14720396703503888,0.0,,,,
gametes_epistasis_2_way_20atts_0_4h_edm_1_1,histdistill_refined,HistDistill-Refined,budget_50,seed_0,0.06967000089142882,0.06967000089142882,0.06967000089142882,0.06967000089142882,0.06967000089142882,0.06967000089142882,0.0,0.0,1.0,0.06967000089142882,0.0,,,,
gametes_epistasis_2_way_20atts_0_4h_edm_1_1,histdistill_refined,HistDistill-Refined,budget_50,seed_1,0.0887413556179082,0.0887413556179082,0.0887413556179082,0.0887413556179082,0.0887413556179082,0.0887413556179082,0.0,0.0,1.0,0.0887413556179082,0.0,,,,
gametes_epistasis_2_way_20atts_0_4h_edm_1_1,histdistill_refined,HistDistill-Refined,budget_50,seed_2,0.1409073802880693,0.1409073802880693,0.1409073802880693,0.1409073802880693,0.1409073802880693,0.1409073802880693,0.0,0.0,1.0,0.1409073802880693,0.0,,,,
gametes_epistasis_2_way_20atts_0_4h_edm_1_1,histdistill_density,HistDistill-Density,budget_25,seed_0,0.09841492015059662,0.09841492015059662,0.09841492015059662,0.09841492015059662,0.09841492015059662,0.09841492015059662,0.0,0.0,1.0,0.09841492015059662,0.0,,,,
gametes_epistasis_2_way_20atts_0_4h_edm_1_1,histdistill_density,HistDistill-Density,budget_25,seed_1,0.09309951405938596,0.09309951405938596,0.09309951405938596,0.09309951405938596,0.09309951405938596,0.09309951405938596,0.0,0.0,1.0,0.09309951405938596,0.0,,,,
gametes_epistasis_2_way_20atts_0_4h_edm_1_1,histdistill_density,HistDistill-Density,budget_25,seed_2,0.14720396703503888,0.14720396703503888,0.14720396703503888,0.14720396703503888,0.14720396703503888,0.14720396703503888,0.0,0.0,1.0,0.14720396703503888,0.0,,,,
gametes_epistasis_2_way_20atts_0_4h_edm_1_1,histdistill_density,HistDistill-Density,budget_50,seed_0,0.06967000089142882,0.06967000089142882,0.06967000089142882,0.06967000089142882,0.06967000089142882,0.06967000089142882,0.0,0.0,1.0,0.06967000089142882,0.0,,,,
gametes_epistasis_2_way_20atts_0_4h_edm_1_1,histdistill_density,HistDistill-Density,budget_50,seed_1,0.08146401211100751,0.08146401211100751,0.08146401211100751,0.08146401211100751,0.08146401211100751,0.08146401211100751,0.0,0.0,1.0,0.08146401211100751,0.0,,,,
gametes_epistasis_2_way_20atts_0_4h_edm_1_1,histdistill_density,HistDistill-Density,budget_50,seed_2,0.1409073802880693,0.1409073802880693,0.1409073802880693,0.1409073802880693,0.1409073802880693,0.1409073802880693,0.0,0.0,1.0,0.1409073802880693,0.0,,,,
gametes_epistasis_2_way_20atts_0_4h_edm_1_1,gain_path_refined,Legacy gain-path refined,budget_25,seed_0,0.09312320976471454,0.09312320976471454,0.09312320976471454,0.09312320976471454,0.09312320976471454,0.09312320976471454,0.0,0.0,1.0,0.09312320976471454,0.0,,,,
gametes_epistasis_2_way_20atts_0_4h_edm_1_1,gain_path_refined,Legacy gain-path refined,budget_25,seed_1,0.09309951405938596,0.09309951405938596,0.09309951405938596,0.09309951405938596,0.09309951405938596,0.09309951405938596,0.0,0.0,1.0,0.09309951405938596,0.0,,,,
gametes_epistasis_2_way_20atts_0_4h_edm_1_1,gain_path_refined,Legacy gain-path refined,budget_25,seed_2,0.10980903066793904,0.10980903066793904,0.10980903066793904,0.10980903066793904,0.10980903066793904,0.10980903066793904,0.0,0.0,1.0,0.10980903066793904,0.0,,,,
gametes_epistasis_2_way_20atts_0_4h_edm_1_1,gain_path_refined,Legacy gain-path refined,budget_50,seed_0,0.09312320976471454,0.09312320976471454,0.09312320976471454,0.09312320976471454,0.09312320976471454,0.09312320976471454,0.0,0.0,1.0,0.09312320976471454,0.0,,,,
gametes_epistasis_2_way_20atts_0_4h_edm_1_1,gain_path_refined,Legacy gain-path refined,budget_50,seed_1,0.08146401211100751,0.08146401211100751,0.08146401211100751,0.08146401211100751,0.08146401211100751,0.08146401211100751,0.0,0.0,1.0,0.08146401211100751,0.0,,,,
gametes_epistasis_2_way_20atts_0_4h_edm_1_1,gain_path_refined,Legacy gain-path refined,budget_50,seed_2,0.11215762319320846,0.11215762319320846,0.11215762319320846,0.11215762319320846,0.11215762319320846,0.11215762319320846,0.0,0.0,1.0,0.11215762319320846,0.0,,,,
gametes_epistasis_2_way_20atts_0_4h_edm_1_1,herding,Herding,budget_25,seed_0,0.10295297788302299,0.10295297788302299,0.10295297788302299,0.10295297788302299,0.10295297788302299,0.10295297788302299,0.0,0.0,1.0,0.10295297788302299,0.0,,,,
gametes_epistasis_2_way_20atts_0_4h_edm_1_1,herding,Herding,budget_25,seed_1,0.11085389454473835,0.11085389454473835,0.11085389454473835,0.11085389454473835,0.11085389454473835,0.11085389454473835,0.0,0.0,1.0,0.11085389454473835,0.0,,,,
gametes_epistasis_2_way_20atts_0_4h_edm_1_1,herding,Herding,budget_25,seed_2,0.14048270684033487,0.14048270684033487,0.14048270684033487,0.14048270684033487,0.14048270684033487,0.14048270684033487,0.0,0.0,1.0,0.14048270684033487,0.0,,,,
gametes_epistasis_2_way_20atts_0_4h_edm_1_1,herding,Herding,budget_50,seed_0,0.08831504776892013,0.08831504776892013,0.08831504776892013,0.08831504776892013,0.08831504776892013,0.08831504776892013,0.0,0.0,1.0,0.08831504776892013,0.0,,,,
gametes_epistasis_2_way_20atts_0_4h_edm_1_1,herding,Herding,budget_50,seed_1,0.08221566478511597,0.08221566478511597,0.08221566478511597,0.08221566478511597,0.08221566478511597,0.08221566478511597,0.0,0.0,1.0,0.08221566478511597,0.0,,,,
gametes_epistasis_2_way_20atts_0_4h_edm_1_1,herding,Herding,budget_50,seed_2,0.14694726308506204,0.14694726308506204,0.14694726308506204,0.14694726308506204,0.14694726308506204,0.14694726308506204,0.0,0.0,1.0,0.14694726308506204,0.0,,,,
gametes_epistasis_2_way_20atts_0_4h_edm_1_1,random,Random,budget_25,seed_0,0.09529521421824717,0.09529521421824717,0.09529521421824717,0.09529521421824717,0.09529521421824717,0.09529521421824717,0.0,0.0,1.0,0.09529521421824717,0.0,,,,
gametes_epistasis_2_way_20atts_0_4h_edm_1_1,random,Random,budget_25,seed_1,0.09141729930485185,0.09141729930485185,0.09141729930485185,0.09141729930485185,0.09141729930485185,0.09141729930485185,0.0,0.0,1.0,0.09141729930485185,0.0,,,,
gametes_epistasis_2_way_20atts_0_4h_edm_1_1,random,Random,budget_25,seed_2,0.1257234978891511,0.1257234978891511,0.1257234978891511,0.1257234978891511,0.1257234978891511,0.1257234978891511,0.0,0.0,1.0,0.1257234978891511,0.0,,,,
gametes_epistasis_2_way_20atts_0_4h_edm_1_1,random,Random,budget_50,seed_0,0.09633352716343073,0.09633352716343073,0.09633352716343073,0.09633352716343073,0.09633352716343073,0.09633352716343073,0.0,0.0,1.0,0.09633352716343073,0.0,,,,
gametes_epistasis_2_way_20atts_0_4h_edm_1_1,random,Random,budget_50,seed_1,0.09141729930485185,0.09141729930485185,0.09141729930485185,0.09141729930485185,0.09141729930485185,0.09141729930485185,0.0,0.0,1.0,0.09141729930485185,0.0,,,,
gametes_epistasis_2_way_20atts_0_4h_edm_1_1,random,Random,budget_50,seed_2,0.10980903066793904,0.10980903066793904,0.10980903066793904,0.10980903066793904,0.10980903066793904,0.10980903066793904,0.0,0.0,1.0,0.10980903066793904,0.0,,,,
gametes_epistasis_2_way_20atts_0_4h_edm_1_1,goss_coreset,GOSS coreset,budget_25,seed_0,0.10403653176031859,0.10403653176031859,0.10403653176031859,0.10403653176031859,0.10403653176031859,0.10403653176031859,0.0,0.0,1.0,0.10403653176031859,0.0,,,,
gametes_epistasis_2_way_20atts_0_4h_edm_1_1,goss_coreset,GOSS coreset,budget_25,seed_1,0.06576004874734523,0.06576004874734523,0.06576004874734523,0.06576004874734523,0.06576004874734523,0.06576004874734523,0.0,0.0,1.0,0.06576004874734523,0.0,,,,
gametes_epistasis_2_way_20atts_0_4h_edm_1_1,goss_coreset,GOSS coreset,budget_25,seed_2,0.12792142460441,0.12792142460441,0.12792142460441,0.12792142460441,0.12792142460441,0.12792142460441,0.0,0.0,1.0,0.12792142460441,0.0,,,,
gametes_epistasis_2_way_20atts_0_4h_edm_1_1,goss_coreset,GOSS coreset,budget_50,seed_0,0.10770008330288293,0.10770008330288293,0.10770008330288293,0.10770008330288293,0.10770008330288293,0.10770008330288293,0.0,0.0,1.0,0.10770008330288293,0.0,,,,
gametes_epistasis_2_way_20atts_0_4h_edm_1_1,goss_coreset,GOSS coreset,budget_50,seed_1,0.09912701772709384,0.09912701772709384,0.09912701772709384,0.09912701772709384,0.09912701772709384,0.09912701772709384,0.0,0.0,1.0,0.09912701772709384,0.0,,,,
gametes_epistasis_2_way_20atts_0_4h_edm_1_1,goss_coreset,GOSS coreset,budget_50,seed_2,0.14696033423824117,0.14696033423824117,0.14696033423824117,0.14696033423824117,0.14696033423824117,0.14696033423824117,0.0,0.0,1.0,0.14696033423824117,0.0,,,,
gametes_epistasis_2_way_20atts_0_4h_edm_1_1,mvs_coreset,MVS coreset,budget_25,seed_0,0.10257517346564929,0.10257517346564929,0.10257517346564929,0.10257517346564929,0.10257517346564929,0.10257517346564929,0.0,0.0,1.0,0.10257517346564929,0.0,,,,
gametes_epistasis_2_way_20atts_0_4h_edm_1_1,mvs_coreset,MVS coreset,budget_25,seed_1,0.11138196462478733,0.11138196462478733,0.11138196462478733,0.11138196462478733,0.11138196462478733,0.11138196462478733,0.0,0.0,1.0,0.11138196462478733,0.0,,,,
gametes_epistasis_2_way_20atts_0_4h_edm_1_1,mvs_coreset,MVS coreset,budget_25,seed_2,0.14359680631109678,0.14359680631109678,0.14359680631109678,0.14359680631109678,0.14359680631109678,0.14359680631109678,0.0,0.0,1.0,0.14359680631109678,0.0,,,,
gametes_epistasis_2_way_20atts_0_4h_edm_1_1,mvs_coreset,MVS coreset,budget_50,seed_0,0.09614851625148911,0.09614851625148911,0.09614851625148911,0.09614851625148911,0.09614851625148911,0.09614851625148911,0.0,0.0,1.0,0.09614851625148911,0.0,,,,
gametes_epistasis_2_way_20atts_0_4h_edm_1_1,mvs_coreset,MVS coreset,budget_50,seed_1,0.11199543778017676,0.11199543778017676,0.11199543778017676,0.11199543778017676,0.11199543778017676,0.11199543778017676,0.0,0.0,1.0,0.11199543778017676,0.0,,,,
gametes_epistasis_2_way_20atts_0_4h_edm_1_1,mvs_coreset,MVS coreset,budget_50,seed_2,0.10980903066793904,0.10980903066793904,0.10980903066793904,0.10980903066793904,0.10980903066793904,0.10980903066793904,0.0,0.0,1.0,0.10980903066793904,0.0,,,,
gametes_epistasis_2_way_20atts_0_4h_edm_1_1,craig_coreset,CRAIG-style,budget_25,seed_0,0.09841492015059662,0.09841492015059662,0.09841492015059662,0.09841492015059662,0.09841492015059662,0.09841492015059662,0.0,0.0,1.0,0.09841492015059662,0.0,,,,
gametes_epistasis_2_way_20atts_0_4h_edm_1_1,craig_coreset,CRAIG-style,budget_25,seed_1,0.09309951405938596,0.09309951405938596,0.09309951405938596,0.09309951405938596,0.09309951405938596,0.09309951405938596,0.0,0.0,1.0,0.09309951405938596,0.0,,,,
gametes_epistasis_2_way_20atts_0_4h_edm_1_1,craig_coreset,CRAIG-style,budget_25,seed_2,0.14694726308506204,0.14694726308506204,0.14694726308506204,0.14694726308506204,0.14694726308506204,0.14694726308506204,0.0,0.0,1.0,0.14694726308506204,0.0,,,,
gametes_epistasis_2_way_20atts_0_4h_edm_1_1,craig_coreset,CRAIG-style,budget_50,seed_0,0.047035025066435525,0.047035025066435525,0.047035025066435525,0.047035025066435525,0.047035025066435525,0.047035025066435525,0.0,0.0,1.0,0.047035025066435525,0.0,,,,
gametes_epistasis_2_way_20atts_0_4h_edm_1_1,craig_coreset,CRAIG-style,budget_50,seed_1,0.1027678243114028,0.1027678243114028,0.1027678243114028,0.1027678243114028,0.1027678243114028,0.1027678243114028,0.0,0.0,1.0,0.1027678243114028,0.0,,,,
gametes_epistasis_2_way_20atts_0_4h_edm_1_1,craig_coreset,CRAIG-style,budget_50,seed_2,0.13345301256024633,0.13345301256024633,0.13345301256024633,0.13345301256024633,0.13345301256024633,0.13345301256024633,0.0,0.0,1.0,0.13345301256024633,0.0,,,,
gametes_epistasis_2_way_20atts_0_4h_edm_1_1,gradmatch_coreset,GradMatch-style,budget_25,seed_0,0.1060661736124502,0.1060661736124502,0.1060661736124502,0.1060661736124502,0.1060661736124502,0.1060661736124502,0.0,0.0,1.0,0.1060661736124502,0.0,,,,
gametes_epistasis_2_way_20atts_0_4h_edm_1_1,gradmatch_coreset,GradMatch-style,budget_25,seed_1,0.10005375001210767,0.10005375001210767,0.10005375001210767,0.10005375001210767,0.10005375001210767,0.10005375001210767,0.0,0.0,1.0,0.10005375001210767,0.0,,,,
gametes_epistasis_2_way_20atts_0_4h_edm_1_1,gradmatch_coreset,GradMatch-style,budget_25,seed_2,0.14377358225729792,0.14377358225729792,0.14377358225729792,0.14377358225729792,0.14377358225729792,0.14377358225729792,0.0,0.0,1.0,0.14377358225729792,0.0,,,,
gametes_epistasis_2_way_20atts_0_4h_edm_1_1,gradmatch_coreset,GradMatch-style,budget_50,seed_0,0.10403653176031859,0.10403653176031859,0.10403653176031859,0.10403653176031859,0.10403653176031859,0.10403653176031859,0.0,0.0,1.0,0.10403653176031859,0.0,,,,
gametes_epistasis_2_way_20atts_0_4h_edm_1_1,gradmatch_coreset,GradMatch-style,budget_50,seed_1,0.10575127493079808,0.10575127493079808,0.10575127493079808,0.10575127493079808,0.10575127493079808,0.10575127493079808,0.0,0.0,1.0,0.10575127493079808,0.0,,,,
gametes_epistasis_2_way_20atts_0_4h_edm_1_1,gradmatch_coreset,GradMatch-style,budget_50,seed_2,0.13209372628888613,0.13209372628888613,0.13209372628888613,0.13209372628888613,0.13209372628888613,0.13209372628888613,0.0,0.0,1.0,0.13209372628888613,0.0,,,,
gametes_epistasis_2_way_20atts_0_4h_edm_1_1,grand_coreset,GraNd,budget_25,seed_0,0.0729471654832001,0.0729471654832001,0.0729471654832001,0.0729471654832001,0.0729471654832001,0.0729471654832001,0.0,0.0,1.0,0.0729471654832001,0.0,,,,
gametes_epistasis_2_way_20atts_0_4h_edm_1_1,grand_coreset,GraNd,budget_25,seed_1,0.11276778324593478,0.11276778324593478,0.11276778324593478,0.11276778324593478,0.11276778324593478,0.11276778324593478,0.0,0.0,1.0,0.11276778324593478,0.0,,,,
gametes_epistasis_2_way_20atts_0_4h_edm_1_1,grand_coreset,GraNd,budget_25,seed_2,0.07977136040616757,0.07977136040616757,0.07977136040616757,0.07977136040616757,0.07977136040616757,0.07977136040616757,0.0,0.0,1.0,0.07977136040616757,0.0,,,,
gametes_epistasis_2_way_20atts_0_4h_edm_1_1,grand_coreset,GraNd,budget_50,seed_0,0.047035025066435525,0.047035025066435525,0.047035025066435525,0.047035025066435525,0.047035025066435525,0.047035025066435525,0.0,0.0,1.0,0.047035025066435525,0.0,,,,
gametes_epistasis_2_way_20atts_0_4h_edm_1_1,grand_coreset,GraNd,budget_50,seed_1,0.1027678243114028,0.1027678243114028,0.1027678243114028,0.1027678243114028,0.1027678243114028,0.1027678243114028,0.0,0.0,1.0,0.1027678243114028,0.0,,,,
gametes_epistasis_2_way_20atts_0_4h_edm_1_1,grand_coreset,GraNd,budget_50,seed_2,0.14102858263802853,0.14102858263802853,0.14102858263802853,0.14102858263802853,0.14102858263802853,0.14102858263802853,0.0,0.0,1.0,0.14102858263802853,0.0,,,,
gametes_epistasis_2_way_20atts_0_4h_edm_1_1,el2n_coreset,EL2N,budget_25,seed_0,0.0729471654832001,0.0729471654832001,0.0729471654832001,0.0729471654832001,0.0729471654832001,0.0729471654832001,0.0,0.0,1.0,0.0729471654832001,0.0,,,,
gametes_epistasis_2_way_20atts_0_4h_edm_1_1,el2n_coreset,EL2N,budget_25,seed_1,0.11276778324593478,0.11276778324593478,0.11276778324593478,0.11276778324593478,0.11276778324593478,0.11276778324593478,0.0,0.0,1.0,0.11276778324593478,0.0,,,,
gametes_epistasis_2_way_20atts_0_4h_edm_1_1,el2n_coreset,EL2N,budget_25,seed_2,0.07977136040616757,0.07977136040616757,0.07977136040616757,0.07977136040616757,0.07977136040616757,0.07977136040616757,0.0,0.0,1.0,0.07977136040616757,0.0,,,,
gametes_epistasis_2_way_20atts_0_4h_edm_1_1,el2n_coreset,EL2N,budget_50,seed_0,0.047035025066435525,0.047035025066435525,0.047035025066435525,0.047035025066435525,0.047035025066435525,0.047035025066435525,0.0,0.0,1.0,0.047035025066435525,0.0,,,,
gametes_epistasis_2_way_20atts_0_4h_edm_1_1,el2n_coreset,EL2N,budget_50,seed_1,0.1027678243114028,0.1027678243114028,0.1027678243114028,0.1027678243114028,0.1027678243114028,0.1027678243114028,0.0,0.0,1.0,0.1027678243114028,0.0,,,,
gametes_epistasis_2_way_20atts_0_4h_edm_1_1,el2n_coreset,EL2N,budget_50,seed_2,0.14102858263802853,0.14102858263802853,0.14102858263802853,0.14102858263802853,0.14102858263802853,0.14102858263802853,0.0,0.0,1.0,0.14102858263802853,0.0,,,,
gametes_epistasis_2_way_20atts_0_4h_edm_1_1,distribution_matching,DistributionMatching,budget_25,seed_0,0.10257517346564929,0.10257517346564929,0.10257517346564929,0.10257517346564929,0.10257517346564929,0.10257517346564929,0.0,0.0,1.0,0.10257517346564929,0.0,,,,
gametes_epistasis_2_way_20atts_0_4h_edm_1_1,distribution_matching,DistributionMatching,budget_25,seed_1,0.0998808213909414,0.0998808213909414,0.0998808213909414,0.0998808213909414,0.0998808213909414,0.0998808213909414,0.0,0.0,1.0,0.0998808213909414,0.0,,,,
gametes_epistasis_2_way_20atts_0_4h_edm_1_1,distribution_matching,DistributionMatching,budget_25,seed_2,0.13345301256024633,0.13345301256024633,0.13345301256024633,0.13345301256024633,0.13345301256024633,0.13345301256024633,0.0,0.0,1.0,0.13345301256024633,0.0,,,,
gametes_epistasis_2_way_20atts_0_4h_edm_1_1,distribution_matching,DistributionMatching,budget_50,seed_0,0.06418905722058478,0.06418905722058478,0.06418905722058478,0.06418905722058478,0.06418905722058478,0.06418905722058478,0.0,0.0,1.0,0.06418905722058478,0.0,,,,
gametes_epistasis_2_way_20atts_0_4h_edm_1_1,distribution_matching,DistributionMatching,budget_50,seed_1,0.11085389454473835,0.11085389454473835,0.11085389454473835,0.11085389454473835,0.11085389454473835,0.11085389454473835,0.0,0.0,1.0,0.11085389454473835,0.0,,,,
gametes_epistasis_2_way_20atts_0_4h_edm_1_1,distribution_matching,DistributionMatching,budget_50,seed_2,0.13209372628888613,0.13209372628888613,0.13209372628888613,0.13209372628888613,0.13209372628888613,0.13209372628888613,0.0,0.0,1.0,0.13209372628888613,0.0,,,,
gametes_epistasis_2_way_20atts_0_4h_edm_1_1,k_center,K-center,budget_25,seed_0,0.07655511315947522,0.07655511315947522,0.07655511315947522,0.07655511315947522,0.07655511315947522,0.07655511315947522,0.0,0.0,1.0,0.07655511315947522,0.0,,,,
gametes_epistasis_2_way_20atts_0_4h_edm_1_1,k_center,K-center,budget_25,seed_1,0.03253811305859719,0.03253811305859719,0.03253811305859719,0.03253811305859719,0.03253811305859719,0.03253811305859719,0.0,0.0,1.0,0.03253811305859719,0.0,,,,
gametes_epistasis_2_way_20atts_0_4h_edm_1_1,k_center,K-center,budget_25,seed_2,0.147204884597394,0.147204884597394,0.147204884597394,0.147204884597394,0.147204884597394,0.147204884597394,0.0,0.0,1.0,0.147204884597394,0.0,,,,
gametes_epistasis_2_way_20atts_0_4h_edm_1_1,k_center,K-center,budget_50,seed_0,0.07655511315947522,0.07655511315947522,0.07655511315947522,0.07655511315947522,0.07655511315947522,0.07655511315947522,0.0,0.0,1.0,0.07655511315947522,0.0,,,,
gametes_epistasis_2_way_20atts_0_4h_edm_1_1,k_center,K-center,budget_50,seed_1,0.0887413556179082,0.0887413556179082,0.0887413556179082,0.0887413556179082,0.0887413556179082,0.0887413556179082,0.0,0.0,1.0,0.0887413556179082,0.0,,,,
gametes_epistasis_2_way_20atts_0_4h_edm_1_1,k_center,K-center,budget_50,seed_2,0.10980903066793904,0.10980903066793904,0.10980903066793904,0.10980903066793904,0.10980903066793904,0.10980903066793904,0.0,0.0,1.0,0.10980903066793904,0.0,,,,
gametes_epistasis_2_way_20atts_0_4h_edm_1_1,gradient_sampling,Gradient sampling,budget_25,seed_0,0.09556596399097117,0.09556596399097117,0.09556596399097117,0.09556596399097117,0.09556596399097117,0.09556596399097117,0.0,0.0,1.0,0.09556596399097117,0.0,,,,
gametes_epistasis_2_way_20atts_0_4h_edm_1_1,gradient_sampling,Gradient sampling,budget_25,seed_1,0.07997453248354162,0.07997453248354162,0.07997453248354162,0.07997453248354162,0.07997453248354162,0.07997453248354162,0.0,0.0,1.0,0.07997453248354162,0.0,,,,
gametes_epistasis_2_way_20atts_0_4h_edm_1_1,gradient_sampling,Gradient sampling,budget_25,seed_2,0.14167313864397055,0.14167313864397055,0.14167313864397055,0.14167313864397055,0.14167313864397055,0.14167313864397055,0.0,0.0,1.0,0.14167313864397055,0.0,,,,
gametes_epistasis_2_way_20atts_0_4h_edm_1_1,gradient_sampling,Gradient sampling,budget_50,seed_0,0.1071431663185316,0.1071431663185316,0.1071431663185316,0.1071431663185316,0.1071431663185316,0.1071431663185316,0.0,0.0,1.0,0.1071431663185316,0.0,,,,
gametes_epistasis_2_way_20atts_0_4h_edm_1_1,gradient_sampling,Gradient sampling,budget_50,seed_1,0.07997453248354162,0.07997453248354162,0.07997453248354162,0.07997453248354162,0.07997453248354162,0.07997453248354162,0.0,0.0,1.0,0.07997453248354162,0.0,,,,
gametes_epistasis_2_way_20atts_0_4h_edm_1_1,gradient_sampling,Gradient sampling,budget_50,seed_2,0.14167313864397055,0.14167313864397055,0.14167313864397055,0.14167313864397055,0.14167313864397055,0.14167313864397055,0.0,0.0,1.0,0.14167313864397055,0.0,,,,
gametes_epistasis_2_way_20atts_0_4h_edm_1_1,gain_herding,Gain sketch,budget_25,seed_0,0.09312320976471454,0.09312320976471454,0.09312320976471454,0.09312320976471454,0.09312320976471454,0.09312320976471454,0.0,0.0,1.0,0.09312320976471454,0.0,,,,
gametes_epistasis_2_way_20atts_0_4h_edm_1_1,gain_herding,Gain sketch,budget_25,seed_1,0.0998808213909414,0.0998808213909414,0.0998808213909414,0.0998808213909414,0.0998808213909414,0.0998808213909414,0.0,0.0,1.0,0.0998808213909414,0.0,,,,
gametes_epistasis_2_way_20atts_0_4h_edm_1_1,gain_herding,Gain sketch,budget_25,seed_2,0.1409073802880693,0.1409073802880693,0.1409073802880693,0.1409073802880693,0.1409073802880693,0.1409073802880693,0.0,0.0,1.0,0.1409073802880693,0.0,,,,
gametes_epistasis_2_way_20atts_0_4h_edm_1_1,gain_herding,Gain sketch,budget_50,seed_0,0.06967000089142882,0.06967000089142882,0.06967000089142882,0.06967000089142882,0.06967000089142882,0.06967000089142882,0.0,0.0,1.0,0.06967000089142882,0.0,,,,
gametes_epistasis_2_way_20atts_0_4h_edm_1_1,gain_herding,Gain sketch,budget_50,seed_1,0.07929818561157906,0.07929818561157906,0.07929818561157906,0.07929818561157906,0.07929818561157906,0.07929818561157906,0.0,0.0,1.0,0.07929818561157906,0.0,,,,
gametes_epistasis_2_way_20atts_0_4h_edm_1_1,gain_herding,Gain sketch,budget_50,seed_2,0.12389178480133418,0.12389178480133418,0.12389178480133418,0.12389178480133418,0.12389178480133418,0.12389178480133418,0.0,0.0,1.0,0.12389178480133418,0.0,,,,
gametes_epistasis_2_way_20atts_0_4h_edm_1_1,gain_path_herding,Gain-path sketch,budget_25,seed_0,0.09312320976471454,0.09312320976471454,0.09312320976471454,0.09312320976471454,0.09312320976471454,0.09312320976471454,0.0,0.0,1.0,0.09312320976471454,0.0,,,,
gametes_epistasis_2_way_20atts_0_4h_edm_1_1,gain_path_herding,Gain-path sketch,budget_25,seed_1,0.09309951405938596,0.09309951405938596,0.09309951405938596,0.09309951405938596,0.09309951405938596,0.09309951405938596,0.0,0.0,1.0,0.09309951405938596,0.0,,,,
gametes_epistasis_2_way_20atts_0_4h_edm_1_1,gain_path_herding,Gain-path sketch,budget_25,seed_2,0.10980903066793904,0.10980903066793904,0.10980903066793904,0.10980903066793904,0.10980903066793904,0.10980903066793904,0.0,0.0,1.0,0.10980903066793904,0.0,,,,
gametes_epistasis_2_way_20atts_0_4h_edm_1_1,gain_path_herding,Gain-path sketch,budget_50,seed_0,0.09312320976471454,0.09312320976471454,0.09312320976471454,0.09312320976471454,0.09312320976471454,0.09312320976471454,0.0,0.0,1.0,0.09312320976471454,0.0,,,,
gametes_epistasis_2_way_20atts_0_4h_edm_1_1,gain_path_herding,Gain-path sketch,budget_50,seed_1,0.09374320330213963,0.09374320330213963,0.09374320330213963,0.09374320330213963,0.09374320330213963,0.09374320330213963,0.0,0.0,1.0,0.09374320330213963,0.0,,,,
gametes_epistasis_2_way_20atts_0_4h_edm_1_1,gain_path_herding,Gain-path sketch,budget_50,seed_2,0.11215762319320846,0.11215762319320846,0.11215762319320846,0.11215762319320846,0.11215762319320846,0.11215762319320846,0.0,0.0,1.0,0.11215762319320846,0.0,,,,
gametes_epistasis_3_way_20atts_0_2h_edm_1_1,histdistill_greedy,HistDistill-Greedy,budget_25,seed_0,0.23549181974612207,0.23549181974612207,0.23549181974612207,0.23549181974612207,0.23549181974612207,0.23549181974612207,0.0,0.0,1.0,0.23549181974612207,0.0,,,,
gametes_epistasis_3_way_20atts_0_2h_edm_1_1,histdistill_greedy,HistDistill-Greedy,budget_25,seed_1,0.2240431443873444,0.2240431443873444,0.2240431443873444,0.2240431443873444,0.2240431443873444,0.2240431443873444,0.0,0.0,1.0,0.2240431443873444,0.0,,,,
gametes_epistasis_3_way_20atts_0_2h_edm_1_1,histdistill_greedy,HistDistill-Greedy,budget_25,seed_2,0.2480955350343941,0.2480955350343941,0.2480955350343941,0.2480955350343941,0.2480955350343941,0.2480955350343941,0.0,0.0,1.0,0.2480955350343941,0.0,,,,
gametes_epistasis_3_way_20atts_0_2h_edm_1_1,histdistill_greedy,HistDistill-Greedy,budget_50,seed_0,0.2401499395305491,0.2401499395305491,0.2401499395305491,0.2401499395305491,0.2401499395305491,0.2401499395305491,0.0,0.0,1.0,0.2401499395305491,0.0,,,,
gametes_epistasis_3_way_20atts_0_2h_edm_1_1,histdistill_greedy,HistDistill-Greedy,budget_50,seed_1,0.2660424772487836,0.2660424772487836,0.2660424772487836,0.2660424772487836,0.2660424772487836,0.2660424772487836,0.0,0.0,1.0,0.2660424772487836,0.0,,,,
gametes_epistasis_3_way_20atts_0_2h_edm_1_1,histdistill_greedy,HistDistill-Greedy,budget_50,seed_2,0.2480955350343941,0.2480955350343941,0.2480955350343941,0.2480955350343941,0.2480955350343941,0.2480955350343941,0.0,0.0,1.0,0.2480955350343941,0.0,,,,
gametes_epistasis_3_way_20atts_0_2h_edm_1_1,histdistill_refined,HistDistill-Refined,budget_25,seed_0,0.24584625607287905,0.24584625607287905,0.24584625607287905,0.24584625607287905,0.24584625607287905,0.24584625607287905,0.0,0.0,1.0,0.24584625607287905,0.0,,,,
gametes_epistasis_3_way_20atts_0_2h_edm_1_1,histdistill_refined,HistDistill-Refined,budget_25,seed_1,0.2657960489329666,0.2657960489329666,0.2657960489329666,0.2657960489329666,0.2657960489329666,0.2657960489329666,0.0,0.0,1.0,0.2657960489329666,0.0,,,,
gametes_epistasis_3_way_20atts_0_2h_edm_1_1,histdistill_refined,HistDistill-Refined,budget_25,seed_2,0.25730747208733984,0.25730747208733984,0.25730747208733984,0.25730747208733984,0.25730747208733984,0.25730747208733984,0.0,0.0,1.0,0.25730747208733984,0.0,,,,
gametes_epistasis_3_way_20atts_0_2h_edm_1_1,histdistill_refined,HistDistill-Refined,budget_50,seed_0,0.18024153419647176,0.18024153419647176,0.18024153419647176,0.18024153419647176,0.18024153419647176,0.18024153419647176,0.0,0.0,1.0,0.18024153419647176,0.0,,,,
gametes_epistasis_3_way_20atts_0_2h_edm_1_1,histdistill_refined,HistDistill-Refined,budget_50,seed_1,0.21199983880019985,0.21199983880019985,0.21199983880019985,0.21199983880019985,0.21199983880019985,0.21199983880019985,0.0,0.0,1.0,0.21199983880019985,0.0,,,,
gametes_epistasis_3_way_20atts_0_2h_edm_1_1,histdistill_refined,HistDistill-Refined,budget_50,seed_2,0.25761352350749106,0.25761352350749106,0.25761352350749106,0.25761352350749106,0.25761352350749106,0.25761352350749106,0.0,0.0,1.0,0.25761352350749106,0.0,,,,
gametes_epistasis_3_way_20atts_0_2h_edm_1_1,histdistill_density,HistDistill-Density,budget_25,seed_0,0.24584625607287905,0.24584625607287905,0.24584625607287905,0.24584625607287905,0.24584625607287905,0.24584625607287905,0.0,0.0,1.0,0.24584625607287905,0.0,,,,
gametes_epistasis_3_way_20atts_0_2h_edm_1_1,histdistill_density,HistDistill-Density,budget_25,seed_1,0.2657960489329666,0.2657960489329666,0.2657960489329666,0.2657960489329666,0.2657960489329666,0.2657960489329666,0.0,0.0,1.0,0.2657960489329666,0.0,,,,
gametes_epistasis_3_way_20atts_0_2h_edm_1_1,histdistill_density,HistDistill-Density,budget_25,seed_2,0.22414454224959457,0.22414454224959457,0.22414454224959457,0.22414454224959457,0.22414454224959457,0.22414454224959457,0.0,0.0,1.0,0.22414454224959457,0.0,,,,
gametes_epistasis_3_way_20atts_0_2h_edm_1_1,histdistill_density,HistDistill-Density,budget_50,seed_0,0.18024153419647176,0.18024153419647176,0.18024153419647176,0.18024153419647176,0.18024153419647176,0.18024153419647176,0.0,0.0,1.0,0.18024153419647176,0.0,,,,
gametes_epistasis_3_way_20atts_0_2h_edm_1_1,histdistill_density,HistDistill-Density,budget_50,seed_1,0.259550030331364,0.259550030331364,0.259550030331364,0.259550030331364,0.259550030331364,0.259550030331364,0.0,0.0,1.0,0.259550030331364,0.0,,,,
gametes_epistasis_3_way_20atts_0_2h_edm_1_1,histdistill_density,HistDistill-Density,budget_50,seed_2,0.25761352350749106,0.25761352350749106,0.25761352350749106,0.25761352350749106,0.25761352350749106,0.25761352350749106,0.0,0.0,1.0,0.25761352350749106,0.0,,,,
gametes_epistasis_3_way_20atts_0_2h_edm_1_1,gain_path_refined,Legacy gain-path refined,budget_25,seed_0,0.19465237272603192,0.19465237272603192,0.19465237272603192,0.19465237272603192,0.19465237272603192,0.19465237272603192,0.0,0.0,1.0,0.19465237272603192,0.0,,,,
gametes_epistasis_3_way_20atts_0_2h_edm_1_1,gain_path_refined,Legacy gain-path refined,budget_25,seed_1,0.2637139989367051,0.2637139989367051,0.2637139989367051,0.2637139989367051,0.2637139989367051,0.2637139989367051,0.0,0.0,1.0,0.2637139989367051,0.0,,,,
gametes_epistasis_3_way_20atts_0_2h_edm_1_1,gain_path_refined,Legacy gain-path refined,budget_25,seed_2,0.22414454224959457,0.22414454224959457,0.22414454224959457,0.22414454224959457,0.22414454224959457,0.22414454224959457,0.0,0.0,1.0,0.22414454224959457,0.0,,,,
gametes_epistasis_3_way_20atts_0_2h_edm_1_1,gain_path_refined,Legacy gain-path refined,budget_50,seed_0,0.18024153419647176,0.18024153419647176,0.18024153419647176,0.18024153419647176,0.18024153419647176,0.18024153419647176,0.0,0.0,1.0,0.18024153419647176,0.0,,,,
gametes_epistasis_3_way_20atts_0_2h_edm_1_1,gain_path_refined,Legacy gain-path refined,budget_50,seed_1,0.259550030331364,0.259550030331364,0.259550030331364,0.259550030331364,0.259550030331364,0.259550030331364,0.0,0.0,1.0,0.259550030331364,0.0,,,,
gametes_epistasis_3_way_20atts_0_2h_edm_1_1,gain_path_refined,Legacy gain-path refined,budget_50,seed_2,0.22414454224959457,0.22414454224959457,0.22414454224959457,0.22414454224959457,0.22414454224959457,0.22414454224959457,0.0,0.0,1.0,0.22414454224959457,0.0,,,,
gametes_epistasis_3_way_20atts_0_2h_edm_1_1,herding,Herding,budget_25,seed_0,0.2239531420905052,0.2239531420905052,0.2239531420905052,0.2239531420905052,0.2239531420905052,0.2239531420905052,0.0,0.0,1.0,0.2239531420905052,0.0,,,,
gametes_epistasis_3_way_20atts_0_2h_edm_1_1,herding,Herding,budget_25,seed_1,0.2657960489329666,0.2657960489329666,0.2657960489329666,0.2657960489329666,0.2657960489329666,0.2657960489329666,0.0,0.0,1.0,0.2657960489329666,0.0,,,,
gametes_epistasis_3_way_20atts_0_2h_edm_1_1,herding,Herding,budget_25,seed_2,0.24179555136562703,0.24179555136562703,0.24179555136562703,0.24179555136562703,0.24179555136562703,0.24179555136562703,0.0,0.0,1.0,0.24179555136562703,0.0,,,,
gametes_epistasis_3_way_20atts_0_2h_edm_1_1,herding,Herding,budget_50,seed_0,0.2239531420905052,0.2239531420905052,0.2239531420905052,0.2239531420905052,0.2239531420905052,0.2239531420905052,0.0,0.0,1.0,0.2239531420905052,0.0,,,,
gametes_epistasis_3_way_20atts_0_2h_edm_1_1,herding,Herding,budget_50,seed_1,0.21761890617889548,0.21761890617889548,0.21761890617889548,0.21761890617889548,0.21761890617889548,0.21761890617889548,0.0,0.0,1.0,0.21761890617889548,0.0,,,,
gametes_epistasis_3_way_20atts_0_2h_edm_1_1,herding,Herding,budget_50,seed_2,0.2251755441866565,0.2251755441866565,0.2251755441866565,0.2251755441866565,0.2251755441866565,0.2251755441866565,0.0,0.0,1.0,0.2251755441866565,0.0,,,,
gametes_epistasis_3_way_20atts_0_2h_edm_1_1,random,Random,budget_25,seed_0,0.22790246572218723,0.22790246572218723,0.22790246572218723,0.22790246572218723,0.22790246572218723,0.22790246572218723,0.0,0.0,1.0,0.22790246572218723,0.0,,,,
gametes_epistasis_3_way_20atts_0_2h_edm_1_1,random,Random,budget_25,seed_1,0.26587669063840713,0.26587669063840713,0.26587669063840713,0.26587669063840713,0.26587669063840713,0.26587669063840713,0.0,0.0,1.0,0.26587669063840713,0.0,,,,
gametes_epistasis_3_way_20atts_0_2h_edm_1_1,random,Random,budget_25,seed_2,0.22414454224959457,0.22414454224959457,0.22414454224959457,0.22414454224959457,0.22414454224959457,0.22414454224959457,0.0,0.0,1.0,0.22414454224959457,0.0,,,,
gametes_epistasis_3_way_20atts_0_2h_edm_1_1,random,Random,budget_50,seed_0,0.23045652673869044,0.23045652673869044,0.23045652673869044,0.23045652673869044,0.23045652673869044,0.23045652673869044,0.0,0.0,1.0,0.23045652673869044,0.0,,,,
gametes_epistasis_3_way_20atts_0_2h_edm_1_1,random,Random,budget_50,seed_1,0.19532434382091785,0.19532434382091785,0.19532434382091785,0.19532434382091785,0.19532434382091785,0.19532434382091785,0.0,0.0,1.0,0.19532434382091785,0.0,,,,
gametes_epistasis_3_way_20atts_0_2h_edm_1_1,random,Random,budget_50,seed_2,0.24551389331312984,0.24551389331312984,0.24551389331312984,0.24551389331312984,0.24551389331312984,0.24551389331312984,0.0,0.0,1.0,0.24551389331312984,0.0,,,,
gametes_epistasis_3_way_20atts_0_2h_edm_1_1,goss_coreset,GOSS coreset,budget_25,seed_0,0.23149514046430175,0.23149514046430175,0.23149514046430175,0.23149514046430175,0.23149514046430175,0.23149514046430175,0.0,0.0,1.0,0.23149514046430175,0.0,,,,
gametes_epistasis_3_way_20atts_0_2h_edm_1_1,goss_coreset,GOSS coreset,budget_25,seed_1,0.2124516046609287,0.2124516046609287,0.2124516046609287,0.2124516046609287,0.2124516046609287,0.2124516046609287,0.0,0.0,1.0,0.2124516046609287,0.0,,,,
gametes_epistasis_3_way_20atts_0_2h_edm_1_1,goss_coreset,GOSS coreset,budget_25,seed_2,0.23540295338919037,0.23540295338919037,0.23540295338919037,0.23540295338919037,0.23540295338919037,0.23540295338919037,0.0,0.0,1.0,0.23540295338919037,0.0,,,,
gametes_epistasis_3_way_20atts_0_2h_edm_1_1,goss_coreset,GOSS coreset,budget_50,seed_0,0.23549181974612207,0.23549181974612207,0.23549181974612207,0.23549181974612207,0.23549181974612207,0.23549181974612207,0.0,0.0,1.0,0.23549181974612207,0.0,,,,
gametes_epistasis_3_way_20atts_0_2h_edm_1_1,goss_coreset,GOSS coreset,budget_50,seed_1,0.2510777950565991,0.2510777950565991,0.2510777950565991,0.2510777950565991,0.2510777950565991,0.2510777950565991,0.0,0.0,1.0,0.2510777950565991,0.0,,,,
gametes_epistasis_3_way_20atts_0_2h_edm_1_1,goss_coreset,GOSS coreset,budget_50,seed_2,0.22483441297815443,0.22483441297815443,0.22483441297815443,0.22483441297815443,0.22483441297815443,0.22483441297815443,0.0,0.0,1.0,0.22483441297815443,0.0,,,,
gametes_epistasis_3_way_20atts_0_2h_edm_1_1,mvs_coreset,MVS coreset,budget_25,seed_0,0.23977921756025325,0.23977921756025325,0.23977921756025325,0.23977921756025325,0.23977921756025325,0.23977921756025325,0.0,0.0,1.0,0.23977921756025325,0.0,,,,
gametes_epistasis_3_way_20atts_0_2h_edm_1_1,mvs_coreset,MVS coreset,budget_25,seed_1,0.21828028699496355,0.21828028699496355,0.21828028699496355,0.21828028699496355,0.21828028699496355,0.21828028699496355,0.0,0.0,1.0,0.21828028699496355,0.0,,,,
gametes_epistasis_3_way_20atts_0_2h_edm_1_1,mvs_coreset,MVS coreset,budget_25,seed_2,0.25730747208733984,0.25730747208733984,0.25730747208733984,0.25730747208733984,0.25730747208733984,0.25730747208733984,0.0,0.0,1.0,0.25730747208733984,0.0,,,,
gametes_epistasis_3_way_20atts_0_2h_edm_1_1,mvs_coreset,MVS coreset,budget_50,seed_0,0.22790246572218723,0.22790246572218723,0.22790246572218723,0.22790246572218723,0.22790246572218723,0.22790246572218723,0.0,0.0,1.0,0.22790246572218723,0.0,,,,
gametes_epistasis_3_way_20atts_0_2h_edm_1_1,mvs_coreset,MVS coreset,budget_50,seed_1,0.26491094089181505,0.26491094089181505,0.26491094089181505,0.26491094089181505,0.26491094089181505,0.26491094089181505,0.0,0.0,1.0,0.26491094089181505,0.0,,,,
gametes_epistasis_3_way_20atts_0_2h_edm_1_1,mvs_coreset,MVS coreset,budget_50,seed_2,0.2527098352780963,0.2527098352780963,0.2527098352780963,0.2527098352780963,0.2527098352780963,0.2527098352780963,0.0,0.0,1.0,0.2527098352780963,0.0,,,,
gametes_epistasis_3_way_20atts_0_2h_edm_1_1,craig_coreset,CRAIG-style,budget_25,seed_0,0.22790246572218723,0.22790246572218723,0.22790246572218723,0.22790246572218723,0.22790246572218723,0.22790246572218723,0.0,0.0,1.0,0.22790246572218723,0.0,,,,
gametes_epistasis_3_way_20atts_0_2h_edm_1_1,craig_coreset,CRAIG-style,budget_25,seed_1,0.23518913132304575,0.23518913132304575,0.23518913132304575,0.23518913132304575,0.23518913132304575,0.23518913132304575,0.0,0.0,1.0,0.23518913132304575,0.0,,,,
gametes_epistasis_3_way_20atts_0_2h_edm_1_1,craig_coreset,CRAIG-style,budget_25,seed_2,0.22483441297815443,0.22483441297815443,0.22483441297815443,0.22483441297815443,0.22483441297815443,0.22483441297815443,0.0,0.0,1.0,0.22483441297815443,0.0,,,,
gametes_epistasis_3_way_20atts_0_2h_edm_1_1,craig_coreset,CRAIG-style,budget_50,seed_0,0.2239531420905052,0.2239531420905052,0.2239531420905052,0.2239531420905052,0.2239531420905052,0.2239531420905052,0.0,0.0,1.0,0.2239531420905052,0.0,,,,
gametes_epistasis_3_way_20atts_0_2h_edm_1_1,craig_coreset,CRAIG-style,budget_50,seed_1,0.23518913132304575,0.23518913132304575,0.23518913132304575,0.23518913132304575,0.23518913132304575,0.23518913132304575,0.0,0.0,1.0,0.23518913132304575,0.0,,,,
gametes_epistasis_3_way_20atts_0_2h_edm_1_1,craig_coreset,CRAIG-style,budget_50,seed_2,0.18234317159746838,0.18234317159746838,0.18234317159746838,0.18234317159746838,0.18234317159746838,0.18234317159746838,0.0,0.0,1.0,0.18234317159746838,0.0,,,,
gametes_epistasis_3_way_20atts_0_2h_edm_1_1,gradmatch_coreset,GradMatch-style,budget_25,seed_0,0.18024153419647176,0.18024153419647176,0.18024153419647176,0.18024153419647176,0.18024153419647176,0.18024153419647176,0.0,0.0,1.0,0.18024153419647176,0.0,,,,
gametes_epistasis_3_way_20atts_0_2h_edm_1_1,gradmatch_coreset,GradMatch-style,budget_25,seed_1,0.2228085105060172,0.2228085105060172,0.2228085105060172,0.2228085105060172,0.2228085105060172,0.2228085105060172,0.0,0.0,1.0,0.2228085105060172,0.0,,,,
gametes_epistasis_3_way_20atts_0_2h_edm_1_1,gradmatch_coreset,GradMatch-style,budget_25,seed_2,0.22414454224959457,0.22414454224959457,0.22414454224959457,0.22414454224959457,0.22414454224959457,0.22414454224959457,0.0,0.0,1.0,0.22414454224959457,0.0,,,,
gametes_epistasis_3_way_20atts_0_2h_edm_1_1,gradmatch_coreset,GradMatch-style,budget_50,seed_0,0.18024153419647176,0.18024153419647176,0.18024153419647176,0.18024153419647176,0.18024153419647176,0.18024153419647176,0.0,0.0,1.0,0.18024153419647176,0.0,,,,
gametes_epistasis_3_way_20atts_0_2h_edm_1_1,gradmatch_coreset,GradMatch-style,budget_50,seed_1,0.21761890617889548,0.21761890617889548,0.21761890617889548,0.21761890617889548,0.21761890617889548,0.21761890617889548,0.0,0.0,1.0,0.21761890617889548,0.0,,,,
gametes_epistasis_3_way_20atts_0_2h_edm_1_1,gradmatch_coreset,GradMatch-style,budget_50,seed_2,0.22924285225151148,0.22924285225151148,0.22924285225151148,0.22924285225151148,0.22924285225151148,0.22924285225151148,0.0,0.0,1.0,0.22924285225151148,0.0,,,,
gametes_epistasis_3_way_20atts_0_2h_edm_1_1,grand_coreset,GraNd,budget_25,seed_0,0.23988465220674693,0.23988465220674693,0.23988465220674693,0.23988465220674693,0.23988465220674693,0.23988465220674693,0.0,0.0,1.0,0.23988465220674693,0.0,,,,
gametes_epistasis_3_way_20atts_0_2h_edm_1_1,grand_coreset,GraNd,budget_25,seed_1,0.21828028699496355,0.21828028699496355,0.21828028699496355,0.21828028699496355,0.21828028699496355,0.21828028699496355,0.0,0.0,1.0,0.21828028699496355,0.0,,,,
gametes_epistasis_3_way_20atts_0_2h_edm_1_1,grand_coreset,GraNd,budget_25,seed_2,0.2578035768294832,0.2578035768294832,0.2578035768294832,0.2578035768294832,0.2578035768294832,0.2578035768294832,0.0,0.0,1.0,0.2578035768294832,0.0,,,,
gametes_epistasis_3_way_20atts_0_2h_edm_1_1,grand_coreset,GraNd,budget_50,seed_0,0.22790246572218723,0.22790246572218723,0.22790246572218723,0.22790246572218723,0.22790246572218723,0.22790246572218723,0.0,0.0,1.0,0.22790246572218723,0.0,,,,
gametes_epistasis_3_way_20atts_0_2h_edm_1_1,grand_coreset,GraNd,budget_50,seed_1,0.19532434382091785,0.19532434382091785,0.19532434382091785,0.19532434382091785,0.19532434382091785,0.19532434382091785,0.0,0.0,1.0,0.19532434382091785,0.0,,,,
gametes_epistasis_3_way_20atts_0_2h_edm_1_1,grand_coreset,GraNd,budget_50,seed_2,0.2527098352780963,0.2527098352780963,0.2527098352780963,0.2527098352780963,0.2527098352780963,0.2527098352780963,0.0,0.0,1.0,0.2527098352780963,0.0,,,,
gametes_epistasis_3_way_20atts_0_2h_edm_1_1,el2n_coreset,EL2N,budget_25,seed_0,0.23988465220674693,0.23988465220674693,0.23988465220674693,0.23988465220674693,0.23988465220674693,0.23988465220674693,0.0,0.0,1.0,0.23988465220674693,0.0,,,,
gametes_epistasis_3_way_20atts_0_2h_edm_1_1,el2n_coreset,EL2N,budget_25,seed_1,0.21828028699496355,0.21828028699496355,0.21828028699496355,0.21828028699496355,0.21828028699496355,0.21828028699496355,0.0,0.0,1.0,0.21828028699496355,0.0,,,,
gametes_epistasis_3_way_20atts_0_2h_edm_1_1,el2n_coreset,EL2N,budget_25,seed_2,0.2578035768294832,0.2578035768294832,0.2578035768294832,0.2578035768294832,0.2578035768294832,0.2578035768294832,0.0,0.0,1.0,0.2578035768294832,0.0,,,,
gametes_epistasis_3_way_20atts_0_2h_edm_1_1,el2n_coreset,EL2N,budget_50,seed_0,0.22790246572218723,0.22790246572218723,0.22790246572218723,0.22790246572218723,0.22790246572218723,0.22790246572218723,0.0,0.0,1.0,0.22790246572218723,0.0,,,,
gametes_epistasis_3_way_20atts_0_2h_edm_1_1,el2n_coreset,EL2N,budget_50,seed_1,0.19532434382091785,0.19532434382091785,0.19532434382091785,0.19532434382091785,0.19532434382091785,0.19532434382091785,0.0,0.0,1.0,0.19532434382091785,0.0,,,,
gametes_epistasis_3_way_20atts_0_2h_edm_1_1,el2n_coreset,EL2N,budget_50,seed_2,0.2527098352780963,0.2527098352780963,0.2527098352780963,0.2527098352780963,0.2527098352780963,0.2527098352780963,0.0,0.0,1.0,0.2527098352780963,0.0,,,,
gametes_epistasis_3_way_20atts_0_2h_edm_1_1,distribution_matching,DistributionMatching,budget_25,seed_0,0.24005975403118968,0.24005975403118968,0.24005975403118968,0.24005975403118968,0.24005975403118968,0.24005975403118968,0.0,0.0,1.0,0.24005975403118968,0.0,,,,
gametes_epistasis_3_way_20atts_0_2h_edm_1_1,distribution_matching,DistributionMatching,budget_25,seed_1,0.2510777950565991,0.2510777950565991,0.2510777950565991,0.2510777950565991,0.2510777950565991,0.2510777950565991,0.0,0.0,1.0,0.2510777950565991,0.0,,,,
gametes_epistasis_3_way_20atts_0_2h_edm_1_1,distribution_matching,DistributionMatching,budget_25,seed_2,0.24233063160795063,0.24233063160795063,0.24233063160795063,0.24233063160795063,0.24233063160795063,0.24233063160795063,0.0,0.0,1.0,0.24233063160795063,0.0,,,,
gametes_epistasis_3_way_20atts_0_2h_edm_1_1,distribution_matching,DistributionMatching,budget_50,seed_0,0.23171160803813173,0.23171160803813173,0.23171160803813173,0.23171160803813173,0.23171160803813173,0.23171160803813173,0.0,0.0,1.0,0.23171160803813173,0.0,,,,
gametes_epistasis_3_way_20atts_0_2h_edm_1_1,distribution_matching,DistributionMatching,budget_50,seed_1,0.21761890617889548,0.21761890617889548,0.21761890617889548,0.21761890617889548,0.21761890617889548,0.21761890617889548,0.0,0.0,1.0,0.21761890617889548,0.0,,,,
gametes_epistasis_3_way_20atts_0_2h_edm_1_1,distribution_matching,DistributionMatching,budget_50,seed_2,0.1947678943070445,0.1947678943070445,0.1947678943070445,0.1947678943070445,0.1947678943070445,0.1947678943070445,0.0,0.0,1.0,0.1947678943070445,0.0,,,,
gametes_epistasis_3_way_20atts_0_2h_edm_1_1,k_center,K-center,budget_25,seed_0,0.21921403587223243,0.21921403587223243,0.21921403587223243,0.21921403587223243,0.21921403587223243,0.21921403587223243,0.0,0.0,1.0,0.21921403587223243,0.0,,,,
gametes_epistasis_3_way_20atts_0_2h_edm_1_1,k_center,K-center,budget_25,seed_1,0.2124516046609287,0.2124516046609287,0.2124516046609287,0.2124516046609287,0.2124516046609287,0.2124516046609287,0.0,0.0,1.0,0.2124516046609287,0.0,,,,
gametes_epistasis_3_way_20atts_0_2h_edm_1_1,k_center,K-center,budget_25,seed_2,0.2480955350343941,0.2480955350343941,0.2480955350343941,0.2480955350343941,0.2480955350343941,0.2480955350343941,0.0,0.0,1.0,0.2480955350343941,0.0,,,,
gametes_epistasis_3_way_20atts_0_2h_edm_1_1,k_center,K-center,budget_50,seed_0,0.2401499395305491,0.2401499395305491,0.2401499395305491,0.2401499395305491,0.2401499395305491,0.2401499395305491,0.0,0.0,1.0,0.2401499395305491,0.0,,,,
gametes_epistasis_3_way_20atts_0_2h_edm_1_1,k_center,K-center,budget_50,seed_1,0.2660424772487836,0.2660424772487836,0.2660424772487836,0.2660424772487836,0.2660424772487836,0.2660424772487836,0.0,0.0,1.0,0.2660424772487836,0.0,,,,
gametes_epistasis_3_way_20atts_0_2h_edm_1_1,k_center,K-center,budget_50,seed_2,0.25290526475015046,0.25290526475015046,0.25290526475015046,0.25290526475015046,0.25290526475015046,0.25290526475015046,0.0,0.0,1.0,0.25290526475015046,0.0,,,,
gametes_epistasis_3_way_20atts_0_2h_edm_1_1,gradient_sampling,Gradient sampling,budget_25,seed_0,0.18024153419647176,0.18024153419647176,0.18024153419647176,0.18024153419647176,0.18024153419647176,0.18024153419647176,0.0,0.0,1.0,0.18024153419647176,0.0,,,,
gametes_epistasis_3_way_20atts_0_2h_edm_1_1,gradient_sampling,Gradient sampling,budget_25,seed_1,0.21199983880019985,0.21199983880019985,0.21199983880019985,0.21199983880019985,0.21199983880019985,0.21199983880019985,0.0,0.0,1.0,0.21199983880019985,0.0,,,,
gametes_epistasis_3_way_20atts_0_2h_edm_1_1,gradient_sampling,Gradient sampling,budget_25,seed_2,0.22414454224959457,0.22414454224959457,0.22414454224959457,0.22414454224959457,0.22414454224959457,0.22414454224959457,0.0,0.0,1.0,0.22414454224959457,0.0,,,,
gametes_epistasis_3_way_20atts_0_2h_edm_1_1,gradient_sampling,Gradient sampling,budget_50,seed_0,0.18024153419647176,0.18024153419647176,0.18024153419647176,0.18024153419647176,0.18024153419647176,0.18024153419647176,0.0,0.0,1.0,0.18024153419647176,0.0,,,,
gametes_epistasis_3_way_20atts_0_2h_edm_1_1,gradient_sampling,Gradient sampling,budget_50,seed_1,0.21199983880019985,0.21199983880019985,0.21199983880019985,0.21199983880019985,0.21199983880019985,0.21199983880019985,0.0,0.0,1.0,0.21199983880019985,0.0,,,,
gametes_epistasis_3_way_20atts_0_2h_edm_1_1,gradient_sampling,Gradient sampling,budget_50,seed_2,0.22414454224959457,0.22414454224959457,0.22414454224959457,0.22414454224959457,0.22414454224959457,0.22414454224959457,0.0,0.0,1.0,0.22414454224959457,0.0,,,,
gametes_epistasis_3_way_20atts_0_2h_edm_1_1,gain_herding,Gain sketch,budget_25,seed_0,0.18024153419647176,0.18024153419647176,0.18024153419647176,0.18024153419647176,0.18024153419647176,0.18024153419647176,0.0,0.0,1.0,0.18024153419647176,0.0,,,,
gametes_epistasis_3_way_20atts_0_2h_edm_1_1,gain_herding,Gain sketch,budget_25,seed_1,0.21199983880019985,0.21199983880019985,0.21199983880019985,0.21199983880019985,0.21199983880019985,0.21199983880019985,0.0,0.0,1.0,0.21199983880019985,0.0,,,,
gametes_epistasis_3_way_20atts_0_2h_edm_1_1,gain_herding,Gain sketch,budget_25,seed_2,0.18757037801532656,0.18757037801532656,0.18757037801532656,0.18757037801532656,0.18757037801532656,0.18757037801532656,0.0,0.0,1.0,0.18757037801532656,0.0,,,,
gametes_epistasis_3_way_20atts_0_2h_edm_1_1,gain_herding,Gain sketch,budget_50,seed_0,0.22923633761632065,0.22923633761632065,0.22923633761632065,0.22923633761632065,0.22923633761632065,0.22923633761632065,0.0,0.0,1.0,0.22923633761632065,0.0,,,,
gametes_epistasis_3_way_20atts_0_2h_edm_1_1,gain_herding,Gain sketch,budget_50,seed_1,0.21199983880019985,0.21199983880019985,0.21199983880019985,0.21199983880019985,0.21199983880019985,0.21199983880019985,0.0,0.0,1.0,0.21199983880019985,0.0,,,,
gametes_epistasis_3_way_20atts_0_2h_edm_1_1,gain_herding,Gain sketch,budget_50,seed_2,0.22414454224959457,0.22414454224959457,0.22414454224959457,0.22414454224959457,0.22414454224959457,0.22414454224959457,0.0,0.0,1.0,0.22414454224959457,0.0,,,,
gametes_epistasis_3_way_20atts_0_2h_edm_1_1,gain_path_herding,Gain-path sketch,budget_25,seed_0,0.19465237272603192,0.19465237272603192,0.19465237272603192,0.19465237272603192,0.19465237272603192,0.19465237272603192,0.0,0.0,1.0,0.19465237272603192,0.0,,,,
gametes_epistasis_3_way_20atts_0_2h_edm_1_1,gain_path_herding,Gain-path sketch,budget_25,seed_1,0.2637139989367051,0.2637139989367051,0.2637139989367051,0.2637139989367051,0.2637139989367051,0.2637139989367051,0.0,0.0,1.0,0.2637139989367051,0.0,,,,
gametes_epistasis_3_way_20atts_0_2h_edm_1_1,gain_path_herding,Gain-path sketch,budget_25,seed_2,0.18643948975718627,0.18643948975718627,0.18643948975718627,0.18643948975718627,0.18643948975718627,0.18643948975718627,0.0,0.0,1.0,0.18643948975718627,0.0,,,,
gametes_epistasis_3_way_20atts_0_2h_edm_1_1,gain_path_herding,Gain-path sketch,budget_50,seed_0,0.18024153419647176,0.18024153419647176,0.18024153419647176,0.18024153419647176,0.18024153419647176,0.18024153419647176,0.0,0.0,1.0,0.18024153419647176,0.0,,,,
gametes_epistasis_3_way_20atts_0_2h_edm_1_1,gain_path_herding,Gain-path sketch,budget_50,seed_1,0.259550030331364,0.259550030331364,0.259550030331364,0.259550030331364,0.259550030331364,0.259550030331364,0.0,0.0,1.0,0.259550030331364,0.0,,,,
gametes_epistasis_3_way_20atts_0_2h_edm_1_1,gain_path_herding,Gain-path sketch,budget_50,seed_2,0.22414454224959457,0.22414454224959457,0.22414454224959457,0.22414454224959457,0.22414454224959457,0.22414454224959457,0.0,0.0,1.0,0.22414454224959457,0.0,,,,
gametes_heterogeneity_20atts_1600_het_0_4_0_2_50_edm_2_001,histdistill_greedy,HistDistill-Greedy,budget_25,seed_0,0.1394180877399323,0.1394180877399323,0.1394180877399323,0.1394180877399323,0.1394180877399323,0.1394180877399323,0.0,0.0,1.0,0.1394180877399323,0.0,,,,
gametes_heterogeneity_20atts_1600_het_0_4_0_2_50_edm_2_001,histdistill_greedy,HistDistill-Greedy,budget_25,seed_1,0.09724209817777028,0.09724209817777028,0.09724209817777028,0.09724209817777028,0.09724209817777028,0.09724209817777028,0.0,0.0,1.0,0.09724209817777028,0.0,,,,
gametes_heterogeneity_20atts_1600_het_0_4_0_2_50_edm_2_001,histdistill_greedy,HistDistill-Greedy,budget_25,seed_2,0.11433337307295811,0.11433337307295811,0.11433337307295811,0.11433337307295811,0.11433337307295811,0.11433337307295811,0.0,0.0,1.0,0.11433337307295811,0.0,,,,
gametes_heterogeneity_20atts_1600_het_0_4_0_2_50_edm_2_001,histdistill_greedy,HistDistill-Greedy,budget_50,seed_0,0.13636256337678887,0.13636256337678887,0.13636256337678887,0.13636256337678887,0.13636256337678887,0.13636256337678887,0.0,0.0,1.0,0.13636256337678887,0.0,,,,
gametes_heterogeneity_20atts_1600_het_0_4_0_2_50_edm_2_001,histdistill_greedy,HistDistill-Greedy,budget_50,seed_1,0.09954921720311545,0.09954921720311545,0.09954921720311545,0.09954921720311545,0.09954921720311545,0.09954921720311545,0.0,0.0,1.0,0.09954921720311545,0.0,,,,
gametes_heterogeneity_20atts_1600_het_0_4_0_2_50_edm_2_001,histdistill_greedy,HistDistill-Greedy,budget_50,seed_2,0.1394084296009263,0.1394084296009263,0.1394084296009263,0.1394084296009263,0.1394084296009263,0.1394084296009263,0.0,0.0,1.0,0.1394084296009263,0.0,,,,
gametes_heterogeneity_20atts_1600_het_0_4_0_2_50_edm_2_001,histdistill_refined,HistDistill-Refined,budget_25,seed_0,0.05485990141136432,0.05485990141136432,0.05485990141136432,0.05485990141136432,0.05485990141136432,0.05485990141136432,0.0,0.0,1.0,0.05485990141136432,0.0,,,,
gametes_heterogeneity_20atts_1600_het_0_4_0_2_50_edm_2_001,histdistill_refined,HistDistill-Refined,budget_25,seed_1,0.028404538365012624,0.028404538365012624,0.028404538365012624,0.028404538365012624,0.028404538365012624,0.028404538365012624,0.0,0.0,1.0,0.028404538365012624,0.0,,,,
gametes_heterogeneity_20atts_1600_het_0_4_0_2_50_edm_2_001,histdistill_refined,HistDistill-Refined,budget_25,seed_2,0.0790414392892774,0.0790414392892774,0.0790414392892774,0.0790414392892774,0.0790414392892774,0.0790414392892774,0.0,0.0,1.0,0.0790414392892774,0.0,,,,
gametes_heterogeneity_20atts_1600_het_0_4_0_2_50_edm_2_001,histdistill_refined,HistDistill-Refined,budget_50,seed_0,0.13631215844941466,0.13631215844941466,0.13631215844941466,0.13631215844941466,0.13631215844941466,0.13631215844941466,0.0,0.0,1.0,0.13631215844941466,0.0,,,,
gametes_heterogeneity_20atts_1600_het_0_4_0_2_50_edm_2_001,histdistill_refined,HistDistill-Refined,budget_50,seed_1,0.0,0.0,0.0,0.0,0.0,0.0,1.0,1.0,1.0,0.0,1.0,,,,
gametes_heterogeneity_20atts_1600_het_0_4_0_2_50_edm_2_001,histdistill_refined,HistDistill-Refined,budget_50,seed_2,0.1402126118003457,0.1402126118003457,0.1402126118003457,0.1402126118003457,0.1402126118003457,0.1402126118003457,0.0,0.0,1.0,0.1402126118003457,0.0,,,,
gametes_heterogeneity_20atts_1600_het_0_4_0_2_50_edm_2_001,histdistill_density,HistDistill-Density,budget_25,seed_0,0.05485990141136432,0.05485990141136432,0.05485990141136432,0.05485990141136432,0.05485990141136432,0.05485990141136432,0.0,0.0,1.0,0.05485990141136432,0.0,,,,
gametes_heterogeneity_20atts_1600_het_0_4_0_2_50_edm_2_001,histdistill_density,HistDistill-Density,budget_25,seed_1,0.028404538365012624,0.028404538365012624,0.028404538365012624,0.028404538365012624,0.028404538365012624,0.028404538365012624,0.0,0.0,1.0,0.028404538365012624,0.0,,,,
gametes_heterogeneity_20atts_1600_het_0_4_0_2_50_edm_2_001,histdistill_density,HistDistill-Density,budget_25,seed_2,0.1103879435155391,0.1103879435155391,0.1103879435155391,0.1103879435155391,0.1103879435155391,0.1103879435155391,0.0,0.0,1.0,0.1103879435155391,0.0,,,,
gametes_heterogeneity_20atts_1600_het_0_4_0_2_50_edm_2_001,histdistill_density,HistDistill-Density,budget_50,seed_0,0.13781853737294586,0.13781853737294586,0.13781853737294586,0.13781853737294586,0.13781853737294586,0.13781853737294586,0.0,0.0,1.0,0.13781853737294586,0.0,,,,
gametes_heterogeneity_20atts_1600_het_0_4_0_2_50_edm_2_001,histdistill_density,HistDistill-Density,budget_50,seed_1,0.0,0.0,0.0,0.0,0.0,0.0,1.0,1.0,1.0,0.0,1.0,,,,
gametes_heterogeneity_20atts_1600_het_0_4_0_2_50_edm_2_001,histdistill_density,HistDistill-Density,budget_50,seed_2,0.1103879435155391,0.1103879435155391,0.1103879435155391,0.1103879435155391,0.1103879435155391,0.1103879435155391,0.0,0.0,1.0,0.1103879435155391,0.0,,,,
gametes_heterogeneity_20atts_1600_het_0_4_0_2_50_edm_2_001,gain_path_refined,Legacy gain-path refined,budget_25,seed_0,0.05485990141136432,0.05485990141136432,0.05485990141136432,0.05485990141136432,0.05485990141136432,0.05485990141136432,0.0,0.0,1.0,0.05485990141136432,0.0,,,,
gametes_heterogeneity_20atts_1600_het_0_4_0_2_50_edm_2_001,gain_path_refined,Legacy gain-path refined,budget_25,seed_1,0.028404538365012624,0.028404538365012624,0.028404538365012624,0.028404538365012624,0.028404538365012624,0.028404538365012624,0.0,0.0,1.0,0.028404538365012624,0.0,,,,
gametes_heterogeneity_20atts_1600_het_0_4_0_2_50_edm_2_001,gain_path_refined,Legacy gain-path refined,budget_25,seed_2,0.09580527348809759,0.09580527348809759,0.09580527348809759,0.09580527348809759,0.09580527348809759,0.09580527348809759,0.0,0.0,1.0,0.09580527348809759,0.0,,,,
gametes_heterogeneity_20atts_1600_het_0_4_0_2_50_edm_2_001,gain_path_refined,Legacy gain-path refined,budget_50,seed_0,0.05522108953138398,0.05522108953138398,0.05522108953138398,0.05522108953138398,0.05522108953138398,0.05522108953138398,0.0,0.0,1.0,0.05522108953138398,0.0,,,,
gametes_heterogeneity_20atts_1600_het_0_4_0_2_50_edm_2_001,gain_path_refined,Legacy gain-path refined,budget_50,seed_1,0.0,0.0,0.0,0.0,0.0,0.0,1.0,1.0,1.0,0.0,1.0,,,,
gametes_heterogeneity_20atts_1600_het_0_4_0_2_50_edm_2_001,gain_path_refined,Legacy gain-path refined,budget_50,seed_2,0.1103879435155391,0.1103879435155391,0.1103879435155391,0.1103879435155391,0.1103879435155391,0.1103879435155391,0.0,0.0,1.0,0.1103879435155391,0.0,,,,
gametes_heterogeneity_20atts_1600_het_0_4_0_2_50_edm_2_001,herding,Herding,budget_25,seed_0,0.09008959942020728,0.09008959942020728,0.09008959942020728,0.09008959942020728,0.09008959942020728,0.09008959942020728,0.0,0.0,1.0,0.09008959942020728,0.0,,,,
gametes_heterogeneity_20atts_1600_het_0_4_0_2_50_edm_2_001,herding,Herding,budget_25,seed_1,0.08465631347531785,0.08465631347531785,0.08465631347531785,0.08465631347531785,0.08465631347531785,0.08465631347531785,0.0,0.0,1.0,0.08465631347531785,0.0,,,,
gametes_heterogeneity_20atts_1600_het_0_4_0_2_50_edm_2_001,herding,Herding,budget_25,seed_2,0.1103879435155391,0.1103879435155391,0.1103879435155391,0.1103879435155391,0.1103879435155391,0.1103879435155391,0.0,0.0,1.0,0.1103879435155391,0.0,,,,
gametes_heterogeneity_20atts_1600_het_0_4_0_2_50_edm_2_001,herding,Herding,budget_50,seed_0,0.09008959942020728,0.09008959942020728,0.09008959942020728,0.09008959942020728,0.09008959942020728,0.09008959942020728,0.0,0.0,1.0,0.09008959942020728,0.0,,,,
gametes_heterogeneity_20atts_1600_het_0_4_0_2_50_edm_2_001,herding,Herding,budget_50,seed_1,0.08465631347531785,0.08465631347531785,0.08465631347531785,0.08465631347531785,0.08465631347531785,0.08465631347531785,0.0,0.0,1.0,0.08465631347531785,0.0,,,,
gametes_heterogeneity_20atts_1600_het_0_4_0_2_50_edm_2_001,herding,Herding,budget_50,seed_2,0.1103879435155391,0.1103879435155391,0.1103879435155391,0.1103879435155391,0.1103879435155391,0.1103879435155391,0.0,0.0,1.0,0.1103879435155391,0.0,,,,
gametes_heterogeneity_20atts_1600_het_0_4_0_2_50_edm_2_001,random,Random,budget_25,seed_0,0.13716655367169192,0.13716655367169192,0.13716655367169192,0.13716655367169192,0.13716655367169192,0.13716655367169192,0.0,0.0,1.0,0.13716655367169192,0.0,,,,
gametes_heterogeneity_20atts_1600_het_0_4_0_2_50_edm_2_001,random,Random,budget_25,seed_1,0.09724209817777028,0.09724209817777028,0.09724209817777028,0.09724209817777028,0.09724209817777028,0.09724209817777028,0.0,0.0,1.0,0.09724209817777028,0.0,,,,
gametes_heterogeneity_20atts_1600_het_0_4_0_2_50_edm_2_001,random,Random,budget_25,seed_2,0.09580527348809759,0.09580527348809759,0.09580527348809759,0.09580527348809759,0.09580527348809759,0.09580527348809759,0.0,0.0,1.0,0.09580527348809759,0.0,,,,
gametes_heterogeneity_20atts_1600_het_0_4_0_2_50_edm_2_001,random,Random,budget_50,seed_0,0.09048305454423924,0.09048305454423924,0.09048305454423924,0.09048305454423924,0.09048305454423924,0.09048305454423924,0.0,0.0,1.0,0.09048305454423924,0.0,,,,
gametes_heterogeneity_20atts_1600_het_0_4_0_2_50_edm_2_001,random,Random,budget_50,seed_1,0.09954921720311545,0.09954921720311545,0.09954921720311545,0.09954921720311545,0.09954921720311545,0.09954921720311545,0.0,0.0,1.0,0.09954921720311545,0.0,,,,
gametes_heterogeneity_20atts_1600_het_0_4_0_2_50_edm_2_001,random,Random,budget_50,seed_2,0.016820725767036096,0.016820725767036096,0.016820725767036096,0.016820725767036096,0.016820725767036096,0.016820725767036096,0.0,0.0,1.0,0.016820725767036096,0.0,,,,
gametes_heterogeneity_20atts_1600_het_0_4_0_2_50_edm_2_001,goss_coreset,GOSS coreset,budget_25,seed_0,0.0864858225395303,0.0864858225395303,0.0864858225395303,0.0864858225395303,0.0864858225395303,0.0864858225395303,0.0,0.0,1.0,0.0864858225395303,0.0,,,,
gametes_heterogeneity_20atts_1600_het_0_4_0_2_50_edm_2_001,goss_coreset,GOSS coreset,budget_25,seed_1,0.09724209817777028,0.09724209817777028,0.09724209817777028,0.09724209817777028,0.09724209817777028,0.09724209817777028,0.0,0.0,1.0,0.09724209817777028,0.0,,,,
gametes_heterogeneity_20atts_1600_het_0_4_0_2_50_edm_2_001,goss_coreset,GOSS coreset,budget_25,seed_2,0.11067822714946876,0.11067822714946876,0.11067822714946876,0.11067822714946876,0.11067822714946876,0.11067822714946876,0.0,0.0,1.0,0.11067822714946876,0.0,,,,
gametes_heterogeneity_20atts_1600_het_0_4_0_2_50_edm_2_001,goss_coreset,GOSS coreset,budget_50,seed_0,0.0864858225395303,0.0864858225395303,0.0864858225395303,0.0864858225395303,0.0864858225395303,0.0864858225395303,0.0,0.0,1.0,0.0864858225395303,0.0,,,,
gametes_heterogeneity_20atts_1600_het_0_4_0_2_50_edm_2_001,goss_coreset,GOSS coreset,budget_50,seed_1,0.07833516768004921,0.07833516768004921,0.07833516768004921,0.07833516768004921,0.07833516768004921,0.07833516768004921,0.0,0.0,1.0,0.07833516768004921,0.0,,,,
gametes_heterogeneity_20atts_1600_het_0_4_0_2_50_edm_2_001,goss_coreset,GOSS coreset,budget_50,seed_2,0.1261690509984916,0.1261690509984916,0.1261690509984916,0.1261690509984916,0.1261690509984916,0.1261690509984916,0.0,0.0,1.0,0.1261690509984916,0.0,,,,
gametes_heterogeneity_20atts_1600_het_0_4_0_2_50_edm_2_001,mvs_coreset,MVS coreset,budget_25,seed_0,0.1397440469314078,0.1397440469314078,0.1397440469314078,0.1397440469314078,0.1397440469314078,0.1397440469314078,0.0,0.0,1.0,0.1397440469314078,0.0,,,,
gametes_heterogeneity_20atts_1600_het_0_4_0_2_50_edm_2_001,mvs_coreset,MVS coreset,budget_25,seed_1,0.10127431555445052,0.10127431555445052,0.10127431555445052,0.10127431555445052,0.10127431555445052,0.10127431555445052,0.0,0.0,1.0,0.10127431555445052,0.0,,,,
gametes_heterogeneity_20atts_1600_het_0_4_0_2_50_edm_2_001,mvs_coreset,MVS coreset,budget_25,seed_2,0.0,0.0,0.0,0.0,0.0,0.0,1.0,1.0,1.0,0.0,1.0,,,,
gametes_heterogeneity_20atts_1600_het_0_4_0_2_50_edm_2_001,mvs_coreset,MVS coreset,budget_50,seed_0,0.13435274808547887,0.13435274808547887,0.13435274808547887,0.13435274808547887,0.13435274808547887,0.13435274808547887,0.0,0.0,1.0,0.13435274808547887,0.0,,,,
gametes_heterogeneity_20atts_1600_het_0_4_0_2_50_edm_2_001,mvs_coreset,MVS coreset,budget_50,seed_1,0.04473015206725375,0.04473015206725375,0.04473015206725375,0.04473015206725375,0.04473015206725375,0.04473015206725375,0.0,0.0,1.0,0.04473015206725375,0.0,,,,
gametes_heterogeneity_20atts_1600_het_0_4_0_2_50_edm_2_001,mvs_coreset,MVS coreset,budget_50,seed_2,0.0,0.0,0.0,0.0,0.0,0.0,1.0,1.0,1.0,0.0,1.0,,,,
gametes_heterogeneity_20atts_1600_het_0_4_0_2_50_edm_2_001,craig_coreset,CRAIG-style,budget_25,seed_0,0.07114160947055363,0.07114160947055363,0.07114160947055363,0.07114160947055363,0.07114160947055363,0.07114160947055363,0.0,0.0,1.0,0.07114160947055363,0.0,,,,
gametes_heterogeneity_20atts_1600_het_0_4_0_2_50_edm_2_001,craig_coreset,CRAIG-style,budget_25,seed_1,0.10256135992046836,0.10256135992046836,0.10256135992046836,0.10256135992046836,0.10256135992046836,0.10256135992046836,0.0,0.0,1.0,0.10256135992046836,0.0,,,,
gametes_heterogeneity_20atts_1600_het_0_4_0_2_50_edm_2_001,craig_coreset,CRAIG-style,budget_25,seed_2,0.14046193545068927,0.14046193545068927,0.14046193545068927,0.14046193545068927,0.14046193545068927,0.14046193545068927,0.0,0.0,1.0,0.14046193545068927,0.0,,,,
gametes_heterogeneity_20atts_1600_het_0_4_0_2_50_edm_2_001,craig_coreset,CRAIG-style,budget_50,seed_0,0.07114160947055363,0.07114160947055363,0.07114160947055363,0.07114160947055363,0.07114160947055363,0.07114160947055363,0.0,0.0,1.0,0.07114160947055363,0.0,,,,
gametes_heterogeneity_20atts_1600_het_0_4_0_2_50_edm_2_001,craig_coreset,CRAIG-style,budget_50,seed_1,0.06384535703754039,0.06384535703754039,0.06384535703754039,0.06384535703754039,0.06384535703754039,0.06384535703754039,0.0,0.0,1.0,0.06384535703754039,0.0,,,,
gametes_heterogeneity_20atts_1600_het_0_4_0_2_50_edm_2_001,craig_coreset,CRAIG-style,budget_50,seed_2,0.11067822714946876,0.11067822714946876,0.11067822714946876,0.11067822714946876,0.11067822714946876,0.11067822714946876,0.0,0.0,1.0,0.11067822714946876,0.0,,,,
gametes_heterogeneity_20atts_1600_het_0_4_0_2_50_edm_2_001,gradmatch_coreset,GradMatch-style,budget_25,seed_0,0.13636256337678887,0.13636256337678887,0.13636256337678887,0.13636256337678887,0.13636256337678887,0.13636256337678887,0.0,0.0,1.0,0.13636256337678887,0.0,,,,
gametes_heterogeneity_20atts_1600_het_0_4_0_2_50_edm_2_001,gradmatch_coreset,GradMatch-style,budget_25,seed_1,0.0741680017970026,0.0741680017970026,0.0741680017970026,0.0741680017970026,0.0741680017970026,0.0741680017970026,0.0,0.0,1.0,0.0741680017970026,0.0,,,,
gametes_heterogeneity_20atts_1600_het_0_4_0_2_50_edm_2_001,gradmatch_coreset,GradMatch-style,budget_25,seed_2,0.1103879435155391,0.1103879435155391,0.1103879435155391,0.1103879435155391,0.1103879435155391,0.1103879435155391,0.0,0.0,1.0,0.1103879435155391,0.0,,,,
gametes_heterogeneity_20atts_1600_het_0_4_0_2_50_edm_2_001,gradmatch_coreset,GradMatch-style,budget_50,seed_0,0.09008959942020728,0.09008959942020728,0.09008959942020728,0.09008959942020728,0.09008959942020728,0.09008959942020728,0.0,0.0,1.0,0.09008959942020728,0.0,,,,
gametes_heterogeneity_20atts_1600_het_0_4_0_2_50_edm_2_001,gradmatch_coreset,GradMatch-style,budget_50,seed_1,0.09972619129375121,0.09972619129375121,0.09972619129375121,0.09972619129375121,0.09972619129375121,0.09972619129375121,0.0,0.0,1.0,0.09972619129375121,0.0,,,,
gametes_heterogeneity_20atts_1600_het_0_4_0_2_50_edm_2_001,gradmatch_coreset,GradMatch-style,budget_50,seed_2,0.1261690509984916,0.1261690509984916,0.1261690509984916,0.1261690509984916,0.1261690509984916,0.1261690509984916,0.0,0.0,1.0,0.1261690509984916,0.0,,,,
gametes_heterogeneity_20atts_1600_het_0_4_0_2_50_edm_2_001,grand_coreset,GraNd,budget_25,seed_0,0.13895867480823088,0.13895867480823088,0.13895867480823088,0.13895867480823088,0.13895867480823088,0.13895867480823088,0.0,0.0,1.0,0.13895867480823088,0.0,,,,
gametes_heterogeneity_20atts_1600_het_0_4_0_2_50_edm_2_001,grand_coreset,GraNd,budget_25,seed_1,0.07546894191795502,0.07546894191795502,0.07546894191795502,0.07546894191795502,0.07546894191795502,0.07546894191795502,0.0,0.0,1.0,0.07546894191795502,0.0,,,,
gametes_heterogeneity_20atts_1600_het_0_4_0_2_50_edm_2_001,grand_coreset,GraNd,budget_25,seed_2,0.0,0.0,0.0,0.0,0.0,0.0,1.0,1.0,1.0,0.0,1.0,,,,
gametes_heterogeneity_20atts_1600_het_0_4_0_2_50_edm_2_001,grand_coreset,GraNd,budget_50,seed_0,0.07114160947055363,0.07114160947055363,0.07114160947055363,0.07114160947055363,0.07114160947055363,0.07114160947055363,0.0,0.0,1.0,0.07114160947055363,0.0,,,,
gametes_heterogeneity_20atts_1600_het_0_4_0_2_50_edm_2_001,grand_coreset,GraNd,budget_50,seed_1,0.1020449114579561,0.1020449114579561,0.1020449114579561,0.1020449114579561,0.1020449114579561,0.1020449114579561,0.0,0.0,1.0,0.1020449114579561,0.0,,,,
gametes_heterogeneity_20atts_1600_het_0_4_0_2_50_edm_2_001,grand_coreset,GraNd,budget_50,seed_2,0.0,0.0,0.0,0.0,0.0,0.0,1.0,1.0,1.0,0.0,1.0,,,,
gametes_heterogeneity_20atts_1600_het_0_4_0_2_50_edm_2_001,el2n_coreset,EL2N,budget_25,seed_0,0.13895867480823088,0.13895867480823088,0.13895867480823088,0.13895867480823088,0.13895867480823088,0.13895867480823088,0.0,0.0,1.0,0.13895867480823088,0.0,,,,
gametes_heterogeneity_20atts_1600_het_0_4_0_2_50_edm_2_001,el2n_coreset,EL2N,budget_25,seed_1,0.07546894191795502,0.07546894191795502,0.07546894191795502,0.07546894191795502,0.07546894191795502,0.07546894191795502,0.0,0.0,1.0,0.07546894191795502,0.0,,,,
gametes_heterogeneity_20atts_1600_het_0_4_0_2_50_edm_2_001,el2n_coreset,EL2N,budget_25,seed_2,0.0,0.0,0.0,0.0,0.0,0.0,1.0,1.0,1.0,0.0,1.0,,,,
gametes_heterogeneity_20atts_1600_het_0_4_0_2_50_edm_2_001,el2n_coreset,EL2N,budget_50,seed_0,0.07114160947055363,0.07114160947055363,0.07114160947055363,0.07114160947055363,0.07114160947055363,0.07114160947055363,0.0,0.0,1.0,0.07114160947055363,0.0,,,,
gametes_heterogeneity_20atts_1600_het_0_4_0_2_50_edm_2_001,el2n_coreset,EL2N,budget_50,seed_1,0.1020449114579561,0.1020449114579561,0.1020449114579561,0.1020449114579561,0.1020449114579561,0.1020449114579561,0.0,0.0,1.0,0.1020449114579561,0.0,,,,
gametes_heterogeneity_20atts_1600_het_0_4_0_2_50_edm_2_001,el2n_coreset,EL2N,budget_50,seed_2,0.0,0.0,0.0,0.0,0.0,0.0,1.0,1.0,1.0,0.0,1.0,,,,
gametes_heterogeneity_20atts_1600_het_0_4_0_2_50_edm_2_001,distribution_matching,DistributionMatching,budget_25,seed_0,0.07114160947055363,0.07114160947055363,0.07114160947055363,0.07114160947055363,0.07114160947055363,0.07114160947055363,0.0,0.0,1.0,0.07114160947055363,0.0,,,,
gametes_heterogeneity_20atts_1600_het_0_4_0_2_50_edm_2_001,distribution_matching,DistributionMatching,budget_25,seed_1,0.10127431555445052,0.10127431555445052,0.10127431555445052,0.10127431555445052,0.10127431555445052,0.10127431555445052,0.0,0.0,1.0,0.10127431555445052,0.0,,,,
gametes_heterogeneity_20atts_1600_het_0_4_0_2_50_edm_2_001,distribution_matching,DistributionMatching,budget_25,seed_2,0.14046193545068927,0.14046193545068927,0.14046193545068927,0.14046193545068927,0.14046193545068927,0.14046193545068927,0.0,0.0,1.0,0.14046193545068927,0.0,,,,
gametes_heterogeneity_20atts_1600_het_0_4_0_2_50_edm_2_001,distribution_matching,DistributionMatching,budget_50,seed_0,0.13979338061515734,0.13979338061515734,0.13979338061515734,0.13979338061515734,0.13979338061515734,0.13979338061515734,0.0,0.0,1.0,0.13979338061515734,0.0,,,,
gametes_heterogeneity_20atts_1600_het_0_4_0_2_50_edm_2_001,distribution_matching,DistributionMatching,budget_50,seed_1,0.10210949783584716,0.10210949783584716,0.10210949783584716,0.10210949783584716,0.10210949783584716,0.10210949783584716,0.0,0.0,1.0,0.10210949783584716,0.0,,,,
gametes_heterogeneity_20atts_1600_het_0_4_0_2_50_edm_2_001,distribution_matching,DistributionMatching,budget_50,seed_2,0.13908033399621064,0.13908033399621064,0.13908033399621064,0.13908033399621064,0.13908033399621064,0.13908033399621064,0.0,0.0,1.0,0.13908033399621064,0.0,,,,
gametes_heterogeneity_20atts_1600_het_0_4_0_2_50_edm_2_001,k_center,K-center,budget_25,seed_0,0.1270687162488936,0.1270687162488936,0.1270687162488936,0.1270687162488936,0.1270687162488936,0.1270687162488936,0.0,0.0,1.0,0.1270687162488936,0.0,,,,
gametes_heterogeneity_20atts_1600_het_0_4_0_2_50_edm_2_001,k_center,K-center,budget_25,seed_1,0.09420361732979039,0.09420361732979039,0.09420361732979039,0.09420361732979039,0.09420361732979039,0.09420361732979039,0.0,0.0,1.0,0.09420361732979039,0.0,,,,
gametes_heterogeneity_20atts_1600_het_0_4_0_2_50_edm_2_001,k_center,K-center,budget_25,seed_2,0.12546501332886775,0.12546501332886775,0.12546501332886775,0.12546501332886775,0.12546501332886775,0.12546501332886775,0.0,0.0,1.0,0.12546501332886775,0.0,,,,
gametes_heterogeneity_20atts_1600_het_0_4_0_2_50_edm_2_001,k_center,K-center,budget_50,seed_0,0.07114160947055363,0.07114160947055363,0.07114160947055363,0.07114160947055363,0.07114160947055363,0.07114160947055363,0.0,0.0,1.0,0.07114160947055363,0.0,,,,
gametes_heterogeneity_20atts_1600_het_0_4_0_2_50_edm_2_001,k_center,K-center,budget_50,seed_1,0.09420361732979039,0.09420361732979039,0.09420361732979039,0.09420361732979039,0.09420361732979039,0.09420361732979039,0.0,0.0,1.0,0.09420361732979039,0.0,,,,
gametes_heterogeneity_20atts_1600_het_0_4_0_2_50_edm_2_001,k_center,K-center,budget_50,seed_2,0.13586503907916442,0.13586503907916442,0.13586503907916442,0.13586503907916442,0.13586503907916442,0.13586503907916442,0.0,0.0,1.0,0.13586503907916442,0.0,,,,
gametes_heterogeneity_20atts_1600_het_0_4_0_2_50_edm_2_001,gradient_sampling,Gradient sampling,budget_25,seed_0,0.07114160947055363,0.07114160947055363,0.07114160947055363,0.07114160947055363,0.07114160947055363,0.07114160947055363,0.0,0.0,1.0,0.07114160947055363,0.0,,,,
gametes_heterogeneity_20atts_1600_het_0_4_0_2_50_edm_2_001,gradient_sampling,Gradient sampling,budget_25,seed_1,0.0,0.0,0.0,0.0,0.0,0.0,1.0,1.0,1.0,0.0,1.0,,,,
gametes_heterogeneity_20atts_1600_het_0_4_0_2_50_edm_2_001,gradient_sampling,Gradient sampling,budget_25,seed_2,0.1103879435155391,0.1103879435155391,0.1103879435155391,0.1103879435155391,0.1103879435155391,0.1103879435155391,0.0,0.0,1.0,0.1103879435155391,0.0,,,,
gametes_heterogeneity_20atts_1600_het_0_4_0_2_50_edm_2_001,gradient_sampling,Gradient sampling,budget_50,seed_0,0.07114160947055363,0.07114160947055363,0.07114160947055363,0.07114160947055363,0.07114160947055363,0.07114160947055363,0.0,0.0,1.0,0.07114160947055363,0.0,,,,
gametes_heterogeneity_20atts_1600_het_0_4_0_2_50_edm_2_001,gradient_sampling,Gradient sampling,budget_50,seed_1,0.0,0.0,0.0,0.0,0.0,0.0,1.0,1.0,1.0,0.0,1.0,,,,
gametes_heterogeneity_20atts_1600_het_0_4_0_2_50_edm_2_001,gradient_sampling,Gradient sampling,budget_50,seed_2,0.1310008610310322,0.1310008610310322,0.1310008610310322,0.1310008610310322,0.1310008610310322,0.1310008610310322,0.0,0.0,1.0,0.1310008610310322,0.0,,,,
gametes_heterogeneity_20atts_1600_het_0_4_0_2_50_edm_2_001,gain_herding,Gain sketch,budget_25,seed_0,0.0729923539418654,0.0729923539418654,0.0729923539418654,0.0729923539418654,0.0729923539418654,0.0729923539418654,0.0,0.0,1.0,0.0729923539418654,0.0,,,,
gametes_heterogeneity_20atts_1600_het_0_4_0_2_50_edm_2_001,gain_herding,Gain sketch,budget_25,seed_1,0.1020449114579561,0.1020449114579561,0.1020449114579561,0.1020449114579561,0.1020449114579561,0.1020449114579561,0.0,0.0,1.0,0.1020449114579561,0.0,,,,
gametes_heterogeneity_20atts_1600_het_0_4_0_2_50_edm_2_001,gain_herding,Gain sketch,budget_25,seed_2,0.12608460856378362,0.12608460856378362,0.12608460856378362,0.12608460856378362,0.12608460856378362,0.12608460856378362,0.0,0.0,1.0,0.12608460856378362,0.0,,,,
gametes_heterogeneity_20atts_1600_het_0_4_0_2_50_edm_2_001,gain_herding,Gain sketch,budget_50,seed_0,0.13781853737294586,0.13781853737294586,0.13781853737294586,0.13781853737294586,0.13781853737294586,0.13781853737294586,0.0,0.0,1.0,0.13781853737294586,0.0,,,,
gametes_heterogeneity_20atts_1600_het_0_4_0_2_50_edm_2_001,gain_herding,Gain sketch,budget_50,seed_1,0.0,0.0,0.0,0.0,0.0,0.0,1.0,1.0,1.0,0.0,1.0,,,,
gametes_heterogeneity_20atts_1600_het_0_4_0_2_50_edm_2_001,gain_herding,Gain sketch,budget_50,seed_2,0.09580527348809759,0.09580527348809759,0.09580527348809759,0.09580527348809759,0.09580527348809759,0.09580527348809759,0.0,0.0,1.0,0.09580527348809759,0.0,,,,
gametes_heterogeneity_20atts_1600_het_0_4_0_2_50_edm_2_001,gain_path_herding,Gain-path sketch,budget_25,seed_0,0.05485990141136432,0.05485990141136432,0.05485990141136432,0.05485990141136432,0.05485990141136432,0.05485990141136432,0.0,0.0,1.0,0.05485990141136432,0.0,,,,
gametes_heterogeneity_20atts_1600_het_0_4_0_2_50_edm_2_001,gain_path_herding,Gain-path sketch,budget_25,seed_1,0.028404538365012624,0.028404538365012624,0.028404538365012624,0.028404538365012624,0.028404538365012624,0.028404538365012624,0.0,0.0,1.0,0.028404538365012624,0.0,,,,
gametes_heterogeneity_20atts_1600_het_0_4_0_2_50_edm_2_001,gain_path_herding,Gain-path sketch,budget_25,seed_2,0.14046193545068927,0.14046193545068927,0.14046193545068927,0.14046193545068927,0.14046193545068927,0.14046193545068927,0.0,0.0,1.0,0.14046193545068927,0.0,,,,
gametes_heterogeneity_20atts_1600_het_0_4_0_2_50_edm_2_001,gain_path_herding,Gain-path sketch,budget_50,seed_0,0.05522108953138398,0.05522108953138398,0.05522108953138398,0.05522108953138398,0.05522108953138398,0.05522108953138398,0.0,0.0,1.0,0.05522108953138398,0.0,,,,
gametes_heterogeneity_20atts_1600_het_0_4_0_2_50_edm_2_001,gain_path_herding,Gain-path sketch,budget_50,seed_1,0.10266628184417809,0.10266628184417809,0.10266628184417809,0.10266628184417809,0.10266628184417809,0.10266628184417809,0.0,0.0,1.0,0.10266628184417809,0.0,,,,
gametes_heterogeneity_20atts_1600_het_0_4_0_2_50_edm_2_001,gain_path_herding,Gain-path sketch,budget_50,seed_2,0.1103879435155391,0.1103879435155391,0.1103879435155391,0.1103879435155391,0.1103879435155391,0.1103879435155391,0.0,0.0,1.0,0.1103879435155391,0.0,,,,
gametes_heterogeneity_20atts_1600_het_0_4_0_2_75_edm_2_001,histdistill_greedy,HistDistill-Greedy,budget_25,seed_0,0.23858048749138513,0.23858048749138513,0.23858048749138513,0.23858048749138513,0.23858048749138513,0.23858048749138513,0.0,0.0,1.0,0.23858048749138513,0.0,,,,
gametes_heterogeneity_20atts_1600_het_0_4_0_2_75_edm_2_001,histdistill_greedy,HistDistill-Greedy,budget_25,seed_1,0.1368184387841141,0.1368184387841141,0.1368184387841141,0.1368184387841141,0.1368184387841141,0.1368184387841141,0.0,0.0,1.0,0.1368184387841141,0.0,,,,
gametes_heterogeneity_20atts_1600_het_0_4_0_2_75_edm_2_001,histdistill_greedy,HistDistill-Greedy,budget_25,seed_2,0.14693716923034822,0.14693716923034822,0.14693716923034822,0.14693716923034822,0.14693716923034822,0.14693716923034822,0.0,0.0,1.0,0.14693716923034822,0.0,,,,
gametes_heterogeneity_20atts_1600_het_0_4_0_2_75_edm_2_001,histdistill_greedy,HistDistill-Greedy,budget_50,seed_0,0.23254426041241294,0.23254426041241294,0.23254426041241294,0.23254426041241294,0.23254426041241294,0.23254426041241294,0.0,0.0,1.0,0.23254426041241294,0.0,,,,
gametes_heterogeneity_20atts_1600_het_0_4_0_2_75_edm_2_001,histdistill_greedy,HistDistill-Greedy,budget_50,seed_1,0.13447834700296374,0.13447834700296374,0.13447834700296374,0.13447834700296374,0.13447834700296374,0.13447834700296374,0.0,0.0,1.0,0.13447834700296374,0.0,,,,
gametes_heterogeneity_20atts_1600_het_0_4_0_2_75_edm_2_001,histdistill_greedy,HistDistill-Greedy,budget_50,seed_2,0.14841884697394578,0.14841884697394578,0.14841884697394578,0.14841884697394578,0.14841884697394578,0.14841884697394578,0.0,0.0,1.0,0.14841884697394578,0.0,,,,
gametes_heterogeneity_20atts_1600_het_0_4_0_2_75_edm_2_001,histdistill_refined,HistDistill-Refined,budget_25,seed_0,0.23701605718790636,0.23701605718790636,0.23701605718790636,0.23701605718790636,0.23701605718790636,0.23701605718790636,0.0,0.0,1.0,0.23701605718790636,0.0,,,,
gametes_heterogeneity_20atts_1600_het_0_4_0_2_75_edm_2_001,histdistill_refined,HistDistill-Refined,budget_25,seed_1,0.12837835493760463,0.12837835493760463,0.12837835493760463,0.12837835493760463,0.12837835493760463,0.12837835493760463,0.0,0.0,1.0,0.12837835493760463,0.0,,,,
gametes_heterogeneity_20atts_1600_het_0_4_0_2_75_edm_2_001,histdistill_refined,HistDistill-Refined,budget_25,seed_2,0.10461955641179371,0.10461955641179371,0.10461955641179371,0.10461955641179371,0.10461955641179371,0.10461955641179371,0.0,0.0,1.0,0.10461955641179371,0.0,,,,
gametes_heterogeneity_20atts_1600_het_0_4_0_2_75_edm_2_001,histdistill_refined,HistDistill-Refined,budget_50,seed_0,0.19222071935954613,0.19222071935954613,0.19222071935954613,0.19222071935954613,0.19222071935954613,0.19222071935954613,0.0,0.0,1.0,0.19222071935954613,0.0,,,,
gametes_heterogeneity_20atts_1600_het_0_4_0_2_75_edm_2_001,histdistill_refined,HistDistill-Refined,budget_50,seed_1,0.12837835493760463,0.12837835493760463,0.12837835493760463,0.12837835493760463,0.12837835493760463,0.12837835493760463,0.0,0.0,1.0,0.12837835493760463,0.0,,,,
gametes_heterogeneity_20atts_1600_het_0_4_0_2_75_edm_2_001,histdistill_refined,HistDistill-Refined,budget_50,seed_2,0.13764655714500412,0.13764655714500412,0.13764655714500412,0.13764655714500412,0.13764655714500412,0.13764655714500412,0.0,0.0,1.0,0.13764655714500412,0.0,,,,
gametes_heterogeneity_20atts_1600_het_0_4_0_2_75_edm_2_001,histdistill_density,HistDistill-Density,budget_25,seed_0,0.23701605718790636,0.23701605718790636,0.23701605718790636,0.23701605718790636,0.23701605718790636,0.23701605718790636,0.0,0.0,1.0,0.23701605718790636,0.0,,,,
gametes_heterogeneity_20atts_1600_het_0_4_0_2_75_edm_2_001,histdistill_density,HistDistill-Density,budget_25,seed_1,0.12837835493760463,0.12837835493760463,0.12837835493760463,0.12837835493760463,0.12837835493760463,0.12837835493760463,0.0,0.0,1.0,0.12837835493760463,0.0,,,,
gametes_heterogeneity_20atts_1600_het_0_4_0_2_75_edm_2_001,histdistill_density,HistDistill-Density,budget_25,seed_2,0.10461955641179371,0.10461955641179371,0.10461955641179371,0.10461955641179371,0.10461955641179371,0.10461955641179371,0.0,0.0,1.0,0.10461955641179371,0.0,,,,
gametes_heterogeneity_20atts_1600_het_0_4_0_2_75_edm_2_001,histdistill_density,HistDistill-Density,budget_50,seed_0,0.19222071935954613,0.19222071935954613,0.19222071935954613,0.19222071935954613,0.19222071935954613,0.19222071935954613,0.0,0.0,1.0,0.19222071935954613,0.0,,,,
gametes_heterogeneity_20atts_1600_het_0_4_0_2_75_edm_2_001,histdistill_density,HistDistill-Density,budget_50,seed_1,0.12837835493760463,0.12837835493760463,0.12837835493760463,0.12837835493760463,0.12837835493760463,0.12837835493760463,0.0,0.0,1.0,0.12837835493760463,0.0,,,,
gametes_heterogeneity_20atts_1600_het_0_4_0_2_75_edm_2_001,histdistill_density,HistDistill-Density,budget_50,seed_2,0.12394865497976804,0.12394865497976804,0.12394865497976804,0.12394865497976804,0.12394865497976804,0.12394865497976804,0.0,0.0,1.0,0.12394865497976804,0.0,,,,
gametes_heterogeneity_20atts_1600_het_0_4_0_2_75_edm_2_001,gain_path_refined,Legacy gain-path refined,budget_25,seed_0,0.23701605718790636,0.23701605718790636,0.23701605718790636,0.23701605718790636,0.23701605718790636,0.23701605718790636,0.0,0.0,1.0,0.23701605718790636,0.0,,,,
gametes_heterogeneity_20atts_1600_het_0_4_0_2_75_edm_2_001,gain_path_refined,Legacy gain-path refined,budget_25,seed_1,0.12837835493760463,0.12837835493760463,0.12837835493760463,0.12837835493760463,0.12837835493760463,0.12837835493760463,0.0,0.0,1.0,0.12837835493760463,0.0,,,,
gametes_heterogeneity_20atts_1600_het_0_4_0_2_75_edm_2_001,gain_path_refined,Legacy gain-path refined,budget_25,seed_2,0.10461955641179371,0.10461955641179371,0.10461955641179371,0.10461955641179371,0.10461955641179371,0.10461955641179371,0.0,0.0,1.0,0.10461955641179371,0.0,,,,
gametes_heterogeneity_20atts_1600_het_0_4_0_2_75_edm_2_001,gain_path_refined,Legacy gain-path refined,budget_50,seed_0,0.19222071935954613,0.19222071935954613,0.19222071935954613,0.19222071935954613,0.19222071935954613,0.19222071935954613,0.0,0.0,1.0,0.19222071935954613,0.0,,,,
gametes_heterogeneity_20atts_1600_het_0_4_0_2_75_edm_2_001,gain_path_refined,Legacy gain-path refined,budget_50,seed_1,0.12837835493760463,0.12837835493760463,0.12837835493760463,0.12837835493760463,0.12837835493760463,0.12837835493760463,0.0,0.0,1.0,0.12837835493760463,0.0,,,,
gametes_heterogeneity_20atts_1600_het_0_4_0_2_75_edm_2_001,gain_path_refined,Legacy gain-path refined,budget_50,seed_2,0.12394865497976804,0.12394865497976804,0.12394865497976804,0.12394865497976804,0.12394865497976804,0.12394865497976804,0.0,0.0,1.0,0.12394865497976804,0.0,,,,
gametes_heterogeneity_20atts_1600_het_0_4_0_2_75_edm_2_001,herding,Herding,budget_25,seed_0,0.239418223864463,0.239418223864463,0.239418223864463,0.239418223864463,0.239418223864463,0.239418223864463,0.0,0.0,1.0,0.239418223864463,0.0,,,,
gametes_heterogeneity_20atts_1600_het_0_4_0_2_75_edm_2_001,herding,Herding,budget_25,seed_1,0.13493657368057413,0.13493657368057413,0.13493657368057413,0.13493657368057413,0.13493657368057413,0.13493657368057413,0.0,0.0,1.0,0.13493657368057413,0.0,,,,
gametes_heterogeneity_20atts_1600_het_0_4_0_2_75_edm_2_001,herding,Herding,budget_25,seed_2,0.133775201668551,0.133775201668551,0.133775201668551,0.133775201668551,0.133775201668551,0.133775201668551,0.0,0.0,1.0,0.133775201668551,0.0,,,,
gametes_heterogeneity_20atts_1600_het_0_4_0_2_75_edm_2_001,herding,Herding,budget_50,seed_0,0.239418223864463,0.239418223864463,0.239418223864463,0.239418223864463,0.239418223864463,0.239418223864463,0.0,0.0,1.0,0.239418223864463,0.0,,,,
gametes_heterogeneity_20atts_1600_het_0_4_0_2_75_edm_2_001,herding,Herding,budget_50,seed_1,0.13493657368057413,0.13493657368057413,0.13493657368057413,0.13493657368057413,0.13493657368057413,0.13493657368057413,0.0,0.0,1.0,0.13493657368057413,0.0,,,,
gametes_heterogeneity_20atts_1600_het_0_4_0_2_75_edm_2_001,herding,Herding,budget_50,seed_2,0.133775201668551,0.133775201668551,0.133775201668551,0.133775201668551,0.133775201668551,0.133775201668551,0.0,0.0,1.0,0.133775201668551,0.0,,,,
gametes_heterogeneity_20atts_1600_het_0_4_0_2_75_edm_2_001,random,Random,budget_25,seed_0,0.24039042324239823,0.24039042324239823,0.24039042324239823,0.24039042324239823,0.24039042324239823,0.24039042324239823,0.0,0.0,1.0,0.24039042324239823,0.0,,,,
gametes_heterogeneity_20atts_1600_het_0_4_0_2_75_edm_2_001,random,Random,budget_25,seed_1,0.0781727009806246,0.0781727009806246,0.0781727009806246,0.0781727009806246,0.0781727009806246,0.0781727009806246,0.0,0.0,1.0,0.0781727009806246,0.0,,,,
gametes_heterogeneity_20atts_1600_het_0_4_0_2_75_edm_2_001,random,Random,budget_25,seed_2,0.13731775433145174,0.13731775433145174,0.13731775433145174,0.13731775433145174,0.13731775433145174,0.13731775433145174,0.0,0.0,1.0,0.13731775433145174,0.0,,,,
gametes_heterogeneity_20atts_1600_het_0_4_0_2_75_edm_2_001,random,Random,budget_50,seed_0,0.24039042324239823,0.24039042324239823,0.24039042324239823,0.24039042324239823,0.24039042324239823,0.24039042324239823,0.0,0.0,1.0,0.24039042324239823,0.0,,,,
gametes_heterogeneity_20atts_1600_het_0_4_0_2_75_edm_2_001,random,Random,budget_50,seed_1,0.13016386443419808,0.13016386443419808,0.13016386443419808,0.13016386443419808,0.13016386443419808,0.13016386443419808,0.0,0.0,1.0,0.13016386443419808,0.0,,,,
gametes_heterogeneity_20atts_1600_het_0_4_0_2_75_edm_2_001,random,Random,budget_50,seed_2,0.10461955641179371,0.10461955641179371,0.10461955641179371,0.10461955641179371,0.10461955641179371,0.10461955641179371,0.0,0.0,1.0,0.10461955641179371,0.0,,,,
gametes_heterogeneity_20atts_1600_het_0_4_0_2_75_edm_2_001,goss_coreset,GOSS coreset,budget_25,seed_0,0.2380697754388097,0.2380697754388097,0.2380697754388097,0.2380697754388097,0.2380697754388097,0.2380697754388097,0.0,0.0,1.0,0.2380697754388097,0.0,,,,
gametes_heterogeneity_20atts_1600_het_0_4_0_2_75_edm_2_001,goss_coreset,GOSS coreset,budget_25,seed_1,0.13398492443775786,0.13398492443775786,0.13398492443775786,0.13398492443775786,0.13398492443775786,0.13398492443775786,0.0,0.0,1.0,0.13398492443775786,0.0,,,,
gametes_heterogeneity_20atts_1600_het_0_4_0_2_75_edm_2_001,goss_coreset,GOSS coreset,budget_25,seed_2,0.13535446526066847,0.13535446526066847,0.13535446526066847,0.13535446526066847,0.13535446526066847,0.13535446526066847,0.0,0.0,1.0,0.13535446526066847,0.0,,,,
gametes_heterogeneity_20atts_1600_het_0_4_0_2_75_edm_2_001,goss_coreset,GOSS coreset,budget_50,seed_0,0.2380697754388097,0.2380697754388097,0.2380697754388097,0.2380697754388097,0.2380697754388097,0.2380697754388097,0.0,0.0,1.0,0.2380697754388097,0.0,,,,
gametes_heterogeneity_20atts_1600_het_0_4_0_2_75_edm_2_001,goss_coreset,GOSS coreset,budget_50,seed_1,0.13686084821437283,0.13686084821437283,0.13686084821437283,0.13686084821437283,0.13686084821437283,0.13686084821437283,0.0,0.0,1.0,0.13686084821437283,0.0,,,,
gametes_heterogeneity_20atts_1600_het_0_4_0_2_75_edm_2_001,goss_coreset,GOSS coreset,budget_50,seed_2,0.09434928682906893,0.09434928682906893,0.09434928682906893,0.09434928682906893,0.09434928682906893,0.09434928682906893,0.0,0.0,1.0,0.09434928682906893,0.0,,,,
gametes_heterogeneity_20atts_1600_het_0_4_0_2_75_edm_2_001,mvs_coreset,MVS coreset,budget_25,seed_0,0.23867479570764963,0.23867479570764963,0.23867479570764963,0.23867479570764963,0.23867479570764963,0.23867479570764963,0.0,0.0,1.0,0.23867479570764963,0.0,,,,
gametes_heterogeneity_20atts_1600_het_0_4_0_2_75_edm_2_001,mvs_coreset,MVS coreset,budget_25,seed_1,0.1370538090466247,0.1370538090466247,0.1370538090466247,0.1370538090466247,0.1370538090466247,0.1370538090466247,0.0,0.0,1.0,0.1370538090466247,0.0,,,,
gametes_heterogeneity_20atts_1600_het_0_4_0_2_75_edm_2_001,mvs_coreset,MVS coreset,budget_25,seed_2,0.13731775433145174,0.13731775433145174,0.13731775433145174,0.13731775433145174,0.13731775433145174,0.13731775433145174,0.0,0.0,1.0,0.13731775433145174,0.0,,,,
gametes_heterogeneity_20atts_1600_het_0_4_0_2_75_edm_2_001,mvs_coreset,MVS coreset,budget_50,seed_0,0.20738726861598505,0.20738726861598505,0.20738726861598505,0.20738726861598505,0.20738726861598505,0.20738726861598505,0.0,0.0,1.0,0.20738726861598505,0.0,,,,
gametes_heterogeneity_20atts_1600_het_0_4_0_2_75_edm_2_001,mvs_coreset,MVS coreset,budget_50,seed_1,0.13493657368057413,0.13493657368057413,0.13493657368057413,0.13493657368057413,0.13493657368057413,0.13493657368057413,0.0,0.0,1.0,0.13493657368057413,0.0,,,,
gametes_heterogeneity_20atts_1600_het_0_4_0_2_75_edm_2_001,mvs_coreset,MVS coreset,budget_50,seed_2,0.13630809989140522,0.13630809989140522,0.13630809989140522,0.13630809989140522,0.13630809989140522,0.13630809989140522,0.0,0.0,1.0,0.13630809989140522,0.0,,,,
gametes_heterogeneity_20atts_1600_het_0_4_0_2_75_edm_2_001,craig_coreset,CRAIG-style,budget_25,seed_0,0.2293449079980509,0.2293449079980509,0.2293449079980509,0.2293449079980509,0.2293449079980509,0.2293449079980509,0.0,0.0,1.0,0.2293449079980509,0.0,,,,
gametes_heterogeneity_20atts_1600_het_0_4_0_2_75_edm_2_001,craig_coreset,CRAIG-style,budget_25,seed_1,0.10395883026295673,0.10395883026295673,0.10395883026295673,0.10395883026295673,0.10395883026295673,0.10395883026295673,0.0,0.0,1.0,0.10395883026295673,0.0,,,,
gametes_heterogeneity_20atts_1600_het_0_4_0_2_75_edm_2_001,craig_coreset,CRAIG-style,budget_25,seed_2,0.14841884697394578,0.14841884697394578,0.14841884697394578,0.14841884697394578,0.14841884697394578,0.14841884697394578,0.0,0.0,1.0,0.14841884697394578,0.0,,,,
gametes_heterogeneity_20atts_1600_het_0_4_0_2_75_edm_2_001,craig_coreset,CRAIG-style,budget_50,seed_0,0.2293449079980509,0.2293449079980509,0.2293449079980509,0.2293449079980509,0.2293449079980509,0.2293449079980509,0.0,0.0,1.0,0.2293449079980509,0.0,,,,
gametes_heterogeneity_20atts_1600_het_0_4_0_2_75_edm_2_001,craig_coreset,CRAIG-style,budget_50,seed_1,0.1370538090466247,0.1370538090466247,0.1370538090466247,0.1370538090466247,0.1370538090466247,0.1370538090466247,0.0,0.0,1.0,0.1370538090466247,0.0,,,,
gametes_heterogeneity_20atts_1600_het_0_4_0_2_75_edm_2_001,craig_coreset,CRAIG-style,budget_50,seed_2,0.12394865497976804,0.12394865497976804,0.12394865497976804,0.12394865497976804,0.12394865497976804,0.12394865497976804,0.0,0.0,1.0,0.12394865497976804,0.0,,,,
gametes_heterogeneity_20atts_1600_het_0_4_0_2_75_edm_2_001,gradmatch_coreset,GradMatch-style,budget_25,seed_0,0.18274844761754136,0.18274844761754136,0.18274844761754136,0.18274844761754136,0.18274844761754136,0.18274844761754136,0.0,0.0,1.0,0.18274844761754136,0.0,,,,
gametes_heterogeneity_20atts_1600_het_0_4_0_2_75_edm_2_001,gradmatch_coreset,GradMatch-style,budget_25,seed_1,0.04339820515124507,0.04339820515124507,0.04339820515124507,0.04339820515124507,0.04339820515124507,0.04339820515124507,0.0,0.0,1.0,0.04339820515124507,0.0,,,,
gametes_heterogeneity_20atts_1600_het_0_4_0_2_75_edm_2_001,gradmatch_coreset,GradMatch-style,budget_25,seed_2,0.12454463499701779,0.12454463499701779,0.12454463499701779,0.12454463499701779,0.12454463499701779,0.12454463499701779,0.0,0.0,1.0,0.12454463499701779,0.0,,,,
gametes_heterogeneity_20atts_1600_het_0_4_0_2_75_edm_2_001,gradmatch_coreset,GradMatch-style,budget_50,seed_0,0.20738726861598505,0.20738726861598505,0.20738726861598505,0.20738726861598505,0.20738726861598505,0.20738726861598505,0.0,0.0,1.0,0.20738726861598505,0.0,,,,
gametes_heterogeneity_20atts_1600_het_0_4_0_2_75_edm_2_001,gradmatch_coreset,GradMatch-style,budget_50,seed_1,0.07233136865446974,0.07233136865446974,0.07233136865446974,0.07233136865446974,0.07233136865446974,0.07233136865446974,0.0,0.0,1.0,0.07233136865446974,0.0,,,,
gametes_heterogeneity_20atts_1600_het_0_4_0_2_75_edm_2_001,gradmatch_coreset,GradMatch-style,budget_50,seed_2,0.13965374985647416,0.13965374985647416,0.13965374985647416,0.13965374985647416,0.13965374985647416,0.13965374985647416,0.0,0.0,1.0,0.13965374985647416,0.0,,,,
gametes_heterogeneity_20atts_1600_het_0_4_0_2_75_edm_2_001,grand_coreset,GraNd,budget_25,seed_0,0.23867479570764963,0.23867479570764963,0.23867479570764963,0.23867479570764963,0.23867479570764963,0.23867479570764963,0.0,0.0,1.0,0.23867479570764963,0.0,,,,
gametes_heterogeneity_20atts_1600_het_0_4_0_2_75_edm_2_001,grand_coreset,GraNd,budget_25,seed_1,0.1254424488825516,0.1254424488825516,0.1254424488825516,0.1254424488825516,0.1254424488825516,0.1254424488825516,0.0,0.0,1.0,0.1254424488825516,0.0,,,,
gametes_heterogeneity_20atts_1600_het_0_4_0_2_75_edm_2_001,grand_coreset,GraNd,budget_25,seed_2,0.14841884697394578,0.14841884697394578,0.14841884697394578,0.14841884697394578,0.14841884697394578,0.14841884697394578,0.0,0.0,1.0,0.14841884697394578,0.0,,,,
gametes_heterogeneity_20atts_1600_het_0_4_0_2_75_edm_2_001,grand_coreset,GraNd,budget_50,seed_0,0.20738726861598505,0.20738726861598505,0.20738726861598505,0.20738726861598505,0.20738726861598505,0.20738726861598505,0.0,0.0,1.0,0.20738726861598505,0.0,,,,
gametes_heterogeneity_20atts_1600_het_0_4_0_2_75_edm_2_001,grand_coreset,GraNd,budget_50,seed_1,0.12837835493760463,0.12837835493760463,0.12837835493760463,0.12837835493760463,0.12837835493760463,0.12837835493760463,0.0,0.0,1.0,0.12837835493760463,0.0,,,,
gametes_heterogeneity_20atts_1600_het_0_4_0_2_75_edm_2_001,grand_coreset,GraNd,budget_50,seed_2,0.13731775433145174,0.13731775433145174,0.13731775433145174,0.13731775433145174,0.13731775433145174,0.13731775433145174,0.0,0.0,1.0,0.13731775433145174,0.0,,,,
gametes_heterogeneity_20atts_1600_het_0_4_0_2_75_edm_2_001,el2n_coreset,EL2N,budget_25,seed_0,0.23867479570764963,0.23867479570764963,0.23867479570764963,0.23867479570764963,0.23867479570764963,0.23867479570764963,0.0,0.0,1.0,0.23867479570764963,0.0,,,,
gametes_heterogeneity_20atts_1600_het_0_4_0_2_75_edm_2_001,el2n_coreset,EL2N,budget_25,seed_1,0.1254424488825516,0.1254424488825516,0.1254424488825516,0.1254424488825516,0.1254424488825516,0.1254424488825516,0.0,0.0,1.0,0.1254424488825516,0.0,,,,
gametes_heterogeneity_20atts_1600_het_0_4_0_2_75_edm_2_001,el2n_coreset,EL2N,budget_25,seed_2,0.14841884697394578,0.14841884697394578,0.14841884697394578,0.14841884697394578,0.14841884697394578,0.14841884697394578,0.0,0.0,1.0,0.14841884697394578,0.0,,,,
gametes_heterogeneity_20atts_1600_het_0_4_0_2_75_edm_2_001,el2n_coreset,EL2N,budget_50,seed_0,0.20738726861598505,0.20738726861598505,0.20738726861598505,0.20738726861598505,0.20738726861598505,0.20738726861598505,0.0,0.0,1.0,0.20738726861598505,0.0,,,,
gametes_heterogeneity_20atts_1600_het_0_4_0_2_75_edm_2_001,el2n_coreset,EL2N,budget_50,seed_1,0.12837835493760463,0.12837835493760463,0.12837835493760463,0.12837835493760463,0.12837835493760463,0.12837835493760463,0.0,0.0,1.0,0.12837835493760463,0.0,,,,
gametes_heterogeneity_20atts_1600_het_0_4_0_2_75_edm_2_001,el2n_coreset,EL2N,budget_50,seed_2,0.13731775433145174,0.13731775433145174,0.13731775433145174,0.13731775433145174,0.13731775433145174,0.13731775433145174,0.0,0.0,1.0,0.13731775433145174,0.0,,,,
gametes_heterogeneity_20atts_1600_het_0_4_0_2_75_edm_2_001,distribution_matching,DistributionMatching,budget_25,seed_0,0.2380697754388097,0.2380697754388097,0.2380697754388097,0.2380697754388097,0.2380697754388097,0.2380697754388097,0.0,0.0,1.0,0.2380697754388097,0.0,,,,
gametes_heterogeneity_20atts_1600_het_0_4_0_2_75_edm_2_001,distribution_matching,DistributionMatching,budget_25,seed_1,0.12090728880498558,0.12090728880498558,0.12090728880498558,0.12090728880498558,0.12090728880498558,0.12090728880498558,0.0,0.0,1.0,0.12090728880498558,0.0,,,,
gametes_heterogeneity_20atts_1600_het_0_4_0_2_75_edm_2_001,distribution_matching,DistributionMatching,budget_25,seed_2,0.14788785251873143,0.14788785251873143,0.14788785251873143,0.14788785251873143,0.14788785251873143,0.14788785251873143,0.0,0.0,1.0,0.14788785251873143,0.0,,,,
gametes_heterogeneity_20atts_1600_het_0_4_0_2_75_edm_2_001,distribution_matching,DistributionMatching,budget_50,seed_0,0.2406112198241269,0.2406112198241269,0.2406112198241269,0.2406112198241269,0.2406112198241269,0.2406112198241269,0.0,0.0,1.0,0.2406112198241269,0.0,,,,
gametes_heterogeneity_20atts_1600_het_0_4_0_2_75_edm_2_001,distribution_matching,DistributionMatching,budget_50,seed_1,0.1369808683359444,0.1369808683359444,0.1369808683359444,0.1369808683359444,0.1369808683359444,0.1369808683359444,0.0,0.0,1.0,0.1369808683359444,0.0,,,,
gametes_heterogeneity_20atts_1600_het_0_4_0_2_75_edm_2_001,distribution_matching,DistributionMatching,budget_50,seed_2,0.14493787871709266,0.14493787871709266,0.14493787871709266,0.14493787871709266,0.14493787871709266,0.14493787871709266,0.0,0.0,1.0,0.14493787871709266,0.0,,,,
gametes_heterogeneity_20atts_1600_het_0_4_0_2_75_edm_2_001,k_center,K-center,budget_25,seed_0,0.23858048749138513,0.23858048749138513,0.23858048749138513,0.23858048749138513,0.23858048749138513,0.23858048749138513,0.0,0.0,1.0,0.23858048749138513,0.0,,,,
gametes_heterogeneity_20atts_1600_het_0_4_0_2_75_edm_2_001,k_center,K-center,budget_25,seed_1,0.13516617689302296,0.13516617689302296,0.13516617689302296,0.13516617689302296,0.13516617689302296,0.13516617689302296,0.0,0.0,1.0,0.13516617689302296,0.0,,,,
gametes_heterogeneity_20atts_1600_het_0_4_0_2_75_edm_2_001,k_center,K-center,budget_25,seed_2,0.12454463499701779,0.12454463499701779,0.12454463499701779,0.12454463499701779,0.12454463499701779,0.12454463499701779,0.0,0.0,1.0,0.12454463499701779,0.0,,,,
gametes_heterogeneity_20atts_1600_het_0_4_0_2_75_edm_2_001,k_center,K-center,budget_50,seed_0,0.23858048749138513,0.23858048749138513,0.23858048749138513,0.23858048749138513,0.23858048749138513,0.23858048749138513,0.0,0.0,1.0,0.23858048749138513,0.0,,,,
gametes_heterogeneity_20atts_1600_het_0_4_0_2_75_edm_2_001,k_center,K-center,budget_50,seed_1,0.12090728880498558,0.12090728880498558,0.12090728880498558,0.12090728880498558,0.12090728880498558,0.12090728880498558,0.0,0.0,1.0,0.12090728880498558,0.0,,,,
gametes_heterogeneity_20atts_1600_het_0_4_0_2_75_edm_2_001,k_center,K-center,budget_50,seed_2,0.0,0.0,0.0,0.0,0.0,0.0,1.0,1.0,1.0,0.0,1.0,,,,
gametes_heterogeneity_20atts_1600_het_0_4_0_2_75_edm_2_001,gradient_sampling,Gradient sampling,budget_25,seed_0,0.20738726861598505,0.20738726861598505,0.20738726861598505,0.20738726861598505,0.20738726861598505,0.20738726861598505,0.0,0.0,1.0,0.20738726861598505,0.0,,,,
gametes_heterogeneity_20atts_1600_het_0_4_0_2_75_edm_2_001,gradient_sampling,Gradient sampling,budget_25,seed_1,0.13447834700296374,0.13447834700296374,0.13447834700296374,0.13447834700296374,0.13447834700296374,0.13447834700296374,0.0,0.0,1.0,0.13447834700296374,0.0,,,,
gametes_heterogeneity_20atts_1600_het_0_4_0_2_75_edm_2_001,gradient_sampling,Gradient sampling,budget_25,seed_2,0.12394865497976804,0.12394865497976804,0.12394865497976804,0.12394865497976804,0.12394865497976804,0.12394865497976804,0.0,0.0,1.0,0.12394865497976804,0.0,,,,
gametes_heterogeneity_20atts_1600_het_0_4_0_2_75_edm_2_001,gradient_sampling,Gradient sampling,budget_50,seed_0,0.20738726861598505,0.20738726861598505,0.20738726861598505,0.20738726861598505,0.20738726861598505,0.20738726861598505,0.0,0.0,1.0,0.20738726861598505,0.0,,,,
gametes_heterogeneity_20atts_1600_het_0_4_0_2_75_edm_2_001,gradient_sampling,Gradient sampling,budget_50,seed_1,0.13447834700296374,0.13447834700296374,0.13447834700296374,0.13447834700296374,0.13447834700296374,0.13447834700296374,0.0,0.0,1.0,0.13447834700296374,0.0,,,,
gametes_heterogeneity_20atts_1600_het_0_4_0_2_75_edm_2_001,gradient_sampling,Gradient sampling,budget_50,seed_2,0.08199329902526603,0.08199329902526603,0.08199329902526603,0.08199329902526603,0.08199329902526603,0.08199329902526603,0.0,0.0,1.0,0.08199329902526603,0.0,,,,
gametes_heterogeneity_20atts_1600_het_0_4_0_2_75_edm_2_001,gain_herding,Gain sketch,budget_25,seed_0,0.23701605718790636,0.23701605718790636,0.23701605718790636,0.23701605718790636,0.23701605718790636,0.23701605718790636,0.0,0.0,1.0,0.23701605718790636,0.0,,,,
gametes_heterogeneity_20atts_1600_het_0_4_0_2_75_edm_2_001,gain_herding,Gain sketch,budget_25,seed_1,0.1369808683359444,0.1369808683359444,0.1369808683359444,0.1369808683359444,0.1369808683359444,0.1369808683359444,0.0,0.0,1.0,0.1369808683359444,0.0,,,,
gametes_heterogeneity_20atts_1600_het_0_4_0_2_75_edm_2_001,gain_herding,Gain sketch,budget_25,seed_2,0.14209266805501425,0.14209266805501425,0.14209266805501425,0.14209266805501425,0.14209266805501425,0.14209266805501425,0.0,0.0,1.0,0.14209266805501425,0.0,,,,
gametes_heterogeneity_20atts_1600_het_0_4_0_2_75_edm_2_001,gain_herding,Gain sketch,budget_50,seed_0,0.20738726861598505,0.20738726861598505,0.20738726861598505,0.20738726861598505,0.20738726861598505,0.20738726861598505,0.0,0.0,1.0,0.20738726861598505,0.0,,,,
gametes_heterogeneity_20atts_1600_het_0_4_0_2_75_edm_2_001,gain_herding,Gain sketch,budget_50,seed_1,0.0882058988087733,0.0882058988087733,0.0882058988087733,0.0882058988087733,0.0882058988087733,0.0882058988087733,0.0,0.0,1.0,0.0882058988087733,0.0,,,,
gametes_heterogeneity_20atts_1600_het_0_4_0_2_75_edm_2_001,gain_herding,Gain sketch,budget_50,seed_2,0.08199329902526603,0.08199329902526603,0.08199329902526603,0.08199329902526603,0.08199329902526603,0.08199329902526603,0.0,0.0,1.0,0.08199329902526603,0.0,,,,
gametes_heterogeneity_20atts_1600_het_0_4_0_2_75_edm_2_001,gain_path_herding,Gain-path sketch,budget_25,seed_0,0.23701605718790636,0.23701605718790636,0.23701605718790636,0.23701605718790636,0.23701605718790636,0.23701605718790636,0.0,0.0,1.0,0.23701605718790636,0.0,,,,
gametes_heterogeneity_20atts_1600_het_0_4_0_2_75_edm_2_001,gain_path_herding,Gain-path sketch,budget_25,seed_1,0.12837835493760463,0.12837835493760463,0.12837835493760463,0.12837835493760463,0.12837835493760463,0.12837835493760463,0.0,0.0,1.0,0.12837835493760463,0.0,,,,
gametes_heterogeneity_20atts_1600_het_0_4_0_2_75_edm_2_001,gain_path_herding,Gain-path sketch,budget_25,seed_2,0.08199329902526603,0.08199329902526603,0.08199329902526603,0.08199329902526603,0.08199329902526603,0.08199329902526603,0.0,0.0,1.0,0.08199329902526603,0.0,,,,
gametes_heterogeneity_20atts_1600_het_0_4_0_2_75_edm_2_001,gain_path_herding,Gain-path sketch,budget_50,seed_0,0.19222071935954613,0.19222071935954613,0.19222071935954613,0.19222071935954613,0.19222071935954613,0.19222071935954613,0.0,0.0,1.0,0.19222071935954613,0.0,,,,
gametes_heterogeneity_20atts_1600_het_0_4_0_2_75_edm_2_001,gain_path_herding,Gain-path sketch,budget_50,seed_1,0.12837835493760463,0.12837835493760463,0.12837835493760463,0.12837835493760463,0.12837835493760463,0.12837835493760463,0.0,0.0,1.0,0.12837835493760463,0.0,,,,
gametes_heterogeneity_20atts_1600_het_0_4_0_2_75_edm_2_001,gain_path_herding,Gain-path sketch,budget_50,seed_2,0.07762854818875266,0.07762854818875266,0.07762854818875266,0.07762854818875266,0.07762854818875266,0.07762854818875266,0.0,0.0,1.0,0.07762854818875266,0.0,,,,
hill_valley_with_noise,histdistill_greedy,HistDistill-Greedy,budget_25,seed_0,0.11601079687102686,0.11601079687102686,0.11601079687102686,0.11601079687102686,0.11601079687102686,0.11601079687102686,0.0,0.0,1.0,0.11601079687102686,0.0,,,,
hill_valley_with_noise,histdistill_greedy,HistDistill-Greedy,budget_25,seed_1,0.11584904454090156,0.11584904454090156,0.11584904454090156,0.11584904454090156,0.11584904454090156,0.11584904454090156,0.0,0.0,1.0,0.11584904454090156,0.0,,,,
hill_valley_with_noise,histdistill_greedy,HistDistill-Greedy,budget_25,seed_2,0.36608709570861003,0.36608709570861003,0.36608709570861003,0.36608709570861003,0.36608709570861003,0.36608709570861003,0.0,0.0,1.0,0.36608709570861003,0.0,,,,
hill_valley_with_noise,histdistill_greedy,HistDistill-Greedy,budget_50,seed_0,0.10862520196080785,0.10862520196080785,0.10862520196080785,0.10862520196080785,0.10862520196080785,0.10862520196080785,0.0,0.0,1.0,0.10862520196080785,0.0,,,,
hill_valley_with_noise,histdistill_greedy,HistDistill-Greedy,budget_50,seed_1,0.25950374254406183,0.25950374254406183,0.25950374254406183,0.25950374254406183,0.25950374254406183,0.25950374254406183,0.0,0.0,1.0,0.25950374254406183,0.0,,,,
hill_valley_with_noise,histdistill_greedy,HistDistill-Greedy,budget_50,seed_2,0.2937502657769,0.2937502657769,0.2937502657769,0.2937502657769,0.2937502657769,0.2937502657769,0.0,0.0,1.0,0.2937502657769,0.0,,,,
hill_valley_with_noise,histdistill_refined,HistDistill-Refined,budget_25,seed_0,0.0340904039119892,0.0340904039119892,0.0340904039119892,0.0340904039119892,0.0340904039119892,0.0340904039119892,0.0,0.0,1.0,0.0340904039119892,0.0,,,,
hill_valley_with_noise,histdistill_refined,HistDistill-Refined,budget_25,seed_1,0.11584904454090156,0.11584904454090156,0.11584904454090156,0.11584904454090156,0.11584904454090156,0.11584904454090156,0.0,0.0,1.0,0.11584904454090156,0.0,,,,
hill_valley_with_noise,histdistill_refined,HistDistill-Refined,budget_25,seed_2,0.3028925595566703,0.3028925595566703,0.3028925595566703,0.3028925595566703,0.3028925595566703,0.3028925595566703,0.0,0.0,1.0,0.3028925595566703,0.0,,,,
hill_valley_with_noise,histdistill_refined,HistDistill-Refined,budget_50,seed_0,0.09335172573716993,0.09335172573716993,0.09335172573716993,0.09335172573716993,0.09335172573716993,0.09335172573716993,0.0,0.0,1.0,0.09335172573716993,0.0,,,,
hill_valley_with_noise,histdistill_refined,HistDistill-Refined,budget_50,seed_1,0.10498470556984424,0.10498470556984424,0.10498470556984424,0.10498470556984424,0.10498470556984424,0.10498470556984424,0.0,0.0,1.0,0.10498470556984424,0.0,,,,
hill_valley_with_noise,histdistill_refined,HistDistill-Refined,budget_50,seed_2,0.36608709570861003,0.36608709570861003,0.36608709570861003,0.36608709570861003,0.36608709570861003,0.36608709570861003,0.0,0.0,1.0,0.36608709570861003,0.0,,,,
hill_valley_with_noise,histdistill_density,HistDistill-Density,budget_25,seed_0,0.0340904039119892,0.0340904039119892,0.0340904039119892,0.0340904039119892,0.0340904039119892,0.0340904039119892,0.0,0.0,1.0,0.0340904039119892,0.0,,,,
hill_valley_with_noise,histdistill_density,HistDistill-Density,budget_25,seed_1,0.10498470556984424,0.10498470556984424,0.10498470556984424,0.10498470556984424,0.10498470556984424,0.10498470556984424,0.0,0.0,1.0,0.10498470556984424,0.0,,,,
hill_valley_with_noise,histdistill_density,HistDistill-Density,budget_25,seed_2,0.34615432556632847,0.34615432556632847,0.34615432556632847,0.34615432556632847,0.34615432556632847,0.34615432556632847,0.0,0.0,1.0,0.34615432556632847,0.0,,,,
hill_valley_with_noise,histdistill_density,HistDistill-Density,budget_50,seed_0,0.07783270264082517,0.07783270264082517,0.07783270264082517,0.07783270264082517,0.07783270264082517,0.07783270264082517,0.0,0.0,1.0,0.07783270264082517,0.0,,,,
hill_valley_with_noise,histdistill_density,HistDistill-Density,budget_50,seed_1,0.24982706803130358,0.24982706803130358,0.24982706803130358,0.24982706803130358,0.24982706803130358,0.24982706803130358,0.0,0.0,1.0,0.24982706803130358,0.0,,,,
hill_valley_with_noise,histdistill_density,HistDistill-Density,budget_50,seed_2,0.362071232602399,0.362071232602399,0.362071232602399,0.362071232602399,0.362071232602399,0.362071232602399,0.0,0.0,1.0,0.362071232602399,0.0,,,,
hill_valley_with_noise,gain_path_refined,Legacy gain-path refined,budget_25,seed_0,0.02318666315569079,0.02318666315569079,0.02318666315569079,0.02318666315569079,0.02318666315569079,0.02318666315569079,0.0,0.0,1.0,0.02318666315569079,0.0,,,,
hill_valley_with_noise,gain_path_refined,Legacy gain-path refined,budget_25,seed_1,0.11584904454090156,0.11584904454090156,0.11584904454090156,0.11584904454090156,0.11584904454090156,0.11584904454090156,0.0,0.0,1.0,0.11584904454090156,0.0,,,,
hill_valley_with_noise,gain_path_refined,Legacy gain-path refined,budget_25,seed_2,0.3028925595566703,0.3028925595566703,0.3028925595566703,0.3028925595566703,0.3028925595566703,0.3028925595566703,0.0,0.0,1.0,0.3028925595566703,0.0,,,,
hill_valley_with_noise,gain_path_refined,Legacy gain-path refined,budget_50,seed_0,0.02318666315569079,0.02318666315569079,0.02318666315569079,0.02318666315569079,0.02318666315569079,0.02318666315569079,0.0,0.0,1.0,0.02318666315569079,0.0,,,,
hill_valley_with_noise,gain_path_refined,Legacy gain-path refined,budget_50,seed_1,0.07061281583979909,0.07061281583979909,0.07061281583979909,0.07061281583979909,0.07061281583979909,0.07061281583979909,0.0,0.0,1.0,0.07061281583979909,0.0,,,,
hill_valley_with_noise,gain_path_refined,Legacy gain-path refined,budget_50,seed_2,0.36608709570861003,0.36608709570861003,0.36608709570861003,0.36608709570861003,0.36608709570861003,0.36608709570861003,0.0,0.0,1.0,0.36608709570861003,0.0,,,,
hill_valley_with_noise,herding,Herding,budget_25,seed_0,0.07813544506695758,0.07813544506695758,0.07813544506695758,0.07813544506695758,0.07813544506695758,0.07813544506695758,0.0,0.0,1.0,0.07813544506695758,0.0,,,,
hill_valley_with_noise,herding,Herding,budget_25,seed_1,0.10267001084829894,0.10267001084829894,0.10267001084829894,0.10267001084829894,0.10267001084829894,0.10267001084829894,0.0,0.0,1.0,0.10267001084829894,0.0,,,,
hill_valley_with_noise,herding,Herding,budget_25,seed_2,0.15867653559487252,0.15867653559487252,0.15867653559487252,0.15867653559487252,0.15867653559487252,0.15867653559487252,0.0,0.0,1.0,0.15867653559487252,0.0,,,,
hill_valley_with_noise,herding,Herding,budget_50,seed_0,0.25295942318795245,0.25295942318795245,0.25295942318795245,0.25295942318795245,0.25295942318795245,0.25295942318795245,0.0,0.0,1.0,0.25295942318795245,0.0,,,,
hill_valley_with_noise,herding,Herding,budget_50,seed_1,0.23379776055330145,0.23379776055330145,0.23379776055330145,0.23379776055330145,0.23379776055330145,0.23379776055330145,0.0,0.0,1.0,0.23379776055330145,0.0,,,,
hill_valley_with_noise,herding,Herding,budget_50,seed_2,0.3730702822585081,0.3730702822585081,0.3730702822585081,0.3730702822585081,0.3730702822585081,0.3730702822585081,0.0,0.0,1.0,0.3730702822585081,0.0,,,,
hill_valley_with_noise,random,Random,budget_25,seed_0,0.11423876702189226,0.11423876702189226,0.11423876702189226,0.11423876702189226,0.11423876702189226,0.11423876702189226,0.0,0.0,1.0,0.11423876702189226,0.0,,,,
hill_valley_with_noise,random,Random,budget_25,seed_1,0.2278302519278749,0.2278302519278749,0.2278302519278749,0.2278302519278749,0.2278302519278749,0.2278302519278749,0.0,0.0,1.0,0.2278302519278749,0.0,,,,
hill_valley_with_noise,random,Random,budget_25,seed_2,0.2069454339777028,0.2069454339777028,0.2069454339777028,0.2069454339777028,0.2069454339777028,0.2069454339777028,0.0,0.0,1.0,0.2069454339777028,0.0,,,,
hill_valley_with_noise,random,Random,budget_50,seed_0,0.21968954808192717,0.21968954808192717,0.21968954808192717,0.21968954808192717,0.21968954808192717,0.21968954808192717,0.0,0.0,1.0,0.21968954808192717,0.0,,,,
hill_valley_with_noise,random,Random,budget_50,seed_1,0.2379155199163115,0.2379155199163115,0.2379155199163115,0.2379155199163115,0.2379155199163115,0.2379155199163115,0.0,0.0,1.0,0.2379155199163115,0.0,,,,
hill_valley_with_noise,random,Random,budget_50,seed_2,0.2069454339777028,0.2069454339777028,0.2069454339777028,0.2069454339777028,0.2069454339777028,0.2069454339777028,0.0,0.0,1.0,0.2069454339777028,0.0,,,,
hill_valley_with_noise,goss_coreset,GOSS coreset,budget_25,seed_0,0.05823255976503394,0.05823255976503394,0.05823255976503394,0.05823255976503394,0.05823255976503394,0.05823255976503394,0.0,0.0,1.0,0.05823255976503394,0.0,,,,
hill_valley_with_noise,goss_coreset,GOSS coreset,budget_25,seed_1,0.2665188945584324,0.2665188945584324,0.2665188945584324,0.2665188945584324,0.2665188945584324,0.2665188945584324,0.0,0.0,1.0,0.2665188945584324,0.0,,,,
hill_valley_with_noise,goss_coreset,GOSS coreset,budget_25,seed_2,0.3509094047533,0.3509094047533,0.3509094047533,0.3509094047533,0.3509094047533,0.3509094047533,0.0,0.0,1.0,0.3509094047533,0.0,,,,
hill_valley_with_noise,goss_coreset,GOSS coreset,budget_50,seed_0,0.10853674850435968,0.10853674850435968,0.10853674850435968,0.10853674850435968,0.10853674850435968,0.10853674850435968,0.0,0.0,1.0,0.10853674850435968,0.0,,,,
hill_valley_with_noise,goss_coreset,GOSS coreset,budget_50,seed_1,0.056691450856021564,0.056691450856021564,0.056691450856021564,0.056691450856021564,0.056691450856021564,0.056691450856021564,0.0,0.0,1.0,0.056691450856021564,0.0,,,,
hill_valley_with_noise,goss_coreset,GOSS coreset,budget_50,seed_2,0.36023389635245623,0.36023389635245623,0.36023389635245623,0.36023389635245623,0.36023389635245623,0.36023389635245623,0.0,0.0,1.0,0.36023389635245623,0.0,,,,
hill_valley_with_noise,mvs_coreset,MVS coreset,budget_25,seed_0,0.25217129941131355,0.25217129941131355,0.25217129941131355,0.25217129941131355,0.25217129941131355,0.25217129941131355,0.0,0.0,1.0,0.25217129941131355,0.0,,,,
hill_valley_with_noise,mvs_coreset,MVS coreset,budget_25,seed_1,0.07311451274097525,0.07311451274097525,0.07311451274097525,0.07311451274097525,0.07311451274097525,0.07311451274097525,0.0,0.0,1.0,0.07311451274097525,0.0,,,,
hill_valley_with_noise,mvs_coreset,MVS coreset,budget_25,seed_2,0.36023389635245623,0.36023389635245623,0.36023389635245623,0.36023389635245623,0.36023389635245623,0.36023389635245623,0.0,0.0,1.0,0.36023389635245623,0.0,,,,
hill_valley_with_noise,mvs_coreset,MVS coreset,budget_50,seed_0,0.0340904039119892,0.0340904039119892,0.0340904039119892,0.0340904039119892,0.0340904039119892,0.0340904039119892,0.0,0.0,1.0,0.0340904039119892,0.0,,,,
hill_valley_with_noise,mvs_coreset,MVS coreset,budget_50,seed_1,0.2531792821745865,0.2531792821745865,0.2531792821745865,0.2531792821745865,0.2531792821745865,0.2531792821745865,0.0,0.0,1.0,0.2531792821745865,0.0,,,,
hill_valley_with_noise,mvs_coreset,MVS coreset,budget_50,seed_2,0.20335234920091907,0.20335234920091907,0.20335234920091907,0.20335234920091907,0.20335234920091907,0.20335234920091907,0.0,0.0,1.0,0.20335234920091907,0.0,,,,
hill_valley_with_noise,craig_coreset,CRAIG-style,budget_25,seed_0,0.25645525313376605,0.25645525313376605,0.25645525313376605,0.25645525313376605,0.25645525313376605,0.25645525313376605,0.0,0.0,1.0,0.25645525313376605,0.0,,,,
hill_valley_with_noise,craig_coreset,CRAIG-style,budget_25,seed_1,0.24763951373063145,0.24763951373063145,0.24763951373063145,0.24763951373063145,0.24763951373063145,0.24763951373063145,0.0,0.0,1.0,0.24763951373063145,0.0,,,,
hill_valley_with_noise,craig_coreset,CRAIG-style,budget_25,seed_2,0.37323337302461335,0.37323337302461335,0.37323337302461335,0.37323337302461335,0.37323337302461335,0.37323337302461335,0.0,0.0,1.0,0.37323337302461335,0.0,,,,
hill_valley_with_noise,craig_coreset,CRAIG-style,budget_50,seed_0,0.25645525313376605,0.25645525313376605,0.25645525313376605,0.25645525313376605,0.25645525313376605,0.25645525313376605,0.0,0.0,1.0,0.25645525313376605,0.0,,,,
hill_valley_with_noise,craig_coreset,CRAIG-style,budget_50,seed_1,0.2692201475144345,0.2692201475144345,0.2692201475144345,0.2692201475144345,0.2692201475144345,0.2692201475144345,0.0,0.0,1.0,0.2692201475144345,0.0,,,,
hill_valley_with_noise,craig_coreset,CRAIG-style,budget_50,seed_2,0.37337594711587996,0.37337594711587996,0.37337594711587996,0.37337594711587996,0.37337594711587996,0.37337594711587996,0.0,0.0,1.0,0.37337594711587996,0.0,,,,
hill_valley_with_noise,gradmatch_coreset,GradMatch-style,budget_25,seed_0,0.08838239334762962,0.08838239334762962,0.08838239334762962,0.08838239334762962,0.08838239334762962,0.08838239334762962,0.0,0.0,1.0,0.08838239334762962,0.0,,,,
hill_valley_with_noise,gradmatch_coreset,GradMatch-style,budget_25,seed_1,0.02021878098467128,0.02021878098467128,0.02021878098467128,0.02021878098467128,0.02021878098467128,0.02021878098467128,0.0,0.0,1.0,0.02021878098467128,0.0,,,,
hill_valley_with_noise,gradmatch_coreset,GradMatch-style,budget_25,seed_2,0.04919343834998563,0.04919343834998563,0.04919343834998563,0.04919343834998563,0.04919343834998563,0.04919343834998563,0.0,0.0,1.0,0.04919343834998563,0.0,,,,
hill_valley_with_noise,gradmatch_coreset,GradMatch-style,budget_50,seed_0,0.0760362315545138,0.0760362315545138,0.0760362315545138,0.0760362315545138,0.0760362315545138,0.0760362315545138,0.0,0.0,1.0,0.0760362315545138,0.0,,,,
hill_valley_with_noise,gradmatch_coreset,GradMatch-style,budget_50,seed_1,0.02070490723804791,0.02070490723804791,0.02070490723804791,0.02070490723804791,0.02070490723804791,0.02070490723804791,0.0,0.0,1.0,0.02070490723804791,0.0,,,,
hill_valley_with_noise,gradmatch_coreset,GradMatch-style,budget_50,seed_2,0.04798717591502816,0.04798717591502816,0.04798717591502816,0.04798717591502816,0.04798717591502816,0.04798717591502816,0.0,0.0,1.0,0.04798717591502816,0.0,,,,
hill_valley_with_noise,grand_coreset,GraNd,budget_25,seed_0,0.25217129941131355,0.25217129941131355,0.25217129941131355,0.25217129941131355,0.25217129941131355,0.25217129941131355,0.0,0.0,1.0,0.25217129941131355,0.0,,,,
hill_valley_with_noise,grand_coreset,GraNd,budget_25,seed_1,0.07311451274097525,0.07311451274097525,0.07311451274097525,0.07311451274097525,0.07311451274097525,0.07311451274097525,0.0,0.0,1.0,0.07311451274097525,0.0,,,,
hill_valley_with_noise,grand_coreset,GraNd,budget_25,seed_2,0.3712435303075806,0.3712435303075806,0.3712435303075806,0.3712435303075806,0.3712435303075806,0.3712435303075806,0.0,0.0,1.0,0.3712435303075806,0.0,,,,
hill_valley_with_noise,grand_coreset,GraNd,budget_50,seed_0,0.07605736309352065,0.07605736309352065,0.07605736309352065,0.07605736309352065,0.07605736309352065,0.07605736309352065,0.0,0.0,1.0,0.07605736309352065,0.0,,,,
hill_valley_with_noise,grand_coreset,GraNd,budget_50,seed_1,0.22740376225781403,0.22740376225781403,0.22740376225781403,0.22740376225781403,0.22740376225781403,0.22740376225781403,0.0,0.0,1.0,0.22740376225781403,0.0,,,,
hill_valley_with_noise,grand_coreset,GraNd,budget_50,seed_2,0.3707559305397126,0.3707559305397126,0.3707559305397126,0.3707559305397126,0.3707559305397126,0.3707559305397126,0.0,0.0,1.0,0.3707559305397126,0.0,,,,
hill_valley_with_noise,el2n_coreset,EL2N,budget_25,seed_0,0.25217129941131355,0.25217129941131355,0.25217129941131355,0.25217129941131355,0.25217129941131355,0.25217129941131355,0.0,0.0,1.0,0.25217129941131355,0.0,,,,
hill_valley_with_noise,el2n_coreset,EL2N,budget_25,seed_1,0.07311451274097525,0.07311451274097525,0.07311451274097525,0.07311451274097525,0.07311451274097525,0.07311451274097525,0.0,0.0,1.0,0.07311451274097525,0.0,,,,
hill_valley_with_noise,el2n_coreset,EL2N,budget_25,seed_2,0.3712435303075806,0.3712435303075806,0.3712435303075806,0.3712435303075806,0.3712435303075806,0.3712435303075806,0.0,0.0,1.0,0.3712435303075806,0.0,,,,
hill_valley_with_noise,el2n_coreset,EL2N,budget_50,seed_0,0.07605736309352065,0.07605736309352065,0.07605736309352065,0.07605736309352065,0.07605736309352065,0.07605736309352065,0.0,0.0,1.0,0.07605736309352065,0.0,,,,
hill_valley_with_noise,el2n_coreset,EL2N,budget_50,seed_1,0.22740376225781403,0.22740376225781403,0.22740376225781403,0.22740376225781403,0.22740376225781403,0.22740376225781403,0.0,0.0,1.0,0.22740376225781403,0.0,,,,
hill_valley_with_noise,el2n_coreset,EL2N,budget_50,seed_2,0.3707559305397126,0.3707559305397126,0.3707559305397126,0.3707559305397126,0.3707559305397126,0.3707559305397126,0.0,0.0,1.0,0.3707559305397126,0.0,,,,
hill_valley_with_noise,distribution_matching,DistributionMatching,budget_25,seed_0,0.21778438075650114,0.21778438075650114,0.21778438075650114,0.21778438075650114,0.21778438075650114,0.21778438075650114,0.0,0.0,1.0,0.21778438075650114,0.0,,,,
hill_valley_with_noise,distribution_matching,DistributionMatching,budget_25,seed_1,0.11277284882426772,0.11277284882426772,0.11277284882426772,0.11277284882426772,0.11277284882426772,0.11277284882426772,0.0,0.0,1.0,0.11277284882426772,0.0,,,,
hill_valley_with_noise,distribution_matching,DistributionMatching,budget_25,seed_2,0.3707559305397126,0.3707559305397126,0.3707559305397126,0.3707559305397126,0.3707559305397126,0.3707559305397126,0.0,0.0,1.0,0.3707559305397126,0.0,,,,
hill_valley_with_noise,distribution_matching,DistributionMatching,budget_50,seed_0,0.257503038795267,0.257503038795267,0.257503038795267,0.257503038795267,0.257503038795267,0.257503038795267,0.0,0.0,1.0,0.257503038795267,0.0,,,,
hill_valley_with_noise,distribution_matching,DistributionMatching,budget_50,seed_1,0.09308794704544124,0.09308794704544124,0.09308794704544124,0.09308794704544124,0.09308794704544124,0.09308794704544124,0.0,0.0,1.0,0.09308794704544124,0.0,,,,
hill_valley_with_noise,distribution_matching,DistributionMatching,budget_50,seed_2,0.2819059001733526,0.2819059001733526,0.2819059001733526,0.2819059001733526,0.2819059001733526,0.2819059001733526,0.0,0.0,1.0,0.2819059001733526,0.0,,,,
hill_valley_with_noise,k_center,K-center,budget_25,seed_0,0.1210162412452073,0.1210162412452073,0.1210162412452073,0.1210162412452073,0.1210162412452073,0.1210162412452073,0.0,0.0,1.0,0.1210162412452073,0.0,,,,
hill_valley_with_noise,k_center,K-center,budget_25,seed_1,0.11584904454090156,0.11584904454090156,0.11584904454090156,0.11584904454090156,0.11584904454090156,0.11584904454090156,0.0,0.0,1.0,0.11584904454090156,0.0,,,,
hill_valley_with_noise,k_center,K-center,budget_25,seed_2,0.17541633904672024,0.17541633904672024,0.17541633904672024,0.17541633904672024,0.17541633904672024,0.17541633904672024,0.0,0.0,1.0,0.17541633904672024,0.0,,,,
hill_valley_with_noise,k_center,K-center,budget_50,seed_0,0.1210162412452073,0.1210162412452073,0.1210162412452073,0.1210162412452073,0.1210162412452073,0.1210162412452073,0.0,0.0,1.0,0.1210162412452073,0.0,,,,
hill_valley_with_noise,k_center,K-center,budget_50,seed_1,0.11584904454090156,0.11584904454090156,0.11584904454090156,0.11584904454090156,0.11584904454090156,0.11584904454090156,0.0,0.0,1.0,0.11584904454090156,0.0,,,,
hill_valley_with_noise,k_center,K-center,budget_50,seed_2,0.2069454339777028,0.2069454339777028,0.2069454339777028,0.2069454339777028,0.2069454339777028,0.2069454339777028,0.0,0.0,1.0,0.2069454339777028,0.0,,,,
hill_valley_with_noise,gradient_sampling,Gradient sampling,budget_25,seed_0,0.25191109814619395,0.25191109814619395,0.25191109814619395,0.25191109814619395,0.25191109814619395,0.25191109814619395,0.0,0.0,1.0,0.25191109814619395,0.0,,,,
hill_valley_with_noise,gradient_sampling,Gradient sampling,budget_25,seed_1,0.24982706803130358,0.24982706803130358,0.24982706803130358,0.24982706803130358,0.24982706803130358,0.24982706803130358,0.0,0.0,1.0,0.24982706803130358,0.0,,,,
hill_valley_with_noise,gradient_sampling,Gradient sampling,budget_25,seed_2,0.3563461524673475,0.3563461524673475,0.3563461524673475,0.3563461524673475,0.3563461524673475,0.3563461524673475,0.0,0.0,1.0,0.3563461524673475,0.0,,,,
hill_valley_with_noise,gradient_sampling,Gradient sampling,budget_50,seed_0,0.18085750718571217,0.18085750718571217,0.18085750718571217,0.18085750718571217,0.18085750718571217,0.18085750718571217,0.0,0.0,1.0,0.18085750718571217,0.0,,,,
hill_valley_with_noise,gradient_sampling,Gradient sampling,budget_50,seed_1,0.27036821132814115,0.27036821132814115,0.27036821132814115,0.27036821132814115,0.27036821132814115,0.27036821132814115,0.0,0.0,1.0,0.27036821132814115,0.0,,,,
hill_valley_with_noise,gradient_sampling,Gradient sampling,budget_50,seed_2,0.3563461524673475,0.3563461524673475,0.3563461524673475,0.3563461524673475,0.3563461524673475,0.3563461524673475,0.0,0.0,1.0,0.3563461524673475,0.0,,,,
hill_valley_with_noise,gain_herding,Gain sketch,budget_25,seed_0,0.10862520196080785,0.10862520196080785,0.10862520196080785,0.10862520196080785,0.10862520196080785,0.10862520196080785,0.0,0.0,1.0,0.10862520196080785,0.0,,,,
hill_valley_with_noise,gain_herding,Gain sketch,budget_25,seed_1,0.2356085265788348,0.2356085265788348,0.2356085265788348,0.2356085265788348,0.2356085265788348,0.2356085265788348,0.0,0.0,1.0,0.2356085265788348,0.0,,,,
hill_valley_with_noise,gain_herding,Gain sketch,budget_25,seed_2,0.37116468878787695,0.37116468878787695,0.37116468878787695,0.37116468878787695,0.37116468878787695,0.37116468878787695,0.0,0.0,1.0,0.37116468878787695,0.0,,,,
hill_valley_with_noise,gain_herding,Gain sketch,budget_50,seed_0,0.06686434460360588,0.06686434460360588,0.06686434460360588,0.06686434460360588,0.06686434460360588,0.06686434460360588,0.0,0.0,1.0,0.06686434460360588,0.0,,,,
hill_valley_with_noise,gain_herding,Gain sketch,budget_50,seed_1,0.10498470556984424,0.10498470556984424,0.10498470556984424,0.10498470556984424,0.10498470556984424,0.10498470556984424,0.0,0.0,1.0,0.10498470556984424,0.0,,,,
hill_valley_with_noise,gain_herding,Gain sketch,budget_50,seed_2,0.17541633904672024,0.17541633904672024,0.17541633904672024,0.17541633904672024,0.17541633904672024,0.17541633904672024,0.0,0.0,1.0,0.17541633904672024,0.0,,,,
hill_valley_with_noise,gain_path_herding,Gain-path sketch,budget_25,seed_0,0.02318666315569079,0.02318666315569079,0.02318666315569079,0.02318666315569079,0.02318666315569079,0.02318666315569079,0.0,0.0,1.0,0.02318666315569079,0.0,,,,
hill_valley_with_noise,gain_path_herding,Gain-path sketch,budget_25,seed_1,0.11584904454090156,0.11584904454090156,0.11584904454090156,0.11584904454090156,0.11584904454090156,0.11584904454090156,0.0,0.0,1.0,0.11584904454090156,0.0,,,,
hill_valley_with_noise,gain_path_herding,Gain-path sketch,budget_25,seed_2,0.3028925595566703,0.3028925595566703,0.3028925595566703,0.3028925595566703,0.3028925595566703,0.3028925595566703,0.0,0.0,1.0,0.3028925595566703,0.0,,,,
hill_valley_with_noise,gain_path_herding,Gain-path sketch,budget_50,seed_0,0.02318666315569079,0.02318666315569079,0.02318666315569079,0.02318666315569079,0.02318666315569079,0.02318666315569079,0.0,0.0,1.0,0.02318666315569079,0.0,,,,
hill_valley_with_noise,gain_path_herding,Gain-path sketch,budget_50,seed_1,0.0,0.0,0.0,0.0,0.0,0.0,1.0,1.0,1.0,0.0,1.0,,,,
hill_valley_with_noise,gain_path_herding,Gain-path sketch,budget_50,seed_2,0.362071232602399,0.362071232602399,0.362071232602399,0.362071232602399,0.362071232602399,0.362071232602399,0.0,0.0,1.0,0.362071232602399,0.0,,,,
hill_valley_without_noise,histdistill_greedy,HistDistill-Greedy,budget_25,seed_0,0.19079235760241622,0.19079235760241622,0.19079235760241622,0.19079235760241622,0.19079235760241622,0.19079235760241622,0.0,0.0,1.0,0.19079235760241622,0.0,,,,
hill_valley_without_noise,histdistill_greedy,HistDistill-Greedy,budget_25,seed_1,0.1591498164919165,0.1591498164919165,0.1591498164919165,0.1591498164919165,0.1591498164919165,0.1591498164919165,0.0,0.0,1.0,0.1591498164919165,0.0,,,,
hill_valley_without_noise,histdistill_greedy,HistDistill-Greedy,budget_25,seed_2,0.2763490500948874,0.2763490500948874,0.2763490500948874,0.2763490500948874,0.2763490500948874,0.2763490500948874,0.0,0.0,1.0,0.2763490500948874,0.0,,,,
hill_valley_without_noise,histdistill_greedy,HistDistill-Greedy,budget_50,seed_0,0.17919062885319495,0.17919062885319495,0.17919062885319495,0.17919062885319495,0.17919062885319495,0.17919062885319495,0.0,0.0,1.0,0.17919062885319495,0.0,,,,
hill_valley_without_noise,histdistill_greedy,HistDistill-Greedy,budget_50,seed_1,0.1979221190383724,0.1979221190383724,0.1979221190383724,0.1979221190383724,0.1979221190383724,0.1979221190383724,0.0,0.0,1.0,0.1979221190383724,0.0,,,,
hill_valley_without_noise,histdistill_greedy,HistDistill-Greedy,budget_50,seed_2,0.22945952485189108,0.22945952485189108,0.22945952485189108,0.22945952485189108,0.22945952485189108,0.22945952485189108,0.0,0.0,1.0,0.22945952485189108,0.0,,,,
hill_valley_without_noise,histdistill_refined,HistDistill-Refined,budget_25,seed_0,0.19631728419517017,0.19631728419517017,0.19631728419517017,0.19631728419517017,0.19631728419517017,0.19631728419517017,0.0,0.0,1.0,0.19631728419517017,0.0,,,,
hill_valley_without_noise,histdistill_refined,HistDistill-Refined,budget_25,seed_1,0.10937816690664329,0.10937816690664329,0.10937816690664329,0.10937816690664329,0.10937816690664329,0.10937816690664329,0.0,0.0,1.0,0.10937816690664329,0.0,,,,
hill_valley_without_noise,histdistill_refined,HistDistill-Refined,budget_25,seed_2,0.26711072158754556,0.26711072158754556,0.26711072158754556,0.26711072158754556,0.26711072158754556,0.26711072158754556,0.0,0.0,1.0,0.26711072158754556,0.0,,,,
hill_valley_without_noise,histdistill_refined,HistDistill-Refined,budget_50,seed_0,0.10934474420799675,0.10934474420799675,0.10934474420799675,0.10934474420799675,0.10934474420799675,0.10934474420799675,0.0,0.0,1.0,0.10934474420799675,0.0,,,,
hill_valley_without_noise,histdistill_refined,HistDistill-Refined,budget_50,seed_1,0.14990535653901654,0.14990535653901654,0.14990535653901654,0.14990535653901654,0.14990535653901654,0.14990535653901654,0.0,0.0,1.0,0.14990535653901654,0.0,,,,
hill_valley_without_noise,histdistill_refined,HistDistill-Refined,budget_50,seed_2,0.2722823765665897,0.2722823765665897,0.2722823765665897,0.2722823765665897,0.2722823765665897,0.2722823765665897,0.0,0.0,1.0,0.2722823765665897,0.0,,,,
hill_valley_without_noise,histdistill_density,HistDistill-Density,budget_25,seed_0,0.19631728419517017,0.19631728419517017,0.19631728419517017,0.19631728419517017,0.19631728419517017,0.19631728419517017,0.0,0.0,1.0,0.19631728419517017,0.0,,,,
hill_valley_without_noise,histdistill_density,HistDistill-Density,budget_25,seed_1,0.10937816690664329,0.10937816690664329,0.10937816690664329,0.10937816690664329,0.10937816690664329,0.10937816690664329,0.0,0.0,1.0,0.10937816690664329,0.0,,,,
hill_valley_without_noise,histdistill_density,HistDistill-Density,budget_25,seed_2,0.26711072158754556,0.26711072158754556,0.26711072158754556,0.26711072158754556,0.26711072158754556,0.26711072158754556,0.0,0.0,1.0,0.26711072158754556,0.0,,,,
hill_valley_without_noise,histdistill_density,HistDistill-Density,budget_50,seed_0,0.024451481961248966,0.024451481961248966,0.024451481961248966,0.024451481961248966,0.024451481961248966,0.024451481961248966,0.0,0.0,1.0,0.024451481961248966,0.0,,,,
hill_valley_without_noise,histdistill_density,HistDistill-Density,budget_50,seed_1,0.14990535653901654,0.14990535653901654,0.14990535653901654,0.14990535653901654,0.14990535653901654,0.14990535653901654,0.0,0.0,1.0,0.14990535653901654,0.0,,,,
hill_valley_without_noise,histdistill_density,HistDistill-Density,budget_50,seed_2,0.2655835275448572,0.2655835275448572,0.2655835275448572,0.2655835275448572,0.2655835275448572,0.2655835275448572,0.0,0.0,1.0,0.2655835275448572,0.0,,,,
hill_valley_without_noise,gain_path_refined,Legacy gain-path refined,budget_25,seed_0,0.0,0.0,0.0,0.0,0.0,0.0,1.0,1.0,1.0,0.0,1.0,,,,
hill_valley_without_noise,gain_path_refined,Legacy gain-path refined,budget_25,seed_1,0.10937816690664329,0.10937816690664329,0.10937816690664329,0.10937816690664329,0.10937816690664329,0.10937816690664329,0.0,0.0,1.0,0.10937816690664329,0.0,,,,
hill_valley_without_noise,gain_path_refined,Legacy gain-path refined,budget_25,seed_2,0.26711072158754556,0.26711072158754556,0.26711072158754556,0.26711072158754556,0.26711072158754556,0.26711072158754556,0.0,0.0,1.0,0.26711072158754556,0.0,,,,
hill_valley_without_noise,gain_path_refined,Legacy gain-path refined,budget_50,seed_0,0.19381654162905054,0.19381654162905054,0.19381654162905054,0.19381654162905054,0.19381654162905054,0.19381654162905054,0.0,0.0,1.0,0.19381654162905054,0.0,,,,
hill_valley_without_noise,gain_path_refined,Legacy gain-path refined,budget_50,seed_1,0.14990535653901654,0.14990535653901654,0.14990535653901654,0.14990535653901654,0.14990535653901654,0.14990535653901654,0.0,0.0,1.0,0.14990535653901654,0.0,,,,
hill_valley_without_noise,gain_path_refined,Legacy gain-path refined,budget_50,seed_2,0.26711072158754556,0.26711072158754556,0.26711072158754556,0.26711072158754556,0.26711072158754556,0.26711072158754556,0.0,0.0,1.0,0.26711072158754556,0.0,,,,
hill_valley_without_noise,herding,Herding,budget_25,seed_0,0.12204525921195734,0.12204525921195734,0.12204525921195734,0.12204525921195734,0.12204525921195734,0.12204525921195734,0.0,0.0,1.0,0.12204525921195734,0.0,,,,
hill_valley_without_noise,herding,Herding,budget_25,seed_1,0.15988781722883028,0.15988781722883028,0.15988781722883028,0.15988781722883028,0.15988781722883028,0.15988781722883028,0.0,0.0,1.0,0.15988781722883028,0.0,,,,
hill_valley_without_noise,herding,Herding,budget_25,seed_2,0.05911628067344907,0.05911628067344907,0.05911628067344907,0.05911628067344907,0.05911628067344907,0.05911628067344907,0.0,0.0,1.0,0.05911628067344907,0.0,,,,
hill_valley_without_noise,herding,Herding,budget_50,seed_0,0.12204525921195734,0.12204525921195734,0.12204525921195734,0.12204525921195734,0.12204525921195734,0.12204525921195734,0.0,0.0,1.0,0.12204525921195734,0.0,,,,
hill_valley_without_noise,herding,Herding,budget_50,seed_1,0.15988781722883028,0.15988781722883028,0.15988781722883028,0.15988781722883028,0.15988781722883028,0.15988781722883028,0.0,0.0,1.0,0.15988781722883028,0.0,,,,
hill_valley_without_noise,herding,Herding,budget_50,seed_2,0.05911628067344907,0.05911628067344907,0.05911628067344907,0.05911628067344907,0.05911628067344907,0.05911628067344907,0.0,0.0,1.0,0.05911628067344907,0.0,,,,
hill_valley_without_noise,random,Random,budget_25,seed_0,0.01856811880818579,0.01856811880818579,0.01856811880818579,0.01856811880818579,0.01856811880818579,0.01856811880818579,0.0,0.0,1.0,0.01856811880818579,0.0,,,,
hill_valley_without_noise,random,Random,budget_25,seed_1,0.11926017320260589,0.11926017320260589,0.11926017320260589,0.11926017320260589,0.11926017320260589,0.11926017320260589,0.0,0.0,1.0,0.11926017320260589,0.0,,,,
hill_valley_without_noise,random,Random,budget_25,seed_2,0.2265439131406573,0.2265439131406573,0.2265439131406573,0.2265439131406573,0.2265439131406573,0.2265439131406573,0.0,0.0,1.0,0.2265439131406573,0.0,,,,
hill_valley_without_noise,random,Random,budget_50,seed_0,0.01856811880818579,0.01856811880818579,0.01856811880818579,0.01856811880818579,0.01856811880818579,0.01856811880818579,0.0,0.0,1.0,0.01856811880818579,0.0,,,,
hill_valley_without_noise,random,Random,budget_50,seed_1,0.11926017320260589,0.11926017320260589,0.11926017320260589,0.11926017320260589,0.11926017320260589,0.11926017320260589,0.0,0.0,1.0,0.11926017320260589,0.0,,,,
hill_valley_without_noise,random,Random,budget_50,seed_2,0.2758167932685406,0.2758167932685406,0.2758167932685406,0.2758167932685406,0.2758167932685406,0.2758167932685406,0.0,0.0,1.0,0.2758167932685406,0.0,,,,
hill_valley_without_noise,goss_coreset,GOSS coreset,budget_25,seed_0,0.014793669506266982,0.014793669506266982,0.014793669506266982,0.014793669506266982,0.014793669506266982,0.014793669506266982,0.0,0.0,1.0,0.014793669506266982,0.0,,,,
hill_valley_without_noise,goss_coreset,GOSS coreset,budget_25,seed_1,0.19730541687379072,0.19730541687379072,0.19730541687379072,0.19730541687379072,0.19730541687379072,0.19730541687379072,0.0,0.0,1.0,0.19730541687379072,0.0,,,,
hill_valley_without_noise,goss_coreset,GOSS coreset,budget_25,seed_2,0.2596979095159506,0.2596979095159506,0.2596979095159506,0.2596979095159506,0.2596979095159506,0.2596979095159506,0.0,0.0,1.0,0.2596979095159506,0.0,,,,
hill_valley_without_noise,goss_coreset,GOSS coreset,budget_50,seed_0,0.19309185164706136,0.19309185164706136,0.19309185164706136,0.19309185164706136,0.19309185164706136,0.19309185164706136,0.0,0.0,1.0,0.19309185164706136,0.0,,,,
hill_valley_without_noise,goss_coreset,GOSS coreset,budget_50,seed_1,0.06675899100546634,0.06675899100546634,0.06675899100546634,0.06675899100546634,0.06675899100546634,0.06675899100546634,0.0,0.0,1.0,0.06675899100546634,0.0,,,,
hill_valley_without_noise,goss_coreset,GOSS coreset,budget_50,seed_2,0.2722823765665897,0.2722823765665897,0.2722823765665897,0.2722823765665897,0.2722823765665897,0.2722823765665897,0.0,0.0,1.0,0.2722823765665897,0.0,,,,
hill_valley_without_noise,mvs_coreset,MVS coreset,budget_25,seed_0,0.19309185164706136,0.19309185164706136,0.19309185164706136,0.19309185164706136,0.19309185164706136,0.19309185164706136,0.0,0.0,1.0,0.19309185164706136,0.0,,,,
hill_valley_without_noise,mvs_coreset,MVS coreset,budget_25,seed_1,0.17970511320027568,0.17970511320027568,0.17970511320027568,0.17970511320027568,0.17970511320027568,0.17970511320027568,0.0,0.0,1.0,0.17970511320027568,0.0,,,,
hill_valley_without_noise,mvs_coreset,MVS coreset,budget_25,seed_2,0.25205787753012565,0.25205787753012565,0.25205787753012565,0.25205787753012565,0.25205787753012565,0.25205787753012565,0.0,0.0,1.0,0.25205787753012565,0.0,,,,
hill_valley_without_noise,mvs_coreset,MVS coreset,budget_50,seed_0,0.10934474420799675,0.10934474420799675,0.10934474420799675,0.10934474420799675,0.10934474420799675,0.10934474420799675,0.0,0.0,1.0,0.10934474420799675,0.0,,,,
hill_valley_without_noise,mvs_coreset,MVS coreset,budget_50,seed_1,0.20043167859821756,0.20043167859821756,0.20043167859821756,0.20043167859821756,0.20043167859821756,0.20043167859821756,0.0,0.0,1.0,0.20043167859821756,0.0,,,,
hill_valley_without_noise,mvs_coreset,MVS coreset,budget_50,seed_2,0.23054340044060012,0.23054340044060012,0.23054340044060012,0.23054340044060012,0.23054340044060012,0.23054340044060012,0.0,0.0,1.0,0.23054340044060012,0.0,,,,
hill_valley_without_noise,craig_coreset,CRAIG-style,budget_25,seed_0,0.18276922994501962,0.18276922994501962,0.18276922994501962,0.18276922994501962,0.18276922994501962,0.18276922994501962,0.0,0.0,1.0,0.18276922994501962,0.0,,,,
hill_valley_without_noise,craig_coreset,CRAIG-style,budget_25,seed_1,0.18424113071569495,0.18424113071569495,0.18424113071569495,0.18424113071569495,0.18424113071569495,0.18424113071569495,0.0,0.0,1.0,0.18424113071569495,0.0,,,,
hill_valley_without_noise,craig_coreset,CRAIG-style,budget_25,seed_2,0.2768632918928188,0.2768632918928188,0.2768632918928188,0.2768632918928188,0.2768632918928188,0.2768632918928188,0.0,0.0,1.0,0.2768632918928188,0.0,,,,
hill_valley_without_noise,craig_coreset,CRAIG-style,budget_50,seed_0,0.19381654162905054,0.19381654162905054,0.19381654162905054,0.19381654162905054,0.19381654162905054,0.19381654162905054,0.0,0.0,1.0,0.19381654162905054,0.0,,,,
hill_valley_without_noise,craig_coreset,CRAIG-style,budget_50,seed_1,0.11729675859933023,0.11729675859933023,0.11729675859933023,0.11729675859933023,0.11729675859933023,0.11729675859933023,0.0,0.0,1.0,0.11729675859933023,0.0,,,,
hill_valley_without_noise,craig_coreset,CRAIG-style,budget_50,seed_2,0.0,0.0,0.0,0.0,0.0,0.0,1.0,1.0,1.0,0.0,1.0,,,,
hill_valley_without_noise,gradmatch_coreset,GradMatch-style,budget_25,seed_0,0.12204525921195734,0.12204525921195734,0.12204525921195734,0.12204525921195734,0.12204525921195734,0.12204525921195734,0.0,0.0,1.0,0.12204525921195734,0.0,,,,
hill_valley_without_noise,gradmatch_coreset,GradMatch-style,budget_25,seed_1,0.15988781722883028,0.15988781722883028,0.15988781722883028,0.15988781722883028,0.15988781722883028,0.15988781722883028,0.0,0.0,1.0,0.15988781722883028,0.0,,,,
hill_valley_without_noise,gradmatch_coreset,GradMatch-style,budget_25,seed_2,0.2461768480612251,0.2461768480612251,0.2461768480612251,0.2461768480612251,0.2461768480612251,0.2461768480612251,0.0,0.0,1.0,0.2461768480612251,0.0,,,,
hill_valley_without_noise,gradmatch_coreset,GradMatch-style,budget_50,seed_0,0.17091850839226802,0.17091850839226802,0.17091850839226802,0.17091850839226802,0.17091850839226802,0.17091850839226802,0.0,0.0,1.0,0.17091850839226802,0.0,,,,
hill_valley_without_noise,gradmatch_coreset,GradMatch-style,budget_50,seed_1,0.15988781722883028,0.15988781722883028,0.15988781722883028,0.15988781722883028,0.15988781722883028,0.15988781722883028,0.0,0.0,1.0,0.15988781722883028,0.0,,,,
hill_valley_without_noise,gradmatch_coreset,GradMatch-style,budget_50,seed_2,0.22471699407595816,0.22471699407595816,0.22471699407595816,0.22471699407595816,0.22471699407595816,0.22471699407595816,0.0,0.0,1.0,0.22471699407595816,0.0,,,,
hill_valley_without_noise,grand_coreset,GraNd,budget_25,seed_0,0.19309185164706136,0.19309185164706136,0.19309185164706136,0.19309185164706136,0.19309185164706136,0.19309185164706136,0.0,0.0,1.0,0.19309185164706136,0.0,,,,
hill_valley_without_noise,grand_coreset,GraNd,budget_25,seed_1,0.1979221190383724,0.1979221190383724,0.1979221190383724,0.1979221190383724,0.1979221190383724,0.1979221190383724,0.0,0.0,1.0,0.1979221190383724,0.0,,,,
hill_valley_without_noise,grand_coreset,GraNd,budget_25,seed_2,0.23054340044060012,0.23054340044060012,0.23054340044060012,0.23054340044060012,0.23054340044060012,0.23054340044060012,0.0,0.0,1.0,0.23054340044060012,0.0,,,,
hill_valley_without_noise,grand_coreset,GraNd,budget_50,seed_0,0.10934474420799675,0.10934474420799675,0.10934474420799675,0.10934474420799675,0.10934474420799675,0.10934474420799675,0.0,0.0,1.0,0.10934474420799675,0.0,,,,
hill_valley_without_noise,grand_coreset,GraNd,budget_50,seed_1,0.14990535653901654,0.14990535653901654,0.14990535653901654,0.14990535653901654,0.14990535653901654,0.14990535653901654,0.0,0.0,1.0,0.14990535653901654,0.0,,,,
hill_valley_without_noise,grand_coreset,GraNd,budget_50,seed_2,0.2762834591421621,0.2762834591421621,0.2762834591421621,0.2762834591421621,0.2762834591421621,0.2762834591421621,0.0,0.0,1.0,0.2762834591421621,0.0,,,,
hill_valley_without_noise,el2n_coreset,EL2N,budget_25,seed_0,0.19309185164706136,0.19309185164706136,0.19309185164706136,0.19309185164706136,0.19309185164706136,0.19309185164706136,0.0,0.0,1.0,0.19309185164706136,0.0,,,,
hill_valley_without_noise,el2n_coreset,EL2N,budget_25,seed_1,0.1979221190383724,0.1979221190383724,0.1979221190383724,0.1979221190383724,0.1979221190383724,0.1979221190383724,0.0,0.0,1.0,0.1979221190383724,0.0,,,,
hill_valley_without_noise,el2n_coreset,EL2N,budget_25,seed_2,0.23054340044060012,0.23054340044060012,0.23054340044060012,0.23054340044060012,0.23054340044060012,0.23054340044060012,0.0,0.0,1.0,0.23054340044060012,0.0,,,,
hill_valley_without_noise,el2n_coreset,EL2N,budget_50,seed_0,0.10934474420799675,0.10934474420799675,0.10934474420799675,0.10934474420799675,0.10934474420799675,0.10934474420799675,0.0,0.0,1.0,0.10934474420799675,0.0,,,,
hill_valley_without_noise,el2n_coreset,EL2N,budget_50,seed_1,0.14990535653901654,0.14990535653901654,0.14990535653901654,0.14990535653901654,0.14990535653901654,0.14990535653901654,0.0,0.0,1.0,0.14990535653901654,0.0,,,,
hill_valley_without_noise,el2n_coreset,EL2N,budget_50,seed_2,0.2762834591421621,0.2762834591421621,0.2762834591421621,0.2762834591421621,0.2762834591421621,0.2762834591421621,0.0,0.0,1.0,0.2762834591421621,0.0,,,,
hill_valley_without_noise,distribution_matching,DistributionMatching,budget_25,seed_0,0.15614562794923284,0.15614562794923284,0.15614562794923284,0.15614562794923284,0.15614562794923284,0.15614562794923284,0.0,0.0,1.0,0.15614562794923284,0.0,,,,
hill_valley_without_noise,distribution_matching,DistributionMatching,budget_25,seed_1,0.056217310632249745,0.056217310632249745,0.056217310632249745,0.056217310632249745,0.056217310632249745,0.056217310632249745,0.0,0.0,1.0,0.056217310632249745,0.0,,,,
hill_valley_without_noise,distribution_matching,DistributionMatching,budget_25,seed_2,0.09539348431830852,0.09539348431830852,0.09539348431830852,0.09539348431830852,0.09539348431830852,0.09539348431830852,0.0,0.0,1.0,0.09539348431830852,0.0,,,,
hill_valley_without_noise,distribution_matching,DistributionMatching,budget_50,seed_0,0.1768211437380462,0.1768211437380462,0.1768211437380462,0.1768211437380462,0.1768211437380462,0.1768211437380462,0.0,0.0,1.0,0.1768211437380462,0.0,,,,
hill_valley_without_noise,distribution_matching,DistributionMatching,budget_50,seed_1,0.1547486375769226,0.1547486375769226,0.1547486375769226,0.1547486375769226,0.1547486375769226,0.1547486375769226,0.0,0.0,1.0,0.1547486375769226,0.0,,,,
hill_valley_without_noise,distribution_matching,DistributionMatching,budget_50,seed_2,0.2732007930776092,0.2732007930776092,0.2732007930776092,0.2732007930776092,0.2732007930776092,0.2732007930776092,0.0,0.0,1.0,0.2732007930776092,0.0,,,,
hill_valley_without_noise,k_center,K-center,budget_25,seed_0,0.11244427079820005,0.11244427079820005,0.11244427079820005,0.11244427079820005,0.11244427079820005,0.11244427079820005,0.0,0.0,1.0,0.11244427079820005,0.0,,,,
hill_valley_without_noise,k_center,K-center,budget_25,seed_1,0.07598752733777073,0.07598752733777073,0.07598752733777073,0.07598752733777073,0.07598752733777073,0.07598752733777073,0.0,0.0,1.0,0.07598752733777073,0.0,,,,
hill_valley_without_noise,k_center,K-center,budget_25,seed_2,0.2768632918928188,0.2768632918928188,0.2768632918928188,0.2768632918928188,0.2768632918928188,0.2768632918928188,0.0,0.0,1.0,0.2768632918928188,0.0,,,,
hill_valley_without_noise,k_center,K-center,budget_50,seed_0,0.0,0.0,0.0,0.0,0.0,0.0,1.0,1.0,1.0,0.0,1.0,,,,
hill_valley_without_noise,k_center,K-center,budget_50,seed_1,0.18739440943991928,0.18739440943991928,0.18739440943991928,0.18739440943991928,0.18739440943991928,0.18739440943991928,0.0,0.0,1.0,0.18739440943991928,0.0,,,,
hill_valley_without_noise,k_center,K-center,budget_50,seed_2,0.2008457725896069,0.2008457725896069,0.2008457725896069,0.2008457725896069,0.2008457725896069,0.2008457725896069,0.0,0.0,1.0,0.2008457725896069,0.0,,,,
hill_valley_without_noise,gradient_sampling,Gradient sampling,budget_25,seed_0,0.18801764074067576,0.18801764074067576,0.18801764074067576,0.18801764074067576,0.18801764074067576,0.18801764074067576,0.0,0.0,1.0,0.18801764074067576,0.0,,,,
hill_valley_without_noise,gradient_sampling,Gradient sampling,budget_25,seed_1,0.15056051991560554,0.15056051991560554,0.15056051991560554,0.15056051991560554,0.15056051991560554,0.15056051991560554,0.0,0.0,1.0,0.15056051991560554,0.0,,,,
hill_valley_without_noise,gradient_sampling,Gradient sampling,budget_25,seed_2,0.26711072158754556,0.26711072158754556,0.26711072158754556,0.26711072158754556,0.26711072158754556,0.26711072158754556,0.0,0.0,1.0,0.26711072158754556,0.0,,,,
hill_valley_without_noise,gradient_sampling,Gradient sampling,budget_50,seed_0,0.19381654162905054,0.19381654162905054,0.19381654162905054,0.19381654162905054,0.19381654162905054,0.19381654162905054,0.0,0.0,1.0,0.19381654162905054,0.0,,,,
hill_valley_without_noise,gradient_sampling,Gradient sampling,budget_50,seed_1,0.15845505149590794,0.15845505149590794,0.15845505149590794,0.15845505149590794,0.15845505149590794,0.15845505149590794,0.0,0.0,1.0,0.15845505149590794,0.0,,,,
hill_valley_without_noise,gradient_sampling,Gradient sampling,budget_50,seed_2,0.26711072158754556,0.26711072158754556,0.26711072158754556,0.26711072158754556,0.26711072158754556,0.26711072158754556,0.0,0.0,1.0,0.26711072158754556,0.0,,,,
hill_valley_without_noise,gain_herding,Gain sketch,budget_25,seed_0,0.0,0.0,0.0,0.0,0.0,0.0,1.0,1.0,1.0,0.0,1.0,,,,
hill_valley_without_noise,gain_herding,Gain sketch,budget_25,seed_1,0.15845505149590794,0.15845505149590794,0.15845505149590794,0.15845505149590794,0.15845505149590794,0.15845505149590794,0.0,0.0,1.0,0.15845505149590794,0.0,,,,
hill_valley_without_noise,gain_herding,Gain sketch,budget_25,seed_2,0.26711072158754556,0.26711072158754556,0.26711072158754556,0.26711072158754556,0.26711072158754556,0.26711072158754556,0.0,0.0,1.0,0.26711072158754556,0.0,,,,
hill_valley_without_noise,gain_herding,Gain sketch,budget_50,seed_0,0.10934474420799675,0.10934474420799675,0.10934474420799675,0.10934474420799675,0.10934474420799675,0.10934474420799675,0.0,0.0,1.0,0.10934474420799675,0.0,,,,
hill_valley_without_noise,gain_herding,Gain sketch,budget_50,seed_1,0.19540127582181377,0.19540127582181377,0.19540127582181377,0.19540127582181377,0.19540127582181377,0.19540127582181377,0.0,0.0,1.0,0.19540127582181377,0.0,,,,
hill_valley_without_noise,gain_herding,Gain sketch,budget_50,seed_2,0.2008457725896069,0.2008457725896069,0.2008457725896069,0.2008457725896069,0.2008457725896069,0.2008457725896069,0.0,0.0,1.0,0.2008457725896069,0.0,,,,
hill_valley_without_noise,gain_path_herding,Gain-path sketch,budget_25,seed_0,0.0,0.0,0.0,0.0,0.0,0.0,1.0,1.0,1.0,0.0,1.0,,,,
hill_valley_without_noise,gain_path_herding,Gain-path sketch,budget_25,seed_1,0.01408099432907417,0.01408099432907417,0.01408099432907417,0.01408099432907417,0.01408099432907417,0.01408099432907417,0.0,0.0,1.0,0.01408099432907417,0.0,,,,
hill_valley_without_noise,gain_path_herding,Gain-path sketch,budget_25,seed_2,0.26711072158754556,0.26711072158754556,0.26711072158754556,0.26711072158754556,0.26711072158754556,0.26711072158754556,0.0,0.0,1.0,0.26711072158754556,0.0,,,,
hill_valley_without_noise,gain_path_herding,Gain-path sketch,budget_50,seed_0,0.18801764074067576,0.18801764074067576,0.18801764074067576,0.18801764074067576,0.18801764074067576,0.18801764074067576,0.0,0.0,1.0,0.18801764074067576,0.0,,,,
hill_valley_without_noise,gain_path_herding,Gain-path sketch,budget_50,seed_1,0.15845505149590794,0.15845505149590794,0.15845505149590794,0.15845505149590794,0.15845505149590794,0.15845505149590794,0.0,0.0,1.0,0.15845505149590794,0.0,,,,
hill_valley_without_noise,gain_path_herding,Gain-path sketch,budget_50,seed_2,0.26711072158754556,0.26711072158754556,0.26711072158754556,0.26711072158754556,0.26711072158754556,0.26711072158754556,0.0,0.0,1.0,0.26711072158754556,0.0,,,,
kr_vs_kp,histdistill_greedy,HistDistill-Greedy,budget_25,seed_0,1.0478092093258413,0.4306566243603951,1.0478092093258413,0.4306566243603951,1.0478092093258413,0.4306566243603951,0.0,0.0,1.0,0.4306566243603951,0.0,,,,
kr_vs_kp,histdistill_greedy,HistDistill-Greedy,budget_25,seed_1,1.0033926103347417,0.4446655275329446,1.0033926103347417,0.4446655275329446,1.0033926103347417,0.4446655275329446,0.0,0.0,1.0,0.4446655275329446,0.0,,,,
kr_vs_kp,histdistill_greedy,HistDistill-Greedy,budget_25,seed_2,1.019164167796847,0.4455625350600926,1.019164167796847,0.4455625350600926,1.019164167796847,0.4455625350600926,0.0,0.0,1.0,0.4455625350600926,0.0,,,,
kr_vs_kp,histdistill_greedy,HistDistill-Greedy,budget_50,seed_0,0.0,0.0,0.0,0.0,0.0,0.0,1.0,1.0,1.0,0.0,1.0,,,,
kr_vs_kp,histdistill_greedy,HistDistill-Greedy,budget_50,seed_1,0.05644325172304443,0.025013507219999627,0.05644325172304443,0.025013507219999627,0.05644325172304443,0.025013507219999627,0.0,0.0,1.0,0.025013507219999627,0.0,,,,
kr_vs_kp,histdistill_greedy,HistDistill-Greedy,budget_50,seed_2,0.0,0.0,0.0,0.0,0.0,0.0,1.0,1.0,1.0,0.0,1.0,,,,
kr_vs_kp,histdistill_refined,HistDistill-Refined,budget_25,seed_0,0.0,0.0,0.0,0.0,0.0,0.0,1.0,1.0,1.0,0.0,1.0,,,,
kr_vs_kp,histdistill_refined,HistDistill-Refined,budget_25,seed_1,0.05644325172304443,0.025013507219999627,0.05644325172304443,0.025013507219999627,0.05644325172304443,0.025013507219999627,0.0,0.0,1.0,0.025013507219999627,0.0,,,,
kr_vs_kp,histdistill_refined,HistDistill-Refined,budget_25,seed_2,0.0,0.0,0.0,0.0,0.0,0.0,1.0,1.0,1.0,0.0,1.0,,,,
kr_vs_kp,histdistill_refined,HistDistill-Refined,budget_50,seed_0,0.0,0.0,0.0,0.0,0.0,0.0,1.0,1.0,1.0,0.0,1.0,,,,
kr_vs_kp,histdistill_refined,HistDistill-Refined,budget_50,seed_1,0.05644325172304443,0.025013507219999627,0.05644325172304443,0.025013507219999627,0.05644325172304443,0.025013507219999627,0.0,0.0,1.0,0.025013507219999627,0.0,,,,
kr_vs_kp,histdistill_refined,HistDistill-Refined,budget_50,seed_2,0.0,0.0,0.0,0.0,0.0,0.0,1.0,1.0,1.0,0.0,1.0,,,,
kr_vs_kp,histdistill_density,HistDistill-Density,budget_25,seed_0,0.0,0.0,0.0,0.0,0.0,0.0,1.0,1.0,1.0,0.0,1.0,,,,
kr_vs_kp,histdistill_density,HistDistill-Density,budget_25,seed_1,0.8847786199205727,0.3921003082189332,0.8847786199205727,0.3921003082189332,0.8847786199205727,0.3921003082189332,0.0,0.0,1.0,0.3921003082189332,0.0,,,,
kr_vs_kp,histdistill_density,HistDistill-Density,budget_25,seed_2,0.0,0.0,0.0,0.0,0.0,0.0,1.0,1.0,1.0,0.0,1.0,,,,
kr_vs_kp,histdistill_density,HistDistill-Density,budget_50,seed_0,0.0,0.0,0.0,0.0,0.0,0.0,1.0,1.0,1.0,0.0,1.0,,,,
kr_vs_kp,histdistill_density,HistDistill-Density,budget_50,seed_1,0.05644325172304443,0.025013507219999627,0.05644325172304443,0.025013507219999627,0.05644325172304443,0.025013507219999627,0.0,0.0,1.0,0.025013507219999627,0.0,,,,
kr_vs_kp,histdistill_density,HistDistill-Density,budget_50,seed_2,0.0,0.0,0.0,0.0,0.0,0.0,1.0,1.0,1.0,0.0,1.0,,,,
kr_vs_kp,gain_path_refined,Legacy gain-path refined,budget_25,seed_0,0.0,0.0,0.0,0.0,0.0,0.0,1.0,1.0,1.0,0.0,1.0,,,,
kr_vs_kp,gain_path_refined,Legacy gain-path refined,budget_25,seed_1,0.05644325172304443,0.025013507219999627,0.05644325172304443,0.025013507219999627,0.05644325172304443,0.025013507219999627,0.0,0.0,1.0,0.025013507219999627,0.0,,,,
kr_vs_kp,gain_path_refined,Legacy gain-path refined,budget_25,seed_2,0.0,0.0,0.0,0.0,0.0,0.0,1.0,1.0,1.0,0.0,1.0,,,,
kr_vs_kp,gain_path_refined,Legacy gain-path refined,budget_50,seed_0,0.0,0.0,0.0,0.0,0.0,0.0,1.0,1.0,1.0,0.0,1.0,,,,
kr_vs_kp,gain_path_refined,Legacy gain-path refined,budget_50,seed_1,0.05644325172304443,0.025013507219999627,0.05644325172304443,0.025013507219999627,0.05644325172304443,0.025013507219999627,0.0,0.0,1.0,0.025013507219999627,0.0,,,,
kr_vs_kp,gain_path_refined,Legacy gain-path refined,budget_50,seed_2,0.0,0.0,0.0,0.0,0.0,0.0,1.0,1.0,1.0,0.0,1.0,,,,
kr_vs_kp,herding,Herding,budget_25,seed_0,0.0,0.0,0.0,0.0,0.0,0.0,1.0,1.0,1.0,0.0,1.0,,,,
kr_vs_kp,herding,Herding,budget_25,seed_1,0.05644325172304443,0.025013507219999627,0.05644325172304443,0.025013507219999627,0.05644325172304443,0.025013507219999627,0.0,0.0,1.0,0.025013507219999627,0.0,,,,
kr_vs_kp,herding,Herding,budget_25,seed_2,0.0,0.0,0.0,0.0,0.0,0.0,1.0,1.0,1.0,0.0,1.0,,,,
kr_vs_kp,herding,Herding,budget_50,seed_0,0.0,0.0,0.0,0.0,0.0,0.0,1.0,1.0,1.0,0.0,1.0,,,,
kr_vs_kp,herding,Herding,budget_50,seed_1,0.05644325172304443,0.025013507219999627,0.05644325172304443,0.025013507219999627,0.05644325172304443,0.025013507219999627,0.0,0.0,1.0,0.025013507219999627,0.0,,,,
kr_vs_kp,herding,Herding,budget_50,seed_2,0.0,0.0,0.0,0.0,0.0,0.0,1.0,1.0,1.0,0.0,1.0,,,,
kr_vs_kp,random,Random,budget_25,seed_0,0.0,0.0,0.0,0.0,0.0,0.0,1.0,1.0,1.0,0.0,1.0,,,,
kr_vs_kp,random,Random,budget_25,seed_1,0.05644325172304443,0.025013507219999627,0.05644325172304443,0.025013507219999627,0.05644325172304443,0.025013507219999627,0.0,0.0,1.0,0.025013507219999627,0.0,,,,
kr_vs_kp,random,Random,budget_25,seed_2,0.0,0.0,0.0,0.0,0.0,0.0,1.0,1.0,1.0,0.0,1.0,,,,
kr_vs_kp,random,Random,budget_50,seed_0,0.0,0.0,0.0,0.0,0.0,0.0,1.0,1.0,1.0,0.0,1.0,,,,
kr_vs_kp,random,Random,budget_50,seed_1,0.05644325172304443,0.025013507219999627,0.05644325172304443,0.025013507219999627,0.05644325172304443,0.025013507219999627,0.0,0.0,1.0,0.025013507219999627,0.0,,,,
kr_vs_kp,random,Random,budget_50,seed_2,0.0,0.0,0.0,0.0,0.0,0.0,1.0,1.0,1.0,0.0,1.0,,,,
kr_vs_kp,goss_coreset,GOSS coreset,budget_25,seed_0,0.8041496751408388,0.3305109188718419,0.8041496751408388,0.3305109188718419,0.8041496751408388,0.3305109188718419,0.0,0.0,1.0,0.3305109188718419,0.0,,,,
kr_vs_kp,goss_coreset,GOSS coreset,budget_25,seed_1,0.05644325172304443,0.025013507219999627,0.05644325172304443,0.025013507219999627,0.05644325172304443,0.025013507219999627,0.0,0.0,1.0,0.025013507219999627,0.0,,,,
kr_vs_kp,goss_coreset,GOSS coreset,budget_25,seed_2,0.9900259460806398,0.43282376308866244,0.9900259460806398,0.43282376308866244,0.9900259460806398,0.43282376308866244,0.0,0.0,1.0,0.43282376308866244,0.0,,,,
kr_vs_kp,goss_coreset,GOSS coreset,budget_50,seed_0,0.8041496751408388,0.3305109188718419,0.8041496751408388,0.3305109188718419,0.8041496751408388,0.3305109188718419,0.0,0.0,1.0,0.3305109188718419,0.0,,,,
kr_vs_kp,goss_coreset,GOSS coreset,budget_50,seed_1,0.05644325172304443,0.025013507219999627,0.05644325172304443,0.025013507219999627,0.05644325172304443,0.025013507219999627,0.0,0.0,1.0,0.025013507219999627,0.0,,,,
kr_vs_kp,goss_coreset,GOSS coreset,budget_50,seed_2,0.0,0.0,0.0,0.0,0.0,0.0,1.0,1.0,1.0,0.0,1.0,,,,
kr_vs_kp,mvs_coreset,MVS coreset,budget_25,seed_0,0.0,0.0,0.0,0.0,0.0,0.0,1.0,1.0,1.0,0.0,1.0,,,,
kr_vs_kp,mvs_coreset,MVS coreset,budget_25,seed_1,0.05644325172304443,0.025013507219999627,0.05644325172304443,0.025013507219999627,0.05644325172304443,0.025013507219999627,0.0,0.0,1.0,0.025013507219999627,0.0,,,,
kr_vs_kp,mvs_coreset,MVS coreset,budget_25,seed_2,2.280032759042598,0.9967944402275913,2.280032759042598,0.9967944402275913,2.280032759042598,0.9967944402275913,0.0,0.0,1.0,0.9967944402275913,0.0,,,,
kr_vs_kp,mvs_coreset,MVS coreset,budget_50,seed_0,0.8041496751408388,0.3305109188718419,0.8041496751408388,0.3305109188718419,0.8041496751408388,0.3305109188718419,0.0,0.0,1.0,0.3305109188718419,0.0,,,,
kr_vs_kp,mvs_coreset,MVS coreset,budget_50,seed_1,0.8847786199205727,0.3921003082189332,0.8847786199205727,0.3921003082189332,0.8847786199205727,0.3921003082189332,0.0,0.0,1.0,0.3921003082189332,0.0,,,,
kr_vs_kp,mvs_coreset,MVS coreset,budget_50,seed_2,0.0,0.0,0.0,0.0,0.0,0.0,1.0,1.0,1.0,0.0,1.0,,,,
kr_vs_kp,craig_coreset,CRAIG-style,budget_25,seed_0,0.0,0.0,0.0,0.0,0.0,0.0,1.0,1.0,1.0,0.0,1.0,,,,
kr_vs_kp,craig_coreset,CRAIG-style,budget_25,seed_1,0.05644325172304443,0.025013507219999627,0.05644325172304443,0.025013507219999627,0.05644325172304443,0.025013507219999627,0.0,0.0,1.0,0.025013507219999627,0.0,,,,
kr_vs_kp,craig_coreset,CRAIG-style,budget_25,seed_2,1.36706692712514,0.5976601463171777,1.36706692712514,0.5976601463171777,1.36706692712514,0.5976601463171777,0.0,0.0,1.0,0.5976601463171777,0.0,,,,
kr_vs_kp,craig_coreset,CRAIG-style,budget_50,seed_0,0.0,0.0,0.0,0.0,0.0,0.0,1.0,1.0,1.0,0.0,1.0,,,,
kr_vs_kp,craig_coreset,CRAIG-style,budget_50,seed_1,0.05644325172304443,0.025013507219999627,0.05644325172304443,0.025013507219999627,0.05644325172304443,0.025013507219999627,0.0,0.0,1.0,0.025013507219999627,0.0,,,,
kr_vs_kp,craig_coreset,CRAIG-style,budget_50,seed_2,1.36706692712514,0.5976601463171777,1.36706692712514,0.5976601463171777,1.36706692712514,0.5976601463171777,0.0,0.0,1.0,0.5976601463171777,0.0,,,,
kr_vs_kp,gradmatch_coreset,GradMatch-style,budget_25,seed_0,0.0,0.0,0.0,0.0,0.0,0.0,1.0,1.0,1.0,0.0,1.0,,,,
kr_vs_kp,gradmatch_coreset,GradMatch-style,budget_25,seed_1,0.8847786199205727,0.3921003082189332,0.8847786199205727,0.3921003082189332,0.8847786199205727,0.3921003082189332,0.0,0.0,1.0,0.3921003082189332,0.0,,,,
kr_vs_kp,gradmatch_coreset,GradMatch-style,budget_25,seed_2,0.9900259460806398,0.43282376308866244,0.9900259460806398,0.43282376308866244,0.9900259460806398,0.43282376308866244,0.0,0.0,1.0,0.43282376308866244,0.0,,,,
kr_vs_kp,gradmatch_coreset,GradMatch-style,budget_50,seed_0,0.0,0.0,0.0,0.0,0.0,0.0,1.0,1.0,1.0,0.0,1.0,,,,
kr_vs_kp,gradmatch_coreset,GradMatch-style,budget_50,seed_1,0.05644325172304443,0.025013507219999627,0.05644325172304443,0.025013507219999627,0.05644325172304443,0.025013507219999627,0.0,0.0,1.0,0.025013507219999627,0.0,,,,
kr_vs_kp,gradmatch_coreset,GradMatch-style,budget_50,seed_2,0.0,0.0,0.0,0.0,0.0,0.0,1.0,1.0,1.0,0.0,1.0,,,,
kr_vs_kp,grand_coreset,GraNd,budget_25,seed_0,2.4331314820582475,1.000033385240421,2.4331314820582475,1.000033385240421,2.4331314820582475,1.000033385240421,0.0,0.0,1.0,1.000033385240421,0.0,,,,
kr_vs_kp,grand_coreset,GraNd,budget_25,seed_1,1.6510884792473335,0.7316997574689655,1.6510884792473335,0.7316997574689655,1.6510884792473335,0.7316997574689655,0.0,0.0,1.0,0.7316997574689655,0.0,,,,
kr_vs_kp,grand_coreset,GraNd,budget_25,seed_2,1.36706692712514,0.5976601463171777,1.36706692712514,0.5976601463171777,1.36706692712514,0.5976601463171777,0.0,0.0,1.0,0.5976601463171777,0.0,,,,
kr_vs_kp,grand_coreset,GraNd,budget_50,seed_0,0.8041496751408388,0.3305109188718419,0.8041496751408388,0.3305109188718419,0.8041496751408388,0.3305109188718419,0.0,0.0,1.0,0.3305109188718419,0.0,,,,
kr_vs_kp,grand_coreset,GraNd,budget_50,seed_1,0.05644325172304443,0.025013507219999627,0.05644325172304443,0.025013507219999627,0.05644325172304443,0.025013507219999627,0.0,0.0,1.0,0.025013507219999627,0.0,,,,
kr_vs_kp,grand_coreset,GraNd,budget_50,seed_2,1.36706692712514,0.5976601463171777,1.36706692712514,0.5976601463171777,1.36706692712514,0.5976601463171777,0.0,0.0,1.0,0.5976601463171777,0.0,,,,
kr_vs_kp,el2n_coreset,EL2N,budget_25,seed_0,2.4331314820582475,1.000033385240421,2.4331314820582475,1.000033385240421,2.4331314820582475,1.000033385240421,0.0,0.0,1.0,1.000033385240421,0.0,,,,
kr_vs_kp,el2n_coreset,EL2N,budget_25,seed_1,1.6510884792473335,0.7316997574689655,1.6510884792473335,0.7316997574689655,1.6510884792473335,0.7316997574689655,0.0,0.0,1.0,0.7316997574689655,0.0,,,,
kr_vs_kp,el2n_coreset,EL2N,budget_25,seed_2,1.36706692712514,0.5976601463171777,1.36706692712514,0.5976601463171777,1.36706692712514,0.5976601463171777,0.0,0.0,1.0,0.5976601463171777,0.0,,,,
kr_vs_kp,el2n_coreset,EL2N,budget_50,seed_0,0.8041496751408388,0.3305109188718419,0.8041496751408388,0.3305109188718419,0.8041496751408388,0.3305109188718419,0.0,0.0,1.0,0.3305109188718419,0.0,,,,
kr_vs_kp,el2n_coreset,EL2N,budget_50,seed_1,0.05644325172304443,0.025013507219999627,0.05644325172304443,0.025013507219999627,0.05644325172304443,0.025013507219999627,0.0,0.0,1.0,0.025013507219999627,0.0,,,,
kr_vs_kp,el2n_coreset,EL2N,budget_50,seed_2,1.36706692712514,0.5976601463171777,1.36706692712514,0.5976601463171777,1.36706692712514,0.5976601463171777,0.0,0.0,1.0,0.5976601463171777,0.0,,,,
kr_vs_kp,distribution_matching,DistributionMatching,budget_25,seed_0,0.8041496751408388,0.3305109188718419,0.8041496751408388,0.3305109188718419,0.8041496751408388,0.3305109188718419,0.0,0.0,1.0,0.3305109188718419,0.0,,,,
kr_vs_kp,distribution_matching,DistributionMatching,budget_25,seed_1,1.0274735008381453,0.4553372643674293,1.0274735008381453,0.4553372643674293,1.0274735008381453,0.4553372643674293,0.0,0.0,1.0,0.4553372643674293,0.0,,,,
kr_vs_kp,distribution_matching,DistributionMatching,budget_25,seed_2,0.0,0.0,0.0,0.0,0.0,0.0,1.0,1.0,1.0,0.0,1.0,,,,
kr_vs_kp,distribution_matching,DistributionMatching,budget_50,seed_0,0.0,0.0,0.0,0.0,0.0,0.0,1.0,1.0,1.0,0.0,1.0,,,,
kr_vs_kp,distribution_matching,DistributionMatching,budget_50,seed_1,0.05644325172304443,0.025013507219999627,0.05644325172304443,0.025013507219999627,0.05644325172304443,0.025013507219999627,0.0,0.0,1.0,0.025013507219999627,0.0,,,,
kr_vs_kp,distribution_matching,DistributionMatching,budget_50,seed_2,0.0,0.0,0.0,0.0,0.0,0.0,1.0,1.0,1.0,0.0,1.0,,,,
kr_vs_kp,k_center,K-center,budget_25,seed_0,0.0,0.0,0.0,0.0,0.0,0.0,1.0,1.0,1.0,0.0,1.0,,,,
kr_vs_kp,k_center,K-center,budget_25,seed_1,0.05644325172304443,0.025013507219999627,0.05644325172304443,0.025013507219999627,0.05644325172304443,0.025013507219999627,0.0,0.0,1.0,0.025013507219999627,0.0,,,,
kr_vs_kp,k_center,K-center,budget_25,seed_2,0.0,0.0,0.0,0.0,0.0,0.0,1.0,1.0,1.0,0.0,1.0,,,,
kr_vs_kp,k_center,K-center,budget_50,seed_0,0.0,0.0,0.0,0.0,0.0,0.0,1.0,1.0,1.0,0.0,1.0,,,,
kr_vs_kp,k_center,K-center,budget_50,seed_1,0.05644325172304443,0.025013507219999627,0.05644325172304443,0.025013507219999627,0.05644325172304443,0.025013507219999627,0.0,0.0,1.0,0.025013507219999627,0.0,,,,
kr_vs_kp,k_center,K-center,budget_50,seed_2,0.0,0.0,0.0,0.0,0.0,0.0,1.0,1.0,1.0,0.0,1.0,,,,
kr_vs_kp,gradient_sampling,Gradient sampling,budget_25,seed_0,2.1806306685137566,0.8962538545381782,2.1806306685137566,0.8962538545381782,2.1806306685137566,0.8962538545381782,0.0,0.0,1.0,0.8962538545381782,0.0,,,,
kr_vs_kp,gradient_sampling,Gradient sampling,budget_25,seed_1,1.6510884792473335,0.7316997574689655,1.6510884792473335,0.7316997574689655,1.6510884792473335,0.7316997574689655,0.0,0.0,1.0,0.7316997574689655,0.0,,,,
kr_vs_kp,gradient_sampling,Gradient sampling,budget_25,seed_2,1.36706692712514,0.5976601463171777,1.36706692712514,0.5976601463171777,1.36706692712514,0.5976601463171777,0.0,0.0,1.0,0.5976601463171777,0.0,,,,
kr_vs_kp,gradient_sampling,Gradient sampling,budget_50,seed_0,2.1806306685137566,0.8962538545381782,2.1806306685137566,0.8962538545381782,2.1806306685137566,0.8962538545381782,0.0,0.0,1.0,0.8962538545381782,0.0,,,,
kr_vs_kp,gradient_sampling,Gradient sampling,budget_50,seed_1,1.6510884792473335,0.7316997574689655,1.6510884792473335,0.7316997574689655,1.6510884792473335,0.7316997574689655,0.0,0.0,1.0,0.7316997574689655,0.0,,,,
kr_vs_kp,gradient_sampling,Gradient sampling,budget_50,seed_2,1.36706692712514,0.5976601463171777,1.36706692712514,0.5976601463171777,1.36706692712514,0.5976601463171777,0.0,0.0,1.0,0.5976601463171777,0.0,,,,
kr_vs_kp,gain_herding,Gain sketch,budget_25,seed_0,0.0,0.0,0.0,0.0,0.0,0.0,1.0,1.0,1.0,0.0,1.0,,,,
kr_vs_kp,gain_herding,Gain sketch,budget_25,seed_1,0.05644325172304443,0.025013507219999627,0.05644325172304443,0.025013507219999627,0.05644325172304443,0.025013507219999627,0.0,0.0,1.0,0.025013507219999627,0.0,,,,
kr_vs_kp,gain_herding,Gain sketch,budget_25,seed_2,0.0,0.0,0.0,0.0,0.0,0.0,1.0,1.0,1.0,0.0,1.0,,,,
kr_vs_kp,gain_herding,Gain sketch,budget_50,seed_0,0.0,0.0,0.0,0.0,0.0,0.0,1.0,1.0,1.0,0.0,1.0,,,,
kr_vs_kp,gain_herding,Gain sketch,budget_50,seed_1,0.05644325172304443,0.025013507219999627,0.05644325172304443,0.025013507219999627,0.05644325172304443,0.025013507219999627,0.0,0.0,1.0,0.025013507219999627,0.0,,,,
kr_vs_kp,gain_herding,Gain sketch,budget_50,seed_2,0.0,0.0,0.0,0.0,0.0,0.0,1.0,1.0,1.0,0.0,1.0,,,,
kr_vs_kp,gain_path_herding,Gain-path sketch,budget_25,seed_0,0.0,0.0,0.0,0.0,0.0,0.0,1.0,1.0,1.0,0.0,1.0,,,,
kr_vs_kp,gain_path_herding,Gain-path sketch,budget_25,seed_1,0.05644325172304443,0.025013507219999627,0.05644325172304443,0.025013507219999627,0.05644325172304443,0.025013507219999627,0.0,0.0,1.0,0.025013507219999627,0.0,,,,
kr_vs_kp,gain_path_herding,Gain-path sketch,budget_25,seed_2,0.0,0.0,0.0,0.0,0.0,0.0,1.0,1.0,1.0,0.0,1.0,,,,
kr_vs_kp,gain_path_herding,Gain-path sketch,budget_50,seed_0,0.0,0.0,0.0,0.0,0.0,0.0,1.0,1.0,1.0,0.0,1.0,,,,
kr_vs_kp,gain_path_herding,Gain-path sketch,budget_50,seed_1,0.05644325172304443,0.025013507219999627,0.05644325172304443,0.025013507219999627,0.05644325172304443,0.025013507219999627,0.0,0.0,1.0,0.025013507219999627,0.0,,,,
kr_vs_kp,gain_path_herding,Gain-path sketch,budget_50,seed_2,0.0,0.0,0.0,0.0,0.0,0.0,1.0,1.0,1.0,0.0,1.0,,,,
pc1,histdistill_greedy,HistDistill-Greedy,budget_25,seed_0,7.022060020794477,0.6732640515112276,3.8966402846331634,0.6933548763916334,11.085598829404274,0.5848190508000111,0.0,0.0,23.0,0.6011578926633223,0.0,0.6892824223410143,0.0,0.7378541579367144,0.0
pc1,histdistill_greedy,HistDistill-Greedy,budget_25,seed_1,5.4962672043510725,0.6333782500669166,3.6917036661550653,0.7328859415549869,8.536884599361894,0.45036202599587916,0.0,0.0,22.0,0.5070718970659773,0.0,0.896838261864364,0.0,0.712602792662768,0.0
pc1,histdistill_greedy,HistDistill-Greedy,budget_25,seed_2,7.516048023010898,0.8278090600867728,4.7885564988653195,0.8990254751290471,8.536884599361894,0.45036202599587916,0.0,0.0,22.0,0.7320654569383369,0.0,1.024676817535966,0.0,0.8985941463651609,0.0
pc1,histdistill_greedy,HistDistill-Greedy,budget_50,seed_0,8.19554758469768,0.777658292938215,4.491683533217184,0.7533357235053385,17.035176213285705,0.8986880850170584,0.043478260869565216,0.012458442142138476,23.0,0.7143781945849204,0.0,0.9110820654375746,0.0,0.6706596554213782,0.09090909090909091
pc1,histdistill_greedy,HistDistill-Greedy,budget_50,seed_1,5.473939313964963,0.6739615790358718,3.928247349686415,0.8100023146353329,14.118434797668504,0.7448158429884338,0.0,0.0,22.0,0.41597777949792425,0.0,0.8778864492447813,0.0,0.9685633811699391,0.0
pc1,histdistill_greedy,HistDistill-Greedy,budget_50,seed_2,9.20478205439273,0.9267398391611417,5.3608329426924985,0.9117532582454387,15.696429115842353,0.8280626890563637,0.0,0.0,22.0,0.8933361234866982,0.0,0.9079192194520115,0.0,0.9294001481079214,0.0
pc1,histdistill_refined,HistDistill-Refined,budget_25,seed_0,2.3528774695806445,0.27155534880253984,1.5804278775043337,0.3255047687038984,3.5106286066986314,0.18520266889282597,0.21739130434782608,0.11146732030335503,23.0,0.18339029177175253,0.0,0.2924615940905211,0.2857142857142857,0.4111297329724774,0.2727272727272727
pc1,histdistill_refined,HistDistill-Refined,budget_25,seed_1,1.0982573132119158,0.26602498594710233,1.5505512161271868,0.4536198700078611,0.0,0.0,0.09090909090909091,0.29565230847174834,22.0,0.12122681973658873,0.4,0.5334085882074175,0.0,0.5673593706478511,0.0
pc1,histdistill_refined,HistDistill-Refined,budget_25,seed_2,0.7467972505533886,0.15859042379733487,0.9173845046500566,0.23622196996712067,0.0,0.0,0.45454545454545453,0.6514993439842345,22.0,0.040901004134799,0.8333333333333334,0.26497383926738877,0.375,0.3539608250410938,0.25
pc1,histdistill_refined,HistDistill-Refined,budget_50,seed_0,1.1147601777215566,0.20057849685990958,1.1704720395671238,0.31697239371288294,0.0,0.0,0.2608695652173913,0.4861344672727493,23.0,0.12200563221619906,0.6,0.38053537337888577,0.14285714285714285,0.36514448006028283,0.18181818181818182
pc1,histdistill_refined,HistDistill-Refined,budget_50,seed_1,1.018321225606982,0.22355376598354298,1.3030037854584118,0.3759579320087529,0.0,0.0,0.22727272727272727,0.4706952515687249,22.0,0.1228048369347607,0.6,0.42720833009345527,0.125,0.4710426309745687,0.1111111111111111
pc1,histdistill_refined,HistDistill-Refined,budget_50,seed_2,0.7642577104996487,0.18930932214480228,1.0950814971235736,0.3237965879990385,0.0,0.0,0.18181818181818182,0.45313980273422094,22.0,0.24999936754638252,0.5,0.28436392731553356,0.125,0.4185771640220355,0.0
pc1,histdistill_density,HistDistill-Density,budget_25,seed_0,2.36716045662669,0.2762026902920919,1.6072704990405722,0.33299076705113523,3.5106286066986314,0.18520266889282597,0.17391304347826086,0.09256615919204807,23.0,0.18339029177175253,0.0,0.3587198018851356,0.14285714285714285,0.3846179609201272,0.2727272727272727
pc1,histdistill_density,HistDistill-Density,budget_25,seed_1,1.0982573132119158,0.26602498594710233,1.5505512161271868,0.4536198700078611,0.0,0.0,0.09090909090909091,0.29565230847174834,22.0,0.12122681973658873,0.4,0.5334085882074175,0.0,0.5673593706478511,0.0
pc1,histdistill_density,HistDistill-Density,budget_25,seed_2,1.0433845478484858,0.2053857795143925,1.1880776095456975,0.28422095437890155,0.0,0.0,0.3181818181818182,0.5158940615730783,22.0,0.09599670355570043,0.6666666666666666,0.3136811734172998,0.25,0.3959289234579041,0.125
pc1,histdistill_density,HistDistill-Density,budget_50,seed_0,1.1248362363044406,0.20468949165004685,1.205636107321783,0.33131920384209307,0.0,0.0,0.2608695652173913,0.4861344672727493,23.0,0.12200563221619906,0.6,0.38053537337888577,0.14285714285714285,0.3951423557849951,0.18181818181818182
pc1,histdistill_density,HistDistill-Density,budget_50,seed_1,1.018321225606982,0.22355376598354298,1.3030037854584118,0.3759579320087529,0.0,0.0,0.22727272727272727,0.4706952515687249,22.0,0.1228048369347607,0.6,0.42720833009345527,0.125,0.4710426309745687,0.1111111111111111
pc1,histdistill_density,HistDistill-Density,budget_50,seed_2,0.9390103607150769,0.2010540196331179,1.1630200474445687,0.3154787598585002,0.0,0.0,0.18181818181818182,0.45313980273422094,22.0,0.29484360513788893,0.5,0.2621482116749667,0.125,0.3842856740824919,0.0
pc1,gain_path_refined,Legacy gain-path refined,budget_25,seed_0,1.9779587398371912,0.2906322988132034,1.702033940712958,0.40035084504529134,1.148058142023178,0.060565629625738464,0.17391304347826086,0.09256615919204807,23.0,0.13353547606491753,0.0,0.47720396390459235,0.14285714285714285,0.47272402803499697,0.2727272727272727
pc1,gain_path_refined,Legacy gain-path refined,budget_25,seed_1,1.4315006260411594,0.27226742185911207,1.5869358307546546,0.41732559123884133,1.148058142023178,0.060565629625738464,0.0,0.0,22.0,0.23707880280982732,0.0,0.49504263591728725,0.0,0.4483808784296751,0.0
pc1,gain_path_refined,Legacy gain-path refined,budget_25,seed_2,1.1821119046064292,0.22845509923522128,1.3215247366670133,0.33497341811192044,0.0,0.0,0.36363636363636365,0.5745915648821449,22.0,0.3087353460541992,0.5,0.3000803488032382,0.375,0.38954504146389357,0.25
pc1,gain_path_refined,Legacy gain-path refined,budget_50,seed_0,1.790581919540012,0.2801597390883787,1.641545388743815,0.41727874525561903,1.148058142023178,0.060565629625738464,0.08695652173913043,0.06359555886058785,23.0,0.287744091544191,0.0,0.37580630371334983,0.14285714285714285,0.502549687014985,0.09090909090909091
pc1,gain_path_refined,Legacy gain-path refined,budget_50,seed_1,1.0653433841257687,0.23549589830208667,1.372609607346705,0.3945820189122334,0.0,0.0,0.18181818181818182,0.4383897307507877,22.0,0.1228048369347607,0.6,0.47382767972769535,0.0,0.4751287548415298,0.1111111111111111
pc1,gain_path_refined,Legacy gain-path refined,budget_50,seed_2,0.9831682907499693,0.2127904762160561,1.230910927302767,0.32834958328025876,0.0,0.0,0.18181818181818182,0.45313980273422094,22.0,0.29484360513788893,0.5,0.35224348602007305,0.125,0.3295851641472217,0.0
pc1,herding,Herding,budget_25,seed_0,4.1517798373440975,0.4826198557058866,2.8109365984847523,0.6035909719567226,6.1046766851117145,0.3220512738525506,0.0,0.0,23.0,0.3268094655077496,0.0,0.5285379030647194,0.0,0.7771617914557122,0.0
pc1,herding,Herding,budget_25,seed_1,3.8464694702892475,0.4587252744661345,2.6737226567626857,0.5637577486058931,6.1046766851117145,0.3220512738525506,0.0,0.0,22.0,0.35059985056884807,0.0,0.6494841494436792,0.0,0.6059775578817748,0.0
pc1,herding,Herding,budget_25,seed_2,3.924573568022126,0.47902429894416976,2.770971025109416,0.5893071516643003,6.1046766851117145,0.3220512738525506,0.0,0.0,22.0,0.3492535092995038,0.0,0.6115130217535024,0.0,0.7471415133486952,0.0
pc1,herding,Herding,budget_50,seed_0,3.3756484214699674,0.43078400609466966,2.511537448185297,0.5575659207910012,4.313638059036435,0.22756530828890337,0.0,0.0,23.0,0.3718775557479619,0.0,0.5084040873476499,0.0,0.6732545261836063,0.0
pc1,herding,Herding,budget_50,seed_1,3.4472720227323297,0.43150044654953335,2.5150402311828075,0.5285199761881246,4.313638059036435,0.22756530828890337,0.09090909090909091,0.09066716066228653,22.0,0.5352141886849247,0.0,0.5069748461841523,0.25,0.5439521959156557,0.0
pc1,herding,Herding,budget_50,seed_2,3.4707031156529964,0.44855533323131713,2.59471979664051,0.5343533474988477,4.313638059036435,0.22756530828890337,0.045454545454545456,0.05389179514370107,22.0,0.5963265032540396,0.0,0.4788004026582155,0.125,0.5434264255230858,0.0
pc1,random,Random,budget_25,seed_0,3.885621816963514,0.44953051673517236,2.6198155877150415,0.5452189668002593,11.785270962880706,0.6217301459305294,0.0,0.0,23.0,0.2719383085886871,0.0,0.597777839821778,0.0,0.6359908922463707,0.0
pc1,random,Random,budget_25,seed_1,4.5344449481818385,0.49638314310529447,2.8932150243962207,0.5506830453761786,7.3836027800443755,0.3895208220828177,0.0,0.0,22.0,0.4025171483589662,0.0,0.5733389060092804,0.0,0.6128588898229839,0.0
pc1,random,Random,budget_25,seed_2,4.993617451219675,0.5375309801603341,3.10940963622505,0.6108348648944605,8.711728718077127,0.45958590042238157,0.045454545454545456,0.038975217767000546,22.0,0.564357194633211,0.0,0.6325498701257573,0.0,0.6239781123591006,0.125
pc1,random,Random,budget_50,seed_0,1.3935179945055802,0.26878201790131123,1.5758287065383212,0.4296137383966833,0.0,0.0,0.21739130434782608,0.5024415589251328,23.0,0.2500443184326611,0.6,0.4129416268211284,0.14285714285714285,0.521845727564774,0.09090909090909091
pc1,random,Random,budget_50,seed_1,1.5470549764773982,0.25415913994942785,1.4813900361103203,0.33754254465705913,1.148058142023178,0.060565629625738464,0.13636363636363635,0.10826490758321586,22.0,0.3111889586619057,0.0,0.33614919351608535,0.25,0.3534219601130099,0.1111111111111111
pc1,random,Random,budget_50,seed_2,4.205337111281862,0.45694645086483493,2.643259179469339,0.5010352498856143,7.6603713790402885,0.40412170669418485,0.09090909090909091,0.05617623048953539,22.0,0.5602062813592567,0.0,0.5620727797276819,0.0,0.3956194464383149,0.25
pc1,goss_coreset,GOSS coreset,budget_25,seed_0,5.022097697493287,0.5562173212292739,3.2706353607701604,0.6390965971077985,6.785053468194263,0.35794444575890616,0.0,0.0,23.0,0.5067821633050403,0.0,0.6264492215057151,0.0,0.7072878514921963,0.0
pc1,goss_coreset,GOSS coreset,budget_25,seed_1,4.97089742412278,0.5372410859629134,3.1313593203569527,0.6059924765802139,8.378885420792212,0.44202680378007864,0.045454545454545456,0.01759774692092934,22.0,0.5715810995442672,0.0,0.5954239288822089,0.0,0.6345041728873002,0.1111111111111111
pc1,goss_coreset,GOSS coreset,budget_25,seed_2,4.412008708546909,0.4077466560784615,2.358657320868718,0.39384771466329477,8.711728718077127,0.45958590042238157,0.22727272727272727,0.15540072710977618,22.0,0.31166420926802607,0.0,0.37960594862746244,0.25,0.4697271097455787,0.375
pc1,goss_coreset,GOSS coreset,budget_50,seed_0,1.2764322432964887,0.24441104225130442,1.4596240904960323,0.3949849397948877,0.0,0.0,0.391304347826087,0.5606641989016536,23.0,0.2016711149282724,0.6,0.34874437099519057,0.2857142857142857,0.5122806766977018,0.36363636363636365
pc1,goss_coreset,GOSS coreset,budget_50,seed_1,4.5744548638434965,0.4380567832556402,2.5532544455987964,0.4275297432151802,8.711728718077127,0.45958590042238157,0.0,0.0,22.0,0.3853742453978586,0.0,0.43051356898529924,0.0,0.44829717465136415,0.0
pc1,goss_coreset,GOSS coreset,budget_50,seed_2,3.2994891502043155,0.3938390949054665,2.278207437375861,0.45876120045999064,4.601780723752297,0.2427662299772423,0.13636363636363635,0.08134286445968558,22.0,0.3655686808818528,0.0,0.48857482561218235,0.125,0.49884196499140226,0.25
pc1,mvs_coreset,MVS coreset,budget_25,seed_0,3.409708729970728,0.36783614879348436,2.155781344709507,0.39080509422655035,4.313638059036435,0.22756530828890337,0.08695652173913043,0.02897060033146023,23.0,0.243171689177355,0.0,0.4496099369085386,0.0,0.4204899239058284,0.18181818181818182
pc1,mvs_coreset,MVS coreset,budget_25,seed_1,2.414335041424524,0.3071446672409282,1.7902210787527302,0.3832954642382944,2.816537323798201,0.14858599067083358,0.045454545454545456,0.03304548154580799,22.0,0.2387953043765668,0.0,0.31371531551281606,0.0,0.5254223519174571,0.1111111111111111
pc1,mvs_coreset,MVS coreset,budget_25,seed_2,5.015240401418491,0.5465845059248986,3.161780794899015,0.5815014006352842,8.593275157648321,0.45333690117210124,0.13636363636363635,0.07025650150556502,22.0,0.5488952958242365,0.0,0.6020267866252162,0.125,0.5854305932536379,0.25
pc1,mvs_coreset,MVS coreset,budget_50,seed_0,2.962682880907422,0.3147033619577836,1.848891203022537,0.3687368109967437,4.313638059036435,0.22756530828890337,0.0,0.0,23.0,0.238225947679133,0.0,0.2972251613320848,0.0,0.47356734410953166,0.0
pc1,mvs_coreset,MVS coreset,budget_50,seed_1,2.5862210638909384,0.26370778524321736,1.5370451976732136,0.25422123825356635,4.343332406349079,0.22913182898631881,0.09090909090909091,0.05064322846673733,22.0,0.2772594078107437,0.0,0.23698439977578542,0.0,0.2567438893687174,0.2222222222222222
pc1,mvs_coreset,MVS coreset,budget_50,seed_2,4.5110948570229,0.4055287411626647,2.3458275375333484,0.3778832467348247,9.31430812855659,0.49137488397584533,0.22727272727272727,0.12963758163149147,22.0,0.45733058826169026,0.0,0.4074434562063711,0.25,0.28873753111812905,0.375
pc1,craig_coreset,CRAIG-style,budget_25,seed_0,6.047649552388576,0.5671675726255907,3.2963871993397804,0.573259986942842,12.253995618166286,0.646457642587145,0.0,0.0,23.0,0.5132816426569371,0.0,0.48495211346111594,0.0,0.6567187901975333,0.0
pc1,craig_coreset,CRAIG-style,budget_25,seed_1,9.238794936265302,0.8479825171480265,4.942544470164599,0.7873142066233071,16.763305546097158,0.8843455900402566,0.0,0.0,22.0,0.950009826416319,0.0,0.7447042236525692,0.0,0.7348032916011786,0.0
pc1,craig_coreset,CRAIG-style,budget_25,seed_2,4.8304668229914585,0.5265531249894793,3.0459069732842887,0.5910580594103385,8.258514443270276,0.4356766514877616,0.0,0.0,22.0,0.5005317581887223,0.0,0.6312555374393515,0.0,0.6187553072975378,0.0
pc1,craig_coreset,CRAIG-style,budget_50,seed_0,4.098515023996957,0.48869810784124246,2.8534151969999013,0.5806933185579589,4.343332406349079,0.22913182898631881,0.0,0.0,23.0,0.33615457154151446,0.0,0.6400744636411634,0.0,0.6540592930579398,0.0
pc1,craig_coreset,CRAIG-style,budget_50,seed_1,3.216360086027418,0.42915188712288266,2.501351435515078,0.5420008762882117,2.816537323798201,0.14858599067083358,0.0,0.0,22.0,0.3402943648823381,0.0,0.5330548421648837,0.0,0.6620120796233213,0.0
pc1,craig_coreset,CRAIG-style,budget_50,seed_2,4.059579422425041,0.4742377948276813,2.7432829427979546,0.5683433698112409,6.490827555704698,0.34242260327561996,0.045454545454545456,0.05389179514370107,22.0,0.4267201673194734,0.0,0.6089574431627733,0.125,0.6339466983285345,0.0
pc1,gradmatch_coreset,GradMatch-style,budget_25,seed_0,5.069723165215027,0.5074681212357467,2.9544579189965985,0.5076268905867084,7.853457908990114,0.4143079567024393,0.08695652173913043,0.02897060033146023,23.0,0.5488561031268786,0.0,0.4690062784555257,0.0,0.5134630926064746,0.18181818181818182
pc1,gradmatch_coreset,GradMatch-style,budget_25,seed_1,4.588166368367641,0.5493555227888581,3.2019694349906946,0.6284831647655904,6.759475556157128,0.3565950869674508,0.045454545454545456,0.01759774692092934,22.0,0.4014492506594853,0.0,0.8240620695210643,0.0,0.5807652017085607,0.1111111111111111
pc1,gradmatch_coreset,GradMatch-style,budget_25,seed_2,5.535497042223786,0.5700001145658877,3.297231070015527,0.6293891557665652,14.629751449222645,0.7717902738172827,0.09090909090909091,0.07109280786623591,22.0,0.5640889808540542,0.0,0.7189380709605713,0.125,0.5888153717569424,0.125
pc1,gradmatch_coreset,GradMatch-style,budget_50,seed_0,2.67051449328231,0.3034637892876881,1.7761474620297755,0.3604796810316024,4.005414451806912,0.2113050195856893,0.08695652173913043,0.02897060033146023,23.0,0.37350461974027555,0.0,0.24546529078390464,0.0,0.427750229958013,0.18181818181818182
pc1,gradmatch_coreset,GradMatch-style,budget_50,seed_1,4.689890641078311,0.4827363770019968,2.8136735869544043,0.5318869176193265,8.536884599361894,0.45036202599587916,0.09090909090909091,0.09066716066228653,22.0,0.4620228413665076,0.0,0.5377437562032997,0.25,0.5654942145740277,0.0
pc1,gradmatch_coreset,GradMatch-style,budget_50,seed_2,2.3061773895329027,0.3120382196185461,1.8050208876575062,0.403171056059284,2.816537323798201,0.14858599067083358,0.09090909090909091,0.0762766868328051,22.0,0.2670702020879068,0.0,0.4684760377564284,0.125,0.43994171484067246,0.125
pc1,grand_coreset,GraNd,budget_25,seed_0,3.212635855859349,0.36456425593031777,2.136883189273641,0.43278960836255764,4.313638059036435,0.22756530828890337,0.0,0.0,23.0,0.238225947679133,0.0,0.2972957222059562,0.0,0.6074510180455879,0.0
pc1,grand_coreset,GraNd,budget_25,seed_1,3.385727328732874,0.47184846703923716,2.750212397496068,0.582339993475949,2.816537323798201,0.14858599067083358,0.0,0.0,22.0,0.48351574198271496,0.0,0.6217072832424949,0.0,0.6022492089574825,0.0
pc1,grand_coreset,GraNd,budget_25,seed_2,4.667792875505044,0.47228713580353937,2.7319991318353805,0.488288674097236,8.378885420792212,0.44202680378007864,0.13636363636363635,0.07025650150556502,22.0,0.4082848915414921,0.0,0.55827960039028,0.125,0.47830058472100007,0.25
pc1,grand_coreset,GraNd,budget_50,seed_0,3.0319483340643774,0.332094247468177,1.9493393751624641,0.39531262154719315,4.313638059036435,0.22756530828890337,0.0,0.0,23.0,0.238225947679133,0.0,0.3428969336665893,0.0,0.5000710928657867,0.0
pc1,grand_coreset,GraNd,budget_50,seed_1,2.8373956078041855,0.3016887554291619,1.758420792532626,0.31341017647809566,4.343332406349079,0.22913182898631881,0.09090909090909091,0.05064322846673733,22.0,0.34705449870786065,0.0,0.262748009540309,0.0,0.339751923628481,0.2222222222222222
pc1,grand_coreset,GraNd,budget_50,seed_2,2.789387340651078,0.33483735132194187,1.9369050811880022,0.39305316925559064,4.343332406349079,0.22913182898631881,0.045454545454545456,0.017201012722534843,22.0,0.2752728585225475,0.0,0.43828330138069627,0.0,0.4361582701802672,0.125
pc1,el2n_coreset,EL2N,budget_25,seed_0,3.212635855859349,0.36456425593031777,2.136883189273641,0.43278960836255764,4.313638059036435,0.22756530828890337,0.0,0.0,23.0,0.238225947679133,0.0,0.2972957222059562,0.0,0.6074510180455879,0.0
pc1,el2n_coreset,EL2N,budget_25,seed_1,3.385727328732874,0.47184846703923716,2.750212397496068,0.582339993475949,2.816537323798201,0.14858599067083358,0.0,0.0,22.0,0.48351574198271496,0.0,0.6217072832424949,0.0,0.6022492089574825,0.0
pc1,el2n_coreset,EL2N,budget_25,seed_2,4.667792875505044,0.47228713580353937,2.7319991318353805,0.488288674097236,8.378885420792212,0.44202680378007864,0.13636363636363635,0.07025650150556502,22.0,0.4082848915414921,0.0,0.55827960039028,0.125,0.47830058472100007,0.25
pc1,el2n_coreset,EL2N,budget_50,seed_0,3.0319483340643774,0.332094247468177,1.9493393751624641,0.39531262154719315,4.313638059036435,0.22756530828890337,0.0,0.0,23.0,0.238225947679133,0.0,0.3428969336665893,0.0,0.5000710928657867,0.0
pc1,el2n_coreset,EL2N,budget_50,seed_1,2.8373956078041855,0.3016887554291619,1.758420792532626,0.31341017647809566,4.343332406349079,0.22913182898631881,0.09090909090909091,0.05064322846673733,22.0,0.34705449870786065,0.0,0.262748009540309,0.0,0.339751923628481,0.2222222222222222
pc1,el2n_coreset,EL2N,budget_50,seed_2,2.789387340651078,0.33483735132194187,1.9369050811880022,0.39305316925559064,4.343332406349079,0.22913182898631881,0.045454545454545456,0.017201012722534843,22.0,0.2752728585225475,0.0,0.43828330138069627,0.0,0.4361582701802672,0.125
pc1,distribution_matching,DistributionMatching,budget_25,seed_0,4.922596600871665,0.61694849127663,3.5713667334260903,0.823464173358053,6.927795851345174,0.365474798093308,0.0,0.0,23.0,0.45757288970796894,0.0,0.8651991595859015,0.0,0.96321976559946,0.0
pc1,distribution_matching,DistributionMatching,budget_25,seed_1,5.310110369493713,0.6619310829999622,3.8581264917050433,0.8207983865825935,7.783277641735495,0.41060560756349407,0.0,0.0,22.0,0.4808079600637771,0.0,0.8682812251024576,0.0,0.9674749892976126,0.0
pc1,distribution_matching,DistributionMatching,budget_25,seed_2,1.5189933618922375,0.35366935445862796,2.045840964297783,0.5559350358167033,0.0,0.0,0.18181818181818182,0.4873255522498607,22.0,0.10539250161510418,0.6666666666666666,0.7118358007567986,0.0,0.737941171527807,0.0
pc1,distribution_matching,DistributionMatching,budget_50,seed_0,4.044786810116798,0.5163048640486867,3.0335749281221096,0.71448230920446,5.629656751507433,0.29699167076239724,0.0,0.0,23.0,0.32865801562930663,0.0,0.7383376403511787,0.0,0.8746763228270725,0.0
pc1,distribution_matching,DistributionMatching,budget_50,seed_1,6.175371057727615,0.6959525067789207,4.056423504397423,0.7778949492463635,8.38975142676002,0.44260003824344607,0.0,0.0,22.0,0.6159706266201482,0.0,0.8163317322670867,0.0,0.8336868769091736,0.0
pc1,distribution_matching,DistributionMatching,budget_50,seed_2,2.6853184414219853,0.4798518898360043,2.7757583195889928,0.6636762748772689,1.148058142023178,0.060565629625738464,0.045454545454545456,0.017201012722534843,22.0,0.4452862183933601,0.0,0.7893519303242658,0.0,0.7017931617932038,0.125
pc1,k_center,K-center,budget_25,seed_0,6.491288726318842,0.7150373485854785,4.137919047169952,0.8239691882984443,7.928657850799835,0.4182751179957675,0.0,0.0,23.0,0.6104876006707931,0.0,0.977905445134699,0.0,0.8230468374152147,0.0
pc1,k_center,K-center,budget_25,seed_1,6.04424402660325,0.6549614901029097,3.8175035753877578,0.7253981874315177,7.928657850799835,0.4182751179957675,0.0,0.0,22.0,0.66696660496077,0.0,0.681039056442088,0.0,0.7972905163503152,0.0
pc1,k_center,K-center,budget_25,seed_2,6.42703721481452,0.6948070027163741,4.0191908360677635,0.7380622149188253,7.928657850799835,0.4182751179957675,0.0,0.0,22.0,0.7473100465260633,0.0,0.7082368566750447,0.0,0.7609516994571778,0.0
pc1,k_center,K-center,budget_50,seed_0,9.002031363973689,0.8406807574933879,4.855695553452562,0.8185188208158484,16.69970916277054,0.8809905726791073,0.043478260869565216,0.012458442142138476,23.0,0.791263891605776,0.0,0.9424912180840288,0.0,0.7520158994679478,0.09090909090909091
pc1,k_center,K-center,budget_50,seed_1,7.035591771589157,0.6302728764019921,3.673603708756193,0.5968524293591535,15.117152271108601,0.7975030287528505,0.045454545454545456,0.038436444830664517,22.0,0.7200955356030577,0.0,0.5535520510123477,0.0,0.5668732621985897,0.1111111111111111
pc1,k_center,K-center,budget_50,seed_2,7.393877031941344,0.7413174349747701,4.288235768521911,0.747537263414248,15.696429115842353,0.8280626890563637,0.045454545454545456,0.03872865879860772,22.0,0.7278342023470382,0.0,0.8322563214069199,0.0,0.6775955012219834,0.125
pc1,gradient_sampling,Gradient sampling,budget_25,seed_0,3.2716211870603966,0.43065838315054167,2.5449640622369762,0.5966399396252074,3.8303310788591887,0.20206852333917538,0.13043478260869565,0.06544062280783733,23.0,0.2520872737793069,0.0,0.4750976990004527,0.2857142857142857,0.8305998499527334,0.09090909090909091
pc1,gradient_sampling,Gradient sampling,budget_25,seed_1,5.168640403255778,0.5591818031095983,3.2592428179666824,0.6296377076466289,14.118434797668504,0.7448158429884338,0.09090909090909091,0.05064322846673733,22.0,0.41158524863285395,0.0,0.7994178237241392,0.0,0.5998623039187169,0.2222222222222222
pc1,gradient_sampling,Gradient sampling,budget_25,seed_2,3.179388698417078,0.4398494587725102,2.544359666837562,0.5826588489538694,3.8303310788591887,0.20206852333917538,0.13636363636363635,0.09637985622080822,22.0,0.36800083133111894,0.0,0.6768557710656815,0.125,0.6494554400591206,0.25
pc1,gradient_sampling,Gradient sampling,budget_50,seed_0,6.921600624016106,0.6606501470145483,3.8392233603524186,0.6911604238763212,18.29864783054326,0.9653423346690844,0.0,0.0,23.0,0.49564805271242685,0.0,0.6829137392628317,0.0,0.7852775737048574,0.0
pc1,gradient_sampling,Gradient sampling,budget_50,seed_1,4.631290738577432,0.5005280513980496,2.9173740054452595,0.5488621716367579,9.140812900005766,0.4822221700412318,0.045454545454545456,0.03899282315079889,22.0,0.37066177109452847,0.0,0.601403554577803,0.0,0.6011589426570675,0.1111111111111111
pc1,gradient_sampling,Gradient sampling,budget_50,seed_2,3.065936618525139,0.4350419644044273,2.516550164007128,0.5991861040018143,3.8303310788591887,0.20206852333917538,0.045454545454545456,0.03872865879860772,22.0,0.37273358188481387,0.0,0.7064901280794492,0.0,0.6617214715119295,0.125
pc1,gain_herding,Gain sketch,budget_25,seed_0,1.8857777434757148,0.300739501518086,1.760412223782353,0.4640374181451362,1.148058142023178,0.060565629625738464,0.08695652173913043,0.06359555886058785,23.0,0.2103540474327276,0.0,0.5086459275304615,0.14285714285714285,0.5509608079510243,0.09090909090909091
pc1,gain_herding,Gain sketch,budget_25,seed_1,2.038630925307386,0.370313688721722,2.1584075584170335,0.5545028981921465,1.148058142023178,0.060565629625738464,0.045454545454545456,0.03304548154580799,22.0,0.3111889586619057,0.0,0.6232202163340339,0.0,0.6285952484717137,0.1111111111111111
pc1,gain_herding,Gain sketch,budget_25,seed_2,2.33447715202323,0.4383816068853366,2.5358687091607277,0.6312715691714285,1.148058142023178,0.060565629625738464,0.045454545454545456,0.017201012722534843,22.0,0.4320875310239402,0.0,0.7091254011860302,0.0,0.7028057657674427,0.125
pc1,gain_herding,Gain sketch,budget_50,seed_0,1.7215322230934538,0.27063722149190306,1.5865441936543174,0.4145156711193127,1.148058142023178,0.060565629625738464,0.08695652173913043,0.06359555886058785,23.0,0.20018030287204866,0.0,0.37580630371334983,0.14285714285714285,0.5365740723082272,0.09090909090909091
pc1,gain_herding,Gain sketch,budget_50,seed_1,1.6018361692256886,0.2828965884987645,1.6488889108416835,0.43466471344942553,1.148058142023178,0.060565629625738464,0.045454545454545456,0.03304548154580799,22.0,0.3106464454349303,0.0,0.49261558277574924,0.0,0.45205186738963515,0.1111111111111111
pc1,gain_herding,Gain sketch,budget_50,seed_2,1.3837594901960162,0.29222579443376545,1.6904136407074433,0.43541522423747464,0.0,0.0,0.13636363636363635,0.4205886784410854,22.0,0.2782857354400776,0.5,0.5227638420421037,0.0,0.4659137230308932,0.0
pc1,gain_path_herding,Gain-path sketch,budget_25,seed_0,1.491719061522552,0.24469658351409446,1.436713429288858,0.4052083960032302,1.148058142023178,0.060565629625738464,0.08695652173913043,0.06359555886058785,23.0,0.16441913983679343,0.0,0.37580630371334983,0.14285714285714285,0.5333684802633527,0.09090909090909091
pc1,gain_path_herding,Gain-path sketch,budget_25,seed_1,1.0611384065177567,0.2780554818720106,1.6206720734615765,0.487656758965289,0.0,0.0,0.18181818181818182,0.49302095835125004,22.0,0.19561852168743496,0.8,0.49340091637497785,0.0,0.644794306422151,0.0
pc1,gain_path_herding,Gain-path sketch,budget_25,seed_2,1.8252566410740834,0.3069259963376724,1.7754486454635006,0.43472338804698685,1.148058142023178,0.060565629625738464,0.09090909090909091,0.06648666538542791,22.0,0.3392640261464266,0.0,0.5262014530078611,0.0,0.4148398445115326,0.25
pc1,gain_path_herding,Gain-path sketch,budget_50,seed_0,1.707579227978525,0.26619325341840294,1.5608762384622423,0.4076860221127895,1.148058142023178,0.060565629625738464,0.08695652173913043,0.06359555886058785,23.0,0.20018030287204866,0.0,0.39308609311393283,0.14285714285714285,0.5112976674942169,0.09090909090909091
pc1,gain_path_herding,Gain-path sketch,budget_50,seed_1,1.2124010482867842,0.2633518437626014,1.534970559857994,0.435577861842833,0.0,0.0,0.18181818181818182,0.44848030037889713,22.0,0.1831518017970022,0.6,0.4524688072087163,0.125,0.5608003882097315,0.0
pc1,gain_path_herding,Gain-path sketch,budget_50,seed_2,1.0087184464507113,0.22069479739059839,1.2766343801549327,0.34249481436165147,0.0,0.0,0.18181818181818182,0.45313980273422094,22.0,0.29484360513788893,0.5,0.35224348602007305,0.125,0.3684845496210516,0.0
pc3,histdistill_greedy,HistDistill-Greedy,budget_25,seed_0,0.22304307399350187,0.22304307399350187,0.22304307399350187,0.22304307399350187,0.22304307399350187,0.22304307399350187,0.0,0.0,1.0,0.22304307399350187,0.0,,,,
pc3,histdistill_greedy,HistDistill-Greedy,budget_25,seed_1,0.0,0.0,0.0,0.0,0.0,0.0,1.0,1.0,1.0,0.0,1.0,,,,
pc3,histdistill_greedy,HistDistill-Greedy,budget_25,seed_2,0.2579182677900482,0.2579182677900482,0.2579182677900482,0.2579182677900482,0.2579182677900482,0.2579182677900482,0.0,0.0,1.0,0.2579182677900482,0.0,,,,
pc3,histdistill_greedy,HistDistill-Greedy,budget_50,seed_0,0.07456091559714612,0.07456091559714612,0.07456091559714612,0.07456091559714612,0.07456091559714612,0.07456091559714612,0.0,0.0,1.0,0.07456091559714612,0.0,,,,
pc3,histdistill_greedy,HistDistill-Greedy,budget_50,seed_1,0.19846921216612035,0.19846921216612035,0.19846921216612035,0.19846921216612035,0.19846921216612035,0.19846921216612035,0.0,0.0,1.0,0.19846921216612035,0.0,,,,
pc3,histdistill_greedy,HistDistill-Greedy,budget_50,seed_2,0.2579182677900482,0.2579182677900482,0.2579182677900482,0.2579182677900482,0.2579182677900482,0.2579182677900482,0.0,0.0,1.0,0.2579182677900482,0.0,,,,
pc3,histdistill_refined,HistDistill-Refined,budget_25,seed_0,0.2375223025664458,0.2375223025664458,0.2375223025664458,0.2375223025664458,0.2375223025664458,0.2375223025664458,0.0,0.0,1.0,0.2375223025664458,0.0,,,,
pc3,histdistill_refined,HistDistill-Refined,budget_25,seed_1,0.10376920578694981,0.10376920578694981,0.10376920578694981,0.10376920578694981,0.10376920578694981,0.10376920578694981,0.0,0.0,1.0,0.10376920578694981,0.0,,,,
pc3,histdistill_refined,HistDistill-Refined,budget_25,seed_2,0.2712929384710285,0.2712929384710285,0.2712929384710285,0.2712929384710285,0.2712929384710285,0.2712929384710285,0.0,0.0,1.0,0.2712929384710285,0.0,,,,
pc3,histdistill_refined,HistDistill-Refined,budget_50,seed_0,0.4552720460994673,0.4552720460994673,0.4552720460994673,0.4552720460994673,0.4552720460994673,0.4552720460994673,0.0,0.0,1.0,0.4552720460994673,0.0,,,,
pc3,histdistill_refined,HistDistill-Refined,budget_50,seed_1,0.10376920578694981,0.10376920578694981,0.10376920578694981,0.10376920578694981,0.10376920578694981,0.10376920578694981,0.0,0.0,1.0,0.10376920578694981,0.0,,,,
pc3,histdistill_refined,HistDistill-Refined,budget_50,seed_2,0.19054747713505793,0.19054747713505793,0.19054747713505793,0.19054747713505793,0.19054747713505793,0.19054747713505793,0.0,0.0,1.0,0.19054747713505793,0.0,,,,
pc3,histdistill_density,HistDistill-Density,budget_25,seed_0,0.2375223025664458,0.2375223025664458,0.2375223025664458,0.2375223025664458,0.2375223025664458,0.2375223025664458,0.0,0.0,1.0,0.2375223025664458,0.0,,,,
pc3,histdistill_density,HistDistill-Density,budget_25,seed_1,0.10376920578694981,0.10376920578694981,0.10376920578694981,0.10376920578694981,0.10376920578694981,0.10376920578694981,0.0,0.0,1.0,0.10376920578694981,0.0,,,,
pc3,histdistill_density,HistDistill-Density,budget_25,seed_2,0.2434056493027998,0.2434056493027998,0.2434056493027998,0.2434056493027998,0.2434056493027998,0.2434056493027998,0.0,0.0,1.0,0.2434056493027998,0.0,,,,
pc3,histdistill_density,HistDistill-Density,budget_50,seed_0,0.48960791159417616,0.48960791159417616,0.48960791159417616,0.48960791159417616,0.48960791159417616,0.48960791159417616,0.0,0.0,1.0,0.48960791159417616,0.0,,,,
pc3,histdistill_density,HistDistill-Density,budget_50,seed_1,0.32887723925714085,0.32887723925714085,0.32887723925714085,0.32887723925714085,0.32887723925714085,0.32887723925714085,0.0,0.0,1.0,0.32887723925714085,0.0,,,,
pc3,histdistill_density,HistDistill-Density,budget_50,seed_2,0.19054747713505793,0.19054747713505793,0.19054747713505793,0.19054747713505793,0.19054747713505793,0.19054747713505793,0.0,0.0,1.0,0.19054747713505793,0.0,,,,
pc3,gain_path_refined,Legacy gain-path refined,budget_25,seed_0,0.2375223025664458,0.2375223025664458,0.2375223025664458,0.2375223025664458,0.2375223025664458,0.2375223025664458,0.0,0.0,1.0,0.2375223025664458,0.0,,,,
pc3,gain_path_refined,Legacy gain-path refined,budget_25,seed_1,0.10376920578694981,0.10376920578694981,0.10376920578694981,0.10376920578694981,0.10376920578694981,0.10376920578694981,0.0,0.0,1.0,0.10376920578694981,0.0,,,,
pc3,gain_path_refined,Legacy gain-path refined,budget_25,seed_2,0.1885044763547184,0.1885044763547184,0.1885044763547184,0.1885044763547184,0.1885044763547184,0.1885044763547184,0.0,0.0,1.0,0.1885044763547184,0.0,,,,
pc3,gain_path_refined,Legacy gain-path refined,budget_50,seed_0,0.4552720460994673,0.4552720460994673,0.4552720460994673,0.4552720460994673,0.4552720460994673,0.4552720460994673,0.0,0.0,1.0,0.4552720460994673,0.0,,,,
pc3,gain_path_refined,Legacy gain-path refined,budget_50,seed_1,0.32887723925714085,0.32887723925714085,0.32887723925714085,0.32887723925714085,0.32887723925714085,0.32887723925714085,0.0,0.0,1.0,0.32887723925714085,0.0,,,,
pc3,gain_path_refined,Legacy gain-path refined,budget_50,seed_2,0.19054747713505793,0.19054747713505793,0.19054747713505793,0.19054747713505793,0.19054747713505793,0.19054747713505793,0.0,0.0,1.0,0.19054747713505793,0.0,,,,
pc3,herding,Herding,budget_25,seed_0,0.2009859136363637,0.2009859136363637,0.2009859136363637,0.2009859136363637,0.2009859136363637,0.2009859136363637,0.0,0.0,1.0,0.2009859136363637,0.0,,,,
pc3,herding,Herding,budget_25,seed_1,0.32887723925714085,0.32887723925714085,0.32887723925714085,0.32887723925714085,0.32887723925714085,0.32887723925714085,0.0,0.0,1.0,0.32887723925714085,0.0,,,,
pc3,herding,Herding,budget_25,seed_2,0.5112278661089988,0.5112278661089988,0.5112278661089988,0.5112278661089988,0.5112278661089988,0.5112278661089988,0.0,0.0,1.0,0.5112278661089988,0.0,,,,
pc3,herding,Herding,budget_50,seed_0,0.2375223025664458,0.2375223025664458,0.2375223025664458,0.2375223025664458,0.2375223025664458,0.2375223025664458,0.0,0.0,1.0,0.2375223025664458,0.0,,,,
pc3,herding,Herding,budget_50,seed_1,0.32887723925714085,0.32887723925714085,0.32887723925714085,0.32887723925714085,0.32887723925714085,0.32887723925714085,0.0,0.0,1.0,0.32887723925714085,0.0,,,,
pc3,herding,Herding,budget_50,seed_2,0.25791102909961655,0.25791102909961655,0.25791102909961655,0.25791102909961655,0.25791102909961655,0.25791102909961655,0.0,0.0,1.0,0.25791102909961655,0.0,,,,
pc3,random,Random,budget_25,seed_0,0.5614352916992407,0.5614352916992407,0.5614352916992407,0.5614352916992407,0.5614352916992407,0.5614352916992407,0.0,0.0,1.0,0.5614352916992407,0.0,,,,
pc3,random,Random,budget_25,seed_1,0.2263612497821087,0.2263612497821087,0.2263612497821087,0.2263612497821087,0.2263612497821087,0.2263612497821087,0.0,0.0,1.0,0.2263612497821087,0.0,,,,
pc3,random,Random,budget_25,seed_2,0.1885044763547184,0.1885044763547184,0.1885044763547184,0.1885044763547184,0.1885044763547184,0.1885044763547184,0.0,0.0,1.0,0.1885044763547184,0.0,,,,
pc3,random,Random,budget_50,seed_0,0.5354389112375287,0.5354389112375287,0.5354389112375287,0.5354389112375287,0.5354389112375287,0.5354389112375287,0.0,0.0,1.0,0.5354389112375287,0.0,,,,
pc3,random,Random,budget_50,seed_1,0.10376920578694981,0.10376920578694981,0.10376920578694981,0.10376920578694981,0.10376920578694981,0.10376920578694981,0.0,0.0,1.0,0.10376920578694981,0.0,,,,
pc3,random,Random,budget_50,seed_2,0.1885044763547184,0.1885044763547184,0.1885044763547184,0.1885044763547184,0.1885044763547184,0.1885044763547184,0.0,0.0,1.0,0.1885044763547184,0.0,,,,
pc3,goss_coreset,GOSS coreset,budget_25,seed_0,0.5211499527333918,0.5211499527333918,0.5211499527333918,0.5211499527333918,0.5211499527333918,0.5211499527333918,0.0,0.0,1.0,0.5211499527333918,0.0,,,,
pc3,goss_coreset,GOSS coreset,budget_25,seed_1,0.2598975602185023,0.2598975602185023,0.2598975602185023,0.2598975602185023,0.2598975602185023,0.2598975602185023,0.0,0.0,1.0,0.2598975602185023,0.0,,,,
pc3,goss_coreset,GOSS coreset,budget_25,seed_2,0.09187765466989967,0.09187765466989967,0.09187765466989967,0.09187765466989967,0.09187765466989967,0.09187765466989967,0.0,0.0,1.0,0.09187765466989967,0.0,,,,
pc3,goss_coreset,GOSS coreset,budget_50,seed_0,0.4552720460994673,0.4552720460994673,0.4552720460994673,0.4552720460994673,0.4552720460994673,0.4552720460994673,0.0,0.0,1.0,0.4552720460994673,0.0,,,,
pc3,goss_coreset,GOSS coreset,budget_50,seed_1,0.2778092550953066,0.2778092550953066,0.2778092550953066,0.2778092550953066,0.2778092550953066,0.2778092550953066,0.0,0.0,1.0,0.2778092550953066,0.0,,,,
pc3,goss_coreset,GOSS coreset,budget_50,seed_2,0.19559657992984852,0.19559657992984852,0.19559657992984852,0.19559657992984852,0.19559657992984852,0.19559657992984852,0.0,0.0,1.0,0.19559657992984852,0.0,,,,
pc3,mvs_coreset,MVS coreset,budget_25,seed_0,0.31571256836741757,0.31571256836741757,0.31571256836741757,0.31571256836741757,0.31571256836741757,0.31571256836741757,0.0,0.0,1.0,0.31571256836741757,0.0,,,,
pc3,mvs_coreset,MVS coreset,budget_25,seed_1,0.3477155473468323,0.3477155473468323,0.3477155473468323,0.3477155473468323,0.3477155473468323,0.3477155473468323,0.0,0.0,1.0,0.3477155473468323,0.0,,,,
pc3,mvs_coreset,MVS coreset,budget_25,seed_2,0.21388303728014052,0.21388303728014052,0.21388303728014052,0.21388303728014052,0.21388303728014052,0.21388303728014052,0.0,0.0,1.0,0.21388303728014052,0.0,,,,
pc3,mvs_coreset,MVS coreset,budget_50,seed_0,0.2009859136363637,0.2009859136363637,0.2009859136363637,0.2009859136363637,0.2009859136363637,0.2009859136363637,0.0,0.0,1.0,0.2009859136363637,0.0,,,,
pc3,mvs_coreset,MVS coreset,budget_50,seed_1,0.5547130121927409,0.5547130121927409,0.5547130121927409,0.5547130121927409,0.5547130121927409,0.5547130121927409,0.0,0.0,1.0,0.5547130121927409,0.0,,,,
pc3,mvs_coreset,MVS coreset,budget_50,seed_2,0.09187765466989967,0.09187765466989967,0.09187765466989967,0.09187765466989967,0.09187765466989967,0.09187765466989967,0.0,0.0,1.0,0.09187765466989967,0.0,,,,
pc3,craig_coreset,CRAIG-style,budget_25,seed_0,0.19010626082556897,0.19010626082556897,0.19010626082556897,0.19010626082556897,0.19010626082556897,0.19010626082556897,0.0,0.0,1.0,0.19010626082556897,0.0,,,,
pc3,craig_coreset,CRAIG-style,budget_25,seed_1,0.10376920578694981,0.10376920578694981,0.10376920578694981,0.10376920578694981,0.10376920578694981,0.10376920578694981,0.0,0.0,1.0,0.10376920578694981,0.0,,,,
pc3,craig_coreset,CRAIG-style,budget_25,seed_2,0.25418797933367476,0.25418797933367476,0.25418797933367476,0.25418797933367476,0.25418797933367476,0.25418797933367476,0.0,0.0,1.0,0.25418797933367476,0.0,,,,
pc3,craig_coreset,CRAIG-style,budget_50,seed_0,0.3498372636223888,0.3498372636223888,0.3498372636223888,0.3498372636223888,0.3498372636223888,0.3498372636223888,0.0,0.0,1.0,0.3498372636223888,0.0,,,,
pc3,craig_coreset,CRAIG-style,budget_50,seed_1,0.48302798495657767,0.48302798495657767,0.48302798495657767,0.48302798495657767,0.48302798495657767,0.48302798495657767,0.0,0.0,1.0,0.48302798495657767,0.0,,,,
pc3,craig_coreset,CRAIG-style,budget_50,seed_2,0.21388303728014052,0.21388303728014052,0.21388303728014052,0.21388303728014052,0.21388303728014052,0.21388303728014052,0.0,0.0,1.0,0.21388303728014052,0.0,,,,
pc3,gradmatch_coreset,GradMatch-style,budget_25,seed_0,0.5211499527333918,0.5211499527333918,0.5211499527333918,0.5211499527333918,0.5211499527333918,0.5211499527333918,0.0,0.0,1.0,0.5211499527333918,0.0,,,,
pc3,gradmatch_coreset,GradMatch-style,budget_25,seed_1,0.3620636592369942,0.3620636592369942,0.3620636592369942,0.3620636592369942,0.3620636592369942,0.3620636592369942,0.0,0.0,1.0,0.3620636592369942,0.0,,,,
pc3,gradmatch_coreset,GradMatch-style,budget_25,seed_2,0.4863053884696949,0.4863053884696949,0.4863053884696949,0.4863053884696949,0.4863053884696949,0.4863053884696949,0.0,0.0,1.0,0.4863053884696949,0.0,,,,
pc3,gradmatch_coreset,GradMatch-style,budget_50,seed_0,0.5550277423482103,0.5550277423482103,0.5550277423482103,0.5550277423482103,0.5550277423482103,0.5550277423482103,0.0,0.0,1.0,0.5550277423482103,0.0,,,,
pc3,gradmatch_coreset,GradMatch-style,budget_50,seed_1,0.28996516998099486,0.28996516998099486,0.28996516998099486,0.28996516998099486,0.28996516998099486,0.28996516998099486,0.0,0.0,1.0,0.28996516998099486,0.0,,,,
pc3,gradmatch_coreset,GradMatch-style,budget_50,seed_2,0.09187765466989967,0.09187765466989967,0.09187765466989967,0.09187765466989967,0.09187765466989967,0.09187765466989967,0.0,0.0,1.0,0.09187765466989967,0.0,,,,
pc3,grand_coreset,GraNd,budget_25,seed_0,0.5601261473475556,0.5601261473475556,0.5601261473475556,0.5601261473475556,0.5601261473475556,0.5601261473475556,0.0,0.0,1.0,0.5601261473475556,0.0,,,,
pc3,grand_coreset,GraNd,budget_25,seed_1,0.2118833804002389,0.2118833804002389,0.2118833804002389,0.2118833804002389,0.2118833804002389,0.2118833804002389,0.0,0.0,1.0,0.2118833804002389,0.0,,,,
pc3,grand_coreset,GraNd,budget_25,seed_2,0.29717560720267344,0.29717560720267344,0.29717560720267344,0.29717560720267344,0.29717560720267344,0.29717560720267344,0.0,0.0,1.0,0.29717560720267344,0.0,,,,
pc3,grand_coreset,GraNd,budget_50,seed_0,0.48960791159417616,0.48960791159417616,0.48960791159417616,0.48960791159417616,0.48960791159417616,0.48960791159417616,0.0,0.0,1.0,0.48960791159417616,0.0,,,,
pc3,grand_coreset,GraNd,budget_50,seed_1,0.5182755475125167,0.5182755475125167,0.5182755475125167,0.5182755475125167,0.5182755475125167,0.5182755475125167,0.0,0.0,1.0,0.5182755475125167,0.0,,,,
pc3,grand_coreset,GraNd,budget_50,seed_2,0.29717560720267344,0.29717560720267344,0.29717560720267344,0.29717560720267344,0.29717560720267344,0.29717560720267344,0.0,0.0,1.0,0.29717560720267344,0.0,,,,
pc3,el2n_coreset,EL2N,budget_25,seed_0,0.5601261473475556,0.5601261473475556,0.5601261473475556,0.5601261473475556,0.5601261473475556,0.5601261473475556,0.0,0.0,1.0,0.5601261473475556,0.0,,,,
pc3,el2n_coreset,EL2N,budget_25,seed_1,0.2118833804002389,0.2118833804002389,0.2118833804002389,0.2118833804002389,0.2118833804002389,0.2118833804002389,0.0,0.0,1.0,0.2118833804002389,0.0,,,,
pc3,el2n_coreset,EL2N,budget_25,seed_2,0.29717560720267344,0.29717560720267344,0.29717560720267344,0.29717560720267344,0.29717560720267344,0.29717560720267344,0.0,0.0,1.0,0.29717560720267344,0.0,,,,
pc3,el2n_coreset,EL2N,budget_50,seed_0,0.48960791159417616,0.48960791159417616,0.48960791159417616,0.48960791159417616,0.48960791159417616,0.48960791159417616,0.0,0.0,1.0,0.48960791159417616,0.0,,,,
pc3,el2n_coreset,EL2N,budget_50,seed_1,0.5182755475125167,0.5182755475125167,0.5182755475125167,0.5182755475125167,0.5182755475125167,0.5182755475125167,0.0,0.0,1.0,0.5182755475125167,0.0,,,,
pc3,el2n_coreset,EL2N,budget_50,seed_2,0.29717560720267344,0.29717560720267344,0.29717560720267344,0.29717560720267344,0.29717560720267344,0.29717560720267344,0.0,0.0,1.0,0.29717560720267344,0.0,,,,
pc3,distribution_matching,DistributionMatching,budget_25,seed_0,0.553180458851873,0.553180458851873,0.553180458851873,0.553180458851873,0.553180458851873,0.553180458851873,0.0,0.0,1.0,0.553180458851873,0.0,,,,
pc3,distribution_matching,DistributionMatching,budget_25,seed_1,0.5557071468011436,0.5557071468011436,0.5557071468011436,0.5557071468011436,0.5557071468011436,0.5557071468011436,0.0,0.0,1.0,0.5557071468011436,0.0,,,,
pc3,distribution_matching,DistributionMatching,budget_25,seed_2,0.19559657992984852,0.19559657992984852,0.19559657992984852,0.19559657992984852,0.19559657992984852,0.19559657992984852,0.0,0.0,1.0,0.19559657992984852,0.0,,,,
pc3,distribution_matching,DistributionMatching,budget_50,seed_0,0.553180458851873,0.553180458851873,0.553180458851873,0.553180458851873,0.553180458851873,0.553180458851873,0.0,0.0,1.0,0.553180458851873,0.0,,,,
pc3,distribution_matching,DistributionMatching,budget_50,seed_1,0.3477155473468323,0.3477155473468323,0.3477155473468323,0.3477155473468323,0.3477155473468323,0.3477155473468323,0.0,0.0,1.0,0.3477155473468323,0.0,,,,
pc3,distribution_matching,DistributionMatching,budget_50,seed_2,0.48270182810953366,0.48270182810953366,0.48270182810953366,0.48270182810953366,0.48270182810953366,0.48270182810953366,0.0,0.0,1.0,0.48270182810953366,0.0,,,,
pc3,k_center,K-center,budget_25,seed_0,0.330864680099227,0.330864680099227,0.330864680099227,0.330864680099227,0.330864680099227,0.330864680099227,0.0,0.0,1.0,0.330864680099227,0.0,,,,
pc3,k_center,K-center,budget_25,seed_1,0.3647423893309878,0.3647423893309878,0.3647423893309878,0.3647423893309878,0.3647423893309878,0.3647423893309878,0.0,0.0,1.0,0.3647423893309878,0.0,,,,
pc3,k_center,K-center,budget_25,seed_2,0.2760683734894039,0.2760683734894039,0.2760683734894039,0.2760683734894039,0.2760683734894039,0.2760683734894039,0.0,0.0,1.0,0.2760683734894039,0.0,,,,
pc3,k_center,K-center,budget_50,seed_0,0.3227577884382944,0.3227577884382944,0.3227577884382944,0.3227577884382944,0.3227577884382944,0.3227577884382944,0.0,0.0,1.0,0.3227577884382944,0.0,,,,
pc3,k_center,K-center,budget_50,seed_1,0.28996516998099486,0.28996516998099486,0.28996516998099486,0.28996516998099486,0.28996516998099486,0.28996516998099486,0.0,0.0,1.0,0.28996516998099486,0.0,,,,
pc3,k_center,K-center,budget_50,seed_2,0.22236273082593888,0.22236273082593888,0.22236273082593888,0.22236273082593888,0.22236273082593888,0.22236273082593888,0.0,0.0,1.0,0.22236273082593888,0.0,,,,
pc3,gradient_sampling,Gradient sampling,budget_25,seed_0,0.5354389112375287,0.5354389112375287,0.5354389112375287,0.5354389112375287,0.5354389112375287,0.5354389112375287,0.0,0.0,1.0,0.5354389112375287,0.0,,,,
pc3,gradient_sampling,Gradient sampling,budget_25,seed_1,0.32887723925714085,0.32887723925714085,0.32887723925714085,0.32887723925714085,0.32887723925714085,0.32887723925714085,0.0,0.0,1.0,0.32887723925714085,0.0,,,,
pc3,gradient_sampling,Gradient sampling,budget_25,seed_2,0.48270182810953366,0.48270182810953366,0.48270182810953366,0.48270182810953366,0.48270182810953366,0.48270182810953366,0.0,0.0,1.0,0.48270182810953366,0.0,,,,
pc3,gradient_sampling,Gradient sampling,budget_50,seed_0,0.3725835299344325,0.3725835299344325,0.3725835299344325,0.3725835299344325,0.3725835299344325,0.3725835299344325,0.0,0.0,1.0,0.3725835299344325,0.0,,,,
pc3,gradient_sampling,Gradient sampling,budget_50,seed_1,0.3600540564791115,0.3600540564791115,0.3600540564791115,0.3600540564791115,0.3600540564791115,0.3600540564791115,0.0,0.0,1.0,0.3600540564791115,0.0,,,,
pc3,gradient_sampling,Gradient sampling,budget_50,seed_2,0.4745056548760393,0.4745056548760393,0.4745056548760393,0.4745056548760393,0.4745056548760393,0.4745056548760393,0.0,0.0,1.0,0.4745056548760393,0.0,,,,
pc3,gain_herding,Gain sketch,budget_25,seed_0,0.3383650737356245,0.3383650737356245,0.3383650737356245,0.3383650737356245,0.3383650737356245,0.3383650737356245,0.0,0.0,1.0,0.3383650737356245,0.0,,,,
pc3,gain_herding,Gain sketch,budget_25,seed_1,0.32887723925714085,0.32887723925714085,0.32887723925714085,0.32887723925714085,0.32887723925714085,0.32887723925714085,0.0,0.0,1.0,0.32887723925714085,0.0,,,,
pc3,gain_herding,Gain sketch,budget_25,seed_2,0.2434056493027998,0.2434056493027998,0.2434056493027998,0.2434056493027998,0.2434056493027998,0.2434056493027998,0.0,0.0,1.0,0.2434056493027998,0.0,,,,
pc3,gain_herding,Gain sketch,budget_50,seed_0,0.4552720460994673,0.4552720460994673,0.4552720460994673,0.4552720460994673,0.4552720460994673,0.4552720460994673,0.0,0.0,1.0,0.4552720460994673,0.0,,,,
pc3,gain_herding,Gain sketch,budget_50,seed_1,0.3477155473468323,0.3477155473468323,0.3477155473468323,0.3477155473468323,0.3477155473468323,0.3477155473468323,0.0,0.0,1.0,0.3477155473468323,0.0,,,,
pc3,gain_herding,Gain sketch,budget_50,seed_2,0.1885044763547184,0.1885044763547184,0.1885044763547184,0.1885044763547184,0.1885044763547184,0.1885044763547184,0.0,0.0,1.0,0.1885044763547184,0.0,,,,
pc3,gain_path_herding,Gain-path sketch,budget_25,seed_0,0.2375223025664458,0.2375223025664458,0.2375223025664458,0.2375223025664458,0.2375223025664458,0.2375223025664458,0.0,0.0,1.0,0.2375223025664458,0.0,,,,
pc3,gain_path_herding,Gain-path sketch,budget_25,seed_1,0.10376920578694981,0.10376920578694981,0.10376920578694981,0.10376920578694981,0.10376920578694981,0.10376920578694981,0.0,0.0,1.0,0.10376920578694981,0.0,,,,
pc3,gain_path_herding,Gain-path sketch,budget_25,seed_2,0.1885044763547184,0.1885044763547184,0.1885044763547184,0.1885044763547184,0.1885044763547184,0.1885044763547184,0.0,0.0,1.0,0.1885044763547184,0.0,,,,
pc3,gain_path_herding,Gain-path sketch,budget_50,seed_0,0.4552720460994673,0.4552720460994673,0.4552720460994673,0.4552720460994673,0.4552720460994673,0.4552720460994673,0.0,0.0,1.0,0.4552720460994673,0.0,,,,
pc3,gain_path_herding,Gain-path sketch,budget_50,seed_1,0.33143843752428426,0.33143843752428426,0.33143843752428426,0.33143843752428426,0.33143843752428426,0.33143843752428426,0.0,0.0,1.0,0.33143843752428426,0.0,,,,
pc3,gain_path_herding,Gain-path sketch,budget_50,seed_2,0.19054747713505793,0.19054747713505793,0.19054747713505793,0.19054747713505793,0.19054747713505793,0.19054747713505793,0.0,0.0,1.0,0.19054747713505793,0.0,,,,
pc4,histdistill_greedy,HistDistill-Greedy,budget_25,seed_0,0.40827237306978215,0.40827237306978215,0.40827237306978215,0.40827237306978215,0.40827237306978215,0.40827237306978215,0.0,0.0,1.0,0.40827237306978215,0.0,,,,
pc4,histdistill_greedy,HistDistill-Greedy,budget_25,seed_1,0.35409326657029777,0.35409326657029777,0.35409326657029777,0.35409326657029777,0.35409326657029777,0.35409326657029777,0.0,0.0,1.0,0.35409326657029777,0.0,,,,
pc4,histdistill_greedy,HistDistill-Greedy,budget_25,seed_2,0.5728259082663792,0.5728259082663792,0.5728259082663792,0.5728259082663792,0.5728259082663792,0.5728259082663792,0.0,0.0,1.0,0.5728259082663792,0.0,,,,
pc4,histdistill_greedy,HistDistill-Greedy,budget_50,seed_0,0.6591047125344041,0.6591047125344041,0.6591047125344041,0.6591047125344041,0.6591047125344041,0.6591047125344041,0.0,0.0,1.0,0.6591047125344041,0.0,,,,
pc4,histdistill_greedy,HistDistill-Greedy,budget_50,seed_1,0.6755570346969721,0.6755570346969721,0.6755570346969721,0.6755570346969721,0.6755570346969721,0.6755570346969721,0.0,0.0,1.0,0.6755570346969721,0.0,,,,
pc4,histdistill_greedy,HistDistill-Greedy,budget_50,seed_2,0.42745830988857364,0.42745830988857364,0.42745830988857364,0.42745830988857364,0.42745830988857364,0.42745830988857364,0.0,0.0,1.0,0.42745830988857364,0.0,,,,
pc4,histdistill_refined,HistDistill-Refined,budget_25,seed_0,0.19225592126126295,0.19225592126126295,0.19225592126126295,0.19225592126126295,0.19225592126126295,0.19225592126126295,0.0,0.0,1.0,0.19225592126126295,0.0,,,,
pc4,histdistill_refined,HistDistill-Refined,budget_25,seed_1,0.40347504613210944,0.40347504613210944,0.40347504613210944,0.40347504613210944,0.40347504613210944,0.40347504613210944,0.0,0.0,1.0,0.40347504613210944,0.0,,,,
pc4,histdistill_refined,HistDistill-Refined,budget_25,seed_2,0.19579431199842345,0.19579431199842345,0.19579431199842345,0.19579431199842345,0.19579431199842345,0.19579431199842345,0.0,0.0,1.0,0.19579431199842345,0.0,,,,
pc4,histdistill_refined,HistDistill-Refined,budget_50,seed_0,0.19225592126126295,0.19225592126126295,0.19225592126126295,0.19225592126126295,0.19225592126126295,0.19225592126126295,0.0,0.0,1.0,0.19225592126126295,0.0,,,,
pc4,histdistill_refined,HistDistill-Refined,budget_50,seed_1,0.11035818566238464,0.11035818566238464,0.11035818566238464,0.11035818566238464,0.11035818566238464,0.11035818566238464,0.0,0.0,1.0,0.11035818566238464,0.0,,,,
pc4,histdistill_refined,HistDistill-Refined,budget_50,seed_2,0.19579431199842345,0.19579431199842345,0.19579431199842345,0.19579431199842345,0.19579431199842345,0.19579431199842345,0.0,0.0,1.0,0.19579431199842345,0.0,,,,
pc4,histdistill_density,HistDistill-Density,budget_25,seed_0,0.19225592126126295,0.19225592126126295,0.19225592126126295,0.19225592126126295,0.19225592126126295,0.19225592126126295,0.0,0.0,1.0,0.19225592126126295,0.0,,,,
pc4,histdistill_density,HistDistill-Density,budget_25,seed_1,0.11035818566238464,0.11035818566238464,0.11035818566238464,0.11035818566238464,0.11035818566238464,0.11035818566238464,0.0,0.0,1.0,0.11035818566238464,0.0,,,,
pc4,histdistill_density,HistDistill-Density,budget_25,seed_2,0.19579431199842345,0.19579431199842345,0.19579431199842345,0.19579431199842345,0.19579431199842345,0.19579431199842345,0.0,0.0,1.0,0.19579431199842345,0.0,,,,
pc4,histdistill_density,HistDistill-Density,budget_50,seed_0,0.19225592126126295,0.19225592126126295,0.19225592126126295,0.19225592126126295,0.19225592126126295,0.19225592126126295,0.0,0.0,1.0,0.19225592126126295,0.0,,,,
pc4,histdistill_density,HistDistill-Density,budget_50,seed_1,0.11035818566238464,0.11035818566238464,0.11035818566238464,0.11035818566238464,0.11035818566238464,0.11035818566238464,0.0,0.0,1.0,0.11035818566238464,0.0,,,,
pc4,histdistill_density,HistDistill-Density,budget_50,seed_2,0.19579431199842345,0.19579431199842345,0.19579431199842345,0.19579431199842345,0.19579431199842345,0.19579431199842345,0.0,0.0,1.0,0.19579431199842345,0.0,,,,
pc4,gain_path_refined,Legacy gain-path refined,budget_25,seed_0,0.19225592126126295,0.19225592126126295,0.19225592126126295,0.19225592126126295,0.19225592126126295,0.19225592126126295,0.0,0.0,1.0,0.19225592126126295,0.0,,,,
pc4,gain_path_refined,Legacy gain-path refined,budget_25,seed_1,0.11035818566238464,0.11035818566238464,0.11035818566238464,0.11035818566238464,0.11035818566238464,0.11035818566238464,0.0,0.0,1.0,0.11035818566238464,0.0,,,,
pc4,gain_path_refined,Legacy gain-path refined,budget_25,seed_2,0.19579431199842345,0.19579431199842345,0.19579431199842345,0.19579431199842345,0.19579431199842345,0.19579431199842345,0.0,0.0,1.0,0.19579431199842345,0.0,,,,
pc4,gain_path_refined,Legacy gain-path refined,budget_50,seed_0,0.19225592126126295,0.19225592126126295,0.19225592126126295,0.19225592126126295,0.19225592126126295,0.19225592126126295,0.0,0.0,1.0,0.19225592126126295,0.0,,,,
pc4,gain_path_refined,Legacy gain-path refined,budget_50,seed_1,0.11035818566238464,0.11035818566238464,0.11035818566238464,0.11035818566238464,0.11035818566238464,0.11035818566238464,0.0,0.0,1.0,0.11035818566238464,0.0,,,,
pc4,gain_path_refined,Legacy gain-path refined,budget_50,seed_2,0.19579431199842345,0.19579431199842345,0.19579431199842345,0.19579431199842345,0.19579431199842345,0.19579431199842345,0.0,0.0,1.0,0.19579431199842345,0.0,,,,
pc4,herding,Herding,budget_25,seed_0,0.19225592126126295,0.19225592126126295,0.19225592126126295,0.19225592126126295,0.19225592126126295,0.19225592126126295,0.0,0.0,1.0,0.19225592126126295,0.0,,,,
pc4,herding,Herding,budget_25,seed_1,0.11035818566238464,0.11035818566238464,0.11035818566238464,0.11035818566238464,0.11035818566238464,0.11035818566238464,0.0,0.0,1.0,0.11035818566238464,0.0,,,,
pc4,herding,Herding,budget_25,seed_2,0.19579431199842345,0.19579431199842345,0.19579431199842345,0.19579431199842345,0.19579431199842345,0.19579431199842345,0.0,0.0,1.0,0.19579431199842345,0.0,,,,
pc4,herding,Herding,budget_50,seed_0,0.19225592126126295,0.19225592126126295,0.19225592126126295,0.19225592126126295,0.19225592126126295,0.19225592126126295,0.0,0.0,1.0,0.19225592126126295,0.0,,,,
pc4,herding,Herding,budget_50,seed_1,0.11035818566238464,0.11035818566238464,0.11035818566238464,0.11035818566238464,0.11035818566238464,0.11035818566238464,0.0,0.0,1.0,0.11035818566238464,0.0,,,,
pc4,herding,Herding,budget_50,seed_2,0.19579431199842345,0.19579431199842345,0.19579431199842345,0.19579431199842345,0.19579431199842345,0.19579431199842345,0.0,0.0,1.0,0.19579431199842345,0.0,,,,
pc4,random,Random,budget_25,seed_0,0.3636343281110518,0.3636343281110518,0.3636343281110518,0.3636343281110518,0.3636343281110518,0.3636343281110518,0.0,0.0,1.0,0.3636343281110518,0.0,,,,
pc4,random,Random,budget_25,seed_1,0.11035818566238464,0.11035818566238464,0.11035818566238464,0.11035818566238464,0.11035818566238464,0.11035818566238464,0.0,0.0,1.0,0.11035818566238464,0.0,,,,
pc4,random,Random,budget_25,seed_2,0.19579431199842345,0.19579431199842345,0.19579431199842345,0.19579431199842345,0.19579431199842345,0.19579431199842345,0.0,0.0,1.0,0.19579431199842345,0.0,,,,
pc4,random,Random,budget_50,seed_0,0.19225592126126295,0.19225592126126295,0.19225592126126295,0.19225592126126295,0.19225592126126295,0.19225592126126295,0.0,0.0,1.0,0.19225592126126295,0.0,,,,
pc4,random,Random,budget_50,seed_1,0.11035818566238464,0.11035818566238464,0.11035818566238464,0.11035818566238464,0.11035818566238464,0.11035818566238464,0.0,0.0,1.0,0.11035818566238464,0.0,,,,
pc4,random,Random,budget_50,seed_2,0.19579431199842345,0.19579431199842345,0.19579431199842345,0.19579431199842345,0.19579431199842345,0.19579431199842345,0.0,0.0,1.0,0.19579431199842345,0.0,,,,
pc4,goss_coreset,GOSS coreset,budget_25,seed_0,0.21300115314568474,0.21300115314568474,0.21300115314568474,0.21300115314568474,0.21300115314568474,0.21300115314568474,0.0,0.0,1.0,0.21300115314568474,0.0,,,,
pc4,goss_coreset,GOSS coreset,budget_25,seed_1,0.32547556969862396,0.32547556969862396,0.32547556969862396,0.32547556969862396,0.32547556969862396,0.32547556969862396,0.0,0.0,1.0,0.32547556969862396,0.0,,,,
pc4,goss_coreset,GOSS coreset,budget_25,seed_2,0.39880172073984954,0.39880172073984954,0.39880172073984954,0.39880172073984954,0.39880172073984954,0.39880172073984954,0.0,0.0,1.0,0.39880172073984954,0.0,,,,
pc4,goss_coreset,GOSS coreset,budget_50,seed_0,0.19225592126126295,0.19225592126126295,0.19225592126126295,0.19225592126126295,0.19225592126126295,0.19225592126126295,0.0,0.0,1.0,0.19225592126126295,0.0,,,,
pc4,goss_coreset,GOSS coreset,budget_50,seed_1,0.11035818566238464,0.11035818566238464,0.11035818566238464,0.11035818566238464,0.11035818566238464,0.11035818566238464,0.0,0.0,1.0,0.11035818566238464,0.0,,,,
pc4,goss_coreset,GOSS coreset,budget_50,seed_2,0.3075003491448013,0.3075003491448013,0.3075003491448013,0.3075003491448013,0.3075003491448013,0.3075003491448013,0.0,0.0,1.0,0.3075003491448013,0.0,,,,
pc4,mvs_coreset,MVS coreset,budget_25,seed_0,0.442630066868937,0.442630066868937,0.442630066868937,0.442630066868937,0.442630066868937,0.442630066868937,0.0,0.0,1.0,0.442630066868937,0.0,,,,
pc4,mvs_coreset,MVS coreset,budget_25,seed_1,0.11035818566238464,0.11035818566238464,0.11035818566238464,0.11035818566238464,0.11035818566238464,0.11035818566238464,0.0,0.0,1.0,0.11035818566238464,0.0,,,,
pc4,mvs_coreset,MVS coreset,budget_25,seed_2,0.478709102594116,0.478709102594116,0.478709102594116,0.478709102594116,0.478709102594116,0.478709102594116,0.0,0.0,1.0,0.478709102594116,0.0,,,,
pc4,mvs_coreset,MVS coreset,budget_50,seed_0,0.19225592126126295,0.19225592126126295,0.19225592126126295,0.19225592126126295,0.19225592126126295,0.19225592126126295,0.0,0.0,1.0,0.19225592126126295,0.0,,,,
pc4,mvs_coreset,MVS coreset,budget_50,seed_1,0.32547556969862396,0.32547556969862396,0.32547556969862396,0.32547556969862396,0.32547556969862396,0.32547556969862396,0.0,0.0,1.0,0.32547556969862396,0.0,,,,
pc4,mvs_coreset,MVS coreset,budget_50,seed_2,0.19579431199842345,0.19579431199842345,0.19579431199842345,0.19579431199842345,0.19579431199842345,0.19579431199842345,0.0,0.0,1.0,0.19579431199842345,0.0,,,,
pc4,craig_coreset,CRAIG-style,budget_25,seed_0,0.40827237306978215,0.40827237306978215,0.40827237306978215,0.40827237306978215,0.40827237306978215,0.40827237306978215,0.0,0.0,1.0,0.40827237306978215,0.0,,,,
pc4,craig_coreset,CRAIG-style,budget_25,seed_1,0.5354211035358523,0.5354211035358523,0.5354211035358523,0.5354211035358523,0.5354211035358523,0.5354211035358523,0.0,0.0,1.0,0.5354211035358523,0.0,,,,
pc4,craig_coreset,CRAIG-style,budget_25,seed_2,0.42745830988857364,0.42745830988857364,0.42745830988857364,0.42745830988857364,0.42745830988857364,0.42745830988857364,0.0,0.0,1.0,0.42745830988857364,0.0,,,,
pc4,craig_coreset,CRAIG-style,budget_50,seed_0,0.27611322622376105,0.27611322622376105,0.27611322622376105,0.27611322622376105,0.27611322622376105,0.27611322622376105,0.0,0.0,1.0,0.27611322622376105,0.0,,,,
pc4,craig_coreset,CRAIG-style,budget_50,seed_1,0.28673535227192615,0.28673535227192615,0.28673535227192615,0.28673535227192615,0.28673535227192615,0.28673535227192615,0.0,0.0,1.0,0.28673535227192615,0.0,,,,
pc4,craig_coreset,CRAIG-style,budget_50,seed_2,0.19579431199842345,0.19579431199842345,0.19579431199842345,0.19579431199842345,0.19579431199842345,0.19579431199842345,0.0,0.0,1.0,0.19579431199842345,0.0,,,,
pc4,gradmatch_coreset,GradMatch-style,budget_25,seed_0,0.3160973258873044,0.3160973258873044,0.3160973258873044,0.3160973258873044,0.3160973258873044,0.3160973258873044,0.0,0.0,1.0,0.3160973258873044,0.0,,,,
pc4,gradmatch_coreset,GradMatch-style,budget_25,seed_1,0.5819709006570736,0.5819709006570736,0.5819709006570736,0.5819709006570736,0.5819709006570736,0.5819709006570736,0.0,0.0,1.0,0.5819709006570736,0.0,,,,
pc4,gradmatch_coreset,GradMatch-style,budget_25,seed_2,0.39489306090228177,0.39489306090228177,0.39489306090228177,0.39489306090228177,0.39489306090228177,0.39489306090228177,0.0,0.0,1.0,0.39489306090228177,0.0,,,,
pc4,gradmatch_coreset,GradMatch-style,budget_50,seed_0,0.4057018414356523,0.4057018414356523,0.4057018414356523,0.4057018414356523,0.4057018414356523,0.4057018414356523,0.0,0.0,1.0,0.4057018414356523,0.0,,,,
pc4,gradmatch_coreset,GradMatch-style,budget_50,seed_1,0.40347504613210944,0.40347504613210944,0.40347504613210944,0.40347504613210944,0.40347504613210944,0.40347504613210944,0.0,0.0,1.0,0.40347504613210944,0.0,,,,
pc4,gradmatch_coreset,GradMatch-style,budget_50,seed_2,0.39489306090228177,0.39489306090228177,0.39489306090228177,0.39489306090228177,0.39489306090228177,0.39489306090228177,0.0,0.0,1.0,0.39489306090228177,0.0,,,,
pc4,grand_coreset,GraNd,budget_25,seed_0,0.37608108763787373,0.37608108763787373,0.37608108763787373,0.37608108763787373,0.37608108763787373,0.37608108763787373,0.0,0.0,1.0,0.37608108763787373,0.0,,,,
pc4,grand_coreset,GraNd,budget_25,seed_1,0.4639663595315101,0.4639663595315101,0.4639663595315101,0.4639663595315101,0.4639663595315101,0.4639663595315101,0.0,0.0,1.0,0.4639663595315101,0.0,,,,
pc4,grand_coreset,GraNd,budget_25,seed_2,0.39489306090228177,0.39489306090228177,0.39489306090228177,0.39489306090228177,0.39489306090228177,0.39489306090228177,0.0,0.0,1.0,0.39489306090228177,0.0,,,,
pc4,grand_coreset,GraNd,budget_50,seed_0,0.19225592126126295,0.19225592126126295,0.19225592126126295,0.19225592126126295,0.19225592126126295,0.19225592126126295,0.0,0.0,1.0,0.19225592126126295,0.0,,,,
pc4,grand_coreset,GraNd,budget_50,seed_1,0.28673535227192615,0.28673535227192615,0.28673535227192615,0.28673535227192615,0.28673535227192615,0.28673535227192615,0.0,0.0,1.0,0.28673535227192615,0.0,,,,
pc4,grand_coreset,GraNd,budget_50,seed_2,0.4016251696348978,0.4016251696348978,0.4016251696348978,0.4016251696348978,0.4016251696348978,0.4016251696348978,0.0,0.0,1.0,0.4016251696348978,0.0,,,,
pc4,el2n_coreset,EL2N,budget_25,seed_0,0.37608108763787373,0.37608108763787373,0.37608108763787373,0.37608108763787373,0.37608108763787373,0.37608108763787373,0.0,0.0,1.0,0.37608108763787373,0.0,,,,
pc4,el2n_coreset,EL2N,budget_25,seed_1,0.4639663595315101,0.4639663595315101,0.4639663595315101,0.4639663595315101,0.4639663595315101,0.4639663595315101,0.0,0.0,1.0,0.4639663595315101,0.0,,,,
pc4,el2n_coreset,EL2N,budget_25,seed_2,0.39489306090228177,0.39489306090228177,0.39489306090228177,0.39489306090228177,0.39489306090228177,0.39489306090228177,0.0,0.0,1.0,0.39489306090228177,0.0,,,,
pc4,el2n_coreset,EL2N,budget_50,seed_0,0.19225592126126295,0.19225592126126295,0.19225592126126295,0.19225592126126295,0.19225592126126295,0.19225592126126295,0.0,0.0,1.0,0.19225592126126295,0.0,,,,
pc4,el2n_coreset,EL2N,budget_50,seed_1,0.28673535227192615,0.28673535227192615,0.28673535227192615,0.28673535227192615,0.28673535227192615,0.28673535227192615,0.0,0.0,1.0,0.28673535227192615,0.0,,,,
pc4,el2n_coreset,EL2N,budget_50,seed_2,0.4016251696348978,0.4016251696348978,0.4016251696348978,0.4016251696348978,0.4016251696348978,0.4016251696348978,0.0,0.0,1.0,0.4016251696348978,0.0,,,,
pc4,distribution_matching,DistributionMatching,budget_25,seed_0,0.38423777194719905,0.38423777194719905,0.38423777194719905,0.38423777194719905,0.38423777194719905,0.38423777194719905,0.0,0.0,1.0,0.38423777194719905,0.0,,,,
pc4,distribution_matching,DistributionMatching,budget_25,seed_1,0.28673535227192615,0.28673535227192615,0.28673535227192615,0.28673535227192615,0.28673535227192615,0.28673535227192615,0.0,0.0,1.0,0.28673535227192615,0.0,,,,
pc4,distribution_matching,DistributionMatching,budget_25,seed_2,0.33633451152941923,0.33633451152941923,0.33633451152941923,0.33633451152941923,0.33633451152941923,0.33633451152941923,0.0,0.0,1.0,0.33633451152941923,0.0,,,,
pc4,distribution_matching,DistributionMatching,budget_50,seed_0,0.39171864245224347,0.39171864245224347,0.39171864245224347,0.39171864245224347,0.39171864245224347,0.39171864245224347,0.0,0.0,1.0,0.39171864245224347,0.0,,,,
pc4,distribution_matching,DistributionMatching,budget_50,seed_1,0.11035818566238464,0.11035818566238464,0.11035818566238464,0.11035818566238464,0.11035818566238464,0.11035818566238464,0.0,0.0,1.0,0.11035818566238464,0.0,,,,
pc4,distribution_matching,DistributionMatching,budget_50,seed_2,0.19579431199842345,0.19579431199842345,0.19579431199842345,0.19579431199842345,0.19579431199842345,0.19579431199842345,0.0,0.0,1.0,0.19579431199842345,0.0,,,,
pc4,k_center,K-center,budget_25,seed_0,0.3636343281110518,0.3636343281110518,0.3636343281110518,0.3636343281110518,0.3636343281110518,0.3636343281110518,0.0,0.0,1.0,0.3636343281110518,0.0,,,,
pc4,k_center,K-center,budget_25,seed_1,0.5354211035358523,0.5354211035358523,0.5354211035358523,0.5354211035358523,0.5354211035358523,0.5354211035358523,0.0,0.0,1.0,0.5354211035358523,0.0,,,,
pc4,k_center,K-center,budget_25,seed_2,0.5728259082663792,0.5728259082663792,0.5728259082663792,0.5728259082663792,0.5728259082663792,0.5728259082663792,0.0,0.0,1.0,0.5728259082663792,0.0,,,,
pc4,k_center,K-center,budget_50,seed_0,0.42229701641567213,0.42229701641567213,0.42229701641567213,0.42229701641567213,0.42229701641567213,0.42229701641567213,0.0,0.0,1.0,0.42229701641567213,0.0,,,,
pc4,k_center,K-center,budget_50,seed_1,0.4266989253713676,0.4266989253713676,0.4266989253713676,0.4266989253713676,0.4266989253713676,0.4266989253713676,0.0,0.0,1.0,0.4266989253713676,0.0,,,,
pc4,k_center,K-center,budget_50,seed_2,0.5306960390808133,0.5306960390808133,0.5306960390808133,0.5306960390808133,0.5306960390808133,0.5306960390808133,0.0,0.0,1.0,0.5306960390808133,0.0,,,,
pc4,gradient_sampling,Gradient sampling,budget_25,seed_0,0.27611322622376105,0.27611322622376105,0.27611322622376105,0.27611322622376105,0.27611322622376105,0.27611322622376105,0.0,0.0,1.0,0.27611322622376105,0.0,,,,
pc4,gradient_sampling,Gradient sampling,budget_25,seed_1,0.35409326657029777,0.35409326657029777,0.35409326657029777,0.35409326657029777,0.35409326657029777,0.35409326657029777,0.0,0.0,1.0,0.35409326657029777,0.0,,,,
pc4,gradient_sampling,Gradient sampling,budget_25,seed_2,0.5728259082663792,0.5728259082663792,0.5728259082663792,0.5728259082663792,0.5728259082663792,0.5728259082663792,0.0,0.0,1.0,0.5728259082663792,0.0,,,,
pc4,gradient_sampling,Gradient sampling,budget_50,seed_0,0.5914963506972467,0.5914963506972467,0.5914963506972467,0.5914963506972467,0.5914963506972467,0.5914963506972467,0.0,0.0,1.0,0.5914963506972467,0.0,,,,
pc4,gradient_sampling,Gradient sampling,budget_50,seed_1,0.7193695041059701,0.7193695041059701,0.7193695041059701,0.7193695041059701,0.7193695041059701,0.7193695041059701,0.0,0.0,1.0,0.7193695041059701,0.0,,,,
pc4,gradient_sampling,Gradient sampling,budget_50,seed_2,0.3975125399474696,0.3975125399474696,0.3975125399474696,0.3975125399474696,0.3975125399474696,0.3975125399474696,0.0,0.0,1.0,0.3975125399474696,0.0,,,,
pc4,gain_herding,Gain sketch,budget_25,seed_0,0.19225592126126295,0.19225592126126295,0.19225592126126295,0.19225592126126295,0.19225592126126295,0.19225592126126295,0.0,0.0,1.0,0.19225592126126295,0.0,,,,
pc4,gain_herding,Gain sketch,budget_25,seed_1,0.11035818566238464,0.11035818566238464,0.11035818566238464,0.11035818566238464,0.11035818566238464,0.11035818566238464,0.0,0.0,1.0,0.11035818566238464,0.0,,,,
pc4,gain_herding,Gain sketch,budget_25,seed_2,0.19579431199842345,0.19579431199842345,0.19579431199842345,0.19579431199842345,0.19579431199842345,0.19579431199842345,0.0,0.0,1.0,0.19579431199842345,0.0,,,,
pc4,gain_herding,Gain sketch,budget_50,seed_0,0.19225592126126295,0.19225592126126295,0.19225592126126295,0.19225592126126295,0.19225592126126295,0.19225592126126295,0.0,0.0,1.0,0.19225592126126295,0.0,,,,
pc4,gain_herding,Gain sketch,budget_50,seed_1,0.11035818566238464,0.11035818566238464,0.11035818566238464,0.11035818566238464,0.11035818566238464,0.11035818566238464,0.0,0.0,1.0,0.11035818566238464,0.0,,,,
pc4,gain_herding,Gain sketch,budget_50,seed_2,0.19579431199842345,0.19579431199842345,0.19579431199842345,0.19579431199842345,0.19579431199842345,0.19579431199842345,0.0,0.0,1.0,0.19579431199842345,0.0,,,,
pc4,gain_path_herding,Gain-path sketch,budget_25,seed_0,0.19225592126126295,0.19225592126126295,0.19225592126126295,0.19225592126126295,0.19225592126126295,0.19225592126126295,0.0,0.0,1.0,0.19225592126126295,0.0,,,,
pc4,gain_path_herding,Gain-path sketch,budget_25,seed_1,0.11035818566238464,0.11035818566238464,0.11035818566238464,0.11035818566238464,0.11035818566238464,0.11035818566238464,0.0,0.0,1.0,0.11035818566238464,0.0,,,,
pc4,gain_path_herding,Gain-path sketch,budget_25,seed_2,0.19579431199842345,0.19579431199842345,0.19579431199842345,0.19579431199842345,0.19579431199842345,0.19579431199842345,0.0,0.0,1.0,0.19579431199842345,0.0,,,,
pc4,gain_path_herding,Gain-path sketch,budget_50,seed_0,0.19225592126126295,0.19225592126126295,0.19225592126126295,0.19225592126126295,0.19225592126126295,0.19225592126126295,0.0,0.0,1.0,0.19225592126126295,0.0,,,,
pc4,gain_path_herding,Gain-path sketch,budget_50,seed_1,0.11035818566238464,0.11035818566238464,0.11035818566238464,0.11035818566238464,0.11035818566238464,0.11035818566238464,0.0,0.0,1.0,0.11035818566238464,0.0,,,,
pc4,gain_path_herding,Gain-path sketch,budget_50,seed_2,0.19579431199842345,0.19579431199842345,0.19579431199842345,0.19579431199842345,0.19579431199842345,0.19579431199842345,0.0,0.0,1.0,0.19579431199842345,0.0,,,,
phoneme,histdistill_greedy,HistDistill-Greedy,budget_25,seed_0,0.5997401264634881,0.5544991558452214,0.5997401264634881,0.5544991558452214,0.5997401264634881,0.5544991558452214,0.0,0.0,1.0,0.5544991558452214,0.0,,,,
phoneme,histdistill_greedy,HistDistill-Greedy,budget_25,seed_1,0.7978639683451043,0.7978639683451043,0.7978639683451043,0.7978639683451043,0.7978639683451043,0.7978639683451043,0.0,0.0,1.0,0.7978639683451043,0.0,,,,
phoneme,histdistill_greedy,HistDistill-Greedy,budget_25,seed_2,0.9725691003498488,0.9725691003498488,0.9725691003498488,0.9725691003498488,0.9725691003498488,0.9725691003498488,0.0,0.0,1.0,0.9725691003498488,0.0,,,,
phoneme,histdistill_greedy,HistDistill-Greedy,budget_50,seed_0,0.8547163331714646,0.7902414134358464,0.8547163331714646,0.7902414134358464,0.8547163331714646,0.7902414134358464,0.0,0.0,1.0,0.7902414134358464,0.0,,,,
phoneme,histdistill_greedy,HistDistill-Greedy,budget_50,seed_1,0.7978639683451043,0.7978639683451043,0.7978639683451043,0.7978639683451043,0.7978639683451043,0.7978639683451043,0.0,0.0,1.0,0.7978639683451043,0.0,,,,
phoneme,histdistill_greedy,HistDistill-Greedy,budget_50,seed_2,0.9725691003498488,0.9725691003498488,0.9725691003498488,0.9725691003498488,0.9725691003498488,0.9725691003498488,0.0,0.0,1.0,0.9725691003498488,0.0,,,,
phoneme,histdistill_refined,HistDistill-Refined,budget_25,seed_0,0.8820302572592017,0.8154949310531852,0.8820302572592017,0.8154949310531852,0.8820302572592017,0.8154949310531852,0.0,0.0,1.0,0.8154949310531852,0.0,,,,
phoneme,histdistill_refined,HistDistill-Refined,budget_25,seed_1,0.7581278788332062,0.7581278788332062,0.7581278788332062,0.7581278788332062,0.7581278788332062,0.7581278788332062,0.0,0.0,1.0,0.7581278788332062,0.0,,,,
phoneme,histdistill_refined,HistDistill-Refined,budget_25,seed_2,0.6630340589455793,0.6630340589455793,0.6630340589455793,0.6630340589455793,0.6630340589455793,0.6630340589455793,0.0,0.0,1.0,0.6630340589455793,0.0,,,,
phoneme,histdistill_refined,HistDistill-Refined,budget_50,seed_0,0.8820302572592017,0.8154949310531852,0.8820302572592017,0.8154949310531852,0.8820302572592017,0.8154949310531852,0.0,0.0,1.0,0.8154949310531852,0.0,,,,
phoneme,histdistill_refined,HistDistill-Refined,budget_50,seed_1,0.7581278788332062,0.7581278788332062,0.7581278788332062,0.7581278788332062,0.7581278788332062,0.7581278788332062,0.0,0.0,1.0,0.7581278788332062,0.0,,,,
phoneme,histdistill_refined,HistDistill-Refined,budget_50,seed_2,0.8390501210938751,0.8390501210938751,0.8390501210938751,0.8390501210938751,0.8390501210938751,0.8390501210938751,0.0,0.0,1.0,0.8390501210938751,0.0,,,,
phoneme,histdistill_density,HistDistill-Density,budget_25,seed_0,0.8820302572592017,0.8154949310531852,0.8820302572592017,0.8154949310531852,0.8820302572592017,0.8154949310531852,0.0,0.0,1.0,0.8154949310531852,0.0,,,,
phoneme,histdistill_density,HistDistill-Density,budget_25,seed_1,0.4700903660946743,0.4700903660946743,0.4700903660946743,0.4700903660946743,0.4700903660946743,0.4700903660946743,0.0,0.0,1.0,0.4700903660946743,0.0,,,,
phoneme,histdistill_density,HistDistill-Density,budget_25,seed_2,0.6630340589455793,0.6630340589455793,0.6630340589455793,0.6630340589455793,0.6630340589455793,0.6630340589455793,0.0,0.0,1.0,0.6630340589455793,0.0,,,,
phoneme,histdistill_density,HistDistill-Density,budget_50,seed_0,0.8820302572592017,0.8154949310531852,0.8820302572592017,0.8154949310531852,0.8820302572592017,0.8154949310531852,0.0,0.0,1.0,0.8154949310531852,0.0,,,,
phoneme,histdistill_density,HistDistill-Density,budget_50,seed_1,0.7581278788332062,0.7581278788332062,0.7581278788332062,0.7581278788332062,0.7581278788332062,0.7581278788332062,0.0,0.0,1.0,0.7581278788332062,0.0,,,,
phoneme,histdistill_density,HistDistill-Density,budget_50,seed_2,0.8390501210938751,0.8390501210938751,0.8390501210938751,0.8390501210938751,0.8390501210938751,0.8390501210938751,0.0,0.0,1.0,0.8390501210938751,0.0,,,,
phoneme,gain_path_refined,Legacy gain-path refined,budget_25,seed_0,0.8820302572592017,0.8154949310531852,0.8820302572592017,0.8154949310531852,0.8820302572592017,0.8154949310531852,0.0,0.0,1.0,0.8154949310531852,0.0,,,,
phoneme,gain_path_refined,Legacy gain-path refined,budget_25,seed_1,0.7581278788332062,0.7581278788332062,0.7581278788332062,0.7581278788332062,0.7581278788332062,0.7581278788332062,0.0,0.0,1.0,0.7581278788332062,0.0,,,,
phoneme,gain_path_refined,Legacy gain-path refined,budget_25,seed_2,0.6630340589455793,0.6630340589455793,0.6630340589455793,0.6630340589455793,0.6630340589455793,0.6630340589455793,0.0,0.0,1.0,0.6630340589455793,0.0,,,,
phoneme,gain_path_refined,Legacy gain-path refined,budget_50,seed_0,0.8820302572592017,0.8154949310531852,0.8820302572592017,0.8154949310531852,0.8820302572592017,0.8154949310531852,0.0,0.0,1.0,0.8154949310531852,0.0,,,,
phoneme,gain_path_refined,Legacy gain-path refined,budget_50,seed_1,0.7581278788332062,0.7581278788332062,0.7581278788332062,0.7581278788332062,0.7581278788332062,0.7581278788332062,0.0,0.0,1.0,0.7581278788332062,0.0,,,,
phoneme,gain_path_refined,Legacy gain-path refined,budget_50,seed_2,0.8390501210938751,0.8390501210938751,0.8390501210938751,0.8390501210938751,0.8390501210938751,0.8390501210938751,0.0,0.0,1.0,0.8390501210938751,0.0,,,,
phoneme,herding,Herding,budget_25,seed_0,0.8820302572592017,0.8154949310531852,0.8820302572592017,0.8154949310531852,0.8820302572592017,0.8154949310531852,0.0,0.0,1.0,0.8154949310531852,0.0,,,,
phoneme,herding,Herding,budget_25,seed_1,0.6816018561714292,0.6816018561714292,0.6816018561714292,0.6816018561714292,0.6816018561714292,0.6816018561714292,0.0,0.0,1.0,0.6816018561714292,0.0,,,,
phoneme,herding,Herding,budget_25,seed_2,0.8093727868801308,0.8093727868801308,0.8093727868801308,0.8093727868801308,0.8093727868801308,0.8093727868801308,0.0,0.0,1.0,0.8093727868801308,0.0,,,,
phoneme,herding,Herding,budget_50,seed_0,0.8820302572592017,0.8154949310531852,0.8820302572592017,0.8154949310531852,0.8820302572592017,0.8154949310531852,0.0,0.0,1.0,0.8154949310531852,0.0,,,,
phoneme,herding,Herding,budget_50,seed_1,0.6816018561714292,0.6816018561714292,0.6816018561714292,0.6816018561714292,0.6816018561714292,0.6816018561714292,0.0,0.0,1.0,0.6816018561714292,0.0,,,,
phoneme,herding,Herding,budget_50,seed_2,0.8390501210938751,0.8390501210938751,0.8390501210938751,0.8390501210938751,0.8390501210938751,0.8390501210938751,0.0,0.0,1.0,0.8390501210938751,0.0,,,,
phoneme,random,Random,budget_25,seed_0,0.8820302572592017,0.8154949310531852,0.8820302572592017,0.8154949310531852,0.8820302572592017,0.8154949310531852,0.0,0.0,1.0,0.8154949310531852,0.0,,,,
phoneme,random,Random,budget_25,seed_1,0.7581278788332062,0.7581278788332062,0.7581278788332062,0.7581278788332062,0.7581278788332062,0.7581278788332062,0.0,0.0,1.0,0.7581278788332062,0.0,,,,
phoneme,random,Random,budget_25,seed_2,0.7740832675248526,0.7740832675248526,0.7740832675248526,0.7740832675248526,0.7740832675248526,0.7740832675248526,0.0,0.0,1.0,0.7740832675248526,0.0,,,,
phoneme,random,Random,budget_50,seed_0,0.5997401264634881,0.5544991558452214,0.5997401264634881,0.5544991558452214,0.5997401264634881,0.5544991558452214,0.0,0.0,1.0,0.5544991558452214,0.0,,,,
phoneme,random,Random,budget_50,seed_1,0.7581278788332062,0.7581278788332062,0.7581278788332062,0.7581278788332062,0.7581278788332062,0.7581278788332062,0.0,0.0,1.0,0.7581278788332062,0.0,,,,
phoneme,random,Random,budget_50,seed_2,0.8067290758416682,0.8067290758416682,0.8067290758416682,0.8067290758416682,0.8067290758416682,0.8067290758416682,0.0,0.0,1.0,0.8067290758416682,0.0,,,,
phoneme,goss_coreset,GOSS coreset,budget_25,seed_0,1.0813034524721594,0.9997360942712212,1.0813034524721594,0.9997360942712212,1.0813034524721594,0.9997360942712212,0.0,0.0,1.0,0.9997360942712212,0.0,,,,
phoneme,goss_coreset,GOSS coreset,budget_25,seed_1,0.7581278788332062,0.7581278788332062,0.7581278788332062,0.7581278788332062,0.7581278788332062,0.7581278788332062,0.0,0.0,1.0,0.7581278788332062,0.0,,,,
phoneme,goss_coreset,GOSS coreset,budget_25,seed_2,0.8535654078979432,0.8535654078979432,0.8535654078979432,0.8535654078979432,0.8535654078979432,0.8535654078979432,0.0,0.0,1.0,0.8535654078979432,0.0,,,,
phoneme,goss_coreset,GOSS coreset,budget_50,seed_0,0.5347657505237661,0.49442607582205356,0.5347657505237661,0.49442607582205356,0.5347657505237661,0.49442607582205356,0.0,0.0,1.0,0.49442607582205356,0.0,,,,
phoneme,goss_coreset,GOSS coreset,budget_50,seed_1,0.6816018561714292,0.6816018561714292,0.6816018561714292,0.6816018561714292,0.6816018561714292,0.6816018561714292,0.0,0.0,1.0,0.6816018561714292,0.0,,,,
phoneme,goss_coreset,GOSS coreset,budget_50,seed_2,0.6542751337931362,0.6542751337931362,0.6542751337931362,0.6542751337931362,0.6542751337931362,0.6542751337931362,0.0,0.0,1.0,0.6542751337931362,0.0,,,,
phoneme,mvs_coreset,MVS coreset,budget_25,seed_0,0.7328644417467485,0.6775813329246884,0.7328644417467485,0.6775813329246884,0.7328644417467485,0.6775813329246884,0.0,0.0,1.0,0.6775813329246884,0.0,,,,
phoneme,mvs_coreset,MVS coreset,budget_25,seed_1,0.9619098374995897,0.9619098374995897,0.9619098374995897,0.9619098374995897,0.9619098374995897,0.9619098374995897,0.0,0.0,1.0,0.9619098374995897,0.0,,,,
phoneme,mvs_coreset,MVS coreset,budget_25,seed_2,0.8390501210938751,0.8390501210938751,0.8390501210938751,0.8390501210938751,0.8390501210938751,0.8390501210938751,0.0,0.0,1.0,0.8390501210938751,0.0,,,,
phoneme,mvs_coreset,MVS coreset,budget_50,seed_0,0.8598785563236324,0.7950142279497607,0.8598785563236324,0.7950142279497607,0.8598785563236324,0.7950142279497607,0.0,0.0,1.0,0.7950142279497607,0.0,,,,
phoneme,mvs_coreset,MVS coreset,budget_50,seed_1,0.5499947146659642,0.5499947146659642,0.5499947146659642,0.5499947146659642,0.5499947146659642,0.5499947146659642,0.0,0.0,1.0,0.5499947146659642,0.0,,,,
phoneme,mvs_coreset,MVS coreset,budget_50,seed_2,0.8390501210938751,0.8390501210938751,0.8390501210938751,0.8390501210938751,0.8390501210938751,0.8390501210938751,0.0,0.0,1.0,0.8390501210938751,0.0,,,,
phoneme,craig_coreset,CRAIG-style,budget_25,seed_0,0.8820302572592017,0.8154949310531852,0.8820302572592017,0.8154949310531852,0.8820302572592017,0.8154949310531852,0.0,0.0,1.0,0.8154949310531852,0.0,,,,
phoneme,craig_coreset,CRAIG-style,budget_25,seed_1,0.6690353207724986,0.6690353207724986,0.6690353207724986,0.6690353207724986,0.6690353207724986,0.6690353207724986,0.0,0.0,1.0,0.6690353207724986,0.0,,,,
phoneme,craig_coreset,CRAIG-style,budget_25,seed_2,0.8535654078979432,0.8535654078979432,0.8535654078979432,0.8535654078979432,0.8535654078979432,0.8535654078979432,0.0,0.0,1.0,0.8535654078979432,0.0,,,,
phoneme,craig_coreset,CRAIG-style,budget_50,seed_0,0.8820302572592017,0.8154949310531852,0.8820302572592017,0.8154949310531852,0.8820302572592017,0.8154949310531852,0.0,0.0,1.0,0.8154949310531852,0.0,,,,
phoneme,craig_coreset,CRAIG-style,budget_50,seed_1,0.6816018561714292,0.6816018561714292,0.6816018561714292,0.6816018561714292,0.6816018561714292,0.6816018561714292,0.0,0.0,1.0,0.6816018561714292,0.0,,,,
phoneme,craig_coreset,CRAIG-style,budget_50,seed_2,0.8535654078979432,0.8535654078979432,0.8535654078979432,0.8535654078979432,0.8535654078979432,0.8535654078979432,0.0,0.0,1.0,0.8535654078979432,0.0,,,,
phoneme,gradmatch_coreset,GradMatch-style,budget_25,seed_0,0.8820302572592017,0.8154949310531852,0.8820302572592017,0.8154949310531852,0.8820302572592017,0.8154949310531852,0.0,0.0,1.0,0.8154949310531852,0.0,,,,
phoneme,gradmatch_coreset,GradMatch-style,budget_25,seed_1,0.6816018561714292,0.6816018561714292,0.6816018561714292,0.6816018561714292,0.6816018561714292,0.6816018561714292,0.0,0.0,1.0,0.6816018561714292,0.0,,,,
phoneme,gradmatch_coreset,GradMatch-style,budget_25,seed_2,0.8390501210938751,0.8390501210938751,0.8390501210938751,0.8390501210938751,0.8390501210938751,0.8390501210938751,0.0,0.0,1.0,0.8390501210938751,0.0,,,,
phoneme,gradmatch_coreset,GradMatch-style,budget_50,seed_0,0.8820302572592017,0.8154949310531852,0.8820302572592017,0.8154949310531852,0.8820302572592017,0.8154949310531852,0.0,0.0,1.0,0.8154949310531852,0.0,,,,
phoneme,gradmatch_coreset,GradMatch-style,budget_50,seed_1,0.6816018561714292,0.6816018561714292,0.6816018561714292,0.6816018561714292,0.6816018561714292,0.6816018561714292,0.0,0.0,1.0,0.6816018561714292,0.0,,,,
phoneme,gradmatch_coreset,GradMatch-style,budget_50,seed_2,0.6893146327704418,0.6893146327704418,0.6893146327704418,0.6893146327704418,0.6893146327704418,0.6893146327704418,0.0,0.0,1.0,0.6893146327704418,0.0,,,,
phoneme,grand_coreset,GraNd,budget_25,seed_0,0.8598785563236324,0.7950142279497607,0.8598785563236324,0.7950142279497607,0.8598785563236324,0.7950142279497607,0.0,0.0,1.0,0.7950142279497607,0.0,,,,
phoneme,grand_coreset,GraNd,budget_25,seed_1,0.7581278788332062,0.7581278788332062,0.7581278788332062,0.7581278788332062,0.7581278788332062,0.7581278788332062,0.0,0.0,1.0,0.7581278788332062,0.0,,,,
phoneme,grand_coreset,GraNd,budget_25,seed_2,0.9237725980475042,0.9237725980475042,0.9237725980475042,0.9237725980475042,0.9237725980475042,0.9237725980475042,0.0,0.0,1.0,0.9237725980475042,0.0,,,,
phoneme,grand_coreset,GraNd,budget_50,seed_0,0.8377602521807013,0.7745644023756337,0.8377602521807013,0.7745644023756337,0.8377602521807013,0.7745644023756337,0.0,0.0,1.0,0.7745644023756337,0.0,,,,
phoneme,grand_coreset,GraNd,budget_50,seed_1,0.7581278788332062,0.7581278788332062,0.7581278788332062,0.7581278788332062,0.7581278788332062,0.7581278788332062,0.0,0.0,1.0,0.7581278788332062,0.0,,,,
phoneme,grand_coreset,GraNd,budget_50,seed_2,0.6630340589455793,0.6630340589455793,0.6630340589455793,0.6630340589455793,0.6630340589455793,0.6630340589455793,0.0,0.0,1.0,0.6630340589455793,0.0,,,,
phoneme,el2n_coreset,EL2N,budget_25,seed_0,0.8598785563236324,0.7950142279497607,0.8598785563236324,0.7950142279497607,0.8598785563236324,0.7950142279497607,0.0,0.0,1.0,0.7950142279497607,0.0,,,,
phoneme,el2n_coreset,EL2N,budget_25,seed_1,0.7581278788332062,0.7581278788332062,0.7581278788332062,0.7581278788332062,0.7581278788332062,0.7581278788332062,0.0,0.0,1.0,0.7581278788332062,0.0,,,,
phoneme,el2n_coreset,EL2N,budget_25,seed_2,0.9237725980475042,0.9237725980475042,0.9237725980475042,0.9237725980475042,0.9237725980475042,0.9237725980475042,0.0,0.0,1.0,0.9237725980475042,0.0,,,,
phoneme,el2n_coreset,EL2N,budget_50,seed_0,0.8377602521807013,0.7745644023756337,0.8377602521807013,0.7745644023756337,0.8377602521807013,0.7745644023756337,0.0,0.0,1.0,0.7745644023756337,0.0,,,,
phoneme,el2n_coreset,EL2N,budget_50,seed_1,0.7581278788332062,0.7581278788332062,0.7581278788332062,0.7581278788332062,0.7581278788332062,0.7581278788332062,0.0,0.0,1.0,0.7581278788332062,0.0,,,,
phoneme,el2n_coreset,EL2N,budget_50,seed_2,0.6630340589455793,0.6630340589455793,0.6630340589455793,0.6630340589455793,0.6630340589455793,0.6630340589455793,0.0,0.0,1.0,0.6630340589455793,0.0,,,,
phoneme,distribution_matching,DistributionMatching,budget_25,seed_0,0.8017210162017503,0.7412437605745358,0.8017210162017503,0.7412437605745358,0.8017210162017503,0.7412437605745358,0.0,0.0,1.0,0.7412437605745358,0.0,,,,
phoneme,distribution_matching,DistributionMatching,budget_25,seed_1,0.7243410884609488,0.7243410884609488,0.7243410884609488,0.7243410884609488,0.7243410884609488,0.7243410884609488,0.0,0.0,1.0,0.7243410884609488,0.0,,,,
phoneme,distribution_matching,DistributionMatching,budget_25,seed_2,0.6893146327704418,0.6893146327704418,0.6893146327704418,0.6893146327704418,0.6893146327704418,0.6893146327704418,0.0,0.0,1.0,0.6893146327704418,0.0,,,,
phoneme,distribution_matching,DistributionMatching,budget_50,seed_0,0.8820302572592017,0.8154949310531852,0.8820302572592017,0.8154949310531852,0.8820302572592017,0.8154949310531852,0.0,0.0,1.0,0.8154949310531852,0.0,,,,
phoneme,distribution_matching,DistributionMatching,budget_50,seed_1,0.6405925899757623,0.6405925899757623,0.6405925899757623,0.6405925899757623,0.6405925899757623,0.6405925899757623,0.0,0.0,1.0,0.6405925899757623,0.0,,,,
phoneme,distribution_matching,DistributionMatching,budget_50,seed_2,0.6893146327704418,0.6893146327704418,0.6893146327704418,0.6893146327704418,0.6893146327704418,0.6893146327704418,0.0,0.0,1.0,0.6893146327704418,0.0,,,,
phoneme,k_center,K-center,budget_25,seed_0,0.5407878093534096,0.4999938649196051,0.5407878093534096,0.4999938649196051,0.5407878093534096,0.4999938649196051,0.0,0.0,1.0,0.4999938649196051,0.0,,,,
phoneme,k_center,K-center,budget_25,seed_1,0.4699644945063283,0.4699644945063283,0.4699644945063283,0.4699644945063283,0.4699644945063283,0.4699644945063283,0.0,0.0,1.0,0.4699644945063283,0.0,,,,
phoneme,k_center,K-center,budget_25,seed_2,0.6857291481803149,0.6857291481803149,0.6857291481803149,0.6857291481803149,0.6857291481803149,0.6857291481803149,0.0,0.0,1.0,0.6857291481803149,0.0,,,,
phoneme,k_center,K-center,budget_50,seed_0,0.3567075180505229,0.32979953969229814,0.3567075180505229,0.32979953969229814,0.3567075180505229,0.32979953969229814,0.0,0.0,1.0,0.32979953969229814,0.0,,,,
phoneme,k_center,K-center,budget_50,seed_1,0.4727711124747586,0.4727711124747586,0.4727711124747586,0.4727711124747586,0.4727711124747586,0.4727711124747586,0.0,0.0,1.0,0.4727711124747586,0.0,,,,
phoneme,k_center,K-center,budget_50,seed_2,0.04472613576513873,0.04472613576513873,0.04472613576513873,0.04472613576513873,0.04472613576513873,0.04472613576513873,0.0,0.0,1.0,0.04472613576513873,0.0,,,,
phoneme,gradient_sampling,Gradient sampling,budget_25,seed_0,0.8377602521807013,0.7745644023756337,0.8377602521807013,0.7745644023756337,0.8377602521807013,0.7745644023756337,0.0,0.0,1.0,0.7745644023756337,0.0,,,,
phoneme,gradient_sampling,Gradient sampling,budget_25,seed_1,0.46899671542544447,0.46899671542544447,0.46899671542544447,0.46899671542544447,0.46899671542544447,0.46899671542544447,0.0,0.0,1.0,0.46899671542544447,0.0,,,,
phoneme,gradient_sampling,Gradient sampling,budget_25,seed_2,0.8036618847986908,0.8036618847986908,0.8036618847986908,0.8036618847986908,0.8036618847986908,0.8036618847986908,0.0,0.0,1.0,0.8036618847986908,0.0,,,,
phoneme,gradient_sampling,Gradient sampling,budget_50,seed_0,0.8377602521807013,0.7745644023756337,0.8377602521807013,0.7745644023756337,0.8377602521807013,0.7745644023756337,0.0,0.0,1.0,0.7745644023756337,0.0,,,,
phoneme,gradient_sampling,Gradient sampling,budget_50,seed_1,0.5499947146659642,0.5499947146659642,0.5499947146659642,0.5499947146659642,0.5499947146659642,0.5499947146659642,0.0,0.0,1.0,0.5499947146659642,0.0,,,,
phoneme,gradient_sampling,Gradient sampling,budget_50,seed_2,0.9237725980475042,0.9237725980475042,0.9237725980475042,0.9237725980475042,0.9237725980475042,0.9237725980475042,0.0,0.0,1.0,0.9237725980475042,0.0,,,,
phoneme,gain_herding,Gain sketch,budget_25,seed_0,0.8820302572592017,0.8154949310531852,0.8820302572592017,0.8154949310531852,0.8820302572592017,0.8154949310531852,0.0,0.0,1.0,0.8154949310531852,0.0,,,,
phoneme,gain_herding,Gain sketch,budget_25,seed_1,0.7581278788332062,0.7581278788332062,0.7581278788332062,0.7581278788332062,0.7581278788332062,0.7581278788332062,0.0,0.0,1.0,0.7581278788332062,0.0,,,,
phoneme,gain_herding,Gain sketch,budget_25,seed_2,0.8390501210938751,0.8390501210938751,0.8390501210938751,0.8390501210938751,0.8390501210938751,0.8390501210938751,0.0,0.0,1.0,0.8390501210938751,0.0,,,,
phoneme,gain_herding,Gain sketch,budget_50,seed_0,0.8820302572592017,0.8154949310531852,0.8820302572592017,0.8154949310531852,0.8820302572592017,0.8154949310531852,0.0,0.0,1.0,0.8154949310531852,0.0,,,,
phoneme,gain_herding,Gain sketch,budget_50,seed_1,0.7581278788332062,0.7581278788332062,0.7581278788332062,0.7581278788332062,0.7581278788332062,0.7581278788332062,0.0,0.0,1.0,0.7581278788332062,0.0,,,,
phoneme,gain_herding,Gain sketch,budget_50,seed_2,0.6893146327704418,0.6893146327704418,0.6893146327704418,0.6893146327704418,0.6893146327704418,0.6893146327704418,0.0,0.0,1.0,0.6893146327704418,0.0,,,,
phoneme,gain_path_herding,Gain-path sketch,budget_25,seed_0,0.8820302572592017,0.8154949310531852,0.8820302572592017,0.8154949310531852,0.8820302572592017,0.8154949310531852,0.0,0.0,1.0,0.8154949310531852,0.0,,,,
phoneme,gain_path_herding,Gain-path sketch,budget_25,seed_1,0.7581278788332062,0.7581278788332062,0.7581278788332062,0.7581278788332062,0.7581278788332062,0.7581278788332062,0.0,0.0,1.0,0.7581278788332062,0.0,,,,
phoneme,gain_path_herding,Gain-path sketch,budget_25,seed_2,0.6630340589455793,0.6630340589455793,0.6630340589455793,0.6630340589455793,0.6630340589455793,0.6630340589455793,0.0,0.0,1.0,0.6630340589455793,0.0,,,,
phoneme,gain_path_herding,Gain-path sketch,budget_50,seed_0,0.8820302572592017,0.8154949310531852,0.8820302572592017,0.8154949310531852,0.8820302572592017,0.8154949310531852,0.0,0.0,1.0,0.8154949310531852,0.0,,,,
phoneme,gain_path_herding,Gain-path sketch,budget_50,seed_1,0.7581278788332062,0.7581278788332062,0.7581278788332062,0.7581278788332062,0.7581278788332062,0.7581278788332062,0.0,0.0,1.0,0.7581278788332062,0.0,,,,
phoneme,gain_path_herding,Gain-path sketch,budget_50,seed_2,0.8390501210938751,0.8390501210938751,0.8390501210938751,0.8390501210938751,0.8390501210938751,0.8390501210938751,0.0,0.0,1.0,0.8390501210938751,0.0,,,,
qsar_biodeg,histdistill_greedy,HistDistill-Greedy,budget_25,seed_0,0.7325516441731167,0.7325516441731167,0.7325516441731167,0.7325516441731167,0.7325516441731167,0.7325516441731167,0.0,0.0,1.0,0.7325516441731167,0.0,,,,
qsar_biodeg,histdistill_greedy,HistDistill-Greedy,budget_25,seed_1,0.6426962387077684,0.6426962387077684,0.6426962387077684,0.6426962387077684,0.6426962387077684,0.6426962387077684,0.0,0.0,1.0,0.6426962387077684,0.0,,,,
qsar_biodeg,histdistill_greedy,HistDistill-Greedy,budget_25,seed_2,0.774002939705173,0.774002939705173,0.774002939705173,0.774002939705173,0.774002939705173,0.774002939705173,0.0,0.0,1.0,0.774002939705173,0.0,,,,
qsar_biodeg,histdistill_greedy,HistDistill-Greedy,budget_50,seed_0,0.7386979939622318,0.7386979939622318,0.7386979939622318,0.7386979939622318,0.7386979939622318,0.7386979939622318,0.0,0.0,1.0,0.7386979939622318,0.0,,,,
qsar_biodeg,histdistill_greedy,HistDistill-Greedy,budget_50,seed_1,0.3976259873090508,0.3976259873090508,0.3976259873090508,0.3976259873090508,0.3976259873090508,0.3976259873090508,0.0,0.0,1.0,0.3976259873090508,0.0,,,,
qsar_biodeg,histdistill_greedy,HistDistill-Greedy,budget_50,seed_2,0.44960171981439856,0.44960171981439856,0.44960171981439856,0.44960171981439856,0.44960171981439856,0.44960171981439856,0.0,0.0,1.0,0.44960171981439856,0.0,,,,
qsar_biodeg,histdistill_refined,HistDistill-Refined,budget_25,seed_0,0.7386979939622318,0.7386979939622318,0.7386979939622318,0.7386979939622318,0.7386979939622318,0.7386979939622318,0.0,0.0,1.0,0.7386979939622318,0.0,,,,
qsar_biodeg,histdistill_refined,HistDistill-Refined,budget_25,seed_1,0.3976259873090508,0.3976259873090508,0.3976259873090508,0.3976259873090508,0.3976259873090508,0.3976259873090508,0.0,0.0,1.0,0.3976259873090508,0.0,,,,
qsar_biodeg,histdistill_refined,HistDistill-Refined,budget_25,seed_2,0.6962629876501751,0.6962629876501751,0.6962629876501751,0.6962629876501751,0.6962629876501751,0.6962629876501751,0.0,0.0,1.0,0.6962629876501751,0.0,,,,
qsar_biodeg,histdistill_refined,HistDistill-Refined,budget_50,seed_0,0.470943449762508,0.470943449762508,0.470943449762508,0.470943449762508,0.470943449762508,0.470943449762508,0.0,0.0,1.0,0.470943449762508,0.0,,,,
qsar_biodeg,histdistill_refined,HistDistill-Refined,budget_50,seed_1,0.583706825622925,0.583706825622925,0.583706825622925,0.583706825622925,0.583706825622925,0.583706825622925,0.0,0.0,1.0,0.583706825622925,0.0,,,,
qsar_biodeg,histdistill_refined,HistDistill-Refined,budget_50,seed_2,0.6962629876501751,0.6962629876501751,0.6962629876501751,0.6962629876501751,0.6962629876501751,0.6962629876501751,0.0,0.0,1.0,0.6962629876501751,0.0,,,,
qsar_biodeg,histdistill_density,HistDistill-Density,budget_25,seed_0,0.7386979939622318,0.7386979939622318,0.7386979939622318,0.7386979939622318,0.7386979939622318,0.7386979939622318,0.0,0.0,1.0,0.7386979939622318,0.0,,,,
qsar_biodeg,histdistill_density,HistDistill-Density,budget_25,seed_1,0.39924550048292207,0.39924550048292207,0.39924550048292207,0.39924550048292207,0.39924550048292207,0.39924550048292207,0.0,0.0,1.0,0.39924550048292207,0.0,,,,
qsar_biodeg,histdistill_density,HistDistill-Density,budget_25,seed_2,0.6962629876501751,0.6962629876501751,0.6962629876501751,0.6962629876501751,0.6962629876501751,0.6962629876501751,0.0,0.0,1.0,0.6962629876501751,0.0,,,,
qsar_biodeg,histdistill_density,HistDistill-Density,budget_50,seed_0,0.470943449762508,0.470943449762508,0.470943449762508,0.470943449762508,0.470943449762508,0.470943449762508,0.0,0.0,1.0,0.470943449762508,0.0,,,,
qsar_biodeg,histdistill_density,HistDistill-Density,budget_50,seed_1,0.50555874576887,0.50555874576887,0.50555874576887,0.50555874576887,0.50555874576887,0.50555874576887,0.0,0.0,1.0,0.50555874576887,0.0,,,,
qsar_biodeg,histdistill_density,HistDistill-Density,budget_50,seed_2,0.6962629876501751,0.6962629876501751,0.6962629876501751,0.6962629876501751,0.6962629876501751,0.6962629876501751,0.0,0.0,1.0,0.6962629876501751,0.0,,,,
qsar_biodeg,gain_path_refined,Legacy gain-path refined,budget_25,seed_0,0.470943449762508,0.470943449762508,0.470943449762508,0.470943449762508,0.470943449762508,0.470943449762508,0.0,0.0,1.0,0.470943449762508,0.0,,,,
qsar_biodeg,gain_path_refined,Legacy gain-path refined,budget_25,seed_1,0.583706825622925,0.583706825622925,0.583706825622925,0.583706825622925,0.583706825622925,0.583706825622925,0.0,0.0,1.0,0.583706825622925,0.0,,,,
qsar_biodeg,gain_path_refined,Legacy gain-path refined,budget_25,seed_2,0.6962629876501751,0.6962629876501751,0.6962629876501751,0.6962629876501751,0.6962629876501751,0.6962629876501751,0.0,0.0,1.0,0.6962629876501751,0.0,,,,
qsar_biodeg,gain_path_refined,Legacy gain-path refined,budget_50,seed_0,0.470943449762508,0.470943449762508,0.470943449762508,0.470943449762508,0.470943449762508,0.470943449762508,0.0,0.0,1.0,0.470943449762508,0.0,,,,
qsar_biodeg,gain_path_refined,Legacy gain-path refined,budget_50,seed_1,0.583706825622925,0.583706825622925,0.583706825622925,0.583706825622925,0.583706825622925,0.583706825622925,0.0,0.0,1.0,0.583706825622925,0.0,,,,
qsar_biodeg,gain_path_refined,Legacy gain-path refined,budget_50,seed_2,0.6962629876501751,0.6962629876501751,0.6962629876501751,0.6962629876501751,0.6962629876501751,0.6962629876501751,0.0,0.0,1.0,0.6962629876501751,0.0,,,,
qsar_biodeg,herding,Herding,budget_25,seed_0,0.470943449762508,0.470943449762508,0.470943449762508,0.470943449762508,0.470943449762508,0.470943449762508,0.0,0.0,1.0,0.470943449762508,0.0,,,,
qsar_biodeg,herding,Herding,budget_25,seed_1,0.50555874576887,0.50555874576887,0.50555874576887,0.50555874576887,0.50555874576887,0.50555874576887,0.0,0.0,1.0,0.50555874576887,0.0,,,,
qsar_biodeg,herding,Herding,budget_25,seed_2,0.6962629876501751,0.6962629876501751,0.6962629876501751,0.6962629876501751,0.6962629876501751,0.6962629876501751,0.0,0.0,1.0,0.6962629876501751,0.0,,,,
qsar_biodeg,herding,Herding,budget_50,seed_0,0.470943449762508,0.470943449762508,0.470943449762508,0.470943449762508,0.470943449762508,0.470943449762508,0.0,0.0,1.0,0.470943449762508,0.0,,,,
qsar_biodeg,herding,Herding,budget_50,seed_1,0.39924550048292207,0.39924550048292207,0.39924550048292207,0.39924550048292207,0.39924550048292207,0.39924550048292207,0.0,0.0,1.0,0.39924550048292207,0.0,,,,
qsar_biodeg,herding,Herding,budget_50,seed_2,0.8168217031245684,0.8168217031245684,0.8168217031245684,0.8168217031245684,0.8168217031245684,0.8168217031245684,0.0,0.0,1.0,0.8168217031245684,0.0,,,,
qsar_biodeg,random,Random,budget_25,seed_0,0.6262289844931204,0.6262289844931204,0.6262289844931204,0.6262289844931204,0.6262289844931204,0.6262289844931204,0.0,0.0,1.0,0.6262289844931204,0.0,,,,
qsar_biodeg,random,Random,budget_25,seed_1,0.50555874576887,0.50555874576887,0.50555874576887,0.50555874576887,0.50555874576887,0.50555874576887,0.0,0.0,1.0,0.50555874576887,0.0,,,,
qsar_biodeg,random,Random,budget_25,seed_2,0.41273876761091455,0.41273876761091455,0.41273876761091455,0.41273876761091455,0.41273876761091455,0.41273876761091455,0.0,0.0,1.0,0.41273876761091455,0.0,,,,
qsar_biodeg,random,Random,budget_50,seed_0,0.6262289844931204,0.6262289844931204,0.6262289844931204,0.6262289844931204,0.6262289844931204,0.6262289844931204,0.0,0.0,1.0,0.6262289844931204,0.0,,,,
qsar_biodeg,random,Random,budget_50,seed_1,0.50555874576887,0.50555874576887,0.50555874576887,0.50555874576887,0.50555874576887,0.50555874576887,0.0,0.0,1.0,0.50555874576887,0.0,,,,
qsar_biodeg,random,Random,budget_50,seed_2,0.41273876761091455,0.41273876761091455,0.41273876761091455,0.41273876761091455,0.41273876761091455,0.41273876761091455,0.0,0.0,1.0,0.41273876761091455,0.0,,,,
qsar_biodeg,goss_coreset,GOSS coreset,budget_25,seed_0,0.49540017008514503,0.49540017008514503,0.49540017008514503,0.49540017008514503,0.49540017008514503,0.49540017008514503,0.0,0.0,1.0,0.49540017008514503,0.0,,,,
qsar_biodeg,goss_coreset,GOSS coreset,budget_25,seed_1,0.6485216519817023,0.6485216519817023,0.6485216519817023,0.6485216519817023,0.6485216519817023,0.6485216519817023,0.0,0.0,1.0,0.6485216519817023,0.0,,,,
qsar_biodeg,goss_coreset,GOSS coreset,budget_25,seed_2,0.79889994289602,0.79889994289602,0.79889994289602,0.79889994289602,0.79889994289602,0.79889994289602,0.0,0.0,1.0,0.79889994289602,0.0,,,,
qsar_biodeg,goss_coreset,GOSS coreset,budget_50,seed_0,0.45297659919441996,0.45297659919441996,0.45297659919441996,0.45297659919441996,0.45297659919441996,0.45297659919441996,0.0,0.0,1.0,0.45297659919441996,0.0,,,,
qsar_biodeg,goss_coreset,GOSS coreset,budget_50,seed_1,0.6485216519817023,0.6485216519817023,0.6485216519817023,0.6485216519817023,0.6485216519817023,0.6485216519817023,0.0,0.0,1.0,0.6485216519817023,0.0,,,,
qsar_biodeg,goss_coreset,GOSS coreset,budget_50,seed_2,0.6962629876501751,0.6962629876501751,0.6962629876501751,0.6962629876501751,0.6962629876501751,0.6962629876501751,0.0,0.0,1.0,0.6962629876501751,0.0,,,,
qsar_biodeg,mvs_coreset,MVS coreset,budget_25,seed_0,0.6966645142739196,0.6966645142739196,0.6966645142739196,0.6966645142739196,0.6966645142739196,0.6966645142739196,0.0,0.0,1.0,0.6966645142739196,0.0,,,,
qsar_biodeg,mvs_coreset,MVS coreset,budget_25,seed_1,0.39924550048292207,0.39924550048292207,0.39924550048292207,0.39924550048292207,0.39924550048292207,0.39924550048292207,0.0,0.0,1.0,0.39924550048292207,0.0,,,,
qsar_biodeg,mvs_coreset,MVS coreset,budget_25,seed_2,0.6832123743825487,0.6832123743825487,0.6832123743825487,0.6832123743825487,0.6832123743825487,0.6832123743825487,0.0,0.0,1.0,0.6832123743825487,0.0,,,,
qsar_biodeg,mvs_coreset,MVS coreset,budget_50,seed_0,0.5451457145742309,0.5451457145742309,0.5451457145742309,0.5451457145742309,0.5451457145742309,0.5451457145742309,0.0,0.0,1.0,0.5451457145742309,0.0,,,,
qsar_biodeg,mvs_coreset,MVS coreset,budget_50,seed_1,0.50555874576887,0.50555874576887,0.50555874576887,0.50555874576887,0.50555874576887,0.50555874576887,0.0,0.0,1.0,0.50555874576887,0.0,,,,
qsar_biodeg,mvs_coreset,MVS coreset,budget_50,seed_2,0.6832123743825487,0.6832123743825487,0.6832123743825487,0.6832123743825487,0.6832123743825487,0.6832123743825487,0.0,0.0,1.0,0.6832123743825487,0.0,,,,
qsar_biodeg,craig_coreset,CRAIG-style,budget_25,seed_0,0.38481732094307264,0.38481732094307264,0.38481732094307264,0.38481732094307264,0.38481732094307264,0.38481732094307264,0.0,0.0,1.0,0.38481732094307264,0.0,,,,
qsar_biodeg,craig_coreset,CRAIG-style,budget_25,seed_1,0.6484153454747121,0.6484153454747121,0.6484153454747121,0.6484153454747121,0.6484153454747121,0.6484153454747121,0.0,0.0,1.0,0.6484153454747121,0.0,,,,
qsar_biodeg,craig_coreset,CRAIG-style,budget_25,seed_2,0.8026004776760006,0.8026004776760006,0.8026004776760006,0.8026004776760006,0.8026004776760006,0.8026004776760006,0.0,0.0,1.0,0.8026004776760006,0.0,,,,
qsar_biodeg,craig_coreset,CRAIG-style,budget_50,seed_0,0.4193787565015802,0.4193787565015802,0.4193787565015802,0.4193787565015802,0.4193787565015802,0.4193787565015802,0.0,0.0,1.0,0.4193787565015802,0.0,,,,
qsar_biodeg,craig_coreset,CRAIG-style,budget_50,seed_1,0.5655382300032916,0.5655382300032916,0.5655382300032916,0.5655382300032916,0.5655382300032916,0.5655382300032916,0.0,0.0,1.0,0.5655382300032916,0.0,,,,
qsar_biodeg,craig_coreset,CRAIG-style,budget_50,seed_2,0.575010456732009,0.575010456732009,0.575010456732009,0.575010456732009,0.575010456732009,0.575010456732009,0.0,0.0,1.0,0.575010456732009,0.0,,,,
qsar_biodeg,gradmatch_coreset,GradMatch-style,budget_25,seed_0,0.470943449762508,0.470943449762508,0.470943449762508,0.470943449762508,0.470943449762508,0.470943449762508,0.0,0.0,1.0,0.470943449762508,0.0,,,,
qsar_biodeg,gradmatch_coreset,GradMatch-style,budget_25,seed_1,0.5655382300032916,0.5655382300032916,0.5655382300032916,0.5655382300032916,0.5655382300032916,0.5655382300032916,0.0,0.0,1.0,0.5655382300032916,0.0,,,,
qsar_biodeg,gradmatch_coreset,GradMatch-style,budget_25,seed_2,0.6687480707193698,0.6687480707193698,0.6687480707193698,0.6687480707193698,0.6687480707193698,0.6687480707193698,0.0,0.0,1.0,0.6687480707193698,0.0,,,,
qsar_biodeg,gradmatch_coreset,GradMatch-style,budget_50,seed_0,0.5451457145742309,0.5451457145742309,0.5451457145742309,0.5451457145742309,0.5451457145742309,0.5451457145742309,0.0,0.0,1.0,0.5451457145742309,0.0,,,,
qsar_biodeg,gradmatch_coreset,GradMatch-style,budget_50,seed_1,0.5655382300032916,0.5655382300032916,0.5655382300032916,0.5655382300032916,0.5655382300032916,0.5655382300032916,0.0,0.0,1.0,0.5655382300032916,0.0,,,,
qsar_biodeg,gradmatch_coreset,GradMatch-style,budget_50,seed_2,0.4357405896164167,0.4357405896164167,0.4357405896164167,0.4357405896164167,0.4357405896164167,0.4357405896164167,0.0,0.0,1.0,0.4357405896164167,0.0,,,,
qsar_biodeg,grand_coreset,GraNd,budget_25,seed_0,0.08717316206784498,0.08717316206784498,0.08717316206784498,0.08717316206784498,0.08717316206784498,0.08717316206784498,0.0,0.0,1.0,0.08717316206784498,0.0,,,,
qsar_biodeg,grand_coreset,GraNd,budget_25,seed_1,0.5957162171377341,0.5957162171377341,0.5957162171377341,0.5957162171377341,0.5957162171377341,0.5957162171377341,0.0,0.0,1.0,0.5957162171377341,0.0,,,,
qsar_biodeg,grand_coreset,GraNd,budget_25,seed_2,0.8165985839656904,0.8165985839656904,0.8165985839656904,0.8165985839656904,0.8165985839656904,0.8165985839656904,0.0,0.0,1.0,0.8165985839656904,0.0,,,,
qsar_biodeg,grand_coreset,GraNd,budget_50,seed_0,0.7386979939622318,0.7386979939622318,0.7386979939622318,0.7386979939622318,0.7386979939622318,0.7386979939622318,0.0,0.0,1.0,0.7386979939622318,0.0,,,,
qsar_biodeg,grand_coreset,GraNd,budget_50,seed_1,0.4391515271131189,0.4391515271131189,0.4391515271131189,0.4391515271131189,0.4391515271131189,0.4391515271131189,0.0,0.0,1.0,0.4391515271131189,0.0,,,,
qsar_biodeg,grand_coreset,GraNd,budget_50,seed_2,0.7211193644516708,0.7211193644516708,0.7211193644516708,0.7211193644516708,0.7211193644516708,0.7211193644516708,0.0,0.0,1.0,0.7211193644516708,0.0,,,,
qsar_biodeg,el2n_coreset,EL2N,budget_25,seed_0,0.08717316206784498,0.08717316206784498,0.08717316206784498,0.08717316206784498,0.08717316206784498,0.08717316206784498,0.0,0.0,1.0,0.08717316206784498,0.0,,,,
qsar_biodeg,el2n_coreset,EL2N,budget_25,seed_1,0.5957162171377341,0.5957162171377341,0.5957162171377341,0.5957162171377341,0.5957162171377341,0.5957162171377341,0.0,0.0,1.0,0.5957162171377341,0.0,,,,
qsar_biodeg,el2n_coreset,EL2N,budget_25,seed_2,0.8165985839656904,0.8165985839656904,0.8165985839656904,0.8165985839656904,0.8165985839656904,0.8165985839656904,0.0,0.0,1.0,0.8165985839656904,0.0,,,,
qsar_biodeg,el2n_coreset,EL2N,budget_50,seed_0,0.7386979939622318,0.7386979939622318,0.7386979939622318,0.7386979939622318,0.7386979939622318,0.7386979939622318,0.0,0.0,1.0,0.7386979939622318,0.0,,,,
qsar_biodeg,el2n_coreset,EL2N,budget_50,seed_1,0.4391515271131189,0.4391515271131189,0.4391515271131189,0.4391515271131189,0.4391515271131189,0.4391515271131189,0.0,0.0,1.0,0.4391515271131189,0.0,,,,
qsar_biodeg,el2n_coreset,EL2N,budget_50,seed_2,0.7211193644516708,0.7211193644516708,0.7211193644516708,0.7211193644516708,0.7211193644516708,0.7211193644516708,0.0,0.0,1.0,0.7211193644516708,0.0,,,,
qsar_biodeg,distribution_matching,DistributionMatching,budget_25,seed_0,0.470943449762508,0.470943449762508,0.470943449762508,0.470943449762508,0.470943449762508,0.470943449762508,0.0,0.0,1.0,0.470943449762508,0.0,,,,
qsar_biodeg,distribution_matching,DistributionMatching,budget_25,seed_1,0.16725685457879458,0.16725685457879458,0.16725685457879458,0.16725685457879458,0.16725685457879458,0.16725685457879458,0.0,0.0,1.0,0.16725685457879458,0.0,,,,
qsar_biodeg,distribution_matching,DistributionMatching,budget_25,seed_2,0.4357405896164167,0.4357405896164167,0.4357405896164167,0.4357405896164167,0.4357405896164167,0.4357405896164167,0.0,0.0,1.0,0.4357405896164167,0.0,,,,
qsar_biodeg,distribution_matching,DistributionMatching,budget_50,seed_0,0.45297659919441996,0.45297659919441996,0.45297659919441996,0.45297659919441996,0.45297659919441996,0.45297659919441996,0.0,0.0,1.0,0.45297659919441996,0.0,,,,
qsar_biodeg,distribution_matching,DistributionMatching,budget_50,seed_1,0.33623880136911444,0.33623880136911444,0.33623880136911444,0.33623880136911444,0.33623880136911444,0.33623880136911444,0.0,0.0,1.0,0.33623880136911444,0.0,,,,
qsar_biodeg,distribution_matching,DistributionMatching,budget_50,seed_2,0.8165985839656904,0.8165985839656904,0.8165985839656904,0.8165985839656904,0.8165985839656904,0.8165985839656904,0.0,0.0,1.0,0.8165985839656904,0.0,,,,
qsar_biodeg,k_center,K-center,budget_25,seed_0,0.41177724113873204,0.41177724113873204,0.41177724113873204,0.41177724113873204,0.41177724113873204,0.41177724113873204,0.0,0.0,1.0,0.41177724113873204,0.0,,,,
qsar_biodeg,k_center,K-center,budget_25,seed_1,0.2828739827455613,0.2828739827455613,0.2828739827455613,0.2828739827455613,0.2828739827455613,0.2828739827455613,0.0,0.0,1.0,0.2828739827455613,0.0,,,,
qsar_biodeg,k_center,K-center,budget_25,seed_2,0.774002939705173,0.774002939705173,0.774002939705173,0.774002939705173,0.774002939705173,0.774002939705173,0.0,0.0,1.0,0.774002939705173,0.0,,,,
qsar_biodeg,k_center,K-center,budget_50,seed_0,0.7241792416497107,0.7241792416497107,0.7241792416497107,0.7241792416497107,0.7241792416497107,0.7241792416497107,0.0,0.0,1.0,0.7241792416497107,0.0,,,,
qsar_biodeg,k_center,K-center,budget_50,seed_1,0.2828739827455613,0.2828739827455613,0.2828739827455613,0.2828739827455613,0.2828739827455613,0.2828739827455613,0.0,0.0,1.0,0.2828739827455613,0.0,,,,
qsar_biodeg,k_center,K-center,budget_50,seed_2,0.7975607540361184,0.7975607540361184,0.7975607540361184,0.7975607540361184,0.7975607540361184,0.7975607540361184,0.0,0.0,1.0,0.7975607540361184,0.0,,,,
qsar_biodeg,gradient_sampling,Gradient sampling,budget_25,seed_0,0.7386979939622318,0.7386979939622318,0.7386979939622318,0.7386979939622318,0.7386979939622318,0.7386979939622318,0.0,0.0,1.0,0.7386979939622318,0.0,,,,
qsar_biodeg,gradient_sampling,Gradient sampling,budget_25,seed_1,0.6426962387077684,0.6426962387077684,0.6426962387077684,0.6426962387077684,0.6426962387077684,0.6426962387077684,0.0,0.0,1.0,0.6426962387077684,0.0,,,,
qsar_biodeg,gradient_sampling,Gradient sampling,budget_25,seed_2,0.4357405896164167,0.4357405896164167,0.4357405896164167,0.4357405896164167,0.4357405896164167,0.4357405896164167,0.0,0.0,1.0,0.4357405896164167,0.0,,,,
qsar_biodeg,gradient_sampling,Gradient sampling,budget_50,seed_0,0.7386979939622318,0.7386979939622318,0.7386979939622318,0.7386979939622318,0.7386979939622318,0.7386979939622318,0.0,0.0,1.0,0.7386979939622318,0.0,,,,
qsar_biodeg,gradient_sampling,Gradient sampling,budget_50,seed_1,0.28130984245520796,0.28130984245520796,0.28130984245520796,0.28130984245520796,0.28130984245520796,0.28130984245520796,0.0,0.0,1.0,0.28130984245520796,0.0,,,,
qsar_biodeg,gradient_sampling,Gradient sampling,budget_50,seed_2,0.4176018237041686,0.4176018237041686,0.4176018237041686,0.4176018237041686,0.4176018237041686,0.4176018237041686,0.0,0.0,1.0,0.4176018237041686,0.0,,,,
qsar_biodeg,gain_herding,Gain sketch,budget_25,seed_0,0.470943449762508,0.470943449762508,0.470943449762508,0.470943449762508,0.470943449762508,0.470943449762508,0.0,0.0,1.0,0.470943449762508,0.0,,,,
qsar_biodeg,gain_herding,Gain sketch,budget_25,seed_1,0.50555874576887,0.50555874576887,0.50555874576887,0.50555874576887,0.50555874576887,0.50555874576887,0.0,0.0,1.0,0.50555874576887,0.0,,,,
qsar_biodeg,gain_herding,Gain sketch,budget_25,seed_2,0.6962629876501751,0.6962629876501751,0.6962629876501751,0.6962629876501751,0.6962629876501751,0.6962629876501751,0.0,0.0,1.0,0.6962629876501751,0.0,,,,
qsar_biodeg,gain_herding,Gain sketch,budget_50,seed_0,0.470943449762508,0.470943449762508,0.470943449762508,0.470943449762508,0.470943449762508,0.470943449762508,0.0,0.0,1.0,0.470943449762508,0.0,,,,
qsar_biodeg,gain_herding,Gain sketch,budget_50,seed_1,0.50555874576887,0.50555874576887,0.50555874576887,0.50555874576887,0.50555874576887,0.50555874576887,0.0,0.0,1.0,0.50555874576887,0.0,,,,
qsar_biodeg,gain_herding,Gain sketch,budget_50,seed_2,0.6962629876501751,0.6962629876501751,0.6962629876501751,0.6962629876501751,0.6962629876501751,0.6962629876501751,0.0,0.0,1.0,0.6962629876501751,0.0,,,,
qsar_biodeg,gain_path_herding,Gain-path sketch,budget_25,seed_0,0.7386979939622318,0.7386979939622318,0.7386979939622318,0.7386979939622318,0.7386979939622318,0.7386979939622318,0.0,0.0,1.0,0.7386979939622318,0.0,,,,
qsar_biodeg,gain_path_herding,Gain-path sketch,budget_25,seed_1,0.3976259873090508,0.3976259873090508,0.3976259873090508,0.3976259873090508,0.3976259873090508,0.3976259873090508,0.0,0.0,1.0,0.3976259873090508,0.0,,,,
qsar_biodeg,gain_path_herding,Gain-path sketch,budget_25,seed_2,0.6962629876501751,0.6962629876501751,0.6962629876501751,0.6962629876501751,0.6962629876501751,0.6962629876501751,0.0,0.0,1.0,0.6962629876501751,0.0,,,,
qsar_biodeg,gain_path_herding,Gain-path sketch,budget_50,seed_0,0.470943449762508,0.470943449762508,0.470943449762508,0.470943449762508,0.470943449762508,0.470943449762508,0.0,0.0,1.0,0.470943449762508,0.0,,,,
qsar_biodeg,gain_path_herding,Gain-path sketch,budget_50,seed_1,0.50555874576887,0.50555874576887,0.50555874576887,0.50555874576887,0.50555874576887,0.50555874576887,0.0,0.0,1.0,0.50555874576887,0.0,,,,
qsar_biodeg,gain_path_herding,Gain-path sketch,budget_50,seed_2,0.6962629876501751,0.6962629876501751,0.6962629876501751,0.6962629876501751,0.6962629876501751,0.6962629876501751,0.0,0.0,1.0,0.6962629876501751,0.0,,,,
sick,histdistill_greedy,HistDistill-Greedy,budget_25,seed_0,0.24094170985131116,0.24094170985131116,0.24094170985131116,0.24094170985131116,0.24094170985131116,0.24094170985131116,0.0,0.0,1.0,0.24094170985131116,0.0,,,,
sick,histdistill_greedy,HistDistill-Greedy,budget_25,seed_1,0.21985051787487592,0.21985051787487592,0.21985051787487592,0.21985051787487592,0.21985051787487592,0.21985051787487592,0.0,0.0,1.0,0.21985051787487592,0.0,,,,
sick,histdistill_greedy,HistDistill-Greedy,budget_25,seed_2,0.30673465357425084,0.30673465357425084,0.30673465357425084,0.30673465357425084,0.30673465357425084,0.30673465357425084,0.0,0.0,1.0,0.30673465357425084,0.0,,,,
sick,histdistill_greedy,HistDistill-Greedy,budget_50,seed_0,0.24094170985131116,0.24094170985131116,0.24094170985131116,0.24094170985131116,0.24094170985131116,0.24094170985131116,0.0,0.0,1.0,0.24094170985131116,0.0,,,,
sick,histdistill_greedy,HistDistill-Greedy,budget_50,seed_1,0.21985051787487592,0.21985051787487592,0.21985051787487592,0.21985051787487592,0.21985051787487592,0.21985051787487592,0.0,0.0,1.0,0.21985051787487592,0.0,,,,
sick,histdistill_greedy,HistDistill-Greedy,budget_50,seed_2,0.30673465357425084,0.30673465357425084,0.30673465357425084,0.30673465357425084,0.30673465357425084,0.30673465357425084,0.0,0.0,1.0,0.30673465357425084,0.0,,,,
sick,histdistill_refined,HistDistill-Refined,budget_25,seed_0,0.24094170985131116,0.24094170985131116,0.24094170985131116,0.24094170985131116,0.24094170985131116,0.24094170985131116,0.0,0.0,1.0,0.24094170985131116,0.0,,,,
sick,histdistill_refined,HistDistill-Refined,budget_25,seed_1,0.18307114216593467,0.18307114216593467,0.18307114216593467,0.18307114216593467,0.18307114216593467,0.18307114216593467,0.0,0.0,1.0,0.18307114216593467,0.0,,,,
sick,histdistill_refined,HistDistill-Refined,budget_25,seed_2,0.30673465357425084,0.30673465357425084,0.30673465357425084,0.30673465357425084,0.30673465357425084,0.30673465357425084,0.0,0.0,1.0,0.30673465357425084,0.0,,,,
sick,histdistill_refined,HistDistill-Refined,budget_50,seed_0,0.24094170985131116,0.24094170985131116,0.24094170985131116,0.24094170985131116,0.24094170985131116,0.24094170985131116,0.0,0.0,1.0,0.24094170985131116,0.0,,,,
sick,histdistill_refined,HistDistill-Refined,budget_50,seed_1,0.18307114216593467,0.18307114216593467,0.18307114216593467,0.18307114216593467,0.18307114216593467,0.18307114216593467,0.0,0.0,1.0,0.18307114216593467,0.0,,,,
sick,histdistill_refined,HistDistill-Refined,budget_50,seed_2,0.30673465357425084,0.30673465357425084,0.30673465357425084,0.30673465357425084,0.30673465357425084,0.30673465357425084,0.0,0.0,1.0,0.30673465357425084,0.0,,,,
sick,histdistill_density,HistDistill-Density,budget_25,seed_0,0.24094170985131116,0.24094170985131116,0.24094170985131116,0.24094170985131116,0.24094170985131116,0.24094170985131116,0.0,0.0,1.0,0.24094170985131116,0.0,,,,
sick,histdistill_density,HistDistill-Density,budget_25,seed_1,0.21985051787487592,0.21985051787487592,0.21985051787487592,0.21985051787487592,0.21985051787487592,0.21985051787487592,0.0,0.0,1.0,0.21985051787487592,0.0,,,,
sick,histdistill_density,HistDistill-Density,budget_25,seed_2,0.30673465357425084,0.30673465357425084,0.30673465357425084,0.30673465357425084,0.30673465357425084,0.30673465357425084,0.0,0.0,1.0,0.30673465357425084,0.0,,,,
sick,histdistill_density,HistDistill-Density,budget_50,seed_0,0.24094170985131116,0.24094170985131116,0.24094170985131116,0.24094170985131116,0.24094170985131116,0.24094170985131116,0.0,0.0,1.0,0.24094170985131116,0.0,,,,
sick,histdistill_density,HistDistill-Density,budget_50,seed_1,0.18307114216593467,0.18307114216593467,0.18307114216593467,0.18307114216593467,0.18307114216593467,0.18307114216593467,0.0,0.0,1.0,0.18307114216593467,0.0,,,,
sick,histdistill_density,HistDistill-Density,budget_50,seed_2,0.30673465357425084,0.30673465357425084,0.30673465357425084,0.30673465357425084,0.30673465357425084,0.30673465357425084,0.0,0.0,1.0,0.30673465357425084,0.0,,,,
sick,gain_path_refined,Legacy gain-path refined,budget_25,seed_0,0.24094170985131116,0.24094170985131116,0.24094170985131116,0.24094170985131116,0.24094170985131116,0.24094170985131116,0.0,0.0,1.0,0.24094170985131116,0.0,,,,
sick,gain_path_refined,Legacy gain-path refined,budget_25,seed_1,0.18307114216593467,0.18307114216593467,0.18307114216593467,0.18307114216593467,0.18307114216593467,0.18307114216593467,0.0,0.0,1.0,0.18307114216593467,0.0,,,,
sick,gain_path_refined,Legacy gain-path refined,budget_25,seed_2,0.30673465357425084,0.30673465357425084,0.30673465357425084,0.30673465357425084,0.30673465357425084,0.30673465357425084,0.0,0.0,1.0,0.30673465357425084,0.0,,,,
sick,gain_path_refined,Legacy gain-path refined,budget_50,seed_0,0.24094170985131116,0.24094170985131116,0.24094170985131116,0.24094170985131116,0.24094170985131116,0.24094170985131116,0.0,0.0,1.0,0.24094170985131116,0.0,,,,
sick,gain_path_refined,Legacy gain-path refined,budget_50,seed_1,0.18307114216593467,0.18307114216593467,0.18307114216593467,0.18307114216593467,0.18307114216593467,0.18307114216593467,0.0,0.0,1.0,0.18307114216593467,0.0,,,,
sick,gain_path_refined,Legacy gain-path refined,budget_50,seed_2,0.30673465357425084,0.30673465357425084,0.30673465357425084,0.30673465357425084,0.30673465357425084,0.30673465357425084,0.0,0.0,1.0,0.30673465357425084,0.0,,,,
sick,herding,Herding,budget_25,seed_0,0.24094170985131116,0.24094170985131116,0.24094170985131116,0.24094170985131116,0.24094170985131116,0.24094170985131116,0.0,0.0,1.0,0.24094170985131116,0.0,,,,
sick,herding,Herding,budget_25,seed_1,0.18307114216593467,0.18307114216593467,0.18307114216593467,0.18307114216593467,0.18307114216593467,0.18307114216593467,0.0,0.0,1.0,0.18307114216593467,0.0,,,,
sick,herding,Herding,budget_25,seed_2,0.30673465357425084,0.30673465357425084,0.30673465357425084,0.30673465357425084,0.30673465357425084,0.30673465357425084,0.0,0.0,1.0,0.30673465357425084,0.0,,,,
sick,herding,Herding,budget_50,seed_0,0.24094170985131116,0.24094170985131116,0.24094170985131116,0.24094170985131116,0.24094170985131116,0.24094170985131116,0.0,0.0,1.0,0.24094170985131116,0.0,,,,
sick,herding,Herding,budget_50,seed_1,0.18307114216593467,0.18307114216593467,0.18307114216593467,0.18307114216593467,0.18307114216593467,0.18307114216593467,0.0,0.0,1.0,0.18307114216593467,0.0,,,,
sick,herding,Herding,budget_50,seed_2,0.30673465357425084,0.30673465357425084,0.30673465357425084,0.30673465357425084,0.30673465357425084,0.30673465357425084,0.0,0.0,1.0,0.30673465357425084,0.0,,,,
sick,random,Random,budget_25,seed_0,0.24094170985131116,0.24094170985131116,0.24094170985131116,0.24094170985131116,0.24094170985131116,0.24094170985131116,0.0,0.0,1.0,0.24094170985131116,0.0,,,,
sick,random,Random,budget_25,seed_1,0.18307114216593467,0.18307114216593467,0.18307114216593467,0.18307114216593467,0.18307114216593467,0.18307114216593467,0.0,0.0,1.0,0.18307114216593467,0.0,,,,
sick,random,Random,budget_25,seed_2,0.30673465357425084,0.30673465357425084,0.30673465357425084,0.30673465357425084,0.30673465357425084,0.30673465357425084,0.0,0.0,1.0,0.30673465357425084,0.0,,,,
sick,random,Random,budget_50,seed_0,0.24094170985131116,0.24094170985131116,0.24094170985131116,0.24094170985131116,0.24094170985131116,0.24094170985131116,0.0,0.0,1.0,0.24094170985131116,0.0,,,,
sick,random,Random,budget_50,seed_1,0.18307114216593467,0.18307114216593467,0.18307114216593467,0.18307114216593467,0.18307114216593467,0.18307114216593467,0.0,0.0,1.0,0.18307114216593467,0.0,,,,
sick,random,Random,budget_50,seed_2,0.30673465357425084,0.30673465357425084,0.30673465357425084,0.30673465357425084,0.30673465357425084,0.30673465357425084,0.0,0.0,1.0,0.30673465357425084,0.0,,,,
sick,goss_coreset,GOSS coreset,budget_25,seed_0,0.24094170985131116,0.24094170985131116,0.24094170985131116,0.24094170985131116,0.24094170985131116,0.24094170985131116,0.0,0.0,1.0,0.24094170985131116,0.0,,,,
sick,goss_coreset,GOSS coreset,budget_25,seed_1,0.21985051787487592,0.21985051787487592,0.21985051787487592,0.21985051787487592,0.21985051787487592,0.21985051787487592,0.0,0.0,1.0,0.21985051787487592,0.0,,,,
sick,goss_coreset,GOSS coreset,budget_25,seed_2,0.30673465357425084,0.30673465357425084,0.30673465357425084,0.30673465357425084,0.30673465357425084,0.30673465357425084,0.0,0.0,1.0,0.30673465357425084,0.0,,,,
sick,goss_coreset,GOSS coreset,budget_50,seed_0,0.24094170985131116,0.24094170985131116,0.24094170985131116,0.24094170985131116,0.24094170985131116,0.24094170985131116,0.0,0.0,1.0,0.24094170985131116,0.0,,,,
sick,goss_coreset,GOSS coreset,budget_50,seed_1,0.2366994793689076,0.2366994793689076,0.2366994793689076,0.2366994793689076,0.2366994793689076,0.2366994793689076,0.0,0.0,1.0,0.2366994793689076,0.0,,,,
sick,goss_coreset,GOSS coreset,budget_50,seed_2,0.34935480744071257,0.34935480744071257,0.34935480744071257,0.34935480744071257,0.34935480744071257,0.34935480744071257,0.0,0.0,1.0,0.34935480744071257,0.0,,,,
sick,mvs_coreset,MVS coreset,budget_25,seed_0,0.24094170985131116,0.24094170985131116,0.24094170985131116,0.24094170985131116,0.24094170985131116,0.24094170985131116,0.0,0.0,1.0,0.24094170985131116,0.0,,,,
sick,mvs_coreset,MVS coreset,budget_25,seed_1,0.18307114216593467,0.18307114216593467,0.18307114216593467,0.18307114216593467,0.18307114216593467,0.18307114216593467,0.0,0.0,1.0,0.18307114216593467,0.0,,,,
sick,mvs_coreset,MVS coreset,budget_25,seed_2,0.30673465357425084,0.30673465357425084,0.30673465357425084,0.30673465357425084,0.30673465357425084,0.30673465357425084,0.0,0.0,1.0,0.30673465357425084,0.0,,,,
sick,mvs_coreset,MVS coreset,budget_50,seed_0,0.24094170985131116,0.24094170985131116,0.24094170985131116,0.24094170985131116,0.24094170985131116,0.24094170985131116,0.0,0.0,1.0,0.24094170985131116,0.0,,,,
sick,mvs_coreset,MVS coreset,budget_50,seed_1,0.18307114216593467,0.18307114216593467,0.18307114216593467,0.18307114216593467,0.18307114216593467,0.18307114216593467,0.0,0.0,1.0,0.18307114216593467,0.0,,,,
sick,mvs_coreset,MVS coreset,budget_50,seed_2,0.30673465357425084,0.30673465357425084,0.30673465357425084,0.30673465357425084,0.30673465357425084,0.30673465357425084,0.0,0.0,1.0,0.30673465357425084,0.0,,,,
sick,craig_coreset,CRAIG-style,budget_25,seed_0,0.30423882848841566,0.30423882848841566,0.30423882848841566,0.30423882848841566,0.30423882848841566,0.30423882848841566,0.0,0.0,1.0,0.30423882848841566,0.0,,,,
sick,craig_coreset,CRAIG-style,budget_25,seed_1,0.2366994793689076,0.2366994793689076,0.2366994793689076,0.2366994793689076,0.2366994793689076,0.2366994793689076,0.0,0.0,1.0,0.2366994793689076,0.0,,,,
sick,craig_coreset,CRAIG-style,budget_25,seed_2,0.34935480744071257,0.34935480744071257,0.34935480744071257,0.34935480744071257,0.34935480744071257,0.34935480744071257,0.0,0.0,1.0,0.34935480744071257,0.0,,,,
sick,craig_coreset,CRAIG-style,budget_50,seed_0,0.2199397397674183,0.2199397397674183,0.2199397397674183,0.2199397397674183,0.2199397397674183,0.2199397397674183,0.0,0.0,1.0,0.2199397397674183,0.0,,,,
sick,craig_coreset,CRAIG-style,budget_50,seed_1,0.2366994793689076,0.2366994793689076,0.2366994793689076,0.2366994793689076,0.2366994793689076,0.2366994793689076,0.0,0.0,1.0,0.2366994793689076,0.0,,,,
sick,craig_coreset,CRAIG-style,budget_50,seed_2,0.3562151317993947,0.3562151317993947,0.3562151317993947,0.3562151317993947,0.3562151317993947,0.3562151317993947,0.0,0.0,1.0,0.3562151317993947,0.0,,,,
sick,gradmatch_coreset,GradMatch-style,budget_25,seed_0,0.254719504976164,0.254719504976164,0.254719504976164,0.254719504976164,0.254719504976164,0.254719504976164,0.0,0.0,1.0,0.254719504976164,0.0,,,,
sick,gradmatch_coreset,GradMatch-style,budget_25,seed_1,0.18307114216593467,0.18307114216593467,0.18307114216593467,0.18307114216593467,0.18307114216593467,0.18307114216593467,0.0,0.0,1.0,0.18307114216593467,0.0,,,,
sick,gradmatch_coreset,GradMatch-style,budget_25,seed_2,0.30673465357425084,0.30673465357425084,0.30673465357425084,0.30673465357425084,0.30673465357425084,0.30673465357425084,0.0,0.0,1.0,0.30673465357425084,0.0,,,,
sick,gradmatch_coreset,GradMatch-style,budget_50,seed_0,0.24094170985131116,0.24094170985131116,0.24094170985131116,0.24094170985131116,0.24094170985131116,0.24094170985131116,0.0,0.0,1.0,0.24094170985131116,0.0,,,,
sick,gradmatch_coreset,GradMatch-style,budget_50,seed_1,0.18307114216593467,0.18307114216593467,0.18307114216593467,0.18307114216593467,0.18307114216593467,0.18307114216593467,0.0,0.0,1.0,0.18307114216593467,0.0,,,,
sick,gradmatch_coreset,GradMatch-style,budget_50,seed_2,0.30673465357425084,0.30673465357425084,0.30673465357425084,0.30673465357425084,0.30673465357425084,0.30673465357425084,0.0,0.0,1.0,0.30673465357425084,0.0,,,,
sick,grand_coreset,GraNd,budget_25,seed_0,0.254719504976164,0.254719504976164,0.254719504976164,0.254719504976164,0.254719504976164,0.254719504976164,0.0,0.0,1.0,0.254719504976164,0.0,,,,
sick,grand_coreset,GraNd,budget_25,seed_1,0.18307114216593467,0.18307114216593467,0.18307114216593467,0.18307114216593467,0.18307114216593467,0.18307114216593467,0.0,0.0,1.0,0.18307114216593467,0.0,,,,
sick,grand_coreset,GraNd,budget_25,seed_2,0.30673465357425084,0.30673465357425084,0.30673465357425084,0.30673465357425084,0.30673465357425084,0.30673465357425084,0.0,0.0,1.0,0.30673465357425084,0.0,,,,
sick,grand_coreset,GraNd,budget_50,seed_0,0.24094170985131116,0.24094170985131116,0.24094170985131116,0.24094170985131116,0.24094170985131116,0.24094170985131116,0.0,0.0,1.0,0.24094170985131116,0.0,,,,
sick,grand_coreset,GraNd,budget_50,seed_1,0.21985051787487592,0.21985051787487592,0.21985051787487592,0.21985051787487592,0.21985051787487592,0.21985051787487592,0.0,0.0,1.0,0.21985051787487592,0.0,,,,
sick,grand_coreset,GraNd,budget_50,seed_2,0.30673465357425084,0.30673465357425084,0.30673465357425084,0.30673465357425084,0.30673465357425084,0.30673465357425084,0.0,0.0,1.0,0.30673465357425084,0.0,,,,
sick,el2n_coreset,EL2N,budget_25,seed_0,0.254719504976164,0.254719504976164,0.254719504976164,0.254719504976164,0.254719504976164,0.254719504976164,0.0,0.0,1.0,0.254719504976164,0.0,,,,
sick,el2n_coreset,EL2N,budget_25,seed_1,0.18307114216593467,0.18307114216593467,0.18307114216593467,0.18307114216593467,0.18307114216593467,0.18307114216593467,0.0,0.0,1.0,0.18307114216593467,0.0,,,,
sick,el2n_coreset,EL2N,budget_25,seed_2,0.30673465357425084,0.30673465357425084,0.30673465357425084,0.30673465357425084,0.30673465357425084,0.30673465357425084,0.0,0.0,1.0,0.30673465357425084,0.0,,,,
sick,el2n_coreset,EL2N,budget_50,seed_0,0.24094170985131116,0.24094170985131116,0.24094170985131116,0.24094170985131116,0.24094170985131116,0.24094170985131116,0.0,0.0,1.0,0.24094170985131116,0.0,,,,
sick,el2n_coreset,EL2N,budget_50,seed_1,0.21985051787487592,0.21985051787487592,0.21985051787487592,0.21985051787487592,0.21985051787487592,0.21985051787487592,0.0,0.0,1.0,0.21985051787487592,0.0,,,,
sick,el2n_coreset,EL2N,budget_50,seed_2,0.30673465357425084,0.30673465357425084,0.30673465357425084,0.30673465357425084,0.30673465357425084,0.30673465357425084,0.0,0.0,1.0,0.30673465357425084,0.0,,,,
sick,distribution_matching,DistributionMatching,budget_25,seed_0,0.24094170985131116,0.24094170985131116,0.24094170985131116,0.24094170985131116,0.24094170985131116,0.24094170985131116,0.0,0.0,1.0,0.24094170985131116,0.0,,,,
sick,distribution_matching,DistributionMatching,budget_25,seed_1,0.18307114216593467,0.18307114216593467,0.18307114216593467,0.18307114216593467,0.18307114216593467,0.18307114216593467,0.0,0.0,1.0,0.18307114216593467,0.0,,,,
sick,distribution_matching,DistributionMatching,budget_25,seed_2,0.30673465357425084,0.30673465357425084,0.30673465357425084,0.30673465357425084,0.30673465357425084,0.30673465357425084,0.0,0.0,1.0,0.30673465357425084,0.0,,,,
sick,distribution_matching,DistributionMatching,budget_50,seed_0,0.24094170985131116,0.24094170985131116,0.24094170985131116,0.24094170985131116,0.24094170985131116,0.24094170985131116,0.0,0.0,1.0,0.24094170985131116,0.0,,,,
sick,distribution_matching,DistributionMatching,budget_50,seed_1,0.18307114216593467,0.18307114216593467,0.18307114216593467,0.18307114216593467,0.18307114216593467,0.18307114216593467,0.0,0.0,1.0,0.18307114216593467,0.0,,,,
sick,distribution_matching,DistributionMatching,budget_50,seed_2,0.30673465357425084,0.30673465357425084,0.30673465357425084,0.30673465357425084,0.30673465357425084,0.30673465357425084,0.0,0.0,1.0,0.30673465357425084,0.0,,,,
sick,k_center,K-center,budget_25,seed_0,0.30423882848841566,0.30423882848841566,0.30423882848841566,0.30423882848841566,0.30423882848841566,0.30423882848841566,0.0,0.0,1.0,0.30423882848841566,0.0,,,,
sick,k_center,K-center,budget_25,seed_1,0.2366994793689076,0.2366994793689076,0.2366994793689076,0.2366994793689076,0.2366994793689076,0.2366994793689076,0.0,0.0,1.0,0.2366994793689076,0.0,,,,
sick,k_center,K-center,budget_25,seed_2,0.34935480744071257,0.34935480744071257,0.34935480744071257,0.34935480744071257,0.34935480744071257,0.34935480744071257,0.0,0.0,1.0,0.34935480744071257,0.0,,,,
sick,k_center,K-center,budget_50,seed_0,0.24094170985131116,0.24094170985131116,0.24094170985131116,0.24094170985131116,0.24094170985131116,0.24094170985131116,0.0,0.0,1.0,0.24094170985131116,0.0,,,,
sick,k_center,K-center,budget_50,seed_1,0.18307114216593467,0.18307114216593467,0.18307114216593467,0.18307114216593467,0.18307114216593467,0.18307114216593467,0.0,0.0,1.0,0.18307114216593467,0.0,,,,
sick,k_center,K-center,budget_50,seed_2,0.34935480744071257,0.34935480744071257,0.34935480744071257,0.34935480744071257,0.34935480744071257,0.34935480744071257,0.0,0.0,1.0,0.34935480744071257,0.0,,,,
sick,gradient_sampling,Gradient sampling,budget_25,seed_0,0.24094170985131116,0.24094170985131116,0.24094170985131116,0.24094170985131116,0.24094170985131116,0.24094170985131116,0.0,0.0,1.0,0.24094170985131116,0.0,,,,
sick,gradient_sampling,Gradient sampling,budget_25,seed_1,0.2366994793689076,0.2366994793689076,0.2366994793689076,0.2366994793689076,0.2366994793689076,0.2366994793689076,0.0,0.0,1.0,0.2366994793689076,0.0,,,,
sick,gradient_sampling,Gradient sampling,budget_25,seed_2,0.30673465357425084,0.30673465357425084,0.30673465357425084,0.30673465357425084,0.30673465357425084,0.30673465357425084,0.0,0.0,1.0,0.30673465357425084,0.0,,,,
sick,gradient_sampling,Gradient sampling,budget_50,seed_0,0.16128032493168876,0.16128032493168876,0.16128032493168876,0.16128032493168876,0.16128032493168876,0.16128032493168876,0.0,0.0,1.0,0.16128032493168876,0.0,,,,
sick,gradient_sampling,Gradient sampling,budget_50,seed_1,0.2617369659722767,0.2617369659722767,0.2617369659722767,0.2617369659722767,0.2617369659722767,0.2617369659722767,0.0,0.0,1.0,0.2617369659722767,0.0,,,,
sick,gradient_sampling,Gradient sampling,budget_50,seed_2,0.23432610036026372,0.23432610036026372,0.23432610036026372,0.23432610036026372,0.23432610036026372,0.23432610036026372,0.0,0.0,1.0,0.23432610036026372,0.0,,,,
sick,gain_herding,Gain sketch,budget_25,seed_0,0.24094170985131116,0.24094170985131116,0.24094170985131116,0.24094170985131116,0.24094170985131116,0.24094170985131116,0.0,0.0,1.0,0.24094170985131116,0.0,,,,
sick,gain_herding,Gain sketch,budget_25,seed_1,0.18307114216593467,0.18307114216593467,0.18307114216593467,0.18307114216593467,0.18307114216593467,0.18307114216593467,0.0,0.0,1.0,0.18307114216593467,0.0,,,,
sick,gain_herding,Gain sketch,budget_25,seed_2,0.30673465357425084,0.30673465357425084,0.30673465357425084,0.30673465357425084,0.30673465357425084,0.30673465357425084,0.0,0.0,1.0,0.30673465357425084,0.0,,,,
sick,gain_herding,Gain sketch,budget_50,seed_0,0.24094170985131116,0.24094170985131116,0.24094170985131116,0.24094170985131116,0.24094170985131116,0.24094170985131116,0.0,0.0,1.0,0.24094170985131116,0.0,,,,
sick,gain_herding,Gain sketch,budget_50,seed_1,0.18307114216593467,0.18307114216593467,0.18307114216593467,0.18307114216593467,0.18307114216593467,0.18307114216593467,0.0,0.0,1.0,0.18307114216593467,0.0,,,,
sick,gain_herding,Gain sketch,budget_50,seed_2,0.30673465357425084,0.30673465357425084,0.30673465357425084,0.30673465357425084,0.30673465357425084,0.30673465357425084,0.0,0.0,1.0,0.30673465357425084,0.0,,,,
sick,gain_path_herding,Gain-path sketch,budget_25,seed_0,0.24094170985131116,0.24094170985131116,0.24094170985131116,0.24094170985131116,0.24094170985131116,0.24094170985131116,0.0,0.0,1.0,0.24094170985131116,0.0,,,,
sick,gain_path_herding,Gain-path sketch,budget_25,seed_1,0.18307114216593467,0.18307114216593467,0.18307114216593467,0.18307114216593467,0.18307114216593467,0.18307114216593467,0.0,0.0,1.0,0.18307114216593467,0.0,,,,
sick,gain_path_herding,Gain-path sketch,budget_25,seed_2,0.30673465357425084,0.30673465357425084,0.30673465357425084,0.30673465357425084,0.30673465357425084,0.30673465357425084,0.0,0.0,1.0,0.30673465357425084,0.0,,,,
sick,gain_path_herding,Gain-path sketch,budget_50,seed_0,0.24094170985131116,0.24094170985131116,0.24094170985131116,0.24094170985131116,0.24094170985131116,0.24094170985131116,0.0,0.0,1.0,0.24094170985131116,0.0,,,,
sick,gain_path_herding,Gain-path sketch,budget_50,seed_1,0.18307114216593467,0.18307114216593467,0.18307114216593467,0.18307114216593467,0.18307114216593467,0.18307114216593467,0.0,0.0,1.0,0.18307114216593467,0.0,,,,
sick,gain_path_herding,Gain-path sketch,budget_50,seed_2,0.30673465357425084,0.30673465357425084,0.30673465357425084,0.30673465357425084,0.30673465357425084,0.30673465357425084,0.0,0.0,1.0,0.30673465357425084,0.0,,,,
spambase,histdistill_greedy,HistDistill-Greedy,budget_25,seed_0,162.1593623842587,0.6830684418842331,70.20577895148223,0.7917311896288929,275.8495677532609,0.6126404558316004,0.0,0.0,25.0,0.5884018094893093,0.0,0.717611266425446,0.0,0.9098455252536655,0.0
spambase,histdistill_greedy,HistDistill-Greedy,budget_25,seed_1,149.9458059489692,0.6411718631241473,65.68703785569188,0.7684114571760887,274.18368928110283,0.6089406691875414,0.0,0.0,25.0,0.5331373704900735,0.0,0.7801977004057631,0.0,0.8525550518547309,0.0
spambase,histdistill_greedy,HistDistill-Greedy,budget_25,seed_2,114.80330424577159,0.5585528461377124,58.340522726484075,0.7230365836063225,166.1345093803772,0.3689718362988097,0.0,0.0,25.0,0.43730101968778323,0.0,0.6878226177063436,0.0,0.85189624367498,0.0
spambase,histdistill_greedy,HistDistill-Greedy,budget_50,seed_0,160.01194021845626,0.6902804279489649,70.94702692667055,0.7972371064650601,182.30797385231682,0.40489184417545115,0.0,0.0,25.0,0.591227532054186,0.0,0.8571251898038479,0.0,0.8442241286714333,0.0
spambase,histdistill_greedy,HistDistill-Greedy,budget_50,seed_1,161.5641225017606,0.6274688208901883,64.28318296790195,0.6502199563818581,256.0137406495204,0.5685866251237626,0.04,0.003333165273973917,25.0,0.49980385300314,0.0,0.6594897838007363,0.0,0.7030808583019693,0.07692307692307693
spambase,histdistill_greedy,HistDistill-Greedy,budget_50,seed_2,208.08044154953114,0.7981528768340239,83.36660778318439,0.7961016592359854,368.84127787972216,0.8191678183518624,0.0,0.0,25.0,0.7703844192477838,0.0,0.7655606987417501,0.0,0.8224380379591125,0.0
spambase,histdistill_refined,HistDistill-Refined,budget_25,seed_0,13.446623473354322,0.15442064354071622,15.871354759209519,0.5026798110359263,10.12956901602746,0.022496985693693766,0.04,0.08643506474920419,25.0,0.047632045723156005,0.2,0.2725385138328967,0.0,0.8016204192655463,0.0
spambase,histdistill_refined,HistDistill-Refined,budget_25,seed_1,13.076595500303258,0.1987577308198621,20.36241347968783,0.524553815999726,0.0,0.0,0.12,0.5003565554361252,25.0,0.0022900087348918657,0.6,0.5119264641215489,0.0,0.7322238544206037,0.0
spambase,histdistill_refined,HistDistill-Refined,budget_25,seed_2,10.181552222591762,0.16494718004711664,17.228637850026583,0.46867094667587983,0.0,0.0,0.2,0.5465505172458652,25.0,0.09023878083494372,0.6,0.21698164554706395,0.2857142857142857,0.7497467879917562,0.0
spambase,histdistill_refined,HistDistill-Refined,budget_50,seed_0,11.767592486500241,0.1775806120923163,18.2517364793366,0.49311223464833637,0.0,0.0,0.12,0.498739566206861,25.0,0.053892640521350524,0.6,0.40723904063319794,0.0,0.7082822599360976,0.0
spambase,histdistill_refined,HistDistill-Refined,budget_50,seed_1,16.764143628432564,0.18459394148899264,18.911355784449075,0.38855869741340304,0.0,0.0,0.12,0.5003565554361252,25.0,0.06892342097278159,0.6,0.496796413979549,0.0,0.4532134948164866,0.0
spambase,histdistill_refined,HistDistill-Refined,budget_50,seed_2,15.581166057850993,0.12693190867003273,13.257964673685073,0.2442441875401382,17.276226376810484,0.03836915638021324,0.04,0.03514898904129156,25.0,0.10688652077083378,0.0,0.26131642802561217,0.14285714285714285,0.28788131449769244,0.0
spambase,histdistill_density,HistDistill-Density,budget_25,seed_0,14.608485252701739,0.14967015238936585,15.383099247415284,0.4518050312053252,10.12956901602746,0.022496985693693766,0.0,0.0,25.0,0.06905617804348888,0.0,0.26154346163548514,0.0,0.7014646660359454,0.0
spambase,histdistill_density,HistDistill-Density,budget_25,seed_1,12.02388007373713,0.18777096490033585,19.236836781186003,0.5149318348480729,0.0,0.0,0.12,0.5003565554361252,25.0,0.002682870044259698,0.6,0.47728163050181066,0.0,0.7322238544206037,0.0
spambase,histdistill_density,HistDistill-Density,budget_25,seed_2,19.04081244774642,0.1675761329533216,17.50323046526767,0.4288970243044867,20.531430731264322,0.04559871231456012,0.08,0.05226114722091145,25.0,0.09290231441612948,0.0,0.18625861377337136,0.14285714285714285,0.6887772107013783,0.07692307692307693
spambase,histdistill_density,HistDistill-Density,budget_50,seed_0,12.35366387529626,0.18007699438123717,18.50831466741819,0.4905448784467385,0.0,0.0,0.12,0.498739566206861,25.0,0.08354203350444589,0.6,0.37689177349670927,0.0,0.7082822599360976,0.0
spambase,histdistill_density,HistDistill-Density,budget_50,seed_1,12.07185585380185,0.16248151245191492,16.64597259036686,0.376790986186977,0.0,0.0,0.12,0.5003565554361252,25.0,0.02281627477145081,0.6,0.496796413979549,0.0,0.448316798689256,0.0
spambase,histdistill_density,HistDistill-Density,budget_50,seed_2,15.332706750400309,0.12839684074415264,13.410975984170591,0.2835130350252979,17.276226376810484,0.03836915638021324,0.04,0.03514898904129156,25.0,0.10688652077083378,0.0,0.21178259061846488,0.14285714285714285,0.3900703951883865,0.0
spambase,gain_path_refined,Legacy gain-path refined,budget_25,seed_0,15.219452723392761,0.15785781795275533,16.22462756789566,0.47621881050630527,10.12956901602746,0.022496985693693766,0.0,0.0,25.0,0.028662112322192755,0.0,0.2811977319674787,0.0,0.7533673520980245,0.0
spambase,gain_path_refined,Legacy gain-path refined,budget_25,seed_1,11.66130630838462,0.17939611102571548,18.378846318507886,0.4907539163484546,0.0,0.0,0.16,0.5194332755218088,25.0,0.0022900087348918657,0.6,0.47728163050181066,0.0,0.6858789578095563,0.07692307692307693
spambase,gain_path_refined,Legacy gain-path refined,budget_25,seed_2,8.516109280985278,0.14194506991468406,14.82608070934126,0.438441522053172,0.0,0.0,0.2,0.5428065076364653,25.0,0.056145077945700714,0.6,0.18625861377337136,0.14285714285714285,0.7212694127067074,0.07692307692307693
spambase,gain_path_refined,Legacy gain-path refined,budget_50,seed_0,8.48619956120449,0.1419213210635619,14.586674312761497,0.45169091209428053,0.0,0.0,0.12,0.498739566206861,25.0,0.08354203350444589,0.6,0.23812760795221635,0.0,0.7082822599360976,0.0
spambase,gain_path_refined,Legacy gain-path refined,budget_50,seed_1,10.667344321560037,0.15464920665999346,15.843565316060621,0.38286169251575025,0.0,0.0,0.12,0.5003565554361252,25.0,0.023367859993915423,0.6,0.47043190883697733,0.0,0.4739753577742568,0.0
spambase,gain_path_refined,Legacy gain-path refined,budget_50,seed_2,15.121399872014429,0.12027870808260223,12.563041708456556,0.2356679088033304,17.276226376810484,0.03836915638021324,0.04,0.03514898904129156,25.0,0.10688652077083378,0.0,0.21866637622132487,0.14285714285714285,0.2943538832830629,0.0
spambase,herding,Herding,budget_25,seed_0,47.14653874930079,0.2988852641177338,30.719429412699032,0.5684870105067751,51.454670335867775,0.11427682466926076,0.0,0.0,25.0,0.19595383238761213,0.0,0.5103654031922825,0.0,0.7430652521834875,0.0
spambase,herding,Herding,budget_25,seed_1,85.6386825098182,0.3861595827679191,39.56143522583592,0.5594560418100454,274.18368928110283,0.6089406691875414,0.0,0.0,25.0,0.2912848892658407,0.0,0.4925985027912301,0.0,0.6985990061064093,0.0
spambase,herding,Herding,budget_25,seed_2,47.90595048098555,0.3139198067191849,32.78874281070027,0.5667271223234452,51.454670335867775,0.11427682466926076,0.0,0.0,25.0,0.2271434791965555,0.0,0.47743345156632494,0.0,0.7454174231645445,0.0
spambase,herding,Herding,budget_50,seed_0,27.976299125343733,0.25300550203704397,26.00390716415484,0.5218242847263691,10.388300484038894,0.023071608180114642,0.0,0.0,25.0,0.14191383252688744,0.0,0.554046354594509,0.0,0.6505933441048636,0.0
spambase,herding,Herding,budget_50,seed_1,27.58555002525167,0.2518200815694314,25.798566940034043,0.49848501004077517,10.388300484038894,0.023071608180114642,0.0,0.0,25.0,0.13841816121821432,0.0,0.5582075536826949,0.0,0.6048139668576493,0.0
spambase,herding,Herding,budget_50,seed_2,25.900869551478824,0.24666251500682745,25.763757470818696,0.47638503572119795,10.388300484038894,0.023071608180114642,0.0,0.0,25.0,0.13715200507695743,0.0,0.5233315021795032,0.0,0.581580411722203,0.0
spambase,random,Random,budget_25,seed_0,23.505145759015587,0.2649933432012742,27.236017557894957,0.6429158978260411,10.388300484038894,0.023071608180114642,0.0,0.0,25.0,0.027910930191479683,0.0,0.7008107136846576,0.0,0.8482821383770021,0.0
spambase,random,Random,budget_25,seed_1,35.314474855506795,0.2953091097368057,30.253948724284992,0.5952312842434704,35.41423779548285,0.07865227037571396,0.0,0.0,25.0,0.0761470977918414,0.0,0.6500558890945437,0.0,0.7653581071896726,0.0
spambase,random,Random,budget_25,seed_2,101.6795739377435,0.4243131960422064,44.31926867443465,0.5596117420365107,176.68948163252531,0.3924136095251136,0.0,0.0,25.0,0.3414979888795422,0.0,0.4399624631887738,0.0,0.707928181861049,0.0
spambase,random,Random,budget_50,seed_0,12.307138939061126,0.12408281921229727,12.753232975110386,0.4109915578868889,10.388300484038894,0.023071608180114642,0.04,0.01349953563985637,25.0,0.08353794377260879,0.0,0.1983716990202235,0.0,0.6514228719359705,0.07692307692307693
spambase,random,Random,budget_50,seed_1,67.23612727972132,0.30918362518179576,31.675370769887103,0.524450745545443,113.99388240343654,0.253171555230141,0.04,0.00835647861712585,25.0,0.21475261711586957,0.0,0.3065707151572612,0.0,0.7608854266889153,0.07692307692307693
spambase,random,Random,budget_50,seed_2,26.49771426425922,0.16468345332307413,17.201091745760937,0.34587768601732327,35.41423779548285,0.07865227037571396,0.0,0.0,25.0,0.12771589861286992,0.0,0.16648918443395494,0.0,0.5263798743331576,0.0
spambase,goss_coreset,GOSS coreset,budget_25,seed_0,107.34008193767721,0.46252510191028623,47.538333017774974,0.6625354294237198,182.30797385231682,0.40489184417545115,0.0,0.0,25.0,0.34367625292794135,0.0,0.5395335883010756,0.0,0.8514053348342888,0.0
spambase,goss_coreset,GOSS coreset,budget_25,seed_1,70.12974198779727,0.3368460889990058,34.509346202135525,0.5626467716928275,113.99388240343654,0.253171555230141,0.04,0.01907672008568366,25.0,0.21475261711586957,0.0,0.4728299201718273,0.0,0.7448151358106576,0.07692307692307693
spambase,goss_coreset,GOSS coreset,budget_25,seed_2,66.693797063759,0.3237034983733398,33.810643762857275,0.5500655335185801,117.37668455854038,0.2606844959650878,0.0,0.0,25.0,0.193036877536229,0.0,0.2967048233299007,0.0,0.8238092451518504,0.0
spambase,goss_coreset,GOSS coreset,budget_50,seed_0,29.88025423244544,0.16079558061712249,16.526570833869922,0.31281636880053115,40.11787270177979,0.08909867801930585,0.0,0.0,25.0,0.10600001632442295,0.0,0.21372294838107705,0.0,0.4457191153633558,0.0
spambase,goss_coreset,GOSS coreset,budget_50,seed_1,71.49378725747263,0.34479320196018065,35.32351528837797,0.5197790055412291,112.80555316218334,0.2505323683212437,0.0,0.0,25.0,0.2362769738953178,0.0,0.46035361114765116,0.0,0.6608165377708138,0.0
spambase,goss_coreset,GOSS coreset,budget_50,seed_2,11.47282015808805,0.14902800379740266,15.565889069485307,0.3667944906630363,4.707203687713047,0.01045433362981451,0.08,0.056005156830311334,25.0,0.03100509717414738,0.0,0.23724139354561272,0.2857142857142857,0.5657036173758369,0.0
spambase,mvs_coreset,MVS coreset,budget_25,seed_0,61.27712324155426,0.3145095932074177,32.325298059345506,0.5689513555661447,94.36980155075088,0.20958799649272333,0.0,0.0,25.0,0.19492762018850107,0.0,0.4944310201021093,0.0,0.7529329728843345,0.0
spambase,mvs_coreset,MVS coreset,budget_25,seed_1,116.00448020214267,0.42634640089560455,43.678510842334006,0.5181990541859467,203.7117456926943,0.45242795831043303,0.0,0.0,25.0,0.418498217292279,0.0,0.37736481396843197,0.0,0.6323793515698651,0.0
spambase,mvs_coreset,MVS coreset,budget_25,seed_2,40.41653746683226,0.2836172080727439,29.623653854071176,0.5536918759546468,51.454670335867775,0.11427682466926076,0.0,0.0,25.0,0.0928999961206377,0.0,0.535142507269988,0.0,0.740907643644082,0.0
spambase,mvs_coreset,MVS coreset,budget_50,seed_0,21.482263000472717,0.18309141434997275,18.818136771639857,0.4320447585772173,20.531430731264322,0.04559871231456012,0.04,0.02102229655778654,25.0,0.052487847830358515,0.0,0.37046046085063733,0.14285714285714285,0.6111889614864753,0.0
spambase,mvs_coreset,MVS coreset,budget_50,seed_1,16.647262138979958,0.22029514796240646,22.568887619496135,0.5642999972253506,9.100657357037562,0.020211852847889015,0.08,0.13604309142934146,25.0,0.010561483055678379,0.4,0.5253915778865726,0.0,0.7982270361653357,0.0
spambase,mvs_coreset,MVS coreset,budget_50,seed_2,34.86456208170458,0.21107467003850225,22.04662758325695,0.4395126262436757,51.454670335867775,0.11427682466926076,0.04,0.04674311656358431,25.0,0.1378454889382044,0.0,0.27286609659181765,0.14285714285714285,0.6452711950198574,0.0
spambase,craig_coreset,CRAIG-style,budget_25,seed_0,37.7360085981292,0.34035016684062863,34.98119238739905,0.7582675739391119,35.41423779548285,0.07865227037571396,0.0,0.0,25.0,0.07420254211079277,0.0,0.7736371435164537,0.0,1.0130935871775888,0.0
spambase,craig_coreset,CRAIG-style,budget_25,seed_1,19.22956673180339,0.2518426293763772,25.800876927002577,0.6172519144520845,4.707203687713047,0.01045433362981451,0.08,0.07568185722976421,25.0,0.02130008158938835,0.0,0.5767118225045882,0.2857142857142857,0.8682934381402352,0.0
spambase,craig_coreset,CRAIG-style,budget_25,seed_2,41.248296624741684,0.40516732097004643,42.3194930623516,0.7379727834124356,4.707203687713047,0.01045433362981451,0.0,0.0,25.0,0.28870836526138305,0.0,0.84436981002133,0.0,0.8534760837580513,0.0
spambase,craig_coreset,CRAIG-style,budget_50,seed_0,42.66317775518492,0.3060241974445903,31.45316902700783,0.6520263504640998,51.454670335867775,0.11427682466926076,0.0,0.0,25.0,0.11023821916369547,0.0,0.5608533234368533,0.0,0.9094995693635416,0.0
spambase,craig_coreset,CRAIG-style,budget_50,seed_1,47.35158556595956,0.34603418767957855,35.45065230205051,0.6810799444787423,51.454670335867775,0.11427682466926076,0.04,0.03938804981661654,25.0,0.1994270860051625,0.0,0.5740636729757135,0.14285714285714285,0.9239551900855963,0.0
spambase,craig_coreset,CRAIG-style,budget_50,seed_2,125.85220823137126,0.5273686008431993,55.08334628580715,0.6321002612329255,171.460537001585,0.3808005298008674,0.0,0.0,25.0,0.42453469903700025,0.0,0.6300433579549785,0.0,0.7130407330733296,0.0
spambase,gradmatch_coreset,GradMatch-style,budget_25,seed_0,120.08599331005396,0.4437308236882484,45.60665697844675,0.4799446920408299,210.919390556841,0.46843557750305337,0.0,0.0,25.0,0.41874741903337265,0.0,0.39506261856979885,0.0,0.5491878366050225,0.0
spambase,gradmatch_coreset,GradMatch-style,budget_25,seed_1,119.83569644064231,0.4602352602560152,47.15037059745007,0.5820030190024711,165.09671070875783,0.36666696608849625,0.0,0.0,25.0,0.4033435981958983,0.0,0.4359562028466804,0.0,0.7293587741658094,0.0
spambase,gradmatch_coreset,GradMatch-style,budget_25,seed_2,128.16415077595153,0.5374375888871044,56.135046281376255,0.5818065404845132,208.59137067020984,0.46326522622736654,0.0,0.0,25.0,0.5256476124520313,0.0,0.595116807335465,0.0,0.5962390614234168,0.0
spambase,gradmatch_coreset,GradMatch-style,budget_50,seed_0,67.90378983918761,0.33925565736540236,34.868698696333375,0.4816346370621398,95.59256416068848,0.21230365723791642,0.0,0.0,25.0,0.26640001774958566,0.0,0.47302833176756964,0.0,0.5690513473409676,0.0
spambase,gradmatch_coreset,GradMatch-style,budget_50,seed_1,65.50865016797125,0.3270468371255982,33.50542842940358,0.5096866035145746,95.59256416068848,0.21230365723791642,0.0,0.0,25.0,0.24957031868777707,0.0,0.4453805933527689,0.0,0.6443576416120075,0.0
spambase,gradmatch_coreset,GradMatch-style,budget_50,seed_2,63.04579658638186,0.3082167382946657,32.1930606020569,0.43595393128649684,95.59256416068848,0.21230365723791642,0.0,0.0,25.0,0.2748647618755907,0.0,0.31762784557901597,0.0,0.5616253502870273,0.0
spambase,grand_coreset,GraNd,budget_25,seed_0,124.28677214099552,0.49879231310276223,51.265877222777526,0.5980137685120261,305.27983131333383,0.6780027843990849,0.0,0.0,25.0,0.5302756094409399,0.0,0.5280650399124329,0.0,0.6617316066314558,0.0
spambase,grand_coreset,GraNd,budget_25,seed_1,34.48726994168246,0.28623357469142574,29.32417458980912,0.597858079867721,35.41423779548285,0.07865227037571396,0.0,0.0,25.0,0.0761470977918414,0.0,0.5632214615648675,0.0,0.817166636675365,0.0
spambase,grand_coreset,GraNd,budget_25,seed_2,61.973956975725024,0.24953941921944708,26.064248457050056,0.3547537475770542,113.99388240343654,0.253171555230141,0.08,0.056005156830311334,25.0,0.19383681104264008,0.0,0.22196635177933674,0.2857142857142857,0.48814578244290746,0.0
spambase,grand_coreset,GraNd,budget_50,seed_0,15.78184539248458,0.2019666660048603,20.758135260929194,0.5204019357296867,4.707203687713047,0.01045433362981451,0.04,0.08643506474920419,25.0,0.05718334031638774,0.2,0.4566264862517753,0.0,0.7329035606075232,0.0
spambase,grand_coreset,GraNd,budget_50,seed_1,25.606536163071326,0.2736978575964383,28.039910306354056,0.5958663063072823,17.276226376810484,0.03836915638021324,0.04,0.011130576798483964,25.0,0.02356244571301677,0.0,0.6643151631437202,0.0,0.7791260990085332,0.07692307692307693
spambase,grand_coreset,GraNd,budget_50,seed_2,92.41858463680306,0.31215681600260536,32.60459944686567,0.3803186936645796,176.29304454447134,0.39153315355662294,0.04,0.03514898904129156,25.0,0.3381661888467133,0.0,0.18043522115422764,0.14285714285714285,0.5041607576385638,0.0
spambase,el2n_coreset,EL2N,budget_25,seed_0,124.28677214099552,0.49879231310276223,51.265877222777526,0.5980137685120261,305.27983131333383,0.6780027843990849,0.0,0.0,25.0,0.5302756094409399,0.0,0.5280650399124329,0.0,0.6617316066314558,0.0
spambase,el2n_coreset,EL2N,budget_25,seed_1,34.48726994168246,0.28623357469142574,29.32417458980912,0.597858079867721,35.41423779548285,0.07865227037571396,0.0,0.0,25.0,0.0761470977918414,0.0,0.5632214615648675,0.0,0.817166636675365,0.0
spambase,el2n_coreset,EL2N,budget_25,seed_2,61.973956975725024,0.24953941921944708,26.064248457050056,0.3547537475770542,113.99388240343654,0.253171555230141,0.08,0.056005156830311334,25.0,0.19383681104264008,0.0,0.22196635177933674,0.2857142857142857,0.48814578244290746,0.0
spambase,el2n_coreset,EL2N,budget_50,seed_0,15.78184539248458,0.2019666660048603,20.758135260929194,0.5204019357296867,4.707203687713047,0.01045433362981451,0.04,0.08643506474920419,25.0,0.05718334031638774,0.2,0.4566264862517753,0.0,0.7329035606075232,0.0
spambase,el2n_coreset,EL2N,budget_50,seed_1,25.606536163071326,0.2736978575964383,28.039910306354056,0.5958663063072823,17.276226376810484,0.03836915638021324,0.04,0.011130576798483964,25.0,0.02356244571301677,0.0,0.6643151631437202,0.0,0.7791260990085332,0.07692307692307693
spambase,el2n_coreset,EL2N,budget_50,seed_2,92.41858463680306,0.31215681600260536,32.60459944686567,0.3803186936645796,176.29304454447134,0.39153315355662294,0.04,0.03514898904129156,25.0,0.3381661888467133,0.0,0.18043522115422764,0.14285714285714285,0.5041607576385638,0.0
spambase,distribution_matching,DistributionMatching,budget_25,seed_0,24.683817382673027,0.2254441028248583,23.171146371771165,0.49355629796251416,17.276226376810484,0.03836915638021324,0.0,0.0,25.0,0.09363553377134261,0.0,0.4130683532490985,0.0,0.6907116390355732,0.0
spambase,distribution_matching,DistributionMatching,budget_25,seed_1,112.2960378324822,0.42140605666987985,43.17238043200362,0.526626654867898,196.6350778311176,0.4367112288633051,0.04,0.01907672008568366,25.0,0.4078234830948889,0.0,0.38539981397582646,0.0,0.6483654044917091,0.07692307692307693
spambase,distribution_matching,DistributionMatching,budget_25,seed_2,17.862380142961975,0.20209180937372903,21.10837296619457,0.4138129016281667,9.100657357037562,0.020211852847889015,0.0,0.0,25.0,0.07305961996245389,0.0,0.45267596937685756,0.0,0.5239455888656843,0.0
spambase,distribution_matching,DistributionMatching,budget_50,seed_0,12.943992938148288,0.14170634171689542,14.564578734096543,0.43516907421857814,10.12956901602746,0.022496985693693766,0.04,0.036751691104313526,25.0,0.041838876794554905,0.0,0.16025739966758204,0.14285714285714285,0.7344792826014311,0.0
spambase,distribution_matching,DistributionMatching,budget_50,seed_1,14.732389267347488,0.19110972684705985,19.57888763369376,0.441286663601437,4.707203687713047,0.01045433362981451,0.04,0.14875450387518252,25.0,0.04599141108095794,0.2,0.47610449739690697,0.0,0.5745752348348298,0.0
spambase,distribution_matching,DistributionMatching,budget_50,seed_2,11.530615998106924,0.12869597383034861,13.442220262548426,0.29910076297372695,10.388300484038894,0.023071608180114642,0.08,0.10146249481812297,25.0,0.02485677937659057,0.2,0.22463120762496885,0.0,0.4446782095450337,0.07692307692307693
spambase,k_center,K-center,budget_25,seed_0,145.09215000955226,0.5616505547336289,57.72644771120801,0.7189749066275197,213.31261950294572,0.47375075303293657,0.0,0.0,25.0,0.4892120163564152,0.0,0.5171548768028007,0.0,0.9160175727912547,0.0
spambase,k_center,K-center,budget_25,seed_1,134.5505197254632,0.5448448791954015,55.81849152082724,0.6704897464089334,213.31261950294572,0.47375075303293657,0.0,0.0,25.0,0.4464185463915159,0.0,0.6406600837822031,0.0,0.7727331032146415,0.0
spambase,k_center,K-center,budget_25,seed_2,77.42900110754069,0.4163472834552242,43.487233697741615,0.645497288572663,112.80555316218334,0.2505323683212437,0.0,0.0,25.0,0.25745315466429614,0.0,0.6327072486578119,0.0,0.8016319769531086,0.0
spambase,k_center,K-center,budget_50,seed_0,95.73505563295102,0.3917226575856851,40.26125732420924,0.5528453922840552,51.454670335867775,0.11427682466926076,0.16,0.10026537848305914,25.0,0.34655240312800695,0.0,0.37076054679609316,0.2857142857142857,0.7302345356837456,0.15384615384615385
spambase,k_center,K-center,budget_50,seed_1,51.2831989307804,0.34354132148246735,35.195262124039665,0.656115825244479,4.707203687713047,0.01045433362981451,0.04,0.04028864367654185,25.0,0.12240765488841783,0.0,0.6641119648699865,0.14285714285714285,0.8570825848138447,0.0
spambase,k_center,K-center,budget_50,seed_2,16.008331105390326,0.20587600825161548,21.50363035708152,0.4633882573647587,4.707203687713047,0.01045433362981451,0.08,0.036981342782260375,25.0,0.015557963784368856,0.0,0.5161181874576551,0.14285714285714285,0.6072376386918106,0.07692307692307693
spambase,gradient_sampling,Gradient sampling,budget_25,seed_0,18.062579353255103,0.18794687992093434,19.317181554972468,0.46977427302147035,9.100657357037562,0.020211852847889015,0.08,0.1337408290723201,25.0,0.010264787286459472,0.4,0.37192613812586794,0.0,0.6991961478633375,0.0
spambase,gradient_sampling,Gradient sampling,budget_25,seed_1,20.362831808453354,0.2341681989979905,23.99015963868314,0.5302990384819942,9.100657357037562,0.020211852847889015,0.12,0.14823864531735403,25.0,0.010561483055678379,0.4,0.5211108466259641,0.14285714285714285,0.7351455861838243,0.0
spambase,gradient_sampling,Gradient sampling,budget_25,seed_2,20.297429138825876,0.23931040483788713,24.99583380278152,0.5382669388938565,9.100657357037562,0.020211852847889015,0.04,0.014612795548626135,25.0,0.01722315060336737,0.0,0.49796305327945856,0.0,0.7603704881825665,0.07692307692307693
spambase,gradient_sampling,Gradient sampling,budget_50,seed_0,11.40089252230412,0.1297419808716868,13.334881647699978,0.40201778645949254,9.100657357037562,0.020211852847889015,0.0,0.0,25.0,0.01224497009834664,0.0,0.19527784956195388,0.0,0.6632519126201465,0.0
spambase,gradient_sampling,Gradient sampling,budget_50,seed_1,11.274608732384634,0.18240460640791945,18.687061886634343,0.4987003886978257,0.0,0.0,0.12,0.5003565554361252,25.0,0.011260831530354756,0.6,0.3256920162262517,0.0,0.7793354958623158,0.0
spambase,gradient_sampling,Gradient sampling,budget_50,seed_2,7.379386180017083,0.12842761156985125,13.414189979172848,0.3883202343043233,0.0,0.0,0.16,0.5076575185951737,25.0,0.009957274362459897,0.6,0.18549307367716966,0.0,0.6430590746196612,0.07692307692307693
spambase,gain_herding,Gain sketch,budget_25,seed_0,16.45822394637996,0.1999656123376679,20.552466951848135,0.5365824332317427,0.0,0.0,0.12,0.498739566206861,25.0,0.08860095211717026,0.6,0.3834954135689329,0.0,0.791314475017322,0.0
spambase,gain_herding,Gain sketch,budget_25,seed_1,26.634324072901823,0.2133387618470694,21.85621692326429,0.453439416147509,10.12956901602746,0.022496985693693766,0.04,0.011130576798483964,25.0,0.19284346717407785,0.0,0.2672632964827638,0.0,0.6539173071106146,0.07692307692307693
spambase,gain_herding,Gain sketch,budget_25,seed_2,13.153603603685644,0.13090930225679792,13.673401140521436,0.30647846966981407,10.12956901602746,0.022496985693693766,0.04,0.03514898904129156,25.0,0.08594472987881643,0.0,0.22149839555021705,0.14285714285714285,0.43705764026921134,0.0
spambase,gain_herding,Gain sketch,budget_50,seed_0,8.588872887830103,0.12491407588544978,12.838669541446707,0.3822926552854364,0.0,0.0,0.16,0.504558896102075,25.0,0.013588197244798511,0.6,0.265164054042569,0.0,0.5871713090472258,0.07692307692307693
spambase,gain_herding,Gain sketch,budget_50,seed_1,25.463417621996403,0.18042385774113873,18.484137335292566,0.4257573429858051,35.41423779548285,0.07865227037571396,0.04,0.011130576798483964,25.0,0.1025122179064349,0.0,0.22913343842922315,0.0,0.655956801239107,0.07692307692307693
spambase,gain_herding,Gain sketch,budget_50,seed_2,13.741000128331308,0.11150639832551637,11.646779012301852,0.24649253688425904,17.276226376810484,0.03836915638021324,0.04,0.01711215817961989,25.0,0.029167448811048234,0.0,0.2153968938017423,0.0,0.3468229170337722,0.07692307692307693
spambase,gain_path_herding,Gain-path sketch,budget_25,seed_0,15.219452723392761,0.15785781795275533,16.22462756789566,0.47621881050630527,10.12956901602746,0.022496985693693766,0.0,0.0,25.0,0.028662112322192755,0.0,0.2811977319674787,0.0,0.7533673520980245,0.0
spambase,gain_path_herding,Gain-path sketch,budget_25,seed_1,11.600772904364472,0.17834970965258654,18.271644161703854,0.48890078276216586,0.0,0.0,0.16,0.5194332755218088,25.0,0.0022900087348918657,0.6,0.47728163050181066,0.0,0.6823152393743857,0.07692307692307693
spambase,gain_path_herding,Gain-path sketch,budget_25,seed_2,22.815448107024558,0.2359023981797334,24.63986947233926,0.5406054956103366,17.276226376810484,0.03836915638021324,0.0,0.0,25.0,0.0779189823159302,0.0,0.47810281547919903,0.0,0.7522171361787977,0.0
spambase,gain_path_herding,Gain-path sketch,budget_50,seed_0,8.44755715186696,0.13933702319742347,14.321060161074994,0.43392736946877114,0.0,0.0,0.12,0.498739566206861,25.0,0.08354203350444589,0.6,0.23812760795221635,0.0,0.6741216010408873,0.0
spambase,gain_path_herding,Gain-path sketch,budget_50,seed_1,10.667344321560037,0.15464920665999346,15.843565316060621,0.38286169251575025,0.0,0.0,0.12,0.5003565554361252,25.0,0.023367859993915423,0.6,0.47043190883697733,0.0,0.4739753577742568,0.0
spambase,gain_path_herding,Gain-path sketch,budget_50,seed_2,15.121399872014429,0.12027870808260223,12.563041708456556,0.2356679088033304,17.276226376810484,0.03836915638021324,0.04,0.03514898904129156,25.0,0.10688652077083378,0.0,0.21866637622132487,0.14285714285714285,0.2943538832830629,0.0
tic_tac_toe,histdistill_greedy,HistDistill-Greedy,budget_25,seed_0,0.46819535873064233,0.46819535873064233,0.46819535873064233,0.46819535873064233,0.46819535873064233,0.46819535873064233,0.0,0.0,1.0,0.46819535873064233,0.0,,,,
tic_tac_toe,histdistill_greedy,HistDistill-Greedy,budget_25,seed_1,0.11310301074169266,0.11310301074169266,0.11310301074169266,0.11310301074169266,0.11310301074169266,0.11310301074169266,0.0,0.0,1.0,0.11310301074169266,0.0,,,,
tic_tac_toe,histdistill_greedy,HistDistill-Greedy,budget_25,seed_2,0.5050833495028481,0.5050833495028481,0.5050833495028481,0.5050833495028481,0.5050833495028481,0.5050833495028481,0.0,0.0,1.0,0.5050833495028481,0.0,,,,
tic_tac_toe,histdistill_greedy,HistDistill-Greedy,budget_50,seed_0,0.32045436513788284,0.32045436513788284,0.32045436513788284,0.32045436513788284,0.32045436513788284,0.32045436513788284,0.0,0.0,1.0,0.32045436513788284,0.0,,,,
tic_tac_toe,histdistill_greedy,HistDistill-Greedy,budget_50,seed_1,0.4610764166388563,0.4610764166388563,0.4610764166388563,0.4610764166388563,0.4610764166388563,0.4610764166388563,0.0,0.0,1.0,0.4610764166388563,0.0,,,,
tic_tac_toe,histdistill_greedy,HistDistill-Greedy,budget_50,seed_2,0.38033873411129293,0.38033873411129293,0.38033873411129293,0.38033873411129293,0.38033873411129293,0.38033873411129293,0.0,0.0,1.0,0.38033873411129293,0.0,,,,
tic_tac_toe,histdistill_refined,HistDistill-Refined,budget_25,seed_0,0.0,0.0,0.0,0.0,0.0,0.0,1.0,1.0,1.0,0.0,1.0,,,,
tic_tac_toe,histdistill_refined,HistDistill-Refined,budget_25,seed_1,0.1529537099068612,0.1529537099068612,0.1529537099068612,0.1529537099068612,0.1529537099068612,0.1529537099068612,0.0,0.0,1.0,0.1529537099068612,0.0,,,,
tic_tac_toe,histdistill_refined,HistDistill-Refined,budget_25,seed_2,0.2777558380517082,0.2777558380517082,0.2777558380517082,0.2777558380517082,0.2777558380517082,0.2777558380517082,0.0,0.0,1.0,0.2777558380517082,0.0,,,,
tic_tac_toe,histdistill_refined,HistDistill-Refined,budget_50,seed_0,0.0,0.0,0.0,0.0,0.0,0.0,1.0,1.0,1.0,0.0,1.0,,,,
tic_tac_toe,histdistill_refined,HistDistill-Refined,budget_50,seed_1,0.1529537099068612,0.1529537099068612,0.1529537099068612,0.1529537099068612,0.1529537099068612,0.1529537099068612,0.0,0.0,1.0,0.1529537099068612,0.0,,,,
tic_tac_toe,histdistill_refined,HistDistill-Refined,budget_50,seed_2,0.2777558380517082,0.2777558380517082,0.2777558380517082,0.2777558380517082,0.2777558380517082,0.2777558380517082,0.0,0.0,1.0,0.2777558380517082,0.0,,,,
tic_tac_toe,histdistill_density,HistDistill-Density,budget_25,seed_0,0.0,0.0,0.0,0.0,0.0,0.0,1.0,1.0,1.0,0.0,1.0,,,,
tic_tac_toe,histdistill_density,HistDistill-Density,budget_25,seed_1,0.1529537099068612,0.1529537099068612,0.1529537099068612,0.1529537099068612,0.1529537099068612,0.1529537099068612,0.0,0.0,1.0,0.1529537099068612,0.0,,,,
tic_tac_toe,histdistill_density,HistDistill-Density,budget_25,seed_2,0.2777558380517082,0.2777558380517082,0.2777558380517082,0.2777558380517082,0.2777558380517082,0.2777558380517082,0.0,0.0,1.0,0.2777558380517082,0.0,,,,
tic_tac_toe,histdistill_density,HistDistill-Density,budget_50,seed_0,0.0,0.0,0.0,0.0,0.0,0.0,1.0,1.0,1.0,0.0,1.0,,,,
tic_tac_toe,histdistill_density,HistDistill-Density,budget_50,seed_1,0.1529537099068612,0.1529537099068612,0.1529537099068612,0.1529537099068612,0.1529537099068612,0.1529537099068612,0.0,0.0,1.0,0.1529537099068612,0.0,,,,
tic_tac_toe,histdistill_density,HistDistill-Density,budget_50,seed_2,0.2777558380517082,0.2777558380517082,0.2777558380517082,0.2777558380517082,0.2777558380517082,0.2777558380517082,0.0,0.0,1.0,0.2777558380517082,0.0,,,,
tic_tac_toe,gain_path_refined,Legacy gain-path refined,budget_25,seed_0,0.0,0.0,0.0,0.0,0.0,0.0,1.0,1.0,1.0,0.0,1.0,,,,
tic_tac_toe,gain_path_refined,Legacy gain-path refined,budget_25,seed_1,0.1529537099068612,0.1529537099068612,0.1529537099068612,0.1529537099068612,0.1529537099068612,0.1529537099068612,0.0,0.0,1.0,0.1529537099068612,0.0,,,,
tic_tac_toe,gain_path_refined,Legacy gain-path refined,budget_25,seed_2,0.2777558380517082,0.2777558380517082,0.2777558380517082,0.2777558380517082,0.2777558380517082,0.2777558380517082,0.0,0.0,1.0,0.2777558380517082,0.0,,,,
tic_tac_toe,gain_path_refined,Legacy gain-path refined,budget_50,seed_0,0.0,0.0,0.0,0.0,0.0,0.0,1.0,1.0,1.0,0.0,1.0,,,,
tic_tac_toe,gain_path_refined,Legacy gain-path refined,budget_50,seed_1,0.1529537099068612,0.1529537099068612,0.1529537099068612,0.1529537099068612,0.1529537099068612,0.1529537099068612,0.0,0.0,1.0,0.1529537099068612,0.0,,,,
tic_tac_toe,gain_path_refined,Legacy gain-path refined,budget_50,seed_2,0.2777558380517082,0.2777558380517082,0.2777558380517082,0.2777558380517082,0.2777558380517082,0.2777558380517082,0.0,0.0,1.0,0.2777558380517082,0.0,,,,
tic_tac_toe,herding,Herding,budget_25,seed_0,0.40373509818923836,0.40373509818923836,0.40373509818923836,0.40373509818923836,0.40373509818923836,0.40373509818923836,0.0,0.0,1.0,0.40373509818923836,0.0,,,,
tic_tac_toe,herding,Herding,budget_25,seed_1,0.3411947738441796,0.3411947738441796,0.3411947738441796,0.3411947738441796,0.3411947738441796,0.3411947738441796,0.0,0.0,1.0,0.3411947738441796,0.0,,,,
tic_tac_toe,herding,Herding,budget_25,seed_2,0.3496567411840843,0.3496567411840843,0.3496567411840843,0.3496567411840843,0.3496567411840843,0.3496567411840843,0.0,0.0,1.0,0.3496567411840843,0.0,,,,
tic_tac_toe,herding,Herding,budget_50,seed_0,0.40373509818923836,0.40373509818923836,0.40373509818923836,0.40373509818923836,0.40373509818923836,0.40373509818923836,0.0,0.0,1.0,0.40373509818923836,0.0,,,,
tic_tac_toe,herding,Herding,budget_50,seed_1,0.3411947738441796,0.3411947738441796,0.3411947738441796,0.3411947738441796,0.3411947738441796,0.3411947738441796,0.0,0.0,1.0,0.3411947738441796,0.0,,,,
tic_tac_toe,herding,Herding,budget_50,seed_2,0.3496567411840843,0.3496567411840843,0.3496567411840843,0.3496567411840843,0.3496567411840843,0.3496567411840843,0.0,0.0,1.0,0.3496567411840843,0.0,,,,
tic_tac_toe,random,Random,budget_25,seed_0,0.27173071228091855,0.27173071228091855,0.27173071228091855,0.27173071228091855,0.27173071228091855,0.27173071228091855,0.0,0.0,1.0,0.27173071228091855,0.0,,,,
tic_tac_toe,random,Random,budget_25,seed_1,0.24802053787239642,0.24802053787239642,0.24802053787239642,0.24802053787239642,0.24802053787239642,0.24802053787239642,0.0,0.0,1.0,0.24802053787239642,0.0,,,,
tic_tac_toe,random,Random,budget_25,seed_2,0.08159132102218464,0.08159132102218464,0.08159132102218464,0.08159132102218464,0.08159132102218464,0.08159132102218464,0.0,0.0,1.0,0.08159132102218464,0.0,,,,
tic_tac_toe,random,Random,budget_50,seed_0,0.0,0.0,0.0,0.0,0.0,0.0,1.0,1.0,1.0,0.0,1.0,,,,
tic_tac_toe,random,Random,budget_50,seed_1,0.446242330568129,0.446242330568129,0.446242330568129,0.446242330568129,0.446242330568129,0.446242330568129,0.0,0.0,1.0,0.446242330568129,0.0,,,,
tic_tac_toe,random,Random,budget_50,seed_2,0.4101378600626357,0.4101378600626357,0.4101378600626357,0.4101378600626357,0.4101378600626357,0.4101378600626357,0.0,0.0,1.0,0.4101378600626357,0.0,,,,
tic_tac_toe,goss_coreset,GOSS coreset,budget_25,seed_0,0.38107618687260125,0.38107618687260125,0.38107618687260125,0.38107618687260125,0.38107618687260125,0.38107618687260125,0.0,0.0,1.0,0.38107618687260125,0.0,,,,
tic_tac_toe,goss_coreset,GOSS coreset,budget_25,seed_1,0.0,0.0,0.0,0.0,0.0,0.0,1.0,1.0,1.0,0.0,1.0,,,,
tic_tac_toe,goss_coreset,GOSS coreset,budget_25,seed_2,0.0,0.0,0.0,0.0,0.0,0.0,1.0,1.0,1.0,0.0,1.0,,,,
tic_tac_toe,goss_coreset,GOSS coreset,budget_50,seed_0,0.4332798020113249,0.4332798020113249,0.4332798020113249,0.4332798020113249,0.4332798020113249,0.4332798020113249,0.0,0.0,1.0,0.4332798020113249,0.0,,,,
tic_tac_toe,goss_coreset,GOSS coreset,budget_50,seed_1,0.1529537099068612,0.1529537099068612,0.1529537099068612,0.1529537099068612,0.1529537099068612,0.1529537099068612,0.0,0.0,1.0,0.1529537099068612,0.0,,,,
tic_tac_toe,goss_coreset,GOSS coreset,budget_50,seed_2,0.5352271974071848,0.5352271974071848,0.5352271974071848,0.5352271974071848,0.5352271974071848,0.5352271974071848,0.0,0.0,1.0,0.5352271974071848,0.0,,,,
tic_tac_toe,mvs_coreset,MVS coreset,budget_25,seed_0,0.0,0.0,0.0,0.0,0.0,0.0,1.0,1.0,1.0,0.0,1.0,,,,
tic_tac_toe,mvs_coreset,MVS coreset,budget_25,seed_1,0.38256417216200744,0.38256417216200744,0.38256417216200744,0.38256417216200744,0.38256417216200744,0.38256417216200744,0.0,0.0,1.0,0.38256417216200744,0.0,,,,
tic_tac_toe,mvs_coreset,MVS coreset,budget_25,seed_2,0.2777558380517082,0.2777558380517082,0.2777558380517082,0.2777558380517082,0.2777558380517082,0.2777558380517082,0.0,0.0,1.0,0.2777558380517082,0.0,,,,
tic_tac_toe,mvs_coreset,MVS coreset,budget_50,seed_0,0.0,0.0,0.0,0.0,0.0,0.0,1.0,1.0,1.0,0.0,1.0,,,,
tic_tac_toe,mvs_coreset,MVS coreset,budget_50,seed_1,0.1529537099068612,0.1529537099068612,0.1529537099068612,0.1529537099068612,0.1529537099068612,0.1529537099068612,0.0,0.0,1.0,0.1529537099068612,0.0,,,,
tic_tac_toe,mvs_coreset,MVS coreset,budget_50,seed_2,0.2777558380517082,0.2777558380517082,0.2777558380517082,0.2777558380517082,0.2777558380517082,0.2777558380517082,0.0,0.0,1.0,0.2777558380517082,0.0,,,,
tic_tac_toe,craig_coreset,CRAIG-style,budget_25,seed_0,0.0,0.0,0.0,0.0,0.0,0.0,1.0,1.0,1.0,0.0,1.0,,,,
tic_tac_toe,craig_coreset,CRAIG-style,budget_25,seed_1,0.1529537099068612,0.1529537099068612,0.1529537099068612,0.1529537099068612,0.1529537099068612,0.1529537099068612,0.0,0.0,1.0,0.1529537099068612,0.0,,,,
tic_tac_toe,craig_coreset,CRAIG-style,budget_25,seed_2,0.1793055454612268,0.1793055454612268,0.1793055454612268,0.1793055454612268,0.1793055454612268,0.1793055454612268,0.0,0.0,1.0,0.1793055454612268,0.0,,,,
tic_tac_toe,craig_coreset,CRAIG-style,budget_50,seed_0,0.0,0.0,0.0,0.0,0.0,0.0,1.0,1.0,1.0,0.0,1.0,,,,
tic_tac_toe,craig_coreset,CRAIG-style,budget_50,seed_1,0.1529537099068612,0.1529537099068612,0.1529537099068612,0.1529537099068612,0.1529537099068612,0.1529537099068612,0.0,0.0,1.0,0.1529537099068612,0.0,,,,
tic_tac_toe,craig_coreset,CRAIG-style,budget_50,seed_2,0.2777558380517082,0.2777558380517082,0.2777558380517082,0.2777558380517082,0.2777558380517082,0.2777558380517082,0.0,0.0,1.0,0.2777558380517082,0.0,,,,
tic_tac_toe,gradmatch_coreset,GradMatch-style,budget_25,seed_0,0.0,0.0,0.0,0.0,0.0,0.0,1.0,1.0,1.0,0.0,1.0,,,,
tic_tac_toe,gradmatch_coreset,GradMatch-style,budget_25,seed_1,0.1529537099068612,0.1529537099068612,0.1529537099068612,0.1529537099068612,0.1529537099068612,0.1529537099068612,0.0,0.0,1.0,0.1529537099068612,0.0,,,,
tic_tac_toe,gradmatch_coreset,GradMatch-style,budget_25,seed_2,0.0,0.0,0.0,0.0,0.0,0.0,1.0,1.0,1.0,0.0,1.0,,,,
tic_tac_toe,gradmatch_coreset,GradMatch-style,budget_50,seed_0,0.0,0.0,0.0,0.0,0.0,0.0,1.0,1.0,1.0,0.0,1.0,,,,
tic_tac_toe,gradmatch_coreset,GradMatch-style,budget_50,seed_1,0.1529537099068612,0.1529537099068612,0.1529537099068612,0.1529537099068612,0.1529537099068612,0.1529537099068612,0.0,0.0,1.0,0.1529537099068612,0.0,,,,
tic_tac_toe,gradmatch_coreset,GradMatch-style,budget_50,seed_2,0.2777558380517082,0.2777558380517082,0.2777558380517082,0.2777558380517082,0.2777558380517082,0.2777558380517082,0.0,0.0,1.0,0.2777558380517082,0.0,,,,
tic_tac_toe,grand_coreset,GraNd,budget_25,seed_0,0.0,0.0,0.0,0.0,0.0,0.0,1.0,1.0,1.0,0.0,1.0,,,,
tic_tac_toe,grand_coreset,GraNd,budget_25,seed_1,0.4458762069765074,0.4458762069765074,0.4458762069765074,0.4458762069765074,0.4458762069765074,0.4458762069765074,0.0,0.0,1.0,0.4458762069765074,0.0,,,,
tic_tac_toe,grand_coreset,GraNd,budget_25,seed_2,0.5050833495028481,0.5050833495028481,0.5050833495028481,0.5050833495028481,0.5050833495028481,0.5050833495028481,0.0,0.0,1.0,0.5050833495028481,0.0,,,,
tic_tac_toe,grand_coreset,GraNd,budget_50,seed_0,0.0,0.0,0.0,0.0,0.0,0.0,1.0,1.0,1.0,0.0,1.0,,,,
tic_tac_toe,grand_coreset,GraNd,budget_50,seed_1,0.1529537099068612,0.1529537099068612,0.1529537099068612,0.1529537099068612,0.1529537099068612,0.1529537099068612,0.0,0.0,1.0,0.1529537099068612,0.0,,,,
tic_tac_toe,grand_coreset,GraNd,budget_50,seed_2,0.4101378600626357,0.4101378600626357,0.4101378600626357,0.4101378600626357,0.4101378600626357,0.4101378600626357,0.0,0.0,1.0,0.4101378600626357,0.0,,,,
tic_tac_toe,el2n_coreset,EL2N,budget_25,seed_0,0.0,0.0,0.0,0.0,0.0,0.0,1.0,1.0,1.0,0.0,1.0,,,,
tic_tac_toe,el2n_coreset,EL2N,budget_25,seed_1,0.4458762069765074,0.4458762069765074,0.4458762069765074,0.4458762069765074,0.4458762069765074,0.4458762069765074,0.0,0.0,1.0,0.4458762069765074,0.0,,,,
tic_tac_toe,el2n_coreset,EL2N,budget_25,seed_2,0.5050833495028481,0.5050833495028481,0.5050833495028481,0.5050833495028481,0.5050833495028481,0.5050833495028481,0.0,0.0,1.0,0.5050833495028481,0.0,,,,
tic_tac_toe,el2n_coreset,EL2N,budget_50,seed_0,0.0,0.0,0.0,0.0,0.0,0.0,1.0,1.0,1.0,0.0,1.0,,,,
tic_tac_toe,el2n_coreset,EL2N,budget_50,seed_1,0.1529537099068612,0.1529537099068612,0.1529537099068612,0.1529537099068612,0.1529537099068612,0.1529537099068612,0.0,0.0,1.0,0.1529537099068612,0.0,,,,
tic_tac_toe,el2n_coreset,EL2N,budget_50,seed_2,0.4101378600626357,0.4101378600626357,0.4101378600626357,0.4101378600626357,0.4101378600626357,0.4101378600626357,0.0,0.0,1.0,0.4101378600626357,0.0,,,,
tic_tac_toe,distribution_matching,DistributionMatching,budget_25,seed_0,0.25137743765177617,0.25137743765177617,0.25137743765177617,0.25137743765177617,0.25137743765177617,0.25137743765177617,0.0,0.0,1.0,0.25137743765177617,0.0,,,,
tic_tac_toe,distribution_matching,DistributionMatching,budget_25,seed_1,0.4141307764991329,0.4141307764991329,0.4141307764991329,0.4141307764991329,0.4141307764991329,0.4141307764991329,0.0,0.0,1.0,0.4141307764991329,0.0,,,,
tic_tac_toe,distribution_matching,DistributionMatching,budget_25,seed_2,0.43703356189786446,0.43703356189786446,0.43703356189786446,0.43703356189786446,0.43703356189786446,0.43703356189786446,0.0,0.0,1.0,0.43703356189786446,0.0,,,,
tic_tac_toe,distribution_matching,DistributionMatching,budget_50,seed_0,0.0,0.0,0.0,0.0,0.0,0.0,1.0,1.0,1.0,0.0,1.0,,,,
tic_tac_toe,distribution_matching,DistributionMatching,budget_50,seed_1,0.0,0.0,0.0,0.0,0.0,0.0,1.0,1.0,1.0,0.0,1.0,,,,
tic_tac_toe,distribution_matching,DistributionMatching,budget_50,seed_2,0.4101378600626357,0.4101378600626357,0.4101378600626357,0.4101378600626357,0.4101378600626357,0.4101378600626357,0.0,0.0,1.0,0.4101378600626357,0.0,,,,
tic_tac_toe,k_center,K-center,budget_25,seed_0,0.0,0.0,0.0,0.0,0.0,0.0,1.0,1.0,1.0,0.0,1.0,,,,
tic_tac_toe,k_center,K-center,budget_25,seed_1,0.1529537099068612,0.1529537099068612,0.1529537099068612,0.1529537099068612,0.1529537099068612,0.1529537099068612,0.0,0.0,1.0,0.1529537099068612,0.0,,,,
tic_tac_toe,k_center,K-center,budget_25,seed_2,0.2777558380517082,0.2777558380517082,0.2777558380517082,0.2777558380517082,0.2777558380517082,0.2777558380517082,0.0,0.0,1.0,0.2777558380517082,0.0,,,,
tic_tac_toe,k_center,K-center,budget_50,seed_0,0.0,0.0,0.0,0.0,0.0,0.0,1.0,1.0,1.0,0.0,1.0,,,,
tic_tac_toe,k_center,K-center,budget_50,seed_1,0.1529537099068612,0.1529537099068612,0.1529537099068612,0.1529537099068612,0.1529537099068612,0.1529537099068612,0.0,0.0,1.0,0.1529537099068612,0.0,,,,
tic_tac_toe,k_center,K-center,budget_50,seed_2,0.2777558380517082,0.2777558380517082,0.2777558380517082,0.2777558380517082,0.2777558380517082,0.2777558380517082,0.0,0.0,1.0,0.2777558380517082,0.0,,,,
tic_tac_toe,gradient_sampling,Gradient sampling,budget_25,seed_0,0.3761062053478835,0.3761062053478835,0.3761062053478835,0.3761062053478835,0.3761062053478835,0.3761062053478835,0.0,0.0,1.0,0.3761062053478835,0.0,,,,
tic_tac_toe,gradient_sampling,Gradient sampling,budget_25,seed_1,0.3411947738441796,0.3411947738441796,0.3411947738441796,0.3411947738441796,0.3411947738441796,0.3411947738441796,0.0,0.0,1.0,0.3411947738441796,0.0,,,,
tic_tac_toe,gradient_sampling,Gradient sampling,budget_25,seed_2,0.3866153788521429,0.3866153788521429,0.3866153788521429,0.3866153788521429,0.3866153788521429,0.3866153788521429,0.0,0.0,1.0,0.3866153788521429,0.0,,,,
tic_tac_toe,gradient_sampling,Gradient sampling,budget_50,seed_0,0.40373509818923836,0.40373509818923836,0.40373509818923836,0.40373509818923836,0.40373509818923836,0.40373509818923836,0.0,0.0,1.0,0.40373509818923836,0.0,,,,
tic_tac_toe,gradient_sampling,Gradient sampling,budget_50,seed_1,0.3411947738441796,0.3411947738441796,0.3411947738441796,0.3411947738441796,0.3411947738441796,0.3411947738441796,0.0,0.0,1.0,0.3411947738441796,0.0,,,,
tic_tac_toe,gradient_sampling,Gradient sampling,budget_50,seed_2,0.3496567411840843,0.3496567411840843,0.3496567411840843,0.3496567411840843,0.3496567411840843,0.3496567411840843,0.0,0.0,1.0,0.3496567411840843,0.0,,,,
tic_tac_toe,gain_herding,Gain sketch,budget_25,seed_0,0.0,0.0,0.0,0.0,0.0,0.0,1.0,1.0,1.0,0.0,1.0,,,,
tic_tac_toe,gain_herding,Gain sketch,budget_25,seed_1,0.1529537099068612,0.1529537099068612,0.1529537099068612,0.1529537099068612,0.1529537099068612,0.1529537099068612,0.0,0.0,1.0,0.1529537099068612,0.0,,,,
tic_tac_toe,gain_herding,Gain sketch,budget_25,seed_2,0.2777558380517082,0.2777558380517082,0.2777558380517082,0.2777558380517082,0.2777558380517082,0.2777558380517082,0.0,0.0,1.0,0.2777558380517082,0.0,,,,
tic_tac_toe,gain_herding,Gain sketch,budget_50,seed_0,0.0,0.0,0.0,0.0,0.0,0.0,1.0,1.0,1.0,0.0,1.0,,,,
tic_tac_toe,gain_herding,Gain sketch,budget_50,seed_1,0.1529537099068612,0.1529537099068612,0.1529537099068612,0.1529537099068612,0.1529537099068612,0.1529537099068612,0.0,0.0,1.0,0.1529537099068612,0.0,,,,
tic_tac_toe,gain_herding,Gain sketch,budget_50,seed_2,0.2777558380517082,0.2777558380517082,0.2777558380517082,0.2777558380517082,0.2777558380517082,0.2777558380517082,0.0,0.0,1.0,0.2777558380517082,0.0,,,,
tic_tac_toe,gain_path_herding,Gain-path sketch,budget_25,seed_0,0.0,0.0,0.0,0.0,0.0,0.0,1.0,1.0,1.0,0.0,1.0,,,,
tic_tac_toe,gain_path_herding,Gain-path sketch,budget_25,seed_1,0.1529537099068612,0.1529537099068612,0.1529537099068612,0.1529537099068612,0.1529537099068612,0.1529537099068612,0.0,0.0,1.0,0.1529537099068612,0.0,,,,
tic_tac_toe,gain_path_herding,Gain-path sketch,budget_25,seed_2,0.2777558380517082,0.2777558380517082,0.2777558380517082,0.2777558380517082,0.2777558380517082,0.2777558380517082,0.0,0.0,1.0,0.2777558380517082,0.0,,,,
tic_tac_toe,gain_path_herding,Gain-path sketch,budget_50,seed_0,0.0,0.0,0.0,0.0,0.0,0.0,1.0,1.0,1.0,0.0,1.0,,,,
tic_tac_toe,gain_path_herding,Gain-path sketch,budget_50,seed_1,0.1529537099068612,0.1529537099068612,0.1529537099068612,0.1529537099068612,0.1529537099068612,0.1529537099068612,0.0,0.0,1.0,0.1529537099068612,0.0,,,,
tic_tac_toe,gain_path_herding,Gain-path sketch,budget_50,seed_2,0.2777558380517082,0.2777558380517082,0.2777558380517082,0.2777558380517082,0.2777558380517082,0.2777558380517082,0.0,0.0,1.0,0.2777558380517082,0.0,,,,
