dataset,seed,repeat,dose_ratio,auroc,agreement,root_agreement,split_regret_norm,injected_sld,node_count,n_estimators,max_candidates,train_rows,dose0_auroc,delta_auc_vs_dose0
adult,seed_0,0,0.0,0.9090429835620331,1.0,1.0,0.0,0.0,546,80,192,12000,0.9090429835620331,0.0
adult,seed_0,1,0.0,0.9090429835620331,1.0,1.0,0.0,0.0,546,80,192,12000,0.9090429835620331,0.0
adult,seed_0,2,0.0,0.9090429835620331,1.0,1.0,0.0,0.0,546,80,192,12000,0.9090429835620331,0.0
adult,seed_0,0,0.25,0.9090429835620331,1.0,1.0,0.0,0.7437878170279976,546,80,192,12000,0.9090429835620331,0.0
adult,seed_0,1,0.25,0.9090429835620331,1.0,1.0,0.0,0.7430059108386217,546,80,192,12000,0.9090429835620331,0.0
adult,seed_0,2,0.25,0.9090429835620331,1.0,1.0,0.0,0.7453176559684372,546,80,192,12000,0.9090429835620331,0.0
adult,seed_0,0,0.49,0.9090429835620331,1.0,1.0,0.0,1.4575561336458145,546,80,192,12000,0.9090429835620331,0.0
adult,seed_0,1,0.49,0.9090429835620331,1.0,1.0,0.0,1.4583791837900189,546,80,192,12000,0.9090429835620331,0.0
adult,seed_0,2,0.49,0.9090429835620331,1.0,1.0,0.0,1.4533114030643899,546,80,192,12000,0.9090429835620331,0.0
adult,seed_0,0,0.5,0.9090429835620331,1.0,1.0,0.0,1.4853243431911638,546,80,192,12000,0.9090429835620331,0.0
adult,seed_0,1,0.5,0.9090429835620331,1.0,1.0,0.0,1.48653797718897,546,80,192,12000,0.9090429835620331,0.0
adult,seed_0,2,0.5,0.9090429835620331,1.0,1.0,0.0,1.4899565988108954,546,80,192,12000,0.9090429835620331,0.0
adult,seed_0,0,0.75,0.9088498286792618,0.9410681399631676,0.9375,0.007936387616557666,2.3773648406786188,543,80,192,12000,0.9090429835620331,-0.00019315488277127368
adult,seed_0,1,0.75,0.9083653781684262,0.9284403669724771,0.9,0.013940163112648403,2.2738307050319113,545,80,192,12000,0.9090429835620331,-0.0006776053936068394
adult,seed_0,2,0.75,0.9091584943507408,0.9321100917431193,0.9625,0.010782631188147032,2.443143538503467,545,80,192,12000,0.9090429835620331,0.00011551078870775111
adult,seed_0,0,1.0,0.9094801875547808,0.7866419294990723,0.8,0.03787634382913267,3.511793611210904,539,80,192,12000,0.9090429835620331,0.0004372039927477145
adult,seed_0,1,1.0,0.9088199522045887,0.8092592592592592,0.775,0.03309917002261268,3.743730202003594,540,80,192,12000,0.9090429835620331,-0.00022303135744439206
adult,seed_0,2,1.0,0.9092594143029801,0.8505535055350554,0.9,0.0279336414001461,3.6329570760275245,542,80,192,12000,0.9090429835620331,0.00021643074094701564
adult,seed_0,0,1.5,0.9081743076908645,0.6827458256029685,0.7625,0.06333064309875837,5.845164375252394,539,80,192,12000,0.9090429835620331,-0.0008686758711685671
adult,seed_0,1,1.5,0.9086386089513392,0.6715867158671587,0.6,0.06066671008316687,6.10190138272268,542,80,192,12000,0.9090429835620331,-0.0004043746106938695
adult,seed_0,2,1.5,0.9093144773406047,0.6913123844731978,0.775,0.060965529409679066,6.350022015247368,541,80,192,12000,0.9090429835620331,0.0002714937785716076
adult,seed_0,0,2.0,0.9085632229629195,0.5471698113207547,0.55,0.1123950536223664,12.762226840949529,530,80,192,12000,0.9090429835620331,-0.0004797605991135878
adult,seed_0,1,2.0,0.9077956407444245,0.5454545454545454,0.5375,0.10632135997743415,9.461256758706943,539,80,192,12000,0.9090429835620331,-0.001247342817608521
adult,seed_0,2,2.0,0.9083563457458506,0.553072625698324,0.6375,0.0950965201403248,8.66353344486565,537,80,192,12000,0.9090429835620331,-0.0006866378161825004
adult,seed_1,0,0.0,0.9090429835620331,1.0,1.0,0.0,0.0,546,80,192,12000,0.9090429835620331,0.0
adult,seed_1,1,0.0,0.9090429835620331,1.0,1.0,0.0,0.0,546,80,192,12000,0.9090429835620331,0.0
adult,seed_1,2,0.0,0.9090429835620331,1.0,1.0,0.0,0.0,546,80,192,12000,0.9090429835620331,0.0
adult,seed_1,0,0.25,0.9090429835620331,1.0,1.0,0.0,0.7433233770292332,546,80,192,12000,0.9090429835620331,0.0
adult,seed_1,1,0.25,0.9090429835620331,1.0,1.0,0.0,0.7448378031848221,546,80,192,12000,0.9090429835620331,0.0
adult,seed_1,2,0.25,0.9090429835620331,1.0,1.0,0.0,0.7441074033030546,546,80,192,12000,0.9090429835620331,0.0
adult,seed_1,0,0.49,0.9090429835620331,1.0,1.0,0.0,1.4597512263164558,546,80,192,12000,0.9090429835620331,0.0
adult,seed_1,1,0.49,0.9090429835620331,1.0,1.0,0.0,1.4588824298801892,546,80,192,12000,0.9090429835620331,0.0
adult,seed_1,2,0.49,0.9090429835620331,1.0,1.0,0.0,1.455977995224788,546,80,192,12000,0.9090429835620331,0.0
adult,seed_1,0,0.5,0.9090429835620331,1.0,1.0,0.0,1.4853626946060074,546,80,192,12000,0.9090429835620331,0.0
adult,seed_1,1,0.5,0.9090429835620331,1.0,1.0,0.0,1.4896104058320598,546,80,192,12000,0.9090429835620331,0.0
adult,seed_1,2,0.5,0.9090429835620331,1.0,1.0,0.0,1.4828926519788739,546,80,192,12000,0.9090429835620331,0.0
adult,seed_1,0,0.75,0.9089330311872182,0.9297597042513863,0.9625,0.016416732482546364,2.448198311088927,541,80,192,12000,0.9090429835620331,-0.00010995237481481457
adult,seed_1,1,0.75,0.9095950035417518,0.9373848987108656,0.9125,0.009171931002443708,2.2231373012046665,543,80,192,12000,0.9090429835620331,0.0005520199797187653
adult,seed_1,2,0.75,0.9090341248398917,0.9391143911439115,0.95,0.008081905283478458,2.378387188429986,542,80,192,12000,0.9090429835620331,-8.858722141402708e-06
adult,seed_1,0,1.0,0.9089576966488669,0.8324125230202578,0.85,0.027627972312304776,3.352542006644358,543,80,192,12000,0.9090429835620331,-8.528691316611603e-05
adult,seed_1,1,1.0,0.90864659917131,0.8154981549815498,0.85,0.03304291015739159,3.5087027942474616,542,80,192,12000,0.9090429835620331,-0.0003963843907230924
adult,seed_1,2,1.0,0.9090462838702819,0.8293135435992579,0.9375,0.03499202323102877,3.317413270577971,539,80,192,12000,0.9090429835620331,3.300308248799233e-06
adult,seed_1,0,1.5,0.9081069119224157,0.6346863468634686,0.5875,0.07429049501884802,6.8923571410911615,542,80,192,12000,0.9090429835620331,-0.0009360716396173974
adult,seed_1,1,1.5,0.9078976028992687,0.6480446927374302,0.5,0.06383341146874963,5.986669737501766,537,80,192,12000,0.9090429835620331,-0.0011453806627643726
adult,seed_1,2,1.5,0.9089047180164523,0.673469387755102,0.7125,0.06687908417778295,7.2444686822852535,539,80,192,12000,0.9090429835620331,-0.00013826554558071802
adult,seed_1,0,2.0,0.9079271319730738,0.56353591160221,0.6375,0.08909864940072011,9.040109930046475,543,80,192,12000,0.9090429835620331,-0.0011158515889592158
adult,seed_1,1,2.0,0.9088239473145738,0.5514018691588785,0.65,0.09632328085426309,8.686300771465934,535,80,192,12000,0.9090429835620331,-0.00021903624745922556
adult,seed_1,2,2.0,0.909422519010644,0.5411985018726592,0.575,0.09634793339730387,8.349665705552002,534,80,192,12000,0.9090429835620331,0.0003795354486109126
adult,seed_2,0,0.0,0.9090429835620331,1.0,1.0,0.0,0.0,546,80,192,12000,0.9090429835620331,0.0
adult,seed_2,1,0.0,0.9090429835620331,1.0,1.0,0.0,0.0,546,80,192,12000,0.9090429835620331,0.0
adult,seed_2,2,0.0,0.9090429835620331,1.0,1.0,0.0,0.0,546,80,192,12000,0.9090429835620331,0.0
adult,seed_2,0,0.25,0.9090429835620331,1.0,1.0,0.0,0.7418702700951455,546,80,192,12000,0.9090429835620331,0.0
adult,seed_2,1,0.25,0.9090429835620331,1.0,1.0,0.0,0.7445409555135907,546,80,192,12000,0.9090429835620331,0.0
adult,seed_2,2,0.25,0.9090429835620331,1.0,1.0,0.0,0.743741896581745,546,80,192,12000,0.9090429835620331,0.0
adult,seed_2,0,0.49,0.9090429835620331,1.0,1.0,0.0,1.4576042822290123,546,80,192,12000,0.9090429835620331,0.0
adult,seed_2,1,0.49,0.9090429835620331,1.0,1.0,0.0,1.459659729861574,546,80,192,12000,0.9090429835620331,0.0
adult,seed_2,2,0.49,0.9090429835620331,1.0,1.0,0.0,1.4578485022467726,546,80,192,12000,0.9090429835620331,0.0
adult,seed_2,0,0.5,0.9090429835620331,1.0,1.0,0.0,1.4778053933472268,546,80,192,12000,0.9090429835620331,0.0
adult,seed_2,1,0.5,0.9090429835620331,1.0,1.0,0.0,1.4887752872098856,546,80,192,12000,0.9090429835620331,0.0
adult,seed_2,2,0.5,0.9090429835620331,1.0,1.0,0.0,1.4860852462328014,546,80,192,12000,0.9090429835620331,0.0
adult,seed_2,0,0.75,0.909340879806595,0.9205175600739371,0.95,0.016170594351643558,2.4513643675297994,541,80,192,12000,0.9090429835620331,0.00029789624456189046
adult,seed_2,1,0.75,0.9087289331770957,0.9434306569343066,0.95,0.00813119105477978,2.2824225135213196,548,80,192,12000,0.9090429835620331,-0.0003140503849373699
adult,seed_2,2,0.75,0.90950989032902,0.9289617486338798,0.9,0.008380222538626855,2.4008641688930026,549,80,192,12000,0.9090429835620331,0.0004669067669869076
adult,seed_2,0,1.0,0.909072338935404,0.8096118299445472,0.85,0.035839297680296575,3.504820398663996,541,80,192,12000,0.9090429835620331,2.935537337089844e-05
adult,seed_2,1,1.0,0.9090514948833063,0.8121546961325967,0.8875,0.03487502741720398,3.8775442459625062,543,80,192,12000,0.9090429835620331,8.511321273219075e-06
adult,seed_2,2,1.0,0.9093075293232388,0.8197026022304833,0.9,0.038603336930762726,3.606431957226616,538,80,192,12000,0.9090429835620331,0.0002645457612057145
adult,seed_2,0,1.5,0.9086948878920028,0.6598890942698706,0.675,0.07127059282562133,6.2414886857406495,541,80,192,12000,0.9090429835620331,-0.0003480956700302462
adult,seed_2,1,1.5,0.90893772109894,0.6586715867158671,0.625,0.06858246358346475,6.701616867522295,542,80,192,12000,0.9090429835620331,-0.00010526246309305876
adult,seed_2,2,1.5,0.9092029616618824,0.6487985212569316,0.7375,0.0753599001182954,5.919435935100111,541,80,192,12000,0.9090429835620331,0.00015997809984935607
adult,seed_2,0,2.0,0.9087483876257201,0.6424581005586593,0.6625,0.08818224375094881,8.264983528783008,537,80,192,12000,0.9090429835620331,-0.0002945959363129802
adult,seed_2,1,2.0,0.9081058697198109,0.5432780847145487,0.45,0.1012622873828374,8.537628921036182,543,80,192,12000,0.9090429835620331,-0.0009371138422221703
adult,seed_2,2,2.0,0.9083224741611919,0.5238095238095238,0.525,0.10241000055303398,9.754559220029494,546,80,192,12000,0.9090429835620331,-0.0007205094008411184
agaricus_lepiota,seed_0,0,0.0,0.9999999999999999,1.0,1.0,0.0,0.0,537,80,192,4887,0.9999999999999999,0.0
agaricus_lepiota,seed_0,1,0.0,0.9999999999999999,1.0,1.0,0.0,0.0,537,80,192,4887,0.9999999999999999,0.0
agaricus_lepiota,seed_0,2,0.0,0.9999999999999999,1.0,1.0,0.0,0.0,537,80,192,4887,0.9999999999999999,0.0
agaricus_lepiota,seed_0,0,0.25,0.9999999999999999,1.0,1.0,0.0,1.359087619836517,537,80,192,4887,0.9999999999999999,0.0
agaricus_lepiota,seed_0,1,0.25,0.9999999999999999,1.0,1.0,0.0,1.361997152427346,537,80,192,4887,0.9999999999999999,0.0
agaricus_lepiota,seed_0,2,0.25,0.9999999999999999,1.0,1.0,0.0,1.3634163476843435,537,80,192,4887,0.9999999999999999,0.0
agaricus_lepiota,seed_0,0,0.49,0.9999999999999999,1.0,1.0,0.0,2.677742483409403,537,80,192,4887,0.9999999999999999,0.0
agaricus_lepiota,seed_0,1,0.49,0.9999999999999999,1.0,1.0,0.0,2.680562928125719,537,80,192,4887,0.9999999999999999,0.0
agaricus_lepiota,seed_0,2,0.49,0.9999999999999999,1.0,1.0,0.0,2.679491180680787,537,80,192,4887,0.9999999999999999,0.0
agaricus_lepiota,seed_0,0,0.5,0.9999999999999999,1.0,1.0,0.0,2.7205815339320667,537,80,192,4887,0.9999999999999999,0.0
agaricus_lepiota,seed_0,1,0.5,0.9999999999999999,1.0,1.0,0.0,2.7299761326523266,537,80,192,4887,0.9999999999999999,0.0
agaricus_lepiota,seed_0,2,0.5,0.9999999999999999,1.0,1.0,5.810165312981587e-19,2.716543316270194,537,80,192,4887,0.9999999999999999,0.0
agaricus_lepiota,seed_0,0,0.75,1.0,0.9404096834264432,0.95,0.012147368113375006,4.328754937109717,537,80,192,4887,0.9999999999999999,1.1102230246251565e-16
agaricus_lepiota,seed_0,1,0.75,0.9999999999999999,0.9408502772643254,0.9625,0.01238407277332016,4.446082375068864,541,80,192,4887,0.9999999999999999,0.0
agaricus_lepiota,seed_0,2,0.75,1.0,0.9477611940298507,0.925,0.010009862933996132,4.288199779170474,536,80,192,4887,0.9999999999999999,1.1102230246251565e-16
agaricus_lepiota,seed_0,0,1.0,1.0,0.8764044943820225,0.8875,0.023106963265933794,6.05507490307076,534,80,192,4887,0.9999999999999999,1.1102230246251565e-16
agaricus_lepiota,seed_0,1,1.0,1.0,0.8432835820895522,0.8625,0.03196143006555204,6.515788839040567,536,80,192,4887,0.9999999999999999,1.1102230246251565e-16
agaricus_lepiota,seed_0,2,1.0,1.0,0.875,0.875,0.02838954920743019,5.941307271037053,536,80,192,4887,0.9999999999999999,1.1102230246251565e-16
agaricus_lepiota,seed_0,0,1.5,1.0,0.702048417132216,0.625,0.07201705781468339,10.724711913076423,537,80,192,4887,0.9999999999999999,1.1102230246251565e-16
agaricus_lepiota,seed_0,1,1.5,1.0,0.7523452157598499,0.775,0.0712778330097161,10.53222799108979,533,80,192,4887,0.9999999999999999,1.1102230246251565e-16
agaricus_lepiota,seed_0,2,1.5,1.0,0.7303370786516854,0.725,0.06544923643013703,10.906739546719841,534,80,192,4887,0.9999999999999999,1.1102230246251565e-16
agaricus_lepiota,seed_0,0,2.0,1.0,0.6820702402957486,0.6875,0.10020861345582141,12.768168621536377,541,80,192,4887,0.9999999999999999,1.1102230246251565e-16
agaricus_lepiota,seed_0,1,2.0,1.0,0.6555555555555556,0.575,0.09599161854060236,13.408078942230334,540,80,192,4887,0.9999999999999999,1.1102230246251565e-16
agaricus_lepiota,seed_0,2,2.0,1.0,0.620817843866171,0.625,0.10714378447835154,14.5121893899895,538,80,192,4887,0.9999999999999999,1.1102230246251565e-16
agaricus_lepiota,seed_1,0,0.0,0.9999999999999999,1.0,1.0,0.0,0.0,537,80,192,4887,0.9999999999999999,0.0
agaricus_lepiota,seed_1,1,0.0,0.9999999999999999,1.0,1.0,0.0,0.0,537,80,192,4887,0.9999999999999999,0.0
agaricus_lepiota,seed_1,2,0.0,0.9999999999999999,1.0,1.0,0.0,0.0,537,80,192,4887,0.9999999999999999,0.0
agaricus_lepiota,seed_1,0,0.25,0.9999999999999999,1.0,1.0,0.0,1.36295183996167,537,80,192,4887,0.9999999999999999,0.0
agaricus_lepiota,seed_1,1,0.25,0.9999999999999999,1.0,1.0,0.0,1.3634229785001803,537,80,192,4887,0.9999999999999999,0.0
agaricus_lepiota,seed_1,2,0.25,0.9999999999999999,1.0,1.0,0.0,1.364424708707786,537,80,192,4887,0.9999999999999999,0.0
agaricus_lepiota,seed_1,0,0.49,0.9999999999999999,1.0,1.0,0.0,2.68406388260117,537,80,192,4887,0.9999999999999999,0.0
agaricus_lepiota,seed_1,1,0.49,0.9999999999999999,1.0,1.0,0.0,2.6812059041535248,537,80,192,4887,0.9999999999999999,0.0
agaricus_lepiota,seed_1,2,0.49,0.9999999999999999,1.0,1.0,5.810165312981587e-19,2.6732528953024146,537,80,192,4887,0.9999999999999999,0.0
agaricus_lepiota,seed_1,0,0.5,0.9999999999999999,1.0,1.0,0.0,2.722543937328115,537,80,192,4887,0.9999999999999999,0.0
agaricus_lepiota,seed_1,1,0.5,0.9999999999999999,1.0,1.0,5.810165312981587e-19,2.728431776794012,537,80,192,4887,0.9999999999999999,0.0
agaricus_lepiota,seed_1,2,0.5,0.9999999999999999,1.0,1.0,0.0,2.729763522970643,537,80,192,4887,0.9999999999999999,0.0
agaricus_lepiota,seed_1,0,0.75,1.0,0.930841121495327,0.95,0.02021309923749294,4.394469759554105,535,80,192,4887,0.9999999999999999,1.1102230246251565e-16
agaricus_lepiota,seed_1,1,0.75,1.0,0.9386617100371747,0.9375,0.009569752380937442,4.3721251720845435,538,80,192,4887,0.9999999999999999,1.1102230246251565e-16
agaricus_lepiota,seed_1,2,0.75,1.0,0.9456928838951311,0.9625,0.008567610474578867,4.525835979802718,534,80,192,4887,0.9999999999999999,1.1102230246251565e-16
agaricus_lepiota,seed_1,0,1.0,1.0,0.844731977818854,0.85,0.03225660022328842,6.445298034055286,541,80,192,4887,0.9999999999999999,1.1102230246251565e-16
agaricus_lepiota,seed_1,1,1.0,1.0,0.8529411764705882,0.95,0.0371855863950197,6.334866110151413,544,80,192,4887,0.9999999999999999,1.1102230246251565e-16
agaricus_lepiota,seed_1,2,1.0,0.9999999999999999,0.8782287822878229,0.8625,0.024897865520903444,6.260293881058018,542,80,192,4887,0.9999999999999999,0.0
agaricus_lepiota,seed_1,0,1.5,1.0,0.7134831460674157,0.725,0.08724498494096786,10.404829883352686,534,80,192,4887,0.9999999999999999,1.1102230246251565e-16
agaricus_lepiota,seed_1,1,1.5,0.9999999999999999,0.6987060998151571,0.6875,0.09509111221252697,12.292083658238205,541,80,192,4887,0.9999999999999999,0.0
agaricus_lepiota,seed_1,2,1.5,1.0,0.6964618249534451,0.75,0.09292616924077572,11.308768341127744,537,80,192,4887,0.9999999999999999,1.1102230246251565e-16
agaricus_lepiota,seed_1,0,2.0,0.9999879230334925,0.6648250460405156,0.6375,0.09448596338454866,13.05481433214436,543,80,192,4887,0.9999999999999999,-1.2076966507401643e-05
agaricus_lepiota,seed_1,1,2.0,1.0,0.6437847866419295,0.5625,0.09545059749993676,14.644228144881923,539,80,192,4887,0.9999999999999999,1.1102230246251565e-16
agaricus_lepiota,seed_1,2,2.0,1.0,0.6370370370370371,0.725,0.10312647709883913,15.381201854759686,540,80,192,4887,0.9999999999999999,1.1102230246251565e-16
agaricus_lepiota,seed_2,0,0.0,0.9999999999999999,1.0,1.0,0.0,0.0,537,80,192,4887,0.9999999999999999,0.0
agaricus_lepiota,seed_2,1,0.0,0.9999999999999999,1.0,1.0,0.0,0.0,537,80,192,4887,0.9999999999999999,0.0
agaricus_lepiota,seed_2,2,0.0,0.9999999999999999,1.0,1.0,0.0,0.0,537,80,192,4887,0.9999999999999999,0.0
agaricus_lepiota,seed_2,0,0.25,0.9999999999999999,1.0,1.0,0.0,1.3597734864742976,537,80,192,4887,0.9999999999999999,0.0
agaricus_lepiota,seed_2,1,0.25,0.9999999999999999,1.0,1.0,0.0,1.3654843588427983,537,80,192,4887,0.9999999999999999,0.0
agaricus_lepiota,seed_2,2,0.25,0.9999999999999999,1.0,1.0,0.0,1.3624139645568945,537,80,192,4887,0.9999999999999999,0.0
agaricus_lepiota,seed_2,0,0.49,0.9999999999999999,1.0,1.0,0.0,2.67702611513868,537,80,192,4887,0.9999999999999999,0.0
agaricus_lepiota,seed_2,1,0.49,0.9999999999999999,1.0,1.0,5.810165312981587e-19,2.6706982218603432,537,80,192,4887,0.9999999999999999,0.0
agaricus_lepiota,seed_2,2,0.49,0.9999999999999999,1.0,1.0,0.0,2.68063975534277,537,80,192,4887,0.9999999999999999,0.0
agaricus_lepiota,seed_2,0,0.5,0.9999999999999999,1.0,1.0,5.323844376638833e-19,2.728334142585813,537,80,192,4887,0.9999999999999999,0.0
agaricus_lepiota,seed_2,1,0.5,0.9999999999999999,1.0,1.0,0.0,2.736573497175842,537,80,192,4887,0.9999999999999999,0.0
agaricus_lepiota,seed_2,2,0.5,0.9999999999999999,1.0,1.0,0.0,2.7291462037980447,537,80,192,4887,0.9999999999999999,0.0
agaricus_lepiota,seed_2,0,0.75,1.0,0.9535315985130112,0.9375,0.0050421721622110624,4.324310075853811,538,80,192,4887,0.9999999999999999,1.1102230246251565e-16
agaricus_lepiota,seed_2,1,0.75,1.0,0.9537892791127541,0.925,0.006505944716677299,4.353687705955729,541,80,192,4887,0.9999999999999999,1.1102230246251565e-16
agaricus_lepiota,seed_2,2,0.75,1.0,0.9497206703910615,0.9625,0.004958683589400061,4.250362106254218,537,80,192,4887,0.9999999999999999,1.1102230246251565e-16
agaricus_lepiota,seed_2,0,1.0,1.0,0.8333333333333334,0.875,0.044443996766856966,6.488336618740391,534,80,192,4887,0.9999999999999999,1.1102230246251565e-16
agaricus_lepiota,seed_2,1,1.0,1.0,0.8411214953271028,0.7875,0.027838402988141945,6.396274193259197,535,80,192,4887,0.9999999999999999,1.1102230246251565e-16
agaricus_lepiota,seed_2,2,1.0,1.0,0.8485981308411215,0.875,0.039015501895960106,6.5072740892672805,535,80,192,4887,0.9999999999999999,1.1102230246251565e-16
agaricus_lepiota,seed_2,0,1.5,1.0,0.7476635514018691,0.8375,0.06654604783273856,10.169103814783474,535,80,192,4887,0.9999999999999999,1.1102230246251565e-16
agaricus_lepiota,seed_2,1,1.5,1.0,0.7322097378277154,0.6625,0.06542712281167794,10.858741774462679,534,80,192,4887,0.9999999999999999,1.1102230246251565e-16
agaricus_lepiota,seed_2,2,1.5,1.0,0.7387218045112782,0.7875,0.07322200785997378,10.68553681997119,532,80,192,4887,0.9999999999999999,1.1102230246251565e-16
agaricus_lepiota,seed_2,0,2.0,1.0,0.6622889305816135,0.675,0.09936091633298358,15.082139029183306,533,80,192,4887,0.9999999999999999,1.1102230246251565e-16
agaricus_lepiota,seed_2,1,2.0,0.9999969807583731,0.6238361266294227,0.6,0.11166759139072605,16.220313960441146,537,80,192,4887,0.9999999999999999,-3.019241626822655e-06
agaricus_lepiota,seed_2,2,2.0,1.0,0.6397058823529411,0.6,0.09788837803497427,15.283426206899906,544,80,192,4887,0.9999999999999999,1.1102230246251565e-16
australian,seed_0,0,0.0,0.9401745795188418,1.0,1.0,0.0,0.0,532,80,192,414,0.9401745795188418,0.0
australian,seed_0,1,0.0,0.9401745795188418,1.0,1.0,0.0,0.0,532,80,192,414,0.9401745795188418,0.0
australian,seed_0,2,0.0,0.9401745795188418,1.0,1.0,0.0,0.0,532,80,192,414,0.9401745795188418,0.0
australian,seed_0,0,0.25,0.9401745795188418,1.0,1.0,0.0,0.2128128705885136,532,80,192,414,0.9401745795188418,0.0
australian,seed_0,1,0.25,0.9401745795188418,1.0,1.0,0.0,0.21319590626561918,532,80,192,414,0.9401745795188418,0.0
australian,seed_0,2,0.25,0.9401745795188418,1.0,1.0,0.0,0.21367595142710588,532,80,192,414,0.9401745795188418,0.0
australian,seed_0,0,0.49,0.9401745795188418,1.0,1.0,0.0,0.41736651376909994,532,80,192,414,0.9401745795188418,0.0
australian,seed_0,1,0.49,0.9401745795188418,1.0,1.0,0.0,0.4179222668535222,532,80,192,414,0.9401745795188418,0.0
australian,seed_0,2,0.49,0.9401745795188418,1.0,1.0,0.0,0.4172133419708481,532,80,192,414,0.9401745795188418,0.0
australian,seed_0,0,0.5,0.9401745795188418,1.0,1.0,0.0,0.4253161419517137,532,80,192,414,0.9401745795188418,0.0
australian,seed_0,1,0.5,0.9401745795188418,1.0,1.0,0.0,0.4267069367586244,532,80,192,414,0.9401745795188418,0.0
australian,seed_0,2,0.5,0.9401745795188418,1.0,1.0,0.0,0.4268471356947401,532,80,192,414,0.9401745795188418,0.0
australian,seed_0,0,0.75,0.9385778156269959,0.9266917293233082,0.8625,0.015905921565780214,0.9048247134647383,532,80,192,414,0.9401745795188418,-0.0015967638918458205
australian,seed_0,1,0.75,0.9395358739621035,0.9358490566037736,0.925,0.006617575116551529,0.6682463739914544,530,80,192,414,0.9401745795188418,-0.0006387055567382838
australian,seed_0,2,0.75,0.9401745795188419,0.9357277882797732,0.8375,0.013943972794911734,0.7816994481302104,529,80,192,414,0.9401745795188418,1.1102230246251565e-16
australian,seed_0,0,1.0,0.9362358952522887,0.8228571428571428,0.8,0.0312762939085066,1.1155711152256442,525,80,192,414,0.9401745795188418,-0.003938684266553083
australian,seed_0,1,1.0,0.936874600809027,0.8603773584905661,0.825,0.03033142605540482,1.170385920226459,530,80,192,414,0.9401745795188418,-0.0032999787098147992
australian,seed_0,2,1.0,0.9386842665531189,0.8326996197718631,0.8125,0.03792002980550207,1.3670068413423104,526,80,192,414,0.9401745795188418,-0.0014903129657228842
australian,seed_0,0,1.5,0.9353842878433043,0.6603415559772297,0.6625,0.07335615430165913,2.135368946981821,527,80,192,414,0.9401745795188418,-0.004790291675537461
australian,seed_0,1,1.5,0.9401745795188419,0.6666666666666666,0.5875,0.07095761222408564,2.0183713835056865,522,80,192,414,0.9401745795188418,1.1102230246251565e-16
australian,seed_0,2,1.5,0.9391100702576113,0.6806883365200764,0.4875,0.10665989978268617,2.8357736461683203,523,80,192,414,0.9401745795188418,-0.001064509261230473
australian,seed_0,0,2.0,0.9397487758143496,0.5708884688090737,0.4625,0.14077402848562845,3.2624794319772703,529,80,192,414,0.9401745795188418,-0.0004258037044921892
australian,seed_0,1,2.0,0.9384713647008729,0.5847619047619048,0.5125,0.13369935781171816,3.6996442274786214,525,80,192,414,0.9401745795188418,-0.0017032148179688678
australian,seed_0,2,2.0,0.9359165424739195,0.5665399239543726,0.45,0.13309318528271488,3.41464100047946,526,80,192,414,0.9401745795188418,-0.004258037044922225
australian,seed_1,0,0.0,0.9401745795188418,1.0,1.0,0.0,0.0,532,80,192,414,0.9401745795188418,0.0
australian,seed_1,1,0.0,0.9401745795188418,1.0,1.0,0.0,0.0,532,80,192,414,0.9401745795188418,0.0
australian,seed_1,2,0.0,0.9401745795188418,1.0,1.0,0.0,0.0,532,80,192,414,0.9401745795188418,0.0
australian,seed_1,0,0.25,0.9401745795188418,1.0,1.0,0.0,0.21320170478408138,532,80,192,414,0.9401745795188418,0.0
australian,seed_1,1,0.25,0.9401745795188418,1.0,1.0,0.0,0.21359331298502804,532,80,192,414,0.9401745795188418,0.0
australian,seed_1,2,0.25,0.9401745795188418,1.0,1.0,0.0,0.21369420711161424,532,80,192,414,0.9401745795188418,0.0
australian,seed_1,0,0.49,0.9401745795188418,1.0,1.0,0.0,0.41721783619615505,532,80,192,414,0.9401745795188418,0.0
australian,seed_1,1,0.49,0.9401745795188418,1.0,1.0,0.0,0.4184175054235721,532,80,192,414,0.9401745795188418,0.0
australian,seed_1,2,0.49,0.9401745795188418,1.0,1.0,0.0,0.4171766011370085,532,80,192,414,0.9401745795188418,0.0
australian,seed_1,0,0.5,0.9401745795188418,1.0,1.0,0.0,0.42664089845253345,532,80,192,414,0.9401745795188418,0.0
australian,seed_1,1,0.5,0.9401745795188418,1.0,1.0,0.0,0.4268311622410937,532,80,192,414,0.9401745795188418,0.0
australian,seed_1,2,0.5,0.9401745795188418,1.0,1.0,0.0,0.42682056265509943,532,80,192,414,0.9401745795188418,0.0
australian,seed_1,0,0.75,0.9406003832233341,0.9149338374291115,0.875,0.012814045436725804,0.7947538281778418,529,80,192,414,0.9401745795188418,0.0004258037044923002
australian,seed_1,1,0.75,0.9417713434106877,0.9430740037950665,0.9,0.009474971244219381,0.816923914645834,527,80,192,414,0.9401745795188418,0.0015967638918459315
australian,seed_1,2,0.75,0.9381520119225036,0.9433962264150944,0.9125,0.0058936109017992625,0.6491785248876314,530,80,192,414,0.9401745795188418,-0.0020225675963381207
australian,seed_1,0,1.0,0.9357036406216734,0.8190298507462687,0.7875,0.0337562820605403,1.059204317478041,536,80,192,414,0.9401745795188418,-0.0044709388971683195
australian,seed_1,1,1.0,0.9365552480306578,0.8403041825095057,0.725,0.03165247132708239,1.0905879665747609,526,80,192,414,0.9401745795188418,-0.003619331488183941
australian,seed_1,2,1.0,0.9349584841388119,0.850187265917603,0.8125,0.025821274390580913,1.0292459211240808,534,80,192,414,0.9401745795188418,-0.005216095380029873
australian,seed_1,0,1.5,0.9305939961677666,0.6806083650190115,0.5125,0.09692101291043365,2.6508175025643506,526,80,192,414,0.9401745795188418,-0.009580583351075145
australian,seed_1,1,1.5,0.9340004258037043,0.6216216216216216,0.3875,0.14372084589179876,3.668939202912592,518,80,192,414,0.9401745795188418,-0.006174153715137409
australian,seed_1,2,1.5,0.9374068554396423,0.6966292134831461,0.5625,0.09346613567039794,2.606952572368325,534,80,192,414,0.9401745795188418,-0.0027677240791994517
australian,seed_1,0,2.0,0.9359165424739195,0.5525291828793775,0.4875,0.13537618017102593,3.962076551102432,514,80,192,414,0.9401745795188418,-0.004258037044922225
australian,seed_1,1,2.0,0.9410261869278262,0.5528301886792453,0.4125,0.1473361546584623,3.311978914862645,530,80,192,414,0.9401745795188418,0.0008516074089844894
australian,seed_1,2,2.0,0.9433681073025335,0.5890151515151515,0.5,0.13913078758165773,4.1269135485754,528,80,192,414,0.9401745795188418,0.003193527783691752
australian,seed_2,0,0.0,0.9401745795188418,1.0,1.0,0.0,0.0,532,80,192,414,0.9401745795188418,0.0
australian,seed_2,1,0.0,0.9401745795188418,1.0,1.0,0.0,0.0,532,80,192,414,0.9401745795188418,0.0
australian,seed_2,2,0.0,0.9401745795188418,1.0,1.0,0.0,0.0,532,80,192,414,0.9401745795188418,0.0
australian,seed_2,0,0.25,0.9401745795188418,1.0,1.0,0.0,0.21282587568823272,532,80,192,414,0.9401745795188418,0.0
australian,seed_2,1,0.25,0.9401745795188418,1.0,1.0,0.0,0.21343061616753015,532,80,192,414,0.9401745795188418,0.0
australian,seed_2,2,0.25,0.9401745795188418,1.0,1.0,0.0,0.2135947918474391,532,80,192,414,0.9401745795188418,0.0
australian,seed_2,0,0.49,0.9401745795188418,1.0,1.0,0.0,0.41733129423330206,532,80,192,414,0.9401745795188418,0.0
australian,seed_2,1,0.49,0.9401745795188418,1.0,1.0,0.0,0.4185405148919493,532,80,192,414,0.9401745795188418,0.0
australian,seed_2,2,0.49,0.9401745795188418,1.0,1.0,0.0,0.41843311087384066,532,80,192,414,0.9401745795188418,0.0
australian,seed_2,0,0.5,0.9401745795188418,1.0,1.0,0.0,0.425503873118373,532,80,192,414,0.9401745795188418,0.0
australian,seed_2,1,0.5,0.9401745795188418,1.0,1.0,0.0,0.4265277179472067,532,80,192,414,0.9401745795188418,0.0
australian,seed_2,2,0.5,0.9401745795188418,1.0,1.0,0.0,0.4254948593378987,532,80,192,414,0.9401745795188418,0.0
australian,seed_2,0,0.75,0.9398552267404726,0.935361216730038,0.925,0.006938802364830888,0.705560580534921,526,80,192,414,0.9401745795188418,-0.0003193527783691419
australian,seed_2,1,0.75,0.9403874813710879,0.926829268292683,0.85,0.01490979784702773,0.7526897400255338,533,80,192,414,0.9401745795188418,0.0002129018522460946
australian,seed_2,2,0.75,0.9398552267404725,0.939622641509434,0.9375,0.010080040734109978,0.7496215956818965,530,80,192,414,0.9401745795188418,-0.0003193527783692529
australian,seed_2,0,1.0,0.9399616776665958,0.815442561205273,0.725,0.03864050827491541,1.2923698868364502,531,80,192,414,0.9401745795188418,-0.00021290185224598357
australian,seed_2,1,1.0,0.9371939535873962,0.8476190476190476,0.8125,0.029828857755915948,1.1549117246001244,525,80,192,414,0.9401745795188418,-0.0029806259314455463
australian,seed_2,2,1.0,0.9375133063657652,0.8180076628352491,0.7125,0.04133560362328556,1.3633318038409226,522,80,192,414,0.9401745795188418,-0.0026612731530765155
australian,seed_2,0,1.5,0.9359165424739195,0.676923076923077,0.5625,0.09662567018466516,2.5126587421619138,520,80,192,414,0.9401745795188418,-0.004258037044922225
australian,seed_2,1,1.5,0.934958484138812,0.6967370441458733,0.5625,0.06343950210607602,2.0960681103165655,521,80,192,414,0.9401745795188418,-0.005216095380029762
australian,seed_2,2,1.5,0.9316585054289973,0.6760299625468165,0.5125,0.09312524635944663,2.296218216101483,534,80,192,414,0.9401745795188418,-0.00851607408984445
australian,seed_2,0,2.0,0.9382584628486267,0.573055028462998,0.45,0.1337839189388672,4.620546423706206,527,80,192,414,0.9401745795188418,-0.0019161166702150734
australian,seed_2,1,2.0,0.9375133063657654,0.5883458646616542,0.4875,0.13317880376703334,4.2271161743210905,532,80,192,414,0.9401745795188418,-0.0026612731530764044
australian,seed_2,2,2.0,0.9391100702576113,0.5305343511450382,0.3125,0.1748467243676203,4.55821556772571,524,80,192,414,0.9401745795188418,-0.001064509261230473
bank_marketing,seed_0,0,0.0,0.9008213170286155,1.0,1.0,0.0,0.0,554,80,192,12000,0.9008213170286155,0.0
bank_marketing,seed_0,1,0.0,0.9008213170286155,1.0,1.0,0.0,0.0,554,80,192,12000,0.9008213170286155,0.0
bank_marketing,seed_0,2,0.0,0.9008213170286155,1.0,1.0,0.0,0.0,554,80,192,12000,0.9008213170286155,0.0
bank_marketing,seed_0,0,0.25,0.9008213170286155,1.0,1.0,0.0,0.45877609286314924,554,80,192,12000,0.9008213170286155,0.0
bank_marketing,seed_0,1,0.25,0.9008213170286155,1.0,1.0,0.0,0.45906382820311126,554,80,192,12000,0.9008213170286155,0.0
bank_marketing,seed_0,2,0.25,0.9008213170286155,1.0,1.0,0.0,0.4596802810142994,554,80,192,12000,0.9008213170286155,0.0
bank_marketing,seed_0,0,0.49,0.9008213170286155,1.0,1.0,0.0,0.8989150034693733,554,80,192,12000,0.9008213170286155,0.0
bank_marketing,seed_0,1,0.49,0.9008213170286155,1.0,1.0,0.0,0.9002602374875809,554,80,192,12000,0.9008213170286155,0.0
bank_marketing,seed_0,2,0.49,0.9008213170286155,1.0,1.0,0.0,0.8991621748054881,554,80,192,12000,0.9008213170286155,0.0
bank_marketing,seed_0,0,0.5,0.9008213170286155,1.0,1.0,0.0,0.9179917820156511,554,80,192,12000,0.9008213170286155,0.0
bank_marketing,seed_0,1,0.5,0.9008213170286155,1.0,1.0,0.0,0.9177277631451781,554,80,192,12000,0.9008213170286155,0.0
bank_marketing,seed_0,2,0.5,0.9008213170286155,1.0,1.0,0.0,0.9182671170797295,554,80,192,12000,0.9008213170286155,0.0
bank_marketing,seed_0,0,0.75,0.9016801512323999,0.9294755877034359,0.8875,0.005318699366765558,1.4414314392039524,553,80,192,12000,0.9008213170286155,0.0008588342037844088
bank_marketing,seed_0,1,0.75,0.9025935338330371,0.9201451905626135,0.9375,0.01211267482596915,1.4650484913614614,551,80,192,12000,0.9008213170286155,0.0017722168044216335
bank_marketing,seed_0,2,0.75,0.903400244013162,0.9221014492753623,0.8875,0.010902320449981358,1.5489476406687726,552,80,192,12000,0.9008213170286155,0.002578926984546537
bank_marketing,seed_0,0,1.0,0.9012728565358981,0.8393501805054152,0.8375,0.02602113330731818,2.1321981292922594,554,80,192,12000,0.9008213170286155,0.0004515395072826056
bank_marketing,seed_0,1,1.0,0.9017934906791942,0.8309090909090909,0.9,0.032808605855451305,2.491697313693297,550,80,192,12000,0.9008213170286155,0.0009721736505787781
bank_marketing,seed_0,2,1.0,0.9031226532825103,0.8194945848375451,0.7875,0.02890010647635723,2.185131883570358,554,80,192,12000,0.9008213170286155,0.0023013362538948368
bank_marketing,seed_0,0,1.5,0.9016210571358091,0.6848816029143898,0.7125,0.05685416558420364,3.4155730152266157,549,80,192,12000,0.9008213170286155,0.0007997401071936361
bank_marketing,seed_0,1,1.5,0.9016213601824582,0.6909090909090909,0.75,0.05874512407119842,3.749978845137788,550,80,192,12000,0.9008213170286155,0.0008000431538427444
bank_marketing,seed_0,2,1.5,0.8991251649331389,0.6721311475409836,0.75,0.07367200236379556,4.402119265589676,549,80,192,12000,0.9008213170286155,-0.0016961520954765774
bank_marketing,seed_0,0,2.0,0.8996136761316215,0.5815217391304348,0.65,0.09169467324605733,4.828312489215458,552,80,192,12000,0.9008213170286155,-0.001207640896993989
bank_marketing,seed_0,1,2.0,0.897959041427083,0.620253164556962,0.6375,0.07107961070156985,4.747309959492444,553,80,192,12000,0.9008213170286155,-0.0028622756015324047
bank_marketing,seed_0,2,2.0,0.899396997777456,0.6277372262773723,0.6375,0.0888463662098542,6.608871459859238,548,80,192,12000,0.9008213170286155,-0.0014243192511594893
bank_marketing,seed_1,0,0.0,0.9008213170286155,1.0,1.0,0.0,0.0,554,80,192,12000,0.9008213170286155,0.0
bank_marketing,seed_1,1,0.0,0.9008213170286155,1.0,1.0,0.0,0.0,554,80,192,12000,0.9008213170286155,0.0
bank_marketing,seed_1,2,0.0,0.9008213170286155,1.0,1.0,0.0,0.0,554,80,192,12000,0.9008213170286155,0.0
bank_marketing,seed_1,0,0.25,0.9008213170286155,1.0,1.0,0.0,0.45896961151435395,554,80,192,12000,0.9008213170286155,0.0
bank_marketing,seed_1,1,0.25,0.9008213170286155,1.0,1.0,0.0,0.4595038635444153,554,80,192,12000,0.9008213170286155,0.0
bank_marketing,seed_1,2,0.25,0.9008213170286155,1.0,1.0,0.0,0.4585371041597656,554,80,192,12000,0.9008213170286155,0.0
bank_marketing,seed_1,0,0.49,0.9008213170286155,1.0,1.0,0.0,0.9008471367333643,554,80,192,12000,0.9008213170286155,0.0
bank_marketing,seed_1,1,0.49,0.9008213170286155,1.0,1.0,0.0,0.900911210968774,554,80,192,12000,0.9008213170286155,0.0
bank_marketing,seed_1,2,0.49,0.9008213170286155,1.0,1.0,0.0,0.9002394883250965,554,80,192,12000,0.9008213170286155,0.0
bank_marketing,seed_1,0,0.5,0.9008213170286155,1.0,1.0,0.0,0.9191108505291192,554,80,192,12000,0.9008213170286155,0.0
bank_marketing,seed_1,1,0.5,0.9008213170286155,1.0,1.0,0.0,0.9190124400115189,554,80,192,12000,0.9008213170286155,0.0
bank_marketing,seed_1,2,0.5,0.9008213170286155,1.0,1.0,0.0,0.9189298616640271,554,80,192,12000,0.9008213170286155,0.0
bank_marketing,seed_1,0,0.75,0.901420137207401,0.944043321299639,0.9625,0.004569896752867052,1.4095388970870737,554,80,192,12000,0.9008213170286155,0.0005988201787855418
bank_marketing,seed_1,1,0.75,0.9018641005484539,0.9077757685352622,0.9375,0.014158487267109101,1.5415460259378253,553,80,192,12000,0.9008213170286155,0.0010427835198384416
bank_marketing,seed_1,2,0.75,0.9024762547798033,0.9381818181818182,0.9375,0.006536932573993765,1.4189286739383586,550,80,192,12000,0.9008213170286155,0.0016549377511878571
bank_marketing,seed_1,0,1.0,0.8989148505586059,0.8285198555956679,0.875,0.03175335232191704,2.3415608488168105,554,80,192,12000,0.9008213170286155,-0.0019064664700095824
bank_marketing,seed_1,1,1.0,0.9016168144827206,0.8402903811252269,0.7625,0.02439757402383439,2.123871980263841,551,80,192,12000,0.9008213170286155,0.0007954974541051207
bank_marketing,seed_1,2,1.0,0.900853743020078,0.8119349005424955,0.85,0.02503972982989646,2.2175077213409065,553,80,192,12000,0.9008213170286155,3.2425991462581294e-05
bank_marketing,seed_1,0,1.5,0.9004270533380285,0.6642468239564429,0.6375,0.0621125457582134,3.7082052834897468,551,80,192,12000,0.9008213170286155,-0.0003942636905869268
bank_marketing,seed_1,1,1.5,0.9004876626678652,0.6865942028985508,0.675,0.06639764501840163,4.341954626447894,552,80,192,12000,0.9008213170286155,-0.00033365436075027954
bank_marketing,seed_1,2,1.5,0.8994918513786502,0.6934306569343066,0.7375,0.06827105736062097,4.644153005522527,548,80,192,12000,0.9008213170286155,-0.001329465649965278
bank_marketing,seed_1,0,2.0,0.9011755785615103,0.5848375451263538,0.625,0.08923807558855615,5.139416342578306,554,80,192,12000,0.9008213170286155,0.00035426153289486173
bank_marketing,seed_1,1,2.0,0.8999527853320572,0.558983666061706,0.525,0.09422704355355922,5.642846896883781,551,80,192,12000,0.9008213170286155,-0.0008685316965582057
bank_marketing,seed_1,2,2.0,0.8998106564535905,0.572972972972973,0.5125,0.08085902235641988,4.710659497985037,555,80,192,12000,0.9008213170286155,-0.0010106605750249686
bank_marketing,seed_2,0,0.0,0.9008213170286155,1.0,1.0,0.0,0.0,554,80,192,12000,0.9008213170286155,0.0
bank_marketing,seed_2,1,0.0,0.9008213170286155,1.0,1.0,0.0,0.0,554,80,192,12000,0.9008213170286155,0.0
bank_marketing,seed_2,2,0.0,0.9008213170286155,1.0,1.0,0.0,0.0,554,80,192,12000,0.9008213170286155,0.0
bank_marketing,seed_2,0,0.25,0.9008213170286155,1.0,1.0,0.0,0.4593362589677777,554,80,192,12000,0.9008213170286155,0.0
bank_marketing,seed_2,1,0.25,0.9008213170286155,1.0,1.0,0.0,0.4595852895095892,554,80,192,12000,0.9008213170286155,0.0
bank_marketing,seed_2,2,0.25,0.9008213170286155,1.0,1.0,0.0,0.4583762651156306,554,80,192,12000,0.9008213170286155,0.0
bank_marketing,seed_2,0,0.49,0.9008213170286155,1.0,1.0,0.0,0.9000763299599898,554,80,192,12000,0.9008213170286155,0.0
bank_marketing,seed_2,1,0.49,0.9008213170286155,1.0,1.0,0.0,0.8996482868112299,554,80,192,12000,0.9008213170286155,0.0
bank_marketing,seed_2,2,0.49,0.9008213170286155,1.0,1.0,0.0,0.9009299925718827,554,80,192,12000,0.9008213170286155,0.0
bank_marketing,seed_2,0,0.5,0.9008213170286155,1.0,1.0,0.0,0.9185849849427199,554,80,192,12000,0.9008213170286155,0.0
bank_marketing,seed_2,1,0.5,0.9008213170286155,1.0,1.0,0.0,0.9157597433939725,554,80,192,12000,0.9008213170286155,0.0
bank_marketing,seed_2,2,0.5,0.9008213170286155,1.0,1.0,0.0,0.9203617568179464,554,80,192,12000,0.9008213170286155,0.0
bank_marketing,seed_2,0,0.75,0.9030220417949817,0.9422382671480144,0.9125,0.008192697401591861,1.7586511425710323,554,80,192,12000,0.9008213170286155,0.0022007247663662355
bank_marketing,seed_2,1,0.75,0.9021801782035516,0.9290909090909091,0.9125,0.009603427649525625,1.4789011273933408,550,80,192,12000,0.9008213170286155,0.0013588611749361101
bank_marketing,seed_2,2,0.75,0.904384842576357,0.9473684210526315,0.9375,0.005555198872083047,1.4300039360983077,551,80,192,12000,0.9008213170286155,0.0035635255477415306
bank_marketing,seed_2,0,1.0,0.8995536728950834,0.8297101449275363,0.7625,0.027411576053855025,2.232878335892324,552,80,192,12000,0.9008213170286155,-0.0012676441335320865
bank_marketing,seed_2,1,1.0,0.9006716119839191,0.8462929475587704,0.875,0.023585449050234224,2.4091037944132947,553,80,192,12000,0.9008213170286155,-0.0001497050446963577
bank_marketing,seed_2,2,1.0,0.9026156562384273,0.8568840579710145,0.825,0.020045505749639262,2.139929110350904,552,80,192,12000,0.9008213170286155,0.0017943392098118682
bank_marketing,seed_2,0,1.5,0.9032962990124922,0.6837294332723949,0.725,0.04957919630602867,3.521820831022627,547,80,192,12000,0.9008213170286155,0.002474981983876745
bank_marketing,seed_2,1,1.5,0.9003276540370966,0.691470054446461,0.65,0.059044864269619336,4.486764627227081,551,80,192,12000,0.9008213170286155,-0.0004936629915188728
bank_marketing,seed_2,2,1.5,0.9015116572954541,0.6751361161524501,0.7,0.051196874427109074,3.400788557895272,551,80,192,12000,0.9008213170286155,0.0006903402668386738
bank_marketing,seed_2,0,2.0,0.9012273995385206,0.6,0.6375,0.09409585191412444,5.400245795955451,555,80,192,12000,0.9008213170286155,0.00040608250990514794
bank_marketing,seed_2,1,2.0,0.9010449654557124,0.5436363636363636,0.5875,0.10148068915066207,6.0423404581198845,550,80,192,12000,0.9008213170286155,0.00022364842709698962
bank_marketing,seed_2,2,2.0,0.8977644854783076,0.5698729582577132,0.5125,0.08943336031743862,6.251124050951738,551,80,192,12000,0.9008213170286155,-0.0030568315503078924
breast_w,seed_0,0,0.0,0.9879981884057971,1.0,1.0,0.0,0.0,499,80,192,419,0.9879981884057971,0.0
breast_w,seed_0,1,0.0,0.9879981884057971,1.0,1.0,0.0,0.0,499,80,192,419,0.9879981884057971,0.0
breast_w,seed_0,2,0.0,0.9879981884057971,1.0,1.0,0.0,0.0,499,80,192,419,0.9879981884057971,0.0
breast_w,seed_0,0,0.25,0.9879981884057971,1.0,1.0,0.0,0.035592959603163846,499,80,192,419,0.9879981884057971,0.0
breast_w,seed_0,1,0.25,0.9879981884057971,1.0,1.0,0.0,0.035613136308316126,499,80,192,419,0.9879981884057971,0.0
breast_w,seed_0,2,0.25,0.9879981884057971,1.0,1.0,0.0,0.0358727970103647,499,80,192,419,0.9879981884057971,0.0
breast_w,seed_0,0,0.49,0.9879981884057971,1.0,1.0,0.0,0.07049411851537722,499,80,192,419,0.9879981884057971,0.0
breast_w,seed_0,1,0.49,0.9879981884057971,1.0,1.0,0.0,0.07035644710349431,499,80,192,419,0.9879981884057971,0.0
breast_w,seed_0,2,0.49,0.9879981884057971,1.0,1.0,0.0,0.07043022621774919,499,80,192,419,0.9879981884057971,0.0
breast_w,seed_0,0,0.5,0.9879981884057971,1.0,1.0,0.0,0.07100090314855755,499,80,192,419,0.9879981884057971,0.0
breast_w,seed_0,1,0.5,0.9879981884057971,1.0,1.0,0.0,0.07156037914091987,499,80,192,419,0.9879981884057971,0.0
breast_w,seed_0,2,0.5,0.9879981884057971,1.0,1.0,0.0,0.07143390883523304,499,80,192,419,0.9879981884057971,0.0
breast_w,seed_0,0,0.75,0.9873188405797102,0.9261477045908184,0.9875,0.007461719337965074,0.13072563315244837,501,80,192,419,0.9879981884057971,-0.0006793478260869179
breast_w,seed_0,1,0.75,0.9873188405797102,0.9482071713147411,0.9,0.002342308880406398,0.12305286281831211,502,80,192,419,0.9879981884057971,-0.0006793478260869179
breast_w,seed_0,2,0.75,0.9882246376811594,0.9477911646586346,0.9625,0.0043932171396421915,0.10465249070761536,498,80,192,419,0.9879981884057971,0.00022644927536230597
breast_w,seed_0,0,1.0,0.9873188405797102,0.8657314629258517,0.9,0.012080277178799864,0.15248663288043623,499,80,192,419,0.9879981884057971,-0.0006793478260869179
breast_w,seed_0,1,1.0,0.9877717391304348,0.852589641434263,0.8125,0.014504431376934145,0.1699173649182154,502,80,192,419,0.9879981884057971,-0.00022644927536230597
breast_w,seed_0,2,1.0,0.9884510869565217,0.812,0.85,0.02064021381231114,0.1921512147081878,500,80,192,419,0.9879981884057971,0.00045289855072461194
breast_w,seed_0,0,1.5,0.9889039855072465,0.7165354330708661,0.6875,0.037995298618904536,0.31219132098216296,508,80,192,419,0.9879981884057971,0.0009057971014493349
breast_w,seed_0,1,1.5,0.9889039855072463,0.7450199203187251,0.675,0.0308931249252698,0.30561959725195004,502,80,192,419,0.9879981884057971,0.0009057971014492239
breast_w,seed_0,2,1.5,0.9898097826086956,0.6798418972332015,0.5875,0.04462042325860178,0.32606174051409953,506,80,192,419,0.9879981884057971,0.0018115942028984477
breast_w,seed_0,0,2.0,0.9898097826086957,0.6267190569744597,0.525,0.04609226463142207,0.4984258723298315,509,80,192,419,0.9879981884057971,0.0018115942028985588
breast_w,seed_0,1,2.0,0.9895833333333334,0.5980392156862745,0.5,0.05032595150498538,0.4605206960220315,510,80,192,419,0.9879981884057971,0.0015851449275362528
breast_w,seed_0,2,2.0,0.9891304347826086,0.6340508806262231,0.6375,0.05080412734904815,0.4862493132430646,511,80,192,419,0.9879981884057971,0.0011322463768115298
breast_w,seed_1,0,0.0,0.9879981884057971,1.0,1.0,0.0,0.0,499,80,192,419,0.9879981884057971,0.0
breast_w,seed_1,1,0.0,0.9879981884057971,1.0,1.0,0.0,0.0,499,80,192,419,0.9879981884057971,0.0
breast_w,seed_1,2,0.0,0.9879981884057971,1.0,1.0,0.0,0.0,499,80,192,419,0.9879981884057971,0.0
breast_w,seed_1,0,0.25,0.9879981884057971,1.0,1.0,0.0,0.03572106726602343,499,80,192,419,0.9879981884057971,0.0
breast_w,seed_1,1,0.25,0.9879981884057971,1.0,1.0,0.0,0.03588061434681042,499,80,192,419,0.9879981884057971,0.0
breast_w,seed_1,2,0.25,0.9879981884057971,1.0,1.0,0.0,0.03584657267979748,499,80,192,419,0.9879981884057971,0.0
breast_w,seed_1,0,0.49,0.9879981884057971,1.0,1.0,0.0,0.07034632972633374,499,80,192,419,0.9879981884057971,0.0
breast_w,seed_1,1,0.49,0.9879981884057971,1.0,1.0,0.0,0.06978959700272257,499,80,192,419,0.9879981884057971,0.0
breast_w,seed_1,2,0.49,0.9879981884057971,1.0,1.0,0.0,0.07026847772816523,499,80,192,419,0.9879981884057971,0.0
breast_w,seed_1,0,0.5,0.9879981884057971,1.0,1.0,0.0,0.0717513945154007,499,80,192,419,0.9879981884057971,0.0
breast_w,seed_1,1,0.5,0.9879981884057971,1.0,1.0,0.0,0.07185236821895914,499,80,192,419,0.9879981884057971,0.0
breast_w,seed_1,2,0.5,0.9879981884057971,1.0,1.0,0.0,0.07171061610034259,499,80,192,419,0.9879981884057971,0.0
breast_w,seed_1,0,0.75,0.9875452898550725,0.9357429718875502,0.95,0.006474963853747719,0.12005173426391257,498,80,192,419,0.9879981884057971,-0.00045289855072461194
breast_w,seed_1,1,0.75,0.9873188405797102,0.9363817097415507,0.95,0.004213410324994827,0.11260806985413106,503,80,192,419,0.9879981884057971,-0.0006793478260869179
breast_w,seed_1,2,0.75,0.9879981884057971,0.9493927125506073,0.9625,0.0030100468307167005,0.10852566090839513,494,80,192,419,0.9879981884057971,0.0
breast_w,seed_1,0,1.0,0.9866394927536231,0.8366533864541833,0.825,0.015635440553610956,0.1743415103537248,502,80,192,419,0.9879981884057971,-0.0013586956521740579
breast_w,seed_1,1,1.0,0.9884510869565216,0.814,0.8625,0.017111316967649805,0.19920689795499358,500,80,192,419,0.9879981884057971,0.0004528985507245009
breast_w,seed_1,2,1.0,0.9884510869565217,0.8531187122736419,0.8,0.011234820536975335,0.17042065560504166,497,80,192,419,0.9879981884057971,0.00045289855072461194
breast_w,seed_1,0,1.5,0.9898097826086957,0.6847389558232931,0.5625,0.036845172846093906,0.333531739047854,498,80,192,419,0.9879981884057971,0.0018115942028985588
breast_w,seed_1,1,1.5,0.9893568840579711,0.7367387033398821,0.6625,0.028343725342773324,0.3060419082347948,509,80,192,419,0.9879981884057971,0.0013586956521739468
breast_w,seed_1,2,1.5,0.9879981884057971,0.692156862745098,0.6875,0.04195437557888812,0.3086798786419873,510,80,192,419,0.9879981884057971,0.0
breast_w,seed_1,0,2.0,0.9895833333333334,0.646484375,0.575,0.04389655518936707,0.42729150396737314,512,80,192,419,0.9879981884057971,0.0015851449275362528
breast_w,seed_1,1,2.0,0.9902626811594203,0.6376237623762376,0.5,0.052543110542068755,0.47977270556958085,505,80,192,419,0.9879981884057971,0.0022644927536231707
breast_w,seed_1,2,2.0,0.988677536231884,0.6379647749510763,0.5875,0.05343427372146189,0.47095730753739445,511,80,192,419,0.9879981884057971,0.0006793478260869179
breast_w,seed_2,0,0.0,0.9879981884057971,1.0,1.0,0.0,0.0,499,80,192,419,0.9879981884057971,0.0
breast_w,seed_2,1,0.0,0.9879981884057971,1.0,1.0,0.0,0.0,499,80,192,419,0.9879981884057971,0.0
breast_w,seed_2,2,0.0,0.9879981884057971,1.0,1.0,0.0,0.0,499,80,192,419,0.9879981884057971,0.0
breast_w,seed_2,0,0.25,0.9879981884057971,1.0,1.0,0.0,0.03563220792356775,499,80,192,419,0.9879981884057971,0.0
breast_w,seed_2,1,0.25,0.9879981884057971,1.0,1.0,0.0,0.035700562276808456,499,80,192,419,0.9879981884057971,0.0
breast_w,seed_2,2,0.25,0.9879981884057971,1.0,1.0,0.0,0.03583999858672261,499,80,192,419,0.9879981884057971,0.0
breast_w,seed_2,0,0.49,0.9879981884057971,1.0,1.0,0.0,0.07039006449201332,499,80,192,419,0.9879981884057971,0.0
breast_w,seed_2,1,0.49,0.9879981884057971,1.0,1.0,0.0,0.06999731406161482,499,80,192,419,0.9879981884057971,0.0
breast_w,seed_2,2,0.49,0.9879981884057971,1.0,1.0,0.0,0.07020436049638006,499,80,192,419,0.9879981884057971,0.0
breast_w,seed_2,0,0.5,0.9879981884057971,1.0,1.0,0.0,0.07151998156493117,499,80,192,419,0.9879981884057971,0.0
breast_w,seed_2,1,0.5,0.9879981884057971,1.0,1.0,0.0,0.07171358222683401,499,80,192,419,0.9879981884057971,0.0
breast_w,seed_2,2,0.5,0.9879981884057971,1.0,1.0,0.0,0.0716037061655825,499,80,192,419,0.9879981884057971,0.0
breast_w,seed_2,0,0.75,0.9873188405797102,0.9404761904761905,0.9375,0.004486243822352509,0.10702931056007861,504,80,192,419,0.9879981884057971,-0.0006793478260869179
breast_w,seed_2,1,0.75,0.9879981884057971,0.9438877755511023,0.9375,0.005674858088465043,0.11005137573857281,499,80,192,419,0.9879981884057971,0.0
breast_w,seed_2,2,0.75,0.9882246376811594,0.9441117764471058,0.925,0.003959641114213801,0.11629753899963281,501,80,192,419,0.9879981884057971,0.00022644927536230597
breast_w,seed_2,0,1.0,0.9884510869565218,0.8163672654690619,0.6875,0.011907266361869522,0.1923773862760586,501,80,192,419,0.9879981884057971,0.00045289855072472296
breast_w,seed_2,1,1.0,0.9879981884057969,0.8790322580645161,0.8875,0.011132319725791207,0.16318772352445085,496,80,192,419,0.9879981884057971,-2.220446049250313e-16
breast_w,seed_2,2,1.0,0.9875452898550725,0.836,0.8875,0.013922874731501445,0.15966749347609183,500,80,192,419,0.9879981884057971,-0.00045289855072461194
breast_w,seed_2,0,1.5,0.9884510869565217,0.7153996101364523,0.675,0.03694892361050681,0.3303420435693637,513,80,192,419,0.9879981884057971,0.00045289855072461194
breast_w,seed_2,1,1.5,0.988677536231884,0.6986027944111777,0.7625,0.032820910356480576,0.26980673315557646,501,80,192,419,0.9879981884057971,0.0006793478260869179
breast_w,seed_2,2,1.5,0.9884510869565217,0.74,0.7875,0.03554293395072731,0.28205702273033123,500,80,192,419,0.9879981884057971,0.00045289855072461194
breast_w,seed_2,0,2.0,0.9870923913043478,0.6462450592885376,0.5625,0.046315737684529436,0.36459457128538786,506,80,192,419,0.9879981884057971,-0.0009057971014493349
breast_w,seed_2,1,2.0,0.9893568840579711,0.639763779527559,0.6625,0.05261611236495208,0.45467909391383293,508,80,192,419,0.9879981884057971,0.0013586956521739468
breast_w,seed_2,2,2.0,0.9884510869565218,0.6271844660194175,0.6,0.054111307918716864,0.5286715701491401,515,80,192,419,0.9879981884057971,0.00045289855072472296
credit_approval,seed_0,0,0.0,0.9604002554822226,1.0,1.0,0.0,0.0,499,80,192,414,0.9604002554822226,0.0
credit_approval,seed_0,1,0.0,0.9604002554822226,1.0,1.0,0.0,0.0,499,80,192,414,0.9604002554822226,0.0
credit_approval,seed_0,2,0.0,0.9604002554822226,1.0,1.0,0.0,0.0,499,80,192,414,0.9604002554822226,0.0
credit_approval,seed_0,0,0.25,0.9604002554822226,1.0,1.0,0.0,0.2118771903016093,499,80,192,414,0.9604002554822226,0.0
credit_approval,seed_0,1,0.25,0.9604002554822226,1.0,1.0,0.0,0.211864468954818,499,80,192,414,0.9604002554822226,0.0
credit_approval,seed_0,2,0.25,0.9604002554822226,1.0,1.0,0.0,0.21236836184023258,499,80,192,414,0.9604002554822226,0.0
credit_approval,seed_0,0,0.49,0.9604002554822226,1.0,1.0,0.0,0.4164662577315527,499,80,192,414,0.9604002554822226,0.0
credit_approval,seed_0,1,0.49,0.9604002554822226,1.0,1.0,0.0,0.41575253260981276,499,80,192,414,0.9604002554822226,0.0
credit_approval,seed_0,2,0.49,0.9604002554822226,1.0,1.0,0.0,0.41504785061346455,499,80,192,414,0.9604002554822226,0.0
credit_approval,seed_0,0,0.5,0.9604002554822226,1.0,1.0,0.0,0.4235272183179362,499,80,192,414,0.9604002554822226,0.0
credit_approval,seed_0,1,0.5,0.9604002554822226,1.0,1.0,0.0,0.4238955574688056,499,80,192,414,0.9604002554822226,0.0
credit_approval,seed_0,2,0.5,0.9604002554822226,1.0,1.0,0.0,0.4245446449729787,499,80,192,414,0.9604002554822226,0.0
credit_approval,seed_0,0,0.75,0.9616776665956994,0.927710843373494,0.8875,0.010923523807038257,0.8280656970624108,498,80,192,414,0.9604002554822226,0.0012774111134767896
credit_approval,seed_0,1,0.75,0.9614647647434533,0.9469387755102041,0.9125,0.011312668907819226,0.792834030947062,490,80,192,414,0.9604002554822226,0.001064509261230695
credit_approval,seed_0,2,0.75,0.9612518628912072,0.9204081632653062,0.875,0.014186206933186129,0.8426419928145477,490,80,192,414,0.9604002554822226,0.0008516074089846004
credit_approval,seed_0,0,1.0,0.9623163721524377,0.8694779116465864,0.8,0.023288591242296243,1.1197525395447956,498,80,192,414,0.9604002554822226,0.0019161166702150734
credit_approval,seed_0,1,1.0,0.9621034703001916,0.8551307847082495,0.825,0.03338118410648486,1.352757518384885,497,80,192,414,0.9604002554822226,0.0017032148179689788
credit_approval,seed_0,2,1.0,0.96274217585693,0.8841463414634146,0.8,0.031760799991799794,1.3739978458116247,492,80,192,414,0.9604002554822226,0.0023419203747073736
credit_approval,seed_0,0,1.5,0.9633808814136684,0.686,0.6875,0.057653552037187736,2.0879903356735086,500,80,192,414,0.9604002554822226,0.0029806259314457684
credit_approval,seed_0,1,1.5,0.9612518628912072,0.7012195121951219,0.6,0.06450701464136133,2.1782973241611687,492,80,192,414,0.9604002554822226,0.0008516074089846004
credit_approval,seed_0,2,1.5,0.9644453906748989,0.6957403651115619,0.6375,0.07130634089340977,2.340179413841699,493,80,192,414,0.9604002554822226,0.004045135192676241
credit_approval,seed_0,0,2.0,0.9676389184585905,0.5766129032258065,0.4,0.1368447416739688,3.631019040920985,496,80,192,414,0.9604002554822226,0.007238662976367882
credit_approval,seed_0,1,2.0,0.9676389184585906,0.5653061224489796,0.45,0.10380941945045274,2.8876987740228484,490,80,192,414,0.9604002554822226,0.007238662976367993
credit_approval,seed_0,2,2.0,0.9613583138173302,0.6032388663967612,0.5,0.11683540180779169,3.5201250835331668,494,80,192,414,0.9604002554822226,0.0009580583351075367
credit_approval,seed_1,0,0.0,0.9604002554822226,1.0,1.0,0.0,0.0,499,80,192,414,0.9604002554822226,0.0
credit_approval,seed_1,1,0.0,0.9604002554822226,1.0,1.0,0.0,0.0,499,80,192,414,0.9604002554822226,0.0
credit_approval,seed_1,2,0.0,0.9604002554822226,1.0,1.0,0.0,0.0,499,80,192,414,0.9604002554822226,0.0
credit_approval,seed_1,0,0.25,0.9604002554822226,1.0,1.0,0.0,0.2119034607495858,499,80,192,414,0.9604002554822226,0.0
credit_approval,seed_1,1,0.25,0.9604002554822226,1.0,1.0,0.0,0.21238691437574783,499,80,192,414,0.9604002554822226,0.0
credit_approval,seed_1,2,0.25,0.9604002554822226,1.0,1.0,0.0,0.21211574001650463,499,80,192,414,0.9604002554822226,0.0
credit_approval,seed_1,0,0.49,0.9604002554822226,1.0,1.0,0.0,0.41538508043945194,499,80,192,414,0.9604002554822226,0.0
credit_approval,seed_1,1,0.49,0.9604002554822226,1.0,1.0,0.0,0.4158393054872412,499,80,192,414,0.9604002554822226,0.0
credit_approval,seed_1,2,0.49,0.9604002554822226,1.0,1.0,0.0,0.41469845137165673,499,80,192,414,0.9604002554822226,0.0
credit_approval,seed_1,0,0.5,0.9604002554822226,1.0,1.0,0.0,0.42337649247533776,499,80,192,414,0.9604002554822226,0.0
credit_approval,seed_1,1,0.5,0.9604002554822226,1.0,1.0,0.0,0.4244378276742452,499,80,192,414,0.9604002554822226,0.0
credit_approval,seed_1,2,0.5,0.9604002554822226,1.0,1.0,0.0,0.4247401777190817,499,80,192,414,0.9604002554822226,0.0
credit_approval,seed_1,0,0.75,0.9612518628912071,0.936,0.9375,0.006788148738624827,0.7003374245282621,500,80,192,414,0.9604002554822226,0.0008516074089844894
credit_approval,seed_1,1,0.75,0.9621034703001917,0.9397590361445783,0.925,0.012260071390518953,0.8488358409420358,498,80,192,414,0.9604002554822226,0.0017032148179690898
credit_approval,seed_1,2,0.75,0.9629550777091761,0.9457831325301205,0.875,0.006089955968273835,0.694859834061849,498,80,192,414,0.9604002554822226,0.002554822226953468
credit_approval,seed_1,0,1.0,0.9635937832659144,0.8323108384458078,0.75,0.03386918843194081,1.3231463137588146,489,80,192,414,0.9604002554822226,0.003193527783691752
credit_approval,seed_1,1,1.0,0.9606131573344687,0.864,0.8875,0.02890435790776072,1.2857048750414373,500,80,192,414,0.9604002554822226,0.0002129018522460946
credit_approval,seed_1,2,1.0,0.9623163721524377,0.8565656565656565,0.85,0.0198062850828501,0.9453081704091282,495,80,192,414,0.9604002554822226,0.0019161166702150734
credit_approval,seed_1,0,1.5,0.9616776665956994,0.704225352112676,0.55,0.08097230338261333,2.553523707844342,497,80,192,414,0.9604002554822226,0.0012774111134767896
credit_approval,seed_1,1,1.5,0.9616776665956994,0.6936758893280632,0.6,0.08902101149951619,2.707077237987841,506,80,192,414,0.9604002554822226,0.0012774111134767896
credit_approval,seed_1,2,1.5,0.9608260591867148,0.7162698412698413,0.6625,0.05878547260093461,2.504353153093506,504,80,192,414,0.9604002554822226,0.0004258037044921892
credit_approval,seed_1,0,2.0,0.964658292527145,0.5564516129032258,0.5,0.15211035062729117,4.984591827252022,496,80,192,414,0.9604002554822226,0.004258037044922336
credit_approval,seed_1,1,2.0,0.9652969980838833,0.6180698151950719,0.5375,0.10350702407971422,3.777598407107582,487,80,192,414,0.9604002554822226,0.00489674260166062
credit_approval,seed_1,2,2.0,0.9667873110496061,0.6086105675146771,0.4625,0.10111394232505944,3.1212653462251523,511,80,192,414,0.9604002554822226,0.006387055567383504
credit_approval,seed_2,0,0.0,0.9604002554822226,1.0,1.0,0.0,0.0,499,80,192,414,0.9604002554822226,0.0
credit_approval,seed_2,1,0.0,0.9604002554822226,1.0,1.0,0.0,0.0,499,80,192,414,0.9604002554822226,0.0
credit_approval,seed_2,2,0.0,0.9604002554822226,1.0,1.0,0.0,0.0,499,80,192,414,0.9604002554822226,0.0
credit_approval,seed_2,0,0.25,0.9604002554822226,1.0,1.0,0.0,0.21171361625916812,499,80,192,414,0.9604002554822226,0.0
credit_approval,seed_2,1,0.25,0.9604002554822226,1.0,1.0,0.0,0.21235311918999475,499,80,192,414,0.9604002554822226,0.0
credit_approval,seed_2,2,0.25,0.9604002554822226,1.0,1.0,0.0,0.21234252031747516,499,80,192,414,0.9604002554822226,0.0
credit_approval,seed_2,0,0.49,0.9604002554822226,1.0,1.0,0.0,0.41610315801801606,499,80,192,414,0.9604002554822226,0.0
credit_approval,seed_2,1,0.49,0.9604002554822226,1.0,1.0,0.0,0.4168049702449749,499,80,192,414,0.9604002554822226,0.0
credit_approval,seed_2,2,0.49,0.9604002554822226,1.0,1.0,0.0,0.4159559179972593,499,80,192,414,0.9604002554822226,0.0
credit_approval,seed_2,0,0.5,0.9604002554822226,1.0,1.0,0.0,0.42269116094144715,499,80,192,414,0.9604002554822226,0.0
credit_approval,seed_2,1,0.5,0.9604002554822226,1.0,1.0,0.0,0.4246285138085999,499,80,192,414,0.9604002554822226,0.0
credit_approval,seed_2,2,0.5,0.9604002554822226,1.0,1.0,0.0,0.4234033737297599,499,80,192,414,0.9604002554822226,0.0
credit_approval,seed_2,0,0.75,0.9608260591867148,0.9278557114228457,0.9125,0.01126222681895385,0.7398276834091536,499,80,192,414,0.9604002554822226,0.0004258037044921892
credit_approval,seed_2,1,0.75,0.9618905684479455,0.9327902240325866,0.85,0.011044500927470644,0.8474154728770523,491,80,192,414,0.9604002554822226,0.0014903129657228842
credit_approval,seed_2,2,0.75,0.9621034703001916,0.9349593495934959,0.95,0.010767947543861213,0.7009485612274633,492,80,192,414,0.9604002554822226,0.0017032148179689788
credit_approval,seed_2,0,1.0,0.9623163721524377,0.856,0.8125,0.02240948541802881,1.040149058640553,500,80,192,414,0.9604002554822226,0.0019161166702150734
credit_approval,seed_2,1,1.0,0.9631679795614222,0.8012170385395537,0.7125,0.03946359258182293,1.274088909488658,493,80,192,414,0.9604002554822226,0.0027677240791995628
credit_approval,seed_2,2,1.0,0.9616776665956994,0.8517034068136272,0.775,0.0314084170532773,1.2314614942781996,499,80,192,414,0.9604002554822226,0.0012774111134767896
credit_approval,seed_2,0,1.5,0.9614647647434532,0.6693386773547094,0.5625,0.10121803749559098,3.0703224448915143,499,80,192,414,0.9604002554822226,0.001064509261230584
credit_approval,seed_2,1,1.5,0.9621034703001916,0.6898608349900597,0.6375,0.0722641186316144,2.131456787484247,503,80,192,414,0.9604002554822226,0.0017032148179689788
credit_approval,seed_2,2,1.5,0.9595486480732383,0.7309236947791165,0.6375,0.06335320260053777,1.929169736490218,498,80,192,414,0.9604002554822226,-0.0008516074089843784
credit_approval,seed_2,0,2.0,0.9627421758569299,0.5531062124248497,0.35,0.1432321571647058,4.340983946026571,499,80,192,414,0.9604002554822226,0.0023419203747072626
credit_approval,seed_2,1,2.0,0.964658292527145,0.5353535353535354,0.475,0.14197789841077693,4.920930474992077,495,80,192,414,0.9604002554822226,0.004258037044922336
credit_approval,seed_2,2,2.0,0.9678518203108367,0.5467196819085487,0.4125,0.14830426766481425,3.941356146655507,503,80,192,414,0.9604002554822226,0.007451564828614088
credit_g,seed_0,0,0.0,0.8270238095238095,1.0,1.0,0.0,0.0,481,80,192,600,0.8270238095238095,0.0
credit_g,seed_0,1,0.0,0.8270238095238095,1.0,1.0,0.0,0.0,481,80,192,600,0.8270238095238095,0.0
credit_g,seed_0,2,0.0,0.8270238095238095,1.0,1.0,0.0,0.0,481,80,192,600,0.8270238095238095,0.0
credit_g,seed_0,0,0.25,0.8270238095238095,1.0,1.0,0.0,0.04563043056186641,481,80,192,600,0.8270238095238095,0.0
credit_g,seed_0,1,0.25,0.8270238095238095,1.0,1.0,0.0,0.0457254278721974,481,80,192,600,0.8270238095238095,0.0
credit_g,seed_0,2,0.25,0.8270238095238095,1.0,1.0,0.0,0.04579177388080288,481,80,192,600,0.8270238095238095,0.0
credit_g,seed_0,0,0.49,0.8270238095238095,1.0,1.0,0.0,0.08982416594456269,481,80,192,600,0.8270238095238095,0.0
credit_g,seed_0,1,0.49,0.8270238095238095,1.0,1.0,0.0,0.0895269966920052,481,80,192,600,0.8270238095238095,0.0
credit_g,seed_0,2,0.49,0.8270238095238095,1.0,1.0,0.0,0.08967926782358918,481,80,192,600,0.8270238095238095,0.0
credit_g,seed_0,0,0.5,0.8270238095238095,1.0,1.0,0.0,0.091552535326532,481,80,192,600,0.8270238095238095,0.0
credit_g,seed_0,1,0.5,0.8270238095238095,1.0,1.0,0.0,0.09143171065856565,481,80,192,600,0.8270238095238095,0.0
credit_g,seed_0,2,0.5,0.8270238095238095,1.0,1.0,0.0,0.09165403752075826,481,80,192,600,0.8270238095238095,0.0
credit_g,seed_0,0,0.75,0.8273809523809524,0.9449152542372882,0.95,0.008888056305454481,0.13381756781281495,472,80,192,600,0.8270238095238095,0.0003571428571429447
credit_g,seed_0,1,0.75,0.8314285714285714,0.9297872340425531,0.9125,0.008954143196846792,0.1284356578005006,470,80,192,600,0.8270238095238095,0.004404761904761911
credit_g,seed_0,2,0.75,0.8255952380952382,0.9367088607594937,0.975,0.009439066753523627,0.13962550858081205,474,80,192,600,0.8270238095238095,-0.0014285714285713347
credit_g,seed_0,0,1.0,0.8263095238095239,0.8404255319148937,0.825,0.02628588904470048,0.18197672073709006,470,80,192,600,0.8270238095238095,-0.0007142857142855563
credit_g,seed_0,1,1.0,0.8282142857142858,0.8257261410788381,0.8,0.027132032878860294,0.2162362162781412,482,80,192,600,0.8270238095238095,0.0011904761904762973
credit_g,seed_0,2,1.0,0.8272619047619046,0.8520084566596194,0.9,0.021828030692610433,0.1969088939268544,473,80,192,600,0.8270238095238095,0.00023809523809514843
credit_g,seed_0,0,1.5,0.8297619047619046,0.678646934460888,0.6875,0.056226299264843335,0.31670230758494383,473,80,192,600,0.8270238095238095,0.002738095238095095
credit_g,seed_0,1,1.5,0.8319047619047619,0.7306034482758621,0.65,0.04272347480114018,0.3222123977865151,464,80,192,600,0.8270238095238095,0.00488095238095243
credit_g,seed_0,2,1.5,0.8303571428571429,0.7292110874200426,0.7875,0.05022953204814217,0.3193922956830084,469,80,192,600,0.8270238095238095,0.0033333333333334103
credit_g,seed_0,0,2.0,0.8223809523809524,0.5622317596566524,0.65,0.09343342935979952,0.4866856898573949,466,80,192,600,0.8270238095238095,-0.00464285714285706
credit_g,seed_0,1,2.0,0.825595238095238,0.652267818574514,0.6875,0.06726276561783134,0.4416671933221421,463,80,192,600,0.8270238095238095,-0.0014285714285714457
credit_g,seed_0,2,2.0,0.8188095238095239,0.5780590717299579,0.575,0.08736527578835687,0.48213653182211785,474,80,192,600,0.8270238095238095,-0.008214285714285618
credit_g,seed_1,0,0.0,0.8270238095238095,1.0,1.0,0.0,0.0,481,80,192,600,0.8270238095238095,0.0
credit_g,seed_1,1,0.0,0.8270238095238095,1.0,1.0,0.0,0.0,481,80,192,600,0.8270238095238095,0.0
credit_g,seed_1,2,0.0,0.8270238095238095,1.0,1.0,0.0,0.0,481,80,192,600,0.8270238095238095,0.0
credit_g,seed_1,0,0.25,0.8270238095238095,1.0,1.0,0.0,0.04560134292829833,481,80,192,600,0.8270238095238095,0.0
credit_g,seed_1,1,0.25,0.8270238095238095,1.0,1.0,0.0,0.04573819346920042,481,80,192,600,0.8270238095238095,0.0
credit_g,seed_1,2,0.25,0.8270238095238095,1.0,1.0,0.0,0.0456611625200952,481,80,192,600,0.8270238095238095,0.0
credit_g,seed_1,0,0.49,0.8270238095238095,1.0,1.0,0.0,0.08976809780456037,481,80,192,600,0.8270238095238095,0.0
credit_g,seed_1,1,0.49,0.8270238095238095,1.0,1.0,0.0,0.08954549771665873,481,80,192,600,0.8270238095238095,0.0
credit_g,seed_1,2,0.49,0.8270238095238095,1.0,1.0,0.0,0.08961494416759719,481,80,192,600,0.8270238095238095,0.0
credit_g,seed_1,0,0.5,0.8270238095238095,1.0,1.0,0.0,0.09130933447843771,481,80,192,600,0.8270238095238095,0.0
credit_g,seed_1,1,0.5,0.8270238095238095,1.0,1.0,0.0,0.09160880698476509,481,80,192,600,0.8270238095238095,0.0
credit_g,seed_1,2,0.5,0.8270238095238095,1.0,1.0,0.0,0.09132878371261817,481,80,192,600,0.8270238095238095,0.0
credit_g,seed_1,0,0.75,0.8254761904761906,0.9376344086021505,0.9875,0.007762244940644543,0.1358853756669027,465,80,192,600,0.8270238095238095,-0.001547619047618909
credit_g,seed_1,1,0.75,0.827857142857143,0.9123173277661796,0.95,0.012582943949221303,0.14496420384615313,479,80,192,600,0.8270238095238095,0.0008333333333334636
credit_g,seed_1,2,0.75,0.8317857142857142,0.9281183932346723,0.95,0.007586368199494535,0.13378271469981784,473,80,192,600,0.8270238095238095,0.004761904761904745
credit_g,seed_1,0,1.0,0.8278571428571428,0.8266384778012685,0.8375,0.03268120123561693,0.20946622298991596,473,80,192,600,0.8270238095238095,0.0008333333333333526
credit_g,seed_1,1,1.0,0.8225000000000001,0.84,0.875,0.025372539094140435,0.19051456913306603,475,80,192,600,0.8270238095238095,-0.0045238095238093745
credit_g,seed_1,2,1.0,0.8303571428571428,0.8574468085106383,0.8875,0.022950942216433498,0.20563106747661372,470,80,192,600,0.8270238095238095,0.0033333333333332993
credit_g,seed_1,0,1.5,0.8210714285714286,0.7091295116772823,0.7875,0.05849547535898079,0.3149655090732964,471,80,192,600,0.8270238095238095,-0.005952380952380931
credit_g,seed_1,1,1.5,0.8298809523809523,0.6731601731601732,0.675,0.059857642674187826,0.3301833393412693,462,80,192,600,0.8270238095238095,0.0028571428571427804
credit_g,seed_1,2,1.5,0.8311904761904763,0.6794055201698513,0.75,0.057059341687095075,0.31314237531827366,471,80,192,600,0.8270238095238095,0.004166666666666763
credit_g,seed_1,0,2.0,0.8232142857142858,0.5974025974025974,0.575,0.07686296538661071,0.48022013124599905,462,80,192,600,0.8270238095238095,-0.003809523809523707
credit_g,seed_1,1,2.0,0.8258333333333334,0.6077586206896551,0.575,0.08075781287821542,0.4985939314462156,464,80,192,600,0.8270238095238095,-0.0011904761904760752
credit_g,seed_1,2,2.0,0.8205952380952382,0.5902335456475584,0.625,0.07820073112333481,0.4561805048328725,471,80,192,600,0.8270238095238095,-0.006428571428571339
credit_g,seed_2,0,0.0,0.8270238095238095,1.0,1.0,0.0,0.0,481,80,192,600,0.8270238095238095,0.0
credit_g,seed_2,1,0.0,0.8270238095238095,1.0,1.0,0.0,0.0,481,80,192,600,0.8270238095238095,0.0
credit_g,seed_2,2,0.0,0.8270238095238095,1.0,1.0,0.0,0.0,481,80,192,600,0.8270238095238095,0.0
credit_g,seed_2,0,0.25,0.8270238095238095,1.0,1.0,0.0,0.04567292870026663,481,80,192,600,0.8270238095238095,0.0
credit_g,seed_2,1,0.25,0.8270238095238095,1.0,1.0,0.0,0.045781639596386224,481,80,192,600,0.8270238095238095,0.0
credit_g,seed_2,2,0.25,0.8270238095238095,1.0,1.0,0.0,0.045759523057001886,481,80,192,600,0.8270238095238095,0.0
credit_g,seed_2,0,0.49,0.8270238095238095,1.0,1.0,0.0,0.0897242445455244,481,80,192,600,0.8270238095238095,0.0
credit_g,seed_2,1,0.49,0.8270238095238095,1.0,1.0,0.0,0.0896675533181631,481,80,192,600,0.8270238095238095,0.0
credit_g,seed_2,2,0.49,0.8270238095238095,1.0,1.0,0.0,0.08976110176246609,481,80,192,600,0.8270238095238095,0.0
credit_g,seed_2,0,0.5,0.8270238095238095,1.0,1.0,0.0,0.09153512125673706,481,80,192,600,0.8270238095238095,0.0
credit_g,seed_2,1,0.5,0.8270238095238095,1.0,1.0,0.0,0.09144836557593784,481,80,192,600,0.8270238095238095,0.0
credit_g,seed_2,2,0.5,0.8270238095238095,1.0,1.0,0.0,0.09152451323099318,481,80,192,600,0.8270238095238095,0.0
credit_g,seed_2,0,0.75,0.8248809523809524,0.9206680584551148,0.95,0.013209219923860498,0.14062382743695032,479,80,192,600,0.8270238095238095,-0.002142857142857113
credit_g,seed_2,1,0.75,0.8310714285714286,0.951271186440678,0.9375,0.011733476746969888,0.12959377129721936,472,80,192,600,0.8270238095238095,0.004047619047619078
credit_g,seed_2,2,0.75,0.8300000000000001,0.9235668789808917,0.9875,0.012026582265174016,0.14024822024972272,471,80,192,600,0.8270238095238095,0.0029761904761905766
credit_g,seed_2,0,1.0,0.8234523809523809,0.832271762208068,0.8,0.030339859797864105,0.20517883168033438,471,80,192,600,0.8270238095238095,-0.0035714285714285587
credit_g,seed_2,1,1.0,0.8230952380952381,0.836864406779661,0.8875,0.025541333461611925,0.21091166916670867,472,80,192,600,0.8270238095238095,-0.003928571428571392
credit_g,seed_2,2,1.0,0.8161904761904762,0.8422174840085288,0.8625,0.02986217995261761,0.2074688382292909,469,80,192,600,0.8270238095238095,-0.01083333333333325
credit_g,seed_2,0,1.5,0.8271428571428571,0.7167019027484144,0.7875,0.042106139865807045,0.29077257302134746,473,80,192,600,0.8270238095238095,0.00011904761904757422
credit_g,seed_2,1,1.5,0.8310714285714286,0.70995670995671,0.8,0.04823200679258042,0.34693435595616734,462,80,192,600,0.8270238095238095,0.004047619047619078
credit_g,seed_2,2,1.5,0.8236904761904762,0.6926406926406926,0.6875,0.0608258249772272,0.31451908780977794,462,80,192,600,0.8270238095238095,-0.0033333333333332993
credit_g,seed_2,0,2.0,0.8276190476190476,0.6148936170212767,0.6375,0.08066796757528501,0.4288137461100889,470,80,192,600,0.8270238095238095,0.0005952380952380931
credit_g,seed_2,1,2.0,0.820595238095238,0.6217948717948718,0.65,0.07160045652564453,0.43282603373121126,468,80,192,600,0.8270238095238095,-0.00642857142857145
credit_g,seed_2,2,2.0,0.8236904761904762,0.5882352941176471,0.625,0.08796228198074439,0.49909623065605285,476,80,192,600,0.8270238095238095,-0.0033333333333332993
diabetes,seed_0,0,0.0,0.8616666666666667,1.0,1.0,0.0,0.0,523,80,192,460,0.8616666666666667,0.0
diabetes,seed_0,1,0.0,0.8616666666666667,1.0,1.0,0.0,0.0,523,80,192,460,0.8616666666666667,0.0
diabetes,seed_0,2,0.0,0.8616666666666667,1.0,1.0,0.0,0.0,523,80,192,460,0.8616666666666667,0.0
diabetes,seed_0,0,0.25,0.8616666666666667,1.0,1.0,0.0,0.029061671797127552,523,80,192,460,0.8616666666666667,0.0
diabetes,seed_0,1,0.25,0.8616666666666667,1.0,1.0,0.0,0.02906677995993415,523,80,192,460,0.8616666666666667,0.0
diabetes,seed_0,2,0.25,0.8616666666666667,1.0,1.0,0.0,0.029094876640669627,523,80,192,460,0.8616666666666667,0.0
diabetes,seed_0,0,0.49,0.8616666666666667,1.0,1.0,0.0,0.056966704269401654,523,80,192,460,0.8616666666666667,0.0
diabetes,seed_0,1,0.49,0.8616666666666667,1.0,1.0,0.0,0.056982983370499174,523,80,192,460,0.8616666666666667,0.0
diabetes,seed_0,2,0.49,0.8616666666666667,1.0,1.0,0.0,0.056976089192589396,523,80,192,460,0.8616666666666667,0.0
diabetes,seed_0,0,0.5,0.8616666666666667,1.0,1.0,0.0,0.05811245431145793,523,80,192,460,0.8616666666666667,0.0
diabetes,seed_0,1,0.5,0.8616666666666667,1.0,1.0,0.0,0.05820336614933975,523,80,192,460,0.8616666666666667,0.0
diabetes,seed_0,2,0.5,0.8616666666666667,1.0,1.0,0.0,0.05820370596048444,523,80,192,460,0.8616666666666667,0.0
diabetes,seed_0,0,0.75,0.8631481481481482,0.936046511627907,0.9375,0.005139852703833367,0.09426641553313161,516,80,192,460,0.8616666666666667,0.001481481481481528
diabetes,seed_0,1,0.75,0.865925925925926,0.9278937381404174,0.9625,0.005663567819881698,0.0937218463186453,527,80,192,460,0.8616666666666667,0.004259259259259296
diabetes,seed_0,2,0.75,0.8668518518518519,0.9483747609942639,0.9125,0.0045244067376960136,0.09190262103113424,523,80,192,460,0.8616666666666667,0.005185185185185182
diabetes,seed_0,0,1.0,0.8677777777777778,0.8524904214559387,0.8125,0.01441444671099835,0.12494780214793584,522,80,192,460,0.8616666666666667,0.006111111111111067
diabetes,seed_0,1,1.0,0.8651851851851853,0.8579545454545454,0.8125,0.01179379537315282,0.1330648931847119,528,80,192,460,0.8616666666666667,0.0035185185185185874
diabetes,seed_0,2,1.0,0.8612962962962962,0.8786692759295499,0.8625,0.01326834468819364,0.13497872401259176,511,80,192,460,0.8616666666666667,-0.0003703703703704653
diabetes,seed_0,0,1.5,0.861111111111111,0.7586206896551724,0.75,0.026818184847781278,0.21754657847662678,522,80,192,460,0.8616666666666667,-0.0005555555555556424
diabetes,seed_0,1,1.5,0.8624074074074074,0.7254901960784313,0.75,0.03634197065504991,0.22695648806844648,510,80,192,460,0.8616666666666667,0.0007407407407407085
diabetes,seed_0,2,1.5,0.8587037037037037,0.6878612716763006,0.6875,0.04075072352341031,0.23249336125767872,519,80,192,460,0.8616666666666667,-0.002962962962962945
diabetes,seed_0,0,2.0,0.8664814814814815,0.5719844357976653,0.575,0.05663778959223433,0.298255039057061,514,80,192,460,0.8616666666666667,0.004814814814814827
diabetes,seed_0,1,2.0,0.8657407407407407,0.6577437858508605,0.675,0.04761913487036408,0.29668221678278034,523,80,192,460,0.8616666666666667,0.004074074074074008
diabetes,seed_0,2,2.0,0.8642592592592593,0.650853889943074,0.5875,0.056358736646939814,0.31374847017033736,527,80,192,460,0.8616666666666667,0.002592592592592591
diabetes,seed_1,0,0.0,0.8616666666666667,1.0,1.0,0.0,0.0,523,80,192,460,0.8616666666666667,0.0
diabetes,seed_1,1,0.0,0.8616666666666667,1.0,1.0,0.0,0.0,523,80,192,460,0.8616666666666667,0.0
diabetes,seed_1,2,0.0,0.8616666666666667,1.0,1.0,0.0,0.0,523,80,192,460,0.8616666666666667,0.0
diabetes,seed_1,0,0.25,0.8616666666666667,1.0,1.0,0.0,0.02910000201932386,523,80,192,460,0.8616666666666667,0.0
diabetes,seed_1,1,0.25,0.8616666666666667,1.0,1.0,0.0,0.029098571640467533,523,80,192,460,0.8616666666666667,0.0
diabetes,seed_1,2,0.25,0.8616666666666667,1.0,1.0,0.0,0.02909238434569736,523,80,192,460,0.8616666666666667,0.0
diabetes,seed_1,0,0.49,0.8616666666666667,1.0,1.0,0.0,0.05700854366955306,523,80,192,460,0.8616666666666667,0.0
diabetes,seed_1,1,0.49,0.8616666666666667,1.0,1.0,0.0,0.057039851206195404,523,80,192,460,0.8616666666666667,0.0
diabetes,seed_1,2,0.49,0.8616666666666667,1.0,1.0,0.0,0.05691013337091173,523,80,192,460,0.8616666666666667,0.0
diabetes,seed_1,0,0.5,0.8616666666666667,1.0,1.0,0.0,0.05816768330321922,523,80,192,460,0.8616666666666667,0.0
diabetes,seed_1,1,0.5,0.8616666666666667,1.0,1.0,0.0,0.05821822821925717,523,80,192,460,0.8616666666666667,0.0
diabetes,seed_1,2,0.5,0.8616666666666667,1.0,1.0,0.0,0.058198936546442294,523,80,192,460,0.8616666666666667,0.0
diabetes,seed_1,0,0.75,0.8642592592592593,0.9372623574144486,0.9125,0.0049167843195978755,0.09667086766419308,526,80,192,460,0.8616666666666667,0.002592592592592591
diabetes,seed_1,1,0.75,0.864074074074074,0.9487666034155597,0.9375,0.004562102873854631,0.0935397280512656,527,80,192,460,0.8616666666666667,0.0024074074074073026
diabetes,seed_1,2,0.75,0.8651851851851852,0.9464627151051626,0.9625,0.005271110672426818,0.10185343614450154,523,80,192,460,0.8616666666666667,0.0035185185185184764
diabetes,seed_1,0,1.0,0.862037037037037,0.8536121673003803,0.875,0.015266948846649109,0.13580061261277918,526,80,192,460,0.8616666666666667,0.00037037037037035425
diabetes,seed_1,1,1.0,0.8605555555555555,0.8438095238095238,0.8375,0.012459698181702625,0.1261242715876325,525,80,192,460,0.8616666666666667,-0.0011111111111111738
diabetes,seed_1,2,1.0,0.8616666666666666,0.836852207293666,0.9,0.018225716528981816,0.14124537456897696,521,80,192,460,0.8616666666666667,-1.1102230246251565e-16
diabetes,seed_1,0,1.5,0.8683333333333334,0.7115384615384616,0.6625,0.0330614366985193,0.21444588612143728,520,80,192,460,0.8616666666666667,0.00666666666666671
diabetes,seed_1,1,1.5,0.8605555555555555,0.6986564299424184,0.775,0.03634865573516826,0.20109313380704866,521,80,192,460,0.8616666666666667,-0.0011111111111111738
diabetes,seed_1,2,1.5,0.8598148148148148,0.6732283464566929,0.5625,0.042923210422176866,0.2228264674686684,508,80,192,460,0.8616666666666667,-0.0018518518518518823
diabetes,seed_1,0,2.0,0.8574074074074074,0.5870841487279843,0.5375,0.06198259408055952,0.3221725479199902,511,80,192,460,0.8616666666666667,-0.004259259259259296
diabetes,seed_1,1,2.0,0.8605555555555555,0.6576402321083172,0.6875,0.05032392444540249,0.28649461162319384,517,80,192,460,0.8616666666666667,-0.0011111111111111738
diabetes,seed_1,2,2.0,0.8625925925925926,0.6724137931034483,0.6625,0.049962236459327125,0.2787455915721257,522,80,192,460,0.8616666666666667,0.0009259259259258856
diabetes,seed_2,0,0.0,0.8616666666666667,1.0,1.0,0.0,0.0,523,80,192,460,0.8616666666666667,0.0
diabetes,seed_2,1,0.0,0.8616666666666667,1.0,1.0,0.0,0.0,523,80,192,460,0.8616666666666667,0.0
diabetes,seed_2,2,0.0,0.8616666666666667,1.0,1.0,0.0,0.0,523,80,192,460,0.8616666666666667,0.0
diabetes,seed_2,0,0.25,0.8616666666666667,1.0,1.0,0.0,0.029043572681987182,523,80,192,460,0.8616666666666667,0.0
diabetes,seed_2,1,0.25,0.8616666666666667,1.0,1.0,0.0,0.029051462400258823,523,80,192,460,0.8616666666666667,0.0
diabetes,seed_2,2,0.25,0.8616666666666667,1.0,1.0,0.0,0.0290755797094533,523,80,192,460,0.8616666666666667,0.0
diabetes,seed_2,0,0.49,0.8616666666666667,1.0,1.0,0.0,0.05702351187222582,523,80,192,460,0.8616666666666667,0.0
diabetes,seed_2,1,0.49,0.8616666666666667,1.0,1.0,0.0,0.05707267038470612,523,80,192,460,0.8616666666666667,0.0
diabetes,seed_2,2,0.49,0.8616666666666667,1.0,1.0,0.0,0.057056075773879174,523,80,192,460,0.8616666666666667,0.0
diabetes,seed_2,0,0.5,0.8616666666666667,1.0,1.0,0.0,0.058084933308665654,523,80,192,460,0.8616666666666667,0.0
diabetes,seed_2,1,0.5,0.8616666666666667,1.0,1.0,0.0,0.058181456704063404,523,80,192,460,0.8616666666666667,0.0
diabetes,seed_2,2,0.5,0.8616666666666667,1.0,1.0,0.0,0.05815471277194268,523,80,192,460,0.8616666666666667,0.0
diabetes,seed_2,0,0.75,0.8657407407407407,0.9289827255278311,0.8875,0.006103062644202715,0.09601409433510101,521,80,192,460,0.8616666666666667,0.004074074074074008
diabetes,seed_2,1,0.75,0.8642592592592592,0.9348659003831418,0.9625,0.006225477285000391,0.102110756750685,522,80,192,460,0.8616666666666667,0.0025925925925924798
diabetes,seed_2,2,0.75,0.8607407407407408,0.9395085066162571,0.975,0.004005637528013767,0.09163588526121054,529,80,192,460,0.8616666666666667,-0.0009259259259258856
diabetes,seed_2,0,1.0,0.8674074074074074,0.8449612403100775,0.85,0.018744861134521344,0.13238031441478687,516,80,192,460,0.8616666666666667,0.005740740740740713
diabetes,seed_2,1,1.0,0.8651851851851851,0.8480769230769231,0.825,0.015113103878524218,0.13260209917520918,520,80,192,460,0.8616666666666667,0.0035185185185183654
diabetes,seed_2,2,1.0,0.8683333333333333,0.8565965583173997,0.8875,0.01657500348251101,0.13444915680353245,523,80,192,460,0.8616666666666667,0.006666666666666599
diabetes,seed_2,0,1.5,0.8633333333333333,0.7096153846153846,0.7,0.034300133358657475,0.20608055267599473,520,80,192,460,0.8616666666666667,0.0016666666666665941
diabetes,seed_2,1,1.5,0.8624074074074074,0.7388781431334622,0.7375,0.0378540837421558,0.20970670070592226,517,80,192,460,0.8616666666666667,0.0007407407407407085
diabetes,seed_2,2,1.5,0.867037037037037,0.735632183908046,0.7,0.031522554070607084,0.22396030124652203,522,80,192,460,0.8616666666666667,0.005370370370370359
diabetes,seed_2,0,2.0,0.8677777777777778,0.6314779270633397,0.7875,0.05425596967555803,0.3026589610396951,521,80,192,460,0.8616666666666667,0.006111111111111067
diabetes,seed_2,1,2.0,0.8638888888888888,0.6027131782945736,0.575,0.06677215395873551,0.3315921511992814,516,80,192,460,0.8616666666666667,0.0022222222222221255
diabetes,seed_2,2,2.0,0.8653703703703703,0.6417624521072797,0.625,0.05328107534223658,0.31584195669212284,522,80,192,460,0.8616666666666667,0.0037037037037036535
electricity,seed_0,0,0.0,0.8918562120683069,1.0,1.0,0.0,0.0,557,80,192,12000,0.8918562120683069,0.0
electricity,seed_0,1,0.0,0.8918562120683069,1.0,1.0,0.0,0.0,557,80,192,12000,0.8918562120683069,0.0
electricity,seed_0,2,0.0,0.8918562120683069,1.0,1.0,0.0,0.0,557,80,192,12000,0.8918562120683069,0.0
electricity,seed_0,0,0.25,0.8918562120683069,1.0,1.0,0.0,0.3540642315346162,557,80,192,12000,0.8918562120683069,0.0
electricity,seed_0,1,0.25,0.8918562120683069,1.0,1.0,0.0,0.3539702893112917,557,80,192,12000,0.8918562120683069,0.0
electricity,seed_0,2,0.25,0.8918562120683069,1.0,1.0,0.0,0.35404423950053227,557,80,192,12000,0.8918562120683069,0.0
electricity,seed_0,0,0.49,0.8918562120683069,1.0,1.0,0.0,0.6943125632740874,557,80,192,12000,0.8918562120683069,0.0
electricity,seed_0,1,0.49,0.8918562120683069,1.0,1.0,0.0,0.6939724827964724,557,80,192,12000,0.8918562120683069,0.0
electricity,seed_0,2,0.49,0.8918562120683069,1.0,1.0,0.0,0.6936933513168095,557,80,192,12000,0.8918562120683069,0.0
electricity,seed_0,0,0.5,0.8918562120683069,1.0,1.0,0.0,0.7080588820338818,557,80,192,12000,0.8918562120683069,0.0
electricity,seed_0,1,0.5,0.8918562120683069,1.0,1.0,0.0,0.7084439972832361,557,80,192,12000,0.8918562120683069,0.0
electricity,seed_0,2,0.5,0.8918562120683069,1.0,1.0,0.0,0.7078719530042835,557,80,192,12000,0.8918562120683069,0.0
electricity,seed_0,0,0.75,0.8915990675728118,0.9244604316546763,0.8625,0.007222582065028908,1.109740134954374,556,80,192,12000,0.8918562120683069,-0.00025714449549507634
electricity,seed_0,1,0.75,0.8916256907958398,0.9406474820143885,0.9375,0.006292195806723212,1.1067468978241473,556,80,192,12000,0.8918562120683069,-0.0002305212724671435
electricity,seed_0,2,0.75,0.892241352828359,0.9534883720930233,0.9375,0.0036479669414637293,1.106146310168358,559,80,192,12000,0.8918562120683069,0.0003851407600521384
electricity,seed_0,0,1.0,0.8921264121827868,0.829136690647482,0.8125,0.020452785516556223,1.519845494738398,556,80,192,12000,0.8918562120683069,0.00027020011447986825
electricity,seed_0,1,1.0,0.890946926604894,0.8276481149012568,0.825,0.02132776214188709,1.6162333262073116,557,80,192,12000,0.8918562120683069,-0.0009092854634128456
electricity,seed_0,2,1.0,0.8915428772126714,0.8491921005385996,0.8625,0.018614155540269572,1.6028525218579597,557,80,192,12000,0.8918562120683069,-0.0003133348556354498
electricity,seed_0,0,1.5,0.89259500650733,0.6816546762589928,0.775,0.04576365703772511,2.826420691956725,556,80,192,12000,0.8918562120683069,0.0007387944390231382
electricity,seed_0,1,1.5,0.8915102381652094,0.7124773960216998,0.7625,0.04371188342410481,2.6540261693714324,553,80,192,12000,0.8918562120683069,-0.0003459739030975406
electricity,seed_0,2,1.5,0.891683417111155,0.6989247311827957,0.7,0.04539474082510462,2.7618975728751853,558,80,192,12000,0.8918562120683069,-0.00017279495715194493
electricity,seed_0,0,2.0,0.8908034427923257,0.6175942549371634,0.6375,0.0643553992960281,4.099604903213162,557,80,192,12000,0.8918562120683069,-0.0010527692759811913
electricity,seed_0,1,2.0,0.8918297168415437,0.6330935251798561,0.6625,0.05321076426730939,3.7836704979256752,556,80,192,12000,0.8918562120683069,-2.649522676323457e-05
electricity,seed_0,2,2.0,0.8913316833761524,0.5971223021582733,0.625,0.06541776203599173,3.9701589678385183,556,80,192,12000,0.8918562120683069,-0.000524528692154469
electricity,seed_1,0,0.0,0.8918562120683069,1.0,1.0,0.0,0.0,557,80,192,12000,0.8918562120683069,0.0
electricity,seed_1,1,0.0,0.8918562120683069,1.0,1.0,0.0,0.0,557,80,192,12000,0.8918562120683069,0.0
electricity,seed_1,2,0.0,0.8918562120683069,1.0,1.0,0.0,0.0,557,80,192,12000,0.8918562120683069,0.0
electricity,seed_1,0,0.25,0.8918562120683069,1.0,1.0,0.0,0.35384579011623524,557,80,192,12000,0.8918562120683069,0.0
electricity,seed_1,1,0.25,0.8918562120683069,1.0,1.0,0.0,0.35403659158667744,557,80,192,12000,0.8918562120683069,0.0
electricity,seed_1,2,0.25,0.8918562120683069,1.0,1.0,0.0,0.3540313300305253,557,80,192,12000,0.8918562120683069,0.0
electricity,seed_1,0,0.49,0.8918562120683069,1.0,1.0,0.0,0.6938243633568089,557,80,192,12000,0.8918562120683069,0.0
electricity,seed_1,1,0.49,0.8918562120683069,1.0,1.0,0.0,0.6942969488283516,557,80,192,12000,0.8918562120683069,0.0
electricity,seed_1,2,0.49,0.8918562120683069,1.0,1.0,0.0,0.693386878375077,557,80,192,12000,0.8918562120683069,0.0
electricity,seed_1,0,0.5,0.8918562120683069,1.0,1.0,0.0,0.7077045453345235,557,80,192,12000,0.8918562120683069,0.0
electricity,seed_1,1,0.5,0.8918562120683069,1.0,1.0,0.0,0.7083544683590823,557,80,192,12000,0.8918562120683069,0.0
electricity,seed_1,2,0.5,0.8918562120683069,1.0,1.0,0.0,0.7073472290429829,557,80,192,12000,0.8918562120683069,0.0
electricity,seed_1,0,0.75,0.8921571312862805,0.910394265232975,0.9,0.01136752822414388,1.1751690900768463,558,80,192,12000,0.8918562120683069,0.0003009192179735942
electricity,seed_1,1,0.75,0.891869523679821,0.9192100538599641,0.9375,0.00840195184870914,1.2028867000331414,557,80,192,12000,0.8918562120683069,1.3311611514077448e-05
electricity,seed_1,2,0.75,0.8912862447022347,0.9551166965888689,0.9625,0.004271541686978393,1.1216201457220092,557,80,192,12000,0.8918562120683069,-0.0005699673660721771
electricity,seed_1,0,1.0,0.8920930051577375,0.8172043010752689,0.85,0.020804392963201215,1.7244386787973511,558,80,192,12000,0.8918562120683069,0.00023679308943058697
electricity,seed_1,1,1.0,0.8923367100454539,0.8527827648114902,0.8875,0.019696736213754073,1.5148611833284396,557,80,192,12000,0.8918562120683069,0.0004804979771469986
electricity,seed_1,2,1.0,0.8919107384770082,0.8707360861759426,0.825,0.013762104551145713,1.5794419562934618,557,80,192,12000,0.8918562120683069,5.4526408701294216e-05
electricity,seed_1,0,1.5,0.8918824513025412,0.7176258992805755,0.75,0.044834587242815124,2.7688775967731365,556,80,192,12000,0.8918562120683069,2.6239234234282094e-05
electricity,seed_1,1,1.5,0.8916611457611221,0.6744604316546763,0.75,0.04995371242972132,2.862469694932778,556,80,192,12000,0.8918562120683069,-0.00019506630718479911
electricity,seed_1,2,1.5,0.8912161027492574,0.7096774193548387,0.7375,0.039646010325874274,2.4486301680382963,558,80,192,12000,0.8918562120683069,-0.0006401093190494533
electricity,seed_1,0,2.0,0.8903857909810761,0.5931899641577061,0.625,0.06379063554351945,3.8417931152735094,558,80,192,12000,0.8918562120683069,-0.0014704210872308332
electricity,seed_1,1,2.0,0.8906599589797572,0.5809352517985612,0.5875,0.06013784910834326,4.630986044906756,556,80,192,12000,0.8918562120683069,-0.001196253088549648
electricity,seed_1,2,2.0,0.8909720138727473,0.6064400715563506,0.625,0.06245979380751235,4.193222605256409,559,80,192,12000,0.8918562120683069,-0.0008841981955596268
electricity,seed_2,0,0.0,0.8918562120683069,1.0,1.0,0.0,0.0,557,80,192,12000,0.8918562120683069,0.0
electricity,seed_2,1,0.0,0.8918562120683069,1.0,1.0,0.0,0.0,557,80,192,12000,0.8918562120683069,0.0
electricity,seed_2,2,0.0,0.8918562120683069,1.0,1.0,0.0,0.0,557,80,192,12000,0.8918562120683069,0.0
electricity,seed_2,0,0.25,0.8918562120683069,1.0,1.0,0.0,0.35367271217800944,557,80,192,12000,0.8918562120683069,0.0
electricity,seed_2,1,0.25,0.8918562120683069,1.0,1.0,0.0,0.3540096146333724,557,80,192,12000,0.8918562120683069,0.0
electricity,seed_2,2,0.25,0.8918562120683069,1.0,1.0,0.0,0.35401442051011706,557,80,192,12000,0.8918562120683069,0.0
electricity,seed_2,0,0.49,0.8918562120683069,1.0,1.0,0.0,0.6942105826389365,557,80,192,12000,0.8918562120683069,0.0
electricity,seed_2,1,0.49,0.8918562120683069,1.0,1.0,0.0,0.6938148090220512,557,80,192,12000,0.8918562120683069,0.0
electricity,seed_2,2,0.49,0.8918562120683069,1.0,1.0,0.0,0.6936835565674813,557,80,192,12000,0.8918562120683069,0.0
electricity,seed_2,0,0.5,0.8918562120683069,1.0,1.0,0.0,0.7072578990922324,557,80,192,12000,0.8918562120683069,0.0
electricity,seed_2,1,0.5,0.8918562120683069,1.0,1.0,0.0,0.7080274999884054,557,80,192,12000,0.8918562120683069,0.0
electricity,seed_2,2,0.5,0.8918562120683069,1.0,1.0,0.0,0.707965170189846,557,80,192,12000,0.8918562120683069,0.0
electricity,seed_2,0,0.75,0.8911057699692092,0.946236559139785,0.925,0.004884380017261858,1.0696867073807752,558,80,192,12000,0.8918562120683069,-0.0007504420990976923
electricity,seed_2,1,0.75,0.8914404802010258,0.9281867145421903,0.9625,0.008905852109220921,1.1524333992932612,557,80,192,12000,0.8918562120683069,-0.00041573186728105505
electricity,seed_2,2,0.75,0.8917191280689665,0.931899641577061,0.9625,0.008349487152210363,1.0814850590537242,558,80,192,12000,0.8918562120683069,-0.00013708399934042603
electricity,seed_2,0,1.0,0.8914604476182967,0.8389982110912343,0.8625,0.016983750425172767,1.6510657460679483,559,80,192,12000,0.8918562120683069,-0.00039576445001021643
electricity,seed_2,1,1.0,0.8914376642832056,0.833634719710669,0.8125,0.021804554875926738,1.607475051205463,553,80,192,12000,0.8918562120683069,-0.00041854778510130863
electricity,seed_2,2,1.0,0.8921260281939932,0.8387096774193549,0.8,0.017181986603879346,1.690708904136125,558,80,192,12000,0.8918562120683069,0.0002698161256863285
electricity,seed_2,0,1.5,0.8907121814556964,0.7048300536672629,0.7,0.041747609936489335,2.7829532686765885,559,80,192,12000,0.8918562120683069,-0.0011440306126104804
electricity,seed_2,1,1.5,0.8917323116842157,0.6797853309481217,0.7375,0.04301055681630295,2.7545111669061737,559,80,192,12000,0.8918562120683069,-0.0001239003840911579
electricity,seed_2,2,1.5,0.8910456117248673,0.6935483870967742,0.6375,0.04161802207750896,2.733505234090232,558,80,192,12000,0.8918562120683069,-0.0008106003434396047
electricity,seed_2,0,2.0,0.8915290536160994,0.59245960502693,0.5875,0.058569175657745304,3.8677641249105044,557,80,192,12000,0.8918562120683069,-0.00032715845220754325
electricity,seed_2,1,2.0,0.8913699542592548,0.5967741935483871,0.7,0.06665867780863262,3.678793200427517,558,80,192,12000,0.8918562120683069,-0.00048625780905209304
electricity,seed_2,2,2.0,0.8899069569553681,0.5806451612903226,0.55,0.06808614259401956,4.092824689656387,558,80,192,12000,0.8918562120683069,-0.0019492551129387525
gametes_epistasis_2_way_1000atts_0_4h_edm_1_edm_1_1,seed_0,0,0.0,0.5230468749999999,1.0,1.0,0.0,0.0,507,80,192,960,0.5230468749999999,0.0
gametes_epistasis_2_way_1000atts_0_4h_edm_1_edm_1_1,seed_0,1,0.0,0.5230468749999999,1.0,1.0,0.0,0.0,507,80,192,960,0.5230468749999999,0.0
gametes_epistasis_2_way_1000atts_0_4h_edm_1_edm_1_1,seed_0,2,0.0,0.5230468749999999,1.0,1.0,0.0,0.0,507,80,192,960,0.5230468749999999,0.0
gametes_epistasis_2_way_1000atts_0_4h_edm_1_edm_1_1,seed_0,0,0.25,0.5230468749999999,1.0,1.0,0.0,0.053891095976293414,507,80,192,960,0.5230468749999999,0.0
gametes_epistasis_2_way_1000atts_0_4h_edm_1_edm_1_1,seed_0,1,0.25,0.5230468749999999,1.0,1.0,0.0,0.05405411452259367,507,80,192,960,0.5230468749999999,0.0
gametes_epistasis_2_way_1000atts_0_4h_edm_1_edm_1_1,seed_0,2,0.25,0.5230468749999999,1.0,1.0,0.0,0.05407610914370375,507,80,192,960,0.5230468749999999,0.0
gametes_epistasis_2_way_1000atts_0_4h_edm_1_edm_1_1,seed_0,0,0.49,0.5230468749999999,1.0,1.0,0.0,0.10621072879120155,507,80,192,960,0.5230468749999999,0.0
gametes_epistasis_2_way_1000atts_0_4h_edm_1_edm_1_1,seed_0,1,0.49,0.5230468749999999,1.0,1.0,0.0,0.10620608960460527,507,80,192,960,0.5230468749999999,0.0
gametes_epistasis_2_way_1000atts_0_4h_edm_1_edm_1_1,seed_0,2,0.49,0.5230468749999999,1.0,1.0,0.0,0.10558580213555539,507,80,192,960,0.5230468749999999,0.0
gametes_epistasis_2_way_1000atts_0_4h_edm_1_edm_1_1,seed_0,0,0.5,0.5230468749999999,1.0,1.0,0.0,0.10777511765326589,507,80,192,960,0.5230468749999999,0.0
gametes_epistasis_2_way_1000atts_0_4h_edm_1_edm_1_1,seed_0,1,0.5,0.5230468749999999,1.0,1.0,0.0,0.10751680561651311,507,80,192,960,0.5230468749999999,0.0
gametes_epistasis_2_way_1000atts_0_4h_edm_1_edm_1_1,seed_0,2,0.5,0.5230468749999999,1.0,1.0,0.0,0.10823594380093825,507,80,192,960,0.5230468749999999,0.0
gametes_epistasis_2_way_1000atts_0_4h_edm_1_edm_1_1,seed_0,0,0.75,0.5406640625,0.9465346534653465,0.9875,0.0067726515587753135,0.17986369228813853,505,80,192,960,0.5230468749999999,0.017617187500000075
gametes_epistasis_2_way_1000atts_0_4h_edm_1_edm_1_1,seed_0,1,0.75,0.5315234375,0.9299610894941635,0.95,0.012922340007013226,0.18899086282164518,514,80,192,960,0.5230468749999999,0.008476562500000062
gametes_epistasis_2_way_1000atts_0_4h_edm_1_edm_1_1,seed_0,2,0.75,0.529921875,0.924901185770751,0.95,0.01039476822368741,0.1781512306322804,506,80,192,960,0.5230468749999999,0.0068750000000000755
gametes_epistasis_2_way_1000atts_0_4h_edm_1_edm_1_1,seed_0,0,1.0,0.5262109375,0.8568627450980392,0.85,0.023045585543355944,0.25417787411010206,510,80,192,960,0.5230468749999999,0.00316406250000012
gametes_epistasis_2_way_1000atts_0_4h_edm_1_edm_1_1,seed_0,1,1.0,0.5142968750000001,0.8467583497053045,0.85,0.024243497338242836,0.2512003993305045,509,80,192,960,0.5230468749999999,-0.008749999999999813
gametes_epistasis_2_way_1000atts_0_4h_edm_1_edm_1_1,seed_0,2,1.0,0.5257421875,0.8379446640316206,0.8125,0.02539990911364791,0.24403116296005764,506,80,192,960,0.5230468749999999,0.002695312500000102
gametes_epistasis_2_way_1000atts_0_4h_edm_1_edm_1_1,seed_0,0,1.5,0.5305859374999999,0.6893787575150301,0.7,0.06146673510735265,0.4362536101110316,499,80,192,960,0.5230468749999999,0.007539062500000027
gametes_epistasis_2_way_1000atts_0_4h_edm_1_edm_1_1,seed_0,1,1.5,0.5208593749999999,0.67578125,0.7625,0.07282275426550945,0.5070917319246455,512,80,192,960,0.5230468749999999,-0.002187500000000009
gametes_epistasis_2_way_1000atts_0_4h_edm_1_edm_1_1,seed_0,2,1.5,0.5194921875,0.6731898238747553,0.725,0.0672280721385358,0.4620313758840874,511,80,192,960,0.5230468749999999,-0.0035546874999998757
gametes_epistasis_2_way_1000atts_0_4h_edm_1_edm_1_1,seed_0,0,2.0,0.5197265625,0.58,0.6125,0.10386019743400322,0.6714898202240763,500,80,192,960,0.5230468749999999,-0.0033203124999998668
gametes_epistasis_2_way_1000atts_0_4h_edm_1_edm_1_1,seed_0,1,2.0,0.5142578125,0.6349206349206349,0.6125,0.07728522915193704,0.6583998866287275,504,80,192,960,0.5230468749999999,-0.008789062499999889
gametes_epistasis_2_way_1000atts_0_4h_edm_1_edm_1_1,seed_0,2,2.0,0.5337890625000001,0.5366336633663367,0.5375,0.10132980247471969,0.6620494607401404,505,80,192,960,0.5230468749999999,0.010742187500000222
gametes_epistasis_2_way_1000atts_0_4h_edm_1_edm_1_1,seed_1,0,0.0,0.5230468749999999,1.0,1.0,0.0,0.0,507,80,192,960,0.5230468749999999,0.0
gametes_epistasis_2_way_1000atts_0_4h_edm_1_edm_1_1,seed_1,1,0.0,0.5230468749999999,1.0,1.0,0.0,0.0,507,80,192,960,0.5230468749999999,0.0
gametes_epistasis_2_way_1000atts_0_4h_edm_1_edm_1_1,seed_1,2,0.0,0.5230468749999999,1.0,1.0,0.0,0.0,507,80,192,960,0.5230468749999999,0.0
gametes_epistasis_2_way_1000atts_0_4h_edm_1_edm_1_1,seed_1,0,0.25,0.5230468749999999,1.0,1.0,0.0,0.054144023685645803,507,80,192,960,0.5230468749999999,0.0
gametes_epistasis_2_way_1000atts_0_4h_edm_1_edm_1_1,seed_1,1,0.25,0.5230468749999999,1.0,1.0,0.0,0.05404153192958803,507,80,192,960,0.5230468749999999,0.0
gametes_epistasis_2_way_1000atts_0_4h_edm_1_edm_1_1,seed_1,2,0.25,0.5230468749999999,1.0,1.0,0.0,0.05396419482365648,507,80,192,960,0.5230468749999999,0.0
gametes_epistasis_2_way_1000atts_0_4h_edm_1_edm_1_1,seed_1,0,0.49,0.5230468749999999,1.0,1.0,0.0,0.10567372826302196,507,80,192,960,0.5230468749999999,0.0
gametes_epistasis_2_way_1000atts_0_4h_edm_1_edm_1_1,seed_1,1,0.49,0.5230468749999999,1.0,1.0,0.0,0.10600698434123745,507,80,192,960,0.5230468749999999,0.0
gametes_epistasis_2_way_1000atts_0_4h_edm_1_edm_1_1,seed_1,2,0.49,0.5230468749999999,1.0,1.0,0.0,0.10573655526242451,507,80,192,960,0.5230468749999999,0.0
gametes_epistasis_2_way_1000atts_0_4h_edm_1_edm_1_1,seed_1,0,0.5,0.5230468749999999,1.0,1.0,0.0,0.10836089418229208,507,80,192,960,0.5230468749999999,0.0
gametes_epistasis_2_way_1000atts_0_4h_edm_1_edm_1_1,seed_1,1,0.5,0.5230468749999999,1.0,1.0,0.0,0.10834648206566579,507,80,192,960,0.5230468749999999,0.0
gametes_epistasis_2_way_1000atts_0_4h_edm_1_edm_1_1,seed_1,2,0.5,0.5230468749999999,1.0,1.0,0.0,0.10806925282559784,507,80,192,960,0.5230468749999999,0.0
gametes_epistasis_2_way_1000atts_0_4h_edm_1_edm_1_1,seed_1,0,0.75,0.52796875,0.9445544554455445,0.9625,0.008312977499858428,0.18540388723625548,505,80,192,960,0.5230468749999999,0.0049218750000000755
gametes_epistasis_2_way_1000atts_0_4h_edm_1_edm_1_1,seed_1,1,0.75,0.5257031249999999,0.9450980392156862,0.95,0.0075726387003406895,0.1715422779508002,510,80,192,960,0.5230468749999999,0.0026562500000000266
gametes_epistasis_2_way_1000atts_0_4h_edm_1_edm_1_1,seed_1,2,0.75,0.525859375,0.9309664694280079,0.9125,0.007719970254522353,0.18518495111103828,507,80,192,960,0.5230468749999999,0.0028125000000001066
gametes_epistasis_2_way_1000atts_0_4h_edm_1_edm_1_1,seed_1,0,1.0,0.5263671875,0.8399209486166008,0.775,0.025512082185720313,0.2542084079800998,506,80,192,960,0.5230468749999999,0.003320312500000089
gametes_epistasis_2_way_1000atts_0_4h_edm_1_edm_1_1,seed_1,1,1.0,0.51984375,0.8284023668639053,0.8375,0.025425793082057106,0.25317305018526,507,80,192,960,0.5230468749999999,-0.0032031249999998623
gametes_epistasis_2_way_1000atts_0_4h_edm_1_edm_1_1,seed_1,2,1.0,0.518515625,0.8230616302186878,0.8375,0.027156771279832355,0.26905354471945014,503,80,192,960,0.5230468749999999,-0.004531249999999876
gametes_epistasis_2_way_1000atts_0_4h_edm_1_edm_1_1,seed_1,0,1.5,0.5164453125,0.6844181459566075,0.5875,0.06733430161181513,0.4739009909304818,507,80,192,960,0.5230468749999999,-0.00660156249999988
gametes_epistasis_2_way_1000atts_0_4h_edm_1_edm_1_1,seed_1,1,1.5,0.4976171875,0.6884920634920635,0.65,0.05891421418084881,0.46872071722093345,504,80,192,960,0.5230468749999999,-0.02542968749999991
gametes_epistasis_2_way_1000atts_0_4h_edm_1_edm_1_1,seed_1,2,1.5,0.5269140625,0.6941176470588235,0.7125,0.0529310510692602,0.4358293130327003,510,80,192,960,0.5230468749999999,0.0038671875000000355
gametes_epistasis_2_way_1000atts_0_4h_edm_1_edm_1_1,seed_1,0,2.0,0.531328125,0.5968379446640316,0.675,0.08796239365260766,0.6052429229027676,506,80,192,960,0.5230468749999999,0.008281250000000129
gametes_epistasis_2_way_1000atts_0_4h_edm_1_edm_1_1,seed_1,1,2.0,0.5137890624999999,0.603515625,0.6375,0.11577183460748375,0.7345634569076307,512,80,192,960,0.5230468749999999,-0.009257812500000018
gametes_epistasis_2_way_1000atts_0_4h_edm_1_edm_1_1,seed_1,2,2.0,0.51609375,0.5825049701789264,0.6625,0.08811604930747416,0.5795037018300252,503,80,192,960,0.5230468749999999,-0.006953124999999893
gametes_epistasis_2_way_1000atts_0_4h_edm_1_edm_1_1,seed_2,0,0.0,0.5230468749999999,1.0,1.0,0.0,0.0,507,80,192,960,0.5230468749999999,0.0
gametes_epistasis_2_way_1000atts_0_4h_edm_1_edm_1_1,seed_2,1,0.0,0.5230468749999999,1.0,1.0,0.0,0.0,507,80,192,960,0.5230468749999999,0.0
gametes_epistasis_2_way_1000atts_0_4h_edm_1_edm_1_1,seed_2,2,0.0,0.5230468749999999,1.0,1.0,0.0,0.0,507,80,192,960,0.5230468749999999,0.0
gametes_epistasis_2_way_1000atts_0_4h_edm_1_edm_1_1,seed_2,0,0.25,0.5230468749999999,1.0,1.0,0.0,0.0540739920829423,507,80,192,960,0.5230468749999999,0.0
gametes_epistasis_2_way_1000atts_0_4h_edm_1_edm_1_1,seed_2,1,0.25,0.5230468749999999,1.0,1.0,0.0,0.05400689606278326,507,80,192,960,0.5230468749999999,0.0
gametes_epistasis_2_way_1000atts_0_4h_edm_1_edm_1_1,seed_2,2,0.25,0.5230468749999999,1.0,1.0,0.0,0.05401727905522003,507,80,192,960,0.5230468749999999,0.0
gametes_epistasis_2_way_1000atts_0_4h_edm_1_edm_1_1,seed_2,0,0.49,0.5230468749999999,1.0,1.0,0.0,0.10605319216913857,507,80,192,960,0.5230468749999999,0.0
gametes_epistasis_2_way_1000atts_0_4h_edm_1_edm_1_1,seed_2,1,0.49,0.5230468749999999,1.0,1.0,0.0,0.10555627677553059,507,80,192,960,0.5230468749999999,0.0
gametes_epistasis_2_way_1000atts_0_4h_edm_1_edm_1_1,seed_2,2,0.49,0.5230468749999999,1.0,1.0,0.0,0.10597384292888168,507,80,192,960,0.5230468749999999,0.0
gametes_epistasis_2_way_1000atts_0_4h_edm_1_edm_1_1,seed_2,0,0.5,0.5230468749999999,1.0,1.0,0.0,0.1078100437368917,507,80,192,960,0.5230468749999999,0.0
gametes_epistasis_2_way_1000atts_0_4h_edm_1_edm_1_1,seed_2,1,0.5,0.5230468749999999,1.0,1.0,0.0,0.10819692532896995,507,80,192,960,0.5230468749999999,0.0
gametes_epistasis_2_way_1000atts_0_4h_edm_1_edm_1_1,seed_2,2,0.5,0.5230468749999999,1.0,1.0,0.0,0.10813051684886697,507,80,192,960,0.5230468749999999,0.0
gametes_epistasis_2_way_1000atts_0_4h_edm_1_edm_1_1,seed_2,0,0.75,0.5258203125,0.9363817097415507,0.9125,0.010150075924002907,0.1890962252020414,503,80,192,960,0.5230468749999999,0.002773437500000142
gametes_epistasis_2_way_1000atts_0_4h_edm_1_edm_1_1,seed_2,1,0.75,0.5121875,0.9386138613861386,0.975,0.00835932287212058,0.1877432666442701,505,80,192,960,0.5230468749999999,-0.010859374999999893
gametes_epistasis_2_way_1000atts_0_4h_edm_1_edm_1_1,seed_2,2,0.75,0.5210546875,0.926,0.9375,0.010823180220949958,0.19390765908401,500,80,192,960,0.5230468749999999,-0.0019921874999999645
gametes_epistasis_2_way_1000atts_0_4h_edm_1_edm_1_1,seed_2,0,1.0,0.51140625,0.8656126482213439,0.8125,0.02151821845760365,0.2641428418103934,506,80,192,960,0.5230468749999999,-0.01164062499999996
gametes_epistasis_2_way_1000atts_0_4h_edm_1_edm_1_1,seed_2,1,1.0,0.5301171874999999,0.8362919132149902,0.875,0.027803051790109383,0.26777694808789787,507,80,192,960,0.5230468749999999,0.007070312500000009
gametes_epistasis_2_way_1000atts_0_4h_edm_1_edm_1_1,seed_2,2,1.0,0.5176953125,0.8625498007968128,0.8375,0.01862670941966246,0.24643717863390524,502,80,192,960,0.5230468749999999,-0.005351562499999907
gametes_epistasis_2_way_1000atts_0_4h_edm_1_edm_1_1,seed_2,0,1.5,0.512265625,0.6791338582677166,0.75,0.06545788823657991,0.4512366858056245,508,80,192,960,0.5230468749999999,-0.010781249999999964
gametes_epistasis_2_way_1000atts_0_4h_edm_1_edm_1_1,seed_2,1,1.5,0.5194921874999999,0.6923076923076923,0.775,0.06569563377272475,0.47244264816653314,507,80,192,960,0.5230468749999999,-0.0035546874999999867
gametes_epistasis_2_way_1000atts_0_4h_edm_1_edm_1_1,seed_2,2,1.5,0.5308593750000001,0.6830708661417323,0.75,0.06342347239371383,0.4621611688623523,508,80,192,960,0.5230468749999999,0.007812500000000222
gametes_epistasis_2_way_1000atts_0_4h_edm_1_edm_1_1,seed_2,0,2.0,0.5108984375,0.5944333996023857,0.5875,0.09794500288943732,0.6523214533371291,503,80,192,960,0.5230468749999999,-0.012148437499999942
gametes_epistasis_2_way_1000atts_0_4h_edm_1_edm_1_1,seed_2,1,2.0,0.5234765625000001,0.581532416502947,0.55,0.08994626806175783,0.6167532214002142,509,80,192,960,0.5230468749999999,0.0004296875000001643
gametes_epistasis_2_way_1000atts_0_4h_edm_1_edm_1_1,seed_2,2,2.0,0.5405078125,0.6,0.6875,0.09274209926707946,0.6549093753654216,505,80,192,960,0.5230468749999999,0.017460937500000107
gametes_epistasis_2_way_20atts_0_1h_edm_1_1,seed_0,0,0.0,0.563046875,1.0,1.0,0.0,0.0,430,80,192,960,0.563046875,0.0
gametes_epistasis_2_way_20atts_0_1h_edm_1_1,seed_0,1,0.0,0.563046875,1.0,1.0,0.0,0.0,430,80,192,960,0.563046875,0.0
gametes_epistasis_2_way_20atts_0_1h_edm_1_1,seed_0,2,0.0,0.563046875,1.0,1.0,0.0,0.0,430,80,192,960,0.563046875,0.0
gametes_epistasis_2_way_20atts_0_1h_edm_1_1,seed_0,0,0.25,0.563046875,1.0,1.0,0.0,0.13099701883969136,430,80,192,960,0.563046875,0.0
gametes_epistasis_2_way_20atts_0_1h_edm_1_1,seed_0,1,0.25,0.563046875,1.0,1.0,0.0,0.1297732407820761,430,80,192,960,0.563046875,0.0
gametes_epistasis_2_way_20atts_0_1h_edm_1_1,seed_0,2,0.25,0.563046875,1.0,1.0,0.0,0.1316418287717307,430,80,192,960,0.563046875,0.0
gametes_epistasis_2_way_20atts_0_1h_edm_1_1,seed_0,0,0.49,0.563046875,1.0,1.0,0.0,0.25856470898593703,430,80,192,960,0.563046875,0.0
gametes_epistasis_2_way_20atts_0_1h_edm_1_1,seed_0,1,0.49,0.563046875,1.0,1.0,0.0,0.2503515089781586,430,80,192,960,0.563046875,0.0
gametes_epistasis_2_way_20atts_0_1h_edm_1_1,seed_0,2,0.49,0.563046875,1.0,1.0,0.0,0.25823656188503147,430,80,192,960,0.563046875,0.0
gametes_epistasis_2_way_20atts_0_1h_edm_1_1,seed_0,0,0.5,0.563046875,1.0,1.0,0.0,0.2608107934246503,430,80,192,960,0.563046875,0.0
gametes_epistasis_2_way_20atts_0_1h_edm_1_1,seed_0,1,0.5,0.563046875,1.0,1.0,0.0,0.25732966390082507,430,80,192,960,0.563046875,0.0
gametes_epistasis_2_way_20atts_0_1h_edm_1_1,seed_0,2,0.5,0.563046875,1.0,1.0,0.0,0.2629156308213511,430,80,192,960,0.563046875,0.0
gametes_epistasis_2_way_20atts_0_1h_edm_1_1,seed_0,0,0.75,0.47703125,0.9541484716157205,0.9375,0.012899162828009346,0.1746103340303297,458,80,192,960,0.563046875,-0.08601562499999993
gametes_epistasis_2_way_20atts_0_1h_edm_1_1,seed_0,1,0.75,0.4932031249999999,0.9256756756756757,0.9625,0.013315797846922975,0.16149697753150868,444,80,192,960,0.563046875,-0.06984375000000004
gametes_epistasis_2_way_20atts_0_1h_edm_1_1,seed_0,2,0.75,0.49214843750000004,0.9364035087719298,0.925,0.010197485514245597,0.16977243931416316,456,80,192,960,0.563046875,-0.07089843749999991
gametes_epistasis_2_way_20atts_0_1h_edm_1_1,seed_0,0,1.0,0.4944921875,0.8373101952277657,0.875,0.03797695742794851,0.36752811565105353,461,80,192,960,0.563046875,-0.06855468749999993
gametes_epistasis_2_way_20atts_0_1h_edm_1_1,seed_0,1,1.0,0.48703124999999997,0.8527472527472527,0.8125,0.030426636406689984,0.3611582497737321,455,80,192,960,0.563046875,-0.07601562499999998
gametes_epistasis_2_way_20atts_0_1h_edm_1_1,seed_0,2,1.0,0.5401562499999999,0.8307349665924276,0.8,0.04769284819978143,0.796860482458972,449,80,192,960,0.563046875,-0.022890625000000053
gametes_epistasis_2_way_20atts_0_1h_edm_1_1,seed_0,0,1.5,0.49421874999999993,0.6709677419354839,0.7625,0.10057369140636715,0.8937723430041388,465,80,192,960,0.563046875,-0.06882812500000002
gametes_epistasis_2_way_20atts_0_1h_edm_1_1,seed_0,1,1.5,0.5728125000000001,0.6162046908315565,0.65,0.119069012412214,1.4883118255349137,469,80,192,960,0.563046875,0.009765625000000111
gametes_epistasis_2_way_20atts_0_1h_edm_1_1,seed_0,2,1.5,0.6326171875,0.6815286624203821,0.6625,0.1198018405458619,2.464572632649108,471,80,192,960,0.563046875,0.06957031250000001
gametes_epistasis_2_way_20atts_0_1h_edm_1_1,seed_0,0,2.0,0.5124609375,0.5831578947368421,0.6125,0.12748541713538553,0.952630143812365,475,80,192,960,0.563046875,-0.050585937499999956
gametes_epistasis_2_way_20atts_0_1h_edm_1_1,seed_0,1,2.0,0.4671875,0.5782881002087683,0.6125,0.13713878938612753,0.881251573076749,479,80,192,960,0.563046875,-0.09585937499999997
gametes_epistasis_2_way_20atts_0_1h_edm_1_1,seed_0,2,2.0,0.4887890625,0.5319587628865979,0.6,0.1519224416880926,0.9264869226077797,485,80,192,960,0.563046875,-0.07425781249999996
gametes_epistasis_2_way_20atts_0_1h_edm_1_1,seed_1,0,0.0,0.563046875,1.0,1.0,0.0,0.0,430,80,192,960,0.563046875,0.0
gametes_epistasis_2_way_20atts_0_1h_edm_1_1,seed_1,1,0.0,0.563046875,1.0,1.0,0.0,0.0,430,80,192,960,0.563046875,0.0
gametes_epistasis_2_way_20atts_0_1h_edm_1_1,seed_1,2,0.0,0.563046875,1.0,1.0,0.0,0.0,430,80,192,960,0.563046875,0.0
gametes_epistasis_2_way_20atts_0_1h_edm_1_1,seed_1,0,0.25,0.563046875,1.0,1.0,0.0,0.13082317867142856,430,80,192,960,0.563046875,0.0
gametes_epistasis_2_way_20atts_0_1h_edm_1_1,seed_1,1,0.25,0.563046875,1.0,1.0,0.0,0.12948500889053763,430,80,192,960,0.563046875,0.0
gametes_epistasis_2_way_20atts_0_1h_edm_1_1,seed_1,2,0.25,0.563046875,1.0,1.0,0.0,0.13205990088674638,430,80,192,960,0.563046875,0.0
gametes_epistasis_2_way_20atts_0_1h_edm_1_1,seed_1,0,0.49,0.563046875,1.0,1.0,0.0,0.25956482278251486,430,80,192,960,0.563046875,0.0
gametes_epistasis_2_way_20atts_0_1h_edm_1_1,seed_1,1,0.49,0.563046875,1.0,1.0,0.0,0.25783537686297536,430,80,192,960,0.563046875,0.0
gametes_epistasis_2_way_20atts_0_1h_edm_1_1,seed_1,2,0.49,0.563046875,1.0,1.0,0.0,0.2595955703805764,430,80,192,960,0.563046875,0.0
gametes_epistasis_2_way_20atts_0_1h_edm_1_1,seed_1,0,0.5,0.563046875,1.0,1.0,0.0,0.25847585900558634,430,80,192,960,0.563046875,0.0
gametes_epistasis_2_way_20atts_0_1h_edm_1_1,seed_1,1,0.5,0.563046875,1.0,1.0,0.0,0.26028333253959607,430,80,192,960,0.563046875,0.0
gametes_epistasis_2_way_20atts_0_1h_edm_1_1,seed_1,2,0.5,0.563046875,1.0,1.0,0.0,0.261328941355384,430,80,192,960,0.563046875,0.0
gametes_epistasis_2_way_20atts_0_1h_edm_1_1,seed_1,0,0.75,0.551796875,0.9511111111111111,0.9875,0.012125786824669428,0.4140880479701586,450,80,192,960,0.563046875,-0.011249999999999982
gametes_epistasis_2_way_20atts_0_1h_edm_1_1,seed_1,1,0.75,0.4850781249999999,0.9379157427937915,0.9,0.01229732578127369,0.17239596323352885,451,80,192,960,0.563046875,-0.07796875000000003
gametes_epistasis_2_way_20atts_0_1h_edm_1_1,seed_1,2,0.75,0.499609375,0.9265033407572383,0.875,0.010935770020684072,0.2557868339025025,449,80,192,960,0.563046875,-0.06343749999999992
gametes_epistasis_2_way_20atts_0_1h_edm_1_1,seed_1,0,1.0,0.5209374999999999,0.8070953436807096,0.85,0.04213184243565291,0.3831319501832423,451,80,192,960,0.563046875,-0.042109375000000004
gametes_epistasis_2_way_20atts_0_1h_edm_1_1,seed_1,1,1.0,0.49707031249999994,0.8183807439824945,0.825,0.038576821311306866,0.26358549865302144,457,80,192,960,0.563046875,-0.0659765625
gametes_epistasis_2_way_20atts_0_1h_edm_1_1,seed_1,2,1.0,0.6430859375000001,0.8244444444444444,0.8375,0.055615337947846795,1.2305240120431566,450,80,192,960,0.563046875,0.08003906250000015
gametes_epistasis_2_way_20atts_0_1h_edm_1_1,seed_1,0,1.5,0.5732812500000001,0.6289978678038379,0.5375,0.11425028820039813,1.400290238610051,469,80,192,960,0.563046875,0.010234375000000129
gametes_epistasis_2_way_20atts_0_1h_edm_1_1,seed_1,1,1.5,0.4839453125,0.7112068965517241,0.575,0.061850133826487956,0.4115235830032438,464,80,192,960,0.563046875,-0.07910156249999994
gametes_epistasis_2_way_20atts_0_1h_edm_1_1,seed_1,2,1.5,0.4957421875,0.6736401673640168,0.7125,0.11147834791259709,0.6488667251603051,478,80,192,960,0.563046875,-0.06730468749999996
gametes_epistasis_2_way_20atts_0_1h_edm_1_1,seed_1,0,2.0,0.48859374999999994,0.6132478632478633,0.625,0.09545170918731068,0.8010338605234928,468,80,192,960,0.563046875,-0.07445312500000001
gametes_epistasis_2_way_20atts_0_1h_edm_1_1,seed_1,1,2.0,0.4951953125,0.6086021505376344,0.65,0.10828783787157248,0.5794076933037596,465,80,192,960,0.563046875,-0.06785156249999996
gametes_epistasis_2_way_20atts_0_1h_edm_1_1,seed_1,2,2.0,0.527734375,0.5844155844155844,0.575,0.15274778858265087,1.4006754893680051,462,80,192,960,0.563046875,-0.03531249999999997
gametes_epistasis_2_way_20atts_0_1h_edm_1_1,seed_2,0,0.0,0.563046875,1.0,1.0,0.0,0.0,430,80,192,960,0.563046875,0.0
gametes_epistasis_2_way_20atts_0_1h_edm_1_1,seed_2,1,0.0,0.563046875,1.0,1.0,0.0,0.0,430,80,192,960,0.563046875,0.0
gametes_epistasis_2_way_20atts_0_1h_edm_1_1,seed_2,2,0.0,0.563046875,1.0,1.0,0.0,0.0,430,80,192,960,0.563046875,0.0
gametes_epistasis_2_way_20atts_0_1h_edm_1_1,seed_2,0,0.25,0.563046875,1.0,1.0,0.0,0.1315129577279159,430,80,192,960,0.563046875,0.0
gametes_epistasis_2_way_20atts_0_1h_edm_1_1,seed_2,1,0.25,0.563046875,1.0,1.0,0.0,0.13269327156564517,430,80,192,960,0.563046875,0.0
gametes_epistasis_2_way_20atts_0_1h_edm_1_1,seed_2,2,0.25,0.563046875,1.0,1.0,0.0,0.13247684498780993,430,80,192,960,0.563046875,0.0
gametes_epistasis_2_way_20atts_0_1h_edm_1_1,seed_2,0,0.49,0.563046875,1.0,1.0,0.0,0.2597028206304054,430,80,192,960,0.563046875,0.0
gametes_epistasis_2_way_20atts_0_1h_edm_1_1,seed_2,1,0.49,0.563046875,1.0,1.0,0.0,0.25866978363489246,430,80,192,960,0.563046875,0.0
gametes_epistasis_2_way_20atts_0_1h_edm_1_1,seed_2,2,0.49,0.563046875,1.0,1.0,0.0,0.25900916853723127,430,80,192,960,0.563046875,0.0
gametes_epistasis_2_way_20atts_0_1h_edm_1_1,seed_2,0,0.5,0.563046875,1.0,1.0,0.0,0.2638603041851972,430,80,192,960,0.563046875,0.0
gametes_epistasis_2_way_20atts_0_1h_edm_1_1,seed_2,1,0.5,0.563046875,1.0,1.0,0.0,0.2615247339173448,430,80,192,960,0.563046875,0.0
gametes_epistasis_2_way_20atts_0_1h_edm_1_1,seed_2,2,0.5,0.563046875,1.0,1.0,0.0,0.26332564097423716,430,80,192,960,0.563046875,0.0
gametes_epistasis_2_way_20atts_0_1h_edm_1_1,seed_2,0,0.75,0.5247656250000001,0.9343544857768052,0.925,0.013108459374121114,0.33952825121076785,457,80,192,960,0.563046875,-0.03828124999999982
gametes_epistasis_2_way_20atts_0_1h_edm_1_1,seed_2,1,0.75,0.4729296875000001,0.9266666666666666,0.8625,0.012361829192977757,0.19090630845268003,450,80,192,960,0.563046875,-0.09011718749999986
gametes_epistasis_2_way_20atts_0_1h_edm_1_1,seed_2,2,0.75,0.5266796875,0.9312638580931264,0.8875,0.00925789931022405,0.27211056515008203,451,80,192,960,0.563046875,-0.0363671874999999
gametes_epistasis_2_way_20atts_0_1h_edm_1_1,seed_2,0,1.0,0.580859375,0.824945295404814,0.8625,0.05122577117891397,0.8155280206328255,457,80,192,960,0.563046875,0.01781250000000001
gametes_epistasis_2_way_20atts_0_1h_edm_1_1,seed_2,1,1.0,0.4985546875,0.8376623376623377,0.7875,0.0373985063740632,0.48103430362129057,462,80,192,960,0.563046875,-0.06449218749999996
gametes_epistasis_2_way_20atts_0_1h_edm_1_1,seed_2,2,1.0,0.49101562500000007,0.8152866242038217,0.8625,0.05132011737651582,0.4275785135070608,471,80,192,960,0.563046875,-0.07203124999999988
gametes_epistasis_2_way_20atts_0_1h_edm_1_1,seed_2,0,1.5,0.5827734375,0.6340425531914894,0.7,0.12402902496240499,1.7924232761642982,470,80,192,960,0.563046875,0.019726562500000044
gametes_epistasis_2_way_20atts_0_1h_edm_1_1,seed_2,1,1.5,0.5004296875,0.6666666666666666,0.65,0.09221511200862159,0.6875209642251559,474,80,192,960,0.563046875,-0.0626171874999999
gametes_epistasis_2_way_20atts_0_1h_edm_1_1,seed_2,2,1.5,0.5055468750000001,0.7114967462039046,0.7125,0.09025124117798224,0.7985611808753377,461,80,192,960,0.563046875,-0.057499999999999885
gametes_epistasis_2_way_20atts_0_1h_edm_1_1,seed_2,0,2.0,0.4839453125,0.5609243697478992,0.5375,0.1302893495225793,0.712116273259339,476,80,192,960,0.563046875,-0.07910156249999994
gametes_epistasis_2_way_20atts_0_1h_edm_1_1,seed_2,1,2.0,0.5087109375000001,0.5690376569037657,0.475,0.1320232101662301,1.1343315290903306,478,80,192,960,0.563046875,-0.054335937499999876
gametes_epistasis_2_way_20atts_0_1h_edm_1_1,seed_2,2,2.0,0.49199218749999996,0.569327731092437,0.65,0.14410185874066242,0.9129418776230289,476,80,192,960,0.563046875,-0.07105468749999999
gametes_epistasis_2_way_20atts_0_4h_edm_1_1,seed_0,0,0.0,0.751796875,1.0,1.0,0.0,0.0,462,80,192,960,0.751796875,0.0
gametes_epistasis_2_way_20atts_0_4h_edm_1_1,seed_0,1,0.0,0.751796875,1.0,1.0,0.0,0.0,462,80,192,960,0.751796875,0.0
gametes_epistasis_2_way_20atts_0_4h_edm_1_1,seed_0,2,0.0,0.751796875,1.0,1.0,0.0,0.0,462,80,192,960,0.751796875,0.0
gametes_epistasis_2_way_20atts_0_4h_edm_1_1,seed_0,0,0.25,0.751796875,1.0,1.0,0.0,0.3256597629397423,462,80,192,960,0.751796875,0.0
gametes_epistasis_2_way_20atts_0_4h_edm_1_1,seed_0,1,0.25,0.751796875,1.0,1.0,0.0,0.3232463901885457,462,80,192,960,0.751796875,0.0
gametes_epistasis_2_way_20atts_0_4h_edm_1_1,seed_0,2,0.25,0.751796875,1.0,1.0,0.0,0.3205480476112884,462,80,192,960,0.751796875,0.0
gametes_epistasis_2_way_20atts_0_4h_edm_1_1,seed_0,0,0.49,0.751796875,1.0,1.0,0.0,0.6425236069114172,462,80,192,960,0.751796875,0.0
gametes_epistasis_2_way_20atts_0_4h_edm_1_1,seed_0,1,0.49,0.751796875,1.0,1.0,0.0,0.6368461503924451,462,80,192,960,0.751796875,0.0
gametes_epistasis_2_way_20atts_0_4h_edm_1_1,seed_0,2,0.49,0.751796875,1.0,1.0,0.0,0.6372008994760451,462,80,192,960,0.751796875,0.0
gametes_epistasis_2_way_20atts_0_4h_edm_1_1,seed_0,0,0.5,0.751796875,1.0,1.0,0.0,0.6523388326282512,462,80,192,960,0.751796875,0.0
gametes_epistasis_2_way_20atts_0_4h_edm_1_1,seed_0,1,0.5,0.751796875,1.0,1.0,0.0,0.6400627609786185,462,80,192,960,0.751796875,0.0
gametes_epistasis_2_way_20atts_0_4h_edm_1_1,seed_0,2,0.5,0.751796875,1.0,1.0,0.0,0.6467063025555765,462,80,192,960,0.751796875,0.0
gametes_epistasis_2_way_20atts_0_4h_edm_1_1,seed_0,0,0.75,0.8066796875,0.9054945054945055,0.975,0.04441620413776218,2.3857360048042215,455,80,192,960,0.751796875,0.05488281249999993
gametes_epistasis_2_way_20atts_0_4h_edm_1_1,seed_0,1,0.75,0.639453125,0.9118942731277533,0.875,0.01807168917722087,0.736828270816643,454,80,192,960,0.751796875,-0.11234375000000008
gametes_epistasis_2_way_20atts_0_4h_edm_1_1,seed_0,2,0.75,0.7940234374999999,0.9300847457627118,0.9375,0.02370960032783986,1.655515074517902,472,80,192,960,0.751796875,0.0422265624999999
gametes_epistasis_2_way_20atts_0_4h_edm_1_1,seed_0,0,1.0,0.71234375,0.8392857142857143,0.8625,0.04682547171174658,1.844745008076669,448,80,192,960,0.751796875,-0.03945312499999998
gametes_epistasis_2_way_20atts_0_4h_edm_1_1,seed_0,1,1.0,0.79546875,0.7775330396475771,0.8125,0.0883124890624345,3.272518277525555,454,80,192,960,0.751796875,0.043671874999999916
gametes_epistasis_2_way_20atts_0_4h_edm_1_1,seed_0,2,1.0,0.774453125,0.8350951374207188,0.8125,0.04706265428845406,1.7474621502672338,473,80,192,960,0.751796875,0.022656249999999933
gametes_epistasis_2_way_20atts_0_4h_edm_1_1,seed_0,0,1.5,0.7444921875,0.6510067114093959,0.6125,0.1110925832991655,3.983331759853152,447,80,192,960,0.751796875,-0.007304687500000018
gametes_epistasis_2_way_20atts_0_4h_edm_1_1,seed_0,1,1.5,0.6843749999999998,0.6627906976744186,0.65,0.09848714630595765,2.3691504452267167,430,80,192,960,0.751796875,-0.06742187500000019
gametes_epistasis_2_way_20atts_0_4h_edm_1_1,seed_0,2,1.5,0.79359375,0.6334745762711864,0.775,0.22385463831581448,9.125635025536864,472,80,192,960,0.751796875,0.041796874999999956
gametes_epistasis_2_way_20atts_0_4h_edm_1_1,seed_0,0,2.0,0.785546875,0.5304347826086957,0.625,0.2538464915800056,12.065780587300367,460,80,192,960,0.751796875,0.03374999999999995
gametes_epistasis_2_way_20atts_0_4h_edm_1_1,seed_0,1,2.0,0.76546875,0.5204545454545455,0.525,0.20690096366688246,10.084487134830924,440,80,192,960,0.751796875,0.013671875
gametes_epistasis_2_way_20atts_0_4h_edm_1_1,seed_0,2,2.0,0.787734375,0.513978494623656,0.45,0.23547515490892137,11.362141750799235,465,80,192,960,0.751796875,0.035937499999999956
gametes_epistasis_2_way_20atts_0_4h_edm_1_1,seed_1,0,0.0,0.751796875,1.0,1.0,0.0,0.0,462,80,192,960,0.751796875,0.0
gametes_epistasis_2_way_20atts_0_4h_edm_1_1,seed_1,1,0.0,0.751796875,1.0,1.0,0.0,0.0,462,80,192,960,0.751796875,0.0
gametes_epistasis_2_way_20atts_0_4h_edm_1_1,seed_1,2,0.0,0.751796875,1.0,1.0,0.0,0.0,462,80,192,960,0.751796875,0.0
gametes_epistasis_2_way_20atts_0_4h_edm_1_1,seed_1,0,0.25,0.751796875,1.0,1.0,0.0,0.3232430912803505,462,80,192,960,0.751796875,0.0
gametes_epistasis_2_way_20atts_0_4h_edm_1_1,seed_1,1,0.25,0.751796875,1.0,1.0,0.0,0.3261252494139747,462,80,192,960,0.751796875,0.0
gametes_epistasis_2_way_20atts_0_4h_edm_1_1,seed_1,2,0.25,0.751796875,1.0,1.0,0.0,0.3242663379645288,462,80,192,960,0.751796875,0.0
gametes_epistasis_2_way_20atts_0_4h_edm_1_1,seed_1,0,0.49,0.751796875,1.0,1.0,0.0,0.6476040939911609,462,80,192,960,0.751796875,0.0
gametes_epistasis_2_way_20atts_0_4h_edm_1_1,seed_1,1,0.49,0.751796875,1.0,1.0,0.0,0.6248648927104203,462,80,192,960,0.751796875,0.0
gametes_epistasis_2_way_20atts_0_4h_edm_1_1,seed_1,2,0.49,0.751796875,1.0,1.0,0.0,0.6446417067838993,462,80,192,960,0.751796875,0.0
gametes_epistasis_2_way_20atts_0_4h_edm_1_1,seed_1,0,0.5,0.751796875,1.0,1.0,0.0,0.6439058695306533,462,80,192,960,0.751796875,0.0
gametes_epistasis_2_way_20atts_0_4h_edm_1_1,seed_1,1,0.5,0.751796875,1.0,1.0,0.0,0.6490474908699263,462,80,192,960,0.751796875,0.0
gametes_epistasis_2_way_20atts_0_4h_edm_1_1,seed_1,2,0.5,0.751796875,1.0,1.0,0.0,0.6528863238052949,462,80,192,960,0.751796875,0.0
gametes_epistasis_2_way_20atts_0_4h_edm_1_1,seed_1,0,0.75,0.8055078125,0.9071274298056156,0.9125,0.04609376072744203,2.4736364976558067,463,80,192,960,0.751796875,0.0537109375
gametes_epistasis_2_way_20atts_0_4h_edm_1_1,seed_1,1,0.75,0.7647265624999999,0.9186295503211992,0.9375,0.02912632438615927,1.5078993665182854,467,80,192,960,0.751796875,0.012929687499999898
gametes_epistasis_2_way_20atts_0_4h_edm_1_1,seed_1,2,0.75,0.6803906250000001,0.9409090909090909,0.975,0.01024186298448588,0.7529987869425229,440,80,192,960,0.751796875,-0.0714062499999999
gametes_epistasis_2_way_20atts_0_4h_edm_1_1,seed_1,0,1.0,0.7872265625,0.7874186550976139,0.8375,0.09353235433814543,3.5546742980363164,461,80,192,960,0.751796875,0.03542968749999997
gametes_epistasis_2_way_20atts_0_4h_edm_1_1,seed_1,1,1.0,0.758828125,0.8072033898305084,0.7875,0.07305049805971908,2.5782615091298675,472,80,192,960,0.751796875,0.007031249999999933
gametes_epistasis_2_way_20atts_0_4h_edm_1_1,seed_1,2,1.0,0.7988671875,0.7868131868131868,0.825,0.0740742444490348,2.9892588658588752,455,80,192,960,0.751796875,0.04707031249999993
gametes_epistasis_2_way_20atts_0_4h_edm_1_1,seed_1,0,1.5,0.8053906249999999,0.5723014256619144,0.7375,0.2505085136418159,8.59305768583034,491,80,192,960,0.751796875,0.053593749999999885
gametes_epistasis_2_way_20atts_0_4h_edm_1_1,seed_1,1,1.5,0.6526953125,0.6899038461538461,0.6875,0.08786039004422462,2.8643518382703608,416,80,192,960,0.751796875,-0.09910156250000002
gametes_epistasis_2_way_20atts_0_4h_edm_1_1,seed_1,2,1.5,0.6892968750000001,0.6744186046511628,0.7375,0.13116957909221333,4.29213057852105,430,80,192,960,0.751796875,-0.06249999999999989
gametes_epistasis_2_way_20atts_0_4h_edm_1_1,seed_1,0,2.0,0.5946484375000001,0.6004784688995215,0.6,0.12806766099077269,4.082484988880362,418,80,192,960,0.751796875,-0.15714843749999996
gametes_epistasis_2_way_20atts_0_4h_edm_1_1,seed_1,1,2.0,0.7242578125,0.6009174311926605,0.6375,0.13079692852460983,5.045217919839138,436,80,192,960,0.751796875,-0.027539062500000044
gametes_epistasis_2_way_20atts_0_4h_edm_1_1,seed_1,2,2.0,0.5385546875,0.5678160919540229,0.625,0.16549705000478962,2.9200634334598865,435,80,192,960,0.751796875,-0.2132421875
gametes_epistasis_2_way_20atts_0_4h_edm_1_1,seed_2,0,0.0,0.751796875,1.0,1.0,0.0,0.0,462,80,192,960,0.751796875,0.0
gametes_epistasis_2_way_20atts_0_4h_edm_1_1,seed_2,1,0.0,0.751796875,1.0,1.0,0.0,0.0,462,80,192,960,0.751796875,0.0
gametes_epistasis_2_way_20atts_0_4h_edm_1_1,seed_2,2,0.0,0.751796875,1.0,1.0,0.0,0.0,462,80,192,960,0.751796875,0.0
gametes_epistasis_2_way_20atts_0_4h_edm_1_1,seed_2,0,0.25,0.751796875,1.0,1.0,0.0,0.3219923356544384,462,80,192,960,0.751796875,0.0
gametes_epistasis_2_way_20atts_0_4h_edm_1_1,seed_2,1,0.25,0.751796875,1.0,1.0,0.0,0.325916554652006,462,80,192,960,0.751796875,0.0
gametes_epistasis_2_way_20atts_0_4h_edm_1_1,seed_2,2,0.25,0.751796875,1.0,1.0,0.0,0.3223747330255166,462,80,192,960,0.751796875,0.0
gametes_epistasis_2_way_20atts_0_4h_edm_1_1,seed_2,0,0.49,0.751796875,1.0,1.0,0.0,0.6479678283815279,462,80,192,960,0.751796875,0.0
gametes_epistasis_2_way_20atts_0_4h_edm_1_1,seed_2,1,0.49,0.751796875,1.0,1.0,0.0,0.6430874589776026,462,80,192,960,0.751796875,0.0
gametes_epistasis_2_way_20atts_0_4h_edm_1_1,seed_2,2,0.49,0.751796875,1.0,1.0,0.0,0.6285590859726655,462,80,192,960,0.751796875,0.0
gametes_epistasis_2_way_20atts_0_4h_edm_1_1,seed_2,0,0.5,0.751796875,1.0,1.0,0.0,0.6410253535580325,462,80,192,960,0.751796875,0.0
gametes_epistasis_2_way_20atts_0_4h_edm_1_1,seed_2,1,0.5,0.751796875,1.0,1.0,0.0,0.6499490307516205,462,80,192,960,0.751796875,0.0
gametes_epistasis_2_way_20atts_0_4h_edm_1_1,seed_2,2,0.5,0.751796875,1.0,1.0,0.0,0.6528230463481877,462,80,192,960,0.751796875,0.0
gametes_epistasis_2_way_20atts_0_4h_edm_1_1,seed_2,0,0.75,0.7814453125,0.9133333333333333,0.975,0.03301926760724856,1.6677864074258175,450,80,192,960,0.751796875,0.029648437500000013
gametes_epistasis_2_way_20atts_0_4h_edm_1_1,seed_2,1,0.75,0.7312109375,0.9320175438596491,0.9125,0.01811000275837243,1.208223923582618,456,80,192,960,0.751796875,-0.02058593750000004
gametes_epistasis_2_way_20atts_0_4h_edm_1_1,seed_2,2,0.75,0.7782421875000001,0.9028077753779697,0.95,0.040331148341830936,1.6491177467805898,463,80,192,960,0.751796875,0.02644531250000004
gametes_epistasis_2_way_20atts_0_4h_edm_1_1,seed_2,0,1.0,0.5998046875,0.8480725623582767,0.8,0.03285104906111061,1.0820192504148765,441,80,192,960,0.751796875,-0.1519921875
gametes_epistasis_2_way_20atts_0_4h_edm_1_1,seed_2,1,1.0,0.629453125,0.8694690265486725,0.9125,0.02644108053271243,1.0071416698642965,452,80,192,960,0.751796875,-0.12234375000000008
gametes_epistasis_2_way_20atts_0_4h_edm_1_1,seed_2,2,1.0,0.5802734374999999,0.7883720930232558,0.7125,0.05749924189829732,1.5211546601094685,430,80,192,960,0.751796875,-0.1715234375000001
gametes_epistasis_2_way_20atts_0_4h_edm_1_1,seed_2,0,1.5,0.7747265624999999,0.6636771300448431,0.7125,0.13316454841943257,5.863555231273887,446,80,192,960,0.751796875,0.022929687499999907
gametes_epistasis_2_way_20atts_0_4h_edm_1_1,seed_2,1,1.5,0.5944140625000001,0.7115839243498818,0.75,0.08587742940298601,1.7876705074864858,423,80,192,960,0.751796875,-0.15738281249999997
gametes_epistasis_2_way_20atts_0_4h_edm_1_1,seed_2,2,1.5,0.7908984375,0.6155507559395248,0.5875,0.1882912157429534,7.626954231957423,463,80,192,960,0.751796875,0.039101562499999964
gametes_epistasis_2_way_20atts_0_4h_edm_1_1,seed_2,0,2.0,0.7540625,0.5838779956427015,0.6625,0.16646399519811056,6.727287532857789,459,80,192,960,0.751796875,0.002265624999999938
gametes_epistasis_2_way_20atts_0_4h_edm_1_1,seed_2,1,2.0,0.7909765624999999,0.5331905781584583,0.575,0.24169169028462237,11.725983767663212,467,80,192,960,0.751796875,0.03917968749999989
gametes_epistasis_2_way_20atts_0_4h_edm_1_1,seed_2,2,2.0,0.6553125,0.5309168443496801,0.4,0.15607613394122827,4.736290919968494,469,80,192,960,0.751796875,-0.09648437500000007
gametes_epistasis_3_way_20atts_0_2h_edm_1_1,seed_0,0,0.0,0.5114453124999999,1.0,1.0,0.0,0.0,455,80,192,960,0.5114453124999999,0.0
gametes_epistasis_3_way_20atts_0_2h_edm_1_1,seed_0,1,0.0,0.5114453124999999,1.0,1.0,0.0,0.0,455,80,192,960,0.5114453124999999,0.0
gametes_epistasis_3_way_20atts_0_2h_edm_1_1,seed_0,2,0.0,0.5114453124999999,1.0,1.0,0.0,0.0,455,80,192,960,0.5114453124999999,0.0
gametes_epistasis_3_way_20atts_0_2h_edm_1_1,seed_0,0,0.25,0.5114453124999999,1.0,1.0,0.0,0.04858863757924707,455,80,192,960,0.5114453124999999,0.0
gametes_epistasis_3_way_20atts_0_2h_edm_1_1,seed_0,1,0.25,0.5114453124999999,1.0,1.0,0.0,0.04842634524558918,455,80,192,960,0.5114453124999999,0.0
gametes_epistasis_3_way_20atts_0_2h_edm_1_1,seed_0,2,0.25,0.5114453124999999,1.0,1.0,0.0,0.048778374179525866,455,80,192,960,0.5114453124999999,0.0
gametes_epistasis_3_way_20atts_0_2h_edm_1_1,seed_0,0,0.49,0.5114453124999999,1.0,1.0,0.0,0.09578158809813765,455,80,192,960,0.5114453124999999,0.0
gametes_epistasis_3_way_20atts_0_2h_edm_1_1,seed_0,1,0.49,0.5114453124999999,1.0,1.0,0.0,0.09529889325292444,455,80,192,960,0.5114453124999999,0.0
gametes_epistasis_3_way_20atts_0_2h_edm_1_1,seed_0,2,0.49,0.5114453124999999,1.0,1.0,0.0,0.09389638440911993,455,80,192,960,0.5114453124999999,0.0
gametes_epistasis_3_way_20atts_0_2h_edm_1_1,seed_0,0,0.5,0.5114453124999999,1.0,1.0,0.0,0.09686907133157827,455,80,192,960,0.5114453124999999,0.0
gametes_epistasis_3_way_20atts_0_2h_edm_1_1,seed_0,1,0.5,0.5114453124999999,1.0,1.0,0.0,0.09663686674181873,455,80,192,960,0.5114453124999999,0.0
gametes_epistasis_3_way_20atts_0_2h_edm_1_1,seed_0,2,0.5,0.5114453124999999,1.0,1.0,0.0,0.09745950530616455,455,80,192,960,0.5114453124999999,0.0
gametes_epistasis_3_way_20atts_0_2h_edm_1_1,seed_0,0,0.75,0.5091796875000001,0.948051948051948,0.9625,0.01578258426366143,0.15401955557838956,462,80,192,960,0.5114453124999999,-0.002265624999999827
gametes_epistasis_3_way_20atts_0_2h_edm_1_1,seed_0,1,0.75,0.514453125,0.9253731343283582,0.925,0.011158926749331041,0.13054745245036992,469,80,192,960,0.5114453124999999,0.00300781250000004
gametes_epistasis_3_way_20atts_0_2h_edm_1_1,seed_0,2,0.75,0.5103125,0.947136563876652,0.95,0.00529990813975679,0.13784497025540568,454,80,192,960,0.5114453124999999,-0.001132812499999969
gametes_epistasis_3_way_20atts_0_2h_edm_1_1,seed_0,0,1.0,0.5097265625,0.7964989059080962,0.7625,0.03842862467535068,0.2247839413975606,457,80,192,960,0.5114453124999999,-0.00171874999999988
gametes_epistasis_3_way_20atts_0_2h_edm_1_1,seed_0,1,1.0,0.5067578125,0.8464912280701754,0.8625,0.031092631170855693,0.21579325686759254,456,80,192,960,0.5114453124999999,-0.004687499999999956
gametes_epistasis_3_way_20atts_0_2h_edm_1_1,seed_0,2,1.0,0.4981640625,0.8465011286681715,0.8375,0.0418718498600967,0.22320411265336187,443,80,192,960,0.5114453124999999,-0.013281249999999911
gametes_epistasis_3_way_20atts_0_2h_edm_1_1,seed_0,0,1.5,0.5158203124999999,0.6731182795698925,0.6375,0.07956605465104809,0.36814142851293885,465,80,192,960,0.5114453124999999,0.004375000000000018
gametes_epistasis_3_way_20atts_0_2h_edm_1_1,seed_0,1,1.5,0.49949218749999996,0.6783369803063457,0.6,0.07728863091991812,0.3694062417756429,457,80,192,960,0.5114453124999999,-0.011953124999999953
gametes_epistasis_3_way_20atts_0_2h_edm_1_1,seed_0,2,1.5,0.5130859375,0.6577777777777778,0.7,0.0921888627173293,0.3939027992211317,450,80,192,960,0.5114453124999999,0.0016406250000000622
gametes_epistasis_3_way_20atts_0_2h_edm_1_1,seed_0,0,2.0,0.5105859375,0.5692307692307692,0.6,0.14121727467228226,0.5834156612817167,455,80,192,960,0.5114453124999999,-0.0008593749999998845
gametes_epistasis_3_way_20atts_0_2h_edm_1_1,seed_0,1,2.0,0.5087109375000001,0.593952483801296,0.625,0.09947154697842395,0.491961558811931,463,80,192,960,0.5114453124999999,-0.0027343749999998446
gametes_epistasis_3_way_20atts_0_2h_edm_1_1,seed_0,2,2.0,0.5053515625,0.6086956521739131,0.5875,0.11177101832980514,0.5154620043802807,460,80,192,960,0.5114453124999999,-0.006093749999999898
gametes_epistasis_3_way_20atts_0_2h_edm_1_1,seed_1,0,0.0,0.5114453124999999,1.0,1.0,0.0,0.0,455,80,192,960,0.5114453124999999,0.0
gametes_epistasis_3_way_20atts_0_2h_edm_1_1,seed_1,1,0.0,0.5114453124999999,1.0,1.0,0.0,0.0,455,80,192,960,0.5114453124999999,0.0
gametes_epistasis_3_way_20atts_0_2h_edm_1_1,seed_1,2,0.0,0.5114453124999999,1.0,1.0,0.0,0.0,455,80,192,960,0.5114453124999999,0.0
gametes_epistasis_3_way_20atts_0_2h_edm_1_1,seed_1,0,0.25,0.5114453124999999,1.0,1.0,0.0,0.04806086877038091,455,80,192,960,0.5114453124999999,0.0
gametes_epistasis_3_way_20atts_0_2h_edm_1_1,seed_1,1,0.25,0.5114453124999999,1.0,1.0,0.0,0.048370229241295915,455,80,192,960,0.5114453124999999,0.0
gametes_epistasis_3_way_20atts_0_2h_edm_1_1,seed_1,2,0.25,0.5114453124999999,1.0,1.0,0.0,0.04767579332660828,455,80,192,960,0.5114453124999999,0.0
gametes_epistasis_3_way_20atts_0_2h_edm_1_1,seed_1,0,0.49,0.5114453124999999,1.0,1.0,0.0,0.09529167080960416,455,80,192,960,0.5114453124999999,0.0
gametes_epistasis_3_way_20atts_0_2h_edm_1_1,seed_1,1,0.49,0.5114453124999999,1.0,1.0,0.0,0.0951005592987078,455,80,192,960,0.5114453124999999,0.0
gametes_epistasis_3_way_20atts_0_2h_edm_1_1,seed_1,2,0.49,0.5114453124999999,1.0,1.0,0.0,0.0944906724126977,455,80,192,960,0.5114453124999999,0.0
gametes_epistasis_3_way_20atts_0_2h_edm_1_1,seed_1,0,0.5,0.5114453124999999,1.0,1.0,0.0,0.09646426849801476,455,80,192,960,0.5114453124999999,0.0
gametes_epistasis_3_way_20atts_0_2h_edm_1_1,seed_1,1,0.5,0.5114453124999999,1.0,1.0,0.0,0.09621726128515797,455,80,192,960,0.5114453124999999,0.0
gametes_epistasis_3_way_20atts_0_2h_edm_1_1,seed_1,2,0.5,0.5114453124999999,1.0,1.0,0.0,0.09674753062358712,455,80,192,960,0.5114453124999999,0.0
gametes_epistasis_3_way_20atts_0_2h_edm_1_1,seed_1,0,0.75,0.5056640625,0.936542669584245,0.95,0.013935129792308747,0.1435843921221194,457,80,192,960,0.5114453124999999,-0.00578124999999996
gametes_epistasis_3_way_20atts_0_2h_edm_1_1,seed_1,1,0.75,0.50109375,0.9416846652267818,0.925,0.008612936969471352,0.15392612676859468,463,80,192,960,0.5114453124999999,-0.010351562499999911
gametes_epistasis_3_way_20atts_0_2h_edm_1_1,seed_1,2,0.75,0.5126171875,0.9336283185840708,0.9125,0.011828774396891624,0.14607026416995664,452,80,192,960,0.5114453124999999,0.0011718750000000444
gametes_epistasis_3_way_20atts_0_2h_edm_1_1,seed_1,0,1.0,0.5098437499999999,0.8561946902654868,0.8375,0.024593422388427377,0.2204506495674224,452,80,192,960,0.5114453124999999,-0.0016015624999999867
gametes_epistasis_3_way_20atts_0_2h_edm_1_1,seed_1,1,1.0,0.521484375,0.8304721030042919,0.8625,0.04177436847496728,0.22771854487057322,466,80,192,960,0.5114453124999999,0.010039062500000084
gametes_epistasis_3_way_20atts_0_2h_edm_1_1,seed_1,2,1.0,0.5350390625,0.8374164810690423,0.825,0.03469750974736452,0.22806655698238365,449,80,192,960,0.5114453124999999,0.02359375000000008
gametes_epistasis_3_way_20atts_0_2h_edm_1_1,seed_1,0,1.5,0.5171484375,0.6849015317286652,0.775,0.09906676831259525,0.3860709876516642,457,80,192,960,0.5114453124999999,0.005703125000000031
gametes_epistasis_3_way_20atts_0_2h_edm_1_1,seed_1,1,1.5,0.5185156249999999,0.7008733624454149,0.675,0.07221927713391048,0.3655599840744358,458,80,192,960,0.5114453124999999,0.007070312500000009
gametes_epistasis_3_way_20atts_0_2h_edm_1_1,seed_1,2,1.5,0.501328125,0.7161290322580646,0.65,0.08080771621134504,0.3807437396725838,465,80,192,960,0.5114453124999999,-0.010117187499999902
gametes_epistasis_3_way_20atts_0_2h_edm_1_1,seed_1,0,2.0,0.5008593750000001,0.6043956043956044,0.5875,0.11714383591667123,0.5651665796113079,455,80,192,960,0.5114453124999999,-0.010585937499999809
gametes_epistasis_3_way_20atts_0_2h_edm_1_1,seed_1,1,2.0,0.5143359375,0.5742793791574279,0.5625,0.12658576255382462,0.587943535385785,451,80,192,960,0.5114453124999999,0.0028906250000000355
gametes_epistasis_3_way_20atts_0_2h_edm_1_1,seed_1,2,2.0,0.501171875,0.5327313769751693,0.475,0.12346953409837128,0.5251052303804477,443,80,192,960,0.5114453124999999,-0.010273437499999871
gametes_epistasis_3_way_20atts_0_2h_edm_1_1,seed_2,0,0.0,0.5114453124999999,1.0,1.0,0.0,0.0,455,80,192,960,0.5114453124999999,0.0
gametes_epistasis_3_way_20atts_0_2h_edm_1_1,seed_2,1,0.0,0.5114453124999999,1.0,1.0,0.0,0.0,455,80,192,960,0.5114453124999999,0.0
gametes_epistasis_3_way_20atts_0_2h_edm_1_1,seed_2,2,0.0,0.5114453124999999,1.0,1.0,0.0,0.0,455,80,192,960,0.5114453124999999,0.0
gametes_epistasis_3_way_20atts_0_2h_edm_1_1,seed_2,0,0.25,0.5114453124999999,1.0,1.0,0.0,0.04811784714682905,455,80,192,960,0.5114453124999999,0.0
gametes_epistasis_3_way_20atts_0_2h_edm_1_1,seed_2,1,0.25,0.5114453124999999,1.0,1.0,0.0,0.04840944931016001,455,80,192,960,0.5114453124999999,0.0
gametes_epistasis_3_way_20atts_0_2h_edm_1_1,seed_2,2,0.25,0.5114453124999999,1.0,1.0,0.0,0.04815122438461134,455,80,192,960,0.5114453124999999,0.0
gametes_epistasis_3_way_20atts_0_2h_edm_1_1,seed_2,0,0.49,0.5114453124999999,1.0,1.0,0.0,0.09473197007544046,455,80,192,960,0.5114453124999999,0.0
gametes_epistasis_3_way_20atts_0_2h_edm_1_1,seed_2,1,0.49,0.5114453124999999,1.0,1.0,0.0,0.09569982437657039,455,80,192,960,0.5114453124999999,0.0
gametes_epistasis_3_way_20atts_0_2h_edm_1_1,seed_2,2,0.49,0.5114453124999999,1.0,1.0,0.0,0.0959263673605361,455,80,192,960,0.5114453124999999,0.0
gametes_epistasis_3_way_20atts_0_2h_edm_1_1,seed_2,0,0.5,0.5114453124999999,1.0,1.0,0.0,0.09702261727575252,455,80,192,960,0.5114453124999999,0.0
gametes_epistasis_3_way_20atts_0_2h_edm_1_1,seed_2,1,0.5,0.5114453124999999,1.0,1.0,0.0,0.09754351329510356,455,80,192,960,0.5114453124999999,0.0
gametes_epistasis_3_way_20atts_0_2h_edm_1_1,seed_2,2,0.5,0.5114453124999999,1.0,1.0,0.0,0.09614599646551733,455,80,192,960,0.5114453124999999,0.0
gametes_epistasis_3_way_20atts_0_2h_edm_1_1,seed_2,0,0.75,0.516640625,0.9120879120879121,0.8875,0.008977674210537613,0.13532578712740642,455,80,192,960,0.5114453124999999,0.005195312500000049
gametes_epistasis_3_way_20atts_0_2h_edm_1_1,seed_2,1,0.75,0.5112109375,0.9164835164835164,0.9125,0.01666636716753624,0.14930218632311498,455,80,192,960,0.5114453124999999,-0.00023437499999989786
gametes_epistasis_3_way_20atts_0_2h_edm_1_1,seed_2,2,0.75,0.5032812499999999,0.9481641468682506,0.9375,0.012622099190651208,0.1519864017695277,463,80,192,960,0.5114453124999999,-0.008164062500000013
gametes_epistasis_3_way_20atts_0_2h_edm_1_1,seed_2,0,1.0,0.5044921875,0.8478260869565217,0.8625,0.03923255670318249,0.22870943667297827,460,80,192,960,0.5114453124999999,-0.006953124999999893
gametes_epistasis_3_way_20atts_0_2h_edm_1_1,seed_2,1,1.0,0.511484375,0.8209606986899564,0.8125,0.0398081678577326,0.2431742087940291,458,80,192,960,0.5114453124999999,3.9062500000075495e-05
gametes_epistasis_3_way_20atts_0_2h_edm_1_1,seed_2,2,1.0,0.5195703125,0.8301075268817204,0.9,0.05059391811398143,0.24138354190119415,465,80,192,960,0.5114453124999999,0.008125000000000049
gametes_epistasis_3_way_20atts_0_2h_edm_1_1,seed_2,0,1.5,0.511953125,0.6563876651982379,0.6375,0.09488281402882115,0.3927680718572761,454,80,192,960,0.5114453124999999,0.0005078125000000933
gametes_epistasis_3_way_20atts_0_2h_edm_1_1,seed_2,1,1.5,0.50984375,0.6738197424892703,0.6375,0.08797230290040613,0.36783981249984204,466,80,192,960,0.5114453124999999,-0.0016015624999998757
gametes_epistasis_3_way_20atts_0_2h_edm_1_1,seed_2,2,1.5,0.496171875,0.6724137931034483,0.65,0.08053788535425731,0.36479721250011826,464,80,192,960,0.5114453124999999,-0.015273437499999931
gametes_epistasis_3_way_20atts_0_2h_edm_1_1,seed_2,0,2.0,0.49136718749999997,0.5769230769230769,0.5875,0.12934861596901093,0.6283167546754503,468,80,192,960,0.5114453124999999,-0.020078124999999947
gametes_epistasis_3_way_20atts_0_2h_edm_1_1,seed_2,1,2.0,0.5188671874999999,0.6123348017621145,0.6,0.11741675753025507,0.5733674635434628,454,80,192,960,0.5114453124999999,0.007421875000000022
gametes_epistasis_3_way_20atts_0_2h_edm_1_1,seed_2,2,2.0,0.50296875,0.5982532751091703,0.5375,0.11946608289938901,0.6022771380472134,458,80,192,960,0.5114453124999999,-0.008476562499999951
gametes_heterogeneity_20atts_1600_het_0_4_0_2_50_edm_2_001,seed_0,0,0.0,0.69265625,1.0,1.0,0.0,0.0,455,80,192,960,0.69265625,0.0
gametes_heterogeneity_20atts_1600_het_0_4_0_2_50_edm_2_001,seed_0,1,0.0,0.69265625,1.0,1.0,0.0,0.0,455,80,192,960,0.69265625,0.0
gametes_heterogeneity_20atts_1600_het_0_4_0_2_50_edm_2_001,seed_0,2,0.0,0.69265625,1.0,1.0,0.0,0.0,455,80,192,960,0.69265625,0.0
gametes_heterogeneity_20atts_1600_het_0_4_0_2_50_edm_2_001,seed_0,0,0.25,0.69265625,1.0,1.0,0.0,0.2641197567570392,455,80,192,960,0.69265625,0.0
gametes_heterogeneity_20atts_1600_het_0_4_0_2_50_edm_2_001,seed_0,1,0.25,0.69265625,1.0,1.0,0.0,0.26340387724079406,455,80,192,960,0.69265625,0.0
gametes_heterogeneity_20atts_1600_het_0_4_0_2_50_edm_2_001,seed_0,2,0.25,0.69265625,1.0,1.0,0.0,0.2655061142961318,455,80,192,960,0.69265625,0.0
gametes_heterogeneity_20atts_1600_het_0_4_0_2_50_edm_2_001,seed_0,0,0.49,0.69265625,1.0,1.0,0.0,0.5159439083507328,455,80,192,960,0.69265625,0.0
gametes_heterogeneity_20atts_1600_het_0_4_0_2_50_edm_2_001,seed_0,1,0.49,0.69265625,1.0,1.0,0.0,0.5204811823576487,455,80,192,960,0.69265625,0.0
gametes_heterogeneity_20atts_1600_het_0_4_0_2_50_edm_2_001,seed_0,2,0.49,0.69265625,1.0,1.0,0.0,0.5208810071844849,455,80,192,960,0.69265625,0.0
gametes_heterogeneity_20atts_1600_het_0_4_0_2_50_edm_2_001,seed_0,0,0.5,0.69265625,1.0,1.0,0.0,0.5302244854497826,455,80,192,960,0.69265625,0.0
gametes_heterogeneity_20atts_1600_het_0_4_0_2_50_edm_2_001,seed_0,1,0.5,0.69265625,1.0,1.0,0.0,0.5263167576829134,455,80,192,960,0.69265625,0.0
gametes_heterogeneity_20atts_1600_het_0_4_0_2_50_edm_2_001,seed_0,2,0.5,0.69265625,1.0,1.0,0.0,0.5289184329693226,455,80,192,960,0.69265625,0.0
gametes_heterogeneity_20atts_1600_het_0_4_0_2_50_edm_2_001,seed_0,0,0.75,0.67240234375,0.9096916299559471,0.9125,0.03300194163512458,1.066194198521155,454,80,192,960,0.69265625,-0.02025390625000001
gametes_heterogeneity_20atts_1600_het_0_4_0_2_50_edm_2_001,seed_0,1,0.75,0.6518750000000001,0.9277899343544858,0.9125,0.020303137936431147,0.7833806722541251,457,80,192,960,0.69265625,-0.04078124999999988
gametes_heterogeneity_20atts_1600_het_0_4_0_2_50_edm_2_001,seed_0,2,0.75,0.6327343750000001,0.9190371991247265,0.9625,0.026051131737147945,0.7650508661710197,457,80,192,960,0.69265625,-0.0599218749999999
gametes_heterogeneity_20atts_1600_het_0_4_0_2_50_edm_2_001,seed_0,0,1.0,0.6111523437499999,0.7904967602591793,0.725,0.06213459541082098,1.1290265990699795,463,80,192,960,0.69265625,-0.08150390625000004
gametes_heterogeneity_20atts_1600_het_0_4_0_2_50_edm_2_001,seed_0,1,1.0,0.6413671875,0.8448275862068966,0.8875,0.05149983847516839,1.2188625052728546,464,80,192,960,0.69265625,-0.05128906249999998
gametes_heterogeneity_20atts_1600_het_0_4_0_2_50_edm_2_001,seed_0,2,1.0,0.67236328125,0.8268398268398268,0.8375,0.04365162794602043,1.2019068487770115,462,80,192,960,0.69265625,-0.020292968749999973
gametes_heterogeneity_20atts_1600_het_0_4_0_2_50_edm_2_001,seed_0,0,1.5,0.6244921874999998,0.7205240174672489,0.7,0.0695754326986529,2.1266384998025907,458,80,192,960,0.69265625,-0.06816406250000018
gametes_heterogeneity_20atts_1600_het_0_4_0_2_50_edm_2_001,seed_0,1,1.5,0.6140820312499999,0.6991150442477876,0.7375,0.07679898990775481,2.128409682007211,452,80,192,960,0.69265625,-0.07857421875000004
gametes_heterogeneity_20atts_1600_het_0_4_0_2_50_edm_2_001,seed_0,2,1.5,0.6193164062500001,0.6479481641468683,0.65,0.11937890643771663,2.3741626343225493,463,80,192,960,0.69265625,-0.07333984374999991
gametes_heterogeneity_20atts_1600_het_0_4_0_2_50_edm_2_001,seed_0,0,2.0,0.5124023437499999,0.5814977973568282,0.6,0.14764061167890022,2.5002883342345026,454,80,192,960,0.69265625,-0.18025390625000004
gametes_heterogeneity_20atts_1600_het_0_4_0_2_50_edm_2_001,seed_0,1,2.0,0.5939453125,0.5726872246696035,0.575,0.16143780157797788,3.1559493162521592,454,80,192,960,0.69265625,-0.09871093749999993
gametes_heterogeneity_20atts_1600_het_0_4_0_2_50_edm_2_001,seed_0,2,2.0,0.6255078125,0.5584988962472406,0.675,0.16470255338105666,3.143789257161808,453,80,192,960,0.69265625,-0.06714843749999999
gametes_heterogeneity_20atts_1600_het_0_4_0_2_50_edm_2_001,seed_1,0,0.0,0.69265625,1.0,1.0,0.0,0.0,455,80,192,960,0.69265625,0.0
gametes_heterogeneity_20atts_1600_het_0_4_0_2_50_edm_2_001,seed_1,1,0.0,0.69265625,1.0,1.0,0.0,0.0,455,80,192,960,0.69265625,0.0
gametes_heterogeneity_20atts_1600_het_0_4_0_2_50_edm_2_001,seed_1,2,0.0,0.69265625,1.0,1.0,0.0,0.0,455,80,192,960,0.69265625,0.0
gametes_heterogeneity_20atts_1600_het_0_4_0_2_50_edm_2_001,seed_1,0,0.25,0.69265625,1.0,1.0,0.0,0.2616653025105406,455,80,192,960,0.69265625,0.0
gametes_heterogeneity_20atts_1600_het_0_4_0_2_50_edm_2_001,seed_1,1,0.25,0.69265625,1.0,1.0,0.0,0.26561876578060234,455,80,192,960,0.69265625,0.0
gametes_heterogeneity_20atts_1600_het_0_4_0_2_50_edm_2_001,seed_1,2,0.25,0.69265625,1.0,1.0,0.0,0.2643123699683777,455,80,192,960,0.69265625,0.0
gametes_heterogeneity_20atts_1600_het_0_4_0_2_50_edm_2_001,seed_1,0,0.49,0.69265625,1.0,1.0,0.0,0.5208641016893749,455,80,192,960,0.69265625,0.0
gametes_heterogeneity_20atts_1600_het_0_4_0_2_50_edm_2_001,seed_1,1,0.49,0.69265625,1.0,1.0,0.0,0.5135182569786338,455,80,192,960,0.69265625,0.0
gametes_heterogeneity_20atts_1600_het_0_4_0_2_50_edm_2_001,seed_1,2,0.49,0.69265625,1.0,1.0,0.0,0.5113647601226055,455,80,192,960,0.69265625,0.0
gametes_heterogeneity_20atts_1600_het_0_4_0_2_50_edm_2_001,seed_1,0,0.5,0.69265625,1.0,1.0,0.0,0.5275048758737447,455,80,192,960,0.69265625,0.0
gametes_heterogeneity_20atts_1600_het_0_4_0_2_50_edm_2_001,seed_1,1,0.5,0.69265625,1.0,1.0,0.0,0.524023718939444,455,80,192,960,0.69265625,0.0
gametes_heterogeneity_20atts_1600_het_0_4_0_2_50_edm_2_001,seed_1,2,0.5,0.69265625,1.0,1.0,0.0,0.526533148996451,455,80,192,960,0.69265625,0.0
gametes_heterogeneity_20atts_1600_het_0_4_0_2_50_edm_2_001,seed_1,0,0.75,0.6502148437499999,0.9337748344370861,0.9875,0.018862504810139895,0.6731453382744554,453,80,192,960,0.69265625,-0.042441406250000036
gametes_heterogeneity_20atts_1600_het_0_4_0_2_50_edm_2_001,seed_1,1,0.75,0.64478515625,0.9172113289760349,0.9625,0.02925375051226014,0.855159320962236,459,80,192,960,0.69265625,-0.04787109374999998
gametes_heterogeneity_20atts_1600_het_0_4_0_2_50_edm_2_001,seed_1,2,0.75,0.63669921875,0.9327548806941431,0.9625,0.019322986537050592,0.6653262927147731,461,80,192,960,0.69265625,-0.055957031249999956
gametes_heterogeneity_20atts_1600_het_0_4_0_2_50_edm_2_001,seed_1,0,1.0,0.6662890625,0.8468271334792122,0.85,0.047309604098521106,1.263387867995923,457,80,192,960,0.69265625,-0.0263671875
gametes_heterogeneity_20atts_1600_het_0_4_0_2_50_edm_2_001,seed_1,1,1.0,0.6482812499999999,0.8077753779697624,0.7875,0.051634227230935935,1.2514226261310029,463,80,192,960,0.69265625,-0.04437500000000005
gametes_heterogeneity_20atts_1600_het_0_4_0_2_50_edm_2_001,seed_1,2,1.0,0.598515625,0.8311688311688312,0.8625,0.060813394827608634,1.3278296227914588,462,80,192,960,0.69265625,-0.09414062499999998
gametes_heterogeneity_20atts_1600_het_0_4_0_2_50_edm_2_001,seed_1,0,1.5,0.6727148437500001,0.7108167770419426,0.7375,0.09801670194765752,2.4600152162814117,453,80,192,960,0.69265625,-0.01994140624999985
gametes_heterogeneity_20atts_1600_het_0_4_0_2_50_edm_2_001,seed_1,1,1.5,0.6331445312499999,0.6335540838852097,0.5875,0.1443798566789675,3.103772382402317,453,80,192,960,0.69265625,-0.05951171875000005
gametes_heterogeneity_20atts_1600_het_0_4_0_2_50_edm_2_001,seed_1,2,1.5,0.63318359375,0.7195652173913043,0.725,0.09831270366566179,2.359413518081183,460,80,192,960,0.69265625,-0.05947265624999998
gametes_heterogeneity_20atts_1600_het_0_4_0_2_50_edm_2_001,seed_1,0,2.0,0.6666796875000001,0.6074561403508771,0.65,0.15985687266246149,4.407174179619285,456,80,192,960,0.69265625,-0.02597656249999991
gametes_heterogeneity_20atts_1600_het_0_4_0_2_50_edm_2_001,seed_1,1,2.0,0.65025390625,0.6048565121412803,0.5875,0.13718865245014394,3.693421259565509,453,80,192,960,0.69265625,-0.04240234374999996
gametes_heterogeneity_20atts_1600_het_0_4_0_2_50_edm_2_001,seed_1,2,2.0,0.6473046875000001,0.5995670995670995,0.6875,0.14351102144296923,2.849379745839169,462,80,192,960,0.69265625,-0.04535156249999983
gametes_heterogeneity_20atts_1600_het_0_4_0_2_50_edm_2_001,seed_2,0,0.0,0.69265625,1.0,1.0,0.0,0.0,455,80,192,960,0.69265625,0.0
gametes_heterogeneity_20atts_1600_het_0_4_0_2_50_edm_2_001,seed_2,1,0.0,0.69265625,1.0,1.0,0.0,0.0,455,80,192,960,0.69265625,0.0
gametes_heterogeneity_20atts_1600_het_0_4_0_2_50_edm_2_001,seed_2,2,0.0,0.69265625,1.0,1.0,0.0,0.0,455,80,192,960,0.69265625,0.0
gametes_heterogeneity_20atts_1600_het_0_4_0_2_50_edm_2_001,seed_2,0,0.25,0.69265625,1.0,1.0,0.0,0.26378005050885345,455,80,192,960,0.69265625,0.0
gametes_heterogeneity_20atts_1600_het_0_4_0_2_50_edm_2_001,seed_2,1,0.25,0.69265625,1.0,1.0,0.0,0.2639365152521219,455,80,192,960,0.69265625,0.0
gametes_heterogeneity_20atts_1600_het_0_4_0_2_50_edm_2_001,seed_2,2,0.25,0.69265625,1.0,1.0,0.0,0.26412770773692557,455,80,192,960,0.69265625,0.0
gametes_heterogeneity_20atts_1600_het_0_4_0_2_50_edm_2_001,seed_2,0,0.49,0.69265625,1.0,1.0,0.0,0.5174854169445156,455,80,192,960,0.69265625,0.0
gametes_heterogeneity_20atts_1600_het_0_4_0_2_50_edm_2_001,seed_2,1,0.49,0.69265625,1.0,1.0,0.0,0.5185502462315951,455,80,192,960,0.69265625,0.0
gametes_heterogeneity_20atts_1600_het_0_4_0_2_50_edm_2_001,seed_2,2,0.49,0.69265625,1.0,1.0,0.0,0.5217308744886965,455,80,192,960,0.69265625,0.0
gametes_heterogeneity_20atts_1600_het_0_4_0_2_50_edm_2_001,seed_2,0,0.5,0.69265625,1.0,1.0,0.0,0.5298221885421474,455,80,192,960,0.69265625,0.0
gametes_heterogeneity_20atts_1600_het_0_4_0_2_50_edm_2_001,seed_2,1,0.5,0.69265625,1.0,1.0,0.0,0.5235042810994958,455,80,192,960,0.69265625,0.0
gametes_heterogeneity_20atts_1600_het_0_4_0_2_50_edm_2_001,seed_2,2,0.5,0.69265625,1.0,1.0,0.0,0.5265963708727086,455,80,192,960,0.69265625,0.0
gametes_heterogeneity_20atts_1600_het_0_4_0_2_50_edm_2_001,seed_2,0,0.75,0.6692968749999999,0.9157667386609071,0.875,0.025230346276652285,0.910171403209384,463,80,192,960,0.69265625,-0.02335937500000007
gametes_heterogeneity_20atts_1600_het_0_4_0_2_50_edm_2_001,seed_2,1,0.75,0.6673046874999999,0.9431072210065645,0.9375,0.02138750451174784,0.8836007394863599,457,80,192,960,0.69265625,-0.025351562500000036
gametes_heterogeneity_20atts_1600_het_0_4_0_2_50_edm_2_001,seed_2,2,0.75,0.66400390625,0.9148471615720524,0.8875,0.029710016684103852,0.9088032301570174,458,80,192,960,0.69265625,-0.02865234374999992
gametes_heterogeneity_20atts_1600_het_0_4_0_2_50_edm_2_001,seed_2,0,1.0,0.6298828124999999,0.8405172413793104,0.85,0.06347810661829403,1.3385825728117866,464,80,192,960,0.69265625,-0.06277343750000008
gametes_heterogeneity_20atts_1600_het_0_4_0_2_50_edm_2_001,seed_2,1,1.0,0.64185546875,0.8673913043478261,0.8625,0.03838351154090316,1.1304159355596686,460,80,192,960,0.69265625,-0.05080078124999998
gametes_heterogeneity_20atts_1600_het_0_4_0_2_50_edm_2_001,seed_2,2,1.0,0.7202734375,0.7931769722814499,0.8125,0.08799826140082294,1.967459986851121,469,80,192,960,0.69265625,0.027617187499999973
gametes_heterogeneity_20atts_1600_het_0_4_0_2_50_edm_2_001,seed_2,0,1.5,0.692734375,0.6958424507658644,0.675,0.11565020122859064,3.1130237727764394,457,80,192,960,0.69265625,7.812500000003997e-05
gametes_heterogeneity_20atts_1600_het_0_4_0_2_50_edm_2_001,seed_2,1,1.5,0.634453125,0.6767895878524945,0.7125,0.11543161178891258,2.4234195757320127,461,80,192,960,0.69265625,-0.05820312500000002
gametes_heterogeneity_20atts_1600_het_0_4_0_2_50_edm_2_001,seed_2,2,1.5,0.55919921875,0.6995614035087719,0.6875,0.09276927095448019,2.0838065747688796,456,80,192,960,0.69265625,-0.13345703124999997
gametes_heterogeneity_20atts_1600_het_0_4_0_2_50_edm_2_001,seed_2,0,2.0,0.60708984375,0.6013215859030837,0.5375,0.13772568002450092,2.9956246613779793,454,80,192,960,0.69265625,-0.08556640625
gametes_heterogeneity_20atts_1600_het_0_4_0_2_50_edm_2_001,seed_2,1,2.0,0.62658203125,0.6114649681528662,0.5875,0.1432245844124211,3.6616080900760455,471,80,192,960,0.69265625,-0.06607421874999997
gametes_heterogeneity_20atts_1600_het_0_4_0_2_50_edm_2_001,seed_2,2,2.0,0.7229296875,0.49141630901287553,0.5375,0.2925586407555893,8.358897032756467,466,80,192,960,0.69265625,0.0302734375
gametes_heterogeneity_20atts_1600_het_0_4_0_2_75_edm_2_001,seed_0,0,0.0,0.519296875,1.0,1.0,0.0,0.0,475,80,192,960,0.519296875,0.0
gametes_heterogeneity_20atts_1600_het_0_4_0_2_75_edm_2_001,seed_0,1,0.0,0.519296875,1.0,1.0,0.0,0.0,475,80,192,960,0.519296875,0.0
gametes_heterogeneity_20atts_1600_het_0_4_0_2_75_edm_2_001,seed_0,2,0.0,0.519296875,1.0,1.0,0.0,0.0,475,80,192,960,0.519296875,0.0
gametes_heterogeneity_20atts_1600_het_0_4_0_2_75_edm_2_001,seed_0,0,0.25,0.519296875,1.0,1.0,0.0,0.09780171387833028,475,80,192,960,0.519296875,0.0
gametes_heterogeneity_20atts_1600_het_0_4_0_2_75_edm_2_001,seed_0,1,0.25,0.519296875,1.0,1.0,0.0,0.09754473879449446,475,80,192,960,0.519296875,0.0
gametes_heterogeneity_20atts_1600_het_0_4_0_2_75_edm_2_001,seed_0,2,0.25,0.519296875,1.0,1.0,0.0,0.0973294685752831,475,80,192,960,0.519296875,0.0
gametes_heterogeneity_20atts_1600_het_0_4_0_2_75_edm_2_001,seed_0,0,0.49,0.519296875,1.0,1.0,0.0,0.18910604323960334,475,80,192,960,0.519296875,0.0
gametes_heterogeneity_20atts_1600_het_0_4_0_2_75_edm_2_001,seed_0,1,0.49,0.519296875,1.0,1.0,0.0,0.19015994291685273,475,80,192,960,0.519296875,0.0
gametes_heterogeneity_20atts_1600_het_0_4_0_2_75_edm_2_001,seed_0,2,0.49,0.519296875,1.0,1.0,0.0,0.19389539498587596,475,80,192,960,0.519296875,0.0
gametes_heterogeneity_20atts_1600_het_0_4_0_2_75_edm_2_001,seed_0,0,0.5,0.519296875,1.0,1.0,0.0,0.19336812903449946,475,80,192,960,0.519296875,0.0
gametes_heterogeneity_20atts_1600_het_0_4_0_2_75_edm_2_001,seed_0,1,0.5,0.519296875,1.0,1.0,0.0,0.1969489024714585,475,80,192,960,0.519296875,0.0
gametes_heterogeneity_20atts_1600_het_0_4_0_2_75_edm_2_001,seed_0,2,0.5,0.519296875,1.0,1.0,0.0,0.19494291018767487,475,80,192,960,0.519296875,0.0
gametes_heterogeneity_20atts_1600_het_0_4_0_2_75_edm_2_001,seed_0,0,0.75,0.5087499999999999,0.9123931623931624,0.925,0.031207390424287093,0.38309140570784195,468,80,192,960,0.519296875,-0.010546875000000067
gametes_heterogeneity_20atts_1600_het_0_4_0_2_75_edm_2_001,seed_0,1,0.75,0.5928125,0.9138655462184874,0.975,0.031575633939541776,0.5502032189775518,476,80,192,960,0.519296875,0.07351562499999997
gametes_heterogeneity_20atts_1600_het_0_4_0_2_75_edm_2_001,seed_0,2,0.75,0.5165234375000001,0.9053763440860215,0.9125,0.0346071730374703,0.34912632502746765,465,80,192,960,0.519296875,-0.00277343749999992
gametes_heterogeneity_20atts_1600_het_0_4_0_2_75_edm_2_001,seed_0,0,1.0,0.4878515625,0.8362445414847162,0.8875,0.050501898800599875,0.4042967756128817,458,80,192,960,0.519296875,-0.03144531249999999
gametes_heterogeneity_20atts_1600_het_0_4_0_2_75_edm_2_001,seed_0,1,1.0,0.5122265625,0.8282608695652174,0.875,0.042206338849499224,0.4108038619330528,460,80,192,960,0.519296875,-0.007070312500000009
gametes_heterogeneity_20atts_1600_het_0_4_0_2_75_edm_2_001,seed_0,2,1.0,0.5130078125,0.8254310344827587,0.8375,0.055626681706467736,0.5957831894105358,464,80,192,960,0.519296875,-0.006289062499999942
gametes_heterogeneity_20atts_1600_het_0_4_0_2_75_edm_2_001,seed_0,0,1.5,0.5228906249999999,0.7013274336283186,0.7625,0.10144156802850725,1.1531917438553472,452,80,192,960,0.519296875,0.003593749999999951
gametes_heterogeneity_20atts_1600_het_0_4_0_2_75_edm_2_001,seed_0,1,1.5,0.6984765625,0.6614699331848553,0.5875,0.13107560515871672,2.699729126003291,449,80,192,960,0.519296875,0.17917968750000002
gametes_heterogeneity_20atts_1600_het_0_4_0_2_75_edm_2_001,seed_0,2,1.5,0.6395703125,0.6752688172043011,0.675,0.11465306371596459,2.322184550326886,465,80,192,960,0.519296875,0.12027343749999997
gametes_heterogeneity_20atts_1600_het_0_4_0_2_75_edm_2_001,seed_0,0,2.0,0.5096875,0.5827814569536424,0.5125,0.13736814718733886,1.4970782246290544,453,80,192,960,0.519296875,-0.009609375000000031
gametes_heterogeneity_20atts_1600_het_0_4_0_2_75_edm_2_001,seed_0,1,2.0,0.5641406250000001,0.5892857142857143,0.625,0.16952499291291995,3.5865368087820912,448,80,192,960,0.519296875,0.04484375000000007
gametes_heterogeneity_20atts_1600_het_0_4_0_2_75_edm_2_001,seed_0,2,2.0,0.5415234375000001,0.5804988662131519,0.6125,0.14664337300062114,2.3312440790509945,441,80,192,960,0.519296875,0.022226562500000102
gametes_heterogeneity_20atts_1600_het_0_4_0_2_75_edm_2_001,seed_1,0,0.0,0.519296875,1.0,1.0,0.0,0.0,475,80,192,960,0.519296875,0.0
gametes_heterogeneity_20atts_1600_het_0_4_0_2_75_edm_2_001,seed_1,1,0.0,0.519296875,1.0,1.0,0.0,0.0,475,80,192,960,0.519296875,0.0
gametes_heterogeneity_20atts_1600_het_0_4_0_2_75_edm_2_001,seed_1,2,0.0,0.519296875,1.0,1.0,0.0,0.0,475,80,192,960,0.519296875,0.0
gametes_heterogeneity_20atts_1600_het_0_4_0_2_75_edm_2_001,seed_1,0,0.25,0.519296875,1.0,1.0,0.0,0.09830176442887606,475,80,192,960,0.519296875,0.0
gametes_heterogeneity_20atts_1600_het_0_4_0_2_75_edm_2_001,seed_1,1,0.25,0.519296875,1.0,1.0,0.0,0.09734390295833413,475,80,192,960,0.519296875,0.0
gametes_heterogeneity_20atts_1600_het_0_4_0_2_75_edm_2_001,seed_1,2,0.25,0.519296875,1.0,1.0,0.0,0.09716896892050177,475,80,192,960,0.519296875,0.0
gametes_heterogeneity_20atts_1600_het_0_4_0_2_75_edm_2_001,seed_1,0,0.49,0.519296875,1.0,1.0,0.0,0.19058187473110097,475,80,192,960,0.519296875,0.0
gametes_heterogeneity_20atts_1600_het_0_4_0_2_75_edm_2_001,seed_1,1,0.49,0.519296875,1.0,1.0,0.0,0.19176176899349295,475,80,192,960,0.519296875,0.0
gametes_heterogeneity_20atts_1600_het_0_4_0_2_75_edm_2_001,seed_1,2,0.49,0.519296875,1.0,1.0,0.0,0.1934485902487253,475,80,192,960,0.519296875,0.0
gametes_heterogeneity_20atts_1600_het_0_4_0_2_75_edm_2_001,seed_1,0,0.5,0.519296875,1.0,1.0,0.0,0.19751193136925074,475,80,192,960,0.519296875,0.0
gametes_heterogeneity_20atts_1600_het_0_4_0_2_75_edm_2_001,seed_1,1,0.5,0.519296875,1.0,1.0,0.0,0.19712185423302872,475,80,192,960,0.519296875,0.0
gametes_heterogeneity_20atts_1600_het_0_4_0_2_75_edm_2_001,seed_1,2,0.5,0.519296875,1.0,1.0,0.0,0.19476513726228142,475,80,192,960,0.519296875,0.0
gametes_heterogeneity_20atts_1600_het_0_4_0_2_75_edm_2_001,seed_1,0,0.75,0.5649218749999999,0.9337606837606838,0.9125,0.016647720260713428,0.4425815961954339,468,80,192,960,0.519296875,0.045624999999999916
gametes_heterogeneity_20atts_1600_het_0_4_0_2_75_edm_2_001,seed_1,1,0.75,0.5308203125000001,0.9391304347826087,0.975,0.012209267418438696,0.3064451129013703,460,80,192,960,0.519296875,0.011523437500000067
gametes_heterogeneity_20atts_1600_het_0_4_0_2_75_edm_2_001,seed_1,2,0.75,0.5744140625,0.9395248380129589,0.975,0.0201092758464554,0.4274731818760716,463,80,192,960,0.519296875,0.05511718750000005
gametes_heterogeneity_20atts_1600_het_0_4_0_2_75_edm_2_001,seed_1,0,1.0,0.5537109375,0.814498933901919,0.8625,0.0526521424148243,0.6278598392147805,469,80,192,960,0.519296875,0.03441406250000001
gametes_heterogeneity_20atts_1600_het_0_4_0_2_75_edm_2_001,seed_1,1,1.0,0.6901953124999999,0.8040816326530612,0.8875,0.08644615560927078,1.7157999765516605,490,80,192,960,0.519296875,0.1708984374999999
gametes_heterogeneity_20atts_1600_het_0_4_0_2_75_edm_2_001,seed_1,2,1.0,0.50796875,0.8408071748878924,0.875,0.044084555731094,0.43130589087111343,446,80,192,960,0.519296875,-0.011328125000000022
gametes_heterogeneity_20atts_1600_het_0_4_0_2_75_edm_2_001,seed_1,0,1.5,0.506328125,0.6568848758465011,0.575,0.10740946526824867,0.7092873374676607,443,80,192,960,0.519296875,-0.012968749999999973
gametes_heterogeneity_20atts_1600_het_0_4_0_2_75_edm_2_001,seed_1,1,1.5,0.484609375,0.6422222222222222,0.75,0.127555628992462,1.183818134823994,450,80,192,960,0.519296875,-0.03468749999999998
gametes_heterogeneity_20atts_1600_het_0_4_0_2_75_edm_2_001,seed_1,2,1.5,0.488046875,0.6986899563318777,0.75,0.09791837391821026,0.6704709777076397,458,80,192,960,0.519296875,-0.03125
gametes_heterogeneity_20atts_1600_het_0_4_0_2_75_edm_2_001,seed_1,0,2.0,0.4883203125,0.5363636363636364,0.5625,0.14625988223135702,1.208121515716332,440,80,192,960,0.519296875,-0.03097656249999997
gametes_heterogeneity_20atts_1600_het_0_4_0_2_75_edm_2_001,seed_1,1,2.0,0.5134765625,0.6039823008849557,0.7,0.14456292852414732,1.442251924111614,452,80,192,960,0.519296875,-0.0058203125000000355
gametes_heterogeneity_20atts_1600_het_0_4_0_2_75_edm_2_001,seed_1,2,2.0,0.5841015625,0.55,0.5375,0.1463172918603787,1.686996328737782,460,80,192,960,0.519296875,0.06480468750000001
gametes_heterogeneity_20atts_1600_het_0_4_0_2_75_edm_2_001,seed_2,0,0.0,0.519296875,1.0,1.0,0.0,0.0,475,80,192,960,0.519296875,0.0
gametes_heterogeneity_20atts_1600_het_0_4_0_2_75_edm_2_001,seed_2,1,0.0,0.519296875,1.0,1.0,0.0,0.0,475,80,192,960,0.519296875,0.0
gametes_heterogeneity_20atts_1600_het_0_4_0_2_75_edm_2_001,seed_2,2,0.0,0.519296875,1.0,1.0,0.0,0.0,475,80,192,960,0.519296875,0.0
gametes_heterogeneity_20atts_1600_het_0_4_0_2_75_edm_2_001,seed_2,0,0.25,0.519296875,1.0,1.0,0.0,0.09727992215839258,475,80,192,960,0.519296875,0.0
gametes_heterogeneity_20atts_1600_het_0_4_0_2_75_edm_2_001,seed_2,1,0.25,0.519296875,1.0,1.0,0.0,0.09791058980207201,475,80,192,960,0.519296875,0.0
gametes_heterogeneity_20atts_1600_het_0_4_0_2_75_edm_2_001,seed_2,2,0.25,0.519296875,1.0,1.0,0.0,0.09671818156595495,475,80,192,960,0.519296875,0.0
gametes_heterogeneity_20atts_1600_het_0_4_0_2_75_edm_2_001,seed_2,0,0.49,0.519296875,1.0,1.0,0.0,0.18806239079350698,475,80,192,960,0.519296875,0.0
gametes_heterogeneity_20atts_1600_het_0_4_0_2_75_edm_2_001,seed_2,1,0.49,0.519296875,1.0,1.0,0.0,0.19278465576743561,475,80,192,960,0.519296875,0.0
gametes_heterogeneity_20atts_1600_het_0_4_0_2_75_edm_2_001,seed_2,2,0.49,0.519296875,1.0,1.0,0.0,0.1930105561391266,475,80,192,960,0.519296875,0.0
gametes_heterogeneity_20atts_1600_het_0_4_0_2_75_edm_2_001,seed_2,0,0.5,0.519296875,1.0,1.0,0.0,0.19211035774065163,475,80,192,960,0.519296875,0.0
gametes_heterogeneity_20atts_1600_het_0_4_0_2_75_edm_2_001,seed_2,1,0.5,0.519296875,1.0,1.0,0.0,0.19707620945392337,475,80,192,960,0.519296875,0.0
gametes_heterogeneity_20atts_1600_het_0_4_0_2_75_edm_2_001,seed_2,2,0.5,0.519296875,1.0,1.0,0.0,0.198745081214429,475,80,192,960,0.519296875,0.0
gametes_heterogeneity_20atts_1600_het_0_4_0_2_75_edm_2_001,seed_2,0,0.75,0.5040234375,0.9240506329113924,0.9625,0.019887317120000893,0.334362876294273,474,80,192,960,0.519296875,-0.015273437499999987
gametes_heterogeneity_20atts_1600_het_0_4_0_2_75_edm_2_001,seed_2,1,0.75,0.5285546875,0.9436325678496869,0.9625,0.01021840083377008,0.29390960459084053,479,80,192,960,0.519296875,0.009257812500000018
gametes_heterogeneity_20atts_1600_het_0_4_0_2_75_edm_2_001,seed_2,2,0.75,0.5463281249999999,0.9402985074626866,0.9625,0.015317964188943685,0.37065713884979723,469,80,192,960,0.519296875,0.02703124999999995
gametes_heterogeneity_20atts_1600_het_0_4_0_2_75_edm_2_001,seed_2,0,1.0,0.5085937500000001,0.824295010845987,0.8875,0.04446045416375885,0.4016860975176204,461,80,192,960,0.519296875,-0.010703124999999925
gametes_heterogeneity_20atts_1600_het_0_4_0_2_75_edm_2_001,seed_2,1,1.0,0.49640624999999994,0.8225108225108225,0.8125,0.047244247369700246,0.419350695282633,462,80,192,960,0.519296875,-0.022890625000000053
gametes_heterogeneity_20atts_1600_het_0_4_0_2_75_edm_2_001,seed_2,2,1.0,0.5225,0.8394793926247288,0.9125,0.04440229762899217,0.433215158170233,461,80,192,960,0.519296875,0.0032031249999999734
gametes_heterogeneity_20atts_1600_het_0_4_0_2_75_edm_2_001,seed_2,0,1.5,0.5105664062499999,0.6842105263157895,0.7125,0.09296496553563512,1.0836642854224248,437,80,192,960,0.519296875,-0.008730468750000053
gametes_heterogeneity_20atts_1600_het_0_4_0_2_75_edm_2_001,seed_2,1,1.5,0.479375,0.6520787746170679,0.625,0.10955560293561505,0.680048955335446,457,80,192,960,0.519296875,-0.039921874999999996
gametes_heterogeneity_20atts_1600_het_0_4_0_2_75_edm_2_001,seed_2,2,1.5,0.49320312499999996,0.6807095343680709,0.725,0.10162116550507272,0.6377637672919206,451,80,192,960,0.519296875,-0.026093750000000027
gametes_heterogeneity_20atts_1600_het_0_4_0_2_75_edm_2_001,seed_2,0,2.0,0.6152734375,0.5474613686534217,0.5875,0.16689301151047323,3.0002668860738093,453,80,192,960,0.519296875,0.09597656249999997
gametes_heterogeneity_20atts_1600_het_0_4_0_2_75_edm_2_001,seed_2,1,2.0,0.5020312499999999,0.6035242290748899,0.6,0.13343715371146686,1.3062186394601627,454,80,192,960,0.519296875,-0.017265625000000062
gametes_heterogeneity_20atts_1600_het_0_4_0_2_75_edm_2_001,seed_2,2,2.0,0.4663671875,0.625560538116592,0.6875,0.11394231335331131,0.834844213721722,446,80,192,960,0.519296875,-0.05292968749999999
hill_valley_with_noise,seed_0,0,0.0,0.5341078444655196,1.0,1.0,0.0,0.0,390,80,192,726,0.5341078444655196,0.0
hill_valley_with_noise,seed_0,1,0.0,0.5341078444655196,1.0,1.0,0.0,0.0,390,80,192,726,0.5341078444655196,0.0
hill_valley_with_noise,seed_0,2,0.0,0.5341078444655196,1.0,1.0,0.0,0.0,390,80,192,726,0.5341078444655196,0.0
hill_valley_with_noise,seed_0,0,0.25,0.5341078444655196,1.0,1.0,0.0,0.013151717539505246,390,80,192,726,0.5341078444655196,0.0
hill_valley_with_noise,seed_0,1,0.25,0.5341078444655196,1.0,1.0,0.0,0.013061016294925785,390,80,192,726,0.5341078444655196,0.0
hill_valley_with_noise,seed_0,2,0.25,0.5341078444655196,1.0,1.0,0.0,0.013192988893187655,390,80,192,726,0.5341078444655196,0.0
hill_valley_with_noise,seed_0,0,0.49,0.5341078444655196,1.0,1.0,0.0,0.025976316459429265,390,80,192,726,0.5341078444655196,0.0
hill_valley_with_noise,seed_0,1,0.49,0.5341078444655196,1.0,1.0,0.0,0.02566971060589859,390,80,192,726,0.5341078444655196,0.0
hill_valley_with_noise,seed_0,2,0.49,0.5341078444655196,1.0,1.0,0.0,0.025773035109692366,390,80,192,726,0.5341078444655196,0.0
hill_valley_with_noise,seed_0,0,0.5,0.5341078444655196,1.0,1.0,0.0,0.026328587814130694,390,80,192,726,0.5341078444655196,0.0
hill_valley_with_noise,seed_0,1,0.5,0.5341078444655196,1.0,1.0,0.0,0.026454054926720958,390,80,192,726,0.5341078444655196,0.0
hill_valley_with_noise,seed_0,2,0.5,0.5341078444655196,1.0,1.0,0.0,0.026377236425880878,390,80,192,726,0.5341078444655196,0.0
hill_valley_with_noise,seed_0,0,0.75,0.5441674569841485,0.9173553719008265,0.8875,0.0030197120864206214,0.04275528930781822,363,80,192,726,0.5341078444655196,0.010059612518628858
hill_valley_with_noise,seed_0,1,0.75,0.5549044844871969,0.9400544959128065,0.9375,0.0048343344292987225,0.04591165323068459,367,80,192,726,0.5341078444655196,0.02079664002167725
hill_valley_with_noise,seed_0,2,0.75,0.5391884568486655,0.8956043956043956,0.925,0.01207457043787564,0.04937983611035015,364,80,192,726,0.5341078444655196,0.005080612383145833
hill_valley_with_noise,seed_0,0,1.0,0.5523980490448449,0.8186813186813187,0.8875,0.022393403225560396,0.07310041187826798,364,80,192,726,0.5341078444655196,0.018290204579325287
hill_valley_with_noise,seed_0,1,1.0,0.5390191031025606,0.8292011019283747,0.8375,0.012753359427137637,0.06729032890395989,363,80,192,726,0.5341078444655196,0.004911258637041005
hill_valley_with_noise,seed_0,2,1.0,0.5494851646118412,0.814404432132964,0.85,0.017974367780497595,0.06730547241535285,361,80,192,726,0.5341078444655196,0.015377320146321538
hill_valley_with_noise,seed_0,0,1.5,0.5263514428939168,0.6344086021505376,0.5375,0.03814418764173748,0.12008373788843006,372,80,192,726,0.5341078444655196,-0.0077564015716028445
hill_valley_with_noise,seed_0,1,1.5,0.5445061644763582,0.6657534246575343,0.625,0.049423229334154724,0.13240119345983578,365,80,192,726,0.5341078444655196,0.010398320010838624
hill_valley_with_noise,seed_0,2,1.5,0.5415255385449127,0.6777777777777778,0.675,0.04244496576811742,0.12276060887291358,360,80,192,726,0.5341078444655196,0.007417694079393078
hill_valley_with_noise,seed_0,0,2.0,0.5451835794607777,0.5274725274725275,0.5625,0.07150349608889428,0.1948339393806893,364,80,192,726,0.5341078444655196,0.011075734995258046
hill_valley_with_noise,seed_0,1,2.0,0.5301788375558868,0.574025974025974,0.475,0.059030349190127694,0.18127845373639323,385,80,192,726,0.5341078444655196,-0.003929006909632826
hill_valley_with_noise,seed_0,2,2.0,0.5179853678363365,0.5423280423280423,0.55,0.06103957101380293,0.17171399640392976,378,80,192,726,0.5341078444655196,-0.01612247662918309
hill_valley_with_noise,seed_1,0,0.0,0.5341078444655196,1.0,1.0,0.0,0.0,390,80,192,726,0.5341078444655196,0.0
hill_valley_with_noise,seed_1,1,0.0,0.5341078444655196,1.0,1.0,0.0,0.0,390,80,192,726,0.5341078444655196,0.0
hill_valley_with_noise,seed_1,2,0.0,0.5341078444655196,1.0,1.0,0.0,0.0,390,80,192,726,0.5341078444655196,0.0
hill_valley_with_noise,seed_1,0,0.25,0.5341078444655196,1.0,1.0,0.0,0.013126810918329066,390,80,192,726,0.5341078444655196,0.0
hill_valley_with_noise,seed_1,1,0.25,0.5341078444655196,1.0,1.0,0.0,0.013352247793344646,390,80,192,726,0.5341078444655196,0.0
hill_valley_with_noise,seed_1,2,0.25,0.5341078444655196,1.0,1.0,0.0,0.013074493451661421,390,80,192,726,0.5341078444655196,0.0
hill_valley_with_noise,seed_1,0,0.49,0.5341078444655196,1.0,1.0,0.0,0.025947081217233908,390,80,192,726,0.5341078444655196,0.0
hill_valley_with_noise,seed_1,1,0.49,0.5341078444655196,1.0,1.0,0.0,0.025848300958527585,390,80,192,726,0.5341078444655196,0.0
hill_valley_with_noise,seed_1,2,0.49,0.5341078444655196,1.0,1.0,0.0,0.02554428925043599,390,80,192,726,0.5341078444655196,0.0
hill_valley_with_noise,seed_1,0,0.5,0.5341078444655196,1.0,1.0,0.0,0.02631908922468924,390,80,192,726,0.5341078444655196,0.0
hill_valley_with_noise,seed_1,1,0.5,0.5341078444655196,1.0,1.0,0.0,0.02664076734279597,390,80,192,726,0.5341078444655196,0.0
hill_valley_with_noise,seed_1,2,0.5,0.5341078444655196,1.0,1.0,0.0,0.026465697781648978,390,80,192,726,0.5341078444655196,0.0
hill_valley_with_noise,seed_1,0,0.75,0.5535835252675789,0.9316939890710383,0.9375,0.005235166315856227,0.04146772031593826,366,80,192,726,0.5341078444655196,0.019475680802059303
hill_valley_with_noise,seed_1,1,0.75,0.558393171656957,0.9279778393351801,0.975,0.007119421191767697,0.04447537728876615,361,80,192,726,0.5341078444655196,0.02428532719143739
hill_valley_with_noise,seed_1,2,0.75,0.5467755046741634,0.949468085106383,0.9875,0.00434061534725986,0.03844276833583092,376,80,192,726,0.5341078444655196,0.012667660208643738
hill_valley_with_noise,seed_1,0,1.0,0.5614076683376236,0.8202247191011236,0.8375,0.017478634711797166,0.07262683251233262,356,80,192,726,0.5341078444655196,0.027299823872103945
hill_valley_with_noise,seed_1,1,1.0,0.554633518493429,0.8176795580110497,0.7625,0.01903512591160909,0.07335382404642402,362,80,192,726,0.5341078444655196,0.02052567402790939
hill_valley_with_noise,seed_1,2,1.0,0.5470803414171521,0.8184357541899442,0.8625,0.01653717771360536,0.06621801031224067,358,80,192,726,0.5341078444655196,0.012972496951632495
hill_valley_with_noise,seed_1,0,1.5,0.5453868039561035,0.6584022038567493,0.7,0.047339563582914926,0.1264137390495996,363,80,192,726,0.5341078444655196,0.011278959490583884
hill_valley_with_noise,seed_1,1,1.5,0.5466738924265006,0.6555555555555556,0.6375,0.042390460430971284,0.12212187267695106,360,80,192,726,0.5341078444655196,0.01256604796098093
hill_valley_with_noise,seed_1,2,1.5,0.5428464977645305,0.6649076517150396,0.5125,0.04239864946175272,0.12937951910329334,379,80,192,726,0.5341078444655196,0.008738653299010912
hill_valley_with_noise,seed_1,0,2.0,0.538511041864246,0.6021505376344086,0.6,0.052518452461528226,0.16007559479050457,372,80,192,726,0.5341078444655196,0.004403197398726411
hill_valley_with_noise,seed_1,1,2.0,0.5341755859639615,0.5706806282722513,0.5,0.05465640785091971,0.1750852673002767,382,80,192,726,0.5341078444655196,6.774149844190891e-05
hill_valley_with_noise,seed_1,2,2.0,0.5353610621866955,0.5806451612903226,0.5625,0.048014036906937285,0.16374479433695738,372,80,192,726,0.5341078444655196,0.0012532177211759254
hill_valley_with_noise,seed_2,0,0.0,0.5341078444655196,1.0,1.0,0.0,0.0,390,80,192,726,0.5341078444655196,0.0
hill_valley_with_noise,seed_2,1,0.0,0.5341078444655196,1.0,1.0,0.0,0.0,390,80,192,726,0.5341078444655196,0.0
hill_valley_with_noise,seed_2,2,0.0,0.5341078444655196,1.0,1.0,0.0,0.0,390,80,192,726,0.5341078444655196,0.0
hill_valley_with_noise,seed_2,0,0.25,0.5341078444655196,1.0,1.0,0.0,0.013163699193929696,390,80,192,726,0.5341078444655196,0.0
hill_valley_with_noise,seed_2,1,0.25,0.5341078444655196,1.0,1.0,0.0,0.013235187887791752,390,80,192,726,0.5341078444655196,0.0
hill_valley_with_noise,seed_2,2,0.25,0.5341078444655196,1.0,1.0,0.0,0.01318106103246591,390,80,192,726,0.5341078444655196,0.0
hill_valley_with_noise,seed_2,0,0.49,0.5341078444655196,1.0,1.0,0.0,0.025870183143417103,390,80,192,726,0.5341078444655196,0.0
hill_valley_with_noise,seed_2,1,0.49,0.5341078444655196,1.0,1.0,0.0,0.025701563630166072,390,80,192,726,0.5341078444655196,0.0
hill_valley_with_noise,seed_2,2,0.49,0.5341078444655196,1.0,1.0,0.0,0.02597338781787032,390,80,192,726,0.5341078444655196,0.0
hill_valley_with_noise,seed_2,0,0.5,0.5341078444655196,1.0,1.0,0.0,0.02597113775021658,390,80,192,726,0.5341078444655196,0.0
hill_valley_with_noise,seed_2,1,0.5,0.5341078444655196,1.0,1.0,0.0,0.026348168365694778,390,80,192,726,0.5341078444655196,0.0
hill_valley_with_noise,seed_2,2,0.5,0.5341078444655196,1.0,1.0,0.0,0.026438720688224338,390,80,192,726,0.5341078444655196,0.0
hill_valley_with_noise,seed_2,0,0.75,0.559714130876575,0.9148351648351648,0.9125,0.009206948364140228,0.04523044569501003,364,80,192,726,0.5341078444655196,0.025606286411055335
hill_valley_with_noise,seed_2,1,0.75,0.554836742988755,0.9118457300275482,0.8625,0.004716736861957047,0.04020922440027096,363,80,192,726,0.5341078444655196,0.02072889852323534
hill_valley_with_noise,seed_2,2,0.75,0.5369529874000813,0.9376693766937669,0.975,0.006701416011105701,0.04409708770108165,369,80,192,726,0.5341078444655196,0.0028451429345617285
hill_valley_with_noise,seed_2,0,1.0,0.54735130741092,0.8269230769230769,0.875,0.02253494131263795,0.0676061797710165,364,80,192,726,0.5341078444655196,0.013243462945400353
hill_valley_with_noise,seed_2,1,1.0,0.5448787427177889,0.84593837535014,0.8625,0.012990360792372476,0.063266681258499,357,80,192,726,0.5341078444655196,0.01077089825226929
hill_valley_with_noise,seed_2,2,1.0,0.5487061373797588,0.7945205479452054,0.7625,0.018067374048743357,0.07191989056501172,365,80,192,726,0.5341078444655196,0.014598292914239197
hill_valley_with_noise,seed_2,0,1.5,0.5446416474732421,0.6294277929155313,0.6,0.04721239849954373,0.1304836688035313,367,80,192,726,0.5341078444655196,0.010533803007722442
hill_valley_with_noise,seed_2,1,1.5,0.5405432868175044,0.6873239436619718,0.675,0.03407294741595405,0.10401288338665658,355,80,192,726,0.5341078444655196,0.006435442351984788
hill_valley_with_noise,seed_2,2,1.5,0.5438964909903807,0.6428571428571429,0.6125,0.03919141127209413,0.12321167989256103,378,80,192,726,0.5341078444655196,0.009788646524861111
hill_valley_with_noise,seed_2,0,2.0,0.5392900690963285,0.5817694369973191,0.5875,0.06253007922398576,0.17994939329385645,373,80,192,726,0.5341078444655196,0.005182224630808863
hill_valley_with_noise,seed_2,1,2.0,0.5494512938626203,0.6128133704735376,0.575,0.044350803060094285,0.16345698991770286,359,80,192,726,0.5341078444655196,0.01534344939710064
hill_valley_with_noise,seed_2,2,2.0,0.5276385313643137,0.5915119363395226,0.675,0.06829395259466131,0.18122283721531754,377,80,192,726,0.5341078444655196,-0.006469313101205909
hill_valley_without_noise,seed_0,0,0.0,0.5168360433604337,1.0,1.0,0.0,0.0,377,80,192,726,0.5168360433604337,0.0
hill_valley_without_noise,seed_0,1,0.0,0.5168360433604337,1.0,1.0,0.0,0.0,377,80,192,726,0.5168360433604337,0.0
hill_valley_without_noise,seed_0,2,0.0,0.5168360433604337,1.0,1.0,0.0,0.0,377,80,192,726,0.5168360433604337,0.0
hill_valley_without_noise,seed_0,0,0.25,0.5168360433604337,1.0,1.0,0.0,0.01599561978584993,377,80,192,726,0.5168360433604337,0.0
hill_valley_without_noise,seed_0,1,0.25,0.5168360433604337,1.0,1.0,0.0,0.01588731910453403,377,80,192,726,0.5168360433604337,0.0
hill_valley_without_noise,seed_0,2,0.25,0.5168360433604337,1.0,1.0,0.0,0.015509734901119985,377,80,192,726,0.5168360433604337,0.0
hill_valley_without_noise,seed_0,0,0.49,0.5168360433604337,1.0,1.0,0.0,0.030749602482445862,377,80,192,726,0.5168360433604337,0.0
hill_valley_without_noise,seed_0,1,0.49,0.5168360433604337,1.0,1.0,0.0,0.0309722903175992,377,80,192,726,0.5168360433604337,0.0
hill_valley_without_noise,seed_0,2,0.49,0.5168360433604337,1.0,1.0,0.0,0.031162981344836416,377,80,192,726,0.5168360433604337,0.0
hill_valley_without_noise,seed_0,0,0.5,0.5168360433604337,1.0,1.0,0.0,0.03183859457506813,377,80,192,726,0.5168360433604337,0.0
hill_valley_without_noise,seed_0,1,0.5,0.5168360433604337,1.0,1.0,0.0,0.03131252168058433,377,80,192,726,0.5168360433604337,0.0
hill_valley_without_noise,seed_0,2,0.5,0.5168360433604337,1.0,1.0,0.0,0.031269702525791795,377,80,192,726,0.5168360433604337,0.0
hill_valley_without_noise,seed_0,0,0.75,0.5134485094850949,0.9388297872340425,0.9125,0.006621552847734306,0.052120478170423964,376,80,192,726,0.5168360433604337,-0.003387533875338744
hill_valley_without_noise,seed_0,1,0.75,0.515040650406504,0.9312169312169312,0.9125,0.005841765084506493,0.053633691899278454,378,80,192,726,0.5168360433604337,-0.0017953929539296087
hill_valley_without_noise,seed_0,2,0.75,0.5133130081300813,0.955026455026455,0.975,0.005928636695854046,0.054406642099201555,378,80,192,726,0.5168360433604337,-0.003523035230352356
hill_valley_without_noise,seed_0,0,1.0,0.5076219512195121,0.8126649076517151,0.825,0.026928318272694495,0.08256317544422442,379,80,192,726,0.5168360433604337,-0.009214092140921504
hill_valley_without_noise,seed_0,1,1.0,0.5121273712737127,0.8854166666666666,0.875,0.01689985841080201,0.07295880585504656,384,80,192,726,0.5168360433604337,-0.004708672086720989
hill_valley_without_noise,seed_0,2,1.0,0.5063685636856368,0.8567639257294429,0.85,0.02020330997556239,0.08169548512879762,377,80,192,726,0.5168360433604337,-0.010467479674796887
hill_valley_without_noise,seed_0,0,1.5,0.5057926829268292,0.7664041994750657,0.6875,0.028153494582991347,0.12558500509886303,381,80,192,726,0.5168360433604337,-0.011043360433604432
hill_valley_without_noise,seed_0,1,1.5,0.5057249322493226,0.7574931880108992,0.6375,0.034667217797431545,0.13004640151413482,367,80,192,726,0.5168360433604337,-0.011111111111111072
hill_valley_without_noise,seed_0,2,1.5,0.5039295392953931,0.7263157894736842,0.6625,0.03814602076451936,0.12119301282027725,380,80,192,726,0.5168360433604337,-0.01290650406504057
hill_valley_without_noise,seed_0,0,2.0,0.49810298102981027,0.6363636363636364,0.525,0.060604761862486915,0.199245695965892,363,80,192,726,0.5168360433604337,-0.018733062330623385
hill_valley_without_noise,seed_0,1,2.0,0.5060636856368563,0.6469002695417789,0.6375,0.057691668711130586,0.1965957066526017,371,80,192,726,0.5168360433604337,-0.01077235772357732
hill_valley_without_noise,seed_0,2,2.0,0.4976626016260162,0.667574931880109,0.6375,0.053902791742374785,0.1804038453255073,367,80,192,726,0.5168360433604337,-0.01917344173441743
hill_valley_without_noise,seed_1,0,0.0,0.5168360433604337,1.0,1.0,0.0,0.0,377,80,192,726,0.5168360433604337,0.0
hill_valley_without_noise,seed_1,1,0.0,0.5168360433604337,1.0,1.0,0.0,0.0,377,80,192,726,0.5168360433604337,0.0
hill_valley_without_noise,seed_1,2,0.0,0.5168360433604337,1.0,1.0,0.0,0.0,377,80,192,726,0.5168360433604337,0.0
hill_valley_without_noise,seed_1,0,0.25,0.5168360433604337,1.0,1.0,0.0,0.015564515282413755,377,80,192,726,0.5168360433604337,0.0
hill_valley_without_noise,seed_1,1,0.25,0.5168360433604337,1.0,1.0,0.0,0.016002496120820716,377,80,192,726,0.5168360433604337,0.0
hill_valley_without_noise,seed_1,2,0.25,0.5168360433604337,1.0,1.0,0.0,0.015190985733236328,377,80,192,726,0.5168360433604337,0.0
hill_valley_without_noise,seed_1,0,0.49,0.5168360433604337,1.0,1.0,0.0,0.030950217344926256,377,80,192,726,0.5168360433604337,0.0
hill_valley_without_noise,seed_1,1,0.49,0.5168360433604337,1.0,1.0,0.0,0.030847155204965577,377,80,192,726,0.5168360433604337,0.0
hill_valley_without_noise,seed_1,2,0.49,0.5168360433604337,1.0,1.0,0.0,0.03081330896061553,377,80,192,726,0.5168360433604337,0.0
hill_valley_without_noise,seed_1,0,0.5,0.5168360433604337,1.0,1.0,1.1779554637932695e-18,0.031945339983948606,377,80,192,726,0.5168360433604337,0.0
hill_valley_without_noise,seed_1,1,0.5,0.5168360433604337,1.0,1.0,0.0,0.03185900003864552,377,80,192,726,0.5168360433604337,0.0
hill_valley_without_noise,seed_1,2,0.5,0.5168360433604337,1.0,1.0,0.0,0.03144803987324022,377,80,192,726,0.5168360433604337,0.0
hill_valley_without_noise,seed_1,0,0.75,0.5137872628726288,0.946524064171123,0.9625,0.007739214727399173,0.0522543449830041,374,80,192,726,0.5168360433604337,-0.0030487804878048808
hill_valley_without_noise,seed_1,1,0.75,0.5182926829268293,0.9064935064935065,0.9125,0.01336170374373811,0.055818274715272946,385,80,192,726,0.5168360433604337,0.0014566395663956344
hill_valley_without_noise,seed_1,2,0.75,0.5058943089430895,0.9476439790575916,0.9625,0.006699386631405823,0.050640780770136985,382,80,192,726,0.5168360433604337,-0.01094173441734414
hill_valley_without_noise,seed_1,0,1.0,0.5172764227642276,0.8605263157894737,0.875,0.015461734251538326,0.07508475542627163,380,80,192,726,0.5168360433604337,0.0004403794037939335
hill_valley_without_noise,seed_1,1,1.0,0.5051829268292682,0.856,0.75,0.013763032858928749,0.08079692071763298,375,80,192,726,0.5168360433604337,-0.011653116531165408
hill_valley_without_noise,seed_1,2,1.0,0.5092479674796748,0.8541114058355438,0.8375,0.015426699149997487,0.07382859431403825,377,80,192,726,0.5168360433604337,-0.007588075880758827
hill_valley_without_noise,seed_1,0,1.5,0.5103319783197832,0.8047493403693932,0.75,0.02132623286728249,0.11880251785735381,379,80,192,726,0.5168360433604337,-0.006504065040650486
hill_valley_without_noise,seed_1,1,1.5,0.5039972899728997,0.76,0.7875,0.03874717115762388,0.1318767164092657,375,80,192,726,0.5168360433604337,-0.01283875338753393
hill_valley_without_noise,seed_1,2,1.5,0.5057249322493225,0.7427055702917772,0.7375,0.040168202365846055,0.13943410799306022,377,80,192,726,0.5168360433604337,-0.011111111111111183
hill_valley_without_noise,seed_1,0,2.0,0.5079607046070461,0.6587926509186351,0.6125,0.06234895267271225,0.2301411286878658,381,80,192,726,0.5168360433604337,-0.00887533875338753
hill_valley_without_noise,seed_1,1,2.0,0.5043360433604336,0.6920980926430518,0.6875,0.048412945496893144,0.18206706254459368,367,80,192,726,0.5168360433604337,-0.012500000000000067
hill_valley_without_noise,seed_1,2,2.0,0.5015243902439024,0.6246575342465753,0.425,0.07714300569439536,0.23895796970344385,365,80,192,726,0.5168360433604337,-0.015311653116531265
hill_valley_without_noise,seed_2,0,0.0,0.5168360433604337,1.0,1.0,0.0,0.0,377,80,192,726,0.5168360433604337,0.0
hill_valley_without_noise,seed_2,1,0.0,0.5168360433604337,1.0,1.0,0.0,0.0,377,80,192,726,0.5168360433604337,0.0
hill_valley_without_noise,seed_2,2,0.0,0.5168360433604337,1.0,1.0,0.0,0.0,377,80,192,726,0.5168360433604337,0.0
hill_valley_without_noise,seed_2,0,0.25,0.5168360433604337,1.0,1.0,0.0,0.0157614813111721,377,80,192,726,0.5168360433604337,0.0
hill_valley_without_noise,seed_2,1,0.25,0.5168360433604337,1.0,1.0,0.0,0.015814127421193768,377,80,192,726,0.5168360433604337,0.0
hill_valley_without_noise,seed_2,2,0.25,0.5168360433604337,1.0,1.0,0.0,0.015875377500956214,377,80,192,726,0.5168360433604337,0.0
hill_valley_without_noise,seed_2,0,0.49,0.5168360433604337,1.0,1.0,0.0,0.030496736417947767,377,80,192,726,0.5168360433604337,0.0
hill_valley_without_noise,seed_2,1,0.49,0.5168360433604337,1.0,1.0,0.0,0.030324533483210726,377,80,192,726,0.5168360433604337,0.0
hill_valley_without_noise,seed_2,2,0.49,0.5168360433604337,1.0,1.0,0.0,0.03070104288807824,377,80,192,726,0.5168360433604337,0.0
hill_valley_without_noise,seed_2,0,0.5,0.5168360433604337,1.0,1.0,0.0,0.031540558789730694,377,80,192,726,0.5168360433604337,0.0
hill_valley_without_noise,seed_2,1,0.5,0.5168360433604337,1.0,1.0,0.0,0.0317109918359525,377,80,192,726,0.5168360433604337,0.0
hill_valley_without_noise,seed_2,2,0.5,0.5168360433604337,1.0,1.0,0.0,0.031044619493339205,377,80,192,726,0.5168360433604337,0.0
hill_valley_without_noise,seed_2,0,0.75,0.5081978319783198,0.9422572178477691,0.9375,0.008764577826188828,0.055029369644328606,381,80,192,726,0.5168360433604337,-0.008638211382113847
hill_valley_without_noise,seed_2,1,0.75,0.5048780487804878,0.935656836461126,0.975,0.008847631519479288,0.05083300687336515,373,80,192,726,0.5168360433604337,-0.011957994579945841
hill_valley_without_noise,seed_2,2,0.75,0.513550135501355,0.9441489361702128,0.975,0.005043598778188153,0.05032438367965941,376,80,192,726,0.5168360433604337,-0.003285907859078674
hill_valley_without_noise,seed_2,0,1.0,0.496239837398374,0.8631578947368421,0.9,0.016972156129933528,0.07761066606003059,380,80,192,726,0.5168360433604337,-0.020596205962059633
hill_valley_without_noise,seed_2,1,1.0,0.5136178861788617,0.8820375335120644,0.925,0.016202270525527158,0.07673554693036277,373,80,192,726,0.5168360433604337,-0.0032181571815719234
hill_valley_without_noise,seed_2,2,1.0,0.5101964769647697,0.8337730870712401,0.925,0.024884405381522902,0.0853062017491323,379,80,192,726,0.5168360433604337,-0.006639566395663987
hill_valley_without_noise,seed_2,0,1.5,0.5010840108401085,0.6965699208443272,0.65,0.05424679370207261,0.1680797127352264,379,80,192,726,0.5168360433604337,-0.0157520325203252
hill_valley_without_noise,seed_2,1,1.5,0.5010840108401085,0.7229551451187335,0.75,0.038971619875929064,0.13451451808501913,379,80,192,726,0.5168360433604337,-0.0157520325203252
hill_valley_without_noise,seed_2,2,1.5,0.5137872628726288,0.7226666666666667,0.6625,0.03958635199013547,0.13808099056152026,375,80,192,726,0.5168360433604337,-0.0030487804878048808
hill_valley_without_noise,seed_2,0,2.0,0.5077913279132791,0.6266318537859008,0.5625,0.07440568111531362,0.24361218966792045,383,80,192,726,0.5168360433604337,-0.009044715447154572
hill_valley_without_noise,seed_2,1,2.0,0.5007452574525745,0.6818181818181818,0.6375,0.04289980987516843,0.18582723657910952,374,80,192,726,0.5168360433604337,-0.016090785907859173
hill_valley_without_noise,seed_2,2,2.0,0.4996273712737127,0.6492146596858639,0.625,0.059024984743451456,0.20740162458635977,382,80,192,726,0.5168360433604337,-0.017208672086720944
kr_vs_kp,seed_0,0,0.0,0.9976126179014522,1.0,1.0,0.0,0.0,486,80,192,1917,0.9976126179014522,0.0
kr_vs_kp,seed_0,1,0.0,0.9976126179014522,1.0,1.0,0.0,0.0,486,80,192,1917,0.9976126179014522,0.0
kr_vs_kp,seed_0,2,0.0,0.9976126179014522,1.0,1.0,0.0,0.0,486,80,192,1917,0.9976126179014522,0.0
kr_vs_kp,seed_0,0,0.25,0.9976126179014522,1.0,1.0,0.0,0.7678616538042607,486,80,192,1917,0.9976126179014522,0.0
kr_vs_kp,seed_0,1,0.25,0.9976126179014522,1.0,1.0,0.0,0.7642097007997352,486,80,192,1917,0.9976126179014522,0.0
kr_vs_kp,seed_0,2,0.25,0.9976126179014522,1.0,1.0,0.0,0.7644060325303839,486,80,192,1917,0.9976126179014522,0.0
kr_vs_kp,seed_0,0,0.49,0.9976126179014522,1.0,1.0,0.0,1.5171733017005633,486,80,192,1917,0.9976126179014522,0.0
kr_vs_kp,seed_0,1,0.49,0.9976126179014522,1.0,1.0,0.0,1.5081849691983185,486,80,192,1917,0.9976126179014522,0.0
kr_vs_kp,seed_0,2,0.49,0.9976126179014522,1.0,1.0,0.0,1.5097540177142388,486,80,192,1917,0.9976126179014522,0.0
kr_vs_kp,seed_0,0,0.5,0.9976126179014522,1.0,1.0,0.0,1.5225845221455079,486,80,192,1917,0.9976126179014522,0.0
kr_vs_kp,seed_0,1,0.5,0.9976126179014522,1.0,1.0,0.0,1.5308005181765225,486,80,192,1917,0.9976126179014522,0.0
kr_vs_kp,seed_0,2,0.5,0.9976126179014522,1.0,1.0,0.0,1.5258462373404953,486,80,192,1917,0.9976126179014522,0.0
kr_vs_kp,seed_0,0,0.75,0.9976272944307463,0.9304703476482618,0.9375,0.019145632285919444,2.8271975059510437,489,80,192,1917,0.9976126179014522,1.4676529294099794e-05
kr_vs_kp,seed_0,1,0.75,0.9976713240186295,0.9488752556237219,0.95,0.006751284380421521,2.523019884298245,489,80,192,1917,0.9976126179014522,5.8706117177287354e-05
kr_vs_kp,seed_0,2,0.75,0.9979012563109075,0.9326530612244898,0.95,0.015063635680879149,2.440843177800128,490,80,192,1917,0.9976126179014522,0.00028863840945536623
kr_vs_kp,seed_0,0,1.0,0.997353332550585,0.8091286307053942,0.7625,0.058285854491295336,4.49212898514322,482,80,192,1917,0.9976126179014522,-0.00025928535086716664
kr_vs_kp,seed_0,1,1.0,0.9973924699620367,0.8082474226804124,0.825,0.045583145197285596,4.990097791506238,485,80,192,1917,0.9976126179014522,-0.0002201479394154937
kr_vs_kp,seed_0,2,1.0,0.9974120386677625,0.8214285714285714,0.8875,0.05060415409720575,4.676074645192441,476,80,192,1917,0.9976126179014522,-0.00020057923368965724
kr_vs_kp,seed_0,0,1.5,0.9971723220226214,0.6285714285714286,0.6875,0.135662059955412,11.384956053821423,490,80,192,1917,0.9976126179014522,-0.0004402958788307654
kr_vs_kp,seed_0,1,1.5,0.9968836836131658,0.6164948453608248,0.6375,0.12953294128106502,10.954017221413364,485,80,192,1917,0.9976126179014522,-0.0007289342882863536
kr_vs_kp,seed_0,2,1.5,0.9970940471997182,0.7099391480730223,0.75,0.10774864998333691,11.286890173075607,493,80,192,1917,0.9976126179014522,-0.0005185707017340002
kr_vs_kp,seed_0,0,2.0,0.9972897342569762,0.5487804878048781,0.475,0.15406362496908974,13.093248538749434,492,80,192,1917,0.9976126179014522,-0.0003228836444759686
kr_vs_kp,seed_0,1,2.0,0.9972408124926616,0.5841784989858012,0.6375,0.15007550454978696,16.53462114118201,493,80,192,1917,0.9976126179014522,-0.0003718054087905598
kr_vs_kp,seed_0,2,2.0,0.9971723220226214,0.558,0.5,0.2027579527812095,19.3595084147663,500,80,192,1917,0.9976126179014522,-0.0004402958788307654
kr_vs_kp,seed_1,0,0.0,0.9976126179014522,1.0,1.0,0.0,0.0,486,80,192,1917,0.9976126179014522,0.0
kr_vs_kp,seed_1,1,0.0,0.9976126179014522,1.0,1.0,0.0,0.0,486,80,192,1917,0.9976126179014522,0.0
kr_vs_kp,seed_1,2,0.0,0.9976126179014522,1.0,1.0,0.0,0.0,486,80,192,1917,0.9976126179014522,0.0
kr_vs_kp,seed_1,0,0.25,0.9976126179014522,1.0,1.0,0.0,0.7689267865544166,486,80,192,1917,0.9976126179014522,0.0
kr_vs_kp,seed_1,1,0.25,0.9976126179014522,1.0,1.0,0.0,0.7614832003845302,486,80,192,1917,0.9976126179014522,0.0
kr_vs_kp,seed_1,2,0.25,0.9976126179014522,1.0,1.0,0.0,0.760904313090376,486,80,192,1917,0.9976126179014522,0.0
kr_vs_kp,seed_1,0,0.49,0.9976126179014522,1.0,1.0,0.0,1.5176223831250162,486,80,192,1917,0.9976126179014522,0.0
kr_vs_kp,seed_1,1,0.49,0.9976126179014522,1.0,1.0,0.0,1.497923240307891,486,80,192,1917,0.9976126179014522,0.0
kr_vs_kp,seed_1,2,0.49,0.9976126179014522,1.0,1.0,0.0,1.5015447843509806,486,80,192,1917,0.9976126179014522,0.0
kr_vs_kp,seed_1,0,0.5,0.9976126179014522,1.0,1.0,0.0,1.5377216689060875,486,80,192,1917,0.9976126179014522,0.0
kr_vs_kp,seed_1,1,0.5,0.9976126179014522,1.0,1.0,0.0,1.5376020381405813,486,80,192,1917,0.9976126179014522,0.0
kr_vs_kp,seed_1,2,0.5,0.9976126179014522,1.0,1.0,0.0,1.5321038981807775,486,80,192,1917,0.9976126179014522,0.0
kr_vs_kp,seed_1,0,0.75,0.9974756369613714,0.9237113402061856,0.9625,0.025558302322782996,2.8110087768600556,485,80,192,1917,0.9976126179014522,-0.00013698094008074424
kr_vs_kp,seed_1,1,0.75,0.997460960432077,0.9256198347107438,0.9375,0.017984743208808898,2.540784528230191,484,80,192,1917,0.9976126179014522,-0.0001516574693751771
kr_vs_kp,seed_1,2,0.75,0.9975588039607061,0.9382716049382716,0.9125,0.013226408777981164,2.4653865298091096,486,80,192,1917,0.9976126179014522,-5.381394074610579e-05
kr_vs_kp,seed_1,0,1.0,0.9975636961371375,0.8357289527720739,0.7625,0.027674034912225837,4.765491442369138,487,80,192,1917,0.9976126179014522,-4.892176431470219e-05
kr_vs_kp,seed_1,1,1.0,0.9971772141990529,0.8189300411522634,0.775,0.05321677806656695,4.020209345089251,486,80,192,1917,0.9976126179014522,-0.00043540370239925075
kr_vs_kp,seed_1,2,1.0,0.9975294509021173,0.806910569105691,0.8,0.05880275096108247,5.621545692801425,492,80,192,1917,0.9976126179014522,-8.316699933486049e-05
kr_vs_kp,seed_1,0,1.5,0.9972946264334076,0.6605691056910569,0.6875,0.11504894624145966,11.061285813573228,492,80,192,1917,0.9976126179014522,-0.000317991468044565
kr_vs_kp,seed_1,1,1.5,0.9972897342569763,0.6987951807228916,0.6625,0.08389542725781068,6.849368769008477,498,80,192,1917,0.9976126179014522,-0.0003228836444758576
kr_vs_kp,seed_1,2,1.5,0.9970940471997183,0.5991902834008097,0.625,0.16711166442430767,15.427004847232698,494,80,192,1917,0.9976126179014522,-0.0005185707017338892
kr_vs_kp,seed_1,0,2.0,0.9972310281397988,0.5410821643286573,0.45,0.20476950028738192,18.58742644755969,499,80,192,1917,0.9976126179014522,-0.000381589761653367
kr_vs_kp,seed_1,1,2.0,0.996321083323549,0.6103092783505155,0.6625,0.1280370551769697,11.514560662893226,485,80,192,1917,0.9976126179014522,-0.0012915345779032084
kr_vs_kp,seed_1,2,2.0,0.996712457438065,0.563894523326572,0.5875,0.16139946571402253,14.161249713496813,493,80,192,1917,0.9976126179014522,-0.0009001604633871452
kr_vs_kp,seed_2,0,0.0,0.9976126179014522,1.0,1.0,0.0,0.0,486,80,192,1917,0.9976126179014522,0.0
kr_vs_kp,seed_2,1,0.0,0.9976126179014522,1.0,1.0,0.0,0.0,486,80,192,1917,0.9976126179014522,0.0
kr_vs_kp,seed_2,2,0.0,0.9976126179014522,1.0,1.0,0.0,0.0,486,80,192,1917,0.9976126179014522,0.0
kr_vs_kp,seed_2,0,0.25,0.9976126179014522,1.0,1.0,0.0,0.758479615856541,486,80,192,1917,0.9976126179014522,0.0
kr_vs_kp,seed_2,1,0.25,0.9976126179014522,1.0,1.0,0.0,0.7683488743441721,486,80,192,1917,0.9976126179014522,0.0
kr_vs_kp,seed_2,2,0.25,0.9976126179014522,1.0,1.0,0.0,0.7604297901132041,486,80,192,1917,0.9976126179014522,0.0
kr_vs_kp,seed_2,0,0.49,0.9976126179014522,1.0,1.0,0.0,1.4940035020332638,486,80,192,1917,0.9976126179014522,0.0
kr_vs_kp,seed_2,1,0.49,0.9976126179014522,1.0,1.0,0.0,1.4971285886981578,486,80,192,1917,0.9976126179014522,0.0
kr_vs_kp,seed_2,2,0.49,0.9976126179014522,1.0,1.0,0.0,1.5045578224999185,486,80,192,1917,0.9976126179014522,0.0
kr_vs_kp,seed_2,0,0.5,0.9976126179014522,1.0,1.0,0.0,1.5344614827785603,486,80,192,1917,0.9976126179014522,0.0
kr_vs_kp,seed_2,1,0.5,0.9976126179014522,1.0,1.0,0.0,1.5338552361183275,486,80,192,1917,0.9976126179014522,0.0
kr_vs_kp,seed_2,2,0.5,0.9976126179014522,1.0,1.0,0.0,1.5270298805703115,486,80,192,1917,0.9976126179014522,0.0
kr_vs_kp,seed_2,0,0.75,0.9976517553129036,0.9320987654320988,0.925,0.01631894374760999,2.966127641741595,486,80,192,1917,0.9976126179014522,3.913741145145089e-05
kr_vs_kp,seed_2,1,0.75,0.9973288716684278,0.9505154639175257,0.9375,0.015940778949165773,2.452331811728192,485,80,192,1917,0.9976126179014522,-0.0002837462330244067
kr_vs_kp,seed_2,2,0.75,0.9975588039607061,0.9323770491803278,0.9375,0.017150540153589723,3.31603849349239,488,80,192,1917,0.9976126179014522,-5.381394074610579e-05
kr_vs_kp,seed_2,0,1.0,0.9973777934327424,0.8016528925619835,0.8125,0.056188469674863975,5.933585230561057,484,80,192,1917,0.9976126179014522,-0.00023482446870981555
kr_vs_kp,seed_2,1,1.0,0.9974413917263513,0.8346938775510204,0.85,0.04286865211572313,4.954212259431951,490,80,192,1917,0.9976126179014522,-0.00017122617510090254
kr_vs_kp,seed_2,2,1.0,0.9974267151970568,0.8586065573770492,0.9,0.034258800223600595,4.103812583652144,488,80,192,1917,0.9976126179014522,-0.0001859027043953354
kr_vs_kp,seed_2,0,1.5,0.9972065672576416,0.6526104417670683,0.625,0.11812310994950283,9.86177507116089,498,80,192,1917,0.9976126179014522,-0.00040605064381060707
kr_vs_kp,seed_2,1,1.5,0.9975343430785487,0.6325301204819277,0.65,0.13657505552043236,9.017386087417778,498,80,192,1917,0.9976126179014522,-7.827482290345689e-05
kr_vs_kp,seed_2,2,1.5,0.9967956244373997,0.696652719665272,0.775,0.10520558986658224,6.321768379244473,478,80,192,1917,0.9976126179014522,-0.0008169934640525067
kr_vs_kp,seed_2,0,2.0,0.9974511760792142,0.5427435387673957,0.3625,0.19798338108880753,18.209704367965383,503,80,192,1917,0.9976126179014522,-0.0001614418222379843
kr_vs_kp,seed_2,1,2.0,0.997147861140464,0.5193482688391039,0.525,0.21141232810231805,20.264603166603553,491,80,192,1917,0.9976126179014522,-0.00046475676098811647
kr_vs_kp,seed_2,2,2.0,0.9970842628468553,0.4878048780487805,0.4,0.23779800102610113,19.71829341261385,492,80,192,1917,0.9976126179014522,-0.0005283550545969184
pc1,seed_0,0,0.0,0.9077294685990338,1.0,1.0,0.0,0.0,511,80,192,665,0.9077294685990338,0.0
pc1,seed_0,1,0.0,0.9077294685990338,1.0,1.0,0.0,0.0,511,80,192,665,0.9077294685990338,0.0
pc1,seed_0,2,0.0,0.9077294685990338,1.0,1.0,0.0,0.0,511,80,192,665,0.9077294685990338,0.0
pc1,seed_0,0,0.25,0.9077294685990338,1.0,1.0,0.0,0.03761412232989192,511,80,192,665,0.9077294685990338,0.0
pc1,seed_0,1,0.25,0.9077294685990338,1.0,1.0,0.0,0.037609225708145816,511,80,192,665,0.9077294685990338,0.0
pc1,seed_0,2,0.25,0.9077294685990338,1.0,1.0,0.0,0.03755580121163352,511,80,192,665,0.9077294685990338,0.0
pc1,seed_0,0,0.49,0.9077294685990338,1.0,1.0,0.0,0.07374328553032095,511,80,192,665,0.9077294685990338,0.0
pc1,seed_0,1,0.49,0.9077294685990338,1.0,1.0,0.0,0.0737920320698665,511,80,192,665,0.9077294685990338,0.0
pc1,seed_0,2,0.49,0.9077294685990338,1.0,1.0,0.0,0.07378091498953017,511,80,192,665,0.9077294685990338,0.0
pc1,seed_0,0,0.5,0.9077294685990338,1.0,1.0,0.0,0.07506222791122631,511,80,192,665,0.9077294685990338,0.0
pc1,seed_0,1,0.5,0.9077294685990338,1.0,1.0,0.0,0.0752713343053991,511,80,192,665,0.9077294685990338,0.0
pc1,seed_0,2,0.5,0.9077294685990338,1.0,1.0,0.0,0.07527507768876349,511,80,192,665,0.9077294685990338,0.0
pc1,seed_0,0,0.75,0.9001610305958132,0.950592885375494,0.9875,0.005677898288141986,0.1136027911355877,506,80,192,665,0.9077294685990338,-0.007568438003220601
pc1,seed_0,1,0.75,0.9043478260869565,0.9324324324324325,0.9375,0.00703318660933995,0.11555424178857007,518,80,192,665,0.9077294685990338,-0.0033816425120772875
pc1,seed_0,2,0.75,0.9099838969404187,0.949317738791423,0.95,0.007283838060490615,0.11679180572864972,513,80,192,665,0.9077294685990338,0.0022544283413848953
pc1,seed_0,0,1.0,0.8996779388083737,0.8067729083665338,0.825,0.02938540076956608,0.17379748192596875,502,80,192,665,0.9077294685990338,-0.00805152979066015
pc1,seed_0,1,1.0,0.9038647342995169,0.8111332007952287,0.6875,0.025332324247005468,0.18406249409944486,503,80,192,665,0.9077294685990338,-0.0038647342995169476
pc1,seed_0,2,1.0,0.9096618357487922,0.84251968503937,0.9125,0.020436801339776947,0.16602018619234946,508,80,192,665,0.9077294685990338,0.0019323671497584183
pc1,seed_0,0,1.5,0.8999999999999999,0.6726907630522089,0.725,0.052120573025788854,0.3250938722128966,498,80,192,665,0.9077294685990338,-0.007729468599033895
pc1,seed_0,1,1.5,0.8951690821256039,0.7,0.7,0.05519455232679551,0.28335938624527657,510,80,192,665,0.9077294685990338,-0.01256038647342994
pc1,seed_0,2,1.5,0.9012882447665056,0.7181996086105675,0.7125,0.0499183937664773,0.2853623444855418,511,80,192,665,0.9077294685990338,-0.006441223832528209
pc1,seed_0,0,2.0,0.9012882447665057,0.5377176015473888,0.5,0.09293045654564407,0.4506279952044742,517,80,192,665,0.9077294685990338,-0.006441223832528098
pc1,seed_0,1,2.0,0.9074074074074073,0.6036217303822937,0.5,0.08223661268779899,0.41904277187502414,497,80,192,665,0.9077294685990338,-0.00032206119162647706
pc1,seed_0,2,2.0,0.8971014492753623,0.583984375,0.55,0.08708539543504445,0.4387873011004124,512,80,192,665,0.9077294685990338,-0.010628019323671523
pc1,seed_1,0,0.0,0.9077294685990338,1.0,1.0,0.0,0.0,511,80,192,665,0.9077294685990338,0.0
pc1,seed_1,1,0.0,0.9077294685990338,1.0,1.0,0.0,0.0,511,80,192,665,0.9077294685990338,0.0
pc1,seed_1,2,0.0,0.9077294685990338,1.0,1.0,0.0,0.0,511,80,192,665,0.9077294685990338,0.0
pc1,seed_1,0,0.25,0.9077294685990338,1.0,1.0,0.0,0.03766583176773403,511,80,192,665,0.9077294685990338,0.0
pc1,seed_1,1,0.25,0.9077294685990338,1.0,1.0,0.0,0.03767964207607772,511,80,192,665,0.9077294685990338,0.0
pc1,seed_1,2,0.25,0.9077294685990338,1.0,1.0,0.0,0.03759165589033292,511,80,192,665,0.9077294685990338,0.0
pc1,seed_1,0,0.49,0.9077294685990338,1.0,1.0,0.0,0.07383509546560461,511,80,192,665,0.9077294685990338,0.0
pc1,seed_1,1,0.49,0.9077294685990338,1.0,1.0,0.0,0.07379080783080982,511,80,192,665,0.9077294685990338,0.0
pc1,seed_1,2,0.49,0.9077294685990338,1.0,1.0,0.0,0.07359338163738822,511,80,192,665,0.9077294685990338,0.0
pc1,seed_1,0,0.5,0.9077294685990338,1.0,1.0,0.0,0.07545290538718487,511,80,192,665,0.9077294685990338,0.0
pc1,seed_1,1,0.5,0.9077294685990338,1.0,1.0,0.0,0.07542576392411851,511,80,192,665,0.9077294685990338,0.0
pc1,seed_1,2,0.5,0.9077294685990338,1.0,1.0,0.0,0.07521856850359405,511,80,192,665,0.9077294685990338,0.0
pc1,seed_1,0,0.75,0.9011272141706924,0.9476744186046512,0.9375,0.007286523551237873,0.12133632895708146,516,80,192,665,0.9077294685990338,-0.006602254428341392
pc1,seed_1,1,0.75,0.8982286634460547,0.9307692307692308,0.9375,0.004125389725623387,0.11223635339232162,520,80,192,665,0.9077294685990338,-0.00950080515297913
pc1,seed_1,2,0.75,0.9104669887278583,0.9178082191780822,0.9125,0.008385311880422632,0.11223189345547074,511,80,192,665,0.9077294685990338,0.0027375201288244444
pc1,seed_1,0,1.0,0.9038647342995169,0.8241106719367589,0.8125,0.02956765376032105,0.18134855043716863,506,80,192,665,0.9077294685990338,-0.0038647342995169476
pc1,seed_1,1,1.0,0.9161030595813204,0.8596491228070176,0.8125,0.020365111617435115,0.18204383977525432,513,80,192,665,0.9077294685990338,0.008373590982286627
pc1,seed_1,2,1.0,0.9056360708534621,0.8543689320388349,0.8375,0.019777354572721725,0.1677929691548207,515,80,192,665,0.9077294685990338,-0.0020933977455717123
pc1,seed_1,0,1.5,0.8942028985507247,0.7025440313111546,0.575,0.048379892103689946,0.3061496561662474,511,80,192,665,0.9077294685990338,-0.01352657004830915
pc1,seed_1,1,1.5,0.9125603864734299,0.6951456310679611,0.6375,0.05134132473707658,0.29402695203104123,515,80,192,665,0.9077294685990338,0.004830917874396046
pc1,seed_1,2,1.5,0.9057971014492754,0.692156862745098,0.625,0.0560855916107579,0.29711479789859524,510,80,192,665,0.9077294685990338,-0.0019323671497584183
pc1,seed_1,0,2.0,0.891304347826087,0.5577299412915852,0.5,0.08642119335099406,0.43756232984141935,511,80,192,665,0.9077294685990338,-0.016425120772946777
pc1,seed_1,1,2.0,0.889049919484702,0.5823529411764706,0.65,0.0832944969693817,0.43461568228234715,510,80,192,665,0.9077294685990338,-0.018679549114331784
pc1,seed_1,2,2.0,0.9,0.6149425287356322,0.6,0.06298070357106493,0.4002752581444063,522,80,192,665,0.9077294685990338,-0.007729468599033784
pc1,seed_2,0,0.0,0.9077294685990338,1.0,1.0,0.0,0.0,511,80,192,665,0.9077294685990338,0.0
pc1,seed_2,1,0.0,0.9077294685990338,1.0,1.0,0.0,0.0,511,80,192,665,0.9077294685990338,0.0
pc1,seed_2,2,0.0,0.9077294685990338,1.0,1.0,0.0,0.0,511,80,192,665,0.9077294685990338,0.0
pc1,seed_2,0,0.25,0.9077294685990338,1.0,1.0,0.0,0.03768714691437973,511,80,192,665,0.9077294685990338,0.0
pc1,seed_2,1,0.25,0.9077294685990338,1.0,1.0,0.0,0.03760109269598578,511,80,192,665,0.9077294685990338,0.0
pc1,seed_2,2,0.25,0.9077294685990338,1.0,1.0,0.0,0.03762981827643198,511,80,192,665,0.9077294685990338,0.0
pc1,seed_2,0,0.49,0.9077294685990338,1.0,1.0,0.0,0.07389722377544852,511,80,192,665,0.9077294685990338,0.0
pc1,seed_2,1,0.49,0.9077294685990338,1.0,1.0,0.0,0.07387079491740307,511,80,192,665,0.9077294685990338,0.0
pc1,seed_2,2,0.49,0.9077294685990338,1.0,1.0,0.0,0.07376761386749243,511,80,192,665,0.9077294685990338,0.0
pc1,seed_2,0,0.5,0.9077294685990338,1.0,1.0,0.0,0.07508045583047171,511,80,192,665,0.9077294685990338,0.0
pc1,seed_2,1,0.5,0.9077294685990338,1.0,1.0,0.0,0.07532172943293192,511,80,192,665,0.9077294685990338,0.0
pc1,seed_2,2,0.5,0.9077294685990338,1.0,1.0,0.0,0.07526522566417608,511,80,192,665,0.9077294685990338,0.0
pc1,seed_2,0,0.75,0.9030595813204508,0.9361702127659575,0.925,0.007014456992474427,0.12084964642347307,517,80,192,665,0.9077294685990338,-0.004669887278582974
pc1,seed_2,1,0.75,0.9056360708534621,0.9342359767891683,0.875,0.005177978535508857,0.12241394822097162,517,80,192,665,0.9077294685990338,-0.0020933977455717123
pc1,seed_2,2,0.75,0.9082125603864735,0.9330783938814532,0.95,0.007351242155108111,0.1160302224410002,523,80,192,665,0.9077294685990338,0.0004830917874396601
pc1,seed_2,0,1.0,0.9037037037037038,0.8549019607843137,0.9125,0.02244982451328358,0.17466316678532334,510,80,192,665,0.9077294685990338,-0.00402576489533002
pc1,seed_2,1,1.0,0.9107890499194847,0.8208661417322834,0.8375,0.024965487545096733,0.17557660425052346,508,80,192,665,0.9077294685990338,0.0030595813204509215
pc1,seed_2,2,1.0,0.9057971014492753,0.842911877394636,0.7625,0.03200223842126068,0.17821717321292832,522,80,192,665,0.9077294685990338,-0.0019323671497585293
pc1,seed_2,0,1.5,0.894524959742351,0.6526717557251909,0.675,0.06781048993908213,0.31356311122326824,524,80,192,665,0.9077294685990338,-0.013204508856682784
pc1,seed_2,1,1.5,0.8954911433172302,0.6798418972332015,0.6875,0.06137877123041706,0.3098108466162732,506,80,192,665,0.9077294685990338,-0.012238325281803575
pc1,seed_2,2,1.5,0.9028985507246376,0.696,0.75,0.050845771960106076,0.2732988933689711,500,80,192,665,0.9077294685990338,-0.004830917874396157
pc1,seed_2,0,2.0,0.8993558776167472,0.5830039525691699,0.5625,0.08699172110846397,0.45410317832879776,506,80,192,665,0.9077294685990338,-0.008373590982286627
pc1,seed_2,1,2.0,0.8999999999999999,0.5463709677419355,0.575,0.08901080716173737,0.4130453116408391,496,80,192,665,0.9077294685990338,-0.007729468599033895
pc1,seed_2,2,2.0,0.9,0.5862745098039216,0.55,0.08469828548683739,0.41947337583415906,510,80,192,665,0.9077294685990338,-0.007729468599033784
pc3,seed_0,0,0.0,0.8087188612099645,1.0,1.0,0.0,0.0,505,80,192,937,0.8087188612099645,0.0
pc3,seed_0,1,0.0,0.8087188612099645,1.0,1.0,0.0,0.0,505,80,192,937,0.8087188612099645,0.0
pc3,seed_0,2,0.0,0.8087188612099645,1.0,1.0,0.0,0.0,505,80,192,937,0.8087188612099645,0.0
pc3,seed_0,0,0.25,0.8087188612099645,1.0,1.0,0.0,0.03868454758705859,505,80,192,937,0.8087188612099645,0.0
pc3,seed_0,1,0.25,0.8087188612099645,1.0,1.0,0.0,0.03867254623865278,505,80,192,937,0.8087188612099645,0.0
pc3,seed_0,2,0.25,0.8087188612099645,1.0,1.0,0.0,0.038799573681544554,505,80,192,937,0.8087188612099645,0.0
pc3,seed_0,0,0.49,0.8087188612099645,1.0,1.0,0.0,0.0754646009388679,505,80,192,937,0.8087188612099645,0.0
pc3,seed_0,1,0.49,0.8087188612099645,1.0,1.0,0.0,0.07568167460117908,505,80,192,937,0.8087188612099645,0.0
pc3,seed_0,2,0.49,0.8087188612099645,1.0,1.0,0.0,0.07618045170452745,505,80,192,937,0.8087188612099645,0.0
pc3,seed_0,0,0.5,0.8087188612099645,1.0,1.0,0.0,0.07708050390570158,505,80,192,937,0.8087188612099645,0.0
pc3,seed_0,1,0.5,0.8087188612099645,1.0,1.0,0.0,0.07760241021417076,505,80,192,937,0.8087188612099645,0.0
pc3,seed_0,2,0.5,0.8087188612099645,1.0,1.0,0.0,0.07760591638299719,505,80,192,937,0.8087188612099645,0.0
pc3,seed_0,0,0.75,0.810720640569395,0.9287128712871288,0.925,0.005666456508683265,0.12355015836470587,505,80,192,937,0.8087188612099645,0.0020017793594304667
pc3,seed_0,1,0.75,0.807439946619217,0.9401197604790419,0.95,0.004835774605392935,0.12612248265635792,501,80,192,937,0.8087188612099645,-0.0012789145907474708
pc3,seed_0,2,0.75,0.8036032028469751,0.9411764705882353,0.9625,0.0069935240075947955,0.12689449203744468,493,80,192,937,0.8087188612099645,-0.005115658362989439
pc3,seed_0,0,1.0,0.809497330960854,0.8775100401606426,0.8625,0.014679663092632437,0.17676443922298682,498,80,192,937,0.8087188612099645,0.0007784697508894656
pc3,seed_0,1,1.0,0.8088300711743772,0.8629032258064516,0.8875,0.01152805190507901,0.16743608696552895,496,80,192,937,0.8087188612099645,0.00011120996441271735
pc3,seed_0,2,1.0,0.8102201957295374,0.832,0.8625,0.027795715821147867,0.19515146470996786,500,80,192,937,0.8087188612099645,0.0015013345195729055
pc3,seed_0,0,1.5,0.8138345195729536,0.7034068136272545,0.7375,0.0401732256146701,0.3085236730206662,499,80,192,937,0.8087188612099645,0.005115658362989106
pc3,seed_0,1,1.5,0.8133896797153025,0.6561264822134387,0.6625,0.044794025633858085,0.30237136983353474,506,80,192,937,0.8087188612099645,0.004670818505338015
pc3,seed_0,2,1.5,0.8081628113879002,0.705765407554672,0.7375,0.05174586252766152,0.3545807551835784,503,80,192,937,0.8087188612099645,-0.0005560498220642529
pc3,seed_0,0,2.0,0.8122775800711743,0.5731225296442688,0.65,0.08130934360667284,0.5502408812545337,506,80,192,937,0.8087188612099645,0.003558718861209842
pc3,seed_0,1,2.0,0.8073843416370107,0.5833333333333334,0.5875,0.07514528869450172,0.4743131253561955,504,80,192,937,0.8087188612099645,-0.0013345195729538295
pc3,seed_0,2,2.0,0.8111654804270464,0.596,0.6625,0.07472782497145304,0.4978327122223902,500,80,192,937,0.8087188612099645,0.0024466192170818912
pc3,seed_1,0,0.0,0.8087188612099645,1.0,1.0,0.0,0.0,505,80,192,937,0.8087188612099645,0.0
pc3,seed_1,1,0.0,0.8087188612099645,1.0,1.0,0.0,0.0,505,80,192,937,0.8087188612099645,0.0
pc3,seed_1,2,0.0,0.8087188612099645,1.0,1.0,0.0,0.0,505,80,192,937,0.8087188612099645,0.0
pc3,seed_1,0,0.25,0.8087188612099645,1.0,1.0,0.0,0.038701912269965756,505,80,192,937,0.8087188612099645,0.0
pc3,seed_1,1,0.25,0.8087188612099645,1.0,1.0,0.0,0.0389081059264548,505,80,192,937,0.8087188612099645,0.0
pc3,seed_1,2,0.25,0.8087188612099645,1.0,1.0,0.0,0.03877822659107294,505,80,192,937,0.8087188612099645,0.0
pc3,seed_1,0,0.49,0.8087188612099645,1.0,1.0,0.0,0.0761930012715153,505,80,192,937,0.8087188612099645,0.0
pc3,seed_1,1,0.49,0.8087188612099645,1.0,1.0,0.0,0.07605455277755858,505,80,192,937,0.8087188612099645,0.0
pc3,seed_1,2,0.49,0.8087188612099645,1.0,1.0,0.0,0.07602517183978807,505,80,192,937,0.8087188612099645,0.0
pc3,seed_1,0,0.5,0.8087188612099645,1.0,1.0,0.0,0.07773954730302403,505,80,192,937,0.8087188612099645,0.0
pc3,seed_1,1,0.5,0.8087188612099645,1.0,1.0,0.0,0.07752082197415823,505,80,192,937,0.8087188612099645,0.0
pc3,seed_1,2,0.5,0.8087188612099645,1.0,1.0,0.0,0.07746626043949728,505,80,192,937,0.8087188612099645,0.0
pc3,seed_1,0,0.75,0.8097753558718862,0.932,0.95,0.008737232689006552,0.13121231146337925,500,80,192,937,0.8087188612099645,0.001056494661921703
pc3,seed_1,1,0.75,0.8077179715302492,0.9495967741935484,0.925,0.0031138537793116107,0.1180657015883254,496,80,192,937,0.8087188612099645,-0.0010008896797153444
pc3,seed_1,2,0.75,0.8091637010676156,0.9600798403193613,0.95,0.0030039850588942634,0.1247717804339543,501,80,192,937,0.8087188612099645,0.00044483985765109146
pc3,seed_1,0,1.0,0.8079403914590748,0.8303747534516766,0.85,0.026467019578300006,0.20473699337109338,507,80,192,937,0.8087188612099645,-0.0007784697508896876
pc3,seed_1,1,1.0,0.8036032028469752,0.8369781312127237,0.8125,0.015947239867001996,0.18640776334147477,503,80,192,937,0.8087188612099645,-0.005115658362989328
pc3,seed_1,2,1.0,0.8110542704626333,0.8495049504950495,0.825,0.013095459753174528,0.17518157615995245,505,80,192,937,0.8087188612099645,0.002335409252668841
pc3,seed_1,0,1.5,0.8116103202846976,0.66600790513834,0.675,0.04576191150742747,0.33334210461542374,506,80,192,937,0.8087188612099645,0.0028914590747330937
pc3,seed_1,1,1.5,0.8007117437722421,0.699009900990099,0.7625,0.04544010571830357,0.3108696181227037,505,80,192,937,0.8087188612099645,-0.008007117437722422
pc3,seed_1,2,1.5,0.8047153024911031,0.6974459724950884,0.7375,0.05800318467875071,0.35025582627638213,509,80,192,937,0.8087188612099645,-0.0040035587188613775
pc3,seed_1,0,2.0,0.8125,0.6164658634538153,0.6375,0.06178114610052956,0.4254716004756355,498,80,192,937,0.8087188612099645,0.0037811387900354987
pc3,seed_1,1,2.0,0.8133896797153025,0.5609756097560976,0.4,0.08347318931258298,0.5654179550613404,492,80,192,937,0.8087188612099645,0.004670818505338015
pc3,seed_1,2,2.0,0.803714412811388,0.6008064516129032,0.6,0.06238118197178923,0.48382453243262424,496,80,192,937,0.8087188612099645,-0.0050044483985765
pc3,seed_2,0,0.0,0.8087188612099645,1.0,1.0,0.0,0.0,505,80,192,937,0.8087188612099645,0.0
pc3,seed_2,1,0.0,0.8087188612099645,1.0,1.0,0.0,0.0,505,80,192,937,0.8087188612099645,0.0
pc3,seed_2,2,0.0,0.8087188612099645,1.0,1.0,0.0,0.0,505,80,192,937,0.8087188612099645,0.0
pc3,seed_2,0,0.25,0.8087188612099645,1.0,1.0,0.0,0.038842261540497434,505,80,192,937,0.8087188612099645,0.0
pc3,seed_2,1,0.25,0.8087188612099645,1.0,1.0,0.0,0.038825366863710825,505,80,192,937,0.8087188612099645,0.0
pc3,seed_2,2,0.25,0.8087188612099645,1.0,1.0,0.0,0.03881273388815488,505,80,192,937,0.8087188612099645,0.0
pc3,seed_2,0,0.49,0.8087188612099645,1.0,1.0,0.0,0.07591458017639233,505,80,192,937,0.8087188612099645,0.0
pc3,seed_2,1,0.49,0.8087188612099645,1.0,1.0,0.0,0.0760336782420931,505,80,192,937,0.8087188612099645,0.0
pc3,seed_2,2,0.49,0.8087188612099645,1.0,1.0,0.0,0.07623426381359429,505,80,192,937,0.8087188612099645,0.0
pc3,seed_2,0,0.5,0.8087188612099645,1.0,1.0,0.0,0.07735153043881324,505,80,192,937,0.8087188612099645,0.0
pc3,seed_2,1,0.5,0.8087188612099645,1.0,1.0,0.0,0.07776013404283445,505,80,192,937,0.8087188612099645,0.0
pc3,seed_2,2,0.5,0.8087188612099645,1.0,1.0,0.0,0.07748387854207239,505,80,192,937,0.8087188612099645,0.0
pc3,seed_2,0,0.75,0.8116103202846975,0.935871743486974,0.95,0.006186574668595313,0.12709543650543467,499,80,192,937,0.8087188612099645,0.0028914590747329827
pc3,seed_2,1,0.75,0.8076067615658363,0.9051383399209486,0.9625,0.009949021756049952,0.1263861269041329,506,80,192,937,0.8087188612099645,-0.0011120996441281727
pc3,seed_2,2,0.75,0.8094417259786477,0.929718875502008,0.9375,0.0064678307162178575,0.1299604961637507,498,80,192,937,0.8087188612099645,0.0007228647686832179
pc3,seed_2,0,1.0,0.8096641459074734,0.8076923076923077,0.8375,0.025998680167407,0.20150131434445517,494,80,192,937,0.8087188612099645,0.0009452846975088747
pc3,seed_2,1,1.0,0.8085520462633451,0.8450704225352113,0.8625,0.021484954745948484,0.18407141242421024,497,80,192,937,0.8087188612099645,-0.0001668149466194091
pc3,seed_2,2,1.0,0.8118327402135231,0.8667992047713717,0.8625,0.015664935163151348,0.18138342767540697,503,80,192,937,0.8087188612099645,0.0031138790035586394
pc3,seed_2,0,1.5,0.8158362989323843,0.6944444444444444,0.6875,0.037400472634265644,0.34484349916577184,504,80,192,937,0.8087188612099645,0.007117437722419795
pc3,seed_2,1,1.5,0.8139457295373665,0.6816326530612244,0.725,0.04715611129124876,0.38114303202388566,490,80,192,937,0.8087188612099645,0.0052268683274020455
pc3,seed_2,2,1.5,0.8185053380782918,0.6627680311890838,0.6125,0.04876027207216625,0.3051753830128851,513,80,192,937,0.8087188612099645,0.009786476868327343
pc3,seed_2,0,2.0,0.8150578291814945,0.5848303393213573,0.55,0.07544856460663711,0.53387763711681,501,80,192,937,0.8087188612099645,0.006338967971529996
pc3,seed_2,1,2.0,0.8147241992882561,0.6132264529058116,0.675,0.06722445505514318,0.44414998166103786,499,80,192,937,0.8087188612099645,0.006005338078291622
pc3,seed_2,2,2.0,0.8176156583629893,0.5883534136546185,0.5875,0.07700189470302705,0.5251573969332934,498,80,192,937,0.8087188612099645,0.008896797153024827
pc4,seed_0,0,0.0,0.89404296875,1.0,1.0,0.0,0.0,538,80,192,874,0.89404296875,0.0
pc4,seed_0,1,0.0,0.89404296875,1.0,1.0,0.0,0.0,538,80,192,874,0.89404296875,0.0
pc4,seed_0,2,0.0,0.89404296875,1.0,1.0,0.0,0.0,538,80,192,874,0.89404296875,0.0
pc4,seed_0,0,0.25,0.89404296875,1.0,1.0,0.0,0.049366854126089,538,80,192,874,0.89404296875,0.0
pc4,seed_0,1,0.25,0.89404296875,1.0,1.0,0.0,0.04942298144997859,538,80,192,874,0.89404296875,0.0
pc4,seed_0,2,0.25,0.89404296875,1.0,1.0,0.0,0.04940953983010822,538,80,192,874,0.89404296875,0.0
pc4,seed_0,0,0.49,0.89404296875,1.0,1.0,0.0,0.09651971570306585,538,80,192,874,0.89404296875,0.0
pc4,seed_0,1,0.49,0.89404296875,1.0,1.0,0.0,0.09677654765425037,538,80,192,874,0.89404296875,0.0
pc4,seed_0,2,0.49,0.89404296875,1.0,1.0,0.0,0.0966908664038051,538,80,192,874,0.89404296875,0.0
pc4,seed_0,0,0.5,0.89404296875,1.0,1.0,0.0,0.09843256738034298,538,80,192,874,0.89404296875,0.0
pc4,seed_0,1,0.5,0.89404296875,1.0,1.0,0.0,0.09868242705095442,538,80,192,874,0.89404296875,0.0
pc4,seed_0,2,0.5,0.89404296875,1.0,1.0,0.0,0.09879157214883659,538,80,192,874,0.89404296875,0.0
pc4,seed_0,0,0.75,0.8841688368055555,0.9327102803738317,0.8875,0.006655547960652375,0.1579374072002444,535,80,192,874,0.89404296875,-0.00987413194444453
pc4,seed_0,1,0.75,0.8955620659722222,0.9291044776119403,0.9125,0.00827242892185502,0.17005984094644774,536,80,192,874,0.89404296875,0.0015190972222222099
pc4,seed_0,2,0.75,0.8899197048611112,0.9294990723562152,0.925,0.006610083246751638,0.16874773326683964,539,80,192,874,0.89404296875,-0.0041232638888888395
pc4,seed_0,0,1.0,0.8926323784722223,0.848314606741573,0.8625,0.02043702400388388,0.24012466070322552,534,80,192,874,0.89404296875,-0.001410590277777679
pc4,seed_0,1,1.0,0.8907335069444444,0.8484848484848485,0.875,0.019775974719758883,0.23474659488987037,528,80,192,874,0.89404296875,-0.0033094618055555802
pc4,seed_0,2,1.0,0.8921983506944444,0.8531073446327684,0.85,0.0170373110604112,0.22621877249889005,531,80,192,874,0.89404296875,-0.0018446180555555802
pc4,seed_0,0,1.5,0.8924153645833334,0.6925996204933587,0.6375,0.033656260578633336,0.37335876186983985,527,80,192,874,0.89404296875,-0.0016276041666666297
pc4,seed_0,1,1.5,0.8929036458333334,0.6910112359550562,0.6625,0.04715506823652014,0.3756339689604721,534,80,192,874,0.89404296875,-0.0011393229166666297
pc4,seed_0,2,1.5,0.8935546874999999,0.6778398510242085,0.7375,0.04863066443010725,0.3755493185180213,537,80,192,874,0.89404296875,-0.000488281250000111
pc4,seed_0,0,2.0,0.890625,0.6150943396226415,0.6,0.062329276128292685,0.5333375398064378,530,80,192,874,0.89404296875,-0.00341796875
pc4,seed_0,1,2.0,0.8908962673611112,0.5931558935361216,0.525,0.06602854952460381,0.6419936830785077,526,80,192,874,0.89404296875,-0.0031467013888888395
pc4,seed_0,2,2.0,0.8889973958333334,0.5842696629213483,0.6375,0.07011138204235494,0.5966353816972574,534,80,192,874,0.89404296875,-0.00504557291666663
pc4,seed_1,0,0.0,0.89404296875,1.0,1.0,0.0,0.0,538,80,192,874,0.89404296875,0.0
pc4,seed_1,1,0.0,0.89404296875,1.0,1.0,0.0,0.0,538,80,192,874,0.89404296875,0.0
pc4,seed_1,2,0.0,0.89404296875,1.0,1.0,0.0,0.0,538,80,192,874,0.89404296875,0.0
pc4,seed_1,0,0.25,0.89404296875,1.0,1.0,0.0,0.049318430871298766,538,80,192,874,0.89404296875,0.0
pc4,seed_1,1,0.25,0.89404296875,1.0,1.0,0.0,0.04937518050727428,538,80,192,874,0.89404296875,0.0
pc4,seed_1,2,0.25,0.89404296875,1.0,1.0,0.0,0.04928444088347814,538,80,192,874,0.89404296875,0.0
pc4,seed_1,0,0.49,0.89404296875,1.0,1.0,0.0,0.09684068237765357,538,80,192,874,0.89404296875,0.0
pc4,seed_1,1,0.49,0.89404296875,1.0,1.0,0.0,0.09680623336892362,538,80,192,874,0.89404296875,0.0
pc4,seed_1,2,0.49,0.89404296875,1.0,1.0,0.0,0.09665331445895735,538,80,192,874,0.89404296875,0.0
pc4,seed_1,0,0.5,0.89404296875,1.0,1.0,0.0,0.0989014474827803,538,80,192,874,0.89404296875,0.0
pc4,seed_1,1,0.5,0.89404296875,1.0,1.0,0.0,0.09888105551315529,538,80,192,874,0.89404296875,0.0
pc4,seed_1,2,0.5,0.89404296875,1.0,1.0,0.0,0.09848446867662787,538,80,192,874,0.89404296875,0.0
pc4,seed_1,0,0.75,0.8927408854166667,0.9182156133828996,0.925,0.0072660813555772,0.17939087910718837,538,80,192,874,0.89404296875,-0.0013020833333332593
pc4,seed_1,1,0.75,0.8889973958333333,0.9233644859813084,0.9375,0.009081605957684473,0.1591178245192957,535,80,192,874,0.89404296875,-0.005045572916666741
pc4,seed_1,2,0.75,0.8905707465277778,0.9384328358208955,0.9375,0.006715028561659503,0.1753109843347449,536,80,192,874,0.89404296875,-0.00347222222222221
pc4,seed_1,0,1.0,0.8886176215277777,0.8452830188679246,0.9,0.019850602443971348,0.2216922897044278,530,80,192,874,0.89404296875,-0.005425347222222321
pc4,seed_1,1,1.0,0.8919813368055556,0.851024208566108,0.9,0.018534535771707265,0.2211183134195208,537,80,192,874,0.89404296875,-0.0020616319444444198
pc4,seed_1,2,1.0,0.887478298611111,0.8526119402985075,0.925,0.01960089417684249,0.22324861424260797,536,80,192,874,0.89404296875,-0.006564670138888951
pc4,seed_1,0,1.5,0.8895941840277778,0.7169811320754716,0.75,0.047635038748413586,0.3706036410723574,530,80,192,874,0.89404296875,-0.00444878472222221
pc4,seed_1,1,1.5,0.8875325520833333,0.6565464895635673,0.6375,0.05985152351800054,0.4628502451888785,527,80,192,874,0.89404296875,-0.006510416666666741
pc4,seed_1,2,1.5,0.8943142361111112,0.6878504672897197,0.7875,0.0450551140715458,0.39187582031115037,535,80,192,874,0.89404296875,0.00027126736111116045
pc4,seed_1,0,2.0,0.8904079861111112,0.6266173752310537,0.7375,0.06908328494306028,0.5810204457142516,541,80,192,874,0.89404296875,-0.0036349826388888395
pc4,seed_1,1,2.0,0.8849283854166667,0.5880149812734082,0.675,0.07026254395376583,0.5353657432902994,534,80,192,874,0.89404296875,-0.00911458333333326
pc4,seed_1,2,2.0,0.8980034722222222,0.6037735849056604,0.7,0.06849664874301044,0.5078437688037266,530,80,192,874,0.89404296875,0.00396050347222221
pc4,seed_2,0,0.0,0.89404296875,1.0,1.0,0.0,0.0,538,80,192,874,0.89404296875,0.0
pc4,seed_2,1,0.0,0.89404296875,1.0,1.0,0.0,0.0,538,80,192,874,0.89404296875,0.0
pc4,seed_2,2,0.0,0.89404296875,1.0,1.0,0.0,0.0,538,80,192,874,0.89404296875,0.0
pc4,seed_2,0,0.25,0.89404296875,1.0,1.0,0.0,0.04924304201026502,538,80,192,874,0.89404296875,0.0
pc4,seed_2,1,0.25,0.89404296875,1.0,1.0,0.0,0.04934685205619815,538,80,192,874,0.89404296875,0.0
pc4,seed_2,2,0.25,0.89404296875,1.0,1.0,0.0,0.04941225593968654,538,80,192,874,0.89404296875,0.0
pc4,seed_2,0,0.49,0.89404296875,1.0,1.0,0.0,0.09675985117195894,538,80,192,874,0.89404296875,0.0
pc4,seed_2,1,0.49,0.89404296875,1.0,1.0,0.0,0.09670486654239474,538,80,192,874,0.89404296875,0.0
pc4,seed_2,2,0.49,0.89404296875,1.0,1.0,0.0,0.09674447657370294,538,80,192,874,0.89404296875,0.0
pc4,seed_2,0,0.5,0.89404296875,1.0,1.0,0.0,0.09850531672758343,538,80,192,874,0.89404296875,0.0
pc4,seed_2,1,0.5,0.89404296875,1.0,1.0,0.0,0.09883358627854219,538,80,192,874,0.89404296875,0.0
pc4,seed_2,2,0.5,0.89404296875,1.0,1.0,0.0,0.09869036921552922,538,80,192,874,0.89404296875,0.0
pc4,seed_2,0,0.75,0.891330295138889,0.9419475655430711,0.9875,0.007443739311770716,0.1558075081952263,534,80,192,874,0.89404296875,-0.0027126736111110494
pc4,seed_2,1,0.75,0.8930121527777777,0.9496268656716418,0.9625,0.006789825988764129,0.16094645464953464,536,80,192,874,0.89404296875,-0.001030815972222321
pc4,seed_2,2,0.75,0.8941514756944444,0.9304511278195489,0.95,0.005950394595724274,0.15259503555096568,532,80,192,874,0.89404296875,0.00010850694444441977
pc4,seed_2,0,1.0,0.8919813368055556,0.8258426966292135,0.8375,0.02800843335406412,0.23973641853743502,534,80,192,874,0.89404296875,-0.0020616319444444198
pc4,seed_2,1,1.0,0.8913302951388888,0.8438661710037175,0.775,0.01794981942752936,0.23699198748537814,538,80,192,874,0.89404296875,-0.0027126736111111605
pc4,seed_2,2,1.0,0.8906792534722222,0.8667917448405253,0.875,0.015001342196393956,0.2445637298174952,533,80,192,874,0.89404296875,-0.00336371527777779
pc4,seed_2,0,1.5,0.8894856770833333,0.6983240223463687,0.7,0.04326598845742059,0.3815077241171057,537,80,192,874,0.89404296875,-0.004557291666666741
pc4,seed_2,1,1.5,0.8924696180555556,0.702803738317757,0.7375,0.04162246563961036,0.36910462480279715,535,80,192,874,0.89404296875,-0.0015733506944444198
pc4,seed_2,2,1.5,0.8902452256944444,0.7161410018552876,0.8375,0.04827824665158172,0.42713428539931647,539,80,192,874,0.89404296875,-0.0037977430555555802
pc4,seed_2,0,2.0,0.89111328125,0.6441947565543071,0.7375,0.057227139068036545,0.5228579539518798,534,80,192,874,0.89404296875,-0.0029296875
pc4,seed_2,1,2.0,0.8898654513888888,0.5730337078651685,0.5875,0.07049521968927777,0.6226603608881334,534,80,192,874,0.89404296875,-0.0041775173611111605
pc4,seed_2,2,2.0,0.8954535590277779,0.6,0.6125,0.06414209846664547,0.5368028518017135,530,80,192,874,0.89404296875,0.0014105902777779011
phoneme,seed_0,0,0.0,0.9180925561960129,1.0,1.0,0.0,0.0,544,80,192,3242,0.9180925561960129,0.0
phoneme,seed_0,1,0.0,0.9180925561960129,1.0,1.0,0.0,0.0,544,80,192,3242,0.9180925561960129,0.0
phoneme,seed_0,2,0.0,0.9180925561960129,1.0,1.0,0.0,0.0,544,80,192,3242,0.9180925561960129,0.0
phoneme,seed_0,0,0.25,0.9180925561960129,1.0,1.0,0.0,0.10184133641625392,544,80,192,3242,0.9180925561960129,0.0
phoneme,seed_0,1,0.25,0.9180925561960129,1.0,1.0,0.0,0.10211498005065164,544,80,192,3242,0.9180925561960129,0.0
phoneme,seed_0,2,0.25,0.9180925561960129,1.0,1.0,0.0,0.10215459683561624,544,80,192,3242,0.9180925561960129,0.0
phoneme,seed_0,0,0.49,0.9180925561960129,1.0,1.0,0.0,0.2000562032949121,544,80,192,3242,0.9180925561960129,0.0
phoneme,seed_0,1,0.49,0.9180925561960129,1.0,1.0,0.0,0.19985498960012327,544,80,192,3242,0.9180925561960129,0.0
phoneme,seed_0,2,0.49,0.9180925561960129,1.0,1.0,0.0,0.20011698701351713,544,80,192,3242,0.9180925561960129,0.0
phoneme,seed_0,0,0.5,0.9180925561960129,1.0,1.0,0.0,0.20413216870252374,544,80,192,3242,0.9180925561960129,0.0
phoneme,seed_0,1,0.5,0.9180925561960129,1.0,1.0,0.0,0.20427892506701764,544,80,192,3242,0.9180925561960129,0.0
phoneme,seed_0,2,0.5,0.9180925561960129,1.0,1.0,0.0,0.204081621478123,544,80,192,3242,0.9180925561960129,0.0
phoneme,seed_0,0,0.75,0.9173039126628899,0.9297597042513863,0.9375,0.00556275374969189,0.33691354615107283,541,80,192,3242,0.9180925561960129,-0.0007886435331230235
phoneme,seed_0,1,0.75,0.9175206864089054,0.9185185185185185,0.9125,0.005961539024702502,0.3432753029927809,540,80,192,3242,0.9180925561960129,-0.0005718697871075484
phoneme,seed_0,2,0.75,0.9174566865410343,0.9343339587242027,0.9625,0.006163174613857469,0.3637431857156999,533,80,192,3242,0.9180925561960129,-0.000635869654978638
phoneme,seed_0,0,1.0,0.9171738484152807,0.8411214953271028,0.875,0.011949165558315772,0.47300347457616754,535,80,192,3242,0.9180925561960129,-0.0009187077807322197
phoneme,seed_0,1,1.0,0.9182308784910895,0.8364312267657993,0.85,0.01135171485991928,0.4275094540053572,538,80,192,3242,0.9180925561960129,0.00013832229507659832
phoneme,seed_0,2,1.0,0.9174360414223661,0.845724907063197,0.8875,0.012356644030878886,0.5141752000156813,538,80,192,3242,0.9180925561960129,-0.0006565147736468102
phoneme,seed_0,0,1.5,0.9181668786232183,0.6754221388367729,0.7625,0.03359146937012737,0.8665758326239482,533,80,192,3242,0.9180925561960129,7.432242720539772e-05
phoneme,seed_0,1,1.5,0.9171098485474094,0.7142857142857143,0.675,0.03319332298822244,0.9120654593713936,539,80,192,3242,0.9180925561960129,-0.0009827076486035313
phoneme,seed_0,2,1.5,0.9182432655622905,0.6968576709796673,0.6625,0.029349802006998476,0.7594845701978798,541,80,192,3242,0.9180925561960129,0.00015070936627759046
phoneme,seed_0,0,2.0,0.9178861050093314,0.6007462686567164,0.6,0.04403868823834255,1.1394488362297441,536,80,192,3242,0.9180925561960129,-0.00020645118668149998
phoneme,seed_0,1,2.0,0.9207867441822055,0.590316573556797,0.55,0.04504768950047629,1.1581976104740426,537,80,192,3242,0.9180925561960129,0.0026941879861925866
phoneme,seed_0,2,2.0,0.9190463606784812,0.5966542750929368,0.6,0.048779293642812506,1.2414857141188975,538,80,192,3242,0.9180925561960129,0.0009538044824682901
phoneme,seed_1,0,0.0,0.9180925561960129,1.0,1.0,0.0,0.0,544,80,192,3242,0.9180925561960129,0.0
phoneme,seed_1,1,0.0,0.9180925561960129,1.0,1.0,0.0,0.0,544,80,192,3242,0.9180925561960129,0.0
phoneme,seed_1,2,0.0,0.9180925561960129,1.0,1.0,0.0,0.0,544,80,192,3242,0.9180925561960129,0.0
phoneme,seed_1,0,0.25,0.9180925561960129,1.0,1.0,0.0,0.10197051294669951,544,80,192,3242,0.9180925561960129,0.0
phoneme,seed_1,1,0.25,0.9180925561960129,1.0,1.0,0.0,0.10204752288795499,544,80,192,3242,0.9180925561960129,0.0
phoneme,seed_1,2,0.25,0.9180925561960129,1.0,1.0,0.0,0.10211271326421001,544,80,192,3242,0.9180925561960129,0.0
phoneme,seed_1,0,0.49,0.9180925561960129,1.0,1.0,0.0,0.1997124199273975,544,80,192,3242,0.9180925561960129,0.0
phoneme,seed_1,1,0.49,0.9180925561960129,1.0,1.0,0.0,0.1997821589510165,544,80,192,3242,0.9180925561960129,0.0
phoneme,seed_1,2,0.49,0.9180925561960129,1.0,1.0,0.0,0.1998578386222576,544,80,192,3242,0.9180925561960129,0.0
phoneme,seed_1,0,0.5,0.9180925561960129,1.0,1.0,0.0,0.2041321493550092,544,80,192,3242,0.9180925561960129,0.0
phoneme,seed_1,1,0.5,0.9180925561960129,1.0,1.0,0.0,0.20419337189780218,544,80,192,3242,0.9180925561960129,0.0
phoneme,seed_1,2,0.5,0.9180925561960129,1.0,1.0,0.0,0.20391647069416508,544,80,192,3242,0.9180925561960129,0.0
phoneme,seed_1,0,0.75,0.9177787503922572,0.9553072625698324,0.975,0.0049302053324420106,0.32991910801720087,537,80,192,3242,0.9180925561960129,-0.000313805803755729
phoneme,seed_1,1,0.75,0.9185322972236445,0.9460966542750929,0.9375,0.0026488293708171675,0.3196467936595992,538,80,192,3242,0.9180925561960129,0.0004397410276315572
phoneme,seed_1,2,0.75,0.9173431383883595,0.9253731343283582,0.9125,0.0036510073038023873,0.32950019239675665,536,80,192,3242,0.9180925561960129,-0.0007494178076534741
phoneme,seed_1,0,1.0,0.9181193948502817,0.8314814814814815,0.7625,0.01052655575162045,0.4649618373388696,540,80,192,3242,0.9180925561960129,2.6838654268779294e-05
phoneme,seed_1,1,1.0,0.9173823641138289,0.8605947955390335,0.8375,0.010824734022430848,0.4840581338533504,538,80,192,3242,0.9180925561960129,-0.0007101920821840357
phoneme,seed_1,2,1.0,0.9158793994747882,0.8234200743494424,0.8,0.014217572393626454,0.48461985965490934,538,80,192,3242,0.9180925561960129,-0.002213156721224685
phoneme,seed_1,0,1.5,0.917859266355063,0.6945996275605214,0.7375,0.034934263251815194,0.9078324207985136,537,80,192,3242,0.9180925561960129,-0.0002332898409499462
phoneme,seed_1,1,1.5,0.9182515236097577,0.7232472324723247,0.6625,0.023762474937728685,0.7738213311012387,542,80,192,3242,0.9180925561960129,0.00015896741374477052
phoneme,seed_1,2,1.5,0.9168910102895272,0.6790352504638218,0.7625,0.03831222864327542,0.8828218585723537,539,80,192,3242,0.9180925561960129,-0.0012015459064856904
phoneme,seed_1,0,2.0,0.9192218441871604,0.6037037037037037,0.6375,0.043519725903166315,1.135648872476983,540,80,192,3242,0.9180925561960129,0.0011292879911474207
phoneme,seed_1,1,2.0,0.918036814375609,0.5904059040590406,0.5875,0.05339573867553368,1.2691492366793486,542,80,192,3242,0.9180925561960129,-5.5741820403909514e-05
phoneme,seed_1,2,2.0,0.9169054618725949,0.5514018691588785,0.575,0.05429407539614769,1.2681283013685567,535,80,192,3242,0.9180925561960129,-0.0011870943234180142
phoneme,seed_2,0,0.0,0.9180925561960129,1.0,1.0,0.0,0.0,544,80,192,3242,0.9180925561960129,0.0
phoneme,seed_2,1,0.0,0.9180925561960129,1.0,1.0,0.0,0.0,544,80,192,3242,0.9180925561960129,0.0
phoneme,seed_2,2,0.0,0.9180925561960129,1.0,1.0,0.0,0.0,544,80,192,3242,0.9180925561960129,0.0
phoneme,seed_2,0,0.25,0.9180925561960129,1.0,1.0,0.0,0.10187299537928395,544,80,192,3242,0.9180925561960129,0.0
phoneme,seed_2,1,0.25,0.9180925561960129,1.0,1.0,0.0,0.10196846259369421,544,80,192,3242,0.9180925561960129,0.0
phoneme,seed_2,2,0.25,0.9180925561960129,1.0,1.0,0.0,0.10201117375806205,544,80,192,3242,0.9180925561960129,0.0
phoneme,seed_2,0,0.49,0.9180925561960129,1.0,1.0,0.0,0.20013409006036798,544,80,192,3242,0.9180925561960129,0.0
phoneme,seed_2,1,0.49,0.9180925561960129,1.0,1.0,0.0,0.200089290753357,544,80,192,3242,0.9180925561960129,0.0
phoneme,seed_2,2,0.49,0.9180925561960129,1.0,1.0,0.0,0.20006849385928696,544,80,192,3242,0.9180925561960129,0.0
phoneme,seed_2,0,0.5,0.9180925561960129,1.0,1.0,0.0,0.2037941404890887,544,80,192,3242,0.9180925561960129,0.0
phoneme,seed_2,1,0.5,0.9180925561960129,1.0,1.0,0.0,0.2044399574799176,544,80,192,3242,0.9180925561960129,0.0
phoneme,seed_2,2,0.5,0.9180925561960129,1.0,1.0,0.0,0.20386920431749514,544,80,192,3242,0.9180925561960129,0.0
phoneme,seed_2,0,0.75,0.9183031364064282,0.9182156133828996,0.9625,0.008349005139948086,0.32829386427176455,538,80,192,3242,0.9180925561960129,0.00021058021041531205
phoneme,seed_2,1,0.75,0.9176197829785125,0.9279112754158965,0.95,0.006039698039462093,0.3327819844777869,541,80,192,3242,0.9180925561960129,-0.0004727732175003885
phoneme,seed_2,2,0.75,0.9171697193915471,0.9420560747663551,0.9625,0.004192287500627526,0.3233794371638865,535,80,192,3242,0.9180925561960129,-0.0009228368044658097
phoneme,seed_2,0,1.0,0.9174525575173006,0.8472998137802608,0.825,0.012816373513784608,0.4919716558036851,537,80,192,3242,0.9180925561960129,-0.0006399986787123391
phoneme,seed_2,1,1.0,0.9184290716303039,0.8521256931608133,0.875,0.015149024739368126,0.474172951288139,541,80,192,3242,0.9180925561960129,0.00033651543429091824
phoneme,seed_2,2,1.0,0.917369977042628,0.8227611940298507,0.8625,0.01754786707291304,0.5177018835631293,536,80,192,3242,0.9180925561960129,-0.0007225791533849169
phoneme,seed_2,0,1.5,0.9189369415495401,0.7066420664206642,0.7625,0.03835403989954428,0.7779747637280274,542,80,192,3242,0.9180925561960129,0.000844385353527155
phoneme,seed_2,1,1.5,0.9184559102845724,0.712430426716141,0.775,0.03251840873867316,0.7873643218860036,539,80,192,3242,0.9180925561960129,0.0003633540885594755
phoneme,seed_2,2,1.5,0.9185839100203148,0.7132216014897579,0.6625,0.03275900986838753,0.7066782093052492,537,80,192,3242,0.9180925561960129,0.0004913538243018767
phoneme,seed_2,0,2.0,0.9158793994747881,0.6055555555555555,0.725,0.0521427334144572,1.1710001946911353,540,80,192,3242,0.9180925561960129,-0.002213156721224796
phoneme,seed_2,1,2.0,0.9176693312633162,0.6487985212569316,0.6,0.0371602949883841,1.1019634730987677,541,80,192,3242,0.9180925561960129,-0.000423224932696753
phoneme,seed_2,2,2.0,0.9179191371992006,0.6126629422718808,0.6625,0.04618995614268555,1.0829119783762757,537,80,192,3242,0.9180925561960129,-0.00017341899681233564
qsar_biodeg,seed_0,0,0.0,0.9008551307847082,1.0,1.0,0.0,0.0,506,80,192,633,0.9008551307847082,0.0
qsar_biodeg,seed_0,1,0.0,0.9008551307847082,1.0,1.0,0.0,0.0,506,80,192,633,0.9008551307847082,0.0
qsar_biodeg,seed_0,2,0.0,0.9008551307847082,1.0,1.0,0.0,0.0,506,80,192,633,0.9008551307847082,0.0
qsar_biodeg,seed_0,0,0.25,0.9008551307847082,1.0,1.0,0.0,0.05894029567495725,506,80,192,633,0.9008551307847082,0.0
qsar_biodeg,seed_0,1,0.25,0.9008551307847082,1.0,1.0,0.0,0.059034412358871635,506,80,192,633,0.9008551307847082,0.0
qsar_biodeg,seed_0,2,0.25,0.9008551307847082,1.0,1.0,0.0,0.059076670267056354,506,80,192,633,0.9008551307847082,0.0
qsar_biodeg,seed_0,0,0.49,0.9008551307847082,1.0,1.0,0.0,0.1157396314904167,506,80,192,633,0.9008551307847082,0.0
qsar_biodeg,seed_0,1,0.49,0.9008551307847082,1.0,1.0,0.0,0.11580261898920567,506,80,192,633,0.9008551307847082,0.0
qsar_biodeg,seed_0,2,0.49,0.9008551307847082,1.0,1.0,0.0,0.11555093298285429,506,80,192,633,0.9008551307847082,0.0
qsar_biodeg,seed_0,0,0.5,0.9008551307847082,1.0,1.0,0.0,0.11803210070051597,506,80,192,633,0.9008551307847082,0.0
qsar_biodeg,seed_0,1,0.5,0.9008551307847082,1.0,1.0,0.0,0.11788805079231547,506,80,192,633,0.9008551307847082,0.0
qsar_biodeg,seed_0,2,0.5,0.9008551307847082,1.0,1.0,0.0,0.11802203841020517,506,80,192,633,0.9008551307847082,0.0
qsar_biodeg,seed_0,0,0.75,0.9046780684104628,0.9408284023668639,0.8625,0.0037715426334415424,0.1898969282999502,507,80,192,633,0.9008551307847082,0.0038229376257545855
qsar_biodeg,seed_0,1,0.75,0.9009557344064386,0.9206349206349206,0.95,0.008326774733017048,0.17855209736963576,504,80,192,633,0.9008551307847082,0.0001006036217303663
qsar_biodeg,seed_0,2,0.75,0.9008551307847082,0.9403578528827038,0.9125,0.0071135598088328394,0.17796352729901904,503,80,192,633,0.9008551307847082,0.0
qsar_biodeg,seed_0,0,1.0,0.9009557344064386,0.8330019880715706,0.8,0.01922395026375753,0.26989267937545885,503,80,192,633,0.9008551307847082,0.0001006036217303663
qsar_biodeg,seed_0,1,1.0,0.9013581488933601,0.7992047713717694,0.775,0.022234911625531994,0.2594160431843032,503,80,192,633,0.9008551307847082,0.0005030181086518315
qsar_biodeg,seed_0,2,1.0,0.9032696177062374,0.8294117647058824,0.7875,0.01897136055924377,0.2546618955914946,510,80,192,633,0.9008551307847082,0.0024144869215291243
qsar_biodeg,seed_0,0,1.5,0.9007545271629779,0.6994106090373281,0.725,0.05360786139130155,0.4781532821205704,509,80,192,633,0.9008551307847082,-0.0001006036217303663
qsar_biodeg,seed_0,1,1.5,0.902364185110664,0.7043650793650794,0.675,0.03812649157678766,0.43050689041089624,504,80,192,633,0.9008551307847082,0.0015090543259557165
qsar_biodeg,seed_0,2,1.5,0.8982394366197183,0.6646942800788954,0.65,0.04422749618045357,0.4404806788381003,507,80,192,633,0.9008551307847082,-0.002615694164989968
qsar_biodeg,seed_0,0,2.0,0.9011569416498995,0.6242544731610338,0.6875,0.056460535545692705,0.5853110272446748,503,80,192,633,0.9008551307847082,0.0003018108651912099
qsar_biodeg,seed_0,1,2.0,0.8979376257545272,0.5976331360946746,0.5,0.05922347329168529,0.5812419900114069,507,80,192,633,0.9008551307847082,-0.0029175050301810668
qsar_biodeg,seed_0,2,2.0,0.9017605633802817,0.5848303393213573,0.575,0.06562839042668843,0.6591020843987613,501,80,192,633,0.9008551307847082,0.0009054325955734077
qsar_biodeg,seed_1,0,0.0,0.9008551307847082,1.0,1.0,0.0,0.0,506,80,192,633,0.9008551307847082,0.0
qsar_biodeg,seed_1,1,0.0,0.9008551307847082,1.0,1.0,0.0,0.0,506,80,192,633,0.9008551307847082,0.0
qsar_biodeg,seed_1,2,0.0,0.9008551307847082,1.0,1.0,0.0,0.0,506,80,192,633,0.9008551307847082,0.0
qsar_biodeg,seed_1,0,0.25,0.9008551307847082,1.0,1.0,0.0,0.058920951565475235,506,80,192,633,0.9008551307847082,0.0
qsar_biodeg,seed_1,1,0.25,0.9008551307847082,1.0,1.0,0.0,0.05896679290324498,506,80,192,633,0.9008551307847082,0.0
qsar_biodeg,seed_1,2,0.25,0.9008551307847082,1.0,1.0,0.0,0.05904409995002652,506,80,192,633,0.9008551307847082,0.0
qsar_biodeg,seed_1,0,0.49,0.9008551307847082,1.0,1.0,0.0,0.11571613609542263,506,80,192,633,0.9008551307847082,0.0
qsar_biodeg,seed_1,1,0.49,0.9008551307847082,1.0,1.0,0.0,0.11577965406533679,506,80,192,633,0.9008551307847082,0.0
qsar_biodeg,seed_1,2,0.49,0.9008551307847082,1.0,1.0,0.0,0.11567851998315443,506,80,192,633,0.9008551307847082,0.0
qsar_biodeg,seed_1,0,0.5,0.9008551307847082,1.0,1.0,0.0,0.11804620758201104,506,80,192,633,0.9008551307847082,0.0
qsar_biodeg,seed_1,1,0.5,0.9008551307847082,1.0,1.0,0.0,0.11799925244907648,506,80,192,633,0.9008551307847082,0.0
qsar_biodeg,seed_1,2,0.5,0.9008551307847082,1.0,1.0,0.0,0.1182019001924795,506,80,192,633,0.9008551307847082,0.0
qsar_biodeg,seed_1,0,0.75,0.90397384305835,0.9267326732673268,0.9625,0.007286744861232693,0.1954079256669106,505,80,192,633,0.9008551307847082,0.0031187122736417994
qsar_biodeg,seed_1,1,0.75,0.9012575452716298,0.9426877470355731,0.9875,0.005925170429630802,0.18204642493198422,506,80,192,633,0.9008551307847082,0.0004024144869215762
qsar_biodeg,seed_1,2,0.75,0.9008551307847084,0.9288537549407114,0.9,0.00427237456393352,0.19140655541909274,506,80,192,633,0.9008551307847082,1.1102230246251565e-16
qsar_biodeg,seed_1,0,1.0,0.9047786720321932,0.8277227722772277,0.85,0.021161446459645745,0.2706822250637505,505,80,192,633,0.9008551307847082,0.003923541247484952
qsar_biodeg,seed_1,1,1.0,0.9028672032193159,0.8386454183266933,0.85,0.015113498246294781,0.25075223595925344,502,80,192,633,0.9008551307847082,0.002012072434607659
qsar_biodeg,seed_1,2,1.0,0.9028672032193158,0.8074656188605108,0.825,0.020783728959337118,0.27479865844297263,509,80,192,633,0.9008551307847082,0.002012072434607548
qsar_biodeg,seed_1,0,1.5,0.8997484909456741,0.6713147410358565,0.7875,0.04457702465703129,0.4351073871116831,502,80,192,633,0.9008551307847082,-0.0011066398390341403
qsar_biodeg,seed_1,1,1.5,0.9000503018108652,0.7337278106508875,0.7375,0.031898646419085866,0.4499401139488645,507,80,192,633,0.9008551307847082,-0.0008048289738430414
qsar_biodeg,seed_1,2,1.5,0.9037726358148893,0.6889763779527559,0.7,0.04069198874904659,0.4233204520743457,508,80,192,633,0.9008551307847082,0.0029175050301810668
qsar_biodeg,seed_1,0,2.0,0.9000503018108652,0.6198019801980198,0.725,0.0543649344652544,0.6068849074033428,505,80,192,633,0.9008551307847082,-0.0008048289738430414
qsar_biodeg,seed_1,1,2.0,0.9034708249496982,0.580896686159844,0.675,0.06509988908466031,0.628477780608957,513,80,192,633,0.9008551307847082,0.002615694164989968
qsar_biodeg,seed_1,2,2.0,0.9020623742454729,0.5854616895874263,0.65,0.05474532947609071,0.5926869919667784,509,80,192,633,0.9008551307847082,0.0012072434607646176
qsar_biodeg,seed_2,0,0.0,0.9008551307847082,1.0,1.0,0.0,0.0,506,80,192,633,0.9008551307847082,0.0
qsar_biodeg,seed_2,1,0.0,0.9008551307847082,1.0,1.0,0.0,0.0,506,80,192,633,0.9008551307847082,0.0
qsar_biodeg,seed_2,2,0.0,0.9008551307847082,1.0,1.0,0.0,0.0,506,80,192,633,0.9008551307847082,0.0
qsar_biodeg,seed_2,0,0.25,0.9008551307847082,1.0,1.0,0.0,0.058898674600161405,506,80,192,633,0.9008551307847082,0.0
qsar_biodeg,seed_2,1,0.25,0.9008551307847082,1.0,1.0,0.0,0.059024756963214506,506,80,192,633,0.9008551307847082,0.0
qsar_biodeg,seed_2,2,0.25,0.9008551307847082,1.0,1.0,0.0,0.0588747213288837,506,80,192,633,0.9008551307847082,0.0
qsar_biodeg,seed_2,0,0.49,0.9008551307847082,1.0,1.0,0.0,0.11566364569564035,506,80,192,633,0.9008551307847082,0.0
qsar_biodeg,seed_2,1,0.49,0.9008551307847082,1.0,1.0,0.0,0.11573661418999576,506,80,192,633,0.9008551307847082,0.0
qsar_biodeg,seed_2,2,0.49,0.9008551307847082,1.0,1.0,0.0,0.11566950821380954,506,80,192,633,0.9008551307847082,0.0
qsar_biodeg,seed_2,0,0.5,0.9008551307847082,1.0,1.0,0.0,0.11807957580515208,506,80,192,633,0.9008551307847082,0.0
qsar_biodeg,seed_2,1,0.5,0.9008551307847082,1.0,1.0,0.0,0.11812274042780664,506,80,192,633,0.9008551307847082,0.0
qsar_biodeg,seed_2,2,0.5,0.9008551307847082,1.0,1.0,0.0,0.11798900269996002,506,80,192,633,0.9008551307847082,0.0
qsar_biodeg,seed_2,0,0.75,0.9002515090543259,0.9150197628458498,0.8875,0.011247724729369229,0.18670832249959196,506,80,192,633,0.9008551307847082,-0.0006036217303823088
qsar_biodeg,seed_2,1,0.75,0.8988430583501006,0.950199203187251,0.9625,0.004752460841001045,0.1866684651565496,502,80,192,633,0.9008551307847082,-0.002012072434607659
qsar_biodeg,seed_2,2,0.75,0.9006539235412475,0.9404761904761905,0.9375,0.005414019362893255,0.1801038090843274,504,80,192,633,0.9008551307847082,-0.0002012072434607326
qsar_biodeg,seed_2,0,1.0,0.8992454728370222,0.8188976377952756,0.8375,0.019740165646577143,0.27171742604173593,508,80,192,633,0.9008551307847082,-0.0016096579476860828
qsar_biodeg,seed_2,1,1.0,0.9013581488933602,0.8346456692913385,0.8625,0.018043051163863663,0.3099899445845992,508,80,192,633,0.9008551307847082,0.0005030181086519425
qsar_biodeg,seed_2,2,1.0,0.9003521126760563,0.8257425742574257,0.825,0.018492727531489103,0.2564685397788515,505,80,192,633,0.9008551307847082,-0.0005030181086519425
qsar_biodeg,seed_2,0,1.5,0.9041750503018109,0.6607142857142857,0.7125,0.0402566386893218,0.3850178935581467,504,80,192,633,0.9008551307847082,0.003319919517102643
qsar_biodeg,seed_2,1,1.5,0.9017605633802817,0.7055335968379447,0.6875,0.03830021790054679,0.4249945170109837,506,80,192,633,0.9008551307847082,0.0009054325955734077
qsar_biodeg,seed_2,2,1.5,0.9031690140845071,0.6978131212723658,0.725,0.04401419991298226,0.4514055083434718,503,80,192,633,0.9008551307847082,0.002313883299798869
qsar_biodeg,seed_2,0,2.0,0.9014587525150906,0.6039215686274509,0.7,0.06100784074166922,0.5799046136008985,510,80,192,633,0.9008551307847082,0.0006036217303823088
qsar_biodeg,seed_2,1,2.0,0.902364185110664,0.5834970530451866,0.5375,0.06694933746154075,0.6685186318765914,509,80,192,633,0.9008551307847082,0.0015090543259557165
qsar_biodeg,seed_2,2,2.0,0.9042756539235411,0.5909090909090909,0.5875,0.056465646471968424,0.5742268604394007,506,80,192,633,0.9008551307847082,0.0034205231388328983
sick,seed_0,0,0.0,0.987428711596247,1.0,1.0,0.0,0.0,469,80,192,2262,0.987428711596247,0.0
sick,seed_0,1,0.0,0.987428711596247,1.0,1.0,0.0,0.0,469,80,192,2262,0.987428711596247,0.0
sick,seed_0,2,0.0,0.987428711596247,1.0,1.0,0.0,0.0,469,80,192,2262,0.987428711596247,0.0
sick,seed_0,0,0.25,0.987428711596247,1.0,1.0,0.0,0.14440962999861656,469,80,192,2262,0.987428711596247,0.0
sick,seed_0,1,0.25,0.987428711596247,1.0,1.0,0.0,0.14482383689974926,469,80,192,2262,0.987428711596247,0.0
sick,seed_0,2,0.25,0.987428711596247,1.0,1.0,0.0,0.1452018761821198,469,80,192,2262,0.987428711596247,0.0
sick,seed_0,0,0.49,0.987428711596247,1.0,1.0,0.0,0.28462851739447914,469,80,192,2262,0.987428711596247,0.0
sick,seed_0,1,0.49,0.987428711596247,1.0,1.0,0.0,0.2840648386785516,469,80,192,2262,0.987428711596247,0.0
sick,seed_0,2,0.49,0.987428711596247,1.0,1.0,0.0,0.2842544933650948,469,80,192,2262,0.987428711596247,0.0
sick,seed_0,0,0.5,0.987428711596247,1.0,1.0,0.0,0.28992317106303356,469,80,192,2262,0.987428711596247,0.0
sick,seed_0,1,0.5,0.987428711596247,1.0,1.0,0.0,0.2903664122504201,469,80,192,2262,0.987428711596247,0.0
sick,seed_0,2,0.5,0.987428711596247,1.0,1.0,0.0,0.29072635796749113,469,80,192,2262,0.987428711596247,0.0
sick,seed_0,0,0.75,0.9873980499172135,0.9533898305084746,0.9875,0.0036720283175735668,0.4351679083566713,472,80,192,2262,0.987428711596247,-3.0661679033539e-05
sick,seed_0,1,0.75,0.9871834181639787,0.9260042283298098,0.9625,0.011887615702015823,0.4388993988657231,473,80,192,2262,0.987428711596247,-0.000245293432268312
sick,seed_0,2,0.75,0.9871220948059116,0.9508547008547008,0.95,0.0046163505281098405,0.4370552935055527,468,80,192,2262,0.987428711596247,-0.00030661679033539
sick,seed_0,0,1.0,0.9873060648801129,0.835820895522388,0.8875,0.01935615630368855,0.5939029400117901,469,80,192,2262,0.987428711596247,-0.000122646716134156
sick,seed_0,1,1.0,0.9873980499172134,0.8329809725158562,0.8875,0.028028869529764962,0.6184179357353132,473,80,192,2262,0.987428711596247,-3.0661679033650024e-05
sick,seed_0,2,1.0,0.9870454406083278,0.8230277185501066,0.8125,0.02438246784198809,0.6266078718512791,469,80,192,2262,0.987428711596247,-0.0003832709879192375
sick,seed_0,0,1.5,0.9874900349543141,0.7237687366167024,0.7875,0.04824451703904147,1.125801867399949,467,80,192,2262,0.987428711596247,6.1323358067078e-05
sick,seed_0,1,1.5,0.9882105844116024,0.6708595387840671,0.675,0.05415723504419968,1.1625026933650935,477,80,192,2262,0.987428711596247,0.0007818728153553556
sick,seed_0,2,1.5,0.9865395229042742,0.7031578947368421,0.7375,0.07407221827930072,1.3247594812407821,475,80,192,2262,0.987428711596247,-0.0008891886919728531
sick,seed_0,0,2.0,0.9869841172502606,0.6047008547008547,0.6375,0.07961349606681384,1.6924566742879064,468,80,192,2262,0.987428711596247,-0.00044459434598642655
sick,seed_0,1,2.0,0.9871680873244619,0.5864978902953587,0.6375,0.08076577842685753,1.4037538512106418,474,80,192,2262,0.987428711596247,-0.0002606242717850815
sick,seed_0,2,2.0,0.9859109584840866,0.5887265135699373,0.55,0.08188561881103829,1.2742491528123712,479,80,192,2262,0.987428711596247,-0.0015177531121604027
sick,seed_1,0,0.0,0.987428711596247,1.0,1.0,0.0,0.0,469,80,192,2262,0.987428711596247,0.0
sick,seed_1,1,0.0,0.987428711596247,1.0,1.0,0.0,0.0,469,80,192,2262,0.987428711596247,0.0
sick,seed_1,2,0.0,0.987428711596247,1.0,1.0,0.0,0.0,469,80,192,2262,0.987428711596247,0.0
sick,seed_1,0,0.25,0.987428711596247,1.0,1.0,0.0,0.1449349443786041,469,80,192,2262,0.987428711596247,0.0
sick,seed_1,1,0.25,0.987428711596247,1.0,1.0,0.0,0.1452192634113894,469,80,192,2262,0.987428711596247,0.0
sick,seed_1,2,0.25,0.987428711596247,1.0,1.0,0.0,0.14527646928060547,469,80,192,2262,0.987428711596247,0.0
sick,seed_1,0,0.49,0.987428711596247,1.0,1.0,0.0,0.2849037780470069,469,80,192,2262,0.987428711596247,0.0
sick,seed_1,1,0.49,0.987428711596247,1.0,1.0,0.0,0.28336093100054827,469,80,192,2262,0.987428711596247,0.0
sick,seed_1,2,0.49,0.987428711596247,1.0,1.0,0.0,0.28383662238452484,469,80,192,2262,0.987428711596247,0.0
sick,seed_1,0,0.5,0.987428711596247,1.0,1.0,0.0,0.2904636293842932,469,80,192,2262,0.987428711596247,0.0
sick,seed_1,1,0.5,0.987428711596247,1.0,1.0,0.0,0.2895689106068548,469,80,192,2262,0.987428711596247,0.0
sick,seed_1,2,0.5,0.987428711596247,1.0,1.0,0.0,0.29085888284033923,469,80,192,2262,0.987428711596247,0.0
sick,seed_1,0,0.75,0.9862635677929723,0.9271948608137045,0.875,0.006872613962359288,0.4555564490229764,467,80,192,2262,0.987428711596247,-0.0011651438032747041
sick,seed_1,1,0.75,0.9871374256454283,0.9361702127659575,0.95,0.008257757010943535,0.5177711368396671,470,80,192,2262,0.987428711596247,-0.00029128595081873154
sick,seed_1,2,0.75,0.9863095603115227,0.9293361884368309,0.925,0.006958770473041818,0.4318717168883175,467,80,192,2262,0.987428711596247,-0.0011191512847242846
sick,seed_1,0,1.0,0.9868154780155761,0.8308668076109936,0.85,0.021847950559630333,0.5999025588167156,473,80,192,2262,0.987428711596247,-0.0006132335806708911
sick,seed_1,1,1.0,0.9864781995462071,0.8442105263157895,0.875,0.03277027061081467,0.9617582153906963,475,80,192,2262,0.987428711596247,-0.0009505120500399311
sick,seed_1,2,1.0,0.9880112834978845,0.8199152542372882,0.8375,0.01815076473701815,0.5988798605314803,472,80,192,2262,0.987428711596247,0.0005825719016374631
sick,seed_1,0,1.5,0.9877966517446496,0.6942675159235668,0.7125,0.04587059871444052,1.141326478986409,471,80,192,2262,0.987428711596247,0.00036794014840257905
sick,seed_1,1,1.5,0.9862022444349052,0.692144373673036,0.7375,0.0493120613112116,1.1037731576863836,471,80,192,2262,0.987428711596247,-0.0012264671613417821
sick,seed_1,2,1.5,0.9852670632243822,0.689873417721519,0.7,0.05622976681619529,1.2218617979436135,474,80,192,2262,0.987428711596247,-0.0021616483718648327
sick,seed_1,0,2.0,0.9854970258171338,0.554140127388535,0.4625,0.08401293415137166,1.614398758336953,471,80,192,2262,0.987428711596247,-0.0019316857791131792
sick,seed_1,1,2.0,0.9866008462623413,0.5571725571725572,0.675,0.08282826118455759,1.4229704211495964,481,80,192,2262,0.987428711596247,-0.0008278653339056641
sick,seed_1,2,2.0,0.9865241920647575,0.6436285097192225,0.625,0.07895496536217399,1.9079272685422388,463,80,192,2262,0.987428711596247,-0.0009045195314895116
sick,seed_2,0,0.0,0.987428711596247,1.0,1.0,0.0,0.0,469,80,192,2262,0.987428711596247,0.0
sick,seed_2,1,0.0,0.987428711596247,1.0,1.0,0.0,0.0,469,80,192,2262,0.987428711596247,0.0
sick,seed_2,2,0.0,0.987428711596247,1.0,1.0,0.0,0.0,469,80,192,2262,0.987428711596247,0.0
sick,seed_2,0,0.25,0.987428711596247,1.0,1.0,0.0,0.1447829099261155,469,80,192,2262,0.987428711596247,0.0
sick,seed_2,1,0.25,0.987428711596247,1.0,1.0,0.0,0.14529934148293772,469,80,192,2262,0.987428711596247,0.0
sick,seed_2,2,0.25,0.987428711596247,1.0,1.0,0.0,0.1454766219510945,469,80,192,2262,0.987428711596247,0.0
sick,seed_2,0,0.49,0.987428711596247,1.0,1.0,0.0,0.2846618683356139,469,80,192,2262,0.987428711596247,0.0
sick,seed_2,1,0.49,0.987428711596247,1.0,1.0,0.0,0.28508766436401306,469,80,192,2262,0.987428711596247,0.0
sick,seed_2,2,0.49,0.987428711596247,1.0,1.0,0.0,0.28535253291315693,469,80,192,2262,0.987428711596247,0.0
sick,seed_2,0,0.5,0.987428711596247,1.0,1.0,0.0,0.2911338417111766,469,80,192,2262,0.987428711596247,0.0
sick,seed_2,1,0.5,0.987428711596247,1.0,1.0,0.0,0.290417860061859,469,80,192,2262,0.987428711596247,0.0
sick,seed_2,2,0.5,0.987428711596247,1.0,1.0,0.0,0.2904479089993276,469,80,192,2262,0.987428711596247,0.0
sick,seed_2,0,0.75,0.9864781995462072,0.9503239740820735,0.9625,0.006481739314473744,0.4564095147796621,463,80,192,2262,0.987428711596247,-0.0009505120500398201
sick,seed_2,1,0.75,0.9879499601398174,0.9317697228144989,0.975,0.007743594697519783,0.43991069191895626,469,80,192,2262,0.987428711596247,0.0005212485435703851
sick,seed_2,2,0.75,0.9875820199914147,0.9245283018867925,0.9375,0.008860182369711884,0.4460008795976844,477,80,192,2262,0.987428711596247,0.000153308395167695
sick,seed_2,0,1.0,0.9865855154228246,0.8468085106382979,0.8875,0.023337149234385807,0.6172948450980633,470,80,192,2262,0.987428711596247,-0.0008431961734224336
sick,seed_2,1,1.0,0.9886858404366223,0.844017094017094,0.8875,0.023458151219120007,0.6542954788393299,468,80,192,2262,0.987428711596247,0.0012571288403753211
sick,seed_2,2,1.0,0.9880112834978845,0.8372093023255814,0.9,0.021907763550214104,0.5997294463906795,473,80,192,2262,0.987428711596247,0.0005825719016374631
sick,seed_2,0,1.5,0.9871680873244619,0.6952789699570815,0.7125,0.04679313249147964,1.1617129920608982,466,80,192,2262,0.987428711596247,-0.0002606242717850815
sick,seed_2,1,1.5,0.986830808855093,0.7151898734177216,0.725,0.05027085612907005,0.9906477123613138,474,80,192,2262,0.987428711596247,-0.0005979027411540105
sick,seed_2,2,1.5,0.9870761022873613,0.6780383795309168,0.5875,0.04544792280178002,1.0023097095946476,469,80,192,2262,0.987428711596247,-0.0003526093088856985
sick,seed_2,0,2.0,0.9874593732752805,0.5961945031712473,0.5875,0.0740063400468219,1.6619301334987548,473,80,192,2262,0.987428711596247,3.0661679033539e-05
sick,seed_2,1,2.0,0.9877046667075489,0.605427974947808,0.6625,0.07307500924700856,1.2564037984089578,479,80,192,2262,0.987428711596247,0.000275955111301851
sick,seed_2,2,2.0,0.9864628687066904,0.6050955414012739,0.5875,0.08445022478271126,1.3903318176536337,471,80,192,2262,0.987428711596247,-0.0009658428895565896
spambase,seed_0,0,0.0,0.9846559436002251,1.0,1.0,0.0,0.0,518,80,192,2760,0.9846559436002251,0.0
spambase,seed_0,1,0.0,0.9846559436002251,1.0,1.0,0.0,0.0,518,80,192,2760,0.9846559436002251,0.0
spambase,seed_0,2,0.0,0.9846559436002251,1.0,1.0,0.0,0.0,518,80,192,2760,0.9846559436002251,0.0
spambase,seed_0,0,0.25,0.9846559436002251,1.0,1.0,0.0,0.20911536464248978,518,80,192,2760,0.9846559436002251,0.0
spambase,seed_0,1,0.25,0.9846559436002251,1.0,1.0,0.0,0.2092775647379096,518,80,192,2760,0.9846559436002251,0.0
spambase,seed_0,2,0.25,0.9846559436002251,1.0,1.0,0.0,0.20882192904567454,518,80,192,2760,0.9846559436002251,0.0
spambase,seed_0,0,0.49,0.9846559436002251,1.0,1.0,0.0,0.4089659082391287,518,80,192,2760,0.9846559436002251,0.0
spambase,seed_0,1,0.49,0.9846559436002251,1.0,1.0,0.0,0.40979041300965946,518,80,192,2760,0.9846559436002251,0.0
spambase,seed_0,2,0.49,0.9846559436002251,1.0,1.0,0.0,0.4103063608519019,518,80,192,2760,0.9846559436002251,0.0
spambase,seed_0,0,0.5,0.9846559436002251,1.0,1.0,0.0,0.4182117169761317,518,80,192,2760,0.9846559436002251,0.0
spambase,seed_0,1,0.5,0.9846559436002251,1.0,1.0,0.0,0.4184423097997709,518,80,192,2760,0.9846559436002251,0.0
spambase,seed_0,2,0.5,0.9846559436002251,1.0,1.0,0.0,0.4185007517227248,518,80,192,2760,0.9846559436002251,0.0
spambase,seed_0,0,0.75,0.9846139794820145,0.9319066147859922,0.9,0.006292316509364605,0.6629213085268497,514,80,192,2760,0.9846559436002251,-4.196411821066892e-05
spambase,seed_0,1,0.75,0.9852187564797535,0.9382239382239382,0.925,0.007272332967884261,0.689162729510159,518,80,192,2760,0.9846559436002251,0.0005628128795284182
spambase,seed_0,2,0.75,0.9855125053072267,0.9420849420849421,0.9625,0.005699715012710271,0.6805641278043966,518,80,192,2760,0.9846559436002251,0.0008565617070015463
spambase,seed_0,0,1.0,0.9849817826357415,0.8180076628352491,0.8,0.018119472330340124,0.9595151547681542,522,80,192,2760,0.9846559436002251,0.0003258390355164176
spambase,seed_0,1,1.0,0.9844263751888385,0.8181818181818182,0.8625,0.021694577767970707,0.9369693565184288,528,80,192,2760,0.9846559436002251,-0.0002295684113866603
spambase,seed_0,2,1.0,0.9844806816947579,0.8183556405353728,0.775,0.023350035347968277,1.017176586796324,523,80,192,2760,0.9846559436002251,-0.00017526190546723885
spambase,seed_0,0,1.5,0.9839919231414833,0.7216890595009597,0.6875,0.04343289862857847,1.576589636754121,521,80,192,2760,0.9846559436002251,-0.0006640204587418097
spambase,seed_0,1,1.5,0.9842190230753282,0.6843100189035917,0.6,0.04393195955272572,1.540377087241288,529,80,192,2760,0.9846559436002251,-0.00043692052489696653
spambase,seed_0,2,1.5,0.9856309922292328,0.6883365200764818,0.6625,0.058251208414289705,1.8695654603228398,523,80,192,2760,0.9846559436002251,0.0009750486290076577
spambase,seed_0,0,2.0,0.984468339307049,0.5769230769230769,0.65,0.07651681387634666,2.2511222160181226,520,80,192,2760,0.9846559436002251,-0.0001876042931761024
spambase,seed_0,1,2.0,0.9850657108721625,0.5926640926640927,0.6,0.07211457828203252,2.6216945349704117,518,80,192,2760,0.9846559436002251,0.00040976727193742235
spambase,seed_0,2,2.0,0.9850780532598714,0.5858778625954199,0.6,0.07582821551512037,2.42792310151662,524,80,192,2760,0.9846559436002251,0.0004221096596462859
spambase,seed_1,0,0.0,0.9846559436002251,1.0,1.0,0.0,0.0,518,80,192,2760,0.9846559436002251,0.0
spambase,seed_1,1,0.0,0.9846559436002251,1.0,1.0,0.0,0.0,518,80,192,2760,0.9846559436002251,0.0
spambase,seed_1,2,0.0,0.9846559436002251,1.0,1.0,0.0,0.0,518,80,192,2760,0.9846559436002251,0.0
spambase,seed_1,0,0.25,0.9846559436002251,1.0,1.0,0.0,0.20909802421269877,518,80,192,2760,0.9846559436002251,0.0
spambase,seed_1,1,0.25,0.9846559436002251,1.0,1.0,0.0,0.20921217117554208,518,80,192,2760,0.9846559436002251,0.0
spambase,seed_1,2,0.25,0.9846559436002251,1.0,1.0,0.0,0.20936868419490093,518,80,192,2760,0.9846559436002251,0.0
spambase,seed_1,0,0.49,0.9846559436002251,1.0,1.0,0.0,0.4103752530814956,518,80,192,2760,0.9846559436002251,0.0
spambase,seed_1,1,0.49,0.9846559436002251,1.0,1.0,0.0,0.4103031399288701,518,80,192,2760,0.9846559436002251,0.0
spambase,seed_1,2,0.49,0.9846559436002251,1.0,1.0,0.0,0.41005377091170325,518,80,192,2760,0.9846559436002251,0.0
spambase,seed_1,0,0.5,0.9846559436002251,1.0,1.0,0.0,0.4184820247112076,518,80,192,2760,0.9846559436002251,0.0
spambase,seed_1,1,0.5,0.9846559436002251,1.0,1.0,0.0,0.41805953568439763,518,80,192,2760,0.9846559436002251,0.0
spambase,seed_1,2,0.5,0.9846559436002251,1.0,1.0,0.0,0.41763401205023004,518,80,192,2760,0.9846559436002251,0.0
spambase,seed_1,0,0.75,0.9846065740493892,0.8970873786407767,0.8375,0.008704380653732111,0.6418302751201849,515,80,192,2760,0.9846559436002251,-4.9369550835898224e-05
spambase,seed_1,1,0.75,0.9846781598981014,0.9381044487427466,0.925,0.005837598262952581,0.6710977639120823,517,80,192,2760,0.9846559436002251,2.221629787624302e-05
spambase,seed_1,2,0.75,0.9845991686167639,0.9401544401544402,0.9125,0.00848143788586182,0.6631085950618385,518,80,192,2760,0.9846559436002251,-5.677498346123855e-05
spambase,seed_1,0,1.0,0.9845794207964296,0.832046332046332,0.8625,0.022119633960749334,0.9549019229199236,518,80,192,2760,0.9846559436002251,-7.652280379555343e-05
spambase,seed_1,1,1.0,0.9848040522527326,0.8015414258188824,0.75,0.0270444158525973,0.9125813177701976,519,80,192,2760,0.9846559436002251,0.00014810865250747263
spambase,seed_1,2,1.0,0.9843794741155445,0.833976833976834,0.85,0.021522564547052314,0.9510289970977177,518,80,192,2760,0.9846559436002251,-0.0002764694846806304
spambase,seed_1,0,1.5,0.9851743238840012,0.6603053435114504,0.675,0.06627911483619078,2.116015427301157,524,80,192,2760,0.9846559436002251,0.0005183802837760432
spambase,seed_1,1,1.5,0.9845349882006773,0.687984496124031,0.65,0.04218107265598896,1.451922143267064,516,80,192,2760,0.9846559436002251,-0.00012095539954781742
spambase,seed_1,2,1.5,0.9851323597657908,0.7123552123552124,0.75,0.04307420288547561,1.5059655509719465,518,80,192,2760,0.9846559436002251,0.0004764161655657073
spambase,seed_1,0,2.0,0.9851372967208744,0.5622568093385214,0.575,0.07364291251611971,2.328207633722974,514,80,192,2760,0.9846559436002251,0.0004813531206492305
spambase,seed_1,1,2.0,0.9846139794820146,0.5934489402697495,0.5375,0.07028654238148527,2.5456117269813103,519,80,192,2760,0.9846559436002251,-4.19641182105579e-05
spambase,seed_1,2,2.0,0.9841350948389072,0.6190476190476191,0.6,0.06697566682271028,2.2688515948965473,525,80,192,2760,0.9846559436002251,-0.0005208487613179713
spambase,seed_2,0,0.0,0.9846559436002251,1.0,1.0,0.0,0.0,518,80,192,2760,0.9846559436002251,0.0
spambase,seed_2,1,0.0,0.9846559436002251,1.0,1.0,0.0,0.0,518,80,192,2760,0.9846559436002251,0.0
spambase,seed_2,2,0.0,0.9846559436002251,1.0,1.0,0.0,0.0,518,80,192,2760,0.9846559436002251,0.0
spambase,seed_2,0,0.25,0.9846559436002251,1.0,1.0,0.0,0.2087450418847685,518,80,192,2760,0.9846559436002251,0.0
spambase,seed_2,1,0.25,0.9846559436002251,1.0,1.0,0.0,0.20886888016179417,518,80,192,2760,0.9846559436002251,0.0
spambase,seed_2,2,0.25,0.9846559436002251,1.0,1.0,0.0,0.2089156445132716,518,80,192,2760,0.9846559436002251,0.0
spambase,seed_2,0,0.49,0.9846559436002251,1.0,1.0,0.0,0.4100456856284633,518,80,192,2760,0.9846559436002251,0.0
spambase,seed_2,1,0.49,0.9846559436002251,1.0,1.0,0.0,0.4100533809418154,518,80,192,2760,0.9846559436002251,0.0
spambase,seed_2,2,0.49,0.9846559436002251,1.0,1.0,0.0,0.4102875865982869,518,80,192,2760,0.9846559436002251,0.0
spambase,seed_2,0,0.5,0.9846559436002251,1.0,1.0,0.0,0.4184226443542013,518,80,192,2760,0.9846559436002251,0.0
spambase,seed_2,1,0.5,0.9846559436002251,1.0,1.0,0.0,0.4187318688214749,518,80,192,2760,0.9846559436002251,0.0
spambase,seed_2,2,0.5,0.9846559436002251,1.0,1.0,0.0,0.419015055337335,518,80,192,2760,0.9846559436002251,0.0
spambase,seed_2,0,0.75,0.9853446488343849,0.9208494208494209,0.9625,0.010522375775709965,0.6787620701359252,518,80,192,2760,0.9846559436002251,0.0006887052341597588
spambase,seed_2,1,0.75,0.984799115297649,0.9241245136186771,0.9,0.00637232365472033,0.6810227390786784,514,80,192,2760,0.9846559436002251,0.0001431716974238384
spambase,seed_2,2,0.75,0.9847793674773146,0.9273422562141491,0.8625,0.00822839720805391,0.6982963140253958,523,80,192,2760,0.9846559436002251,0.00012342387708952351
spambase,seed_2,0,1.0,0.9843547893401265,0.8387715930902111,0.8,0.020933273129977586,0.8855817680363728,521,80,192,2760,0.9846559436002251,-0.0003011542600985795
spambase,seed_2,1,1.0,0.9840215448719847,0.8620689655172413,0.9125,0.02151147030756303,1.0205811126158812,522,80,192,2760,0.9846559436002251,-0.0006343987282404484
spambase,seed_2,2,1.0,0.9847719620446893,0.8387715930902111,0.85,0.016566641969616214,0.968082620856881,521,80,192,2760,0.9846559436002251,0.00011601844446418319
spambase,seed_2,0,1.5,0.9849472239501564,0.6552380952380953,0.675,0.05635645946870032,1.8398681172297024,525,80,192,2760,0.9846559436002251,0.000291280349931311
spambase,seed_2,1,1.5,0.984209149165161,0.6570327552986512,0.6875,0.05369464636370849,1.8880580056691538,519,80,192,2760,0.9846559436002251,-0.000446794435064124
spambase,seed_2,2,1.5,0.9841968067774518,0.6939163498098859,0.725,0.046554025548486,1.375884432522174,526,80,192,2760,0.9846559436002251,-0.0004591368227733206
spambase,seed_2,0,2.0,0.9853249010140505,0.5877862595419847,0.5375,0.07444518760620827,2.3264076031407277,524,80,192,2760,0.9846559436002251,0.0006689574138253329
spambase,seed_2,1,2.0,0.9846559436002251,0.5953307392996109,0.675,0.07706666194006506,2.5097360887128817,514,80,192,2760,0.9846559436002251,0.0
spambase,seed_2,2,2.0,0.9844880871273832,0.6142034548944337,0.625,0.06532417580466075,2.11379861988154,521,80,192,2760,0.9846559436002251,-0.00016785647284189853
tic_tac_toe,seed_0,0,0.0,0.9079402985074627,1.0,1.0,0.0,0.0,560,80,192,574,0.9079402985074627,0.0
tic_tac_toe,seed_0,1,0.0,0.9079402985074627,1.0,1.0,0.0,0.0,560,80,192,574,0.9079402985074627,0.0
tic_tac_toe,seed_0,2,0.0,0.9079402985074627,1.0,1.0,0.0,0.0,560,80,192,574,0.9079402985074627,0.0
tic_tac_toe,seed_0,0,0.25,0.9079402985074627,1.0,1.0,0.0,0.1983462738031722,560,80,192,574,0.9079402985074627,0.0
tic_tac_toe,seed_0,1,0.25,0.9079402985074627,1.0,1.0,0.0,0.1975503535318451,560,80,192,574,0.9079402985074627,0.0
tic_tac_toe,seed_0,2,0.25,0.9079402985074627,1.0,1.0,0.0,0.19572848983942073,560,80,192,574,0.9079402985074627,0.0
tic_tac_toe,seed_0,0,0.49,0.9079402985074627,1.0,1.0,0.0,0.39241420707386093,560,80,192,574,0.9079402985074627,0.0
tic_tac_toe,seed_0,1,0.49,0.9079402985074627,1.0,1.0,0.0,0.39440139965210275,560,80,192,574,0.9079402985074627,0.0
tic_tac_toe,seed_0,2,0.49,0.9079402985074627,1.0,1.0,0.0,0.38655331420490285,560,80,192,574,0.9079402985074627,0.0
tic_tac_toe,seed_0,0,0.5,0.9079402985074627,1.0,1.0,0.0,0.3937119367741881,560,80,192,574,0.9079402985074627,0.0
tic_tac_toe,seed_0,1,0.5,0.9079402985074627,1.0,1.0,0.0,0.39017527675014035,560,80,192,574,0.9079402985074627,0.0
tic_tac_toe,seed_0,2,0.5,0.9079402985074627,1.0,1.0,0.0,0.39254990965179876,560,80,192,574,0.9079402985074627,0.0
tic_tac_toe,seed_0,0,0.75,0.9104477611940298,0.9339285714285714,0.9875,0.020108584927853834,0.636035131853387,560,80,192,574,0.9079402985074627,0.002507462686567097
tic_tac_toe,seed_0,1,0.75,0.8994626865671642,0.9107142857142857,0.925,0.026743312404865865,0.6220432743543142,560,80,192,574,0.9079402985074627,-0.008477611940298502
tic_tac_toe,seed_0,2,0.75,0.9102089552238806,0.9410714285714286,0.9625,0.01860910225044528,0.6493323701140917,560,80,192,574,0.9079402985074627,0.0022686567164178495
tic_tac_toe,seed_0,0,1.0,0.906865671641791,0.8446428571428571,0.9375,0.04818450317559427,0.9065949860132536,560,80,192,574,0.9079402985074627,-0.001074626865671724
tic_tac_toe,seed_0,1,1.0,0.909134328358209,0.8303571428571429,0.7625,0.05442832945373509,0.9777802074983027,560,80,192,574,0.9079402985074627,0.0011940298507462366
tic_tac_toe,seed_0,2,1.0,0.8932537313432836,0.8517857142857143,0.875,0.04370634889413425,0.8804215181923359,560,80,192,574,0.9079402985074627,-0.014686567164179154
tic_tac_toe,seed_0,0,1.5,0.9014925373134328,0.7107142857142857,0.7125,0.1020167871068975,1.579740790757951,560,80,192,574,0.9079402985074627,-0.0064477611940298996
tic_tac_toe,seed_0,1,1.5,0.9151044776119402,0.675,0.6875,0.1311807049552511,1.9611347409396667,560,80,192,574,0.9079402985074627,0.0071641791044775305
tic_tac_toe,seed_0,2,1.5,0.9197611940298508,0.6607142857142857,0.6375,0.1270026866771766,1.8291572363748596,560,80,192,574,0.9079402985074627,0.011820895522388075
tic_tac_toe,seed_0,0,2.0,0.8724776119402985,0.5089285714285714,0.6,0.2084105459715447,2.7534649963534856,560,80,192,574,0.9079402985074627,-0.035462686567164226
tic_tac_toe,seed_0,1,2.0,0.9183283582089552,0.5553571428571429,0.55,0.20275132810135374,2.920570500197837,560,80,192,574,0.9079402985074627,0.01038805970149248
tic_tac_toe,seed_0,2,2.0,0.8795223880597015,0.5178571428571429,0.6125,0.20903665974186764,2.7051082905192483,560,80,192,574,0.9079402985074627,-0.028417910447761208
tic_tac_toe,seed_1,0,0.0,0.9079402985074627,1.0,1.0,0.0,0.0,560,80,192,574,0.9079402985074627,0.0
tic_tac_toe,seed_1,1,0.0,0.9079402985074627,1.0,1.0,0.0,0.0,560,80,192,574,0.9079402985074627,0.0
tic_tac_toe,seed_1,2,0.0,0.9079402985074627,1.0,1.0,0.0,0.0,560,80,192,574,0.9079402985074627,0.0
tic_tac_toe,seed_1,0,0.25,0.9079402985074627,1.0,1.0,0.0,0.19827113470357938,560,80,192,574,0.9079402985074627,0.0
tic_tac_toe,seed_1,1,0.25,0.9079402985074627,1.0,1.0,0.0,0.1994138509873167,560,80,192,574,0.9079402985074627,0.0
tic_tac_toe,seed_1,2,0.25,0.9079402985074627,1.0,1.0,0.0,0.1984498686965286,560,80,192,574,0.9079402985074627,0.0
tic_tac_toe,seed_1,0,0.49,0.9079402985074627,1.0,1.0,0.0,0.3916654669818513,560,80,192,574,0.9079402985074627,0.0
tic_tac_toe,seed_1,1,0.49,0.9079402985074627,1.0,1.0,0.0,0.390877675173902,560,80,192,574,0.9079402985074627,0.0
tic_tac_toe,seed_1,2,0.49,0.9079402985074627,1.0,1.0,0.0,0.38966732244954994,560,80,192,574,0.9079402985074627,0.0
tic_tac_toe,seed_1,0,0.5,0.9079402985074627,1.0,1.0,0.0,0.39902113382970705,560,80,192,574,0.9079402985074627,0.0
tic_tac_toe,seed_1,1,0.5,0.9079402985074627,1.0,1.0,0.0,0.3974158968652161,560,80,192,574,0.9079402985074627,0.0
tic_tac_toe,seed_1,2,0.5,0.9079402985074627,1.0,1.0,0.0,0.395359178420485,560,80,192,574,0.9079402985074627,0.0
tic_tac_toe,seed_1,0,0.75,0.9112835820895523,0.9142857142857143,0.9625,0.026460621523136135,0.6162023222289988,560,80,192,574,0.9079402985074627,0.0033432835820895734
tic_tac_toe,seed_1,1,0.75,0.9047164179104478,0.9267857142857143,1.0,0.022841724431103685,0.6385116974203019,560,80,192,574,0.9079402985074627,-0.0032238805970149498
tic_tac_toe,seed_1,2,0.75,0.9351641791044776,0.9410714285714286,0.95,0.02088081999594487,0.6500110119400428,560,80,192,574,0.9079402985074627,0.02722388059701486
tic_tac_toe,seed_1,0,1.0,0.9019701492537313,0.8035714285714286,0.75,0.06308283748634536,1.0685348744573682,560,80,192,574,0.9079402985074627,-0.005970149253731405
tic_tac_toe,seed_1,1,1.0,0.9023283582089552,0.7928571428571428,0.8375,0.07662365904294757,1.1189133455023348,560,80,192,574,0.9079402985074627,-0.005611940298507534
tic_tac_toe,seed_1,2,1.0,0.9000597014925373,0.8410714285714286,0.9125,0.0468265197785354,0.9383128531087984,560,80,192,574,0.9079402985074627,-0.007880597014925383
tic_tac_toe,seed_1,0,1.5,0.9240597014925374,0.6589285714285714,0.5875,0.12934000804983206,1.904636353517022,560,80,192,574,0.9079402985074627,0.016119402985074638
tic_tac_toe,seed_1,1,1.5,0.9034029850746268,0.6196428571428572,0.625,0.1531104886214992,2.0662100001432915,560,80,192,574,0.9079402985074627,-0.004537313432835921
tic_tac_toe,seed_1,2,1.5,0.9023283582089552,0.6142857142857143,0.6125,0.14354767067258362,2.0131127302158425,560,80,192,574,0.9079402985074627,-0.005611940298507534
tic_tac_toe,seed_1,0,2.0,0.8932537313432836,0.5321428571428571,0.4375,0.2010787194080802,2.671778419396395,560,80,192,574,0.9079402985074627,-0.014686567164179154
tic_tac_toe,seed_1,1,2.0,0.9203582089552239,0.5928571428571429,0.6625,0.16574216613439785,2.4994322732905823,560,80,192,574,0.9079402985074627,0.012417910447761193
tic_tac_toe,seed_1,2,2.0,0.9032835820895522,0.5214285714285715,0.5125,0.18439085641061537,2.437424512339639,560,80,192,574,0.9079402985074627,-0.004656716417910545
tic_tac_toe,seed_2,0,0.0,0.9079402985074627,1.0,1.0,0.0,0.0,560,80,192,574,0.9079402985074627,0.0
tic_tac_toe,seed_2,1,0.0,0.9079402985074627,1.0,1.0,0.0,0.0,560,80,192,574,0.9079402985074627,0.0
tic_tac_toe,seed_2,2,0.0,0.9079402985074627,1.0,1.0,0.0,0.0,560,80,192,574,0.9079402985074627,0.0
tic_tac_toe,seed_2,0,0.25,0.9079402985074627,1.0,1.0,0.0,0.19787566682454913,560,80,192,574,0.9079402985074627,0.0
tic_tac_toe,seed_2,1,0.25,0.9079402985074627,1.0,1.0,0.0,0.1983117410952181,560,80,192,574,0.9079402985074627,0.0
tic_tac_toe,seed_2,2,0.25,0.9079402985074627,1.0,1.0,0.0,0.19815259629532728,560,80,192,574,0.9079402985074627,0.0
tic_tac_toe,seed_2,0,0.49,0.9079402985074627,1.0,1.0,0.0,0.39461100945882416,560,80,192,574,0.9079402985074627,0.0
tic_tac_toe,seed_2,1,0.49,0.9079402985074627,1.0,1.0,0.0,0.3888857623908859,560,80,192,574,0.9079402985074627,0.0
tic_tac_toe,seed_2,2,0.49,0.9079402985074627,1.0,1.0,0.0,0.3908973374023164,560,80,192,574,0.9079402985074627,0.0
tic_tac_toe,seed_2,0,0.5,0.9079402985074627,1.0,1.0,0.0,0.39893457837351987,560,80,192,574,0.9079402985074627,0.0
tic_tac_toe,seed_2,1,0.5,0.9079402985074627,1.0,1.0,0.0,0.39664679235577277,560,80,192,574,0.9079402985074627,0.0
tic_tac_toe,seed_2,2,0.5,0.9079402985074627,1.0,1.0,0.0,0.3973155059832905,560,80,192,574,0.9079402985074627,0.0
tic_tac_toe,seed_2,0,0.75,0.9176119402985075,0.9410714285714286,0.975,0.018732877914362213,0.6489878707233405,560,80,192,574,0.9079402985074627,0.009671641791044738
tic_tac_toe,seed_2,1,0.75,0.9044776119402985,0.9267857142857143,0.8625,0.012252179189030168,0.5740109867199733,560,80,192,574,0.9079402985074627,-0.003462686567164197
tic_tac_toe,seed_2,2,0.75,0.9157014925373134,0.9071428571428571,0.9125,0.023423590249692733,0.6344404049726493,560,80,192,574,0.9079402985074627,0.007761194029850649
tic_tac_toe,seed_2,0,1.0,0.8882388059701493,0.8464285714285714,0.7875,0.050374629516694275,0.9388650322110773,560,80,192,574,0.9079402985074627,-0.01970149253731346
tic_tac_toe,seed_2,1,1.0,0.9112835820895522,0.8071428571428572,0.8,0.06603436355542193,1.0186294784781291,560,80,192,574,0.9079402985074627,0.0033432835820894624
tic_tac_toe,seed_2,2,1.0,0.9061492537313434,0.8428571428571429,0.8875,0.058151967070962075,0.9892090447080979,560,80,192,574,0.9079402985074627,-0.0017910447761193549
tic_tac_toe,seed_2,0,1.5,0.9111641791044776,0.6553571428571429,0.7625,0.13254469933878177,1.7514903311918408,560,80,192,574,0.9079402985074627,0.0032238805970148388
tic_tac_toe,seed_2,1,1.5,0.9010149253731343,0.7053571428571429,0.675,0.10400075766473554,1.5800006784485692,560,80,192,574,0.9079402985074627,-0.006925373134328394
tic_tac_toe,seed_2,2,1.5,0.908179104477612,0.65,0.625,0.14197339558784178,1.7114801729895825,560,80,192,574,0.9079402985074627,0.00023880597014924732
tic_tac_toe,seed_2,0,2.0,0.9031641791044777,0.5652951699463328,0.625,0.1771944673080193,2.481479562044624,559,80,192,574,0.9079402985074627,-0.004776119402985057
tic_tac_toe,seed_2,1,2.0,0.9006567164179105,0.5241502683363148,0.5,0.20940131890364644,2.946748905946467,559,80,192,574,0.9079402985074627,-0.007283582089552265
tic_tac_toe,seed_2,2,2.0,0.8876417910447761,0.5553571428571429,0.55,0.2024037698067312,3.0047874422192296,560,80,192,574,0.9079402985074627,-0.020298507462686577
