dataset,seed,state,depth,dose_ratio,epsilon,margin,agreement,split_regret_norm
adult,seed_0,root,0,0.0,0.0,190.2839959802684,1.0,0.0
adult,seed_0,root,0,0.25,47.5709989950671,190.2839959802684,1.0,0.0
adult,seed_0,root,0,0.49,93.23915803033151,190.2839959802684,1.0,0.0
adult,seed_0,root,0,0.5,95.1419979901342,190.2839959802684,1.0,0.0
adult,seed_0,root,0,0.75,142.7129969852013,190.2839959802684,0.9609375,0.008027110219542307
adult,seed_0,root,0,1.0,190.2839959802684,190.2839959802684,0.7734375,0.04618765945655723
adult,seed_0,root,0,1.5,285.4259939704026,190.2839959802684,0.6484375,0.07777604909972735
adult,seed_0,root,0,2.0,380.5679919605368,190.2839959802684,0.5234375,0.1335504921691352
adult,seed_0,probe_depth_0,0,0.0,0.0,190.2839959802684,1.0,0.0
adult,seed_0,probe_depth_0,0,0.25,47.5709989950671,190.2839959802684,1.0,0.0
adult,seed_0,probe_depth_0,0,0.49,93.23915803033151,190.2839959802684,1.0,0.0
adult,seed_0,probe_depth_0,0,0.5,95.1419979901342,190.2839959802684,1.0,0.0
adult,seed_0,probe_depth_0,0,0.75,142.7129969852013,190.2839959802684,0.921875,0.015361258282606819
adult,seed_0,probe_depth_0,0,1.0,190.2839959802684,190.2839959802684,0.7421875,0.052932729971880706
adult,seed_0,probe_depth_0,0,1.5,285.4259939704026,190.2839959802684,0.640625,0.08341589239702778
adult,seed_0,probe_depth_0,0,2.0,380.5679919605368,190.2839959802684,0.6015625,0.10625189677531581
adult,seed_0,probe_depth_1,1,0.0,0.0,199.86838571230544,1.0,0.0
adult,seed_0,probe_depth_1,1,0.25,49.96709642807636,199.86838571230544,1.0,0.0
adult,seed_0,probe_depth_1,1,0.49,97.93550899902966,199.86838571230544,1.0,0.0
adult,seed_0,probe_depth_1,1,0.5,99.93419285615272,199.86838571230544,1.0,0.0
adult,seed_0,probe_depth_1,1,0.75,149.90128928422908,199.86838571230544,0.8828125,0.04025429961408375
adult,seed_0,probe_depth_1,1,1.0,199.86838571230544,199.86838571230544,0.6953125,0.10652457898288142
adult,seed_0,probe_depth_1,1,1.5,299.80257856845816,199.86838571230544,0.515625,0.18743374732716694
adult,seed_0,probe_depth_1,1,2.0,399.7367714246109,199.86838571230544,0.375,0.24452934069324267
adult,seed_0,probe_depth_2,2,0.0,0.0,191.89768290323866,1.0,0.0
adult,seed_0,probe_depth_2,2,0.25,47.974420725809665,191.89768290323866,1.0,0.0
adult,seed_0,probe_depth_2,2,0.49,94.02986462258694,191.89768290323866,1.0,0.0
adult,seed_0,probe_depth_2,2,0.5,95.94884145161933,191.89768290323866,1.0,0.0
adult,seed_0,probe_depth_2,2,0.75,143.923262177429,191.89768290323866,0.890625,0.04113740462423619
adult,seed_0,probe_depth_2,2,1.0,191.89768290323866,191.89768290323866,0.765625,0.0984040071402602
adult,seed_0,probe_depth_2,2,1.5,287.846524354858,191.89768290323866,0.546875,0.19917907095609058
adult,seed_0,probe_depth_2,2,2.0,383.7953658064773,191.89768290323866,0.453125,0.2763035466683778
adult,seed_0,probe_depth_1,1,0.0,0.0,140.03830703864176,1.0,0.0
adult,seed_0,probe_depth_1,1,0.25,35.00957675966044,140.03830703864176,1.0,0.0
adult,seed_0,probe_depth_1,1,0.49,68.61877044893446,140.03830703864176,1.0,0.0
adult,seed_0,probe_depth_1,1,0.5,70.01915351932088,140.03830703864176,1.0,0.0
adult,seed_0,probe_depth_1,1,0.75,105.02873027898133,140.03830703864176,0.875,0.07398989302564744
adult,seed_0,probe_depth_1,1,1.0,140.03830703864176,140.03830703864176,0.7109375,0.1825381667290899
adult,seed_0,probe_depth_1,1,1.5,210.05746055796266,140.03830703864176,0.4453125,0.36219528133235745
adult,seed_0,probe_depth_1,1,2.0,280.0766140772835,140.03830703864176,0.40625,0.40129858433131127
adult,seed_0,probe_depth_2,2,0.0,0.0,121.00505932759796,1.0,0.0
adult,seed_0,probe_depth_2,2,0.25,30.25126483189949,121.00505932759796,1.0,0.0
adult,seed_0,probe_depth_2,2,0.49,59.292479070523,121.00505932759796,1.0,0.0
adult,seed_0,probe_depth_2,2,0.5,60.50252966379898,121.00505932759796,1.0,0.0
adult,seed_0,probe_depth_2,2,0.75,90.75379449569847,121.00505932759796,0.90625,0.05784553654221895
adult,seed_0,probe_depth_2,2,1.0,121.00505932759796,121.00505932759796,0.6484375,0.2272343472657643
adult,seed_0,probe_depth_2,2,1.5,181.50758899139694,121.00505932759796,0.3828125,0.44076899972468747
adult,seed_0,probe_depth_2,2,2.0,242.01011865519592,121.00505932759796,0.375,0.46078768868649006
adult,seed_0,probe_depth_0,0,0.0,0.0,133.77942422506635,1.0,0.0
adult,seed_0,probe_depth_0,0,0.25,33.44485605626659,133.77942422506635,1.0,0.0
adult,seed_0,probe_depth_0,0,0.49,65.55191787028251,133.77942422506635,1.0,0.0
adult,seed_0,probe_depth_0,0,0.5,66.88971211253318,133.77942422506635,1.0,0.0
adult,seed_0,probe_depth_0,0,0.75,100.33456816879976,133.77942422506635,0.90625,0.015496275327339062
adult,seed_0,probe_depth_0,0,1.0,133.77942422506635,133.77942422506635,0.8359375,0.028303145741882533
adult,seed_0,probe_depth_0,0,1.5,200.66913633759953,133.77942422506635,0.640625,0.06960250409262153
adult,seed_0,probe_depth_0,0,2.0,267.5588484501327,133.77942422506635,0.53125,0.09803953879468327
adult,seed_0,probe_depth_1,1,0.0,0.0,109.46681232778013,1.0,0.0
adult,seed_0,probe_depth_1,1,0.25,27.366703081945033,109.46681232778013,1.0,0.0
adult,seed_0,probe_depth_1,1,0.49,53.63873804061227,109.46681232778013,1.0,0.0
adult,seed_0,probe_depth_1,1,0.5,54.733406163890066,109.46681232778013,1.0,0.0
adult,seed_0,probe_depth_1,1,0.75,82.1001092458351,109.46681232778013,0.9609375,0.009014040876158778
adult,seed_0,probe_depth_1,1,1.0,109.46681232778013,109.46681232778013,0.7578125,0.05851739377639743
adult,seed_0,probe_depth_1,1,1.5,164.2002184916702,109.46681232778013,0.546875,0.11812236989780606
adult,seed_0,probe_depth_1,1,2.0,218.93362465556027,109.46681232778013,0.5625,0.12680097548087763
adult,seed_0,probe_depth_2,2,0.0,0.0,153.97370309448007,1.0,0.0
adult,seed_0,probe_depth_2,2,0.25,38.49342577362002,153.97370309448007,1.0,0.0
adult,seed_0,probe_depth_2,2,0.49,75.44711451629523,153.97370309448007,1.0,0.0
adult,seed_0,probe_depth_2,2,0.5,76.98685154724004,153.97370309448007,1.0,0.0
adult,seed_0,probe_depth_2,2,0.75,115.48027732086005,153.97370309448007,0.859375,0.04939639079679621
adult,seed_0,probe_depth_2,2,1.0,153.97370309448007,153.97370309448007,0.7421875,0.09500292233554683
adult,seed_0,probe_depth_2,2,1.5,230.9605546417201,153.97370309448007,0.4296875,0.22389199138161045
adult,seed_0,probe_depth_2,2,2.0,307.94740618896014,153.97370309448007,0.3125,0.2988490905825565
adult,seed_0,probe_depth_1,1,0.0,0.0,115.20449983473259,1.0,0.0
adult,seed_0,probe_depth_1,1,0.25,28.801124958683147,115.20449983473259,1.0,0.0
adult,seed_0,probe_depth_1,1,0.49,56.450204919018965,115.20449983473259,1.0,0.0
adult,seed_0,probe_depth_1,1,0.5,57.602249917366294,115.20449983473259,1.0,0.0
adult,seed_0,probe_depth_1,1,0.75,86.40337487604944,115.20449983473259,0.921875,0.040747724129795215
adult,seed_0,probe_depth_1,1,1.0,115.20449983473259,115.20449983473259,0.71875,0.16138037948078116
adult,seed_0,probe_depth_1,1,1.5,172.80674975209888,115.20449983473259,0.46875,0.3232879910499261
adult,seed_0,probe_depth_1,1,2.0,230.40899966946517,115.20449983473259,0.4140625,0.3658922737176121
adult,seed_0,probe_depth_2,2,0.0,0.0,102.00898523815022,1.0,0.0
adult,seed_0,probe_depth_2,2,0.25,25.502246309537554,102.00898523815022,1.0,0.0
adult,seed_0,probe_depth_2,2,0.49,49.984402766693606,102.00898523815022,1.0,0.0
adult,seed_0,probe_depth_2,2,0.5,51.00449261907511,102.00898523815022,1.0,0.0
adult,seed_0,probe_depth_2,2,0.75,76.50673892861266,102.00898523815022,0.921875,0.044016624817197716
adult,seed_0,probe_depth_2,2,1.0,102.00898523815022,102.00898523815022,0.7109375,0.18291799521329521
adult,seed_0,probe_depth_2,2,1.5,153.01347785722533,102.00898523815022,0.5078125,0.33170129340095045
adult,seed_0,probe_depth_2,2,2.0,204.01797047630043,102.00898523815022,0.3671875,0.4647039339461273
adult,seed_0,probe_depth_0,0,0.0,0.0,18.957365197780177,1.0,0.0
adult,seed_0,probe_depth_0,0,0.25,4.739341299445044,18.957365197780177,1.0,0.0
adult,seed_0,probe_depth_0,0,0.49,9.289108946912286,18.957365197780177,1.0,0.0
adult,seed_0,probe_depth_0,0,0.5,9.478682598890089,18.957365197780177,1.0,0.0
adult,seed_0,probe_depth_0,0,0.75,14.218023898335133,18.957365197780177,0.9609375,0.0017362186553969094
adult,seed_0,probe_depth_0,0,1.0,18.957365197780177,18.957365197780177,0.90625,0.004563953265044878
adult,seed_0,probe_depth_0,0,1.5,28.436047796670266,18.957365197780177,0.6875,0.01670858858748027
adult,seed_0,probe_depth_0,0,2.0,37.914730395560355,18.957365197780177,0.625,0.02059802936532283
adult,seed_0,probe_depth_1,1,0.0,0.0,2.5123708769462496,1.0,0.0
adult,seed_0,probe_depth_1,1,0.25,0.6280927192365624,2.5123708769462496,1.0,0.0
adult,seed_0,probe_depth_1,1,0.49,1.2310617297036623,2.5123708769462496,1.0,0.0
adult,seed_0,probe_depth_1,1,0.5,1.2561854384731248,2.5123708769462496,1.0,0.0
adult,seed_0,probe_depth_1,1,0.75,1.8842781577096872,2.5123708769462496,0.9296875,0.0007605349548262515
adult,seed_0,probe_depth_1,1,1.0,2.5123708769462496,2.5123708769462496,0.8671875,0.0014365660257829194
adult,seed_0,probe_depth_1,1,1.5,3.7685563154193744,2.5123708769462496,0.796875,0.0021971009806091707
adult,seed_0,probe_depth_1,1,2.0,5.024741753892499,2.5123708769462496,0.7578125,0.0026196203999570883
adult,seed_0,probe_depth_2,2,0.0,0.0,57.816391721562695,1.0,0.0
adult,seed_0,probe_depth_2,2,0.25,14.454097930390674,57.816391721562695,1.0,0.0
adult,seed_0,probe_depth_2,2,0.49,28.33003194356572,57.816391721562695,1.0,0.0
adult,seed_0,probe_depth_2,2,0.5,28.908195860781348,57.816391721562695,1.0,0.0
adult,seed_0,probe_depth_2,2,0.75,43.36229379117202,57.816391721562695,0.875,0.03759774580730221
adult,seed_0,probe_depth_2,2,1.0,57.816391721562695,57.816391721562695,0.734375,0.09271740198704606
adult,seed_0,probe_depth_2,2,1.5,86.72458758234404,57.816391721562695,0.4375,0.2018547208378527
adult,seed_0,probe_depth_2,2,2.0,115.63278344312539,57.816391721562695,0.390625,0.25787505374134817
adult,seed_0,probe_depth_2,2,0.0,0.0,1.3517343399651907,1.0,0.0
adult,seed_0,probe_depth_2,2,0.25,0.33793358499129766,1.3517343399651907,1.0,0.0
adult,seed_0,probe_depth_2,2,0.49,0.6623498265829434,1.3517343399651907,1.0,0.0
adult,seed_0,probe_depth_2,2,0.5,0.6758671699825953,1.3517343399651907,1.0,0.0
adult,seed_0,probe_depth_2,2,0.75,1.013800754973893,1.3517343399651907,0.9140625,0.004631314699623049
adult,seed_0,probe_depth_2,2,1.0,1.3517343399651907,1.3517343399651907,0.875,0.0067364577449062525
adult,seed_0,probe_depth_2,2,1.5,2.027601509947786,1.3517343399651907,0.7265625,0.017348751413162302
adult,seed_0,probe_depth_2,2,2.0,2.7034686799303813,1.3517343399651907,0.6328125,0.02595721175392923
adult,seed_0,probe_depth_1,1,0.0,0.0,54.89489299649273,1.0,0.0
adult,seed_0,probe_depth_1,1,0.25,13.723723249123182,54.89489299649273,1.0,0.0
adult,seed_0,probe_depth_1,1,0.49,26.898497568281435,54.89489299649273,1.0,0.0
adult,seed_0,probe_depth_1,1,0.5,27.447446498246364,54.89489299649273,1.0,0.0
adult,seed_0,probe_depth_1,1,0.75,41.17116974736955,54.89489299649273,0.90625,0.03697776415171404
adult,seed_0,probe_depth_1,1,1.0,54.89489299649273,54.89489299649273,0.7421875,0.10932134949513186
adult,seed_0,probe_depth_1,1,1.5,82.3423394947391,54.89489299649273,0.5703125,0.20057224135728435
adult,seed_0,probe_depth_1,1,2.0,109.78978599298546,54.89489299649273,0.515625,0.24571261365570304
adult,seed_0,probe_depth_2,2,0.0,0.0,48.94109893737348,1.0,0.0
adult,seed_0,probe_depth_2,2,0.25,12.23527473434337,48.94109893737348,1.0,0.0
adult,seed_0,probe_depth_2,2,0.49,23.981138479313007,48.94109893737348,1.0,0.0
adult,seed_0,probe_depth_2,2,0.5,24.47054946868674,48.94109893737348,1.0,0.0
adult,seed_0,probe_depth_2,2,0.75,36.70582420303011,48.94109893737348,0.8984375,0.043179605983877364
adult,seed_0,probe_depth_2,2,1.0,48.94109893737348,48.94109893737348,0.7421875,0.1180295512230046
adult,seed_0,probe_depth_2,2,1.5,73.41164840606022,48.94109893737348,0.5078125,0.24971003465065406
adult,seed_0,probe_depth_2,2,2.0,97.88219787474696,48.94109893737348,0.4140625,0.31515931898625243
adult,seed_0,probe_depth_0,0,0.0,0.0,0.7618331122497466,1.0,0.0
adult,seed_0,probe_depth_0,0,0.25,0.19045827806243665,0.7618331122497466,1.0,0.0
adult,seed_0,probe_depth_0,0,0.49,0.3732982250023758,0.7618331122497466,1.0,0.0
adult,seed_0,probe_depth_0,0,0.5,0.3809165561248733,0.7618331122497466,1.0,0.0
adult,seed_0,probe_depth_0,0,0.75,0.5713748341873099,0.7618331122497466,0.9609375,0.00013209166109250667
adult,seed_0,probe_depth_0,0,1.0,0.7618331122497466,0.7618331122497466,0.8828125,0.00039627498327752
adult,seed_0,probe_depth_0,0,1.5,1.1427496683746199,0.7618331122497466,0.6953125,0.0010796825193891703
adult,seed_0,probe_depth_0,0,2.0,1.5236662244994932,0.7618331122497466,0.671875,0.001208305078912293
adult,seed_0,probe_depth_1,1,0.0,0.0,0.6294958162574744,1.0,0.0
adult,seed_0,probe_depth_1,1,0.25,0.1573739540643686,0.6294958162574744,1.0,0.0
adult,seed_0,probe_depth_1,1,0.49,0.30845294996616246,0.6294958162574744,1.0,0.0
adult,seed_0,probe_depth_1,1,0.5,0.3147479081287372,0.6294958162574744,1.0,0.0
adult,seed_0,probe_depth_1,1,0.75,0.4721218621931058,0.6294958162574744,0.921875,0.0003282490801840677
adult,seed_0,probe_depth_1,1,1.0,0.6294958162574744,0.6294958162574744,0.921875,0.0003282490801840677
adult,seed_0,probe_depth_1,1,1.5,0.9442437243862116,0.6294958162574744,0.7890625,0.0008862725164969828
adult,seed_0,probe_depth_1,1,2.0,1.2589916325149488,0.6294958162574744,0.71875,0.0011816966886626437
adult,seed_0,probe_depth_2,2,0.0,0.0,7.584819437135437,1.0,0.0
adult,seed_0,probe_depth_2,2,0.25,1.8962048592838592,7.584819437135437,1.0,0.0
adult,seed_0,probe_depth_2,2,0.49,3.716561524196364,7.584819437135437,1.0,0.0
adult,seed_0,probe_depth_2,2,0.5,3.7924097185677184,7.584819437135437,1.0,0.0
adult,seed_0,probe_depth_2,2,0.75,5.6886145778515775,7.584819437135437,0.9296875,0.007099325334705317
adult,seed_0,probe_depth_2,2,1.0,7.584819437135437,7.584819437135437,0.8203125,0.01886074793757299
adult,seed_0,probe_depth_2,2,1.5,11.377229155703155,7.584819437135437,0.671875,0.040691015226935856
adult,seed_0,probe_depth_2,2,2.0,15.169638874270873,7.584819437135437,0.5390625,0.06021353080698796
adult,seed_0,probe_depth_2,2,0.0,0.0,0.03205365871343702,1.0,0.0
adult,seed_0,probe_depth_2,2,0.25,0.008013414678359254,0.03205365871343702,1.0,0.0
adult,seed_0,probe_depth_2,2,0.49,0.015706292769584136,0.03205365871343702,1.0,0.0
adult,seed_0,probe_depth_2,2,0.5,0.01602682935671851,0.03205365871343702,1.0,0.0
adult,seed_0,probe_depth_2,2,0.75,0.024040244035077762,0.03205365871343702,0.9609375,0.00041202058114010775
adult,seed_0,probe_depth_2,2,1.0,0.03205365871343702,0.03205365871343702,0.8828125,0.0012360617434203232
adult,seed_0,probe_depth_2,2,1.5,0.048080488070155525,0.03205365871343702,0.765625,0.0024721234868406465
adult,seed_0,probe_depth_2,2,2.0,0.06410731742687403,0.03205365871343702,0.6953125,0.0032137605328928405
adult,seed_0,probe_depth_1,1,0.0,0.0,6.168764445729835,1.0,0.0
adult,seed_0,probe_depth_1,1,0.25,1.5421911114324587,6.168764445729835,1.0,0.0
adult,seed_0,probe_depth_1,1,0.49,3.022694578407619,6.168764445729835,1.0,0.0
adult,seed_0,probe_depth_1,1,0.5,3.0843822228649174,6.168764445729835,1.0,0.0
adult,seed_0,probe_depth_1,1,0.75,4.626573334297376,6.168764445729835,0.9609375,0.005967469712375535
adult,seed_0,probe_depth_1,1,1.0,6.168764445729835,6.168764445729835,0.8828125,0.020440919030195036
adult,seed_0,probe_depth_1,1,1.5,9.253146668594752,6.168764445729835,0.5390625,0.09381403578170079
adult,seed_0,probe_depth_1,1,2.0,12.33752889145967,6.168764445729835,0.5078125,0.11210186073875382
adult,seed_0,probe_depth_2,2,0.0,0.0,0.2747560397920097,1.0,0.0
adult,seed_0,probe_depth_2,2,0.25,0.06868900994800242,0.2747560397920097,1.0,0.0
adult,seed_0,probe_depth_2,2,0.49,0.13463045949808475,0.2747560397920097,1.0,0.0
adult,seed_0,probe_depth_2,2,0.5,0.13737801989600484,0.2747560397920097,1.0,0.0
adult,seed_0,probe_depth_2,2,0.75,0.20606702984400727,0.2747560397920097,0.953125,0.0005190262810428407
adult,seed_0,probe_depth_2,2,1.0,0.2747560397920097,0.2747560397920097,0.875,0.0013840700827809085
adult,seed_0,probe_depth_2,2,1.5,0.41213405968801453,0.2747560397920097,0.71875,0.0031141576862570445
adult,seed_0,probe_depth_2,2,2.0,0.5495120795840194,0.2747560397920097,0.6328125,0.0048693821852639554
adult,seed_1,root,0,0.0,0.0,190.2839959802684,1.0,0.0
adult,seed_1,root,0,0.25,47.5709989950671,190.2839959802684,1.0,0.0
adult,seed_1,root,0,0.49,93.23915803033151,190.2839959802684,1.0,0.0
adult,seed_1,root,0,0.5,95.1419979901342,190.2839959802684,1.0,0.0
adult,seed_1,root,0,0.75,142.7129969852013,190.2839959802684,0.9453125,0.011053164398965152
adult,seed_1,root,0,1.0,190.2839959802684,190.2839959802684,0.765625,0.047931673931761246
adult,seed_1,root,0,1.5,285.4259939704026,190.2839959802684,0.625,0.08738970863409305
adult,seed_1,root,0,2.0,380.5679919605368,190.2839959802684,0.5625,0.11304918996296051
adult,seed_1,probe_depth_0,0,0.0,0.0,190.2839959802684,1.0,0.0
adult,seed_1,probe_depth_0,0,0.25,47.5709989950671,190.2839959802684,1.0,0.0
adult,seed_1,probe_depth_0,0,0.49,93.23915803033151,190.2839959802684,1.0,0.0
adult,seed_1,probe_depth_0,0,0.5,95.1419979901342,190.2839959802684,1.0,0.0
adult,seed_1,probe_depth_0,0,0.75,142.7129969852013,190.2839959802684,0.90625,0.019311262004000056
adult,seed_1,probe_depth_0,0,1.0,190.2839959802684,190.2839959802684,0.890625,0.0223373161834229
adult,seed_1,probe_depth_0,0,1.5,285.4259939704026,190.2839959802684,0.6796875,0.07790733662986343
adult,seed_1,probe_depth_0,0,2.0,380.5679919605368,190.2839959802684,0.5078125,0.1235148774733652
adult,seed_1,probe_depth_1,1,0.0,0.0,199.86838571230544,1.0,0.0
adult,seed_1,probe_depth_1,1,0.25,49.96709642807636,199.86838571230544,1.0,0.0
adult,seed_1,probe_depth_1,1,0.49,97.93550899902966,199.86838571230544,1.0,0.0
adult,seed_1,probe_depth_1,1,0.5,99.93419285615272,199.86838571230544,1.0,0.0
adult,seed_1,probe_depth_1,1,0.75,149.90128928422908,199.86838571230544,0.8671875,0.045429642980071724
adult,seed_1,probe_depth_1,1,1.0,199.86838571230544,199.86838571230544,0.65625,0.12142145190124298
adult,seed_1,probe_depth_1,1,1.5,299.80257856845816,199.86838571230544,0.4921875,0.19455463270642626
adult,seed_1,probe_depth_1,1,2.0,399.7367714246109,199.86838571230544,0.4296875,0.22503448804324613
adult,seed_1,probe_depth_2,2,0.0,0.0,171.80268882214148,1.0,0.0
adult,seed_1,probe_depth_2,2,0.25,42.95067220553537,171.80268882214148,1.0,0.0
adult,seed_1,probe_depth_2,2,0.49,84.18331752284932,171.80268882214148,1.0,0.0
adult,seed_1,probe_depth_2,2,0.5,85.90134441107074,171.80268882214148,1.0,0.0
adult,seed_1,probe_depth_2,2,0.75,128.8520166166061,171.80268882214148,0.8828125,0.04260921913146205
adult,seed_1,probe_depth_2,2,1.0,171.80268882214148,171.80268882214148,0.6796875,0.12257181778133193
adult,seed_1,probe_depth_2,2,1.5,257.7040332332122,171.80268882214148,0.578125,0.17949548975677682
adult,seed_1,probe_depth_2,2,2.0,343.60537764428295,171.80268882214148,0.359375,0.29347579823688874
adult,seed_1,probe_depth_2,2,0.0,0.0,26.26827656573323,1.0,0.0
adult,seed_1,probe_depth_2,2,0.25,6.567069141433308,26.26827656573323,1.0,0.0
adult,seed_1,probe_depth_2,2,0.49,12.871455517209283,26.26827656573323,1.0,0.0
adult,seed_1,probe_depth_2,2,0.5,13.134138282866616,26.26827656573323,1.0,0.0
adult,seed_1,probe_depth_2,2,0.75,19.701207424299923,26.26827656573323,0.921875,0.017366498021971988
adult,seed_1,probe_depth_2,2,1.0,26.26827656573323,26.26827656573323,0.8046875,0.04431501646784612
adult,seed_1,probe_depth_2,2,1.5,39.40241484859985,26.26827656573323,0.5859375,0.09784370187066918
adult,seed_1,probe_depth_2,2,2.0,52.53655313146646,26.26827656573323,0.5,0.13358624558269322
adult,seed_1,probe_depth_1,1,0.0,0.0,140.03830703864176,1.0,0.0
adult,seed_1,probe_depth_1,1,0.25,35.00957675966044,140.03830703864176,1.0,0.0
adult,seed_1,probe_depth_1,1,0.49,68.61877044893446,140.03830703864176,1.0,0.0
adult,seed_1,probe_depth_1,1,0.5,70.01915351932088,140.03830703864176,1.0,0.0
adult,seed_1,probe_depth_1,1,0.75,105.02873027898133,140.03830703864176,0.8984375,0.06055572060710311
adult,seed_1,probe_depth_1,1,1.0,140.03830703864176,140.03830703864176,0.6875,0.1949529261148707
adult,seed_1,probe_depth_1,1,1.5,210.05746055796266,140.03830703864176,0.5234375,0.3113797915929071
adult,seed_1,probe_depth_1,1,2.0,280.0766140772835,140.03830703864176,0.375,0.42465360098930544
adult,seed_1,probe_depth_2,2,0.0,0.0,121.00505932759796,1.0,0.0
adult,seed_1,probe_depth_2,2,0.25,30.25126483189949,121.00505932759796,1.0,0.0
adult,seed_1,probe_depth_2,2,0.49,59.292479070523,121.00505932759796,1.0,0.0
adult,seed_1,probe_depth_2,2,0.5,60.50252966379898,121.00505932759796,1.0,0.0
adult,seed_1,probe_depth_2,2,0.75,90.75379449569847,121.00505932759796,0.875,0.07423947928300229
adult,seed_1,probe_depth_2,2,1.0,121.00505932759796,121.00505932759796,0.640625,0.24692813837966182
adult,seed_1,probe_depth_2,2,1.5,181.50758899139694,121.00505932759796,0.5,0.3610320304980083
adult,seed_1,probe_depth_2,2,2.0,242.01011865519592,121.00505932759796,0.4453125,0.42207380349457974
adult,seed_1,probe_depth_0,0,0.0,0.0,132.27755229840682,1.0,0.0
adult,seed_1,probe_depth_0,0,0.25,33.069388074601704,132.27755229840682,1.0,0.0
adult,seed_1,probe_depth_0,0,0.49,64.81600062621933,132.27755229840682,1.0,0.0
adult,seed_1,probe_depth_0,0,0.5,66.13877614920341,132.27755229840682,1.0,0.0
adult,seed_1,probe_depth_0,0,0.75,99.20816422380511,132.27755229840682,0.953125,0.007587674590885639
adult,seed_1,probe_depth_0,0,1.0,132.27755229840682,132.27755229840682,0.828125,0.02894960500705865
adult,seed_1,probe_depth_0,0,1.5,198.41632844761023,132.27755229840682,0.609375,0.07366614636726504
adult,seed_1,probe_depth_0,0,2.0,264.55510459681363,132.27755229840682,0.546875,0.1035228494141456
adult,seed_1,probe_depth_1,1,0.0,0.0,132.65579097514296,1.0,0.0
adult,seed_1,probe_depth_1,1,0.25,33.16394774378574,132.65579097514296,1.0,0.0
adult,seed_1,probe_depth_1,1,0.49,65.00133757782005,132.65579097514296,1.0,0.0
adult,seed_1,probe_depth_1,1,0.5,66.32789548757148,132.65579097514296,1.0,0.0
adult,seed_1,probe_depth_1,1,0.75,99.49184323135722,132.65579097514296,0.9296875,0.014029881210062364
adult,seed_1,probe_depth_1,1,1.0,132.65579097514296,132.65579097514296,0.84375,0.031785715564057994
adult,seed_1,probe_depth_1,1,1.5,198.98368646271445,132.65579097514296,0.7109375,0.06638173568085529
adult,seed_1,probe_depth_1,1,2.0,265.3115819502859,132.65579097514296,0.59375,0.10449779345510829
adult,seed_1,probe_depth_2,2,0.0,0.0,111.93880722620736,1.0,0.0
adult,seed_1,probe_depth_2,2,0.25,27.98470180655184,111.93880722620736,1.0,0.0
adult,seed_1,probe_depth_2,2,0.49,54.8500155408416,111.93880722620736,1.0,0.0
adult,seed_1,probe_depth_2,2,0.5,55.96940361310368,111.93880722620736,1.0,0.0
adult,seed_1,probe_depth_2,2,0.75,83.95410541965552,111.93880722620736,0.9140625,0.018477007745897885
adult,seed_1,probe_depth_2,2,1.0,111.93880722620736,111.93880722620736,0.8515625,0.032898144387811454
adult,seed_1,probe_depth_2,2,1.5,167.90821083931104,111.93880722620736,0.6640625,0.07461634844299983
adult,seed_1,probe_depth_2,2,2.0,223.87761445241472,111.93880722620736,0.625,0.09425528364916702
adult,seed_1,probe_depth_2,2,0.0,0.0,1.2745292230865743,1.0,0.0
adult,seed_1,probe_depth_2,2,0.25,0.3186323057716436,1.2745292230865743,1.0,0.0
adult,seed_1,probe_depth_2,2,0.49,0.6245193193124214,1.2745292230865743,1.0,0.0
adult,seed_1,probe_depth_2,2,0.5,0.6372646115432872,1.2745292230865743,1.0,0.0
adult,seed_1,probe_depth_2,2,0.75,0.9558969173149308,1.2745292230865743,0.96875,0.0005156258601076684
adult,seed_1,probe_depth_2,2,1.0,1.2745292230865743,1.2745292230865743,0.828125,0.003087446288691832
adult,seed_1,probe_depth_2,2,1.5,1.9117938346298615,1.2745292230865743,0.6640625,0.006225631868142215
adult,seed_1,probe_depth_2,2,2.0,2.5490584461731487,1.2745292230865743,0.5625,0.008152919971591791
adult,seed_1,probe_depth_1,1,0.0,0.0,0.9760553587590266,1.0,0.0
adult,seed_1,probe_depth_1,1,0.25,0.24401383968975665,0.9760553587590266,1.0,0.0
adult,seed_1,probe_depth_1,1,0.49,0.47826712579192304,0.9760553587590266,1.0,0.0
adult,seed_1,probe_depth_1,1,0.5,0.4880276793795133,0.9760553587590266,1.0,0.0
adult,seed_1,probe_depth_1,1,0.75,0.73204151906927,0.9760553587590266,0.9296875,0.014910792557157892
adult,seed_1,probe_depth_1,1,1.0,0.9760553587590266,0.9760553587590266,0.78125,0.04767951865580148
adult,seed_1,probe_depth_1,1,1.5,1.46408303813854,0.9760553587590266,0.578125,0.09456699238601869
adult,seed_1,probe_depth_1,1,2.0,1.9521107175180532,0.9760553587590266,0.484375,0.1259875672497473
adult,seed_1,probe_depth_2,2,0.0,0.0,2.7830609942233195,1.0,0.0
adult,seed_1,probe_depth_2,2,0.25,0.6957652485558299,2.7830609942233195,1.0,0.0
adult,seed_1,probe_depth_2,2,0.49,1.3636998871694266,2.7830609942233195,1.0,0.0
adult,seed_1,probe_depth_2,2,0.5,1.3915304971116598,2.7830609942233195,1.0,0.0
adult,seed_1,probe_depth_2,2,0.75,2.0872957456674897,2.7830609942233195,0.9453125,0.009323994309401522
adult,seed_1,probe_depth_2,2,1.0,2.7830609942233195,2.7830609942233195,0.734375,0.04805795738857777
adult,seed_1,probe_depth_2,2,1.5,4.174591491334979,2.7830609942233195,0.625,0.07224591606463585
adult,seed_1,probe_depth_2,2,2.0,5.566121988446639,2.7830609942233195,0.5,0.0986465690168742
adult,seed_1,probe_depth_0,0,0.0,0.0,44.59927245990053,1.0,0.0
adult,seed_1,probe_depth_0,0,0.25,11.149818114975133,44.59927245990053,1.0,0.0
adult,seed_1,probe_depth_0,0,0.49,21.85364350535126,44.59927245990053,1.0,0.0
adult,seed_1,probe_depth_0,0,0.5,22.299636229950266,44.59927245990053,1.0,0.0
adult,seed_1,probe_depth_0,0,0.75,33.4494543449254,44.59927245990053,0.9609375,0.003871208754346373
adult,seed_1,probe_depth_0,0,1.0,44.59927245990053,44.59927245990053,0.8515625,0.014544180077621158
adult,seed_1,probe_depth_0,0,1.5,66.8989086898508,44.59927245990053,0.75,0.025732611863963382
adult,seed_1,probe_depth_0,0,2.0,89.19854491980107,44.59927245990053,0.640625,0.037861698590069943
adult,seed_1,probe_depth_1,1,0.0,0.0,4.1023795344615905,1.0,0.0
adult,seed_1,probe_depth_1,1,0.25,1.0255948836153976,4.1023795344615905,1.0,0.0
adult,seed_1,probe_depth_1,1,0.49,2.0101659718861793,4.1023795344615905,1.0,0.0
adult,seed_1,probe_depth_1,1,0.5,2.0511897672307953,4.1023795344615905,1.0,0.0
adult,seed_1,probe_depth_1,1,0.75,3.076784650846193,4.1023795344615905,0.9140625,0.0015446386983990687
adult,seed_1,probe_depth_1,1,1.0,4.1023795344615905,4.1023795344615905,0.890625,0.001965903797962451
adult,seed_1,probe_depth_1,1,1.5,6.153569301692386,4.1023795344615905,0.765625,0.004212650995633824
adult,seed_1,probe_depth_1,1,2.0,8.204759068923181,4.1023795344615905,0.7421875,0.004915955359457021
adult,seed_1,probe_depth_2,2,0.0,0.0,37.57182942199893,1.0,0.0
adult,seed_1,probe_depth_2,2,0.25,9.392957355499732,37.57182942199893,1.0,0.0
adult,seed_1,probe_depth_2,2,0.49,18.410196416779474,37.57182942199893,1.0,0.0
adult,seed_1,probe_depth_2,2,0.5,18.785914710999464,37.57182942199893,1.0,0.0
adult,seed_1,probe_depth_2,2,0.75,28.178872066499196,37.57182942199893,0.828125,0.04767150312440315
adult,seed_1,probe_depth_2,2,1.0,37.57182942199893,37.57182942199893,0.671875,0.09381931904230958
adult,seed_1,probe_depth_2,2,1.5,56.35774413299839,37.57182942199893,0.5546875,0.12663606064106483
adult,seed_1,probe_depth_2,2,2.0,75.14365884399786,37.57182942199893,0.3828125,0.17746673539606153
adult,seed_1,probe_depth_2,2,0.0,0.0,6.012442545252412,1.0,0.0
adult,seed_1,probe_depth_2,2,0.25,1.503110636313103,6.012442545252412,1.0,0.0
adult,seed_1,probe_depth_2,2,0.49,2.9460968471736817,6.012442545252412,1.0,0.0
adult,seed_1,probe_depth_2,2,0.5,3.006221272626206,6.012442545252412,1.0,0.0
adult,seed_1,probe_depth_2,2,0.75,4.509331908939309,6.012442545252412,0.8828125,0.06119745886001021
adult,seed_1,probe_depth_2,2,1.0,6.012442545252412,6.012442545252412,0.7421875,0.15786532550816093
adult,seed_1,probe_depth_2,2,1.5,9.018663817878618,6.012442545252412,0.421875,0.387599946919582
adult,seed_1,probe_depth_2,2,2.0,12.024885090504824,6.012442545252412,0.3671875,0.4575580134676515
adult,seed_1,probe_depth_1,1,0.0,0.0,19.157821314061323,1.0,0.0
adult,seed_1,probe_depth_1,1,0.25,4.789455328515331,19.157821314061323,1.0,0.0
adult,seed_1,probe_depth_1,1,0.49,9.387332443890049,19.157821314061323,1.0,0.0
adult,seed_1,probe_depth_1,1,0.5,9.578910657030661,19.157821314061323,1.0,0.0
adult,seed_1,probe_depth_1,1,0.75,14.368365985545992,19.157821314061323,0.921875,0.023909502332383828
adult,seed_1,probe_depth_1,1,1.0,19.157821314061323,19.157821314061323,0.8046875,0.07442164202090547
adult,seed_1,probe_depth_1,1,1.5,28.736731971091984,19.157821314061323,0.625,0.16849687716803058
adult,seed_1,probe_depth_1,1,2.0,38.315642628122646,19.157821314061323,0.5390625,0.20674929795881447
adult,seed_1,probe_depth_2,2,0.0,0.0,1.8691184152758638,1.0,0.0
adult,seed_1,probe_depth_2,2,0.25,0.46727960381896594,1.8691184152758638,1.0,0.0
adult,seed_1,probe_depth_2,2,0.49,0.9158680234851733,1.8691184152758638,1.0,0.0
adult,seed_1,probe_depth_2,2,0.5,0.9345592076379319,1.8691184152758638,1.0,0.0
adult,seed_1,probe_depth_2,2,0.75,1.4018388114568978,1.8691184152758638,0.9453125,0.004531298516627757
adult,seed_1,probe_depth_2,2,1.0,1.8691184152758638,1.8691184152758638,0.8125,0.015877201503397314
adult,seed_1,probe_depth_2,2,1.5,2.8036776229137956,1.8691184152758638,0.6953125,0.026630051791880015
adult,seed_1,probe_depth_2,2,2.0,3.7382368305517275,1.8691184152758638,0.546875,0.04356087286029524
adult,seed_1,probe_depth_0,0,0.0,0.0,5.265540350360226,1.0,0.0
adult,seed_1,probe_depth_0,0,0.25,1.3163850875900565,5.265540350360226,1.0,0.0
adult,seed_1,probe_depth_0,0,0.49,2.5801147716765107,5.265540350360226,1.0,0.0
adult,seed_1,probe_depth_0,0,0.5,2.632770175180113,5.265540350360226,1.0,0.0
adult,seed_1,probe_depth_0,0,0.75,3.9491552627701694,5.265540350360226,0.953125,0.0010585560978109373
adult,seed_1,probe_depth_0,0,1.0,5.265540350360226,5.265540350360226,0.84375,0.0035285203260364576
adult,seed_1,probe_depth_0,0,1.5,7.898310525540339,5.265540350360226,0.7265625,0.007076914070658952
adult,seed_1,probe_depth_0,0,2.0,10.531080700720452,5.265540350360226,0.6640625,0.009089657867803635
adult,seed_1,probe_depth_1,1,0.0,0.0,6.885570126570201,1.0,0.0
adult,seed_1,probe_depth_1,1,0.25,1.7213925316425502,6.885570126570201,1.0,0.0
adult,seed_1,probe_depth_1,1,0.49,3.3739293620193984,6.885570126570201,1.0,0.0
adult,seed_1,probe_depth_1,1,0.5,3.4427850632851005,6.885570126570201,1.0,0.0
adult,seed_1,probe_depth_1,1,0.75,5.164177594927651,6.885570126570201,0.921875,0.005083986492836532
adult,seed_1,probe_depth_1,1,1.0,6.885570126570201,6.885570126570201,0.84375,0.010516620261770571
adult,seed_1,probe_depth_1,1,1.5,10.328355189855301,6.885570126570201,0.5859375,0.03057409793871134
adult,seed_1,probe_depth_1,1,2.0,13.771140253140402,6.885570126570201,0.390625,0.04618796115270116
adult,seed_1,probe_depth_2,2,0.0,0.0,18.598317422016294,1.0,0.0
adult,seed_1,probe_depth_2,2,0.25,4.649579355504073,18.598317422016294,1.0,0.0
adult,seed_1,probe_depth_2,2,0.49,9.113175536787983,18.598317422016294,1.0,0.0
adult,seed_1,probe_depth_2,2,0.5,9.299158711008147,18.598317422016294,1.0,0.0
adult,seed_1,probe_depth_2,2,0.75,13.94873806651222,18.598317422016294,0.9375,0.011592359061574738
adult,seed_1,probe_depth_2,2,1.0,18.598317422016294,18.598317422016294,0.7421875,0.05077208076384429
adult,seed_1,probe_depth_2,2,1.5,27.89747613302444,18.598317422016294,0.546875,0.09294709966058148
adult,seed_1,probe_depth_2,2,2.0,37.19663484403259,18.598317422016294,0.359375,0.14329863587117964
adult,seed_1,probe_depth_2,2,0.0,0.0,1.1072677455622966,1.0,0.0
adult,seed_1,probe_depth_2,2,0.25,0.27681693639057414,1.1072677455622966,1.0,0.0
adult,seed_1,probe_depth_2,2,0.49,0.5425611953255253,1.1072677455622966,1.0,0.0
adult,seed_1,probe_depth_2,2,0.5,0.5536338727811483,1.1072677455622966,1.0,0.0
adult,seed_1,probe_depth_2,2,0.75,0.8304508091717224,1.1072677455622966,0.890625,0.10009786973592466
adult,seed_1,probe_depth_2,2,1.0,1.1072677455622966,1.1072677455622966,0.640625,0.3307046554688521
adult,seed_1,probe_depth_2,2,1.5,1.6609016183434449,1.1072677455622966,0.46875,0.5152284129673883
adult,seed_1,probe_depth_2,2,2.0,2.214535491124593,1.1072677455622966,0.359375,0.6355395745668937
adult,seed_1,probe_depth_1,1,0.0,0.0,35.615974071568104,1.0,0.0
adult,seed_1,probe_depth_1,1,0.25,8.903993517892026,35.615974071568104,1.0,0.0
adult,seed_1,probe_depth_1,1,0.49,17.45182729506837,35.615974071568104,1.0,0.0
adult,seed_1,probe_depth_1,1,0.5,17.807987035784052,35.615974071568104,1.0,0.0
adult,seed_1,probe_depth_1,1,0.75,26.711980553676078,35.615974071568104,0.921875,0.029283721264946532
adult,seed_1,probe_depth_1,1,1.0,35.615974071568104,35.615974071568104,0.7265625,0.10995302618893411
adult,seed_1,probe_depth_1,1,1.5,53.423961107352156,35.615974071568104,0.546875,0.20997929202397414
adult,seed_1,probe_depth_1,1,2.0,71.23194814313621,35.615974071568104,0.453125,0.2502784117930456
adult,seed_2,root,0,0.0,0.0,190.2839959802684,1.0,0.0
adult,seed_2,root,0,0.25,47.5709989950671,190.2839959802684,1.0,0.0
adult,seed_2,root,0,0.49,93.23915803033151,190.2839959802684,1.0,0.0
adult,seed_2,root,0,0.5,95.1419979901342,190.2839959802684,1.0,0.0
adult,seed_2,root,0,0.75,142.7129969852013,190.2839959802684,0.9296875,0.014079218578387995
adult,seed_2,root,0,1.0,190.2839959802684,190.2839959802684,0.796875,0.04164857818742296
adult,seed_2,root,0,1.5,285.4259939704026,190.2839959802684,0.6484375,0.08508558662780485
adult,seed_2,root,0,2.0,380.5679919605368,190.2839959802684,0.5,0.12976733033794088
adult,seed_2,probe_depth_0,0,0.0,0.0,190.2839959802684,1.0,0.0
adult,seed_2,probe_depth_0,0,0.25,47.5709989950671,190.2839959802684,1.0,0.0
adult,seed_2,probe_depth_0,0,0.49,93.23915803033151,190.2839959802684,1.0,0.0
adult,seed_2,probe_depth_0,0,0.5,95.1419979901342,190.2839959802684,1.0,0.0
adult,seed_2,probe_depth_0,0,0.75,142.7129969852013,190.2839959802684,0.953125,0.009078162538268533
adult,seed_2,probe_depth_0,0,1.0,190.2839959802684,190.2839959802684,0.75,0.051918174853431476
adult,seed_2,probe_depth_0,0,1.5,285.4259939704026,190.2839959802684,0.578125,0.10526769447601475
adult,seed_2,probe_depth_0,0,2.0,380.5679919605368,190.2839959802684,0.5078125,0.12713959546663614
adult,seed_2,probe_depth_1,1,0.0,0.0,199.86838571230544,1.0,0.0
adult,seed_2,probe_depth_1,1,0.25,49.96709642807636,199.86838571230544,1.0,0.0
adult,seed_2,probe_depth_1,1,0.49,97.93550899902966,199.86838571230544,1.0,0.0
adult,seed_2,probe_depth_1,1,0.5,99.93419285615272,199.86838571230544,1.0,0.0
adult,seed_2,probe_depth_1,1,0.75,149.90128928422908,199.86838571230544,0.921875,0.025566557324066375
adult,seed_2,probe_depth_1,1,1.0,199.86838571230544,199.86838571230544,0.6640625,0.11636012844411259
adult,seed_2,probe_depth_1,1,1.5,299.80257856845816,199.86838571230544,0.40625,0.2167110752884907
adult,seed_2,probe_depth_1,1,2.0,399.7367714246109,199.86838571230544,0.375,0.24178657257169128
adult,seed_2,probe_depth_2,2,0.0,0.0,171.80268882214148,1.0,0.0
adult,seed_2,probe_depth_2,2,0.25,42.95067220553537,171.80268882214148,1.0,0.0
adult,seed_2,probe_depth_2,2,0.49,84.18331752284932,171.80268882214148,1.0,0.0
adult,seed_2,probe_depth_2,2,0.5,85.90134441107074,171.80268882214148,1.0,0.0
adult,seed_2,probe_depth_2,2,0.75,128.8520166166061,171.80268882214148,0.8984375,0.03713737943692513
adult,seed_2,probe_depth_2,2,1.0,171.80268882214148,171.80268882214148,0.6171875,0.14725825330377254
adult,seed_2,probe_depth_2,2,1.5,257.7040332332122,171.80268882214148,0.5859375,0.1787406349697635
adult,seed_2,probe_depth_2,2,2.0,343.60537764428295,171.80268882214148,0.46875,0.24232819503279737
adult,seed_2,probe_depth_2,2,0.0,0.0,26.26827656573323,1.0,0.0
adult,seed_2,probe_depth_2,2,0.25,6.567069141433308,26.26827656573323,1.0,0.0
adult,seed_2,probe_depth_2,2,0.49,12.871455517209283,26.26827656573323,1.0,0.0
adult,seed_2,probe_depth_2,2,0.5,13.134138282866616,26.26827656573323,1.0,0.0
adult,seed_2,probe_depth_2,2,0.75,19.701207424299923,26.26827656573323,0.890625,0.024330076520236586
adult,seed_2,probe_depth_2,2,1.0,26.26827656573323,26.26827656573323,0.8359375,0.03666490767511292
adult,seed_2,probe_depth_2,2,1.5,39.40241484859985,26.26827656573323,0.578125,0.10631204180643491
adult,seed_2,probe_depth_2,2,2.0,52.53655313146646,26.26827656573323,0.4921875,0.1452351712417213
adult,seed_2,probe_depth_1,1,0.0,0.0,140.03830703864176,1.0,0.0
adult,seed_2,probe_depth_1,1,0.25,35.00957675966044,140.03830703864176,1.0,0.0
adult,seed_2,probe_depth_1,1,0.49,68.61877044893446,140.03830703864176,1.0,0.0
adult,seed_2,probe_depth_1,1,0.5,70.01915351932088,140.03830703864176,1.0,0.0
adult,seed_2,probe_depth_1,1,0.75,105.02873027898133,140.03830703864176,0.8671875,0.07695754773950524
adult,seed_2,probe_depth_1,1,1.0,140.03830703864176,140.03830703864176,0.7578125,0.14873783886874412
adult,seed_2,probe_depth_1,1,1.5,210.05746055796266,140.03830703864176,0.46875,0.33962110183959604
adult,seed_2,probe_depth_1,1,2.0,280.0766140772835,140.03830703864176,0.3828125,0.4082115542316053
adult,seed_2,probe_depth_2,2,0.0,0.0,121.00505932759796,1.0,0.0
adult,seed_2,probe_depth_2,2,0.25,30.25126483189949,121.00505932759796,1.0,0.0
adult,seed_2,probe_depth_2,2,0.49,59.292479070523,121.00505932759796,1.0,0.0
adult,seed_2,probe_depth_2,2,0.5,60.50252966379898,121.00505932759796,1.0,0.0
adult,seed_2,probe_depth_2,2,0.75,90.75379449569847,121.00505932759796,0.90625,0.058981272073477906
adult,seed_2,probe_depth_2,2,1.0,121.00505932759796,121.00505932759796,0.640625,0.24437931871351698
adult,seed_2,probe_depth_2,2,1.5,181.50758899139694,121.00505932759796,0.5,0.3590748205340689
adult,seed_2,probe_depth_2,2,2.0,242.01011865519592,121.00505932759796,0.3984375,0.4631453237283271
adult,seed_2,probe_depth_0,0,0.0,0.0,132.0730586031607,1.0,0.0
adult,seed_2,probe_depth_0,0,0.25,33.01826465079017,132.0730586031607,1.0,0.0
adult,seed_2,probe_depth_0,0,0.49,64.71579871554874,132.0730586031607,1.0,0.0
adult,seed_2,probe_depth_0,0,0.5,66.03652930158034,132.0730586031607,1.0,0.0
adult,seed_2,probe_depth_0,0,0.75,99.05479395237052,132.0730586031607,0.921875,0.013290767617921221
adult,seed_2,probe_depth_0,0,1.0,132.0730586031607,132.0730586031607,0.8125,0.03185267034390167
adult,seed_2,probe_depth_0,0,1.5,198.10958790474103,132.0730586031607,0.6875,0.05361478986277748
adult,seed_2,probe_depth_0,0,2.0,264.1461172063214,132.0730586031607,0.59375,0.09267716094865122
adult,seed_2,probe_depth_1,1,0.0,0.0,161.14381228386668,1.0,0.0
adult,seed_2,probe_depth_1,1,0.25,40.28595307096667,161.14381228386668,1.0,0.0
adult,seed_2,probe_depth_1,1,0.49,78.96046801909468,161.14381228386668,1.0,0.0
adult,seed_2,probe_depth_1,1,0.5,80.57190614193334,161.14381228386668,1.0,0.0
adult,seed_2,probe_depth_1,1,0.75,120.85785921290001,161.14381228386668,0.8828125,0.04063173565503468
adult,seed_2,probe_depth_1,1,1.0,161.14381228386668,161.14381228386668,0.671875,0.11519682904806058
adult,seed_2,probe_depth_1,1,1.5,241.71571842580002,161.14381228386668,0.46875,0.1974138339084937
adult,seed_2,probe_depth_1,1,2.0,322.28762456773336,161.14381228386668,0.453125,0.21565902252382768
adult,seed_2,probe_depth_2,2,0.0,0.0,153.0832970799059,1.0,0.0
adult,seed_2,probe_depth_2,2,0.25,38.27082426997647,153.0832970799059,1.0,0.0
adult,seed_2,probe_depth_2,2,0.49,75.01081556915389,153.0832970799059,1.0,0.0
adult,seed_2,probe_depth_2,2,0.5,76.54164853995294,153.0832970799059,1.0,0.0
adult,seed_2,probe_depth_2,2,0.75,114.81247280992942,153.0832970799059,0.875,0.044127274415410034
adult,seed_2,probe_depth_2,2,1.0,153.0832970799059,153.0832970799059,0.7421875,0.10411306239658774
adult,seed_2,probe_depth_2,2,1.5,229.62494561985883,153.0832970799059,0.59375,0.17297405672504615
adult,seed_2,probe_depth_2,2,2.0,306.1665941598118,153.0832970799059,0.421875,0.2657728196997641
adult,seed_2,probe_depth_1,1,0.0,0.0,115.67098653579393,1.0,0.0
adult,seed_2,probe_depth_1,1,0.25,28.917746633948482,115.67098653579393,1.0,0.0
adult,seed_2,probe_depth_1,1,0.49,56.678783402539025,115.67098653579393,1.0,0.0
adult,seed_2,probe_depth_1,1,0.5,57.835493267896965,115.67098653579393,1.0,0.0
adult,seed_2,probe_depth_1,1,0.75,86.75323990184545,115.67098653579393,0.8125,0.1005959612255371
adult,seed_2,probe_depth_1,1,1.0,115.67098653579393,115.67098653579393,0.6875,0.17796182085601503
adult,seed_2,probe_depth_1,1,1.5,173.5064798036909,115.67098653579393,0.4765625,0.3214818601132215
adult,seed_2,probe_depth_1,1,2.0,231.34197307158786,115.67098653579393,0.359375,0.40476335749178277
adult,seed_2,probe_depth_2,2,0.0,0.0,102.4577639381605,1.0,0.0
adult,seed_2,probe_depth_2,2,0.25,25.614440984540124,102.4577639381605,1.0,0.0
adult,seed_2,probe_depth_2,2,0.49,50.204304329698644,102.4577639381605,1.0,0.0
adult,seed_2,probe_depth_2,2,0.5,51.22888196908025,102.4577639381605,1.0,0.0
adult,seed_2,probe_depth_2,2,0.75,76.84332295362037,102.4577639381605,0.875,0.06931873035335945
adult,seed_2,probe_depth_2,2,1.0,102.4577639381605,102.4577639381605,0.7109375,0.18923010684387787
adult,seed_2,probe_depth_2,2,1.5,153.68664590724075,102.4577639381605,0.4140625,0.39686014151866866
adult,seed_2,probe_depth_2,2,2.0,204.915527876321,102.4577639381605,0.4140625,0.4194883983663733
adult,seed_2,probe_depth_0,0,0.0,0.0,38.0860104598529,1.0,0.0
adult,seed_2,probe_depth_0,0,0.25,9.521502614963225,38.0860104598529,1.0,0.0
adult,seed_2,probe_depth_0,0,0.49,18.66214512532792,38.0860104598529,1.0,0.0
adult,seed_2,probe_depth_0,0,0.5,19.04300522992645,38.0860104598529,1.0,0.0
adult,seed_2,probe_depth_0,0,0.75,28.564507844889675,38.0860104598529,0.9296875,0.006269332218071747
adult,seed_2,probe_depth_0,0,1.0,38.0860104598529,38.0860104598529,0.828125,0.016177300854590064
adult,seed_2,probe_depth_0,0,1.5,57.12901568977935,38.0860104598529,0.7109375,0.027811046250408103
adult,seed_2,probe_depth_0,0,2.0,76.1720209197058,38.0860104598529,0.59375,0.04538530365138467
adult,seed_2,probe_depth_1,1,0.0,0.0,34.419875830562944,1.0,0.0
adult,seed_2,probe_depth_1,1,0.25,8.604968957640736,34.419875830562944,1.0,0.0
adult,seed_2,probe_depth_1,1,0.49,16.86573915697584,34.419875830562944,1.0,0.0
adult,seed_2,probe_depth_1,1,0.5,17.209937915281472,34.419875830562944,1.0,0.0
adult,seed_2,probe_depth_1,1,0.75,25.814906872922208,34.419875830562944,0.953125,0.006627381398259828
adult,seed_2,probe_depth_1,1,1.0,34.419875830562944,34.419875830562944,0.8203125,0.02777999063582888
adult,seed_2,probe_depth_1,1,1.5,51.629813745844416,34.419875830562944,0.6015625,0.072240930695149
adult,seed_2,probe_depth_1,1,2.0,68.83975166112589,34.419875830562944,0.4921875,0.10873559774567733
adult,seed_2,probe_depth_2,2,0.0,0.0,67.85920073456154,1.0,0.0
adult,seed_2,probe_depth_2,2,0.25,16.964800183640385,67.85920073456154,1.0,0.0
adult,seed_2,probe_depth_2,2,0.49,33.251008359935156,67.85920073456154,1.0,0.0
adult,seed_2,probe_depth_2,2,0.5,33.92960036728077,67.85920073456154,1.0,0.0
adult,seed_2,probe_depth_2,2,0.75,50.894400550921155,67.85920073456154,0.875,0.04039566099997198
adult,seed_2,probe_depth_2,2,1.0,67.85920073456154,67.85920073456154,0.640625,0.12224977551027147
adult,seed_2,probe_depth_2,2,1.5,101.78880110184231,67.85920073456154,0.4375,0.2051038194301431
adult,seed_2,probe_depth_2,2,2.0,135.71840146912308,67.85920073456154,0.375,0.2324544602088212
adult,seed_2,probe_depth_1,1,0.0,0.0,61.03401012626475,1.0,0.0
adult,seed_2,probe_depth_1,1,0.25,15.258502531566187,61.03401012626475,1.0,0.0
adult,seed_2,probe_depth_1,1,0.49,29.906664961869726,61.03401012626475,1.0,0.0
adult,seed_2,probe_depth_1,1,0.5,30.517005063132373,61.03401012626475,1.0,0.0
adult,seed_2,probe_depth_1,1,0.75,45.77550759469856,61.03401012626475,0.8984375,0.04367782608588418
adult,seed_2,probe_depth_1,1,1.0,61.03401012626475,61.03401012626475,0.703125,0.1367468669074123
adult,seed_2,probe_depth_1,1,1.5,91.55101518939712,61.03401012626475,0.5078125,0.2469334455032085
adult,seed_2,probe_depth_1,1,2.0,122.0680202525295,61.03401012626475,0.4375,0.3129548828318778
adult,seed_2,probe_depth_2,2,0.0,0.0,54.13142037342814,1.0,0.0
adult,seed_2,probe_depth_2,2,0.25,13.532855093357036,54.13142037342814,1.0,0.0
adult,seed_2,probe_depth_2,2,0.49,26.52439598297979,54.13142037342814,1.0,0.0
adult,seed_2,probe_depth_2,2,0.5,27.06571018671407,54.13142037342814,1.0,0.0
adult,seed_2,probe_depth_2,2,0.75,40.59856528007111,54.13142037342814,0.90625,0.0453682590984897
adult,seed_2,probe_depth_2,2,1.0,54.13142037342814,54.13142037342814,0.7421875,0.1418229069428286
adult,seed_2,probe_depth_2,2,1.5,81.19713056014221,54.13142037342814,0.59375,0.2319413583698709
adult,seed_2,probe_depth_2,2,2.0,108.26284074685628,54.13142037342814,0.390625,0.3837330254199086
adult,seed_2,probe_depth_0,0,0.0,0.0,2.241025757919175,1.0,0.0
adult,seed_2,probe_depth_0,0,0.25,0.5602564394797938,2.241025757919175,1.0,0.0
adult,seed_2,probe_depth_0,0,0.49,1.0981026213803957,2.241025757919175,1.0,0.0
adult,seed_2,probe_depth_0,0,0.5,1.1205128789595875,2.241025757919175,1.0,0.0
adult,seed_2,probe_depth_0,0,0.75,1.6807693184393813,2.241025757919175,0.9609375,0.0004077546918794587
adult,seed_2,probe_depth_0,0,1.0,2.241025757919175,2.241025757919175,0.828125,0.0018544577069081057
adult,seed_2,probe_depth_0,0,1.5,3.3615386368787625,2.241025757919175,0.640625,0.004171332792952998
adult,seed_2,probe_depth_0,0,2.0,4.48205151583835,2.241025757919175,0.6171875,0.004637581920643221
adult,seed_2,probe_depth_1,1,0.0,0.0,0.7140946499793017,1.0,0.0
adult,seed_2,probe_depth_1,1,0.25,0.17852366249482543,0.7140946499793017,1.0,0.0
adult,seed_2,probe_depth_1,1,0.49,0.34990637848985784,0.7140946499793017,1.0,0.0
adult,seed_2,probe_depth_1,1,0.5,0.35704732498965086,0.7140946499793017,1.0,0.0
adult,seed_2,probe_depth_1,1,0.75,0.5355709874844763,0.7140946499793017,0.953125,0.0010036114047893255
adult,seed_2,probe_depth_1,1,1.0,0.7140946499793017,0.7140946499793017,0.875,0.0026762970794382015
adult,seed_2,probe_depth_1,1,1.5,1.0711419749689526,0.7140946499793017,0.7421875,0.00551986272634129
adult,seed_2,probe_depth_1,1,2.0,1.4281892999586034,0.7140946499793017,0.7109375,0.006188936996200841
adult,seed_2,probe_depth_2,2,0.0,0.0,4.9353341494253495,1.0,0.0
adult,seed_2,probe_depth_2,2,0.25,1.2338335373563374,4.9353341494253495,1.0,0.0
adult,seed_2,probe_depth_2,2,0.49,2.418313733218421,4.9353341494253495,1.0,0.0
adult,seed_2,probe_depth_2,2,0.5,2.4676670747126748,4.9353341494253495,1.0,0.0
adult,seed_2,probe_depth_2,2,0.75,3.701500612069012,4.9353341494253495,0.921875,0.02113374185347053
adult,seed_2,probe_depth_2,2,1.0,4.9353341494253495,4.9353341494253495,0.765625,0.06458515927989586
adult,seed_2,probe_depth_2,2,1.5,7.403001224138024,4.9353341494253495,0.6953125,0.09777608180064641
adult,seed_2,probe_depth_2,2,2.0,9.870668298850699,4.9353341494253495,0.515625,0.17411679945497854
adult,seed_2,probe_depth_2,2,0.0,0.0,4.60734775399024,1.0,0.0
adult,seed_2,probe_depth_2,2,0.25,1.15183693849756,4.60734775399024,1.0,0.0
adult,seed_2,probe_depth_2,2,0.49,2.2576003994552174,4.60734775399024,1.0,0.0
adult,seed_2,probe_depth_2,2,0.5,2.30367387699512,4.60734775399024,1.0,0.0
adult,seed_2,probe_depth_2,2,0.75,3.45551081549268,4.60734775399024,0.90625,0.05247164320302131
adult,seed_2,probe_depth_2,2,1.0,4.60734775399024,4.60734775399024,0.7421875,0.1493294416005074
adult,seed_2,probe_depth_2,2,1.5,6.91102163098536,4.60734775399024,0.5078125,0.3114711306900559
adult,seed_2,probe_depth_2,2,2.0,9.21469550798048,4.60734775399024,0.359375,0.43398911887537994
adult,seed_2,probe_depth_1,1,0.0,0.0,3.131726011414429,1.0,0.0
adult,seed_2,probe_depth_1,1,0.25,0.7829315028536072,3.131726011414429,1.0,0.0
adult,seed_2,probe_depth_1,1,0.49,1.5345457455930702,3.131726011414429,1.0,0.0
adult,seed_2,probe_depth_1,1,0.5,1.5658630057072145,3.131726011414429,1.0,0.0
adult,seed_2,probe_depth_1,1,0.75,2.3487945085608217,3.131726011414429,0.9453125,0.0012619088041925495
adult,seed_2,probe_depth_1,1,1.0,3.131726011414429,3.131726011414429,0.703125,0.007026701492891503
adult,seed_2,probe_depth_1,1,1.5,4.6975890171216435,3.131726011414429,0.5546875,0.01091343442798793
adult,seed_2,probe_depth_1,1,2.0,6.263452022828858,3.131726011414429,0.53125,0.011687742978091564
adult,seed_2,probe_depth_2,2,0.0,0.0,3.7324532909259744,1.0,0.0
adult,seed_2,probe_depth_2,2,0.25,0.9331133227314936,3.7324532909259744,1.0,0.0
adult,seed_2,probe_depth_2,2,0.49,1.8289021125537275,3.7324532909259744,1.0,0.0
adult,seed_2,probe_depth_2,2,0.5,1.8662266454629872,3.7324532909259744,1.0,0.0
adult,seed_2,probe_depth_2,2,0.75,2.799339968194481,3.7324532909259744,0.9140625,0.0028904209303847114
adult,seed_2,probe_depth_2,2,1.0,3.7324532909259744,3.7324532909259744,0.7890625,0.007453978081490601
adult,seed_2,probe_depth_2,2,1.5,5.598679936388962,3.7324532909259744,0.6328125,0.013088755212367726
adult,seed_2,probe_depth_2,2,2.0,7.464906581851949,3.7324532909259744,0.515625,0.017701615431387725
agaricus_lepiota,seed_0,root,0,0.0,0.0,0.04599342786936411,1.0,0.0
agaricus_lepiota,seed_0,root,0,0.25,0.011498356967341028,0.04599342786936411,1.0,0.0
agaricus_lepiota,seed_0,root,0,0.49,0.022536779655988413,0.04599342786936411,1.0,0.0
agaricus_lepiota,seed_0,root,0,0.5,0.022996713934682056,0.04599342786936411,1.0,0.0
agaricus_lepiota,seed_0,root,0,0.75,0.034495070902023084,0.04599342786936411,0.9921875,0.00019060035509055096
agaricus_lepiota,seed_0,root,0,1.0,0.04599342786936411,0.04599342786936411,0.859375,0.0034308063916299167
agaricus_lepiota,seed_0,root,0,1.5,0.06899014180404617,0.04599342786936411,0.8125,0.0045744085221732225
agaricus_lepiota,seed_0,root,0,2.0,0.09198685573872822,0.04599342786936411,0.71875,0.006861612783259833
agaricus_lepiota,seed_1,root,0,0.0,0.0,0.056607433081426795,1.0,0.0
agaricus_lepiota,seed_1,root,0,0.25,0.014151858270356699,0.056607433081426795,1.0,0.0
agaricus_lepiota,seed_1,root,0,0.49,0.02773764220989913,0.056607433081426795,1.0,0.0
agaricus_lepiota,seed_1,root,0,0.5,0.028303716540713397,0.056607433081426795,1.0,0.0
agaricus_lepiota,seed_1,root,0,0.75,0.042455574811070096,0.056607433081426795,0.9296875,0.0018785799271839533
agaricus_lepiota,seed_1,root,0,1.0,0.056607433081426795,0.056607433081426795,0.859375,0.0037571598543679066
agaricus_lepiota,seed_1,root,0,1.5,0.08491114962214019,0.056607433081426795,0.7890625,0.00563573978155186
agaricus_lepiota,seed_1,root,0,2.0,0.11321486616285359,0.056607433081426795,0.671875,0.00876670632685845
agaricus_lepiota,seed_2,root,0,0.0,0.0,0.03757150990723668,1.0,0.0
agaricus_lepiota,seed_2,root,0,0.25,0.00939287747680917,0.03757150990723668,1.0,0.0
agaricus_lepiota,seed_2,root,0,0.49,0.018410039854545972,0.03757150990723668,1.0,0.0
agaricus_lepiota,seed_2,root,0,0.5,0.01878575495361834,0.03757150990723668,1.0,0.0
agaricus_lepiota,seed_2,root,0,0.75,0.028178632430427508,0.03757150990723668,0.9296875,0.0011035989539334647
agaricus_lepiota,seed_2,root,0,1.0,0.03757150990723668,0.03757150990723668,0.8203125,0.0029965158506804696
agaricus_lepiota,seed_2,root,0,1.5,0.056357264860855016,0.03757150990723668,0.640625,0.0063454465270619455
agaricus_lepiota,seed_2,root,0,2.0,0.07514301981447336,0.03757150990723668,0.6640625,0.005845424649446246
australian,seed_0,root,0,0.0,0.0,55.16541470118885,1.0,0.0
australian,seed_0,root,0,0.25,13.791353675297213,55.16541470118885,1.0,0.0
australian,seed_0,root,0,0.49,27.031053203582537,55.16541470118885,1.0,0.0
australian,seed_0,root,0,0.5,27.582707350594426,55.16541470118885,1.0,0.0
australian,seed_0,root,0,0.75,41.374061025891635,55.16541470118885,0.859375,0.07704686480058462
australian,seed_0,root,0,1.0,55.16541470118885,55.16541470118885,0.625,0.21986260410370828
australian,seed_0,root,0,1.5,82.74812205178327,55.16541470118885,0.5,0.3077578428788502
australian,seed_0,root,0,2.0,110.3308294023777,55.16541470118885,0.3515625,0.40945319245868594
australian,seed_0,probe_depth_0,0,0.0,0.0,55.16541470118885,1.0,0.0
australian,seed_0,probe_depth_0,0,0.25,13.791353675297213,55.16541470118885,1.0,0.0
australian,seed_0,probe_depth_0,0,0.49,27.031053203582537,55.16541470118885,1.0,0.0
australian,seed_0,probe_depth_0,0,0.5,27.582707350594426,55.16541470118885,1.0,0.0
australian,seed_0,probe_depth_0,0,0.75,41.374061025891635,55.16541470118885,0.8828125,0.0653630245778789
australian,seed_0,probe_depth_0,0,1.0,55.16541470118885,55.16541470118885,0.65625,0.20865978445669273
australian,seed_0,probe_depth_0,0,1.5,82.74812205178327,55.16541470118885,0.5078125,0.30886138781092115
australian,seed_0,probe_depth_0,0,2.0,110.3308294023777,55.16541470118885,0.3828125,0.40095985847631466
australian,seed_0,probe_depth_1,1,0.0,0.0,55.16541470118885,1.0,0.0
australian,seed_0,probe_depth_1,1,0.25,13.791353675297213,55.16541470118885,1.0,0.0
australian,seed_0,probe_depth_1,1,0.49,27.031053203582537,55.16541470118885,1.0,0.0
australian,seed_0,probe_depth_1,1,0.5,27.582707350594426,55.16541470118885,1.0,0.0
australian,seed_0,probe_depth_1,1,0.75,41.374061025891635,55.16541470118885,0.9296875,0.038336114478363964
australian,seed_0,probe_depth_1,1,1.0,55.16541470118885,55.16541470118885,0.6875,0.1769514245479641
australian,seed_0,probe_depth_1,1,1.5,82.74812205178327,55.16541470118885,0.5,0.30746356906232036
australian,seed_0,probe_depth_1,1,2.0,110.3308294023777,55.16541470118885,0.328125,0.4379586104602132
australian,seed_0,probe_depth_0,0,0.0,0.0,46.59774748569601,1.0,0.0
australian,seed_0,probe_depth_0,0,0.25,11.649436871424003,46.59774748569601,1.0,0.0
australian,seed_0,probe_depth_0,0,0.49,22.832896267991046,46.59774748569601,1.0,0.0
australian,seed_0,probe_depth_0,0,0.5,23.298873742848006,46.59774748569601,1.0,0.0
australian,seed_0,probe_depth_0,0,0.75,34.94831061427201,46.59774748569601,0.859375,0.07497690985572703
australian,seed_0,probe_depth_0,0,1.0,46.59774748569601,46.59774748569601,0.6796875,0.18631912356327063
australian,seed_0,probe_depth_0,0,1.5,69.89662122854402,46.59774748569601,0.4765625,0.32156720553705176
australian,seed_0,probe_depth_0,0,2.0,93.19549497139202,46.59774748569601,0.3203125,0.4253500318915362
australian,seed_0,probe_depth_1,1,0.0,0.0,46.59774748569601,1.0,0.0
australian,seed_0,probe_depth_1,1,0.25,11.649436871424003,46.59774748569601,1.0,0.0
australian,seed_0,probe_depth_1,1,0.49,22.832896267991046,46.59774748569601,1.0,0.0
australian,seed_0,probe_depth_1,1,0.5,23.298873742848006,46.59774748569601,1.0,0.0
australian,seed_0,probe_depth_1,1,0.75,34.94831061427201,46.59774748569601,0.8046875,0.10730024103219908
australian,seed_0,probe_depth_1,1,1.0,46.59774748569601,46.59774748569601,0.6796875,0.1869800414487606
australian,seed_0,probe_depth_1,1,1.5,69.89662122854402,46.59774748569601,0.4765625,0.32320941957505833
australian,seed_0,probe_depth_1,1,2.0,93.19549497139202,46.59774748569601,0.3359375,0.42282142134314804
australian,seed_0,probe_depth_0,0,0.0,0.0,26.69869933975315,1.0,0.0
australian,seed_0,probe_depth_0,0,0.25,6.674674834938288,26.69869933975315,1.0,0.0
australian,seed_0,probe_depth_0,0,0.49,13.082362676479043,26.69869933975315,1.0,0.0
australian,seed_0,probe_depth_0,0,0.5,13.349349669876576,26.69869933975315,1.0,0.0
australian,seed_0,probe_depth_0,0,0.75,20.024024504814864,26.69869933975315,0.84375,0.08637545451805295
australian,seed_0,probe_depth_0,0,1.0,26.69869933975315,26.69869933975315,0.625,0.21612131377072352
australian,seed_0,probe_depth_0,0,1.5,40.04804900962973,26.69869933975315,0.484375,0.31179307027850167
australian,seed_0,probe_depth_0,0,2.0,53.3973986795063,26.69869933975315,0.3359375,0.4193146638064781
australian,seed_0,probe_depth_1,1,0.0,0.0,26.69869933975315,1.0,0.0
australian,seed_0,probe_depth_1,1,0.25,6.674674834938288,26.69869933975315,1.0,0.0
australian,seed_0,probe_depth_1,1,0.49,13.082362676479043,26.69869933975315,1.0,0.0
australian,seed_0,probe_depth_1,1,0.5,13.349349669876576,26.69869933975315,1.0,0.0
australian,seed_0,probe_depth_1,1,0.75,20.024024504814864,26.69869933975315,0.890625,0.05786669016991733
australian,seed_0,probe_depth_1,1,1.0,26.69869933975315,26.69869933975315,0.7109375,0.17088165893641413
australian,seed_0,probe_depth_1,1,1.5,40.04804900962973,26.69869933975315,0.375,0.3844989706033104
australian,seed_0,probe_depth_1,1,2.0,53.3973986795063,26.69869933975315,0.4375,0.3623772445605701
australian,seed_0,probe_depth_2,2,0.0,0.0,9.091641215737923,1.0,0.0
australian,seed_0,probe_depth_2,2,0.25,2.2729103039344807,9.091641215737923,1.0,0.0
australian,seed_0,probe_depth_2,2,0.49,4.454904195711582,9.091641215737923,1.0,0.0
australian,seed_0,probe_depth_2,2,0.5,4.545820607868961,9.091641215737923,1.0,0.0
australian,seed_0,probe_depth_2,2,0.75,6.818730911803442,9.091641215737923,0.90625,0.030915214340469212
australian,seed_0,probe_depth_2,2,1.0,9.091641215737923,9.091641215737923,0.7109375,0.1044646662524911
australian,seed_0,probe_depth_2,2,1.5,13.637461823606884,9.091641215737923,0.5390625,0.17723661745072025
australian,seed_0,probe_depth_2,2,2.0,18.183282431475845,9.091641215737923,0.421875,0.24380156466629754
australian,seed_0,probe_depth_2,2,0.0,0.0,11.231409410096244,1.0,0.0
australian,seed_0,probe_depth_2,2,0.25,2.807852352524061,11.231409410096244,1.0,0.0
australian,seed_0,probe_depth_2,2,0.49,5.50339061094716,11.231409410096244,1.0,0.0
australian,seed_0,probe_depth_2,2,0.5,5.615704705048122,11.231409410096244,1.0,0.0
australian,seed_0,probe_depth_2,2,0.75,8.423557057572182,11.231409410096244,0.78125,0.16240198006154422
australian,seed_0,probe_depth_2,2,1.0,11.231409410096244,11.231409410096244,0.5390625,0.35312195759879283
australian,seed_0,probe_depth_2,2,1.5,16.847114115144365,11.231409410096244,0.4296875,0.4394905437927043
australian,seed_0,probe_depth_2,2,2.0,22.46281882019249,11.231409410096244,0.3671875,0.4937903362152556
australian,seed_0,probe_depth_0,0,0.0,0.0,14.096709343242104,1.0,0.0
australian,seed_0,probe_depth_0,0,0.25,3.524177335810526,14.096709343242104,1.0,0.0
australian,seed_0,probe_depth_0,0,0.49,6.907387578188631,14.096709343242104,1.0,0.0
australian,seed_0,probe_depth_0,0,0.5,7.048354671621052,14.096709343242104,1.0,0.0
australian,seed_0,probe_depth_0,0,0.75,10.572532007431578,14.096709343242104,0.8359375,0.0877181115468474
australian,seed_0,probe_depth_0,0,1.0,14.096709343242104,14.096709343242104,0.7265625,0.15255305286046936
australian,seed_0,probe_depth_0,0,1.5,21.145064014863156,14.096709343242104,0.484375,0.306360061812634
australian,seed_0,probe_depth_0,0,2.0,28.193418686484208,14.096709343242104,0.34375,0.39575819355469843
australian,seed_0,probe_depth_1,1,0.0,0.0,14.096709343242104,1.0,0.0
australian,seed_0,probe_depth_1,1,0.25,3.524177335810526,14.096709343242104,1.0,0.0
australian,seed_0,probe_depth_1,1,0.49,6.907387578188631,14.096709343242104,1.0,0.0
australian,seed_0,probe_depth_1,1,0.5,7.048354671621052,14.096709343242104,1.0,0.0
australian,seed_0,probe_depth_1,1,0.75,10.572532007431578,14.096709343242104,0.828125,0.09541946362082243
australian,seed_0,probe_depth_1,1,1.0,14.096709343242104,14.096709343242104,0.65625,0.19201677780656082
australian,seed_0,probe_depth_1,1,1.5,21.145064014863156,14.096709343242104,0.46875,0.3146551116830373
australian,seed_0,probe_depth_1,1,2.0,28.193418686484208,14.096709343242104,0.28125,0.4393147921691922
australian,seed_0,probe_depth_2,2,0.0,0.0,4.182497169983851,1.0,0.0
australian,seed_0,probe_depth_2,2,0.25,1.0456242924959627,4.182497169983851,1.0,0.0
australian,seed_0,probe_depth_2,2,0.49,2.049423613292087,4.182497169983851,1.0,0.0
australian,seed_0,probe_depth_2,2,0.5,2.0912485849919253,4.182497169983851,1.0,0.0
australian,seed_0,probe_depth_2,2,0.75,3.136872877487888,4.182497169983851,0.890625,0.029027274854940173
australian,seed_0,probe_depth_2,2,1.0,4.182497169983851,4.182497169983851,0.703125,0.08681156489160805
australian,seed_0,probe_depth_2,2,1.5,6.273745754975776,4.182497169983851,0.515625,0.15966117745356823
australian,seed_0,probe_depth_2,2,2.0,8.364994339967701,4.182497169983851,0.40625,0.19950513989168922
australian,seed_0,probe_depth_2,2,0.0,0.0,6.015009673761501,1.0,0.0
australian,seed_0,probe_depth_2,2,0.25,1.5037524184403752,6.015009673761501,1.0,0.0
australian,seed_0,probe_depth_2,2,0.49,2.9473547401431355,6.015009673761501,1.0,0.0
australian,seed_0,probe_depth_2,2,0.5,3.0075048368807504,6.015009673761501,1.0,0.0
australian,seed_0,probe_depth_2,2,0.75,4.511257255321126,6.015009673761501,0.734375,0.20013181082369474
australian,seed_0,probe_depth_2,2,1.0,6.015009673761501,6.015009673761501,0.5546875,0.3358941115658316
australian,seed_0,probe_depth_2,2,1.5,9.022514510642251,6.015009673761501,0.390625,0.4686805698476364
australian,seed_0,probe_depth_2,2,2.0,12.030019347523002,6.015009673761501,0.3125,0.5422449213718772
australian,seed_1,root,0,0.0,0.0,55.16541470118885,1.0,0.0
australian,seed_1,root,0,0.25,13.791353675297213,55.16541470118885,1.0,0.0
australian,seed_1,root,0,0.49,27.031053203582537,55.16541470118885,1.0,0.0
australian,seed_1,root,0,0.5,27.582707350594426,55.16541470118885,1.0,0.0
australian,seed_1,root,0,0.75,41.374061025891635,55.16541470118885,0.8984375,0.056803950415705226
australian,seed_1,root,0,1.0,55.16541470118885,55.16541470118885,0.7265625,0.16122012781603112
australian,seed_1,root,0,1.5,82.74812205178327,55.16541470118885,0.484375,0.31168956817669274
australian,seed_1,root,0,2.0,110.3308294023777,55.16541470118885,0.421875,0.36611951840860557
australian,seed_1,probe_depth_0,0,0.0,0.0,55.16541470118885,1.0,0.0
australian,seed_1,probe_depth_0,0,0.25,13.791353675297213,55.16541470118885,1.0,0.0
australian,seed_1,probe_depth_0,0,0.49,27.031053203582537,55.16541470118885,1.0,0.0
australian,seed_1,probe_depth_0,0,0.5,27.582707350594426,55.16541470118885,1.0,0.0
australian,seed_1,probe_depth_0,0,0.75,41.374061025891635,55.16541470118885,0.8515625,0.08526447878397303
australian,seed_1,probe_depth_0,0,1.0,55.16541470118885,55.16541470118885,0.6640625,0.19422359542036882
australian,seed_1,probe_depth_0,0,1.5,82.74812205178327,55.16541470118885,0.4140625,0.35858203065170285
australian,seed_1,probe_depth_0,0,2.0,110.3308294023777,55.16541470118885,0.34375,0.4315057630423076
australian,seed_1,probe_depth_1,1,0.0,0.0,55.16541470118885,1.0,0.0
australian,seed_1,probe_depth_1,1,0.25,13.791353675297213,55.16541470118885,1.0,0.0
australian,seed_1,probe_depth_1,1,0.49,27.031053203582537,55.16541470118885,1.0,0.0
australian,seed_1,probe_depth_1,1,0.5,27.582707350594426,55.16541470118885,1.0,0.0
australian,seed_1,probe_depth_1,1,0.75,41.374061025891635,55.16541470118885,0.7890625,0.11713204333321847
australian,seed_1,probe_depth_1,1,1.0,55.16541470118885,55.16541470118885,0.671875,0.19516019662601708
australian,seed_1,probe_depth_1,1,1.5,82.74812205178327,55.16541470118885,0.4296875,0.35472397453545274
australian,seed_1,probe_depth_1,1,2.0,110.3308294023777,55.16541470118885,0.375,0.3943933798653625
australian,seed_1,probe_depth_2,2,0.0,0.0,54.359643553952644,1.0,0.0
australian,seed_1,probe_depth_2,2,0.25,13.589910888488161,54.359643553952644,1.0,0.0
australian,seed_1,probe_depth_2,2,0.49,26.636225341436795,54.359643553952644,1.0,0.0
australian,seed_1,probe_depth_2,2,0.5,27.179821776976322,54.359643553952644,1.0,0.0
australian,seed_1,probe_depth_2,2,0.75,40.76973266546448,54.359643553952644,0.890625,0.06020920967125282
australian,seed_1,probe_depth_2,2,1.0,54.359643553952644,54.359643553952644,0.6875,0.18442161033718657
australian,seed_1,probe_depth_2,2,1.5,81.53946533092896,54.359643553952644,0.4609375,0.3367673084941911
australian,seed_1,probe_depth_2,2,2.0,108.71928710790529,54.359643553952644,0.3515625,0.4326757995805064
australian,seed_1,probe_depth_0,0,0.0,0.0,47.83039566411764,1.0,0.0
australian,seed_1,probe_depth_0,0,0.25,11.95759891602941,47.83039566411764,1.0,0.0
australian,seed_1,probe_depth_0,0,0.49,23.436893875417642,47.83039566411764,1.0,0.0
australian,seed_1,probe_depth_0,0,0.5,23.91519783205882,47.83039566411764,1.0,0.0
australian,seed_1,probe_depth_0,0,0.75,35.87279674808823,47.83039566411764,0.8203125,0.09869160522811857
australian,seed_1,probe_depth_0,0,1.0,47.83039566411764,47.83039566411764,0.6328125,0.21536462149301516
australian,seed_1,probe_depth_0,0,1.5,71.74559349617645,47.83039566411764,0.4296875,0.36147181312415394
australian,seed_1,probe_depth_0,0,2.0,95.66079132823528,47.83039566411764,0.328125,0.4412684106853024
australian,seed_1,probe_depth_1,1,0.0,0.0,37.32449137022747,1.0,0.0
australian,seed_1,probe_depth_1,1,0.25,9.331122842556868,37.32449137022747,1.0,0.0
australian,seed_1,probe_depth_1,1,0.49,18.28900077141146,37.32449137022747,1.0,0.0
australian,seed_1,probe_depth_1,1,0.5,18.662245685113735,37.32449137022747,1.0,0.0
australian,seed_1,probe_depth_1,1,0.75,27.993368527670604,37.32449137022747,0.6953125,0.24557628559680625
australian,seed_1,probe_depth_1,1,1.0,37.32449137022747,37.32449137022747,0.6015625,0.32607299175744264
australian,seed_1,probe_depth_1,1,1.5,55.98673705534121,37.32449137022747,0.3359375,0.5452269956139999
australian,seed_1,probe_depth_1,1,2.0,74.64898274045494,37.32449137022747,0.328125,0.5558503989655345
australian,seed_1,probe_depth_2,2,0.0,0.0,22.299830710308274,1.0,0.0
australian,seed_1,probe_depth_2,2,0.25,5.574957677577069,22.299830710308274,1.0,0.0
australian,seed_1,probe_depth_2,2,0.49,10.926917048051054,22.299830710308274,1.0,0.0
australian,seed_1,probe_depth_2,2,0.5,11.149915355154137,22.299830710308274,1.0,0.0
australian,seed_1,probe_depth_2,2,0.75,16.724873032731207,22.299830710308274,0.765625,0.1910239744522345
australian,seed_1,probe_depth_2,2,1.0,22.299830710308274,22.299830710308274,0.6328125,0.3159788582380254
australian,seed_1,probe_depth_2,2,1.5,33.44974606546241,22.299830710308274,0.4609375,0.4643927761059605
australian,seed_1,probe_depth_2,2,2.0,44.59966142061655,22.299830710308274,0.328125,0.5883182855773608
australian,seed_1,probe_depth_2,2,0.0,0.0,5.367732813082027,1.0,0.0
australian,seed_1,probe_depth_2,2,0.25,1.3419332032705067,5.367732813082027,1.0,0.0
australian,seed_1,probe_depth_2,2,0.49,2.630189078410193,5.367732813082027,1.0,0.0
australian,seed_1,probe_depth_2,2,0.5,2.6838664065410134,5.367732813082027,1.0,0.0
australian,seed_1,probe_depth_2,2,0.75,4.02579960981152,5.367732813082027,0.8125,0.10718155128866826
australian,seed_1,probe_depth_2,2,1.0,5.367732813082027,5.367732813082027,0.671875,0.19988714537467692
australian,seed_1,probe_depth_2,2,1.5,8.05159921962304,5.367732813082027,0.515625,0.3010454220981874
australian,seed_1,probe_depth_2,2,2.0,10.735465626164054,5.367732813082027,0.3203125,0.44718481690609224
australian,seed_1,probe_depth_1,1,0.0,0.0,4.338615174094329,1.0,0.0
australian,seed_1,probe_depth_1,1,0.25,1.0846537935235823,4.338615174094329,1.0,0.0
australian,seed_1,probe_depth_1,1,0.49,2.1259214353062212,4.338615174094329,1.0,0.0
australian,seed_1,probe_depth_1,1,0.5,2.1693075870471645,4.338615174094329,1.0,0.0
australian,seed_1,probe_depth_1,1,0.75,3.253961380570747,4.338615174094329,0.8671875,0.08206079667476422
australian,seed_1,probe_depth_1,1,1.0,4.338615174094329,4.338615174094329,0.703125,0.19919202436136724
australian,seed_1,probe_depth_1,1,1.5,6.507922761141494,4.338615174094329,0.5703125,0.29456398757396385
australian,seed_1,probe_depth_1,1,2.0,8.677230348188658,4.338615174094329,0.421875,0.4204597103800045
australian,seed_1,probe_depth_2,2,0.0,0.0,0.840337313052224,1.0,0.0
australian,seed_1,probe_depth_2,2,0.25,0.210084328263056,0.840337313052224,1.0,0.0
australian,seed_1,probe_depth_2,2,0.49,0.41176528339558977,0.840337313052224,1.0,0.0
australian,seed_1,probe_depth_2,2,0.5,0.420168656526112,0.840337313052224,1.0,0.0
australian,seed_1,probe_depth_2,2,0.75,0.630252984789168,0.840337313052224,0.921875,0.01728420308128203
australian,seed_1,probe_depth_2,2,1.0,0.840337313052224,0.840337313052224,0.84375,0.039975317029978426
australian,seed_1,probe_depth_2,2,1.5,1.260505969578336,0.840337313052224,0.703125,0.0832760986994843
australian,seed_1,probe_depth_2,2,2.0,1.680674626104448,0.840337313052224,0.609375,0.12599126471461816
australian,seed_1,probe_depth_0,0,0.0,0.0,34.71538064258943,1.0,0.0
australian,seed_1,probe_depth_0,0,0.25,8.678845160647358,34.71538064258943,1.0,0.0
australian,seed_1,probe_depth_0,0,0.49,17.01053651486882,34.71538064258943,1.0,0.0
australian,seed_1,probe_depth_0,0,0.5,17.357690321294715,34.71538064258943,1.0,0.0
australian,seed_1,probe_depth_0,0,0.75,26.036535481942074,34.71538064258943,0.8203125,0.10920170205831864
australian,seed_1,probe_depth_0,0,1.0,34.71538064258943,34.71538064258943,0.7109375,0.18357851887294052
australian,seed_1,probe_depth_0,0,1.5,52.07307096388415,34.71538064258943,0.40625,0.4015455907396789
australian,seed_1,probe_depth_0,0,2.0,69.43076128517886,34.71538064258943,0.34375,0.45521634702006797
australian,seed_1,probe_depth_1,1,0.0,0.0,25.766630797154924,1.0,0.0
australian,seed_1,probe_depth_1,1,0.25,6.441657699288731,25.766630797154924,1.0,0.0
australian,seed_1,probe_depth_1,1,0.49,12.625649090605913,25.766630797154924,1.0,0.0
australian,seed_1,probe_depth_1,1,0.5,12.883315398577462,25.766630797154924,1.0,0.0
australian,seed_1,probe_depth_1,1,0.75,19.32497309786619,25.766630797154924,0.8125,0.15136688150199792
australian,seed_1,probe_depth_1,1,1.0,25.766630797154924,25.766630797154924,0.5625,0.3620040209859041
australian,seed_1,probe_depth_1,1,1.5,38.64994619573238,25.766630797154924,0.4375,0.4705716331305807
australian,seed_1,probe_depth_1,1,2.0,51.53326159430985,25.766630797154924,0.25,0.6276603864394116
australian,seed_1,probe_depth_2,2,0.0,0.0,8.499311778826797,1.0,0.0
australian,seed_1,probe_depth_2,2,0.25,2.1248279447066993,8.499311778826797,1.0,0.0
australian,seed_1,probe_depth_2,2,0.49,4.164662771625131,8.499311778826797,1.0,0.0
australian,seed_1,probe_depth_2,2,0.5,4.249655889413399,8.499311778826797,1.0,0.0
australian,seed_1,probe_depth_2,2,0.75,6.374483834120098,8.499311778826797,0.78125,0.1695195527302613
australian,seed_1,probe_depth_2,2,1.0,8.499311778826797,8.499311778826797,0.625,0.291720352750212
australian,seed_1,probe_depth_2,2,1.5,12.748967668240196,8.499311778826797,0.40625,0.4796410713828364
australian,seed_1,probe_depth_2,2,2.0,16.998623557653595,8.499311778826797,0.25,0.6339450493944261
australian,seed_1,probe_depth_2,2,0.0,0.0,9.384923042689351,1.0,0.0
australian,seed_1,probe_depth_2,2,0.25,2.346230760672338,9.384923042689351,1.0,0.0
australian,seed_1,probe_depth_2,2,0.49,4.5986122909177825,9.384923042689351,1.0,0.0
australian,seed_1,probe_depth_2,2,0.5,4.692461521344676,9.384923042689351,1.0,0.0
australian,seed_1,probe_depth_2,2,0.75,7.0386922820170135,9.384923042689351,0.84375,0.1123171891533564
australian,seed_1,probe_depth_2,2,1.0,9.384923042689351,9.384923042689351,0.6953125,0.22853231982376965
australian,seed_1,probe_depth_2,2,1.5,14.077384564034027,9.384923042689351,0.4921875,0.3888026356630454
australian,seed_1,probe_depth_2,2,2.0,18.769846085378703,9.384923042689351,0.3046875,0.5548913064820072
australian,seed_1,probe_depth_1,1,0.0,0.0,3.1203636208015197,1.0,0.0
australian,seed_1,probe_depth_1,1,0.25,0.7800909052003799,3.1203636208015197,1.0,0.0
australian,seed_1,probe_depth_1,1,0.49,1.5289781741927446,3.1203636208015197,1.0,0.0
australian,seed_1,probe_depth_1,1,0.5,1.5601818104007599,3.1203636208015197,1.0,0.0
australian,seed_1,probe_depth_1,1,0.75,2.34027271560114,3.1203636208015197,0.8203125,0.12025764103938238
australian,seed_1,probe_depth_1,1,1.0,3.1203636208015197,3.1203636208015197,0.7421875,0.1807421636531332
australian,seed_1,probe_depth_1,1,1.5,4.68054543120228,3.1203636208015197,0.421875,0.427466231721727
australian,seed_1,probe_depth_1,1,2.0,6.2407272416030395,3.1203636208015197,0.3984375,0.4706138988542254
australian,seed_1,probe_depth_2,2,0.0,0.0,0.6275163735538918,1.0,0.0
australian,seed_1,probe_depth_2,2,0.25,0.15687909338847295,0.6275163735538918,1.0,0.0
australian,seed_1,probe_depth_2,2,0.49,0.30748302304140696,0.6275163735538918,1.0,0.0
australian,seed_1,probe_depth_2,2,0.5,0.3137581867769459,0.6275163735538918,1.0,0.0
australian,seed_1,probe_depth_2,2,0.75,0.47063728016541884,0.6275163735538918,0.9453125,0.013584882325793721
australian,seed_1,probe_depth_2,2,1.0,0.6275163735538918,0.6275163735538918,0.890625,0.02901469677212023
australian,seed_1,probe_depth_2,2,1.5,0.9412745603308377,0.6275163735538918,0.6796875,0.09990103826478144
australian,seed_1,probe_depth_2,2,2.0,1.2550327471077836,0.6275163735538918,0.5703125,0.13619441705322538
australian,seed_1,probe_depth_0,0,0.0,0.0,26.074241607039223,1.0,0.0
australian,seed_1,probe_depth_0,0,0.25,6.518560401759806,26.074241607039223,1.0,0.0
australian,seed_1,probe_depth_0,0,0.49,12.776378387449219,26.074241607039223,1.0,0.0
australian,seed_1,probe_depth_0,0,0.5,13.037120803519612,26.074241607039223,1.0,0.0
australian,seed_1,probe_depth_0,0,0.75,19.555681205279416,26.074241607039223,0.8046875,0.1362351866523535
australian,seed_1,probe_depth_0,0,1.0,26.074241607039223,26.074241607039223,0.59375,0.2901637185418049
australian,seed_1,probe_depth_0,0,1.5,39.11136241055883,26.074241607039223,0.4375,0.4118045378463042
australian,seed_1,probe_depth_0,0,2.0,52.148483214078446,26.074241607039223,0.359375,0.48347429605258607
australian,seed_1,probe_depth_1,1,0.0,0.0,26.074241607039223,1.0,0.0
australian,seed_1,probe_depth_1,1,0.25,6.518560401759806,26.074241607039223,1.0,0.0
australian,seed_1,probe_depth_1,1,0.49,12.776378387449219,26.074241607039223,1.0,0.0
australian,seed_1,probe_depth_1,1,0.5,13.037120803519612,26.074241607039223,1.0,0.0
australian,seed_1,probe_depth_1,1,0.75,19.555681205279416,26.074241607039223,0.7890625,0.14666511053568737
australian,seed_1,probe_depth_1,1,1.0,26.074241607039223,26.074241607039223,0.578125,0.30570926490865497
australian,seed_1,probe_depth_1,1,1.5,39.11136241055883,26.074241607039223,0.3515625,0.47753745934673425
australian,seed_1,probe_depth_1,1,2.0,52.148483214078446,26.074241607039223,0.265625,0.5523145362453896
australian,seed_1,probe_depth_2,2,0.0,0.0,26.208849098162,1.0,0.0
australian,seed_1,probe_depth_2,2,0.25,6.5522122745405,26.208849098162,1.0,0.0
australian,seed_1,probe_depth_2,2,0.49,12.842336058099379,26.208849098162,1.0,0.0
australian,seed_1,probe_depth_2,2,0.5,13.104424549081,26.208849098162,1.0,0.0
australian,seed_1,probe_depth_2,2,0.75,19.656636823621497,26.208849098162,0.8046875,0.13520421089879822
australian,seed_1,probe_depth_2,2,1.0,26.208849098162,26.208849098162,0.6484375,0.2578296844921203
australian,seed_1,probe_depth_2,2,1.5,39.313273647242994,26.208849098162,0.421875,0.42668529001114697
australian,seed_1,probe_depth_2,2,2.0,52.417698196324,26.208849098162,0.3203125,0.5170612726777424
australian,seed_2,root,0,0.0,0.0,55.16541470118885,1.0,0.0
australian,seed_2,root,0,0.25,13.791353675297213,55.16541470118885,1.0,0.0
australian,seed_2,root,0,0.49,27.031053203582537,55.16541470118885,1.0,0.0
australian,seed_2,root,0,0.5,27.582707350594426,55.16541470118885,1.0,0.0
australian,seed_2,root,0,0.75,41.374061025891635,55.16541470118885,0.828125,0.09840371852795789
australian,seed_2,root,0,1.0,55.16541470118885,55.16541470118885,0.6015625,0.239285094774701
australian,seed_2,root,0,1.5,82.74812205178327,55.16541470118885,0.5234375,0.29399051671107385
australian,seed_2,root,0,2.0,110.3308294023777,55.16541470118885,0.328125,0.43215282953200607
australian,seed_2,probe_depth_0,0,0.0,0.0,55.16541470118885,1.0,0.0
australian,seed_2,probe_depth_0,0,0.25,13.791353675297213,55.16541470118885,1.0,0.0
australian,seed_2,probe_depth_0,0,0.49,27.031053203582537,55.16541470118885,1.0,0.0
australian,seed_2,probe_depth_0,0,0.5,27.582707350594426,55.16541470118885,1.0,0.0
australian,seed_2,probe_depth_0,0,0.75,41.374061025891635,55.16541470118885,0.8671875,0.07464001002924547
australian,seed_2,probe_depth_0,0,1.0,55.16541470118885,55.16541470118885,0.6328125,0.21632791470019508
australian,seed_2,probe_depth_0,0,1.5,82.74812205178327,55.16541470118885,0.40625,0.36906834785764747
australian,seed_2,probe_depth_0,0,2.0,110.3308294023777,55.16541470118885,0.3671875,0.4077863043888204
australian,seed_2,probe_depth_1,1,0.0,0.0,55.16541470118885,1.0,0.0
australian,seed_2,probe_depth_1,1,0.25,13.791353675297213,55.16541470118885,1.0,0.0
australian,seed_2,probe_depth_1,1,0.49,27.031053203582537,55.16541470118885,1.0,0.0
australian,seed_2,probe_depth_1,1,0.5,27.582707350594426,55.16541470118885,1.0,0.0
australian,seed_2,probe_depth_1,1,0.75,41.374061025891635,55.16541470118885,0.8359375,0.09219453950882663
australian,seed_2,probe_depth_1,1,1.0,55.16541470118885,55.16541470118885,0.6015625,0.2289091808301254
australian,seed_2,probe_depth_1,1,1.5,82.74812205178327,55.16541470118885,0.484375,0.3273606130008759
australian,seed_2,probe_depth_1,1,2.0,110.3308294023777,55.16541470118885,0.328125,0.42805644673446164
australian,seed_2,probe_depth_2,2,0.0,0.0,20.674553029045896,1.0,0.0
australian,seed_2,probe_depth_2,2,0.25,5.168638257261474,20.674553029045896,1.0,0.0
australian,seed_2,probe_depth_2,2,0.49,10.13053098423249,20.674553029045896,1.0,0.0
australian,seed_2,probe_depth_2,2,0.5,10.337276514522948,20.674553029045896,1.0,0.0
australian,seed_2,probe_depth_2,2,0.75,15.505914771784422,20.674553029045896,0.921875,0.029870780730273085
australian,seed_2,probe_depth_2,2,1.0,20.674553029045896,20.674553029045896,0.8046875,0.08158254420654794
australian,seed_2,probe_depth_2,2,1.5,31.011829543568844,20.674553029045896,0.5859375,0.18873699227381252
australian,seed_2,probe_depth_2,2,2.0,41.34910605809179,20.674553029045896,0.3671875,0.3084433743615814
australian,seed_2,probe_depth_2,2,0.0,0.0,23.79672936064501,1.0,0.0
australian,seed_2,probe_depth_2,2,0.25,5.9491823401612525,23.79672936064501,1.0,0.0
australian,seed_2,probe_depth_2,2,0.49,11.660397386716054,23.79672936064501,1.0,0.0
australian,seed_2,probe_depth_2,2,0.5,11.898364680322505,23.79672936064501,1.0,0.0
australian,seed_2,probe_depth_2,2,0.75,17.84754702048376,23.79672936064501,0.7890625,0.1554922939755133
australian,seed_2,probe_depth_2,2,1.0,23.79672936064501,23.79672936064501,0.6484375,0.26186283542603006
australian,seed_2,probe_depth_2,2,1.5,35.69509404096752,23.79672936064501,0.3828125,0.4657616802077913
australian,seed_2,probe_depth_2,2,2.0,47.59345872129002,23.79672936064501,0.3828125,0.47668197048220545
australian,seed_2,probe_depth_0,0,0.0,0.0,47.845308718112406,1.0,0.0
australian,seed_2,probe_depth_0,0,0.25,11.961327179528102,47.845308718112406,1.0,0.0
australian,seed_2,probe_depth_0,0,0.49,23.44420127187508,47.845308718112406,1.0,0.0
australian,seed_2,probe_depth_0,0,0.5,23.922654359056203,47.845308718112406,1.0,0.0
australian,seed_2,probe_depth_0,0,0.75,35.88398153858431,47.845308718112406,0.859375,0.08027181516191537
australian,seed_2,probe_depth_0,0,1.0,47.845308718112406,47.845308718112406,0.6484375,0.20347759824278616
australian,seed_2,probe_depth_0,0,1.5,71.76796307716862,47.845308718112406,0.453125,0.33807084263042053
australian,seed_2,probe_depth_0,0,2.0,95.69061743622481,47.845308718112406,0.328125,0.42950025322742613
australian,seed_2,probe_depth_1,1,0.0,0.0,47.845308718112406,1.0,0.0
australian,seed_2,probe_depth_1,1,0.25,11.961327179528102,47.845308718112406,1.0,0.0
australian,seed_2,probe_depth_1,1,0.49,23.44420127187508,47.845308718112406,1.0,0.0
australian,seed_2,probe_depth_1,1,0.5,23.922654359056203,47.845308718112406,1.0,0.0
australian,seed_2,probe_depth_1,1,0.75,35.88398153858431,47.845308718112406,0.859375,0.08114038053855627
australian,seed_2,probe_depth_1,1,1.0,47.845308718112406,47.845308718112406,0.6953125,0.17870126632100652
australian,seed_2,probe_depth_1,1,1.5,71.76796307716862,47.845308718112406,0.40625,0.3759565015794575
australian,seed_2,probe_depth_1,1,2.0,95.69061743622481,47.845308718112406,0.375,0.4024463779592362
australian,seed_2,probe_depth_0,0,0.0,0.0,30.294611125916372,1.0,0.0
australian,seed_2,probe_depth_0,0,0.25,7.573652781479093,30.294611125916372,1.0,0.0
australian,seed_2,probe_depth_0,0,0.49,14.844359451699022,30.294611125916372,1.0,0.0
australian,seed_2,probe_depth_0,0,0.5,15.147305562958186,30.294611125916372,1.0,0.0
australian,seed_2,probe_depth_0,0,0.75,22.72095834443728,30.294611125916372,0.8203125,0.10718516394209904
australian,seed_2,probe_depth_0,0,1.0,30.294611125916372,30.294611125916372,0.671875,0.19970526392988572
australian,seed_2,probe_depth_0,0,1.5,45.44191668887456,30.294611125916372,0.390625,0.39806141000537243
australian,seed_2,probe_depth_0,0,2.0,60.589222251832744,30.294611125916372,0.359375,0.4218629287230292
australian,seed_2,probe_depth_1,1,0.0,0.0,30.294611125916372,1.0,0.0
australian,seed_2,probe_depth_1,1,0.25,7.573652781479093,30.294611125916372,1.0,0.0
australian,seed_2,probe_depth_1,1,0.49,14.844359451699022,30.294611125916372,1.0,0.0
australian,seed_2,probe_depth_1,1,0.5,15.147305562958186,30.294611125916372,1.0,0.0
australian,seed_2,probe_depth_1,1,0.75,22.72095834443728,30.294611125916372,0.8125,0.11244397335920944
australian,seed_2,probe_depth_1,1,1.0,30.294611125916372,30.294611125916372,0.6328125,0.23570887942468277
australian,seed_2,probe_depth_1,1,1.5,45.44191668887456,30.294611125916372,0.4296875,0.3629099881116147
australian,seed_2,probe_depth_1,1,2.0,60.589222251832744,30.294611125916372,0.3046875,0.45966569555178877
australian,seed_2,probe_depth_0,0,0.0,0.0,20.43711060047724,1.0,0.0
australian,seed_2,probe_depth_0,0,0.25,5.10927765011931,20.43711060047724,1.0,0.0
australian,seed_2,probe_depth_0,0,0.49,10.014184194233847,20.43711060047724,1.0,0.0
australian,seed_2,probe_depth_0,0,0.5,10.21855530023862,20.43711060047724,1.0,0.0
australian,seed_2,probe_depth_0,0,0.75,15.32783295035793,20.43711060047724,0.7890625,0.14029491117816092
australian,seed_2,probe_depth_0,0,1.0,20.43711060047724,20.43711060047724,0.5859375,0.2824204542226578
australian,seed_2,probe_depth_0,0,1.5,30.65566590071586,20.43711060047724,0.375,0.4347164952021897
australian,seed_2,probe_depth_0,0,2.0,40.87422120095448,20.43711060047724,0.3515625,0.4646694376997027
australian,seed_2,probe_depth_1,1,0.0,0.0,20.43711060047724,1.0,0.0
australian,seed_2,probe_depth_1,1,0.25,5.10927765011931,20.43711060047724,1.0,0.0
australian,seed_2,probe_depth_1,1,0.49,10.014184194233847,20.43711060047724,1.0,0.0
australian,seed_2,probe_depth_1,1,0.5,10.21855530023862,20.43711060047724,1.0,0.0
australian,seed_2,probe_depth_1,1,0.75,15.32783295035793,20.43711060047724,0.7734375,0.14917078907687176
australian,seed_2,probe_depth_1,1,1.0,20.43711060047724,20.43711060047724,0.640625,0.24696482099304012
australian,seed_2,probe_depth_1,1,1.5,30.65566590071586,20.43711060047724,0.453125,0.38276493199509165
australian,seed_2,probe_depth_1,1,2.0,40.87422120095448,20.43711060047724,0.3359375,0.4732085821085614
bank_marketing,seed_0,root,0,0.0,0.0,14.812141201714098,1.0,0.0
bank_marketing,seed_0,root,0,0.25,3.7030353004285246,14.812141201714098,1.0,0.0
bank_marketing,seed_0,root,0,0.49,7.257949188839908,14.812141201714098,1.0,0.0
bank_marketing,seed_0,root,0,0.5,7.406070600857049,14.812141201714098,1.0,0.0
bank_marketing,seed_0,root,0,0.75,11.109105901285574,14.812141201714098,0.9375,0.0013090533757605365
bank_marketing,seed_0,root,0,1.0,14.812141201714098,14.812141201714098,0.8203125,0.003808363948918953
bank_marketing,seed_0,root,0,1.5,22.218211802571147,14.812141201714098,0.6796875,0.007884915563761474
bank_marketing,seed_0,root,0,2.0,29.624282403428197,14.812141201714098,0.5546875,0.010909696675715723
bank_marketing,seed_0,probe_depth_0,0,0.0,0.0,14.812141201714098,1.0,0.0
bank_marketing,seed_0,probe_depth_0,0,0.25,3.7030353004285246,14.812141201714098,1.0,0.0
bank_marketing,seed_0,probe_depth_0,0,0.49,7.257949188839908,14.812141201714098,1.0,0.0
bank_marketing,seed_0,probe_depth_0,0,0.5,7.406070600857049,14.812141201714098,1.0,0.0
bank_marketing,seed_0,probe_depth_0,0,0.75,11.109105901285574,14.812141201714098,0.9375,0.0013489071478560125
bank_marketing,seed_0,probe_depth_0,0,1.0,14.812141201714098,14.812141201714098,0.8359375,0.0035309178200981636
bank_marketing,seed_0,probe_depth_0,0,1.5,22.218211802571147,14.812141201714098,0.6171875,0.00967221420466772
bank_marketing,seed_0,probe_depth_0,0,2.0,29.624282403428197,14.812141201714098,0.5390625,0.01142626543710937
bank_marketing,seed_0,probe_depth_2,2,0.0,0.0,10.046127176239565,1.0,0.0
bank_marketing,seed_0,probe_depth_2,2,0.25,2.5115317940598914,10.046127176239565,1.0,0.0
bank_marketing,seed_0,probe_depth_2,2,0.49,4.922602316357387,10.046127176239565,1.0,0.0
bank_marketing,seed_0,probe_depth_2,2,0.5,5.023063588119783,10.046127176239565,1.0,0.0
bank_marketing,seed_0,probe_depth_2,2,0.75,7.534595382179674,10.046127176239565,0.953125,0.00727489118875224
bank_marketing,seed_0,probe_depth_2,2,1.0,10.046127176239565,10.046127176239565,0.7578125,0.04108110033246
bank_marketing,seed_0,probe_depth_2,2,1.5,15.069190764359348,10.046127176239565,0.546875,0.0853586044184094
bank_marketing,seed_0,probe_depth_2,2,2.0,20.09225435247913,10.046127176239565,0.46875,0.10421851684588222
bank_marketing,seed_0,probe_depth_2,2,0.0,0.0,153.30382811518217,1.0,0.0
bank_marketing,seed_0,probe_depth_2,2,0.25,38.32595702879554,153.30382811518217,1.0,0.0
bank_marketing,seed_0,probe_depth_2,2,0.49,75.11887577643927,153.30382811518217,1.0,0.0
bank_marketing,seed_0,probe_depth_2,2,0.5,76.65191405759109,153.30382811518217,1.0,0.0
bank_marketing,seed_0,probe_depth_2,2,0.75,114.97787108638663,153.30382811518217,0.859375,0.07743797032807592
bank_marketing,seed_0,probe_depth_2,2,1.0,153.30382811518217,153.30382811518217,0.6015625,0.22412139358339897
bank_marketing,seed_0,probe_depth_2,2,1.5,229.95574217277326,153.30382811518217,0.421875,0.33723909328205537
bank_marketing,seed_0,probe_depth_2,2,2.0,306.60765623036434,153.30382811518217,0.3671875,0.3833077584986069
bank_marketing,seed_0,probe_depth_1,1,0.0,0.0,2.55565781158964,1.0,0.0
bank_marketing,seed_0,probe_depth_1,1,0.25,0.63891445289741,2.55565781158964,1.0,0.0
bank_marketing,seed_0,probe_depth_1,1,0.49,1.2522723276789236,2.55565781158964,1.0,0.0
bank_marketing,seed_0,probe_depth_1,1,0.5,1.27782890579482,2.55565781158964,1.0,0.0
bank_marketing,seed_0,probe_depth_1,1,0.75,1.91674335869223,2.55565781158964,0.9296875,0.004411147874184052
bank_marketing,seed_0,probe_depth_1,1,1.0,2.55565781158964,2.55565781158964,0.8828125,0.007351913123640086
bank_marketing,seed_0,probe_depth_1,1,1.5,3.83348671738446,2.55565781158964,0.796875,0.01274331608097615
bank_marketing,seed_0,probe_depth_1,1,2.0,5.11131562317928,2.55565781158964,0.671875,0.02058535674619224
bank_marketing,seed_0,probe_depth_2,2,0.0,0.0,1.4282037920183797,1.0,0.0
bank_marketing,seed_0,probe_depth_2,2,0.25,0.3570509480045949,1.4282037920183797,1.0,0.0
bank_marketing,seed_0,probe_depth_2,2,0.49,0.699819858089006,1.4282037920183797,1.0,0.0
bank_marketing,seed_0,probe_depth_2,2,0.5,0.7141018960091898,1.4282037920183797,1.0,0.0
bank_marketing,seed_0,probe_depth_2,2,0.75,1.0711528440137847,1.4282037920183797,0.9375,0.004551908661576359
bank_marketing,seed_0,probe_depth_2,2,1.0,1.4282037920183797,1.4282037920183797,0.8984375,0.007396851575061584
bank_marketing,seed_0,probe_depth_2,2,1.5,2.1423056880275695,1.4282037920183797,0.7890625,0.015362691732820212
bank_marketing,seed_0,probe_depth_2,2,2.0,2.8564075840367593,1.4282037920183797,0.75,0.018207634646305437
bank_marketing,seed_0,probe_depth_2,2,0.0,0.0,1.0210052047909812,1.0,0.0
bank_marketing,seed_0,probe_depth_2,2,0.25,0.2552513011977453,1.0210052047909812,1.0,0.0
bank_marketing,seed_0,probe_depth_2,2,0.49,0.5002925503475808,1.0210052047909812,1.0,0.0
bank_marketing,seed_0,probe_depth_2,2,0.5,0.5105026023954906,1.0210052047909812,1.0,0.0
bank_marketing,seed_0,probe_depth_2,2,0.75,0.7657539035932359,1.0210052047909812,0.9765625,0.002097360226568961
bank_marketing,seed_0,probe_depth_2,2,1.0,1.0210052047909812,1.0210052047909812,0.890625,0.009787681057321819
bank_marketing,seed_0,probe_depth_2,2,1.5,1.5315078071864718,1.0210052047909812,0.75,0.022371842416735583
bank_marketing,seed_0,probe_depth_2,2,2.0,2.0420104095819624,1.0210052047909812,0.65625,0.03076128332301143
bank_marketing,seed_0,probe_depth_0,0,0.0,0.0,11.886192834302733,1.0,0.0
bank_marketing,seed_0,probe_depth_0,0,0.25,2.9715482085756832,11.886192834302733,1.0,0.0
bank_marketing,seed_0,probe_depth_0,0,0.49,5.824234488808339,11.886192834302733,1.0,0.0
bank_marketing,seed_0,probe_depth_0,0,0.5,5.9430964171513665,11.886192834302733,1.0,0.0
bank_marketing,seed_0,probe_depth_0,0,0.75,8.91464462572705,11.886192834302733,0.8984375,0.0021418153814800546
bank_marketing,seed_0,probe_depth_0,0,1.0,11.886192834302733,11.886192834302733,0.8046875,0.00411887573361549
bank_marketing,seed_0,probe_depth_0,0,1.5,17.8292892514541,11.886192834302733,0.7578125,0.005618941990021104
bank_marketing,seed_0,probe_depth_0,0,2.0,23.772385668605466,11.886192834302733,0.734375,0.006342203095134838
bank_marketing,seed_0,probe_depth_1,1,0.0,0.0,10.024176298985822,1.0,0.0
bank_marketing,seed_0,probe_depth_1,1,0.25,2.5060440747464554,10.024176298985822,1.0,0.0
bank_marketing,seed_0,probe_depth_1,1,0.49,4.911846386503052,10.024176298985822,1.0,0.0
bank_marketing,seed_0,probe_depth_1,1,0.5,5.012088149492911,10.024176298985822,1.0,0.0
bank_marketing,seed_0,probe_depth_1,1,0.75,7.518132224239366,10.024176298985822,0.953125,0.000842313627329761
bank_marketing,seed_0,probe_depth_1,1,1.0,10.024176298985822,10.024176298985822,0.90625,0.001684627254659522
bank_marketing,seed_0,probe_depth_1,1,1.5,15.036264448478732,10.024176298985822,0.7734375,0.004617848888456297
bank_marketing,seed_0,probe_depth_1,1,2.0,20.048352597971643,10.024176298985822,0.65625,0.007634743550718122
bank_marketing,seed_0,probe_depth_2,2,0.0,0.0,2.949161141780678,1.0,0.0
bank_marketing,seed_0,probe_depth_2,2,0.25,0.7372902854451695,2.949161141780678,1.0,0.0
bank_marketing,seed_0,probe_depth_2,2,0.49,1.4450889594725322,2.949161141780678,1.0,0.0
bank_marketing,seed_0,probe_depth_2,2,0.5,1.474580570890339,2.949161141780678,1.0,0.0
bank_marketing,seed_0,probe_depth_2,2,0.75,2.2118708563355085,2.949161141780678,0.9921875,4.841838070647987e-05
bank_marketing,seed_0,probe_depth_2,2,1.0,2.949161141780678,2.949161141780678,0.875,0.0007746940913036779
bank_marketing,seed_0,probe_depth_2,2,1.5,4.423741712671017,2.949161141780678,0.7734375,0.001404133040487916
bank_marketing,seed_0,probe_depth_2,2,2.0,5.898322283561356,2.949161141780678,0.6640625,0.002081990370378634
bank_marketing,seed_0,probe_depth_2,2,0.0,0.0,30.37207414458527,1.0,0.0
bank_marketing,seed_0,probe_depth_2,2,0.25,7.593018536146317,30.37207414458527,1.0,0.0
bank_marketing,seed_0,probe_depth_2,2,0.49,14.882316330846782,30.37207414458527,1.0,0.0
bank_marketing,seed_0,probe_depth_2,2,0.5,15.186037072292635,30.37207414458527,1.0,0.0
bank_marketing,seed_0,probe_depth_2,2,0.75,22.779055608438952,30.37207414458527,0.90625,0.01656815526909474
bank_marketing,seed_0,probe_depth_2,2,1.0,30.37207414458527,30.37207414458527,0.6875,0.05701541718478057
bank_marketing,seed_0,probe_depth_2,2,1.5,45.558111216877904,30.37207414458527,0.46875,0.10444869038277163
bank_marketing,seed_0,probe_depth_2,2,2.0,60.74414828917054,30.37207414458527,0.3671875,0.13092894818702963
bank_marketing,seed_0,probe_depth_1,1,0.0,0.0,0.7195445475945093,1.0,0.0
bank_marketing,seed_0,probe_depth_1,1,0.25,0.1798861368986273,0.7195445475945093,1.0,0.0
bank_marketing,seed_0,probe_depth_1,1,0.49,0.35257682832130954,0.7195445475945093,1.0,0.0
bank_marketing,seed_0,probe_depth_1,1,0.5,0.3597722737972546,0.7195445475945093,1.0,0.0
bank_marketing,seed_0,probe_depth_1,1,0.75,0.5396584106958819,0.7195445475945093,0.9140625,0.0021591362368739457
bank_marketing,seed_0,probe_depth_1,1,1.0,0.7195445475945093,0.7195445475945093,0.875,0.003140561799089376
bank_marketing,seed_0,probe_depth_1,1,1.5,1.0793168213917639,0.7195445475945093,0.8125,0.004710842698634064
bank_marketing,seed_0,probe_depth_1,1,2.0,1.4390890951890185,0.7195445475945093,0.734375,0.007573073336372429
bank_marketing,seed_0,probe_depth_2,2,0.0,0.0,0.7792878332859843,1.0,0.0
bank_marketing,seed_0,probe_depth_2,2,0.25,0.19482195832149607,0.7792878332859843,1.0,0.0
bank_marketing,seed_0,probe_depth_2,2,0.49,0.3818510383101323,0.7792878332859843,1.0,0.0
bank_marketing,seed_0,probe_depth_2,2,0.5,0.38964391664299214,0.7792878332859843,1.0,0.0
bank_marketing,seed_0,probe_depth_2,2,0.75,0.5844658749644882,0.7792878332859843,0.8984375,0.006406526177829209
bank_marketing,seed_0,probe_depth_2,2,1.0,0.7792878332859843,0.7792878332859843,0.75,0.01576991059157959
bank_marketing,seed_0,probe_depth_2,2,1.5,1.1689317499289764,0.7792878332859843,0.5625,0.027597343535264284
bank_marketing,seed_0,probe_depth_2,2,2.0,1.5585756665719686,0.7792878332859843,0.484375,0.03365082006240962
bank_marketing,seed_0,probe_depth_2,2,0.0,0.0,1.5497718897343375,1.0,0.0
bank_marketing,seed_0,probe_depth_2,2,0.25,0.3874429724335844,1.5497718897343375,1.0,0.0
bank_marketing,seed_0,probe_depth_2,2,0.49,0.7593882259698254,1.5497718897343375,1.0,0.0
bank_marketing,seed_0,probe_depth_2,2,0.5,0.7748859448671688,1.5497718897343375,1.0,0.0
bank_marketing,seed_0,probe_depth_2,2,0.75,1.1623289173007532,1.5497718897343375,0.921875,0.009307552382181256
bank_marketing,seed_0,probe_depth_2,2,1.0,1.5497718897343375,1.5497718897343375,0.84375,0.019694310076568456
bank_marketing,seed_0,probe_depth_2,2,1.5,2.3246578346015063,1.5497718897343375,0.796875,0.03127069626867941
bank_marketing,seed_0,probe_depth_2,2,2.0,3.099543779468675,1.5497718897343375,0.5,0.08856662634063756
bank_marketing,seed_0,probe_depth_0,0,0.0,0.0,0.3130501583158889,1.0,0.0
bank_marketing,seed_0,probe_depth_0,0,0.25,0.07826253957897222,0.3130501583158889,1.0,0.0
bank_marketing,seed_0,probe_depth_0,0,0.49,0.15339457757478556,0.3130501583158889,1.0,0.0
bank_marketing,seed_0,probe_depth_0,0,0.5,0.15652507915794445,0.3130501583158889,1.0,0.0
bank_marketing,seed_0,probe_depth_0,0,0.75,0.23478761873691667,0.3130501583158889,0.9609375,4.122241747126107e-05
bank_marketing,seed_0,probe_depth_0,0,1.0,0.3130501583158889,0.3130501583158889,0.8203125,0.00018962312036780094
bank_marketing,seed_0,probe_depth_0,0,1.5,0.46957523747383334,0.3130501583158889,0.8203125,0.00018962312036780094
bank_marketing,seed_0,probe_depth_0,0,2.0,0.6261003166317778,0.3130501583158889,0.6796875,0.0004276806015528524
bank_marketing,seed_0,probe_depth_1,1,0.0,0.0,9.714343307423604,1.0,0.0
bank_marketing,seed_0,probe_depth_1,1,0.25,2.428585826855901,9.714343307423604,1.0,0.0
bank_marketing,seed_0,probe_depth_1,1,0.49,4.760028220637566,9.714343307423604,1.0,0.0
bank_marketing,seed_0,probe_depth_1,1,0.5,4.857171653711802,9.714343307423604,1.0,0.0
bank_marketing,seed_0,probe_depth_1,1,0.75,7.285757480567703,9.714343307423604,0.84375,0.03489947835787888
bank_marketing,seed_0,probe_depth_1,1,1.0,9.714343307423604,9.714343307423604,0.6796875,0.0761427691995255
bank_marketing,seed_0,probe_depth_1,1,1.5,14.571514961135406,9.714343307423604,0.5546875,0.1141019447988394
bank_marketing,seed_0,probe_depth_1,1,2.0,19.42868661484721,9.714343307423604,0.3671875,0.16969754990873745
bank_marketing,seed_0,probe_depth_2,2,0.0,0.0,0.849668375030177,1.0,0.0
bank_marketing,seed_0,probe_depth_2,2,0.25,0.21241709375754425,0.849668375030177,1.0,0.0
bank_marketing,seed_0,probe_depth_2,2,0.49,0.41633750376478673,0.849668375030177,1.0,0.0
bank_marketing,seed_0,probe_depth_2,2,0.5,0.4248341875150885,0.849668375030177,1.0,0.0
bank_marketing,seed_0,probe_depth_2,2,0.75,0.6372512812726328,0.849668375030177,0.9140625,0.002366366283381262
bank_marketing,seed_0,probe_depth_2,2,1.0,0.849668375030177,0.849668375030177,0.8984375,0.0027966146985414914
bank_marketing,seed_0,probe_depth_2,2,1.5,1.2745025625452655,0.849668375030177,0.703125,0.008174719888044359
bank_marketing,seed_0,probe_depth_2,2,2.0,1.699336750060354,0.849668375030177,0.6953125,0.008389844095624474
bank_marketing,seed_0,probe_depth_2,2,0.0,0.0,0.5405375722434691,1.0,0.0
bank_marketing,seed_0,probe_depth_2,2,0.25,0.13513439306086727,0.5405375722434691,1.0,0.0
bank_marketing,seed_0,probe_depth_2,2,0.49,0.26486341039929984,0.5405375722434691,1.0,0.0
bank_marketing,seed_0,probe_depth_2,2,0.5,0.27026878612173455,0.5405375722434691,1.0,0.0
bank_marketing,seed_0,probe_depth_2,2,0.75,0.4054031791826018,0.5405375722434691,0.9375,0.002519726721074488
bank_marketing,seed_0,probe_depth_2,2,1.0,0.5405375722434691,0.5405375722434691,0.890625,0.0044095217618803535
bank_marketing,seed_0,probe_depth_2,2,1.5,0.8108063583652036,0.5405375722434691,0.7734375,0.009134009363895017
bank_marketing,seed_0,probe_depth_2,2,2.0,1.0810751444869382,0.5405375722434691,0.703125,0.01362138537480549
bank_marketing,seed_0,probe_depth_1,1,0.0,0.0,2.7052385595426642,1.0,0.0
bank_marketing,seed_0,probe_depth_1,1,0.25,0.6763096398856661,2.7052385595426642,1.0,0.0
bank_marketing,seed_0,probe_depth_1,1,0.49,1.3255668941759053,2.7052385595426642,1.0,0.0
bank_marketing,seed_0,probe_depth_1,1,0.5,1.3526192797713321,2.7052385595426642,1.0,0.0
bank_marketing,seed_0,probe_depth_1,1,0.75,2.028928919656998,2.7052385595426642,0.953125,0.0020554925002865747
bank_marketing,seed_0,probe_depth_1,1,1.0,2.7052385595426642,2.7052385595426642,0.890625,0.004796149167335341
bank_marketing,seed_0,probe_depth_1,1,1.5,4.057857839313996,2.7052385595426642,0.640625,0.01769861871311222
bank_marketing,seed_0,probe_depth_1,1,2.0,5.4104771190853285,2.7052385595426642,0.625,0.020050301977496715
bank_marketing,seed_0,probe_depth_2,2,0.0,0.0,2.7052385595426642,1.0,0.0
bank_marketing,seed_0,probe_depth_2,2,0.25,0.6763096398856661,2.7052385595426642,1.0,0.0
bank_marketing,seed_0,probe_depth_2,2,0.49,1.3255668941759053,2.7052385595426642,1.0,0.0
bank_marketing,seed_0,probe_depth_2,2,0.5,1.3526192797713321,2.7052385595426642,1.0,0.0
bank_marketing,seed_0,probe_depth_2,2,0.75,2.028928919656998,2.7052385595426642,0.921875,0.0034258208338109578
bank_marketing,seed_0,probe_depth_2,2,1.0,2.7052385595426642,2.7052385595426642,0.8046875,0.008564552084527395
bank_marketing,seed_0,probe_depth_2,2,1.5,4.057857839313996,2.7052385595426642,0.6796875,0.015500747576811288
bank_marketing,seed_0,probe_depth_2,2,2.0,5.4104771190853285,2.7052385595426642,0.5625,0.024932337556775534
bank_marketing,seed_0,probe_depth_0,0,0.0,0.0,1.3740242744098055,1.0,0.0
bank_marketing,seed_0,probe_depth_0,0,0.25,0.34350606860245136,1.3740242744098055,1.0,0.0
bank_marketing,seed_0,probe_depth_0,0,0.49,0.6732718944608047,1.3740242744098055,1.0,0.0
bank_marketing,seed_0,probe_depth_0,0,0.5,0.6870121372049027,1.3740242744098055,1.0,0.0
bank_marketing,seed_0,probe_depth_0,0,0.75,1.030518205807354,1.3740242744098055,0.96875,0.00025243432386096756
bank_marketing,seed_0,probe_depth_0,0,1.0,1.3740242744098055,1.3740242744098055,0.859375,0.0011359544573743539
bank_marketing,seed_0,probe_depth_0,0,1.5,2.061036411614708,1.3740242744098055,0.8359375,0.0013252802002700797
bank_marketing,seed_0,probe_depth_0,0,2.0,2.748048548819611,1.3740242744098055,0.7265625,0.002208800333783466
bank_marketing,seed_0,probe_depth_1,1,0.0,0.0,3.829485422173235,1.0,0.0
bank_marketing,seed_0,probe_depth_1,1,0.25,0.9573713555433088,3.829485422173235,1.0,0.0
bank_marketing,seed_0,probe_depth_1,1,0.49,1.8764478568648852,3.829485422173235,1.0,0.0
bank_marketing,seed_0,probe_depth_1,1,0.5,1.9147427110866175,3.829485422173235,1.0,0.0
bank_marketing,seed_0,probe_depth_1,1,0.75,2.8721140666299263,3.829485422173235,0.9375,0.012430891549613032
bank_marketing,seed_0,probe_depth_1,1,1.0,3.829485422173235,3.829485422173235,0.6953125,0.06419150905453042
bank_marketing,seed_0,probe_depth_1,1,1.5,5.744228133259853,3.829485422173235,0.578125,0.1012200790397102
bank_marketing,seed_0,probe_depth_1,1,2.0,7.65897084434647,3.829485422173235,0.40625,0.1409651568195835
bank_marketing,seed_0,probe_depth_2,2,0.0,0.0,2.8603680595116714,1.0,0.0
bank_marketing,seed_0,probe_depth_2,2,0.25,0.7150920148779178,2.8603680595116714,1.0,0.0
bank_marketing,seed_0,probe_depth_2,2,0.49,1.401580349160719,2.8603680595116714,1.0,0.0
bank_marketing,seed_0,probe_depth_2,2,0.5,1.4301840297558357,2.8603680595116714,1.0,0.0
bank_marketing,seed_0,probe_depth_2,2,0.75,2.1452760446337535,2.8603680595116714,0.9296875,0.011740465341449314
bank_marketing,seed_0,probe_depth_2,2,1.0,2.8603680595116714,2.8603680595116714,0.78125,0.03910752346036355
bank_marketing,seed_0,probe_depth_2,2,1.5,4.290552089267507,2.8603680595116714,0.6953125,0.06557477023130297
bank_marketing,seed_0,probe_depth_2,2,2.0,5.720736119023343,2.8603680595116714,0.4921875,0.10757556486507211
bank_marketing,seed_1,root,0,0.0,0.0,14.812141201714098,1.0,0.0
bank_marketing,seed_1,root,0,0.25,3.7030353004285246,14.812141201714098,1.0,0.0
bank_marketing,seed_1,root,0,0.49,7.257949188839908,14.812141201714098,1.0,0.0
bank_marketing,seed_1,root,0,0.5,7.406070600857049,14.812141201714098,1.0,0.0
bank_marketing,seed_1,root,0,0.75,11.109105901285574,14.812141201714098,0.90625,0.0020233607217840185
bank_marketing,seed_1,root,0,1.0,14.812141201714098,14.812141201714098,0.8515625,0.0032534716912773747
bank_marketing,seed_1,root,0,1.5,22.218211802571147,14.812141201714098,0.5859375,0.01031495064597867
bank_marketing,seed_1,root,0,2.0,29.624282403428197,14.812141201714098,0.6328125,0.008588726569162392
bank_marketing,seed_1,probe_depth_0,0,0.0,0.0,14.812141201714098,1.0,0.0
bank_marketing,seed_1,probe_depth_0,0,0.25,3.7030353004285246,14.812141201714098,1.0,0.0
bank_marketing,seed_1,probe_depth_0,0,0.49,7.257949188839908,14.812141201714098,1.0,0.0
bank_marketing,seed_1,probe_depth_0,0,0.5,7.406070600857049,14.812141201714098,1.0,0.0
bank_marketing,seed_1,probe_depth_0,0,0.75,11.109105901285574,14.812141201714098,0.9296875,0.0015075570983141449
bank_marketing,seed_1,probe_depth_0,0,1.0,14.812141201714098,14.812141201714098,0.828125,0.0038091290868427236
bank_marketing,seed_1,probe_depth_0,0,1.5,22.218211802571147,14.812141201714098,0.6796875,0.0077092271964227365
bank_marketing,seed_1,probe_depth_0,0,2.0,29.624282403428197,14.812141201714098,0.515625,0.012580558839403462
bank_marketing,seed_1,probe_depth_2,2,0.0,0.0,5.780874132636399,1.0,0.0
bank_marketing,seed_1,probe_depth_2,2,0.25,1.4452185331590996,5.780874132636399,1.0,0.0
bank_marketing,seed_1,probe_depth_2,2,0.49,2.8326283249918354,5.780874132636399,1.0,0.0
bank_marketing,seed_1,probe_depth_2,2,0.5,2.8904370663181993,5.780874132636399,1.0,0.0
bank_marketing,seed_1,probe_depth_2,2,0.75,4.335655599477299,5.780874132636399,0.9296875,0.006124513634655099
bank_marketing,seed_1,probe_depth_2,2,1.0,5.780874132636399,5.780874132636399,0.8203125,0.01759241191605166
bank_marketing,seed_1,probe_depth_2,2,1.5,8.671311198954598,5.780874132636399,0.6171875,0.045852141654798784
bank_marketing,seed_1,probe_depth_2,2,2.0,11.561748265272797,5.780874132636399,0.5,0.06287969169247376
bank_marketing,seed_1,probe_depth_2,2,0.0,0.0,161.07884500510895,1.0,0.0
bank_marketing,seed_1,probe_depth_2,2,0.25,40.269711251277236,161.07884500510895,1.0,0.0
bank_marketing,seed_1,probe_depth_2,2,0.49,78.92863405250338,161.07884500510895,1.0,0.0
bank_marketing,seed_1,probe_depth_2,2,0.5,80.53942250255447,161.07884500510895,1.0,0.0
bank_marketing,seed_1,probe_depth_2,2,0.75,120.8091337538317,161.07884500510895,0.828125,0.09607996530511806
bank_marketing,seed_1,probe_depth_2,2,1.0,161.07884500510895,161.07884500510895,0.640625,0.20526728319948206
bank_marketing,seed_1,probe_depth_2,2,1.5,241.6182675076634,161.07884500510895,0.4921875,0.3021812157419742
bank_marketing,seed_1,probe_depth_2,2,2.0,322.1576900102179,161.07884500510895,0.40625,0.3629146933346168
bank_marketing,seed_1,probe_depth_1,1,0.0,0.0,0.30097614341502776,1.0,0.0
bank_marketing,seed_1,probe_depth_1,1,0.25,0.07524403585375694,0.30097614341502776,1.0,0.0
bank_marketing,seed_1,probe_depth_1,1,0.49,0.1474783102733636,0.30097614341502776,1.0,0.0
bank_marketing,seed_1,probe_depth_1,1,0.5,0.15048807170751388,0.30097614341502776,1.0,0.0
bank_marketing,seed_1,probe_depth_1,1,0.75,0.22573210756127082,0.30097614341502776,0.953125,0.0004083461251570228
bank_marketing,seed_1,probe_depth_1,1,1.0,0.30097614341502776,0.30097614341502776,0.875,0.0010889230004187274
bank_marketing,seed_1,probe_depth_1,1,1.5,0.45146421512254165,0.30097614341502776,0.765625,0.002041730625785114
bank_marketing,seed_1,probe_depth_1,1,2.0,0.6019522868300555,0.30097614341502776,0.734375,0.0023139613758897956
bank_marketing,seed_1,probe_depth_2,2,0.0,0.0,2.6372765631686264,1.0,0.0
bank_marketing,seed_1,probe_depth_2,2,0.25,0.6593191407921566,2.6372765631686264,1.0,0.0
bank_marketing,seed_1,probe_depth_2,2,0.49,1.2922655159526268,2.6372765631686264,1.0,0.0
bank_marketing,seed_1,probe_depth_2,2,0.5,1.3186382815843132,2.6372765631686264,1.0,0.0
bank_marketing,seed_1,probe_depth_2,2,0.75,1.9779574223764698,2.6372765631686264,0.953125,0.005622945273673067
bank_marketing,seed_1,probe_depth_2,2,1.0,2.6372765631686264,2.6372765631686264,0.8515625,0.017805993366631374
bank_marketing,seed_1,probe_depth_2,2,1.5,3.9559148447529395,2.6372765631686264,0.8203125,0.02155462354908009
bank_marketing,seed_1,probe_depth_2,2,2.0,5.274553126337253,2.6372765631686264,0.671875,0.039360616915711466
bank_marketing,seed_1,probe_depth_2,2,0.0,0.0,1.436008456525542,1.0,0.0
bank_marketing,seed_1,probe_depth_2,2,0.25,0.3590021141313855,1.436008456525542,1.0,0.0
bank_marketing,seed_1,probe_depth_2,2,0.49,0.7036441436975156,1.436008456525542,1.0,0.0
bank_marketing,seed_1,probe_depth_2,2,0.5,0.718004228262771,1.436008456525542,1.0,0.0
bank_marketing,seed_1,probe_depth_2,2,0.75,1.0770063423941565,1.436008456525542,0.9296875,0.009159750336887432
bank_marketing,seed_1,probe_depth_2,2,1.0,1.436008456525542,1.436008456525542,0.90625,0.012213000449183244
bank_marketing,seed_1,probe_depth_2,2,1.5,2.154012684788313,1.436008456525542,0.75,0.03256800119782199
bank_marketing,seed_1,probe_depth_2,2,2.0,2.872016913051084,1.436008456525542,0.7109375,0.042825095771006766
bank_marketing,seed_1,probe_depth_0,0,0.0,0.0,11.58997331620344,1.0,0.0
bank_marketing,seed_1,probe_depth_0,0,0.25,2.89749332905086,11.58997331620344,1.0,0.0
bank_marketing,seed_1,probe_depth_0,0,0.49,5.679086924939686,11.58997331620344,1.0,0.0
bank_marketing,seed_1,probe_depth_0,0,0.5,5.79498665810172,11.58997331620344,1.0,0.0
bank_marketing,seed_1,probe_depth_0,0,0.75,8.69247998715258,11.58997331620344,0.921875,0.0016047274616748566
bank_marketing,seed_1,probe_depth_0,0,1.0,11.58997331620344,11.58997331620344,0.8671875,0.0027280366848472563
bank_marketing,seed_1,probe_depth_0,0,1.5,17.38495997430516,11.58997331620344,0.71875,0.005777018862029484
bank_marketing,seed_1,probe_depth_0,0,2.0,23.17994663240688,11.58997331620344,0.703125,0.008421857784682366
bank_marketing,seed_1,probe_depth_1,1,0.0,0.0,10.994448871793026,1.0,0.0
bank_marketing,seed_1,probe_depth_1,1,0.25,2.7486122179482564,10.994448871793026,1.0,0.0
bank_marketing,seed_1,probe_depth_1,1,0.49,5.387279947178582,10.994448871793026,1.0,0.0
bank_marketing,seed_1,probe_depth_1,1,0.5,5.497224435896513,10.994448871793026,1.0,0.0
bank_marketing,seed_1,probe_depth_1,1,0.75,8.24583665384477,10.994448871793026,0.84375,0.013487726139139861
bank_marketing,seed_1,probe_depth_1,1,1.0,10.994448871793026,10.994448871793026,0.75,0.021680563534185737
bank_marketing,seed_1,probe_depth_1,1,1.5,16.49167330768954,10.994448871793026,0.578125,0.03632500900674583
bank_marketing,seed_1,probe_depth_1,1,2.0,21.98889774358605,10.994448871793026,0.515625,0.042037404882347966
bank_marketing,seed_1,probe_depth_2,2,0.0,0.0,0.6578369287714239,1.0,0.0
bank_marketing,seed_1,probe_depth_2,2,0.25,0.16445923219285596,0.6578369287714239,1.0,0.0
bank_marketing,seed_1,probe_depth_2,2,0.49,0.32234009509799766,0.6578369287714239,1.0,0.0
bank_marketing,seed_1,probe_depth_2,2,0.5,0.32891846438571193,0.6578369287714239,1.0,0.0
bank_marketing,seed_1,probe_depth_2,2,0.75,0.4933776965785679,0.6578369287714239,0.9296875,0.001722905583582868
bank_marketing,seed_1,probe_depth_2,2,1.0,0.6578369287714239,0.6578369287714239,0.8359375,0.004020113028360025
bank_marketing,seed_1,probe_depth_2,2,1.5,0.9867553931571358,0.6578369287714239,0.75,0.006125886519405753
bank_marketing,seed_1,probe_depth_2,2,2.0,1.3156738575428477,0.6578369287714239,0.6953125,0.007465924195525761
bank_marketing,seed_1,probe_depth_1,1,0.0,0.0,1.2772759521914168,1.0,0.0
bank_marketing,seed_1,probe_depth_1,1,0.25,0.3193189880478542,1.2772759521914168,1.0,0.0
bank_marketing,seed_1,probe_depth_1,1,0.49,0.6258652165737942,1.2772759521914168,1.0,0.0
bank_marketing,seed_1,probe_depth_1,1,0.5,0.6386379760957084,1.2772759521914168,1.0,0.0
bank_marketing,seed_1,probe_depth_1,1,0.75,0.9579569641435626,1.2772759521914168,0.9609375,0.0008660630705884413
bank_marketing,seed_1,probe_depth_1,1,1.0,1.2772759521914168,1.2772759521914168,0.890625,0.0024249765976476355
bank_marketing,seed_1,probe_depth_1,1,1.5,1.9159139282871251,1.2772759521914168,0.7265625,0.006062441494119088
bank_marketing,seed_1,probe_depth_1,1,2.0,2.5545519043828335,1.2772759521914168,0.7109375,0.0064088667223544645
bank_marketing,seed_1,probe_depth_2,2,0.0,0.0,14.803475988137194,1.0,0.0
bank_marketing,seed_1,probe_depth_2,2,0.25,3.7008689970342985,14.803475988137194,1.0,0.0
bank_marketing,seed_1,probe_depth_2,2,0.49,7.253703234187225,14.803475988137194,1.0,0.0
bank_marketing,seed_1,probe_depth_2,2,0.5,7.401737994068597,14.803475988137194,1.0,0.0
bank_marketing,seed_1,probe_depth_2,2,0.75,11.102606991102896,14.803475988137194,0.921875,0.022806954233407263
bank_marketing,seed_1,probe_depth_2,2,1.0,14.803475988137194,14.803475988137194,0.84375,0.0514427612657717
bank_marketing,seed_1,probe_depth_2,2,1.5,22.20521398220579,14.803475988137194,0.6875,0.11700412081685374
bank_marketing,seed_1,probe_depth_2,2,2.0,29.606951976274388,14.803475988137194,0.484375,0.22865939509033062
bank_marketing,seed_1,probe_depth_2,2,0.0,0.0,0.7656173476509025,1.0,0.0
bank_marketing,seed_1,probe_depth_2,2,0.25,0.19140433691272563,0.7656173476509025,1.0,0.0
bank_marketing,seed_1,probe_depth_2,2,0.49,0.3751525003489422,0.7656173476509025,1.0,0.0
bank_marketing,seed_1,probe_depth_2,2,0.5,0.38280867382545125,0.7656173476509025,1.0,0.0
bank_marketing,seed_1,probe_depth_2,2,0.75,0.5742130107381769,0.7656173476509025,0.9296875,0.005262724274161657
bank_marketing,seed_1,probe_depth_2,2,1.0,0.7656173476509025,0.7656173476509025,0.8203125,0.0134491842561909
bank_marketing,seed_1,probe_depth_2,2,1.5,1.1484260214763538,0.7656173476509025,0.7734375,0.016957667105632002
bank_marketing,seed_1,probe_depth_2,2,2.0,1.531234695301805,0.7656173476509025,0.703125,0.02222039137979366
bank_marketing,seed_1,probe_depth_0,0,0.0,0.0,1.2038302703650743,1.0,0.0
bank_marketing,seed_1,probe_depth_0,0,0.25,0.30095756759126857,1.2038302703650743,1.0,0.0
bank_marketing,seed_1,probe_depth_0,0,0.49,0.5898768324788863,1.2038302703650743,1.0,0.0
bank_marketing,seed_1,probe_depth_0,0,0.5,0.6019151351825371,1.2038302703650743,1.0,0.0
bank_marketing,seed_1,probe_depth_0,0,0.75,0.9028727027738057,1.2038302703650743,0.9375,0.00025515393053876024
bank_marketing,seed_1,probe_depth_0,0,1.0,1.2038302703650743,1.2038302703650743,0.8046875,0.0007973560329336258
bank_marketing,seed_1,probe_depth_0,0,1.5,1.8057454055476114,1.2038302703650743,0.71875,0.001301630181647878
bank_marketing,seed_1,probe_depth_0,0,2.0,2.4076605407301486,1.2038302703650743,0.671875,0.001646433123775405
bank_marketing,seed_1,probe_depth_1,1,0.0,0.0,12.044659259518909,1.0,0.0
bank_marketing,seed_1,probe_depth_1,1,0.25,3.011164814879727,12.044659259518909,1.0,0.0
bank_marketing,seed_1,probe_depth_1,1,0.49,5.901883037164265,12.044659259518909,1.0,0.0
bank_marketing,seed_1,probe_depth_1,1,0.5,6.022329629759454,12.044659259518909,1.0,0.0
bank_marketing,seed_1,probe_depth_1,1,0.75,9.033494444639182,12.044659259518909,0.765625,0.09841136311708637
bank_marketing,seed_1,probe_depth_1,1,1.0,12.044659259518909,12.044659259518909,0.6328125,0.1545961382143236
bank_marketing,seed_1,probe_depth_1,1,1.5,18.066988889278363,12.044659259518909,0.4375,0.2590860997539403
bank_marketing,seed_1,probe_depth_1,1,2.0,24.089318519037818,12.044659259518909,0.3515625,0.29535511272394793
bank_marketing,seed_1,probe_depth_2,2,0.0,0.0,10.920376859499811,1.0,0.0
bank_marketing,seed_1,probe_depth_2,2,0.25,2.7300942148749527,10.920376859499811,1.0,0.0
bank_marketing,seed_1,probe_depth_2,2,0.49,5.350984661154907,10.920376859499811,1.0,0.0
bank_marketing,seed_1,probe_depth_2,2,0.5,5.4601884297499055,10.920376859499811,1.0,0.0
bank_marketing,seed_1,probe_depth_2,2,0.75,8.190282644624858,10.920376859499811,0.84375,0.0683111430473402
bank_marketing,seed_1,probe_depth_2,2,1.0,10.920376859499811,10.920376859499811,0.59375,0.1857114248503858
bank_marketing,seed_1,probe_depth_2,2,1.5,16.380565289249716,10.920376859499811,0.46875,0.24682622709263327
bank_marketing,seed_1,probe_depth_2,2,2.0,21.840753718999622,10.920376859499811,0.3671875,0.3027549194748661
bank_marketing,seed_1,probe_depth_2,2,0.0,0.0,0.5809219953184037,1.0,0.0
bank_marketing,seed_1,probe_depth_2,2,0.25,0.14523049882960093,0.5809219953184037,1.0,0.0
bank_marketing,seed_1,probe_depth_2,2,0.49,0.2846517777060178,0.5809219953184037,1.0,0.0
bank_marketing,seed_1,probe_depth_2,2,0.5,0.29046099765920186,0.5809219953184037,1.0,0.0
bank_marketing,seed_1,probe_depth_2,2,0.75,0.4356914964888028,0.5809219953184037,0.9609375,0.003060029136174848
bank_marketing,seed_1,probe_depth_2,2,1.0,0.5809219953184037,0.5809219953184037,0.9140625,0.0067320640995846654
bank_marketing,seed_1,probe_depth_2,2,1.5,0.8713829929776056,0.5809219953184037,0.6484375,0.030592667947597255
bank_marketing,seed_1,probe_depth_2,2,2.0,1.1618439906368074,0.5809219953184037,0.6875,0.03058504453344603
bank_marketing,seed_1,probe_depth_1,1,0.0,0.0,0.42966063881868877,1.0,0.0
bank_marketing,seed_1,probe_depth_1,1,0.25,0.10741515970467219,0.42966063881868877,1.0,0.0
bank_marketing,seed_1,probe_depth_1,1,0.49,0.2105337130211575,0.42966063881868877,1.0,0.0
bank_marketing,seed_1,probe_depth_1,1,0.5,0.21483031940934438,0.42966063881868877,1.0,0.0
bank_marketing,seed_1,probe_depth_1,1,0.75,0.3222454791140166,0.42966063881868877,0.953125,0.000248493843585745
bank_marketing,seed_1,probe_depth_1,1,1.0,0.42966063881868877,0.42966063881868877,0.8828125,0.0006212346089643625
bank_marketing,seed_1,probe_depth_1,1,1.5,0.6444909582280332,0.42966063881868877,0.7578125,0.0012838848585263493
bank_marketing,seed_1,probe_depth_1,1,2.0,0.8593212776373775,0.42966063881868877,0.6796875,0.001698041264502591
bank_marketing,seed_1,probe_depth_2,2,0.0,0.0,4.119325276715571,1.0,0.0
bank_marketing,seed_1,probe_depth_2,2,0.25,1.0298313191788928,4.119325276715571,1.0,0.0
bank_marketing,seed_1,probe_depth_2,2,0.49,2.0184693855906297,4.119325276715571,1.0,0.0
bank_marketing,seed_1,probe_depth_2,2,0.5,2.0596626383577856,4.119325276715571,1.0,0.0
bank_marketing,seed_1,probe_depth_2,2,0.75,3.0894939575366784,4.119325276715571,0.859375,0.006830644485987249
bank_marketing,seed_1,probe_depth_2,2,1.0,4.119325276715571,4.119325276715571,0.7109375,0.014040769221195994
bank_marketing,seed_1,probe_depth_2,2,1.5,6.178987915073357,4.119325276715571,0.5859375,0.020468610354263127
bank_marketing,seed_1,probe_depth_2,2,2.0,8.238650553431142,4.119325276715571,0.546875,0.023078325891416514
bank_marketing,seed_1,probe_depth_2,2,0.0,0.0,0.45396018443767616,1.0,0.0
bank_marketing,seed_1,probe_depth_2,2,0.25,0.11349004610941904,0.45396018443767616,1.0,0.0
bank_marketing,seed_1,probe_depth_2,2,0.49,0.2224404903744613,0.45396018443767616,1.0,0.0
bank_marketing,seed_1,probe_depth_2,2,0.5,0.22698009221883808,0.45396018443767616,1.0,0.0
bank_marketing,seed_1,probe_depth_2,2,0.75,0.3404701383282571,0.45396018443767616,0.9609375,0.0017428279226590227
bank_marketing,seed_1,probe_depth_2,2,1.0,0.45396018443767616,0.45396018443767616,0.9140625,0.00383422142984985
bank_marketing,seed_1,probe_depth_2,2,1.5,0.6809402766565142,0.45396018443767616,0.75,0.011154098705017745
bank_marketing,seed_1,probe_depth_2,2,2.0,0.9079203688753523,0.45396018443767616,0.6953125,0.013594057796740375
bank_marketing,seed_1,probe_depth_0,0,0.0,0.0,1.2107523508500435,1.0,0.0
bank_marketing,seed_1,probe_depth_0,0,0.25,0.3026880877125109,1.2107523508500435,1.0,0.0
bank_marketing,seed_1,probe_depth_0,0,0.49,0.5932686519165213,1.2107523508500435,1.0,0.0
bank_marketing,seed_1,probe_depth_0,0,0.5,0.6053761754250218,1.2107523508500435,1.0,0.0
bank_marketing,seed_1,probe_depth_0,0,0.75,0.9080642631375326,1.2107523508500435,0.984375,0.0001175578840321267
bank_marketing,seed_1,probe_depth_0,0,1.0,1.2107523508500435,1.2107523508500435,0.921875,0.0005877894201606335
bank_marketing,seed_1,probe_depth_0,0,1.5,1.8161285262750653,1.2107523508500435,0.796875,0.0015282524924176471
bank_marketing,seed_1,probe_depth_0,0,2.0,2.421504701700087,1.2107523508500435,0.7265625,0.002057262970562217
bank_marketing,seed_1,probe_depth_1,1,0.0,0.0,2.8841154879779083,1.0,0.0
bank_marketing,seed_1,probe_depth_1,1,0.25,0.7210288719944771,2.8841154879779083,1.0,0.0
bank_marketing,seed_1,probe_depth_1,1,0.49,1.413216589109175,2.8841154879779083,1.0,0.0
bank_marketing,seed_1,probe_depth_1,1,0.5,1.4420577439889541,2.8841154879779083,1.0,0.0
bank_marketing,seed_1,probe_depth_1,1,0.75,2.163086615983431,2.8841154879779083,0.890625,0.01712252248894247
bank_marketing,seed_1,probe_depth_1,1,1.0,2.8841154879779083,2.8841154879779083,0.625,0.05790692745386844
bank_marketing,seed_1,probe_depth_1,1,1.5,4.326173231966862,2.8841154879779083,0.515625,0.08021820463366125
bank_marketing,seed_1,probe_depth_1,1,2.0,5.768230975955817,2.8841154879779083,0.421875,0.09661610271895381
bank_marketing,seed_1,probe_depth_2,2,0.0,0.0,1.985251757559709,1.0,0.0
bank_marketing,seed_1,probe_depth_2,2,0.25,0.49631293938992727,1.985251757559709,1.0,0.0
bank_marketing,seed_1,probe_depth_2,2,0.49,0.9727733612042574,1.985251757559709,1.0,0.0
bank_marketing,seed_1,probe_depth_2,2,0.5,0.9926258787798545,1.985251757559709,1.0,0.0
bank_marketing,seed_1,probe_depth_2,2,0.75,1.4889388181697818,1.985251757559709,0.921875,0.009700097080715148
bank_marketing,seed_1,probe_depth_2,2,1.0,1.985251757559709,1.985251757559709,0.8359375,0.02134735372528594
bank_marketing,seed_1,probe_depth_2,2,1.5,2.9778776363395636,1.985251757559709,0.5234375,0.07139416541089572
bank_marketing,seed_1,probe_depth_2,2,2.0,3.970503515119418,1.985251757559709,0.515625,0.07519423274715194
bank_marketing,seed_2,root,0,0.0,0.0,14.812141201714098,1.0,0.0
bank_marketing,seed_2,root,0,0.25,3.7030353004285246,14.812141201714098,1.0,0.0
bank_marketing,seed_2,root,0,0.49,7.257949188839908,14.812141201714098,1.0,0.0
bank_marketing,seed_2,root,0,0.5,7.406070600857049,14.812141201714098,1.0,0.0
bank_marketing,seed_2,root,0,0.75,11.109105901285574,14.812141201714098,0.9296875,0.0014677033262186692
bank_marketing,seed_2,root,0,1.0,14.812141201714098,14.812141201714098,0.8359375,0.003658615775863009
bank_marketing,seed_2,root,0,1.5,22.218211802571147,14.812141201714098,0.6484375,0.008279563307724542
bank_marketing,seed_2,root,0,2.0,29.624282403428197,14.812141201714098,0.53125,0.01124981193184686
bank_marketing,seed_2,probe_depth_0,0,0.0,0.0,14.812141201714098,1.0,0.0
bank_marketing,seed_2,probe_depth_0,0,0.25,3.7030353004285246,14.812141201714098,1.0,0.0
bank_marketing,seed_2,probe_depth_0,0,0.49,7.257949188839908,14.812141201714098,1.0,0.0
bank_marketing,seed_2,probe_depth_0,0,0.5,7.406070600857049,14.812141201714098,1.0,0.0
bank_marketing,seed_2,probe_depth_0,0,0.75,11.109105901285574,14.812141201714098,0.9296875,0.0014278495541231932
bank_marketing,seed_2,probe_depth_0,0,1.0,14.812141201714098,14.812141201714098,0.8203125,0.003888071493109905
bank_marketing,seed_2,probe_depth_0,0,1.5,22.218211802571147,14.812141201714098,0.6796875,0.007621383012753369
bank_marketing,seed_2,probe_depth_0,0,2.0,29.624282403428197,14.812141201714098,0.484375,0.012201711634595656
bank_marketing,seed_2,probe_depth_2,2,0.0,0.0,10.046127176239565,1.0,0.0
bank_marketing,seed_2,probe_depth_2,2,0.25,2.5115317940598914,10.046127176239565,1.0,0.0
bank_marketing,seed_2,probe_depth_2,2,0.49,4.922602316357387,10.046127176239565,1.0,0.0
bank_marketing,seed_2,probe_depth_2,2,0.5,5.023063588119783,10.046127176239565,1.0,0.0
bank_marketing,seed_2,probe_depth_2,2,0.75,7.534595382179674,10.046127176239565,0.90625,0.014575368532099904
bank_marketing,seed_2,probe_depth_2,2,1.0,10.046127176239565,10.046127176239565,0.8046875,0.03452893552169402
bank_marketing,seed_2,probe_depth_2,2,1.5,15.069190764359348,10.046127176239565,0.6015625,0.07726693909773652
bank_marketing,seed_2,probe_depth_2,2,2.0,20.09225435247913,10.046127176239565,0.5390625,0.09467221090313696
bank_marketing,seed_2,probe_depth_2,2,0.0,0.0,153.30382811518217,1.0,0.0
bank_marketing,seed_2,probe_depth_2,2,0.25,38.32595702879554,153.30382811518217,1.0,0.0
bank_marketing,seed_2,probe_depth_2,2,0.49,75.11887577643927,153.30382811518217,1.0,0.0
bank_marketing,seed_2,probe_depth_2,2,0.5,76.65191405759109,153.30382811518217,1.0,0.0
bank_marketing,seed_2,probe_depth_2,2,0.75,114.97787108638663,153.30382811518217,0.828125,0.09432088082663997
bank_marketing,seed_2,probe_depth_2,2,1.0,153.30382811518217,153.30382811518217,0.71875,0.1590126250778508
bank_marketing,seed_2,probe_depth_2,2,1.5,229.95574217277326,153.30382811518217,0.546875,0.26694384893364625
bank_marketing,seed_2,probe_depth_2,2,2.0,306.60765623036434,153.30382811518217,0.390625,0.37631730859914236
bank_marketing,seed_2,probe_depth_1,1,0.0,0.0,2.55565781158964,1.0,0.0
bank_marketing,seed_2,probe_depth_1,1,0.25,0.63891445289741,2.55565781158964,1.0,0.0
bank_marketing,seed_2,probe_depth_1,1,0.49,1.2522723276789236,2.55565781158964,1.0,0.0
bank_marketing,seed_2,probe_depth_1,1,0.5,1.27782890579482,2.55565781158964,1.0,0.0
bank_marketing,seed_2,probe_depth_1,1,0.75,1.91674335869223,2.55565781158964,0.9453125,0.0034308927910320403
bank_marketing,seed_2,probe_depth_1,1,1.0,2.55565781158964,2.55565781158964,0.921875,0.0049012754157600575
bank_marketing,seed_2,probe_depth_1,1,1.5,3.83348671738446,2.55565781158964,0.734375,0.016664336413584196
bank_marketing,seed_2,probe_depth_1,1,2.0,5.11131562317928,2.55565781158964,0.71875,0.01764459149673621
bank_marketing,seed_2,probe_depth_2,2,0.0,0.0,0.8419331759101283,1.0,0.0
bank_marketing,seed_2,probe_depth_2,2,0.25,0.21048329397753207,0.8419331759101283,1.0,0.0
bank_marketing,seed_2,probe_depth_2,2,0.49,0.41254725619596283,0.8419331759101283,1.0,0.0
bank_marketing,seed_2,probe_depth_2,2,0.5,0.42096658795506414,0.8419331759101283,1.0,0.0
bank_marketing,seed_2,probe_depth_2,2,0.75,0.6314498819325962,0.8419331759101283,0.9375,0.002203729003507985
bank_marketing,seed_2,probe_depth_2,2,1.0,0.8419331759101283,0.8419331759101283,0.8984375,0.0035810596307004755
bank_marketing,seed_2,probe_depth_2,2,1.5,1.2628997638651924,0.8419331759101283,0.78125,0.007713051512277947
bank_marketing,seed_2,probe_depth_2,2,2.0,1.6838663518202566,0.8419331759101283,0.6640625,0.01184504339385542
bank_marketing,seed_2,probe_depth_2,2,0.0,0.0,6.770268229781266,1.0,0.0
bank_marketing,seed_2,probe_depth_2,2,0.25,1.6925670574453164,6.770268229781266,1.0,0.0
bank_marketing,seed_2,probe_depth_2,2,0.49,3.3174314325928203,6.770268229781266,1.0,0.0
bank_marketing,seed_2,probe_depth_2,2,0.5,3.385134114890633,6.770268229781266,1.0,0.0
bank_marketing,seed_2,probe_depth_2,2,0.75,5.077701172335949,6.770268229781266,0.828125,0.1589918933736727
bank_marketing,seed_2,probe_depth_2,2,1.0,6.770268229781266,6.770268229781266,0.640625,0.348362040663308
bank_marketing,seed_2,probe_depth_2,2,1.5,10.155402344671899,6.770268229781266,0.4453125,0.5339685656221228
bank_marketing,seed_2,probe_depth_2,2,2.0,13.540536459562531,6.770268229781266,0.375,0.6171921339342619
bank_marketing,seed_2,probe_depth_0,0,0.0,0.0,11.761157900735839,1.0,0.0
bank_marketing,seed_2,probe_depth_0,0,0.25,2.9402894751839597,11.761157900735839,1.0,0.0
bank_marketing,seed_2,probe_depth_0,0,0.49,5.762967371360561,11.761157900735839,1.0,0.0
bank_marketing,seed_2,probe_depth_0,0,0.5,5.880578950367919,11.761157900735839,1.0,0.0
bank_marketing,seed_2,probe_depth_0,0,0.75,8.820868425551879,11.761157900735839,0.9453125,0.0011415559035235416
bank_marketing,seed_2,probe_depth_0,0,1.0,11.761157900735839,11.761157900735839,0.8046875,0.004076985369726935
bank_marketing,seed_2,probe_depth_0,0,1.5,17.641736851103758,11.761157900735839,0.703125,0.0064417434904580255
bank_marketing,seed_2,probe_depth_0,0,2.0,23.522315801471677,11.761157900735839,0.7578125,0.006078529654931039
bank_marketing,seed_2,probe_depth_1,1,0.0,0.0,12.531669538722554,1.0,0.0
bank_marketing,seed_2,probe_depth_1,1,0.25,3.1329173846806384,12.531669538722554,1.0,0.0
bank_marketing,seed_2,probe_depth_1,1,0.49,6.140518073974051,12.531669538722554,1.0,0.0
bank_marketing,seed_2,probe_depth_1,1,0.5,6.265834769361277,12.531669538722554,1.0,0.0
bank_marketing,seed_2,probe_depth_1,1,0.75,9.398752154041915,12.531669538722554,0.859375,0.013889741711014154
bank_marketing,seed_2,probe_depth_1,1,1.0,12.531669538722554,12.531669538722554,0.8046875,0.019208443270249755
bank_marketing,seed_2,probe_depth_1,1,1.5,18.79750430808383,12.531669538722554,0.5546875,0.04403390088190676
bank_marketing,seed_2,probe_depth_1,1,2.0,25.063339077445107,12.531669538722554,0.5234375,0.04862251883443323
bank_marketing,seed_2,probe_depth_2,2,0.0,0.0,15.271933867585972,1.0,0.0
bank_marketing,seed_2,probe_depth_2,2,0.25,3.817983466896493,15.271933867585972,1.0,0.0
bank_marketing,seed_2,probe_depth_2,2,0.49,7.483247595117126,15.271933867585972,1.0,0.0
bank_marketing,seed_2,probe_depth_2,2,0.5,7.635966933792986,15.271933867585972,1.0,0.0
bank_marketing,seed_2,probe_depth_2,2,0.75,11.453950400689479,15.271933867585972,0.921875,0.026221649557951976
bank_marketing,seed_2,probe_depth_2,2,1.0,15.271933867585972,15.271933867585972,0.7734375,0.09034282512888038
bank_marketing,seed_2,probe_depth_2,2,1.5,22.907900801378958,15.271933867585972,0.6796875,0.1438834525235408
bank_marketing,seed_2,probe_depth_2,2,2.0,30.543867735171943,15.271933867585972,0.4453125,0.27369226555057347
bank_marketing,seed_2,probe_depth_2,2,0.0,0.0,65.76075390030329,1.0,0.0
bank_marketing,seed_2,probe_depth_2,2,0.25,16.44018847507582,65.76075390030329,1.0,0.0
bank_marketing,seed_2,probe_depth_2,2,0.49,32.22276941114861,65.76075390030329,1.0,0.0
bank_marketing,seed_2,probe_depth_2,2,0.5,32.88037695015164,65.76075390030329,1.0,0.0
bank_marketing,seed_2,probe_depth_2,2,0.75,49.320565425227464,65.76075390030329,0.9140625,0.03657611318654126
bank_marketing,seed_2,probe_depth_2,2,1.0,65.76075390030329,65.76075390030329,0.6484375,0.15828723994483512
bank_marketing,seed_2,probe_depth_2,2,1.5,98.64113085045493,65.76075390030329,0.5,0.23778745686415967
bank_marketing,seed_2,probe_depth_2,2,2.0,131.52150780060657,65.76075390030329,0.390625,0.2947522919506802
bank_marketing,seed_2,probe_depth_1,1,0.0,0.0,1.951961265609441,1.0,0.0
bank_marketing,seed_2,probe_depth_1,1,0.25,0.48799031640236024,1.951961265609441,1.0,0.0
bank_marketing,seed_2,probe_depth_1,1,0.49,0.956461020148626,1.951961265609441,1.0,0.0
bank_marketing,seed_2,probe_depth_1,1,0.5,0.9759806328047205,1.951961265609441,1.0,0.0
bank_marketing,seed_2,probe_depth_1,1,0.75,1.4639709492070807,1.951961265609441,0.9296875,0.0020141707514131856
bank_marketing,seed_2,probe_depth_1,1,1.0,1.951961265609441,1.951961265609441,0.90625,0.0026855610018842475
bank_marketing,seed_2,probe_depth_1,1,1.5,2.9279418984141614,1.951961265609441,0.8203125,0.005147325253611475
bank_marketing,seed_2,probe_depth_1,1,2.0,3.903922531218882,1.951961265609441,0.7421875,0.007385292755181681
bank_marketing,seed_2,probe_depth_2,2,0.0,0.0,18.459859826536217,1.0,0.0
bank_marketing,seed_2,probe_depth_2,2,0.25,4.614964956634054,18.459859826536217,1.0,0.0
bank_marketing,seed_2,probe_depth_2,2,0.49,9.045331315002747,18.459859826536217,1.0,0.0
bank_marketing,seed_2,probe_depth_2,2,0.5,9.229929913268109,18.459859826536217,1.0,0.0
bank_marketing,seed_2,probe_depth_2,2,0.75,13.844894869902163,18.459859826536217,0.921875,0.027535776485428744
bank_marketing,seed_2,probe_depth_2,2,1.0,18.459859826536217,18.459859826536217,0.671875,0.13388866925386306
bank_marketing,seed_2,probe_depth_2,2,1.5,27.689789739804326,18.459859826536217,0.5546875,0.19119305021422373
bank_marketing,seed_2,probe_depth_2,2,2.0,36.919719653072434,18.459859826536217,0.453125,0.23435416769526565
bank_marketing,seed_2,probe_depth_2,2,0.0,0.0,1.0484599845066782,1.0,0.0
bank_marketing,seed_2,probe_depth_2,2,0.25,0.26211499612666955,1.0484599845066782,1.0,0.0
bank_marketing,seed_2,probe_depth_2,2,0.49,0.5137453924082723,1.0484599845066782,1.0,0.0
bank_marketing,seed_2,probe_depth_2,2,0.5,0.5242299922533391,1.0484599845066782,1.0,0.0
bank_marketing,seed_2,probe_depth_2,2,0.75,0.7863449883800087,1.0484599845066782,0.953125,0.006349795253641892
bank_marketing,seed_2,probe_depth_2,2,1.0,1.0484599845066782,1.0484599845066782,0.8359375,0.022224283387746624
bank_marketing,seed_2,probe_depth_2,2,1.5,1.5726899767600173,1.0484599845066782,0.78125,0.02963237785032883
bank_marketing,seed_2,probe_depth_2,2,2.0,2.0969199690133564,1.0484599845066782,0.734375,0.04259108999047288
bank_marketing,seed_2,probe_depth_0,0,0.0,0.0,2.8745243153079514,1.0,0.0
bank_marketing,seed_2,probe_depth_0,0,0.25,0.7186310788269878,2.8745243153079514,1.0,0.0
bank_marketing,seed_2,probe_depth_0,0,0.49,1.4085169145008962,2.8745243153079514,1.0,0.0
bank_marketing,seed_2,probe_depth_0,0,0.5,1.4372621576539757,2.8745243153079514,1.0,0.0
bank_marketing,seed_2,probe_depth_0,0,0.75,2.1558932364809635,2.8745243153079514,0.953125,0.0004992089731468614
bank_marketing,seed_2,probe_depth_0,0,1.0,2.8745243153079514,2.8745243153079514,0.890625,0.0011648209373426766
bank_marketing,seed_2,probe_depth_0,0,1.5,4.311786472961927,2.8745243153079514,0.859375,0.0014976269194405842
bank_marketing,seed_2,probe_depth_0,0,2.0,5.749048630615903,2.8745243153079514,0.671875,0.0034944628120280297
bank_marketing,seed_2,probe_depth_1,1,0.0,0.0,15.494153013315895,1.0,0.0
bank_marketing,seed_2,probe_depth_1,1,0.25,3.8735382533289737,15.494153013315895,1.0,0.0
bank_marketing,seed_2,probe_depth_1,1,0.49,7.592134976524789,15.494153013315895,1.0,0.0
bank_marketing,seed_2,probe_depth_1,1,0.5,7.7470765066579474,15.494153013315895,1.0,0.0
bank_marketing,seed_2,probe_depth_1,1,0.75,11.620614759986921,15.494153013315895,0.7578125,0.11609623105914728
bank_marketing,seed_2,probe_depth_1,1,1.0,15.494153013315895,15.494153013315895,0.6171875,0.1870710387389474
bank_marketing,seed_2,probe_depth_1,1,1.5,23.241229519973842,15.494153013315895,0.46875,0.2669536509029827
bank_marketing,seed_2,probe_depth_1,1,2.0,30.98830602663179,15.494153013315895,0.3359375,0.3423171700964802
bank_marketing,seed_2,probe_depth_2,2,0.0,0.0,0.0736970856530661,1.0,0.0
bank_marketing,seed_2,probe_depth_2,2,0.25,0.018424271413266524,0.0736970856530661,1.0,0.0
bank_marketing,seed_2,probe_depth_2,2,0.49,0.036111571970002386,0.0736970856530661,1.0,0.0
bank_marketing,seed_2,probe_depth_2,2,0.5,0.03684854282653305,0.0736970856530661,1.0,0.0
bank_marketing,seed_2,probe_depth_2,2,0.75,0.05527281423979957,0.0736970856530661,0.9453125,0.0016365443480938367
bank_marketing,seed_2,probe_depth_2,2,1.0,0.0736970856530661,0.0736970856530661,0.890625,0.0032730886961876734
bank_marketing,seed_2,probe_depth_2,2,1.5,0.11054562847959915,0.0736970856530661,0.703125,0.010144345710036199
bank_marketing,seed_2,probe_depth_2,2,2.0,0.1473941713061322,0.0736970856530661,0.6328125,0.012668556764380067
bank_marketing,seed_2,probe_depth_2,2,0.0,0.0,13.422448927714907,1.0,0.0
bank_marketing,seed_2,probe_depth_2,2,0.25,3.3556122319287267,13.422448927714907,1.0,0.0
bank_marketing,seed_2,probe_depth_2,2,0.49,6.576999974580304,13.422448927714907,1.0,0.0
bank_marketing,seed_2,probe_depth_2,2,0.5,6.711224463857453,13.422448927714907,1.0,0.0
bank_marketing,seed_2,probe_depth_2,2,0.75,10.06683669578618,13.422448927714907,0.8515625,0.056196603831902434
bank_marketing,seed_2,probe_depth_2,2,1.0,13.422448927714907,13.422448927714907,0.71875,0.11585349934550586
bank_marketing,seed_2,probe_depth_2,2,1.5,20.13367339157236,13.422448927714907,0.578125,0.17544669587197137
bank_marketing,seed_2,probe_depth_2,2,2.0,26.844897855429814,13.422448927714907,0.4921875,0.21819292354173453
bank_marketing,seed_2,probe_depth_1,1,0.0,0.0,6.416562547398627,1.0,0.0
bank_marketing,seed_2,probe_depth_1,1,0.25,1.6041406368496567,6.416562547398627,1.0,0.0
bank_marketing,seed_2,probe_depth_1,1,0.49,3.144115648225327,6.416562547398627,1.0,0.0
bank_marketing,seed_2,probe_depth_1,1,0.5,3.2082812736993134,6.416562547398627,1.0,0.0
bank_marketing,seed_2,probe_depth_1,1,0.75,4.81242191054897,6.416562547398627,0.9140625,0.0074753191455186946
bank_marketing,seed_2,probe_depth_1,1,1.0,6.416562547398627,6.416562547398627,0.8203125,0.015630212758811816
bank_marketing,seed_2,probe_depth_1,1,1.5,9.62484382109794,6.416562547398627,0.703125,0.033770668211926244
bank_marketing,seed_2,probe_depth_1,1,2.0,12.833125094797253,6.416562547398627,0.578125,0.05510009215668419
bank_marketing,seed_2,probe_depth_2,2,0.0,0.0,6.416562547398627,1.0,0.0
bank_marketing,seed_2,probe_depth_2,2,0.25,1.6041406368496567,6.416562547398627,1.0,0.0
bank_marketing,seed_2,probe_depth_2,2,0.49,3.144115648225327,6.416562547398627,1.0,0.0
bank_marketing,seed_2,probe_depth_2,2,0.5,3.2082812736993134,6.416562547398627,1.0,0.0
bank_marketing,seed_2,probe_depth_2,2,0.75,4.81242191054897,6.416562547398627,0.9453125,0.004757021274420988
bank_marketing,seed_2,probe_depth_2,2,1.0,6.416562547398627,6.416562547398627,0.875,0.010873191484390829
bank_marketing,seed_2,probe_depth_2,2,1.5,9.62484382109794,6.416562547398627,0.71875,0.03514682859830365
bank_marketing,seed_2,probe_depth_2,2,2.0,12.833125094797253,6.416562547398627,0.578125,0.05581972282045731
bank_marketing,seed_2,probe_depth_0,0,0.0,0.0,0.29161983220473076,1.0,0.0
bank_marketing,seed_2,probe_depth_0,0,0.25,0.07290495805118269,0.29161983220473076,1.0,0.0
bank_marketing,seed_2,probe_depth_0,0,0.49,0.14289371778031806,0.29161983220473076,1.0,0.0
bank_marketing,seed_2,probe_depth_0,0,0.5,0.14580991610236538,0.29161983220473076,1.0,0.0
bank_marketing,seed_2,probe_depth_0,0,0.75,0.21871487415354807,0.29161983220473076,0.9296875,0.00013965093840750205
bank_marketing,seed_2,probe_depth_0,0,1.0,0.29161983220473076,0.29161983220473076,0.859375,0.0002793018768150041
bank_marketing,seed_2,probe_depth_0,0,1.5,0.43742974830709613,0.29161983220473076,0.71875,0.0005586037536300082
bank_marketing,seed_2,probe_depth_0,0,2.0,0.5832396644094615,0.29161983220473076,0.71875,0.0005586037536300081
bank_marketing,seed_2,probe_depth_1,1,0.0,0.0,2.373120603966214,1.0,0.0
bank_marketing,seed_2,probe_depth_1,1,0.25,0.5932801509915535,2.373120603966214,1.0,0.0
bank_marketing,seed_2,probe_depth_1,1,0.49,1.1628290959434449,2.373120603966214,1.0,0.0
bank_marketing,seed_2,probe_depth_1,1,0.5,1.186560301983107,2.373120603966214,1.0,0.0
bank_marketing,seed_2,probe_depth_1,1,0.75,1.7798404529746605,2.373120603966214,0.9296875,0.013827018908411613
bank_marketing,seed_2,probe_depth_1,1,1.0,2.373120603966214,2.373120603966214,0.8046875,0.041626319145166873
bank_marketing,seed_2,probe_depth_1,1,1.5,3.559680905949321,2.373120603966214,0.5625,0.10369487879472891
bank_marketing,seed_2,probe_depth_1,1,2.0,4.746241207932428,2.373120603966214,0.4375,0.1469617779876915
bank_marketing,seed_2,probe_depth_2,2,0.0,0.0,3.1809572370912065,1.0,0.0
bank_marketing,seed_2,probe_depth_2,2,0.25,0.7952393092728016,3.1809572370912065,1.0,0.0
bank_marketing,seed_2,probe_depth_2,2,0.49,1.558669046174691,3.1809572370912065,1.0,0.0
bank_marketing,seed_2,probe_depth_2,2,0.5,1.5904786185456032,3.1809572370912065,1.0,0.0
bank_marketing,seed_2,probe_depth_2,2,0.75,2.385717927818405,3.1809572370912065,0.8515625,0.03860426182507638
bank_marketing,seed_2,probe_depth_2,2,1.0,3.1809572370912065,3.1809572370912065,0.671875,0.0912567966344431
bank_marketing,seed_2,probe_depth_2,2,1.5,4.77143585563681,3.1809572370912065,0.390625,0.1773037219885732
bank_marketing,seed_2,probe_depth_2,2,2.0,6.361914474182413,3.1809572370912065,0.34375,0.2010063357952363
breast_w,seed_0,root,0,0.0,0.0,0.00082330586373347,1.0,0.0
breast_w,seed_0,root,0,0.25,0.0002058264659333675,0.00082330586373347,1.0,0.0
breast_w,seed_0,root,0,0.49,0.0004034198732294003,0.00082330586373347,1.0,0.0
breast_w,seed_0,root,0,0.5,0.000411652931866735,0.00082330586373347,1.0,0.0
breast_w,seed_0,root,0,0.75,0.0006174793978001025,0.00082330586373347,0.9765625,1.9296231181253204e-05
breast_w,seed_0,root,0,1.0,0.00082330586373347,0.00082330586373347,0.875,0.00010291323296668375
breast_w,seed_0,root,0,1.5,0.001234958795600205,0.00082330586373347,0.8125,0.00015436984945002563
breast_w,seed_0,root,0,2.0,0.00164661172746694,0.00082330586373347,0.703125,0.0002444189282958739
breast_w,seed_1,root,0,0.0,0.0,0.04131840203069609,1.0,0.0
breast_w,seed_1,root,0,0.25,0.010329600507674022,0.04131840203069609,1.0,0.0
breast_w,seed_1,root,0,0.49,0.020246016995041083,0.04131840203069609,1.0,0.0
breast_w,seed_1,root,0,0.5,0.020659201015348044,0.04131840203069609,1.0,0.0
breast_w,seed_1,root,0,0.75,0.030988801523022066,0.04131840203069609,0.890625,0.004551263101991637
breast_w,seed_1,root,0,1.0,0.04131840203069609,0.04131840203069609,0.8125,0.007795294700581896
breast_w,seed_1,root,0,1.5,0.06197760304604413,0.04131840203069609,0.6328125,0.01702833741953101
breast_w,seed_1,root,0,2.0,0.08263680406139218,0.04131840203069609,0.6171875,0.017597971120858022
breast_w,seed_2,root,0,0.0,0.0,0.0051848448265330305,1.0,0.0
breast_w,seed_2,root,0,0.25,0.0012962112066332576,0.0051848448265330305,1.0,0.0
breast_w,seed_2,root,0,0.49,0.002540573965001185,0.0051848448265330305,1.0,0.0
breast_w,seed_2,root,0,0.5,0.0025924224132665152,0.0051848448265330305,1.0,0.0
breast_w,seed_2,root,0,0.75,0.003888633619899773,0.0051848448265330305,0.9296875,0.0003645594018656037
breast_w,seed_2,root,0,1.0,0.0051848448265330305,0.0051848448265330305,0.8671875,0.0006886122035239181
breast_w,seed_2,root,0,1.5,0.007777267239799546,0.0051848448265330305,0.71875,0.0014582376074624148
breast_w,seed_2,root,0,2.0,0.010369689653066061,0.0051848448265330305,0.8046875,0.0010126650051822325
credit_approval,seed_0,root,0,0.0,0.0,0.0794816209446369,1.0,0.0
credit_approval,seed_0,root,0,0.25,0.019870405236159225,0.0794816209446369,1.0,0.0
credit_approval,seed_0,root,0,0.49,0.03894599426287208,0.0794816209446369,1.0,0.0
credit_approval,seed_0,root,0,0.5,0.03974081047231845,0.0794816209446369,1.0,0.0
credit_approval,seed_0,root,0,0.75,0.059611215708477674,0.0794816209446369,0.8125,0.01623736892750543
credit_approval,seed_0,root,0,1.0,0.0794816209446369,0.0794816209446369,0.765625,0.020624161472525538
credit_approval,seed_0,root,0,1.5,0.11922243141695535,0.0794816209446369,0.5078125,0.045165367692673854
credit_approval,seed_0,root,0,2.0,0.1589632418892738,0.0794816209446369,0.3984375,0.05479025022539474
credit_approval,seed_1,root,0,0.0,0.0,0.028255903941130256,1.0,0.0
credit_approval,seed_1,root,0,0.25,0.007063975985282564,0.028255903941130256,1.0,0.0
credit_approval,seed_1,root,0,0.49,0.013845392931153826,0.028255903941130256,1.0,0.0
credit_approval,seed_1,root,0,0.5,0.014127951970565128,0.028255903941130256,1.0,0.0
credit_approval,seed_1,root,0,0.75,0.021191927955847692,0.028255903941130256,0.921875,0.0022074924954008012
credit_approval,seed_1,root,0,1.0,0.028255903941130256,0.028255903941130256,0.875,0.003531987992641282
credit_approval,seed_1,root,0,1.5,0.042383855911695384,0.028255903941130256,0.7265625,0.007726223733902804
credit_approval,seed_1,root,0,2.0,0.05651180788226051,0.028255903941130256,0.7578125,0.006843226735742483
credit_approval,seed_2,root,0,0.0,0.0,0.03915651225114625,1.0,0.0
credit_approval,seed_2,root,0,0.25,0.009789128062786562,0.03915651225114625,1.0,0.0
credit_approval,seed_2,root,0,0.49,0.01918669100306166,0.03915651225114625,1.0,0.0
credit_approval,seed_2,root,0,0.5,0.019578256125573124,0.03915651225114625,1.0,0.0
credit_approval,seed_2,root,0,0.75,0.029367384188359685,0.03915651225114625,0.921875,0.0031351399407713613
credit_approval,seed_2,root,0,1.0,0.03915651225114625,0.03915651225114625,0.8125,0.007950145416294407
credit_approval,seed_2,root,0,1.5,0.05873476837671937,0.03915651225114625,0.703125,0.012689113470666893
credit_approval,seed_2,root,0,2.0,0.0783130245022925,0.03915651225114625,0.546875,0.020895496069732043
credit_g,seed_0,root,0,0.0,0.0,0.9108990061762654,1.0,0.0
credit_g,seed_0,root,0,0.25,0.22772475154406635,0.9108990061762654,1.0,0.0
credit_g,seed_0,root,0,0.49,0.44634051302637,0.9108990061762654,1.0,0.0
credit_g,seed_0,root,0,0.5,0.4554495030881327,0.9108990061762654,1.0,0.0
credit_g,seed_0,root,0,0.75,0.683174254632199,0.9108990061762654,0.921875,0.0024054245141496874
credit_g,seed_0,root,0,1.0,0.9108990061762654,0.9108990061762654,0.8203125,0.005532476382544281
credit_g,seed_0,root,0,1.5,1.366348509264398,0.9108990061762654,0.703125,0.009140613153768812
credit_g,seed_0,root,0,2.0,1.8217980123525308,0.9108990061762654,0.6484375,0.010824410313673594
credit_g,seed_0,probe_depth_0,0,0.0,0.0,0.9108990061762654,1.0,0.0
credit_g,seed_0,probe_depth_0,0,0.25,0.22772475154406635,0.9108990061762654,1.0,0.0
credit_g,seed_0,probe_depth_0,0,0.49,0.44634051302637,0.9108990061762654,1.0,0.0
credit_g,seed_0,probe_depth_0,0,0.5,0.4554495030881327,0.9108990061762654,1.0,0.0
credit_g,seed_0,probe_depth_0,0,0.75,0.683174254632199,0.9108990061762654,0.9765625,0.0007216273542449063
credit_g,seed_0,probe_depth_0,0,1.0,0.9108990061762654,0.9108990061762654,0.8515625,0.004570306576884406
credit_g,seed_0,probe_depth_0,0,1.5,1.366348509264398,0.9108990061762654,0.75,0.007697358445279
credit_g,seed_0,probe_depth_0,0,2.0,1.8217980123525308,0.9108990061762654,0.75,0.007697358445279
credit_g,seed_0,probe_depth_1,1,0.0,0.0,0.46371802551118435,1.0,0.0
credit_g,seed_0,probe_depth_1,1,0.25,0.11592950637779609,0.46371802551118435,1.0,0.0
credit_g,seed_0,probe_depth_1,1,0.49,0.22722183250048034,0.46371802551118435,1.0,0.0
credit_g,seed_0,probe_depth_1,1,0.5,0.23185901275559218,0.46371802551118435,1.0,0.0
credit_g,seed_0,probe_depth_1,1,0.75,0.34778851913338826,0.46371802551118435,0.9765625,0.0011793367882077278
credit_g,seed_0,probe_depth_1,1,1.0,0.46371802551118435,0.46371802551118435,0.8828125,0.005896683941038638
credit_g,seed_0,probe_depth_1,1,1.5,0.6955770382667765,0.46371802551118435,0.765625,0.013602091397267242
credit_g,seed_0,probe_depth_1,1,2.0,0.9274360510223687,0.46371802551118435,0.625,0.02203465476290608
credit_g,seed_0,probe_depth_2,2,0.0,0.0,0.710270055507376,1.0,0.0
credit_g,seed_0,probe_depth_2,2,0.25,0.177567513876844,0.710270055507376,1.0,0.0
credit_g,seed_0,probe_depth_2,2,0.49,0.3480323271986142,0.710270055507376,1.0,0.0
credit_g,seed_0,probe_depth_2,2,0.5,0.355135027753688,0.710270055507376,1.0,0.0
credit_g,seed_0,probe_depth_2,2,0.75,0.532702541630532,0.710270055507376,0.953125,0.00298904770370571
credit_g,seed_0,probe_depth_2,2,1.0,0.710270055507376,0.710270055507376,0.890625,0.00697444464197999
credit_g,seed_0,probe_depth_2,2,1.5,1.065405083261064,0.710270055507376,0.7265625,0.017436111604949976
credit_g,seed_0,probe_depth_2,2,2.0,1.420540111014752,0.710270055507376,0.6875,0.022098442926054587
credit_g,seed_0,probe_depth_2,2,0.0,0.0,0.009433570477583864,1.0,0.0
credit_g,seed_0,probe_depth_2,2,0.25,0.002358392619395966,0.009433570477583864,1.0,0.0
credit_g,seed_0,probe_depth_2,2,0.49,0.004622449534016093,0.009433570477583864,1.0,0.0
credit_g,seed_0,probe_depth_2,2,0.5,0.004716785238791932,0.009433570477583864,1.0,0.0
credit_g,seed_0,probe_depth_2,2,0.75,0.007075177858187898,0.009433570477583864,0.9609375,0.00010699165767178214
credit_g,seed_0,probe_depth_2,2,1.0,0.009433570477583864,0.009433570477583864,0.8984375,0.00027817830994663354
credit_g,seed_0,probe_depth_2,2,1.5,0.014150355716375795,0.009433570477583864,0.8203125,0.0004921616252901978
credit_g,seed_0,probe_depth_2,2,2.0,0.018867140955167727,0.009433570477583864,0.6796875,0.0008773315929086133
credit_g,seed_0,probe_depth_1,1,0.0,0.0,1.2375212568143787,1.0,0.0
credit_g,seed_0,probe_depth_1,1,0.25,0.3093803142035947,1.2375212568143787,1.0,0.0
credit_g,seed_0,probe_depth_1,1,0.49,0.6063854158390456,1.2375212568143787,1.0,0.0
credit_g,seed_0,probe_depth_1,1,0.5,0.6187606284071894,1.2375212568143787,1.0,0.0
credit_g,seed_0,probe_depth_1,1,0.75,0.9281409426107841,1.2375212568143787,0.9375,0.014694488618925593
credit_g,seed_0,probe_depth_1,1,1.0,1.2375212568143787,1.2375212568143787,0.765625,0.06213930512012561
credit_g,seed_0,probe_depth_1,1,1.5,1.8562818852215681,1.2375212568143787,0.5859375,0.13169326833520473
credit_g,seed_0,probe_depth_1,1,2.0,2.4750425136287575,1.2375212568143787,0.5,0.15753600735480516
credit_g,seed_0,probe_depth_2,2,0.0,0.0,0.05939843824093316,1.0,0.0
credit_g,seed_0,probe_depth_2,2,0.25,0.01484960956023329,0.05939843824093316,1.0,0.0
credit_g,seed_0,probe_depth_2,2,0.49,0.029105234738057248,0.05939843824093316,1.0,0.0
credit_g,seed_0,probe_depth_2,2,0.5,0.02969921912046658,0.05939843824093316,1.0,0.0
credit_g,seed_0,probe_depth_2,2,0.75,0.04454882868069987,0.05939843824093316,0.953125,0.002454197101933824
credit_g,seed_0,probe_depth_2,2,1.0,0.05939843824093316,0.05939843824093316,0.9296875,0.003995995025920614
credit_g,seed_0,probe_depth_2,2,1.5,0.08909765736139974,0.05939843824093316,0.7734375,0.012491351405386573
credit_g,seed_0,probe_depth_2,2,2.0,0.11879687648186632,0.05939843824093316,0.6171875,0.0257071983801507
credit_g,seed_0,probe_depth_2,2,0.0,0.0,0.5219916033619905,1.0,0.0
credit_g,seed_0,probe_depth_2,2,0.25,0.13049790084049762,0.5219916033619905,1.0,0.0
credit_g,seed_0,probe_depth_2,2,0.49,0.2557758856473753,0.5219916033619905,1.0,0.0
credit_g,seed_0,probe_depth_2,2,0.5,0.26099580168099523,0.5219916033619905,1.0,0.0
credit_g,seed_0,probe_depth_2,2,0.75,0.39149370252149285,0.5219916033619905,0.9296875,0.009148452629993796
credit_g,seed_0,probe_depth_2,2,1.0,0.5219916033619905,0.5219916033619905,0.8359375,0.021346389469985523
credit_g,seed_0,probe_depth_2,2,1.5,0.7829874050429857,0.5219916033619905,0.78125,0.034835495632759846
credit_g,seed_0,probe_depth_2,2,2.0,1.043983206723981,0.5219916033619905,0.6484375,0.05841147573154745
credit_g,seed_0,probe_depth_0,0,0.0,0.0,0.6726745884904197,1.0,0.0
credit_g,seed_0,probe_depth_0,0,0.25,0.16816864712260493,0.6726745884904197,1.0,0.0
credit_g,seed_0,probe_depth_0,0,0.49,0.3296105483603057,0.6726745884904197,1.0,0.0
credit_g,seed_0,probe_depth_0,0,0.5,0.33633729424520986,0.6726745884904197,1.0,0.0
credit_g,seed_0,probe_depth_0,0,0.75,0.5045059413678148,0.6726745884904197,0.9453125,0.0014619892195443822
credit_g,seed_0,probe_depth_0,0,1.0,0.6726745884904197,0.6726745884904197,0.8984375,0.00271512283629671
credit_g,seed_0,probe_depth_0,0,1.5,1.0090118827356296,0.6726745884904197,0.7578125,0.006474523686553693
credit_g,seed_0,probe_depth_0,0,2.0,1.3453491769808394,0.6726745884904197,0.765625,0.0062656680837616385
credit_g,seed_0,probe_depth_1,1,0.0,0.0,0.6726745884904197,1.0,0.0
credit_g,seed_0,probe_depth_1,1,0.25,0.16816864712260493,0.6726745884904197,1.0,0.0
credit_g,seed_0,probe_depth_1,1,0.49,0.3296105483603057,0.6726745884904197,1.0,0.0
credit_g,seed_0,probe_depth_1,1,0.5,0.33633729424520986,0.6726745884904197,1.0,0.0
credit_g,seed_0,probe_depth_1,1,0.75,0.5045059413678148,0.6726745884904197,0.96875,0.0008354224111682184
credit_g,seed_0,probe_depth_1,1,1.0,0.6726745884904197,0.6726745884904197,0.921875,0.002088556027920546
credit_g,seed_0,probe_depth_1,1,1.5,1.0090118827356296,0.6726745884904197,0.734375,0.0071010904949298575
credit_g,seed_0,probe_depth_1,1,2.0,1.3453491769808394,0.6726745884904197,0.7421875,0.006892234892137802
credit_g,seed_0,probe_depth_2,2,0.0,0.0,0.6726745884904197,1.0,0.0
credit_g,seed_0,probe_depth_2,2,0.25,0.16816864712260493,0.6726745884904197,1.0,0.0
credit_g,seed_0,probe_depth_2,2,0.49,0.3296105483603057,0.6726745884904197,1.0,0.0
credit_g,seed_0,probe_depth_2,2,0.5,0.33633729424520986,0.6726745884904197,1.0,0.0
credit_g,seed_0,probe_depth_2,2,0.75,0.5045059413678148,0.6726745884904197,0.9453125,0.0014619892195443822
credit_g,seed_0,probe_depth_2,2,1.0,0.6726745884904197,0.6726745884904197,0.828125,0.0045948232614252005
credit_g,seed_0,probe_depth_2,2,1.5,1.0090118827356296,0.6726745884904197,0.75,0.0066833792893457485
credit_g,seed_0,probe_depth_2,2,2.0,1.3453491769808394,0.6726745884904197,0.6796875,0.008563079714474238
credit_g,seed_0,probe_depth_0,0,0.0,0.0,0.3773348765678364,1.0,0.0
credit_g,seed_0,probe_depth_0,0,0.25,0.0943337191419591,0.3773348765678364,1.0,0.0
credit_g,seed_0,probe_depth_0,0,0.49,0.18489408951823982,0.3773348765678364,1.0,0.0
credit_g,seed_0,probe_depth_0,0,0.5,0.1886674382839182,0.3773348765678364,1.0,0.0
credit_g,seed_0,probe_depth_0,0,0.75,0.2830011574258773,0.3773348765678364,0.9375,0.0016560174728512632
credit_g,seed_0,probe_depth_0,0,1.0,0.3773348765678364,0.3773348765678364,0.8828125,0.0031050327615961184
credit_g,seed_0,probe_depth_0,0,1.5,0.5660023148517546,0.3773348765678364,0.8046875,0.005175054602660198
credit_g,seed_0,probe_depth_0,0,2.0,0.7546697531356727,0.3773348765678364,0.734375,0.007038074259617869
credit_g,seed_0,probe_depth_1,1,0.0,0.0,0.40879986062616247,1.0,0.0
credit_g,seed_0,probe_depth_1,1,0.25,0.10219996515654062,0.40879986062616247,1.0,0.0
credit_g,seed_0,probe_depth_1,1,0.49,0.2003119317068196,0.40879986062616247,1.0,0.0
credit_g,seed_0,probe_depth_1,1,0.5,0.20439993031308124,0.40879986062616247,1.0,0.0
credit_g,seed_0,probe_depth_1,1,0.75,0.30659989546962185,0.40879986062616247,0.9609375,0.001900882827722827
credit_g,seed_0,probe_depth_1,1,1.0,0.40879986062616247,0.40879986062616247,0.9140625,0.004181942220990219
credit_g,seed_0,probe_depth_1,1,1.5,0.6131997909392437,0.40879986062616247,0.796875,0.0098845907041587
credit_g,seed_0,probe_depth_1,1,2.0,0.8175997212523249,0.40879986062616247,0.703125,0.014446709490693484
credit_g,seed_0,probe_depth_2,2,0.0,0.0,0.40879986062616247,1.0,0.0
credit_g,seed_0,probe_depth_2,2,0.25,0.10219996515654062,0.40879986062616247,1.0,0.0
credit_g,seed_0,probe_depth_2,2,0.49,0.2003119317068196,0.40879986062616247,1.0,0.0
credit_g,seed_0,probe_depth_2,2,0.5,0.20439993031308124,0.40879986062616247,1.0,0.0
credit_g,seed_0,probe_depth_2,2,0.75,0.30659989546962185,0.40879986062616247,0.9296875,0.003421589089901089
credit_g,seed_0,probe_depth_2,2,1.0,0.40879986062616247,0.40879986062616247,0.90625,0.004562118786534785
credit_g,seed_0,probe_depth_2,2,1.5,0.6131997909392437,0.40879986062616247,0.796875,0.0098845907041587
credit_g,seed_0,probe_depth_2,2,2.0,0.8175997212523249,0.40879986062616247,0.7421875,0.012545826662970657
credit_g,seed_0,probe_depth_1,1,0.0,0.0,1.232113819997526,1.0,0.0
credit_g,seed_0,probe_depth_1,1,0.25,0.3080284549993815,1.232113819997526,1.0,0.0
credit_g,seed_0,probe_depth_1,1,0.49,0.6037357717987877,1.232113819997526,1.0,0.0
credit_g,seed_0,probe_depth_1,1,0.5,0.616056909998763,1.232113819997526,1.0,0.0
credit_g,seed_0,probe_depth_1,1,0.75,0.9240853649981444,1.232113819997526,0.9453125,0.009202865679821384
credit_g,seed_0,probe_depth_1,1,1.0,1.232113819997526,1.232113819997526,0.8671875,0.02389235159199457
credit_g,seed_0,probe_depth_1,1,1.5,1.8481707299962888,1.232113819997526,0.7109375,0.05868477093507486
credit_g,seed_0,probe_depth_1,1,2.0,2.464227639995052,1.232113819997526,0.640625,0.07593047432786484
credit_g,seed_0,probe_depth_2,2,0.0,0.0,1.232113819997526,1.0,0.0
credit_g,seed_0,probe_depth_2,2,0.25,0.3080284549993815,1.232113819997526,1.0,0.0
credit_g,seed_0,probe_depth_2,2,0.49,0.6037357717987877,1.232113819997526,1.0,0.0
credit_g,seed_0,probe_depth_2,2,0.5,0.616056909998763,1.232113819997526,1.0,0.0
credit_g,seed_0,probe_depth_2,2,0.75,0.9240853649981444,1.232113819997526,0.9765625,0.0039440852913520215
credit_g,seed_0,probe_depth_2,2,1.0,1.232113819997526,1.232113819997526,0.8671875,0.023121084121494676
credit_g,seed_0,probe_depth_2,2,1.5,1.8481707299962888,1.232113819997526,0.703125,0.06231326844369187
credit_g,seed_0,probe_depth_2,2,2.0,2.464227639995052,1.232113819997526,0.5859375,0.09426464491440541
credit_g,seed_0,probe_depth_0,0,0.0,0.0,0.37072621741513423,1.0,0.0
credit_g,seed_0,probe_depth_0,0,0.25,0.09268155435378356,0.37072621741513423,1.0,0.0
credit_g,seed_0,probe_depth_0,0,0.49,0.18165584653341577,0.37072621741513423,1.0,0.0
credit_g,seed_0,probe_depth_0,0,0.5,0.18536310870756711,0.37072621741513423,1.0,0.0
credit_g,seed_0,probe_depth_0,0,0.75,0.27804466306135067,0.37072621741513423,0.953125,0.0022622101782046656
credit_g,seed_0,probe_depth_0,0,1.0,0.37072621741513423,0.37072621741513423,0.8828125,0.005655525445511664
credit_g,seed_0,probe_depth_0,0,1.5,0.5560893261227013,0.37072621741513423,0.7109375,0.013950296098928772
credit_g,seed_0,probe_depth_0,0,2.0,0.7414524348302685,0.37072621741513423,0.75,0.012065120950424883
credit_g,seed_0,probe_depth_1,1,0.0,0.0,0.37072621741513423,1.0,0.0
credit_g,seed_0,probe_depth_1,1,0.25,0.09268155435378356,0.37072621741513423,1.0,0.0
credit_g,seed_0,probe_depth_1,1,0.49,0.18165584653341577,0.37072621741513423,1.0,0.0
credit_g,seed_0,probe_depth_1,1,0.5,0.18536310870756711,0.37072621741513423,1.0,0.0
credit_g,seed_0,probe_depth_1,1,0.75,0.27804466306135067,0.37072621741513423,0.9453125,0.002639245207905443
credit_g,seed_0,probe_depth_1,1,1.0,0.37072621741513423,0.37072621741513423,0.859375,0.006786630534613996
credit_g,seed_0,probe_depth_1,1,1.5,0.5560893261227013,0.37072621741513423,0.7578125,0.011688085920724105
credit_g,seed_0,probe_depth_1,1,2.0,0.7414524348302685,0.37072621741513423,0.6875,0.015081401188031104
credit_g,seed_0,probe_depth_2,2,0.0,0.0,0.01085430698154699,1.0,0.0
credit_g,seed_0,probe_depth_2,2,0.25,0.0027135767453867476,0.01085430698154699,1.0,0.0
credit_g,seed_0,probe_depth_2,2,0.49,0.005318610420958025,0.01085430698154699,1.0,0.0
credit_g,seed_0,probe_depth_2,2,0.5,0.005427153490773495,0.01085430698154699,1.0,0.0
credit_g,seed_0,probe_depth_2,2,0.75,0.008140730236160243,0.01085430698154699,0.921875,0.00047866264673769246
credit_g,seed_0,probe_depth_2,2,1.0,0.01085430698154699,0.01085430698154699,0.8828125,0.0007179939701065387
credit_g,seed_0,probe_depth_2,2,1.5,0.016281460472320486,0.01085430698154699,0.7734375,0.001576832415680756
credit_g,seed_0,probe_depth_2,2,2.0,0.02170861396309398,0.01085430698154699,0.671875,0.0025136117566755024
credit_g,seed_0,probe_depth_2,2,0.0,0.0,0.11739818167328941,1.0,0.0
credit_g,seed_0,probe_depth_2,2,0.25,0.029349545418322354,0.11739818167328941,1.0,0.0
credit_g,seed_0,probe_depth_2,2,0.49,0.05752510901991181,0.11739818167328941,1.0,0.0
credit_g,seed_0,probe_depth_2,2,0.5,0.05869909083664471,0.11739818167328941,1.0,0.0
credit_g,seed_0,probe_depth_2,2,0.75,0.08804863625496706,0.11739818167328941,0.9296875,0.0012042245063793914
credit_g,seed_0,probe_depth_2,2,1.0,0.11739818167328941,0.11739818167328941,0.859375,0.0024084490127587828
credit_g,seed_0,probe_depth_2,2,1.5,0.17609727250993412,0.11739818167328941,0.8359375,0.002809857181551913
credit_g,seed_0,probe_depth_2,2,2.0,0.23479636334657883,0.11739818167328941,0.7265625,0.004683095302586522
credit_g,seed_1,root,0,0.0,0.0,0.9108990061762654,1.0,0.0
credit_g,seed_1,root,0,0.25,0.22772475154406635,0.9108990061762654,1.0,0.0
credit_g,seed_1,root,0,0.49,0.44634051302637,0.9108990061762654,1.0,0.0
credit_g,seed_1,root,0,0.5,0.4554495030881327,0.9108990061762654,1.0,0.0
credit_g,seed_1,root,0,0.75,0.683174254632199,0.9108990061762654,0.96875,0.000962169805659875
credit_g,seed_1,root,0,1.0,0.9108990061762654,0.9108990061762654,0.8828125,0.0036081367712245314
credit_g,seed_1,root,0,1.5,1.366348509264398,0.9108990061762654,0.75,0.007697358445279001
credit_g,seed_1,root,0,2.0,1.8217980123525308,0.9108990061762654,0.71875,0.008659528250938875
credit_g,seed_1,probe_depth_0,0,0.0,0.0,0.9108990061762654,1.0,0.0
credit_g,seed_1,probe_depth_0,0,0.25,0.22772475154406635,0.9108990061762654,1.0,0.0
credit_g,seed_1,probe_depth_0,0,0.49,0.44634051302637,0.9108990061762654,1.0,0.0
credit_g,seed_1,probe_depth_0,0,0.5,0.4554495030881327,0.9108990061762654,1.0,0.0
credit_g,seed_1,probe_depth_0,0,0.75,0.683174254632199,0.9108990061762654,0.953125,0.0014432547084898125
credit_g,seed_1,probe_depth_0,0,1.0,0.9108990061762654,0.9108990061762654,0.8828125,0.0036081367712245314
credit_g,seed_1,probe_depth_0,0,1.5,1.366348509264398,0.9108990061762654,0.8125,0.00577301883395925
credit_g,seed_1,probe_depth_0,0,2.0,1.8217980123525308,0.9108990061762654,0.6953125,0.00938115560518378
credit_g,seed_1,probe_depth_1,1,0.0,0.0,2.104868237602318,1.0,0.0
credit_g,seed_1,probe_depth_1,1,0.25,0.5262170594005795,2.104868237602318,1.0,0.0
credit_g,seed_1,probe_depth_1,1,0.49,1.0313854364251358,2.104868237602318,1.0,0.0
credit_g,seed_1,probe_depth_1,1,0.5,1.052434118801159,2.104868237602318,1.0,0.0
credit_g,seed_1,probe_depth_1,1,0.75,1.5786511782017385,2.104868237602318,0.9453125,0.00414564415024556
credit_g,seed_1,probe_depth_1,1,1.0,2.104868237602318,2.104868237602318,0.84375,0.011844697572130171
credit_g,seed_1,probe_depth_1,1,1.5,3.157302356403477,2.104868237602318,0.8046875,0.014805871965162715
credit_g,seed_1,probe_depth_1,1,2.0,4.209736475204636,2.104868237602318,0.671875,0.024873864901473357
credit_g,seed_1,probe_depth_2,2,0.0,0.0,0.5176829715743647,1.0,0.0
credit_g,seed_1,probe_depth_2,2,0.25,0.12942074289359118,0.5176829715743647,1.0,0.0
credit_g,seed_1,probe_depth_2,2,0.49,0.25366465607143873,0.5176829715743647,1.0,0.0
credit_g,seed_1,probe_depth_2,2,0.5,0.25884148578718236,0.5176829715743647,1.0,0.0
credit_g,seed_1,probe_depth_2,2,0.75,0.38826222868077354,0.5176829715743647,0.9296875,0.002436095153429587
credit_g,seed_1,probe_depth_2,2,1.0,0.5176829715743647,0.5176829715743647,0.875,0.0043308358283192655
credit_g,seed_1,probe_depth_2,2,1.5,0.7765244573615471,0.5176829715743647,0.765625,0.008120317178098623
credit_g,seed_1,probe_depth_2,2,2.0,1.0353659431487294,0.5176829715743647,0.7890625,0.0073082854602887605
credit_g,seed_1,probe_depth_2,2,0.0,0.0,1.5980029332190853,1.0,0.0
credit_g,seed_1,probe_depth_2,2,0.25,0.3995007333047713,1.5980029332190853,1.0,0.0
credit_g,seed_1,probe_depth_2,2,0.49,0.7830214372773517,1.5980029332190853,1.0,0.0
credit_g,seed_1,probe_depth_2,2,0.5,0.7990014666095426,1.5980029332190853,1.0,0.0
credit_g,seed_1,probe_depth_2,2,0.75,1.198502199914314,1.5980029332190853,0.9296875,0.015911632334130524
credit_g,seed_1,probe_depth_2,2,1.0,1.5980029332190853,1.5980029332190853,0.921875,0.01767959148236725
credit_g,seed_1,probe_depth_2,2,1.5,2.397004399828628,1.5980029332190853,0.78125,0.04950285615062829
credit_g,seed_1,probe_depth_2,2,2.0,3.1960058664381705,1.5980029332190853,0.609375,0.11472922119077655
credit_g,seed_1,probe_depth_1,1,0.0,0.0,0.5061586449709923,1.0,0.0
credit_g,seed_1,probe_depth_1,1,0.25,0.12653966124274807,0.5061586449709923,1.0,0.0
credit_g,seed_1,probe_depth_1,1,0.49,0.24801773603578622,0.5061586449709923,1.0,0.0
credit_g,seed_1,probe_depth_1,1,0.5,0.25307932248549614,0.5061586449709923,1.0,0.0
credit_g,seed_1,probe_depth_1,1,0.75,0.3796189837282442,0.5061586449709923,0.9296875,0.020275535698026863
credit_g,seed_1,probe_depth_1,1,1.0,0.5061586449709923,0.5061586449709923,0.765625,0.07124706087046989
credit_g,seed_1,probe_depth_1,1,1.5,0.7592379674564884,0.5061586449709923,0.546875,0.1537968241416489
credit_g,seed_1,probe_depth_1,1,2.0,1.0123172899419846,0.5061586449709923,0.5,0.17731322994252083
credit_g,seed_1,probe_depth_2,2,0.0,0.0,0.3319890941375174,1.0,0.0
credit_g,seed_1,probe_depth_2,2,0.25,0.08299727353437936,0.3319890941375174,1.0,0.0
credit_g,seed_1,probe_depth_2,2,0.49,0.16267465612738355,0.3319890941375174,1.0,0.0
credit_g,seed_1,probe_depth_2,2,0.5,0.1659945470687587,0.3319890941375174,1.0,0.0
credit_g,seed_1,probe_depth_2,2,0.75,0.24899182060313807,0.3319890941375174,0.9296875,0.012694007139063691
credit_g,seed_1,probe_depth_2,2,1.0,0.3319890941375174,0.3319890941375174,0.7109375,0.05256954839528707
credit_g,seed_1,probe_depth_2,2,1.5,0.49798364120627614,0.3319890941375174,0.65625,0.07622417593630076
credit_g,seed_1,probe_depth_2,2,2.0,0.6639781882750349,0.3319890941375174,0.5390625,0.10521011719404545
credit_g,seed_1,probe_depth_0,0,0.0,0.0,0.8235019393292404,1.0,0.0
credit_g,seed_1,probe_depth_0,0,0.25,0.2058754848323101,0.8235019393292404,1.0,0.0
credit_g,seed_1,probe_depth_0,0,0.49,0.4035159502713278,0.8235019393292404,1.0,0.0
credit_g,seed_1,probe_depth_0,0,0.5,0.4117509696646202,0.8235019393292404,1.0,0.0
credit_g,seed_1,probe_depth_0,0,0.75,0.6176264544969303,0.8235019393292404,0.9375,0.001812568249882281
credit_g,seed_1,probe_depth_0,0,1.0,0.8235019393292404,0.8235019393292404,0.8671875,0.0038517075309998467
credit_g,seed_1,probe_depth_0,0,1.5,1.2352529089938606,0.8235019393292404,0.7109375,0.00838312815570555
credit_g,seed_1,probe_depth_0,0,2.0,1.6470038786584809,0.8235019393292404,0.703125,0.008609699186940835
credit_g,seed_1,probe_depth_1,1,0.0,0.0,0.4101994364506467,1.0,0.0
credit_g,seed_1,probe_depth_1,1,0.25,0.10254985911266168,0.4101994364506467,1.0,0.0
credit_g,seed_1,probe_depth_1,1,0.49,0.20099772386081688,0.4101994364506467,1.0,0.0
credit_g,seed_1,probe_depth_1,1,0.5,0.20509971822532336,0.4101994364506467,1.0,0.0
credit_g,seed_1,probe_depth_1,1,0.75,0.30764957733798504,0.4101994364506467,0.90625,0.005245619746747343
credit_g,seed_1,probe_depth_1,1,1.0,0.4101994364506467,0.4101994364506467,0.875,0.00699415966232979
credit_g,seed_1,probe_depth_1,1,1.5,0.6152991546759701,0.4101994364506467,0.765625,0.014096136673319933
credit_g,seed_1,probe_depth_1,1,2.0,0.8203988729012934,0.4101994364506467,0.640625,0.02304308990716943
credit_g,seed_1,probe_depth_2,2,0.0,0.0,0.6101160718785223,1.0,0.0
credit_g,seed_1,probe_depth_2,2,0.25,0.1525290179696306,0.6101160718785223,1.0,0.0
credit_g,seed_1,probe_depth_2,2,0.49,0.2989568752204759,0.6101160718785223,1.0,0.0
credit_g,seed_1,probe_depth_2,2,0.5,0.3050580359392612,0.6101160718785223,1.0,0.0
credit_g,seed_1,probe_depth_2,2,0.75,0.45758705390889176,0.6101160718785223,0.953125,0.00324098624836451
credit_g,seed_1,probe_depth_2,2,1.0,0.6101160718785223,0.6101160718785223,0.90625,0.00648197249672902
credit_g,seed_1,probe_depth_2,2,1.5,0.9151741078177835,0.6101160718785223,0.78125,0.015124602492367713
credit_g,seed_1,probe_depth_2,2,2.0,1.2202321437570447,0.6101160718785223,0.6875,0.02380959216180674
credit_g,seed_1,probe_depth_2,2,0.0,0.0,0.03133030641626089,1.0,0.0
credit_g,seed_1,probe_depth_2,2,0.25,0.007832576604065222,0.03133030641626089,1.0,0.0
credit_g,seed_1,probe_depth_2,2,0.49,0.015351850143967836,0.03133030641626089,1.0,0.0
credit_g,seed_1,probe_depth_2,2,0.5,0.015665153208130445,0.03133030641626089,1.0,0.0
credit_g,seed_1,probe_depth_2,2,0.75,0.023497729812195667,0.03133030641626089,0.921875,0.0007158513478463114
credit_g,seed_1,probe_depth_2,2,1.0,0.03133030641626089,0.03133030641626089,0.8984375,0.0009306067522002048
credit_g,seed_1,probe_depth_2,2,1.5,0.046995459624391334,0.03133030641626089,0.7734375,0.0020759689087543032
credit_g,seed_1,probe_depth_2,2,2.0,0.06266061283252178,0.03133030641626089,0.7109375,0.0026486499870313524
credit_g,seed_1,probe_depth_1,1,0.0,0.0,1.2433614375112008,1.0,0.0
credit_g,seed_1,probe_depth_1,1,0.25,0.3108403593778002,1.2433614375112008,1.0,0.0
credit_g,seed_1,probe_depth_1,1,0.49,0.6092471043804883,1.2433614375112008,1.0,0.0
credit_g,seed_1,probe_depth_1,1,0.5,0.6216807187556004,1.2433614375112008,1.0,0.0
credit_g,seed_1,probe_depth_1,1,0.75,0.9325210781334006,1.2433614375112008,0.9453125,0.01315668846431418
credit_g,seed_1,probe_depth_1,1,1.0,1.2433614375112008,1.2433614375112008,0.765625,0.06770422460273524
credit_g,seed_1,probe_depth_1,1,1.5,1.8650421562668011,1.2433614375112008,0.609375,0.12500575674615624
credit_g,seed_1,probe_depth_1,1,2.0,2.4867228750224015,1.2433614375112008,0.4609375,0.1895226923090143
credit_g,seed_1,probe_depth_2,2,0.0,0.0,0.046831208390234025,1.0,0.0
credit_g,seed_1,probe_depth_2,2,0.25,0.011707802097558506,0.046831208390234025,1.0,0.0
credit_g,seed_1,probe_depth_2,2,0.49,0.02294729211121467,0.046831208390234025,1.0,0.0
credit_g,seed_1,probe_depth_2,2,0.5,0.023415604195117012,0.046831208390234025,1.0,0.0
credit_g,seed_1,probe_depth_2,2,0.75,0.03512340629267552,0.046831208390234025,0.9140625,0.003506397632445373
credit_g,seed_1,probe_depth_2,2,1.0,0.046831208390234025,0.046831208390234025,0.8046875,0.007969085528284939
credit_g,seed_1,probe_depth_2,2,1.5,0.07024681258535104,0.046831208390234025,0.78125,0.008925375791679131
credit_g,seed_1,probe_depth_2,2,2.0,0.09366241678046805,0.046831208390234025,0.6953125,0.012431773424124506
credit_g,seed_1,probe_depth_2,2,0.0,0.0,0.48540896379135745,1.0,0.0
credit_g,seed_1,probe_depth_2,2,0.25,0.12135224094783936,0.48540896379135745,1.0,0.0
credit_g,seed_1,probe_depth_2,2,0.49,0.23785039225776514,0.48540896379135745,1.0,0.0
credit_g,seed_1,probe_depth_2,2,0.5,0.24270448189567873,0.48540896379135745,1.0,0.0
credit_g,seed_1,probe_depth_2,2,0.75,0.3640567228435181,0.48540896379135745,0.984375,0.0019110228545128327
credit_g,seed_1,probe_depth_2,2,1.0,0.48540896379135745,0.48540896379135745,0.84375,0.019110228545128324
credit_g,seed_1,probe_depth_2,2,1.5,0.7281134456870362,0.48540896379135745,0.765625,0.02866534281769249
credit_g,seed_1,probe_depth_2,2,2.0,0.9708179275827149,0.48540896379135745,0.734375,0.03828920839416816
credit_g,seed_1,probe_depth_0,0,0.0,0.0,0.26535122428566815,1.0,0.0
credit_g,seed_1,probe_depth_0,0,0.25,0.06633780607141704,0.26535122428566815,1.0,0.0
credit_g,seed_1,probe_depth_0,0,0.49,0.1300220998999774,0.26535122428566815,1.0,0.0
credit_g,seed_1,probe_depth_0,0,0.5,0.13267561214283408,0.26535122428566815,1.0,0.0
credit_g,seed_1,probe_depth_0,0,0.75,0.19901341821425111,0.26535122428566815,0.9453125,0.0009011781036241345
credit_g,seed_1,probe_depth_0,0,1.0,0.26535122428566815,0.26535122428566815,0.8046875,0.0032184932272290513
credit_g,seed_1,probe_depth_0,0,1.5,0.39802683642850223,0.26535122428566815,0.7578125,0.003990931601764024
credit_g,seed_1,probe_depth_0,0,2.0,0.5307024485713363,0.26535122428566815,0.734375,0.00437715078903151
credit_g,seed_1,probe_depth_1,1,0.0,0.0,0.26535122428566815,1.0,0.0
credit_g,seed_1,probe_depth_1,1,0.25,0.06633780607141704,0.26535122428566815,1.0,0.0
credit_g,seed_1,probe_depth_1,1,0.49,0.1300220998999774,0.26535122428566815,1.0,0.0
credit_g,seed_1,probe_depth_1,1,0.5,0.13267561214283408,0.26535122428566815,1.0,0.0
credit_g,seed_1,probe_depth_1,1,0.75,0.19901341821425111,0.26535122428566815,0.9609375,0.0006436986454458104
credit_g,seed_1,probe_depth_1,1,1.0,0.26535122428566815,0.26535122428566815,0.84375,0.0025747945817832414
credit_g,seed_1,probe_depth_1,1,1.5,0.39802683642850223,0.26535122428566815,0.7890625,0.0034759726854073757
credit_g,seed_1,probe_depth_1,1,2.0,0.5307024485713363,0.26535122428566815,0.6875,0.005149589163566483
credit_g,seed_1,probe_depth_2,2,0.0,0.0,1.141219427773125,1.0,0.0
credit_g,seed_1,probe_depth_2,2,0.25,0.2853048569432812,1.141219427773125,1.0,0.0
credit_g,seed_1,probe_depth_2,2,0.49,0.5591975196088312,1.141219427773125,1.0,0.0
credit_g,seed_1,probe_depth_2,2,0.5,0.5706097138865625,1.141219427773125,1.0,0.0
credit_g,seed_1,probe_depth_2,2,0.75,0.8559145708298437,1.141219427773125,0.9375,0.004451844915819532
credit_g,seed_1,probe_depth_2,2,1.0,1.141219427773125,1.141219427773125,0.859375,0.010016651060593948
credit_g,seed_1,probe_depth_2,2,1.5,1.7118291416596874,1.141219427773125,0.7734375,0.016137937819845804
credit_g,seed_1,probe_depth_2,2,2.0,2.28243885554625,1.141219427773125,0.703125,0.021146263350142778
credit_g,seed_1,probe_depth_0,0,0.0,0.0,0.20709694192295558,1.0,0.0
credit_g,seed_1,probe_depth_0,0,0.25,0.051774235480738895,0.20709694192295558,1.0,0.0
credit_g,seed_1,probe_depth_0,0,0.49,0.10147750154224823,0.20709694192295558,1.0,0.0
credit_g,seed_1,probe_depth_0,0,0.5,0.10354847096147779,0.20709694192295558,1.0,0.0
credit_g,seed_1,probe_depth_0,0,0.75,0.15532270644221668,0.20709694192295558,0.9453125,0.001281440447372597
credit_g,seed_1,probe_depth_0,0,1.0,0.20709694192295558,0.20709694192295558,0.859375,0.0032951325789581072
credit_g,seed_1,probe_depth_0,0,1.5,0.31064541288443337,0.20709694192295558,0.7734375,0.005308824710543617
credit_g,seed_1,probe_depth_0,0,2.0,0.41419388384591116,0.20709694192295558,0.71875,0.0065902651579162145
credit_g,seed_1,probe_depth_1,1,0.0,0.0,0.23888173076635066,1.0,0.0
credit_g,seed_1,probe_depth_1,1,0.25,0.059720432691587666,0.23888173076635066,1.0,0.0
credit_g,seed_1,probe_depth_1,1,0.49,0.11705204807551182,0.23888173076635066,1.0,0.0
credit_g,seed_1,probe_depth_1,1,0.5,0.11944086538317533,0.23888173076635066,1.0,0.0
credit_g,seed_1,probe_depth_1,1,0.75,0.179161298074763,0.23888173076635066,0.9453125,0.003635487769356874
credit_g,seed_1,probe_depth_1,1,1.0,0.23888173076635066,0.23888173076635066,0.8671875,0.008829041725580978
credit_g,seed_1,probe_depth_1,1,1.5,0.358322596149526,0.23888173076635066,0.78125,0.016715069095415196
credit_g,seed_1,probe_depth_1,1,2.0,0.47776346153270133,0.23888173076635066,0.6875,0.029040574359290312
credit_g,seed_1,probe_depth_2,2,0.0,0.0,0.23888173076635066,1.0,0.0
credit_g,seed_1,probe_depth_2,2,0.25,0.059720432691587666,0.23888173076635066,1.0,0.0
credit_g,seed_1,probe_depth_2,2,0.49,0.11705204807551182,0.23888173076635066,1.0,0.0
credit_g,seed_1,probe_depth_2,2,0.5,0.11944086538317533,0.23888173076635066,1.0,0.0
credit_g,seed_1,probe_depth_2,2,0.75,0.179161298074763,0.23888173076635066,0.953125,0.0031161323737344637
credit_g,seed_1,probe_depth_2,2,1.0,0.23888173076635066,0.23888173076635066,0.8515625,0.009867752516825801
credit_g,seed_1,probe_depth_2,2,1.5,0.358322596149526,0.23888173076635066,0.7734375,0.015785679145712474
credit_g,seed_1,probe_depth_2,2,2.0,0.47776346153270133,0.23888173076635066,0.671875,0.02543478997945408
credit_g,seed_2,root,0,0.0,0.0,0.9108990061762654,1.0,0.0
credit_g,seed_2,root,0,0.25,0.22772475154406635,0.9108990061762654,1.0,0.0
credit_g,seed_2,root,0,0.49,0.44634051302637,0.9108990061762654,1.0,0.0
credit_g,seed_2,root,0,0.5,0.4554495030881327,0.9108990061762654,1.0,0.0
credit_g,seed_2,root,0,0.75,0.683174254632199,0.9108990061762654,0.9765625,0.0007216273542449063
credit_g,seed_2,root,0,1.0,0.9108990061762654,0.9108990061762654,0.8984375,0.0031270518683945937
credit_g,seed_2,root,0,1.5,1.366348509264398,0.9108990061762654,0.765625,0.007216273542449063
credit_g,seed_2,root,0,2.0,1.8217980123525308,0.9108990061762654,0.7421875,0.007937900896693969
credit_g,seed_2,probe_depth_0,0,0.0,0.0,0.9108990061762654,1.0,0.0
credit_g,seed_2,probe_depth_0,0,0.25,0.22772475154406635,0.9108990061762654,1.0,0.0
credit_g,seed_2,probe_depth_0,0,0.49,0.44634051302637,0.9108990061762654,1.0,0.0
credit_g,seed_2,probe_depth_0,0,0.5,0.4554495030881327,0.9108990061762654,1.0,0.0
credit_g,seed_2,probe_depth_0,0,0.75,0.683174254632199,0.9108990061762654,0.96875,0.000962169805659875
credit_g,seed_2,probe_depth_0,0,1.0,0.9108990061762654,0.9108990061762654,0.8671875,0.004089221674054469
credit_g,seed_2,probe_depth_0,0,1.5,1.366348509264398,0.9108990061762654,0.7578125,0.007456815993864031
credit_g,seed_2,probe_depth_0,0,2.0,1.8217980123525308,0.9108990061762654,0.7734375,0.006975731091034094
credit_g,seed_2,probe_depth_1,1,0.0,0.0,0.46371802551118435,1.0,0.0
credit_g,seed_2,probe_depth_1,1,0.25,0.11592950637779609,0.46371802551118435,1.0,0.0
credit_g,seed_2,probe_depth_1,1,0.49,0.22722183250048034,0.46371802551118435,1.0,0.0
credit_g,seed_2,probe_depth_1,1,0.5,0.23185901275559218,0.46371802551118435,1.0,0.0
credit_g,seed_2,probe_depth_1,1,0.75,0.34778851913338826,0.46371802551118435,0.9453125,0.002751785839151365
credit_g,seed_2,probe_depth_1,1,1.0,0.46371802551118435,0.46371802551118435,0.84375,0.007862245254718184
credit_g,seed_2,probe_depth_1,1,1.5,0.6955770382667765,0.46371802551118435,0.7734375,0.01185243649813886
credit_g,seed_2,probe_depth_1,1,2.0,0.9274360510223687,0.46371802551118435,0.6328125,0.02345026601536014
credit_g,seed_2,probe_depth_2,2,0.0,0.0,0.13252911675371237,1.0,0.0
credit_g,seed_2,probe_depth_2,2,0.25,0.03313227918842809,0.13252911675371237,1.0,0.0
credit_g,seed_2,probe_depth_2,2,0.49,0.06493926720931906,0.13252911675371237,1.0,0.0
credit_g,seed_2,probe_depth_2,2,0.5,0.06626455837685619,0.13252911675371237,1.0,0.0
credit_g,seed_2,probe_depth_2,2,0.75,0.09939683756528428,0.13252911675371237,0.921875,0.0026722697853603355
credit_g,seed_2,probe_depth_2,2,1.0,0.13252911675371237,0.13252911675371237,0.90625,0.0032067237424324027
credit_g,seed_2,probe_depth_2,2,1.5,0.19879367513056856,0.13252911675371237,0.765625,0.008945402920944583
credit_g,seed_2,probe_depth_2,2,2.0,0.26505823350742475,0.13252911675371237,0.671875,0.013545017010672348
credit_g,seed_2,probe_depth_2,2,0.0,0.0,0.2504951954623671,1.0,0.0
credit_g,seed_2,probe_depth_2,2,0.25,0.06262379886559177,0.2504951954623671,1.0,0.0
credit_g,seed_2,probe_depth_2,2,0.49,0.12274264577655987,0.2504951954623671,1.0,0.0
credit_g,seed_2,probe_depth_2,2,0.5,0.12524759773118355,0.2504951954623671,1.0,0.0
credit_g,seed_2,probe_depth_2,2,0.75,0.18787139659677532,0.2504951954623671,0.9375,0.0026834107239146463
credit_g,seed_2,probe_depth_2,2,1.0,0.2504951954623671,0.2504951954623671,0.90625,0.00402511608587197
credit_g,seed_2,probe_depth_2,2,1.5,0.37574279319355064,0.2504951954623671,0.7890625,0.009056511193211932
credit_g,seed_2,probe_depth_2,2,2.0,0.5009903909247342,0.2504951954623671,0.7421875,0.011069069236147916
credit_g,seed_2,probe_depth_1,1,0.0,0.0,1.2375212568143787,1.0,0.0
credit_g,seed_2,probe_depth_1,1,0.25,0.3093803142035947,1.2375212568143787,1.0,0.0
credit_g,seed_2,probe_depth_1,1,0.49,0.6063854158390456,1.2375212568143787,1.0,0.0
credit_g,seed_2,probe_depth_1,1,0.5,0.6187606284071894,1.2375212568143787,1.0,0.0
credit_g,seed_2,probe_depth_1,1,0.75,0.9281409426107841,1.2375212568143787,0.953125,0.011020866464194194
credit_g,seed_2,probe_depth_1,1,1.0,1.2375212568143787,1.2375212568143787,0.859375,0.036727784728236686
credit_g,seed_2,probe_depth_1,1,1.5,1.8562818852215681,1.2375212568143787,0.609375,0.12033066118003652
credit_g,seed_2,probe_depth_1,1,2.0,2.4750425136287575,1.2375212568143787,0.515625,0.1668154330276506
credit_g,seed_2,probe_depth_2,2,0.0,0.0,0.6488692579430122,1.0,0.0
credit_g,seed_2,probe_depth_2,2,0.25,0.16221731448575305,0.6488692579430122,1.0,0.0
credit_g,seed_2,probe_depth_2,2,0.49,0.31794593639207597,0.6488692579430122,1.0,0.0
credit_g,seed_2,probe_depth_2,2,0.5,0.3244346289715061,0.6488692579430122,1.0,0.0
credit_g,seed_2,probe_depth_2,2,0.75,0.48665194345725915,0.6488692579430122,0.921875,0.015546023856213086
credit_g,seed_2,probe_depth_2,2,1.0,0.6488692579430122,0.6488692579430122,0.796875,0.04041966202615402
credit_g,seed_2,probe_depth_2,2,1.5,0.9733038869145183,0.6488692579430122,0.6328125,0.10373354420207694
credit_g,seed_2,probe_depth_2,2,2.0,1.2977385158860244,0.6488692579430122,0.5,0.16784565122927786
credit_g,seed_2,probe_depth_0,0,0.0,0.0,0.2588860818119798,1.0,0.0
credit_g,seed_2,probe_depth_0,0,0.25,0.06472152045299495,0.2588860818119798,1.0,0.0
credit_g,seed_2,probe_depth_0,0,0.49,0.1268541800878701,0.2588860818119798,1.0,0.0
credit_g,seed_2,probe_depth_0,0,0.5,0.1294430409059899,0.2588860818119798,1.0,0.0
credit_g,seed_2,probe_depth_0,0,0.75,0.19416456135898486,0.2588860818119798,0.9296875,0.0007145339893716348
credit_g,seed_2,probe_depth_0,0,1.0,0.2588860818119798,0.2588860818119798,0.90625,0.0009527119858288464
credit_g,seed_2,probe_depth_0,0,1.5,0.3883291227179697,0.2588860818119798,0.8359375,0.0016672459752004813
credit_g,seed_2,probe_depth_0,0,2.0,0.5177721636239596,0.2588860818119798,0.765625,0.0023817799645721163
credit_g,seed_2,probe_depth_1,1,0.0,0.0,0.2588860818119798,1.0,0.0
credit_g,seed_2,probe_depth_1,1,0.25,0.06472152045299495,0.2588860818119798,1.0,0.0
credit_g,seed_2,probe_depth_1,1,0.49,0.1268541800878701,0.2588860818119798,1.0,0.0
credit_g,seed_2,probe_depth_1,1,0.5,0.1294430409059899,0.2588860818119798,1.0,0.0
credit_g,seed_2,probe_depth_1,1,0.75,0.19416456135898486,0.2588860818119798,0.9453125,0.0005557486584001604
credit_g,seed_2,probe_depth_1,1,1.0,0.2588860818119798,0.2588860818119798,0.828125,0.0017466386406862185
credit_g,seed_2,probe_depth_1,1,1.5,0.3883291227179697,0.2588860818119798,0.8046875,0.00198481663714343
credit_g,seed_2,probe_depth_1,1,2.0,0.5177721636239596,0.2588860818119798,0.6796875,0.003255099284915225
credit_g,seed_2,probe_depth_2,2,0.0,0.0,0.8440646550550142,1.0,0.0
credit_g,seed_2,probe_depth_2,2,0.25,0.21101616376375354,0.8440646550550142,1.0,0.0
credit_g,seed_2,probe_depth_2,2,0.49,0.4135916809769569,0.8440646550550142,1.0,0.0
credit_g,seed_2,probe_depth_2,2,0.5,0.4220323275275071,0.8440646550550142,1.0,0.0
credit_g,seed_2,probe_depth_2,2,0.75,0.6330484912912606,0.8440646550550142,0.9609375,0.0019927161398638317
credit_g,seed_2,probe_depth_2,2,1.0,0.8440646550550142,0.8440646550550142,0.875,0.006376691647564261
credit_g,seed_2,probe_depth_2,2,1.5,1.2660969825825212,0.8440646550550142,0.7734375,0.011557753611210225
credit_g,seed_2,probe_depth_2,2,2.0,1.6881293101100283,0.8440646550550142,0.7734375,0.011557753611210225
credit_g,seed_2,probe_depth_2,2,0.0,0.0,1.3185217110169205,1.0,0.0
credit_g,seed_2,probe_depth_2,2,0.25,0.3296304277542301,1.3185217110169205,1.0,0.0
credit_g,seed_2,probe_depth_2,2,0.49,0.6460756383982911,1.3185217110169205,1.0,0.0
credit_g,seed_2,probe_depth_2,2,0.5,0.6592608555084603,1.3185217110169205,1.0,0.0
credit_g,seed_2,probe_depth_2,2,0.75,0.9888912832626904,1.3185217110169205,0.953125,0.006618525997171292
credit_g,seed_2,probe_depth_2,2,1.0,1.3185217110169205,1.3185217110169205,0.8828125,0.018427745323866724
credit_g,seed_2,probe_depth_2,2,1.5,1.9777825665253808,1.3185217110169205,0.671875,0.055886559976317
credit_g,seed_2,probe_depth_2,2,2.0,2.637043422033841,1.3185217110169205,0.5859375,0.07428489922143997
credit_g,seed_2,probe_depth_0,0,0.0,0.0,0.18983769767615044,1.0,0.0
credit_g,seed_2,probe_depth_0,0,0.25,0.04745942441903761,0.18983769767615044,1.0,0.0
credit_g,seed_2,probe_depth_0,0,0.49,0.09302047186131371,0.18983769767615044,1.0,0.0
credit_g,seed_2,probe_depth_0,0,0.5,0.09491884883807522,0.18983769767615044,1.0,0.0
credit_g,seed_2,probe_depth_0,0,0.75,0.14237827325711283,0.18983769767615044,0.9140625,0.001112050203353692
credit_g,seed_2,probe_depth_0,0,1.0,0.18983769767615044,0.18983769767615044,0.8828125,0.0015164320954823077
credit_g,seed_2,probe_depth_0,0,1.5,0.28475654651422566,0.18983769767615044,0.8203125,0.002325195879739538
credit_g,seed_2,probe_depth_0,0,2.0,0.3796753953523009,0.18983769767615044,0.703125,0.003841627975221846
credit_g,seed_2,probe_depth_1,1,0.0,0.0,0.18983769767615044,1.0,0.0
credit_g,seed_2,probe_depth_1,1,0.25,0.04745942441903761,0.18983769767615044,1.0,0.0
credit_g,seed_2,probe_depth_1,1,0.49,0.09302047186131371,0.18983769767615044,1.0,0.0
credit_g,seed_2,probe_depth_1,1,0.5,0.09491884883807522,0.18983769767615044,1.0,0.0
credit_g,seed_2,probe_depth_1,1,0.75,0.14237827325711283,0.18983769767615044,0.9296875,0.0009098592572893844
credit_g,seed_2,probe_depth_1,1,1.0,0.18983769767615044,0.18983769767615044,0.8984375,0.0013142411494179997
credit_g,seed_2,probe_depth_1,1,1.5,0.28475654651422566,0.18983769767615044,0.7734375,0.0029317687179324613
credit_g,seed_2,probe_depth_1,1,2.0,0.3796753953523009,0.18983769767615044,0.7421875,0.0033361506100610767
credit_g,seed_2,probe_depth_2,2,0.0,0.0,0.6746832175668196,1.0,0.0
credit_g,seed_2,probe_depth_2,2,0.25,0.1686708043917049,0.6746832175668196,1.0,0.0
credit_g,seed_2,probe_depth_2,2,0.49,0.3305947766077416,0.6746832175668196,1.0,0.0
credit_g,seed_2,probe_depth_2,2,0.5,0.3373416087834098,0.6746832175668196,1.0,0.0
credit_g,seed_2,probe_depth_2,2,0.75,0.5060124131751147,0.6746832175668196,0.9140625,0.00441193795892735
credit_g,seed_2,probe_depth_2,2,1.0,0.6746832175668196,0.6746832175668196,0.90625,0.004813023227920746
credit_g,seed_2,probe_depth_2,2,1.5,1.0120248263502294,0.6746832175668196,0.7578125,0.01243364333879526
credit_g,seed_2,probe_depth_2,2,2.0,1.3493664351336392,0.6746832175668196,0.7890625,0.010829302262821678
credit_g,seed_2,probe_depth_2,2,0.0,0.0,0.3476005861044271,1.0,0.0
credit_g,seed_2,probe_depth_2,2,0.25,0.08690014652610678,0.3476005861044271,1.0,0.0
credit_g,seed_2,probe_depth_2,2,0.49,0.1703242871911693,0.3476005861044271,1.0,0.0
credit_g,seed_2,probe_depth_2,2,0.5,0.17380029305221356,0.3476005861044271,1.0,0.0
credit_g,seed_2,probe_depth_2,2,0.75,0.26070043957832034,0.3476005861044271,0.8984375,0.019998091915472582
credit_g,seed_2,probe_depth_2,2,1.0,0.3476005861044271,0.3476005861044271,0.8359375,0.03371625897838174
credit_g,seed_2,probe_depth_2,2,1.5,0.5214008791566407,0.3476005861044271,0.609375,0.09043195886284203
credit_g,seed_2,probe_depth_2,2,2.0,0.6952011722088542,0.3476005861044271,0.40625,0.14990019838929722
credit_g,seed_2,probe_depth_0,0,0.0,0.0,0.20143596740313008,1.0,0.0
credit_g,seed_2,probe_depth_0,0,0.25,0.05035899185078252,0.20143596740313008,1.0,0.0
credit_g,seed_2,probe_depth_0,0,0.49,0.09870362402753374,0.20143596740313008,1.0,0.0
credit_g,seed_2,probe_depth_0,0,0.5,0.10071798370156504,0.20143596740313008,1.0,0.0
credit_g,seed_2,probe_depth_0,0,0.75,0.15107697555234756,0.20143596740313008,0.9140625,0.0021318379552997396
credit_g,seed_2,probe_depth_0,0,1.0,0.20143596740313008,0.20143596740313008,0.890625,0.002713248306745123
credit_g,seed_2,probe_depth_0,0,1.5,0.3021539511046951,0.20143596740313008,0.78125,0.005426496613490246
credit_g,seed_2,probe_depth_0,0,2.0,0.40287193480626016,0.20143596740313008,0.6640625,0.008333548370717161
credit_g,seed_2,probe_depth_1,1,0.0,0.0,0.20143596740313008,1.0,0.0
credit_g,seed_2,probe_depth_1,1,0.25,0.05035899185078252,0.20143596740313008,1.0,0.0
credit_g,seed_2,probe_depth_1,1,0.49,0.09870362402753374,0.20143596740313008,1.0,0.0
credit_g,seed_2,probe_depth_1,1,0.5,0.10071798370156504,0.20143596740313008,1.0,0.0
credit_g,seed_2,probe_depth_1,1,0.75,0.15107697555234756,0.20143596740313008,0.953125,0.001162820702890767
credit_g,seed_2,probe_depth_1,1,1.0,0.20143596740313008,0.20143596740313008,0.8671875,0.0032946586581905062
credit_g,seed_2,probe_depth_1,1,1.5,0.3021539511046951,0.20143596740313008,0.8203125,0.004457479361081273
credit_g,seed_2,probe_depth_1,1,2.0,0.40287193480626016,0.20143596740313008,0.7421875,0.006395513865899218
credit_g,seed_2,probe_depth_2,2,0.0,0.0,0.006573930386388316,1.0,0.0
credit_g,seed_2,probe_depth_2,2,0.25,0.001643482596597079,0.006573930386388316,1.0,0.0
credit_g,seed_2,probe_depth_2,2,0.49,0.0032212258893302747,0.006573930386388316,1.0,0.0
credit_g,seed_2,probe_depth_2,2,0.5,0.003286965193194158,0.006573930386388316,1.0,0.0
credit_g,seed_2,probe_depth_2,2,0.75,0.004930447789791237,0.006573930386388316,0.9375,0.00024345201703939207
credit_g,seed_2,probe_depth_2,2,1.0,0.006573930386388316,0.006573930386388316,0.875,0.00048690403407878415
credit_g,seed_2,probe_depth_2,2,1.5,0.009860895579582474,0.006573930386388316,0.765625,0.0009129450638977203
credit_g,seed_2,probe_depth_2,2,2.0,0.013147860772776632,0.006573930386388316,0.75,0.0009738080681575683
diabetes,seed_0,root,0,0.0,0.0,0.11268344972599309,1.0,0.0
diabetes,seed_0,root,0,0.25,0.028170862431498273,0.11268344972599309,1.0,0.0
diabetes,seed_0,root,0,0.49,0.05521489036573661,0.11268344972599309,1.0,0.0
diabetes,seed_0,root,0,0.5,0.056341724862996545,0.11268344972599309,1.0,0.0
diabetes,seed_0,root,0,0.75,0.08451258729449482,0.11268344972599309,0.90625,0.011197600984300855
diabetes,seed_0,root,0,1.0,0.11268344972599309,0.11268344972599309,0.8359375,0.020290834694131094
diabetes,seed_0,root,0,1.5,0.16902517458898964,0.11268344972599309,0.5078125,0.06724652963104791
diabetes,seed_0,root,0,2.0,0.22536689945198618,0.11268344972599309,0.3984375,0.09072849118963197
diabetes,seed_1,root,0,0.0,0.0,0.010626666951074393,1.0,0.0
diabetes,seed_1,root,0,0.25,0.002656666737768598,0.010626666951074393,1.0,0.0
diabetes,seed_1,root,0,0.49,0.005207066806026452,0.010626666951074393,1.0,0.0
diabetes,seed_1,root,0,0.5,0.005313333475537196,0.010626666951074393,1.0,0.0
diabetes,seed_1,root,0,0.75,0.007970000213305795,0.010626666951074393,0.9609375,0.00041510417777634347
diabetes,seed_1,root,0,1.0,0.010626666951074393,0.010626666951074393,0.828125,0.0018264583822159113
diabetes,seed_1,root,0,1.5,0.01594000042661159,0.010626666951074393,0.765625,0.002490625066658061
diabetes,seed_1,root,0,2.0,0.021253333902148785,0.010626666951074393,0.640625,0.00381895843554236
diabetes,seed_2,root,0,0.0,0.0,0.016018663496830732,1.0,0.0
diabetes,seed_2,root,0,0.25,0.004004665874207683,0.016018663496830732,1.0,0.0
diabetes,seed_2,root,0,0.49,0.007849145113447059,0.016018663496830732,1.0,0.0
diabetes,seed_2,root,0,0.5,0.008009331748415366,0.016018663496830732,1.0,0.0
diabetes,seed_2,root,0,0.75,0.012013997622623049,0.016018663496830732,0.921875,0.001251458085689901
diabetes,seed_2,root,0,1.0,0.016018663496830732,0.016018663496830732,0.8828125,0.0018771871285348514
diabetes,seed_2,root,0,1.5,0.024027995245246098,0.016018663496830732,0.7890625,0.0033789368313627325
diabetes,seed_2,root,0,2.0,0.032037326993661464,0.016018663496830732,0.7421875,0.00479541594820557
